		DELL.SPLX	DELL_C5_0.TESTCASES
			Diag: [mandatory(Dell Laptops/Notebooks, Memory), excludes(Adamo, CD_DVD +RW)]
			Diag size: 2
The size of Consistency checks: 10426
The number of Choco Solver calls: 55
The number of different: 3
The number of INconsistent: 3
The number of union: 99
The number of post constraints: 10426
The number of consistent: 52
The number of unpost constraints: 10426
The number of Consistency checks: 50

Timer for Syntactic Relevance:[thread=1]: 0.068203349
0.068203349 
Timer for solver[thread=1]: 0.008606103
3.50467E-4 1.6782E-4 1.20897E-4 1.08862E-4 1.13097E-4 1.69288E-4 1.91402E-4 1.63225E-4 1.66465E-4 2.88945E-4 1.5765E-4 1.73281E-4 1.16752E-4 9.9504E-5 1.46035E-4 1.17776E-4 1.45482E-4 1.313E-4 1.7203E-4 1.37768E-4 9.5903E-5 1.34613E-4 1.02487E-4 8.7922E-5 9.482E-5 1.38505E-4 1.13721E-4 1.8885E-4 2.11156E-4 2.1168E-4 1.99244E-4 1.24645E-4 1.3606E-4 2.55502E-4 2.82463E-4 1.63944E-4 1.64117E-4 1.22387E-4 1.15312E-4 1.61741E-4 1.3999E-4 1.14482E-4 1.53033E-4 1.57368E-4 1.58119E-4 1.67375E-4 2.42583E-4 1.4499E-4 1.16117E-4 2.01436E-4 1.27188E-4 1.24452E-4 1.28041E-4 1.6989E-4 1.17921E-4 

Timer for Syntactic Relevance:: 0.068203349
Timer for solver: 0.008606103
		DELL.SPLX	DELL_C5_0.TESTCASES
			Diag: [mandatory(Dell Laptops/Notebooks, Memory), excludes(Adamo, CD_DVD +RW)]
			Diag size: 2
The size of Consistency checks: 10426
The number of Choco Solver calls: 55
The number of different: 3
The number of INconsistent: 3
The number of union: 99
The number of post constraints: 10426
The number of consistent: 52
The number of unpost constraints: 10426
The number of Consistency checks: 50

Timer for Syntactic Relevance:[thread=1]: 0.074795006
0.074795006 
Timer for solver[thread=1]: 0.009405526
4.13026E-4 1.22862E-4 1.94002E-4 1.49488E-4 9.1688E-5 1.31786E-4 1.68449E-4 1.07816E-4 3.42482E-4 3.04459E-4 1.80685E-4 9.2081E-5 1.5164E-4 1.43208E-4 1.48333E-4 1.15971E-4 1.17986E-4 8.6797E-5 1.40702E-4 9.3312E-5 1.1457E-4 1.35236E-4 1.52078E-4 9.1827E-5 1.37988E-4 9.8797E-5 8.5975E-5 1.18137E-4 1.7991E-4 1.28658E-4 9.9319E-5 1.62559E-4 1.30174E-4 1.92811E-4 2.87151E-4 2.35238E-4 1.59741E-4 3.69189E-4 2.38091E-4 1.55189E-4 1.45434E-4 1.06137E-4 1.36036E-4 1.44395E-4 1.53341E-4 1.40344E-4 2.60077E-4 3.59647E-4 2.16259E-4 2.06986E-4 2.58765E-4 1.24483E-4 2.98952E-4 1.2181E-4 1.63449E-4 

Timer for Syntactic Relevance:: 0.074795006
Timer for solver: 0.009405526
		DELL.SPLX	DELL_C5_0.TESTCASES
			Diag: [mandatory(Dell Laptops/Notebooks, Memory), excludes(Adamo, CD_DVD +RW)]
			Diag size: 2
The size of Consistency checks: 10426
The number of Choco Solver calls: 55
The number of different: 3
The number of INconsistent: 3
The number of union: 99
The number of post constraints: 10426
The number of consistent: 52
The number of unpost constraints: 10426
The number of Consistency checks: 50

Timer for Syntactic Relevance:[thread=1]: 0.062209189
0.062209189 
Timer for solver[thread=1]: 0.007638246
2.95576E-4 8.2024E-5 2.62487E-4 1.00693E-4 9.9661E-5 1.23614E-4 9.885E-5 9.76E-5 1.81985E-4 1.14487E-4 2.46973E-4 2.90416E-4 1.25635E-4 9.7145E-5 1.39634E-4 8.8398E-5 8.5136E-5 7.9785E-5 1.4298E-4 1.44668E-4 1.21517E-4 7.777E-5 1.8174E-4 1.62604E-4 1.08616E-4 1.10352E-4 1.29613E-4 1.04792E-4 1.01304E-4 1.22254E-4 1.8312E-4 1.34223E-4 1.06843E-4 1.35812E-4 1.06235E-4 1.69237E-4 1.06445E-4 1.21153E-4 1.08477E-4 9.3061E-5 1.32979E-4 1.15816E-4 1.80861E-4 1.10103E-4 1.09534E-4 1.14077E-4 1.68273E-4 9.165E-5 4.69353E-4 1.98725E-4 1.30618E-4 1.061E-4 1.24609E-4 1.2207E-4 8.0563E-5 

Timer for Syntactic Relevance:: 0.062209189
Timer for solver: 0.007638246
		DELL.SPLX	DELL_C10_0.TESTCASES
			Diag: [mandatory(Dell Laptops/Notebooks, Hard Drive), mandatory(Dell Laptops/Notebooks, Memory), excludes(Adamo, CD_DVD +RW)]
			Diag size: 3
The size of Consistency checks: 29236
The number of Choco Solver calls: 172
The number of different: 3
The number of INconsistent: 5
The number of union: 161
The number of post constraints: 29236
The number of consistent: 167
The number of unpost constraints: 29236
The number of Consistency checks: 81

Timer for Syntactic Relevance:[thread=1]: 0.14042019
0.14042019 
Timer for solver[thread=1]: 0.024146516
2.75551E-4 1.46614E-4 1.36634E-4 1.19858E-4 1.11715E-4 1.56023E-4 1.8036E-4 1.24279E-4 1.4777E-4 1.39106E-4 1.73085E-4 9.7702E-5 1.57676E-4 1.66143E-4 1.26902E-4 9.1032E-5 1.84404E-4 2.0168E-4 2.12253E-4 1.70362E-4 7.3563E-5 2.93649E-4 1.47195E-4 1.00607E-4 1.25578E-4 1.15633E-4 1.19609E-4 1.34914E-4 3.08571E-4 9.6938E-5 7.7974E-5 8.4086E-5 8.2256E-5 6.9461E-5 1.38611E-4 8.354E-5 9.4059E-5 8.2864E-5 1.03766E-4 7.8726E-5 8.9257E-5 7.4207E-5 1.30769E-4 1.21414E-4 1.2492E-4 7.4497E-5 1.49905E-4 1.28665E-4 1.01416E-4 3.31027E-4 3.35011E-4 1.14744E-4 8.0942E-5 7.8431E-5 8.0458E-5 8.2959E-5 1.27265E-4 8.0252E-5 1.67746E-4 1.34169E-4 1.26329E-4 1.14215E-4 8.293E-5 8.1385E-5 8.9693E-5 1.29322E-4 8.8664E-5 8.0638E-5 8.6123E-5 7.7134E-5 7.1839E-5 1.55288E-4 1.05433E-4 1.39157E-4 1.8125E-4 9.5783E-5 1.50948E-4 1.37667E-4 1.03297E-4 1.93117E-4 1.51895E-4 2.62987E-4 1.71939E-4 1.17586E-4 1.0194E-4 9.9805E-5 1.00101E-4 8.7664E-5 1.16486E-4 1.55604E-4 8.7877E-5 1.33939E-4 1.39328E-4 1.26707E-4 1.15678E-4 1.31428E-4 1.47981E-4 2.16852E-4 1.06157E-4 7.7715E-5 1.29904E-4 9.6444E-5 2.33526E-4 2.04372E-4 2.06704E-4 9.4836E-5 1.36914E-4 1.4542E-4 2.15568E-4 1.10123E-4 1.04782E-4 1.4875E-4 1.39792E-4 2.47914E-4 1.20616E-4 1.11023E-4 1.3325E-4 1.06313E-4 2.53882E-4 1.05423E-4 1.1083E-4 1.3561E-4 1.07825E-4 1.69994E-4 1.23516E-4 1.04436E-4 1.28461E-4 1.22103E-4 1.4726E-4 9.0213E-5 1.71237E-4 9.1665E-5 1.71668E-4 4.71773E-4 2.79763E-4 2.02278E-4 1.5035E-4 1.07202E-4 1.38481E-4 1.54686E-4 1.15936E-4 9.4389E-5 1.17427E-4 1.21208E-4 1.3866E-4 1.57715E-4 1.4131E-4 5.67556E-4 1.788E-4 1.12088E-4 1.06359E-4 1.00413E-4 9.9186E-5 9.161E-5 1.42925E-4 1.28598E-4 1.46585E-4 1.30107E-4 1.50909E-4 1.37276E-4 1.5272E-4 1.48979E-4 1.58094E-4 1.4571E-4 1.92741E-4 1.63127E-4 1.47106E-4 1.25824E-4 2.26E-4 1.29154E-4 8.4618E-5 1.89795E-4 

Timer for Syntactic Relevance:: 0.14042019
Timer for solver: 0.024146516
		DELL.SPLX	DELL_C10_0.TESTCASES
			Diag: [mandatory(Dell Laptops/Notebooks, Hard Drive), mandatory(Dell Laptops/Notebooks, Memory), excludes(Adamo, CD_DVD +RW)]
			Diag size: 3
The size of Consistency checks: 29236
The number of Choco Solver calls: 172
The number of different: 3
The number of INconsistent: 5
The number of union: 161
The number of post constraints: 29236
The number of consistent: 167
The number of unpost constraints: 29236
The number of Consistency checks: 81

Timer for Syntactic Relevance:[thread=1]: 0.176266377
0.176266377 
Timer for solver[thread=1]: 0.026361142
3.63799E-4 8.7973E-5 1.25E-4 9.0738E-5 8.9544E-5 1.36048E-4 1.42573E-4 1.12433E-4 8.6215E-5 9.3661E-5 9.4585E-5 1.02974E-4 8.5891E-5 8.4544E-5 7.6887E-5 8.2322E-5 8.3645E-5 9.3427E-5 2.36825E-4 1.16613E-4 1.66951E-4 2.05403E-4 1.4552E-4 1.02121E-4 1.88471E-4 1.4984E-4 1.68421E-4 2.0788E-4 2.23314E-4 2.55682E-4 1.95821E-4 1.2089E-4 1.0081E-4 1.21809E-4 1.41362E-4 8.9774E-5 9.8335E-5 8.0752E-5 8.5248E-5 1.12879E-4 1.20342E-4 2.0437E-4 1.43242E-4 1.17524E-4 1.24927E-4 1.15246E-4 2.54946E-4 1.59199E-4 2.19487E-4 1.64875E-4 2.45332E-4 1.02891E-4 4.70979E-4 1.46195E-4 1.26422E-4 9.9137E-5 9.8927E-5 1.17547E-4 1.1011E-4 1.0981E-4 1.18134E-4 8.8568E-5 1.66067E-4 1.18301E-4 1.64243E-4 1.13378E-4 1.81853E-4 2.79124E-4 2.25528E-4 1.67327E-4 3.26993E-4 1.72508E-4 1.03666E-4 1.01339E-4 1.24543E-4 8.6952E-5 1.61048E-4 9.847E-5 2.57471E-4 1.5053E-4 3.48291E-4 1.0851E-4 9.3349E-5 8.7761E-5 9.8341E-5 9.8182E-5 3.63385E-4 1.75277E-4 9.7746E-5 9.1916E-5 9.0749E-5 8.9537E-5 1.08562E-4 1.38314E-4 1.78659E-4 9.3747E-5 1.24623E-4 1.18262E-4 1.48444E-4 1.17281E-4 1.8578E-4 1.39378E-4 1.61465E-4 1.92209E-4 1.58647E-4 9.4201E-5 9.2604E-5 1.1641E-4 9.9283E-5 1.47801E-4 1.93061E-4 1.04339E-4 8.9598E-5 1.28411E-4 2.16063E-4 1.08336E-4 1.13845E-4 9.4949E-5 1.25445E-4 9.6832E-5 1.23758E-4 1.1033E-4 1.45223E-4 2.12754E-4 1.14708E-4 1.58597E-4 2.22173E-4 2.6122E-4 1.87528E-4 1.3847E-4 3.24723E-4 3.28544E-4 1.82704E-4 1.04217E-4 1.67075E-4 2.27718E-4 2.97247E-4 1.68585E-4 2.29237E-4 2.7152E-4 5.35058E-4 1.58115E-4 1.62401E-4 1.27151E-4 2.27152E-4 3.87506E-4 1.38039E-4 1.13695E-4 1.40761E-4 2.53884E-4 2.59801E-4 1.36919E-4 1.41592E-4 1.1802E-4 1.05979E-4 1.02387E-4 1.23451E-4 9.8344E-5 1.00976E-4 1.65028E-4 2.27682E-4 3.3801E-4 1.06095E-4 9.148E-5 8.6239E-5 8.9578E-5 1.26776E-4 8.4665E-5 7.8875E-5 9.253E-5 9.3582E-5 1.38916E-4 

Timer for Syntactic Relevance:: 0.176266377
Timer for solver: 0.026361142
		DELL.SPLX	DELL_C10_0.TESTCASES
			Diag: [mandatory(Dell Laptops/Notebooks, Hard Drive), mandatory(Dell Laptops/Notebooks, Memory), excludes(Adamo, CD_DVD +RW)]
			Diag size: 3
The size of Consistency checks: 29236
The number of Choco Solver calls: 172
The number of different: 3
The number of INconsistent: 5
The number of union: 161
The number of post constraints: 29236
The number of consistent: 167
The number of unpost constraints: 29236
The number of Consistency checks: 81

Timer for Syntactic Relevance:[thread=1]: 0.10340426
0.10340426 
Timer for solver[thread=1]: 0.019081903
3.71583E-4 1.28853E-4 1.028E-4 7.5664E-5 1.3349E-4 1.20433E-4 9.1928E-5 7.2944E-5 6.3811E-5 8.7518E-5 9.4209E-5 8.4799E-5 8.8611E-5 9.9149E-5 9.1713E-5 5.6503E-5 9.6142E-5 8.9382E-5 9.0842E-5 9.7934E-5 4.3837E-5 8.7135E-5 8.3077E-5 9.0049E-5 8.4048E-5 8.7935E-5 8.5499E-5 8.1678E-5 7.726E-5 6.7774E-5 9.9165E-5 7.0719E-5 6.9046E-5 9.6044E-5 1.21589E-4 1.04435E-4 2.00436E-4 1.98176E-4 1.46284E-4 1.30325E-4 1.12516E-4 8.4269E-5 8.2789E-5 7.8992E-5 8.3775E-5 1.01457E-4 8.1539E-5 7.0417E-5 8.4767E-5 7.3328E-5 7.703E-5 8.4178E-5 7.3975E-5 7.4637E-5 7.262E-5 7.1329E-5 7.6502E-5 8.2622E-5 7.3086E-5 7.4039E-5 7.4685E-5 9.4792E-5 8.4545E-5 7.3066E-5 8.736E-5 8.2044E-5 8.4007E-5 9.2111E-5 1.46683E-4 1.45758E-4 1.4449E-4 9.8483E-5 1.09147E-4 1.23165E-4 1.8918E-4 1.5073E-4 1.72049E-4 2.19416E-4 2.30101E-4 1.59487E-4 1.35257E-4 2.04159E-4 1.76985E-4 2.62409E-4 1.98156E-4 1.34112E-4 9.2331E-5 9.2324E-5 8.8384E-5 8.5801E-5 8.244E-5 1.26735E-4 1.46966E-4 1.43814E-4 1.78713E-4 1.74256E-4 1.55367E-4 9.6369E-5 8.6769E-5 7.8614E-5 1.00788E-4 8.31E-5 1.44067E-4 1.08098E-4 1.26284E-4 9.8747E-5 1.79718E-4 1.69286E-4 1.01143E-4 8.5809E-5 1.34378E-4 1.16747E-4 1.35443E-4 1.25705E-4 1.64713E-4 8.4524E-5 8.1927E-5 9.3815E-5 8.6021E-5 8.995E-5 1.42078E-4 1.09011E-4 1.05801E-4 1.79631E-4 1.2327E-4 9.4097E-5 8.8226E-5 8.036E-5 9.9197E-5 9.5616E-5 1.02008E-4 9.7278E-5 1.14802E-4 8.7555E-5 8.7514E-5 9.178E-5 1.0843E-4 8.2059E-5 1.95877E-4 1.84854E-4 1.7557E-4 8.823E-5 8.053E-5 7.4435E-5 1.3404E-4 1.22748E-4 1.0105E-4 1.75125E-4 9.2555E-5 9.2223E-5 9.0784E-5 9.1581E-5 9.2425E-5 8.3589E-5 9.0109E-5 8.2537E-5 8.0976E-5 7.7491E-5 8.0405E-5 1.24186E-4 1.68227E-4 1.08294E-4 1.18621E-4 1.02279E-4 1.28533E-4 9.6819E-5 1.25626E-4 9.4024E-5 1.14099E-4 1.40849E-4 9.3254E-5 1.03036E-4 

Timer for Syntactic Relevance:: 0.10340426
Timer for solver: 0.019081903
		DELL.SPLX	DELL_C25_0.TESTCASES
			Diag: [mandatory(Dell Laptops/Notebooks, Operating System), mandatory(Dell Laptops/Notebooks, Hard Drive), mandatory(Dell Laptops/Notebooks, Memory), mandatory(Dell Laptops/Notebooks, Processor), alternative(Hard Drive, 500GB, 320GB, 250GB, 160GB, 128GB Solid State, 120GB, 80GB), excludes(Adamo, CD_DVD +RW), excludes(Studio XPS Laptops, 120GB)]
			Diag size: 7
The size of Consistency checks: 76816
The number of Choco Solver calls: 565
The number of different: 3
The number of INconsistent: 13
The number of union: 215
The number of post constraints: 76816
The number of consistent: 552
The number of unpost constraints: 76816
The number of Consistency checks: 108

Timer for Syntactic Relevance:[thread=1]: 0.240488367
0.240488367 
Timer for solver[thread=1]: 0.064941265
3.63544E-4 1.09058E-4 9.6629E-5 8.4314E-5 8.0285E-5 8.8171E-5 8.3992E-5 6.79E-5 5.3057E-5 9.1812E-5 9.6453E-5 8.859E-5 9.4123E-5 9.3611E-5 2.30196E-4 1.91021E-4 1.43883E-4 2.9131E-4 1.05394E-4 1.06516E-4 1.57399E-4 1.2694E-4 1.15766E-4 2.46947E-4 1.98475E-4 3.86432E-4 1.74515E-4 1.35179E-4 1.15622E-4 1.1035E-4 1.24356E-4 1.11116E-4 1.05139E-4 1.03752E-4 1.53945E-4 1.10356E-4 1.02124E-4 1.09997E-4 1.07824E-4 3.1281E-5 1.23008E-4 3.3842E-5 1.18025E-4 1.06501E-4 1.07107E-4 1.20823E-4 1.0522E-4 1.15207E-4 1.45024E-4 1.35957E-4 1.73804E-4 1.3994E-4 1.11065E-4 1.14555E-4 1.14442E-4 5.4585E-5 1.11228E-4 1.1453E-4 2.7421E-5 1.67192E-4 1.1831E-4 1.1509E-4 1.17803E-4 1.18968E-4 4.1881E-5 1.54973E-4 1.17721E-4 1.19543E-4 1.04013E-4 1.05652E-4 1.17802E-4 1.02041E-4 1.16035E-4 1.1788E-4 1.24464E-4 1.1214E-4 1.01818E-4 1.0191E-4 1.62292E-4 1.97813E-4 1.14362E-4 1.00106E-4 4.4361E-5 1.38083E-4 1.30167E-4 2.37554E-4 1.8905E-4 1.8501E-4 1.4181E-4 1.50595E-4 2.02902E-4 2.01138E-4 1.73433E-4 1.4254E-4 1.48212E-4 1.24806E-4 1.16834E-4 1.4395E-4 9.2576E-5 1.21418E-4 1.18266E-4 1.14942E-4 1.25008E-4 1.07458E-4 1.18992E-4 1.44846E-4 1.07136E-4 1.40782E-4 1.0703E-4 1.04752E-4 1.07544E-4 1.04703E-4 1.22985E-4 1.13775E-4 1.09583E-4 1.07531E-4 1.11008E-4 1.37481E-4 1.00884E-4 1.11788E-4 1.15643E-4 1.01045E-4 1.24959E-4 1.06006E-4 1.21517E-4 1.32633E-4 1.08821E-4 1.35875E-4 9.8394E-5 1.20866E-4 1.28565E-4 1.07241E-4 1.08069E-4 1.24702E-4 1.27528E-4 1.93473E-4 1.82778E-4 1.78812E-4 1.236E-4 1.03038E-4 1.05059E-4 1.13435E-4 1.27951E-4 1.19598E-4 1.16608E-4 1.01719E-4 1.15195E-4 1.31103E-4 1.04512E-4 1.00275E-4 1.13521E-4 1.16401E-4 1.148E-4 1.20859E-4 1.17204E-4 1.13229E-4 1.19264E-4 1.35007E-4 1.13939E-4 1.1448E-4 1.05558E-4 1.15313E-4 1.32871E-4 9.9617E-5 9.9372E-5 1.05294E-4 1.01037E-4 1.29298E-4 8.9184E-5 1.12652E-4 9.5744E-5 1.02215E-4 1.25675E-4 1.02108E-4 1.83382E-4 1.58377E-4 1.08792E-4 1.22474E-4 9.7253E-5 9.8608E-5 1.04733E-4 8.9177E-5 1.14557E-4 8.6529E-5 1.13489E-4 8.879E-5 8.6541E-5 1.12225E-4 9.0637E-5 8.2876E-5 9.2626E-5 8.4496E-5 1.08806E-4 9.356E-5 9.9755E-5 8.4915E-5 1.04249E-4 9.3453E-5 8.2832E-5 9.2416E-5 8.4915E-5 1.02275E-4 1.09744E-4 9.9109E-5 8.4744E-5 7.923E-5 9.4E-5 1.159E-4 9.7008E-5 8.5806E-5 7.4312E-5 1.02523E-4 1.10262E-4 8.019E-5 8.2987E-5 8.0117E-5 8.3913E-5 8.8604E-5 8.4729E-5 8.5239E-5 7.6892E-5 9.7496E-5 1.08245E-4 1.02629E-4 8.8396E-5 7.731E-5 1.17519E-4 1.29779E-4 9.2242E-5 1.0715E-4 9.2936E-5 9.2672E-5 1.62949E-4 1.10748E-4 1.15689E-4 1.1745E-4 1.37156E-4 1.41891E-4 9.9208E-5 9.5302E-5 1.06176E-4 1.04007E-4 9.7817E-5 1.04178E-4 8.8176E-5 9.1954E-5 1.24284E-4 1.4882E-4 9.7697E-5 1.02776E-4 1.74056E-4 1.58765E-4 1.0141E-4 9.9796E-5 9.636E-5 1.28875E-4 1.36494E-4 1.29606E-4 1.23782E-4 1.04036E-4 1.14616E-4 1.26992E-4 1.01617E-4 1.19966E-4 1.08972E-4 8.9963E-5 9.3401E-5 1.2131E-4 9.948E-5 9.9889E-5 1.18135E-4 1.46885E-4 1.46165E-4 1.07632E-4 1.11042E-4 1.2654E-4 1.00645E-4 1.18281E-4 9.6652E-5 1.00061E-4 1.28157E-4 1.4527E-4 1.25719E-4 1.10746E-4 9.3937E-5 8.7686E-5 9.448E-5 9.8245E-5 9.5871E-5 9.658E-5 1.11605E-4 9.5608E-5 1.00619E-4 1.47725E-4 1.12353E-4 8.752E-5 9.1517E-5 1.1794E-4 1.25142E-4 9.751E-5 9.8121E-5 1.18005E-4 1.27124E-4 1.67532E-4 1.4549E-4 1.45034E-4 1.39912E-4 1.30916E-4 1.02724E-4 1.02993E-4 1.03837E-4 1.01411E-4 1.02142E-4 1.01816E-4 1.4686E-4 8.7713E-5 9.5826E-5 9.3863E-5 9.019E-5 8.6639E-5 1.3603E-4 9.1423E-5 9.4179E-5 1.03251E-4 1.04564E-4 1.43453E-4 1.45506E-4 1.2749E-4 9.4825E-5 8.9718E-5 7.9825E-5 8.729E-5 1.01308E-4 9.924E-5 9.3244E-5 8.7346E-5 8.5218E-5 1.014E-4 1.01311E-4 1.0494E-4 8.9151E-5 1.06956E-4 1.09998E-4 1.06637E-4 9.0549E-5 9.6781E-5 1.14066E-4 1.27707E-4 1.30958E-4 9.5271E-5 1.36573E-4 1.07625E-4 1.00958E-4 1.69037E-4 1.36895E-4 1.53842E-4 1.40439E-4 1.16928E-4 1.15696E-4 1.90414E-4 1.02322E-4 1.01172E-4 1.01748E-4 1.20141E-4 1.11512E-4 9.671E-5 9.415E-5 1.06279E-4 9.5026E-5 9.6833E-5 8.8359E-5 1.04122E-4 1.05658E-4 1.08149E-4 9.2485E-5 7.7013E-5 1.05355E-4 9.7443E-5 9.434E-5 1.31212E-4 8.8276E-5 1.06965E-4 1.10568E-4 1.07755E-4 9.0369E-5 1.95675E-4 1.27628E-4 1.49298E-4 1.35976E-4 1.17063E-4 1.21885E-4 1.55997E-4 1.48764E-4 1.61313E-4 1.21938E-4 7.491E-5 1.04257E-4 1.47635E-4 1.16784E-4 9.9931E-5 8.6087E-5 1.41856E-4 1.33433E-4 1.3301E-4 1.09992E-4 7.4761E-5 1.17512E-4 1.22263E-4 1.07431E-4 9.8795E-5 7.4978E-5 1.03087E-4 1.08502E-4 1.23621E-4 8.6965E-5 8.4124E-5 9.9777E-5 9.0672E-5 1.03642E-4 8.1101E-5 9.8427E-5 1.09109E-4 1.20289E-4 9.5188E-5 8.3838E-5 6.9479E-5 8.8852E-5 8.3666E-5 1.01922E-4 9.124E-5 7.8954E-5 1.05538E-4 9.8792E-5 1.06777E-4 1.22977E-4 8.1205E-5 1.20185E-4 1.26354E-4 1.25073E-4 1.20049E-4 1.53807E-4 1.70163E-4 1.55813E-4 1.0773E-4 1.12407E-4 1.35514E-4 1.41041E-4 1.04996E-4 1.02876E-4 8.9882E-5 7.8681E-5 1.02282E-4 9.9219E-5 1.06488E-4 9.9589E-5 8.9921E-5 1.08969E-4 1.02402E-4 1.04884E-4 1.05498E-4 9.6E-5 1.03172E-4 1.02413E-4 1.21015E-4 1.23602E-4 1.24875E-4 1.21677E-4 1.53984E-4 1.14752E-4 1.1442E-4 9.2764E-5 1.08534E-4 1.04461E-4 1.0804E-4 9.4912E-5 1.3095E-4 1.54216E-4 1.53018E-4 1.49803E-4 1.6043E-4 1.20232E-4 1.48225E-4 1.27947E-4 1.36704E-4 1.36427E-4 1.1092E-4 1.54529E-4 1.59265E-4 1.61678E-4 9.4759E-5 8.111E-5 1.04586E-4 1.01315E-4 1.07984E-4 1.05778E-4 8.1889E-5 9.9669E-5 9.7757E-5 9.9514E-5 1.10492E-4 1.12107E-4 1.30549E-4 1.19617E-4 1.0925E-4 9.9762E-5 8.2248E-5 1.11365E-4 9.5281E-5 1.13168E-4 1.35198E-4 2.26477E-4 1.16248E-4 1.44713E-4 1.29411E-4 1.31223E-4 1.07566E-4 9.0957E-5 1.03557E-4 2.33023E-4 2.47131E-4 9.9338E-5 9.8678E-5 8.8049E-5 1.13744E-4 9.6629E-5 7.2353E-5 1.51553E-4 9.4776E-5 1.05677E-4 1.10602E-4 1.41668E-4 1.36737E-4 1.37482E-4 1.39924E-4 1.15855E-4 7.6379E-5 1.07206E-4 1.11033E-4 1.05351E-4 1.37719E-4 9.3855E-5 1.24345E-4 8.9369E-5 1.04379E-4 9.1797E-5 8.3082E-5 1.14166E-4 8.2936E-5 1.10068E-4 1.19793E-4 1.32327E-4 1.29278E-4 8.3312E-5 9.1064E-5 8.9501E-5 8.2287E-5 1.32697E-4 8.7177E-5 9.2764E-5 1.01934E-4 1.59561E-4 1.19907E-4 7.1449E-5 9.2675E-5 1.36814E-4 

Timer for Syntactic Relevance:: 0.240488367
Timer for solver: 0.064941265
		DELL.SPLX	DELL_C25_0.TESTCASES
			Diag: [mandatory(Dell Laptops/Notebooks, Operating System), mandatory(Dell Laptops/Notebooks, Hard Drive), mandatory(Dell Laptops/Notebooks, Memory), mandatory(Dell Laptops/Notebooks, Processor), alternative(Hard Drive, 500GB, 320GB, 250GB, 160GB, 128GB Solid State, 120GB, 80GB), excludes(Adamo, CD_DVD +RW), excludes(Studio XPS Laptops, 120GB)]
			Diag size: 7
The size of Consistency checks: 76816
The number of Choco Solver calls: 565
The number of different: 3
The number of INconsistent: 13
The number of union: 215
The number of post constraints: 76816
The number of consistent: 552
The number of unpost constraints: 76816
The number of Consistency checks: 108

Timer for Syntactic Relevance:[thread=1]: 0.238870982
0.238870982 
Timer for solver[thread=1]: 0.065841049
7.09631E-4 1.05605E-4 1.2579E-4 1.52463E-4 1.98222E-4 2.03246E-4 1.40086E-4 1.45618E-4 7.7073E-5 1.36554E-4 1.82642E-4 1.45496E-4 1.07335E-4 1.31351E-4 1.81338E-4 2.10307E-4 1.061E-4 1.9715E-4 9.374E-5 1.08976E-4 1.39574E-4 9.7499E-5 1.27889E-4 1.1627E-4 1.04541E-4 1.31719E-4 1.10094E-4 1.13078E-4 1.04017E-4 1.01467E-4 1.10952E-4 1.05129E-4 1.15509E-4 1.09424E-4 1.11694E-4 1.15096E-4 1.04532E-4 1.17429E-4 1.07677E-4 3.2793E-5 1.03007E-4 1.7891E-5 1.07653E-4 1.04748E-4 1.01273E-4 1.01342E-4 1.00334E-4 1.08497E-4 1.04977E-4 1.03405E-4 1.14221E-4 1.0546E-4 1.07148E-4 1.04126E-4 1.04199E-4 3.597E-5 1.06024E-4 1.03644E-4 1.921E-5 9.3993E-5 1.04928E-4 1.14165E-4 1.10885E-4 1.05046E-4 2.7007E-5 1.12128E-4 1.07524E-4 1.12867E-4 1.0754E-4 1.07079E-4 1.46594E-4 1.24048E-4 1.39225E-4 1.28604E-4 1.16191E-4 1.23031E-4 1.00298E-4 1.02137E-4 9.663E-5 9.1544E-5 8.2325E-5 8.4414E-5 5.1684E-5 1.37332E-4 1.14732E-4 1.27789E-4 1.28632E-4 1.81075E-4 1.67746E-4 1.52669E-4 1.46731E-4 1.30859E-4 1.42185E-4 1.39819E-4 1.41958E-4 1.11515E-4 1.11289E-4 1.26434E-4 8.9234E-5 1.26409E-4 1.02476E-4 1.05723E-4 1.11563E-4 8.6864E-5 1.07458E-4 9.5731E-5 1.74645E-4 1.25908E-4 9.5636E-5 9.6376E-5 8.5443E-5 1.05524E-4 1.12513E-4 1.47463E-4 1.61821E-4 1.90237E-4 1.13267E-4 2.16852E-4 1.09219E-4 1.09881E-4 1.59244E-4 1.41484E-4 1.53747E-4 1.53494E-4 1.42019E-4 1.5603E-4 1.42281E-4 2.34921E-4 1.48654E-4 2.52584E-4 5.27163E-4 2.73955E-4 1.64872E-4 1.07307E-4 1.20064E-4 1.08125E-4 1.22108E-4 1.24192E-4 1.15278E-4 1.01012E-4 1.08831E-4 1.16563E-4 1.17757E-4 1.24311E-4 1.38775E-4 1.03216E-4 1.13045E-4 1.2989E-4 1.18277E-4 9.7305E-5 1.11091E-4 1.12546E-4 1.15229E-4 1.18797E-4 1.25163E-4 1.10625E-4 1.16656E-4 1.33857E-4 1.05256E-4 1.09458E-4 9.2401E-5 1.08567E-4 1.23745E-4 9.7433E-5 1.06796E-4 1.31654E-4 1.19888E-4 1.38515E-4 1.18633E-4 1.531E-4 1.19243E-4 1.19716E-4 1.21641E-4 1.0953E-4 1.00421E-4 9.0249E-5 8.5251E-5 1.57735E-4 2.31219E-4 1.70609E-4 1.21437E-4 1.01892E-4 1.24273E-4 1.2141E-4 1.30023E-4 9.1885E-5 1.71669E-4 1.35016E-4 1.57392E-4 1.45635E-4 1.07624E-4 8.9645E-5 1.3163E-4 1.57053E-4 1.43002E-4 1.59732E-4 1.30907E-4 1.14042E-4 1.20648E-4 1.5048E-4 9.3216E-5 1.09094E-4 1.15649E-4 1.04111E-4 8.7526E-5 8.2486E-5 9.7631E-5 1.20516E-4 1.31659E-4 1.06191E-4 1.02409E-4 1.15849E-4 1.1616E-4 8.348E-5 8.7159E-5 8.4473E-5 8.8188E-5 8.995E-5 8.5658E-5 8.797E-5 1.24362E-4 1.29589E-4 1.32326E-4 1.25872E-4 9.2186E-5 9.2382E-5 1.1332E-4 1.55936E-4 1.13581E-4 1.02414E-4 8.2565E-5 1.4761E-4 1.74942E-4 1.63855E-4 1.39946E-4 1.11898E-4 1.06826E-4 1.10588E-4 8.4957E-5 8.7186E-5 9.0984E-5 9.1165E-5 9.0703E-5 8.7896E-5 9.4203E-5 9.8231E-5 1.19989E-4 1.1847E-4 9.0125E-5 8.869E-5 8.0597E-5 1.01782E-4 8.7628E-5 8.8819E-5 8.7683E-5 9.9212E-5 1.07923E-4 9.4897E-5 1.07746E-4 9.2649E-5 8.3788E-5 1.20617E-4 9.6875E-5 1.02896E-4 9.4487E-5 8.5361E-5 9.0012E-5 1.07595E-4 8.941E-5 1.05111E-4 1.69174E-4 1.74875E-4 1.54367E-4 1.17182E-4 1.01663E-4 9.7804E-5 9.7788E-5 1.12057E-4 9.0188E-5 9.0915E-5 8.9863E-5 1.1675E-4 1.21485E-4 1.04691E-4 1.12022E-4 1.58084E-4 2.1847E-4 1.85274E-4 1.11527E-4 9.4246E-5 9.6756E-5 9.1189E-5 9.3517E-5 1.31913E-4 1.04041E-4 1.0895E-4 1.11192E-4 1.1567E-4 1.04839E-4 9.0847E-5 8.2571E-5 1.35021E-4 1.14216E-4 1.24823E-4 1.05697E-4 2.06002E-4 1.84667E-4 1.25848E-4 1.21617E-4 1.02584E-4 1.61108E-4 1.4689E-4 1.41126E-4 1.10392E-4 1.57327E-4 9.9571E-5 9.0547E-5 9.4675E-5 9.3469E-5 1.02233E-4 8.5504E-5 9.1444E-5 1.11635E-4 1.0147E-4 1.02997E-4 9.6328E-5 9.9849E-5 9.9595E-5 9.4139E-5 9.4642E-5 8.5462E-5 9.502E-5 1.05041E-4 9.3344E-5 9.8222E-5 9.7882E-5 1.03726E-4 1.24479E-4 1.07148E-4 9.9946E-5 1.28691E-4 1.74533E-4 1.75402E-4 2.15289E-4 1.09285E-4 9.848E-5 1.02101E-4 9.7175E-5 9.4867E-5 8.8748E-5 8.4873E-5 1.03383E-4 1.42108E-4 1.30818E-4 1.03837E-4 8.6272E-5 1.07191E-4 9.8937E-5 9.8076E-5 1.01537E-4 8.5425E-5 8.4598E-5 9.6256E-5 1.02274E-4 9.3263E-5 8.0286E-5 8.2356E-5 8.9298E-5 8.4757E-5 8.8861E-5 7.967E-5 1.0169E-4 1.03888E-4 1.30047E-4 9.7263E-5 8.46E-5 1.09121E-4 1.48339E-4 1.58653E-4 1.44886E-4 1.16209E-4 1.3446E-4 1.44176E-4 1.57034E-4 1.41523E-4 1.296E-4 1.72385E-4 1.59139E-4 1.70409E-4 1.48833E-4 1.10707E-4 1.64168E-4 1.02428E-4 1.0935E-4 1.05306E-4 7.373E-5 1.50605E-4 1.21029E-4 1.59885E-4 1.51003E-4 8.753E-5 1.0898E-4 1.03728E-4 1.0633E-4 1.492E-4 7.5529E-5 1.23783E-4 1.3811E-4 1.60788E-4 1.3712E-4 9.8105E-5 1.12317E-4 1.03553E-4 1.58375E-4 2.70339E-4 1.16643E-4 1.51264E-4 9.1958E-5 9.6847E-5 9.2892E-5 7.9291E-5 1.57884E-4 1.5348E-4 1.08834E-4 9.8705E-5 8.8048E-5 1.01977E-4 8.7096E-5 9.0206E-5 9.9358E-5 7.6043E-5 9.5463E-5 9.6623E-5 9.3555E-5 8.9502E-5 8.3186E-5 1.05561E-4 1.53304E-4 1.41567E-4 1.50849E-4 2.47717E-4 1.04764E-4 1.16377E-4 9.3184E-5 1.00287E-4 1.0024E-4 1.35371E-4 1.18795E-4 9.9151E-5 9.7797E-5 1.2034E-4 1.04299E-4 1.14449E-4 1.06017E-4 1.25932E-4 1.43165E-4 1.04521E-4 1.08168E-4 1.06069E-4 9.5145E-5 1.03001E-4 1.04457E-4 1.01911E-4 1.07909E-4 8.7061E-5 1.21042E-4 1.33055E-4 9.965E-5 9.4876E-5 8.6248E-5 6.8945E-5 1.07655E-4 9.0106E-5 9.4705E-5 8.5912E-5 8.4522E-5 9.4254E-5 9.1412E-5 1.02281E-4 1.02192E-4 7.3857E-5 9.5885E-5 8.9691E-5 8.6426E-5 8.1573E-5 7.3041E-5 1.09852E-4 1.17721E-4 1.17065E-4 9.5786E-5 8.963E-5 1.2563E-4 1.41169E-4 1.5506E-4 1.69972E-4 1.41029E-4 1.01384E-4 9.7094E-5 9.9167E-5 9.3678E-5 7.6507E-5 1.08114E-4 1.25798E-4 1.08146E-4 1.38227E-4 7.8103E-5 1.02984E-4 9.3386E-5 1.00066E-4 1.06916E-4 7.5457E-5 1.03512E-4 8.2434E-5 9.6619E-5 8.9441E-5 6.6519E-5 9.5764E-5 9.2869E-5 9.7285E-5 1.01444E-4 1.26076E-4 1.48265E-4 1.0146E-4 1.19141E-4 1.089E-4 8.9663E-5 1.02255E-4 9.0294E-5 1.10069E-4 1.20518E-4 7.8637E-5 1.06751E-4 1.53338E-4 9.3348E-5 1.42454E-4 1.16721E-4 1.1631E-4 8.8523E-5 1.08048E-4 1.03757E-4 6.9583E-5 9.2587E-5 8.1053E-5 9.1627E-5 1.00082E-4 7.9329E-5 9.2417E-5 8.0411E-5 9.8956E-5 1.06203E-4 8.9729E-5 9.5562E-5 8.7456E-5 1.23866E-4 1.02867E-4 1.26104E-4 1.95673E-4 2.06863E-4 9.9799E-5 1.08183E-4 7.8525E-5 1.21334E-4 8.9797E-5 1.0663E-4 1.32657E-4 

Timer for Syntactic Relevance:: 0.238870982
Timer for solver: 0.065841049
		DELL.SPLX	DELL_C25_0.TESTCASES
			Diag: [mandatory(Dell Laptops/Notebooks, Operating System), mandatory(Dell Laptops/Notebooks, Hard Drive), mandatory(Dell Laptops/Notebooks, Memory), mandatory(Dell Laptops/Notebooks, Processor), alternative(Hard Drive, 500GB, 320GB, 250GB, 160GB, 128GB Solid State, 120GB, 80GB), excludes(Adamo, CD_DVD +RW), excludes(Studio XPS Laptops, 120GB)]
			Diag size: 7
The size of Consistency checks: 76816
The number of Choco Solver calls: 565
The number of different: 3
The number of INconsistent: 13
The number of union: 215
The number of post constraints: 76816
The number of consistent: 552
The number of unpost constraints: 76816
The number of Consistency checks: 108

Timer for Syntactic Relevance:[thread=1]: 0.240404524
0.240404524 
Timer for solver[thread=1]: 0.062515925
5.31698E-4 2.80184E-4 1.69551E-4 9.3439E-5 8.6966E-5 8.6435E-5 9.1175E-5 6.8214E-5 5.243E-5 7.9637E-5 1.26465E-4 1.34726E-4 1.28167E-4 8.5007E-5 1.41143E-4 7.8392E-5 9.1878E-5 1.50353E-4 5.9804E-5 1.40449E-4 2.02585E-4 1.38522E-4 6.7666E-5 1.71009E-4 1.83667E-4 1.59284E-4 1.1313E-4 1.08842E-4 1.01363E-4 9.8249E-5 1.02628E-4 9.8023E-5 1.01338E-4 9.9798E-5 1.0303E-4 1.45446E-4 1.05426E-4 1.03315E-4 1.06535E-4 4.7979E-5 1.00851E-4 1.353E-5 1.02569E-4 9.7506E-5 1.00383E-4 9.6158E-5 9.4693E-5 1.04572E-4 1.04005E-4 1.027E-4 1.11444E-4 1.06956E-4 1.05742E-4 1.07996E-4 1.08513E-4 5.7837E-5 1.16814E-4 1.09346E-4 4.3579E-5 1.07203E-4 9.8751E-5 9.2112E-5 9.8262E-5 9.6191E-5 2.6494E-5 1.05179E-4 1.04163E-4 1.0453E-4 9.9255E-5 1.01433E-4 1.13592E-4 1.13131E-4 1.04755E-4 1.00688E-4 1.11607E-4 1.60864E-4 9.6906E-5 9.8904E-5 9.2943E-5 8.9141E-5 8.5768E-5 8.3039E-5 4.3618E-5 1.33561E-4 1.13065E-4 1.24748E-4 1.39591E-4 1.56157E-4 1.31605E-4 1.33303E-4 1.20069E-4 1.23397E-4 1.48E-4 1.34442E-4 1.35847E-4 1.07947E-4 1.15801E-4 1.23218E-4 9.6483E-5 1.11294E-4 1.01055E-4 9.683E-5 9.9009E-5 1.01716E-4 1.03468E-4 9.8699E-5 9.5924E-5 1.15346E-4 9.1623E-5 9.0336E-5 8.1627E-5 8.9875E-5 9.5049E-5 9.3945E-5 9.2351E-5 1.11467E-4 1.2321E-4 1.11576E-4 8.2615E-5 9.9611E-5 9.5173E-5 9.0539E-5 1.15064E-4 8.972E-5 1.03501E-4 9.7829E-5 1.01627E-4 1.43181E-4 8.2526E-5 1.07804E-4 9.9275E-5 9.6986E-5 1.12452E-4 1.00979E-4 9.9067E-5 9.116E-5 1.0182E-4 1.29701E-4 9.9045E-5 8.4313E-5 1.00531E-4 1.0944E-4 1.14408E-4 1.03497E-4 1.10976E-4 9.0033E-5 9.8139E-5 1.20266E-4 9.865E-5 8.3776E-5 9.6321E-5 9.5516E-5 1.00466E-4 1.71123E-4 1.02973E-4 1.58799E-4 1.70869E-4 1.94766E-4 1.6405E-4 1.6716E-4 1.50779E-4 1.57363E-4 1.95182E-4 1.35603E-4 1.21764E-4 1.4455E-4 1.58498E-4 1.87089E-4 1.35839E-4 1.59803E-4 1.4546E-4 1.59211E-4 1.71703E-4 1.55236E-4 1.33898E-4 1.38221E-4 1.29407E-4 1.80862E-4 1.46767E-4 1.30571E-4 1.41994E-4 1.3318E-4 1.80331E-4 1.29201E-4 1.58365E-4 1.30507E-4 1.28713E-4 1.63221E-4 1.39738E-4 1.2567E-4 1.39592E-4 1.27859E-4 1.68423E-4 1.43358E-4 1.0309E-4 1.30998E-4 1.70217E-4 1.4641E-4 1.32514E-4 1.32562E-4 8.7035E-5 1.11402E-4 1.21155E-4 1.01291E-4 8.7875E-5 8.9672E-5 1.23055E-4 1.70036E-4 1.06532E-4 8.9082E-5 7.804E-5 1.0532E-4 1.10901E-4 9.6748E-5 8.1224E-5 8.7501E-5 9.4403E-5 8.9747E-5 9.4887E-5 9.5974E-5 7.9351E-5 1.05697E-4 1.1782E-4 1.11848E-4 9.7959E-5 7.9362E-5 9.7853E-5 1.13533E-4 8.606E-5 1.07518E-4 8.4023E-5 8.2673E-5 1.19727E-4 9.9639E-5 9.4402E-5 8.714E-5 1.11138E-4 1.13439E-4 9.6863E-5 9.7222E-5 1.28893E-4 1.28753E-4 1.3905E-4 8.959E-5 8.4236E-5 8.9527E-5 1.1564E-4 1.10437E-4 9.738E-5 1.0039E-4 9.1235E-5 1.04989E-4 9.8771E-5 9.3608E-5 9.7423E-5 8.9254E-5 1.12212E-4 9.2731E-5 1.06576E-4 1.00892E-4 8.7143E-5 1.15201E-4 1.02136E-4 1.01437E-4 1.03379E-4 8.9836E-5 9.8621E-5 1.12573E-4 1.01961E-4 1.16615E-4 1.32029E-4 1.53383E-4 1.01171E-4 9.0256E-5 1.57792E-4 1.3129E-4 1.07472E-4 1.24227E-4 9.7292E-5 9.5059E-5 8.7391E-5 1.05164E-4 1.15022E-4 9.4177E-5 9.1528E-5 8.2062E-5 9.0664E-5 9.3914E-5 9.1635E-5 8.7033E-5 8.0799E-5 9.208E-5 8.6972E-5 1.13924E-4 9.1859E-5 8.1023E-5 8.8838E-5 1.15416E-4 1.0449E-4 9.173E-5 8.4905E-5 8.8584E-5 1.04972E-4 1.05856E-4 9.6999E-5 8.7863E-5 9.6764E-5 1.08388E-4 8.4956E-5 9.5997E-5 1.07673E-4 1.06638E-4 8.8259E-5 9.1419E-5 9.1229E-5 9.6595E-5 7.5819E-5 1.11595E-4 8.6237E-5 9.2129E-5 1.24708E-4 1.43809E-4 1.04541E-4 9.0836E-5 9.0658E-5 8.6356E-5 8.1374E-5 8.7539E-5 9.8896E-5 8.5946E-5 7.7006E-5 8.8542E-5 1.106E-4 9.2849E-5 1.05574E-4 8.1089E-5 8.202E-5 9.9525E-5 9.5674E-5 8.5925E-5 9.0895E-5 9.8334E-5 9.5591E-5 1.0207E-4 1.1193E-4 8.8053E-5 1.0096E-4 1.02686E-4 1.20742E-4 9.6464E-5 8.853E-5 1.19543E-4 1.71059E-4 1.08264E-4 9.0348E-5 1.02014E-4 1.22633E-4 1.11789E-4 1.27726E-4 1.32064E-4 1.2832E-4 8.9628E-5 9.3373E-5 1.01876E-4 9.5853E-5 8.1134E-5 8.3249E-5 9.4024E-5 9.3407E-5 1.08659E-4 8.8054E-5 1.43591E-4 1.33053E-4 1.30263E-4 1.23163E-4 1.92163E-4 1.18216E-4 1.0552E-4 1.05572E-4 1.23793E-4 1.08089E-4 1.78973E-4 1.3625E-4 1.12201E-4 1.11374E-4 9.7933E-5 9.7118E-5 9.4918E-5 1.52845E-4 2.12247E-4 1.38119E-4 1.12042E-4 1.27055E-4 1.3575E-4 1.24147E-4 9.1471E-5 9.8732E-5 9.85E-5 8.7467E-5 9.5511E-5 8.7891E-5 1.02615E-4 1.05931E-4 1.00218E-4 9.2348E-5 1.30557E-4 1.54847E-4 1.28305E-4 1.44752E-4 9.4093E-5 9.7676E-5 1.06719E-4 9.3552E-5 1.15257E-4 1.11231E-4 1.37172E-4 2.02212E-4 9.9562E-5 1.45608E-4 8.5735E-5 8.5019E-5 1.05389E-4 1.0676E-4 9.8253E-5 9.1196E-5 8.0933E-5 9.9287E-5 8.8447E-5 8.4652E-5 8.5566E-5 8.113E-5 9.1185E-5 9.6725E-5 9.3822E-5 1.0697E-4 8.2361E-5 1.03599E-4 9.7236E-5 9.5346E-5 9.2589E-5 1.17981E-4 1.07457E-4 1.15477E-4 1.06425E-4 8.6958E-5 7.1979E-5 1.1257E-4 1.19317E-4 1.15638E-4 1.1139E-4 2.10367E-4 1.65431E-4 1.07324E-4 1.11861E-4 1.05546E-4 7.6683E-5 9.808E-5 1.22381E-4 1.48939E-4 1.29645E-4 8.7711E-5 1.04679E-4 1.09941E-4 1.09986E-4 9.7932E-5 9.9824E-5 1.86447E-4 1.5547E-4 1.08395E-4 9.0489E-5 1.39709E-4 2.14057E-4 1.20475E-4 2.41188E-4 1.18031E-4 1.0605E-4 1.2251E-4 1.04513E-4 1.31644E-4 1.70852E-4 9.2178E-5 1.09187E-4 1.08876E-4 1.02473E-4 9.5515E-5 8.2691E-5 1.18032E-4 1.17793E-4 1.10803E-4 1.43949E-4 8.2371E-5 1.37167E-4 1.71347E-4 2.97211E-4 1.17359E-4 8.1819E-5 1.056E-4 9.7382E-5 1.11755E-4 9.6855E-5 6.9928E-5 1.56512E-4 1.39558E-4 9.6088E-5 8.4184E-5 6.9439E-5 1.28741E-4 1.06519E-4 1.07451E-4 1.06635E-4 7.4018E-5 9.5989E-5 7.9327E-5 1.04554E-4 9.4971E-5 7.5905E-5 9.4918E-5 9.1286E-5 9.7103E-5 1.04144E-4 7.2955E-5 8.5413E-5 9.8197E-5 1.12904E-4 9.4576E-5 7.1961E-5 9.6907E-5 8.566E-5 9.7172E-5 9.6523E-5 9.1009E-5 1.08711E-4 8.3898E-5 8.5092E-5 1.02941E-4 6.8288E-5 9.5295E-5 8.1658E-5 9.5871E-5 8.8267E-5 6.7587E-5 1.00607E-4 8.204E-5 9.1643E-5 8.7283E-5 7.1326E-5 9.2692E-5 1.44641E-4 1.26661E-4 1.16392E-4 1.32694E-4 1.00597E-4 9.1617E-5 1.04025E-4 9.0441E-5 7.4494E-5 9.879E-5 8.5851E-5 1.12165E-4 1.16828E-4 1.50054E-4 1.16794E-4 7.4503E-5 1.85811E-4 2.13539E-4 

Timer for Syntactic Relevance:: 0.240404524
Timer for solver: 0.062515925
		DELL.SPLX	DELL_C50_0.TESTCASES
			Diag: [mandatory(Dell Laptops/Notebooks, Product Category), mandatory(Dell Laptops/Notebooks, Operating System), mandatory(Dell Laptops/Notebooks, Hard Drive), mandatory(Dell Laptops/Notebooks, Memory), mandatory(Dell Laptops/Notebooks, Processor), alternative(Product Category, Mini Notebooks, Inspiron Laptops, Studio Laptops, XPS Laptops, Adamo, Studio XPS Laptops), alternative(Operating System, Windows Vista 64 bit, Windows XP Home, Ubuntu Linux, Windows 7, Windows 8), alternative(Hard Drive, 500GB, 320GB, 250GB, 160GB, 128GB Solid State, 120GB, 80GB), excludes(Adamo, CD_DVD +RW)]
			Diag size: 9
The size of Consistency checks: 133301
The number of Choco Solver calls: 1270
The number of different: 3
The number of INconsistent: 25
The number of union: 243
The number of post constraints: 133301
The number of consistent: 1245
The number of unpost constraints: 133301
The number of Consistency checks: 122

Timer for Syntactic Relevance:[thread=1]: 0.433272675
0.433272675 
Timer for solver[thread=1]: 0.127881219
3.06579E-4 8.1818E-5 1.03546E-4 1.61245E-4 7.6229E-5 8.7851E-5 9.2355E-5 1.15523E-4 8.8736E-5 2.18436E-4 3.02969E-4 1.56775E-4 2.68347E-4 1.41889E-4 3.14817E-4 9.4589E-5 8.8246E-5 7.97088E-4 1.28185E-4 1.36305E-4 1.86641E-4 2.40485E-4 7.4206E-5 1.04836E-4 1.06756E-4 1.20256E-4 1.22908E-4 5.9005E-5 4.9063E-5 5.3257E-5 1.61902E-4 1.90056E-4 8.7658E-5 9.1081E-5 1.09224E-4 8.0847E-5 7.5343E-5 9.4988E-5 1.10583E-4 9.7218E-5 1.05198E-4 8.494E-5 7.9496E-5 9.0599E-5 1.25513E-4 8.874E-5 7.7024E-5 8.8198E-5 7.9735E-5 8.3909E-5 1.23414E-4 1.09333E-4 1.17641E-4 1.07112E-4 1.11278E-4 1.10278E-4 1.11114E-4 1.36335E-4 1.09273E-4 1.08859E-4 1.10028E-4 1.04569E-4 1.14359E-4 1.11264E-4 1.05135E-4 1.06476E-4 1.08289E-4 2.6904E-5 1.19942E-4 1.2053E-4 1.20449E-4 1.13663E-4 1.17299E-4 1.13162E-4 2.6259E-5 1.0663E-5 9.401E-6 1.13427E-4 1.1515E-5 1.08146E-4 1.30405E-4 2.7177E-5 1.20554E-4 1.0738E-4 1.06045E-4 1.07142E-4 1.14269E-4 1.15444E-4 1.10894E-4 1.1222E-4 1.15951E-4 1.11866E-4 1.21146E-4 1.12671E-4 1.1342E-4 1.10829E-4 1.12202E-4 1.11125E-4 1.09755E-4 1.14375E-4 1.38449E-4 1.20714E-4 1.21719E-4 1.08679E-4 1.09069E-4 1.07473E-4 1.27481E-4 1.12084E-4 1.15575E-4 1.23035E-4 1.93565E-4 3.74973E-4 2.17373E-4 4.4897E-5 1.7077E-4 1.68724E-4 1.66135E-4 1.64794E-4 1.62481E-4 1.59183E-4 1.9283E-4 1.60715E-4 1.93721E-4 1.69708E-4 4.218E-5 1.85145E-4 1.90906E-4 1.84655E-4 1.84879E-4 4.1726E-5 2.01782E-4 1.80549E-4 1.92665E-4 1.82664E-4 2.05819E-4 1.64024E-4 1.66739E-4 1.76219E-4 1.81063E-4 1.74271E-4 1.83607E-4 1.89493E-4 2.01682E-4 1.76202E-4 1.86345E-4 3.9033E-5 1.81255E-4 9.8492E-5 9.7272E-5 9.3803E-5 1.86714E-4 1.17018E-4 2.7047E-4 1.60193E-4 1.30793E-4 1.17457E-4 3.1806E-5 3.1882E-5 1.56973E-4 1.44043E-4 2.60067E-4 1.41056E-4 6.2327E-5 8.6424E-5 7.9982E-5 9.8101E-5 9.8413E-5 1.28354E-4 9.4921E-5 1.25832E-4 1.3679E-4 1.48973E-4 1.68985E-4 9.9385E-5 2.47023E-4 1.58183E-4 1.69815E-4 2.38664E-4 9.1827E-5 8.7988E-5 9.2688E-5 7.4126E-5 9.839E-5 8.3173E-5 1.07294E-4 9.3754E-5 9.1975E-5 8.907E-5 8.7486E-5 8.5578E-5 1.28155E-4 7.6325E-5 9.1408E-5 6.8729E-5 8.5044E-5 9.5048E-5 1.11445E-4 1.06963E-4 8.9011E-5 1.36508E-4 1.58135E-4 9.7694E-5 1.9574E-4 1.75761E-4 1.82467E-4 1.14733E-4 8.6033E-5 7.9737E-5 8.1568E-5 9.1019E-5 9.7116E-5 7.2736E-5 8.4926E-5 6.4047E-5 8.089E-5 6.6172E-5 8.0431E-5 8.5161E-5 7.9574E-5 7.4917E-5 7.9133E-5 6.7499E-5 8.4172E-5 6.7451E-5 8.3156E-5 7.4676E-5 8.2218E-5 8.1522E-5 7.8448E-5 7.5093E-5 9.0137E-5 7.1021E-5 8.4686E-5 6.4946E-5 7.6476E-5 6.679E-5 7.964E-5 8.3602E-5 7.8412E-5 7.1792E-5 9.2884E-5 7.0177E-5 8.593E-5 6.7345E-5 8.6955E-5 6.579E-5 7.6331E-5 7.8135E-5 7.927E-5 7.5023E-5 7.9699E-5 6.5956E-5 8.1146E-5 6.175E-5 7.6013E-5 6.7073E-5 7.8347E-5 7.7743E-5 7.8807E-5 7.3675E-5 7.7928E-5 6.8191E-5 8.0698E-5 6.4391E-5 9.4785E-5 7.3618E-5 8.3701E-5 8.3225E-5 8.2832E-5 7.646E-5 8.1369E-5 1.08124E-4 9.1406E-5 9.17E-5 1.19596E-4 9.8894E-5 1.56507E-4 1.43355E-4 1.29334E-4 1.16823E-4 1.04805E-4 7.2823E-5 8.9392E-5 7.0478E-5 8.364E-5 7.2101E-5 9.5327E-5 8.7413E-5 8.3792E-5 8.5166E-5 8.1646E-5 7.7657E-5 9.6038E-5 6.9847E-5 8.3336E-5 7.1375E-5 8.1501E-5 8.2613E-5 8.8565E-5 7.7903E-5 7.8511E-5 8.8059E-5 8.7966E-5 6.9297E-5 7.9718E-5 7.051E-5 8.6147E-5 8.4866E-5 8.4222E-5 7.9819E-5 8.2864E-5 7.1938E-5 8.6151E-5 8.0058E-5 8.9201E-5 9.182E-5 9.5432E-5 8.8169E-5 8.8907E-5 7.6965E-5 7.8926E-5 8.1759E-5 8.4778E-5 6.8317E-5 9.1322E-5 8.2874E-5 8.74E-5 8.5336E-5 1.41838E-4 1.30518E-4 9.9178E-5 8.3729E-5 9.5976E-5 8.122E-5 9.7737E-5 8.5238E-5 9.7453E-5 8.6084E-5 8.6216E-5 7.8496E-5 8.4226E-5 9.7959E-5 9.5963E-5 7.225E-5 8.4504E-5 7.2768E-5 9.7221E-5 1.01773E-4 8.6215E-5 9.3294E-5 8.9789E-5 1.24534E-4 1.01691E-4 7.4748E-5 9.4052E-5 7.6499E-5 8.7022E-5 8.6823E-5 8.4294E-5 9.0234E-5 8.5435E-5 8.3781E-5 8.6909E-5 9.0842E-5 1.67388E-4 8.4499E-5 9.8823E-5 9.9358E-5 9.6504E-5 1.24284E-4 8.769E-5 7.9341E-5 8.6298E-5 8.9178E-5 1.45774E-4 7.6653E-5 1.11957E-4 1.08645E-4 1.00654E-4 8.7636E-5 8.42E-5 8.3826E-5 1.27321E-4 7.417E-5 8.6047E-5 7.3249E-5 9.1363E-5 9.9269E-5 1.04476E-4 1.29017E-4 9.1467E-5 1.12961E-4 1.35003E-4 8.0807E-5 1.46624E-4 1.00574E-4 1.10623E-4 1.53097E-4 1.62753E-4 1.12908E-4 1.07436E-4 9.8454E-5 9.305E-5 7.3936E-5 8.8238E-5 7.5867E-5 9.5187E-5 1.395E-4 1.13917E-4 1.10181E-4 8.7989E-5 1.5163E-4 1.18864E-4 8.2132E-5 1.0213E-4 9.4648E-5 1.07172E-4 1.43762E-4 1.03082E-4 8.6533E-5 8.4066E-5 8.8409E-5 9.5428E-5 7.9928E-5 8.6957E-5 7.3357E-5 8.4556E-5 8.4777E-5 8.4544E-5 7.9899E-5 7.4966E-5 7.5347E-5 8.6929E-5 7.2708E-5 8.6127E-5 9.2913E-5 9.8025E-5 9.277E-5 8.7849E-5 8.3746E-5 7.2739E-5 8.1234E-5 1.00001E-4 8.242E-5 1.03968E-4 8.0207E-5 8.6604E-5 1.02792E-4 9.1839E-5 8.1386E-5 7.2E-5 7.1859E-5 8.4707E-5 7.8226E-5 8.618E-5 1.70418E-4 1.11225E-4 1.04895E-4 9.2022E-5 1.00278E-4 7.753E-5 7.6401E-5 9.905E-5 7.5446E-5 8.8265E-5 7.413E-5 9.9807E-5 8.526E-5 8.7189E-5 7.9968E-5 7.8798E-5 7.4516E-5 8.4392E-5 6.9204E-5 8.2236E-5 7.0481E-5 9.2542E-5 9.03E-5 8.7529E-5 8.7402E-5 1.12685E-4 9.0372E-5 9.9509E-5 9.7402E-5 1.0461E-4 9.1555E-5 1.19103E-4 1.60315E-4 1.35039E-4 1.7674E-4 1.31833E-4 1.40878E-4 1.07885E-4 8.0354E-5 9.1752E-5 8.6015E-5 1.34084E-4 8.8854E-5 9.9245E-5 9.4365E-5 8.125E-5 7.7078E-5 8.6461E-5 7.0169E-5 8.6424E-5 6.4306E-5 8.4318E-5 7.9747E-5 1.02294E-4 1.14221E-4 7.3011E-5 8.3185E-5 9.8909E-5 7.6881E-5 9.6205E-5 6.9229E-5 1.13773E-4 1.01931E-4 1.03932E-4 8.2514E-5 9.7869E-5 7.8341E-5 1.09072E-4 1.22271E-4 1.37285E-4 1.03258E-4 1.1328E-4 1.11363E-4 1.00205E-4 8.6305E-5 7.7014E-5 8.5604E-5 9.441E-5 8.3057E-5 1.16669E-4 7.271E-5 9.8155E-5 9.3446E-5 9.2913E-5 9.2569E-5 7.8649E-5 8.7413E-5 9.4643E-5 7.7525E-5 8.687E-5 5.9132E-5 1.05673E-4 9.7679E-5 9.632E-5 1.17038E-4 8.0738E-5 8.5786E-5 9.5516E-5 7.3985E-5 9.8404E-5 6.9032E-5 9.1167E-5 8.4533E-5 1.26533E-4 8.3858E-5 8.0241E-5 8.5963E-5 9.2396E-5 7.4697E-5 9.5279E-5 6.6208E-5 9.1986E-5 9.9315E-5 8.9612E-5 9.0296E-5 7.7633E-5 7.5721E-5 8.3104E-5 7.669E-5 9.9493E-5 6.841E-5 1.00909E-4 8.8754E-5 1.32013E-4 1.6605E-4 8.5874E-5 8.6582E-5 9.2438E-5 7.753E-5 8.6924E-5 6.0705E-5 1.01443E-4 1.59359E-4 9.8747E-5 9.5116E-5 1.07383E-4 9.2753E-5 9.0789E-5 9.5039E-5 1.84349E-4 1.79002E-4 1.12403E-4 8.5297E-5 8.9227E-5 8.6267E-5 7.3569E-5 7.7955E-5 9.0081E-5 8.0715E-5 1.10335E-4 6.7656E-5 1.09119E-4 9.6476E-5 1.02866E-4 9.1567E-5 1.69313E-4 8.7359E-5 1.00504E-4 7.6908E-5 9.3788E-5 7.9927E-5 1.59987E-4 1.02431E-4 9.2375E-5 8.0146E-5 6.9639E-5 7.5274E-5 8.5276E-5 8.0035E-5 9.0955E-5 6.3836E-5 1.06157E-4 9.9522E-5 9.5707E-5 9.5257E-5 9.4188E-5 7.7E-5 8.5856E-5 7.0206E-5 8.4577E-5 5.8868E-5 9.0871E-5 8.3181E-5 9.5722E-5 1.39123E-4 9.384E-5 8.2469E-5 8.586E-5 7.2378E-5 9.2407E-5 6.2404E-5 9.2286E-5 8.1026E-5 8.1346E-5 8.0359E-5 7.2879E-5 7.2912E-5 8.3045E-5 7.0762E-5 8.1537E-5 5.9417E-5 8.7829E-5 7.8297E-5 8.7016E-5 8.5574E-5 7.866E-5 1.07486E-4 8.9014E-5 8.7168E-5 1.09105E-4 9.1121E-5 1.63164E-4 1.71229E-4 9.1462E-5 8.6781E-5 7.3692E-5 8.8888E-5 8.8033E-5 7.5335E-5 9.649E-5 6.9066E-5 9.0038E-5 8.6615E-5 9.1826E-5 8.4906E-5 1.06825E-4 7.9913E-5 9.2945E-5 1.17483E-4 8.9567E-5 7.6821E-5 1.01059E-4 9.1799E-5 8.8658E-5 9.1666E-5 7.6028E-5 7.4558E-5 7.9601E-5 7.9443E-5 9.191E-5 6.6648E-5 9.5797E-5 9.1307E-5 8.4807E-5 8.9508E-5 7.2754E-5 7.1574E-5 8.0777E-5 1.3599E-4 1.85124E-4 9.6879E-5 1.04325E-4 9.5856E-5 8.9198E-5 8.6699E-5 7.7137E-5 8.1948E-5 9.2531E-5 8.1716E-5 8.699E-5 5.7597E-5 9.8528E-5 8.2356E-5 8.726E-5 7.8734E-5 7.1593E-5 7.1625E-5 8.1923E-5 6.9647E-5 8.2807E-5 5.7125E-5 8.5786E-5 7.3771E-5 7.623E-5 7.5141E-5 6.8823E-5 8.5331E-5 8.3181E-5 7.056E-5 8.3506E-5 6.4263E-5 8.8676E-5 7.623E-5 7.6577E-5 9.1382E-5 7.4228E-5 7.428E-5 7.9579E-5 6.9743E-5 8.3168E-5 6.7431E-5 9.7149E-5 8.8522E-5 1.33128E-4 1.1213E-4 1.15104E-4 9.1602E-5 1.30909E-4 1.16832E-4 1.10674E-4 7.0291E-5 1.0108E-4 8.978E-5 9.887E-5 8.8005E-5 7.7977E-5 7.7173E-5 1.76416E-4 1.03837E-4 1.11777E-4 7.2373E-5 1.4786E-4 9.052E-5 8.1922E-5 8.1875E-5 9.4436E-5 7.5454E-5 8.0803E-5 6.9179E-5 8.2657E-5 5.8038E-5 8.6823E-5 8.289E-5 9.3351E-5 1.17645E-4 8.1612E-5 7.4642E-5 8.0973E-5 6.8873E-5 8.2169E-5 5.7211E-5 8.7904E-5 7.9023E-5 7.7858E-5 7.9272E-5 8.8257E-5 1.06187E-4 8.2718E-5 7.4024E-5 9.2534E-5 7.0135E-5 1.2467E-4 8.5704E-5 8.0662E-5 8.5264E-5 7.2061E-5 7.4214E-5 7.9202E-5 7.161E-5 8.4567E-5 6.0004E-5 8.7103E-5 7.9867E-5 1.3451E-4 1.24357E-4 9.3454E-5 1.02624E-4 1.10218E-4 9.5809E-5 9.6563E-5 6.106E-5 9.0002E-5 8.1684E-5 8.0905E-5 7.9867E-5 7.1969E-5 7.3177E-5 7.8089E-5 6.9677E-5 8.1974E-5 5.9791E-5 1.14213E-4 8.2788E-5 8.2051E-5 9.843E-5 1.32199E-4 8.8414E-5 1.80899E-4 1.54419E-4 1.78023E-4 1.42449E-4 1.53167E-4 1.26212E-4 8.8179E-5 8.4019E-5 8.8232E-5 7.9002E-5 8.2843E-5 7.2754E-5 8.8994E-5 5.7662E-5 8.6789E-5 8.1372E-5 7.9639E-5 7.5432E-5 7.4803E-5 7.5083E-5 8.3485E-5 8.1099E-5 1.15654E-4 6.7395E-5 1.03908E-4 9.242E-5 1.66764E-4 1.73337E-4 1.45297E-4 8.6826E-5 1.08397E-4 8.1679E-5 9.9588E-5 6.3669E-5 9.8574E-5 9.2294E-5 8.3534E-5 7.5542E-5 7.9372E-5 8.8402E-5 1.51224E-4 1.29595E-4 1.32931E-4 9.1068E-5 1.31371E-4 1.22766E-4 1.36823E-4 1.33087E-4 1.32484E-4 1.09425E-4 1.22468E-4 1.23548E-4 1.46381E-4 1.06029E-4 1.583E-4 1.44036E-4 1.47422E-4 1.25449E-4 1.02711E-4 1.22474E-4 8.9028E-5 7.7688E-5 1.68482E-4 1.2685E-4 1.25851E-4 1.87258E-4 1.60979E-4 1.27183E-4 1.10088E-4 9.4156E-5 1.03678E-4 9.4784E-5 1.64792E-4 1.48339E-4 1.2101E-4 1.30499E-4 9.3987E-5 1.01268E-4 9.4456E-5 1.03154E-4 1.93287E-4 1.12552E-4 9.2829E-5 6.6004E-5 9.9382E-5 1.28918E-4 1.03761E-4 9.0872E-5 7.2642E-5 7.786E-5 8.7304E-5 1.07767E-4 9.4253E-5 6.0025E-5 8.633E-5 8.0529E-5 7.9088E-5 7.1968E-5 1.22507E-4 1.05601E-4 1.74264E-4 1.0099E-4 1.04909E-4 7.6112E-5 1.02323E-4 9.3418E-5 8.698E-5 7.754E-5 7.0804E-5 8.5135E-5 8.6812E-5 9.8872E-5 8.8691E-5 6.2094E-5 1.01066E-4 8.3924E-5 7.983E-5 7.6806E-5 6.3039E-5 7.7944E-5 1.22598E-4 8.2301E-5 9.9139E-5 1.18201E-4 1.15157E-4 1.85491E-4 1.6183E-4 1.68125E-4 6.7692E-5 9.3256E-5 8.9199E-5 7.5091E-5 8.8214E-5 5.9672E-5 8.8088E-5 8.1201E-5 8.5659E-5 8.1588E-5 7.1868E-5 8.6153E-5 8.6278E-5 7.3926E-5 8.8434E-5 7.3715E-5 1.03987E-4 1.5665E-4 1.17978E-4 1.01518E-4 8.0747E-5 9.2089E-5 9.8774E-5 8.4786E-5 9.2248E-5 6.2082E-5 9.0935E-5 9.533E-5 8.0483E-5 7.7662E-5 7.1608E-5 9.2336E-5 9.4644E-5 8.7119E-5 1.0142E-4 6.2414E-5 8.9753E-5 8.178E-5 8.0543E-5 7.6314E-5 6.4349E-5 1.47384E-4 8.9776E-5 8.0618E-5 9.9838E-5 6.7577E-5 9.6482E-5 8.31E-5 1.00367E-4 1.23285E-4 1.49654E-4 9.2846E-5 9.9829E-5 9.8069E-5 9.1182E-5 6.04E-5 1.06973E-4 1.22411E-4 9.6277E-5 1.10168E-4 7.5097E-5 8.0333E-5 9.7331E-5 8.2147E-5 1.1793E-4 6.1779E-5 9.0755E-5 8.2297E-5 1.00383E-4 1.72305E-4 1.30606E-4 8.5655E-5 8.5491E-5 7.3505E-5 8.5774E-5 6.157E-5 9.0548E-5 8.3345E-5 7.2561E-5 7.3998E-5 7.2119E-5 9.2541E-5 9.0302E-5 1.01667E-4 1.19774E-4 6.4546E-5 1.02829E-4 8.9378E-5 7.4188E-5 7.4787E-5 6.2755E-5 7.7972E-5 8.7622E-5 8.883E-5 9.9333E-5 6.4012E-5 9.5914E-5 8.1584E-5 7.0631E-5 7.1791E-5 7.4342E-5 8.1153E-5 8.3162E-5 7.4651E-5 8.6756E-5 5.8226E-5 8.894E-5 8.5145E-5 7.0455E-5 7.1279E-5 5.8622E-5 9.2616E-5 9.1372E-5 7.3139E-5 8.4607E-5 1.0799E-4 1.71477E-4 3.19103E-4 2.60685E-4 2.86814E-4 6.9794E-5 8.1823E-5 8.2896E-5 8.0248E-5 9.1334E-5 6.1314E-5 9.0297E-5 8.1217E-5 6.7282E-5 7.4423E-5 7.6259E-5 1.40256E-4 1.32433E-4 1.16459E-4 1.30937E-4 8.9535E-5 1.45341E-4 1.2761E-4 1.01477E-4 1.03884E-4 7.256E-5 1.28579E-4 9.9081E-5 1.12084E-4 1.15392E-4 7.9438E-5 1.05185E-4 9.9081E-5 8.5643E-5 9.4752E-5 7.0486E-5 9.1363E-5 1.00186E-4 8.9402E-5 1.0087E-4 7.2541E-5 1.11993E-4 1.51264E-4 9.7577E-5 7.6603E-5 1.88562E-4 2.74116E-4 1.64249E-4 9.7912E-5 1.05297E-4 6.9145E-5 9.4047E-5 1.3457E-4 8.0156E-5 8.2164E-5 7.2131E-5 8.9939E-5 9.6382E-5 8.1908E-5 1.03151E-4 7.0059E-5 9.9464E-5 8.6293E-5 7.543E-5 7.2874E-5 7.5217E-5 1.05238E-4 1.01012E-4 9.6177E-5 1.11358E-4 1.3585E-4 1.89848E-4 2.20938E-4 9.4838E-5 8.3416E-5 8.4685E-5 9.9932E-5 9.099E-5 8.1817E-5 1.94549E-4 1.76272E-4 1.17168E-4 1.54902E-4 9.3387E-5 8.2145E-5 1.46957E-4 1.12777E-4 1.94581E-4 8.9869E-5 1.01621E-4 6.6212E-5 9.7256E-5 9.0383E-5 7.2459E-5 7.5131E-5 7.1673E-5 9.0615E-5 9.5823E-5 1.48322E-4 9.7984E-5 6.545E-5 9.774E-5 9.2277E-5 9.1907E-5 7.6734E-5 6.8862E-5 8.9993E-5 9.5376E-5 9.765E-5 1.04598E-4 7.2169E-5 1.03481E-4 9.6905E-5 1.20029E-4 8.5087E-5 9.7585E-5 9.9503E-5 1.37939E-4 1.38284E-4 1.43192E-4 1.33147E-4 1.01054E-4 8.8084E-5 7.3168E-5 6.5261E-5 6.0301E-5 8.3713E-5 8.8117E-5 7.7932E-5 9.2094E-5 6.9234E-5 1.12272E-4 9.5134E-5 7.4711E-5 7.8622E-5 6.7076E-5 9.925E-5 9.004E-5 8.6051E-5 9.8193E-5 6.9042E-5 1.12473E-4 1.04046E-4 8.0329E-5 6.9458E-5 6.8737E-5 9.6261E-5 9.7689E-5 9.192E-5 1.01476E-4 7.0498E-5 1.01323E-4 8.7143E-5 7.2692E-5 1.28552E-4 1.35098E-4 1.06833E-4 9.0618E-5 8.3515E-5 9.5381E-5 6.6328E-5 1.19091E-4 1.52484E-4 9.2964E-5 7.8498E-5 2.08978E-4 1.90124E-4 1.03288E-4 1.02906E-4 1.50996E-4 7.9869E-5 1.27886E-4 1.39059E-4 9.1903E-5 8.4897E-5 6.5286E-5 9.0503E-5 1.03885E-4 1.05147E-4 1.08563E-4 7.193E-5 1.01331E-4 9.9896E-5 1.01604E-4 9.7494E-5 6.4028E-5 8.8681E-5 9.0778E-5 1.12269E-4 1.63879E-4 9.1998E-5 1.42124E-4 1.00368E-4 1.65907E-4 1.39078E-4 

Timer for Syntactic Relevance:: 0.433272675
Timer for solver: 0.127881219
		DELL.SPLX	DELL_C50_0.TESTCASES
			Diag: [mandatory(Dell Laptops/Notebooks, Product Category), mandatory(Dell Laptops/Notebooks, Operating System), mandatory(Dell Laptops/Notebooks, Hard Drive), mandatory(Dell Laptops/Notebooks, Memory), mandatory(Dell Laptops/Notebooks, Processor), alternative(Product Category, Mini Notebooks, Inspiron Laptops, Studio Laptops, XPS Laptops, Adamo, Studio XPS Laptops), alternative(Operating System, Windows Vista 64 bit, Windows XP Home, Ubuntu Linux, Windows 7, Windows 8), alternative(Hard Drive, 500GB, 320GB, 250GB, 160GB, 128GB Solid State, 120GB, 80GB), excludes(Adamo, CD_DVD +RW)]
			Diag size: 9
The size of Consistency checks: 133301
The number of Choco Solver calls: 1270
The number of different: 3
The number of INconsistent: 25
The number of union: 243
The number of post constraints: 133301
The number of consistent: 1245
The number of unpost constraints: 133301
The number of Consistency checks: 122

Timer for Syntactic Relevance:[thread=1]: 0.407526842
0.407526842 
Timer for solver[thread=1]: 0.115647487
4.46095E-4 7.07672E-4 1.43148E-4 8.3461E-5 7.8352E-5 1.3149E-4 1.70537E-4 7.9821E-5 1.31918E-4 8.9845E-5 1.10541E-4 1.20257E-4 1.67459E-4 3.14953E-4 2.32333E-4 1.01967E-4 9.233E-5 4.74404E-4 1.04348E-4 1.64406E-4 2.85135E-4 2.94673E-4 6.9565E-5 9.9846E-5 1.12968E-4 8.4612E-5 6.8814E-5 5.2346E-5 1.28377E-4 7.0338E-5 1.52332E-4 1.96492E-4 8.0592E-5 9.7524E-5 1.0766E-4 1.10298E-4 1.06522E-4 1.46889E-4 1.21765E-4 9.4731E-5 1.02737E-4 7.8068E-5 7.2384E-5 1.04539E-4 1.1032E-4 1.20081E-4 7.905E-5 9.1223E-5 8.8453E-5 9.0741E-5 1.32882E-4 1.1495E-4 1.15663E-4 1.04493E-4 1.0646E-4 1.26669E-4 1.09942E-4 1.08214E-4 1.04459E-4 1.02404E-4 1.14418E-4 1.06602E-4 1.16105E-4 1.11215E-4 1.01654E-4 1.03176E-4 1.04493E-4 2.558E-5 1.40623E-4 1.11263E-4 1.25928E-4 1.23808E-4 1.2738E-4 1.2021E-4 5.1714E-5 1.2621E-5 9.399E-6 1.33296E-4 1.3584E-5 1.21656E-4 1.29281E-4 3.7847E-5 1.54181E-4 1.13613E-4 1.01676E-4 1.05023E-4 1.09398E-4 1.07869E-4 1.02246E-4 1.05301E-4 1.098E-4 1.04531E-4 1.14682E-4 1.06269E-4 1.07456E-4 1.07588E-4 1.0918E-4 1.0685E-4 1.03795E-4 1.04878E-4 1.14151E-4 1.03419E-4 1.09435E-4 1.02154E-4 1.0243E-4 1.02628E-4 1.05634E-4 1.0467E-4 1.01675E-4 1.00932E-4 2.7131E-5 1.10347E-4 1.0981E-4 1.2095E-5 9.9503E-5 1.01076E-4 1.01557E-4 1.02682E-4 1.01039E-4 9.959E-5 1.15029E-4 1.06839E-4 1.09129E-4 1.00739E-4 1.6113E-5 1.04657E-4 1.07388E-4 1.04346E-4 1.02411E-4 1.2297E-5 1.06959E-4 1.0133E-4 1.11679E-4 1.01897E-4 1.01124E-4 1.00395E-4 1.03993E-4 1.02005E-4 1.02489E-4 9.9997E-5 1.00568E-4 1.06389E-4 1.11745E-4 1.00782E-4 1.04978E-4 1.9137E-5 1.10339E-4 9.1383E-5 9.2178E-5 9.22E-5 1.09778E-4 1.00187E-4 9.6622E-5 1.00492E-4 9.1636E-5 8.5934E-5 1.719E-5 1.748E-5 1.46912E-4 1.35035E-4 1.68466E-4 1.30831E-4 3.8172E-5 7.7731E-5 7.2902E-5 7.325E-5 7.276E-5 7.1338E-5 7.0979E-5 8.2942E-5 8.6396E-5 7.1286E-5 9.347E-5 7.2979E-5 8.7772E-5 1.07114E-4 9.5273E-5 1.08309E-4 9.1926E-5 8.6882E-5 1.03107E-4 8.0056E-5 9.2048E-5 7.2562E-5 8.6164E-5 7.3518E-5 9.929E-5 8.9489E-5 8.3533E-5 8.3837E-5 8.2848E-5 6.8989E-5 8.2021E-5 6.3604E-5 8.1749E-5 6.886E-5 9.6293E-5 1.1191E-4 1.99151E-4 8.2938E-5 8.0266E-5 6.7571E-5 7.8077E-5 6.1693E-5 7.5045E-5 7.545E-5 8.2135E-5 7.5946E-5 7.7947E-5 7.4794E-5 7.98E-5 6.3652E-5 7.9212E-5 5.9068E-5 7.2962E-5 6.2405E-5 7.6202E-5 7.5126E-5 7.6525E-5 7.0185E-5 8.2703E-5 6.8639E-5 8.055E-5 6.1818E-5 7.5605E-5 6.3292E-5 7.6117E-5 7.461E-5 7.4369E-5 7.0494E-5 7.1289E-5 6.4794E-5 7.6341E-5 6.2726E-5 7.2456E-5 6.2414E-5 7.2198E-5 7.2438E-5 7.2266E-5 6.5683E-5 7.8869E-5 6.3081E-5 7.8849E-5 6.2921E-5 7.3188E-5 6.3327E-5 7.5426E-5 7.6227E-5 7.6174E-5 7.3277E-5 1.00746E-4 7.2055E-5 8.1503E-5 6.3574E-5 7.712E-5 9.0676E-5 7.3973E-5 7.2002E-5 7.283E-5 6.7129E-5 7.1719E-5 6.1515E-5 7.3873E-5 5.7935E-5 8.7772E-5 6.8225E-5 7.5554E-5 7.4173E-5 7.1399E-5 6.8828E-5 7.2693E-5 6.1708E-5 7.5057E-5 7.158E-5 7.9086E-5 6.4751E-5 7.9668E-5 7.9076E-5 8.3644E-5 7.3103E-5 7.1352E-5 6.0487E-5 6.9608E-5 5.7972E-5 7.107E-5 6.2453E-5 7.0566E-5 8.442E-5 7.9896E-5 6.7403E-5 6.8755E-5 6.044E-5 7.8808E-5 5.9143E-5 7.1467E-5 7.0272E-5 7.4501E-5 7.4482E-5 7.4487E-5 6.8664E-5 7.0047E-5 6.9178E-5 7.3577E-5 6.7044E-5 7.1484E-5 5.8933E-5 8.1754E-5 7.4762E-5 7.3095E-5 6.8715E-5 7.0095E-5 6.1633E-5 7.1047E-5 5.7522E-5 6.9073E-5 5.9251E-5 6.7902E-5 7.0906E-5 8.6552E-5 7.6478E-5 7.076E-5 6.235E-5 7.4862E-5 5.9521E-5 7.1143E-5 6.3076E-5 7.4694E-5 8.3241E-5 7.603E-5 6.8914E-5 7.3074E-5 6.286E-5 7.4602E-5 6.1919E-5 8.49E-5 6.7334E-5 7.3006E-5 7.0899E-5 7.2037E-5 6.6288E-5 6.4831E-5 6.1153E-5 7.2071E-5 5.7066E-5 6.9464E-5 6.0587E-5 7.1011E-5 7.2841E-5 7.0119E-5 6.7332E-5 6.8061E-5 5.983E-5 8.2711E-5 6.2846E-5 7.439E-5 6.4699E-5 7.4906E-5 7.6152E-5 7.1612E-5 8.0222E-5 7.1818E-5 6.3387E-5 7.2878E-5 5.9982E-5 7.2568E-5 6.3629E-5 7.2824E-5 7.1618E-5 7.2844E-5 6.9147E-5 6.7033E-5 7.2497E-5 1.50645E-4 7.6326E-5 7.9013E-5 6.4044E-5 8.6269E-5 7.802E-5 8.8474E-5 7.8154E-5 7.1217E-5 6.2639E-5 7.7131E-5 5.9336E-5 7.0777E-5 6.1204E-5 7.249E-5 7.1971E-5 7.4053E-5 6.6009E-5 5.9903E-5 5.9313E-5 6.9749E-5 5.5031E-5 7.0013E-5 5.8366E-5 6.9996E-5 6.902E-5 7.1626E-5 6.7749E-5 6.065E-5 6.0269E-5 7.0726E-5 5.7702E-5 7.0639E-5 6.0793E-5 7.1999E-5 7.0278E-5 6.9999E-5 6.6461E-5 5.84E-5 6.0403E-5 6.8384E-5 5.6884E-5 6.8774E-5 5.9072E-5 6.7984E-5 6.8324E-5 6.9655E-5 6.4111E-5 6.5601E-5 7.8222E-5 6.8E-5 6.4778E-5 6.9512E-5 5.9336E-5 6.6102E-5 6.5962E-5 6.5654E-5 6.0869E-5 5.5665E-5 5.583E-5 6.5503E-5 6.9718E-5 6.2644E-5 5.5058E-5 6.25E-5 6.4354E-5 6.4191E-5 5.9468E-5 5.0704E-5 5.3797E-5 7.1037E-5 5.5468E-5 6.2586E-5 5.521E-5 7.6142E-5 6.4094E-5 6.3272E-5 6.0065E-5 5.4092E-5 5.244E-5 6.1534E-5 5.013E-5 5.992E-5 5.2266E-5 6.3294E-5 6.2521E-5 6.2178E-5 5.9845E-5 5.201E-5 5.3261E-5 6.1682E-5 5.0605E-5 9.9077E-5 9.0112E-5 1.16792E-4 7.2231E-5 7.3571E-5 6.3739E-5 6.4361E-5 5.8116E-5 6.4721E-5 6.2158E-5 1.11894E-4 5.6523E-5 6.6995E-5 6.3463E-5 6.3824E-5 6.197E-5 5.4094E-5 5.4101E-5 6.1948E-5 5.1301E-5 7.1802E-5 5.4554E-5 6.6484E-5 9.9008E-5 6.9712E-5 6.9611E-5 5.4081E-5 0.001084528 6.8649E-5 5.2792E-5 6.4317E-5 5.2095E-5 6.5098E-5 6.2257E-5 6.284E-5 5.7388E-5 5.9731E-5 5.7933E-5 6.6362E-5 5.461E-5 6.5908E-5 4.9004E-5 6.3378E-5 6.021E-5 6.407E-5 9.3604E-5 5.6505E-5 5.6071E-5 6.3769E-5 5.3874E-5 6.4434E-5 4.9726E-5 6.7721E-5 6.1959E-5 7.3233E-5 6.2398E-5 5.5232E-5 5.5557E-5 6.0293E-5 5.2199E-5 6.4209E-5 4.7976E-5 6.3746E-5 6.1458E-5 7.1943E-5 6.1406E-5 5.2933E-5 5.5608E-5 6.1016E-5 5.483E-5 6.3566E-5 4.7064E-5 6.3038E-5 6.0085E-5 6.2497E-5 6.9295E-5 5.3934E-5 5.5413E-5 6.0961E-5 5.1483E-5 6.409E-5 4.4935E-5 6.6173E-5 6.2185E-5 6.4865E-5 5.8724E-5 5.2996E-5 5.3995E-5 5.9351E-5 5.2103E-5 6.2761E-5 4.6305E-5 6.4716E-5 8.6364E-5 7.1979E-5 8.2555E-5 5.6473E-5 8.1626E-5 7.1823E-5 1.40497E-4 9.4934E-5 7.6754E-5 8.4011E-5 7.6472E-5 7.6709E-5 7.4078E-5 6.2601E-5 5.8837E-5 6.2999E-5 5.6375E-5 6.5909E-5 5.1494E-5 6.9354E-5 6.3191E-5 6.7127E-5 6.2549E-5 6.1028E-5 6.1868E-5 6.3221E-5 5.473E-5 7.4145E-5 5.2059E-5 7.4166E-5 6.928E-5 7.0998E-5 7.9987E-5 5.8923E-5 6.103E-5 6.527E-5 6.8178E-5 8.0205E-5 6.0328E-5 8.5532E-5 8.4608E-5 8.6664E-5 1.02706E-4 8.7944E-5 7.3841E-5 7.8102E-5 6.8523E-5 7.5265E-5 5.5481E-5 9.3284E-5 8.7231E-5 8.4055E-5 7.7893E-5 1.44088E-4 1.32299E-4 9.6886E-5 1.25579E-4 1.01272E-4 8.3134E-5 1.27786E-4 9.8774E-5 1.09278E-4 8.708E-5 7.3736E-5 9.2868E-5 8.7535E-5 7.5159E-5 8.934E-5 7.536E-5 9.575E-5 9.4366E-5 1.00724E-4 9.5261E-5 1.00177E-4 9.144E-5 1.11201E-4 1.22304E-4 8.9538E-5 6.1622E-5 9.1799E-5 8.4807E-5 9.2276E-5 8.326E-5 7.7549E-5 1.03476E-4 9.9156E-5 1.27025E-4 8.4526E-5 6.1722E-5 8.8939E-5 8.9395E-5 1.04009E-4 9.5353E-5 8.3481E-5 8.068E-5 8.6555E-5 7.1906E-5 8.3068E-5 6.1056E-5 8.9637E-5 8.0537E-5 8.1731E-5 7.9668E-5 7.9776E-5 8.5893E-5 8.6146E-5 7.2552E-5 8.6565E-5 7.3737E-5 1.00423E-4 8.4176E-5 7.9692E-5 8.0329E-5 7.4026E-5 7.6309E-5 8.1541E-5 7.2089E-5 8.3388E-5 8.0016E-5 9.229E-5 1.48213E-4 1.04254E-4 9.5448E-5 7.4626E-5 9.0607E-5 9.4702E-5 8.6438E-5 1.08435E-4 7.916E-5 1.19907E-4 1.17414E-4 1.18506E-4 1.10359E-4 9.8017E-5 8.245E-5 1.06537E-4 8.2848E-5 9.1049E-5 6.568E-5 9.5884E-5 8.7904E-5 7.9815E-5 9.5099E-5 8.0997E-5 8.173E-5 8.8454E-5 7.6558E-5 8.7787E-5 6.3336E-5 1.01692E-4 1.41268E-4 1.28455E-4 1.22405E-4 8.8669E-5 7.5591E-5 8.5765E-5 7.3555E-5 8.4858E-5 6.1794E-5 8.7014E-5 9.3632E-5 8.8674E-5 8.7235E-5 7.7404E-5 7.4546E-5 9.1315E-5 8.9818E-5 9.5297E-5 7.846E-5 1.09348E-4 8.3822E-5 8.6166E-5 8.6036E-5 8.3127E-5 8.633E-5 1.05381E-4 8.7036E-5 9.4838E-5 7.0066E-5 9.9717E-5 9.2441E-5 9.3487E-5 9.1258E-5 1.08858E-4 8.1812E-5 8.521E-5 9.6147E-5 1.34205E-4 1.49416E-4 1.89575E-4 1.7105E-4 1.08715E-4 8.6924E-5 7.913E-5 8.2136E-5 8.7549E-5 7.7001E-5 1.04643E-4 6.724E-5 9.5241E-5 8.4193E-5 8.6628E-5 8.2873E-5 7.9059E-5 9.1415E-5 1.1937E-4 1.24201E-4 1.02626E-4 6.9023E-5 1.20317E-4 1.01479E-4 1.25016E-4 1.13714E-4 1.25389E-4 1.25969E-4 1.08569E-4 9.7521E-5 9.7209E-5 7.3058E-5 9.7151E-5 8.8895E-5 1.01737E-4 9.9478E-5 8.2226E-5 8.2221E-5 1.05158E-4 8.4289E-5 9.398E-5 7.5332E-5 9.4937E-5 8.4121E-5 8.2784E-5 8.2429E-5 9.6495E-5 1.20797E-4 1.1501E-4 8.4896E-5 1.71947E-4 1.1714E-4 1.27402E-4 9.2767E-5 8.6848E-5 9.9689E-5 8.7631E-5 8.653E-5 9.9659E-5 1.0095E-4 9.9829E-5 8.1582E-5 9.7363E-5 9.943E-5 1.07073E-4 1.27851E-4 9.8862E-5 7.9519E-5 8.7539E-5 7.6614E-5 8.8044E-5 6.1602E-5 9.2399E-5 8.6685E-5 1.03888E-4 9.7714E-5 1.33213E-4 8.5615E-5 8.1585E-5 8.024E-5 8.577E-5 6.1596E-5 9.4103E-5 9.541E-5 8.8164E-5 8.3823E-5 8.1789E-5 7.8018E-5 8.7915E-5 8.6969E-5 9.0243E-5 6.2043E-5 9.1908E-5 8.448E-5 8.4387E-5 8.2222E-5 9.4878E-5 8.0362E-5 8.4988E-5 8.1227E-5 1.07095E-4 1.09148E-4 1.22655E-4 1.17518E-4 1.76643E-4 1.09124E-4 9.0703E-5 8.0824E-5 8.8126E-5 7.6732E-5 2.67195E-4 1.06479E-4 1.15939E-4 9.5311E-5 8.6123E-5 8.9357E-5 7.7299E-5 7.8325E-5 8.3073E-5 7.5954E-5 9.0804E-5 7.8806E-5 1.0377E-4 1.33664E-4 9.243E-5 8.8886E-5 9.5857E-5 9.5295E-5 9.6018E-5 1.00587E-4 1.08799E-4 7.7669E-5 1.03109E-4 9.0537E-5 1.44033E-4 9.3298E-5 8.244E-5 8.641E-5 9.6212E-5 8.0054E-5 9.158E-5 6.8151E-5 9.7487E-5 1.20784E-4 1.64883E-4 9.9525E-5 8.9224E-5 1.52871E-4 2.01633E-4 2.19417E-4 1.34338E-4 7.8231E-5 1.16584E-4 8.9499E-5 8.5042E-5 8.9091E-5 1.22642E-4 1.03326E-4 1.01011E-4 1.29088E-4 1.13535E-4 7.3215E-5 1.05151E-4 9.9777E-5 9.438E-5 8.6917E-5 9.8316E-5 8.6511E-5 1.0109E-4 7.6678E-5 1.05803E-4 6.802E-5 9.3649E-5 8.2522E-5 9.4608E-5 8.0933E-5 7.9184E-5 8.3496E-5 8.8439E-5 7.9131E-5 1.18017E-4 9.0918E-5 9.4472E-5 8.4384E-5 8.1604E-5 7.8638E-5 6.6865E-5 9.0398E-5 9.2241E-5 8.3206E-5 1.11586E-4 6.3412E-5 9.5545E-5 8.6312E-5 1.3939E-4 1.22552E-4 8.7931E-5 8.6298E-5 1.07186E-4 9.2947E-5 1.74546E-4 1.35692E-4 1.8294E-4 1.09133E-4 1.30132E-4 9.2979E-5 8.073E-5 8.6397E-5 9.1389E-5 7.7222E-5 9.8542E-5 6.3347E-5 9.1546E-5 8.9262E-5 8.7857E-5 9.3834E-5 8.1673E-5 9.3966E-5 9.5398E-5 1.36466E-4 9.5404E-5 1.19751E-4 1.21707E-4 1.40732E-4 1.28796E-4 1.92766E-4 9.1148E-5 8.936E-5 9.2028E-5 8.0017E-5 9.2823E-5 6.3663E-5 1.056E-4 8.965E-5 9.0056E-5 8.9842E-5 7.6179E-5 9.4484E-5 9.8013E-5 1.0983E-4 1.06772E-4 1.04798E-4 1.56248E-4 1.47109E-4 1.31886E-4 1.31487E-4 1.22256E-4 1.19253E-4 1.46636E-4 1.02455E-4 1.37307E-4 1.0859E-4 1.54386E-4 1.35944E-4 1.23207E-4 1.33944E-4 8.1401E-5 9.712E-5 9.9723E-5 9.6108E-5 1.01444E-4 7.2716E-5 1.29426E-4 1.52473E-4 1.46179E-4 1.99418E-4 1.76031E-4 1.12652E-4 1.02685E-4 9.354E-5 9.3373E-5 6.4644E-5 9.745E-5 8.932E-5 1.02214E-4 2.56304E-4 9.0414E-5 1.03461E-4 1.36713E-4 9.2904E-5 1.73215E-4 7.6253E-5 1.06822E-4 9.9816E-5 8.575E-5 9.3672E-5 1.08999E-4 1.05059E-4 9.9025E-5 7.9503E-5 9.1537E-5 1.43931E-4 1.20491E-4 9.2748E-5 8.3986E-5 8.7291E-5 7.9962E-5 9.6319E-5 9.7306E-5 9.168E-5 1.04043E-4 8.3301E-5 1.09115E-4 9.8231E-5 8.6653E-5 8.1804E-5 9.4195E-5 9.0485E-5 9.6087E-5 7.6266E-5 9.2293E-5 7.9823E-5 1.06634E-4 8.72E-5 8.1227E-5 8.4035E-5 6.6762E-5 8.875E-5 8.8666E-5 8.798E-5 9.4752E-5 7.3542E-5 9.3338E-5 8.5311E-5 7.4398E-5 9.1602E-5 9.9104E-5 8.8255E-5 1.21304E-4 1.20322E-4 1.22615E-4 8.6218E-5 1.09454E-4 8.6219E-5 7.7999E-5 1.06747E-4 6.8439E-5 9.0154E-5 9.5339E-5 8.5625E-5 9.1711E-5 7.1557E-5 9.3374E-5 9.7825E-5 7.5309E-5 8.1993E-5 7.1358E-5 8.3723E-5 8.578E-5 7.7403E-5 8.6527E-5 7.1288E-5 9.4027E-5 8.5071E-5 7.3762E-5 7.2867E-5 6.5117E-5 9.2939E-5 1.46281E-4 1.27918E-4 1.18455E-4 6.8133E-5 9.4772E-5 9.9464E-5 8.0759E-5 8.3734E-5 6.9326E-5 8.6435E-5 9.7914E-5 8.4044E-5 9.1932E-5 6.8063E-5 8.9959E-5 8.2061E-5 1.13879E-4 8.2564E-5 1.08118E-4 1.12481E-4 1.94332E-4 1.47182E-4 1.13727E-4 7.3534E-5 1.19008E-4 9.7336E-5 8.1429E-5 9.8605E-5 1.53423E-4 1.09882E-4 1.16348E-4 9.8105E-5 1.28476E-4 7.1841E-5 9.6804E-5 9.1555E-5 8.9104E-5 1.21428E-4 7.7873E-5 8.5575E-5 1.03859E-4 8.9369E-5 1.01461E-4 7.5625E-5 1.01038E-4 1.04689E-4 7.4838E-5 8.6148E-5 1.43747E-4 9.6579E-5 9.2811E-5 8.2865E-5 9.3159E-5 7.8708E-5 9.9484E-5 9.0613E-5 8.571E-5 8.2497E-5 6.8804E-5 8.6497E-5 9.0506E-5 9.2395E-5 9.6896E-5 7.4234E-5 9.8644E-5 9.8645E-5 7.635E-5 7.8083E-5 9.4225E-5 1.16304E-4 9.8181E-5 9.4764E-5 1.38041E-4 2.28462E-4 2.8563E-4 1.01807E-4 7.8885E-5 7.4974E-5 1.21638E-4 1.08235E-4 1.00305E-4 1.7524E-4 1.71816E-4 9.8486E-5 1.08435E-4 1.08362E-4 8.9376E-5 8.0452E-5 7.9509E-5 9.3678E-5 9.2114E-5 8.4321E-5 1.65687E-4 1.21743E-4 2.1899E-4 4.66729E-4 1.05155E-4 8.0706E-5 7.8388E-5 9.714E-5 9.4894E-5 8.4059E-5 9.7689E-5 7.7006E-5 1.13837E-4 1.25257E-4 8.8413E-5 1.00918E-4 7.4732E-5 1.00048E-4 9.3469E-5 8.3092E-5 9.9236E-5 7.0328E-5 1.01602E-4 9.3963E-5 7.4495E-5 6.8747E-5 6.3403E-5 1.00118E-4 9.5558E-5 8.647E-5 1.00912E-4 7.044E-5 1.06061E-4 8.9124E-5 7.4737E-5 7.015E-5 7.0437E-5 9.3942E-5 9.3181E-5 8.5567E-5 9.9342E-5 6.9252E-5 1.00191E-4 9.3618E-5 1.07011E-4 7.777E-5 7.4219E-5 9.0641E-5 9.5871E-5 9.9332E-5 1.09761E-4 7.3564E-5 9.9306E-5 9.6488E-5 7.5098E-5 8.1219E-5 7.0508E-5 9.347E-5 1.01977E-4 9.1328E-5 1.00986E-4 7.1901E-5 9.9364E-5 9.0731E-5 7.103E-5 7.1576E-5 6.5184E-5 8.9923E-5 9.1373E-5 8.4132E-5 9.9643E-5 7.3649E-5 9.7559E-5 1.0134E-4 7.3445E-5 7.0626E-5 

Timer for Syntactic Relevance:: 0.407526842
Timer for solver: 0.115647487
		DELL.SPLX	DELL_C50_0.TESTCASES
			Diag: [mandatory(Dell Laptops/Notebooks, Product Category), mandatory(Dell Laptops/Notebooks, Operating System), mandatory(Dell Laptops/Notebooks, Hard Drive), mandatory(Dell Laptops/Notebooks, Memory), mandatory(Dell Laptops/Notebooks, Processor), alternative(Product Category, Mini Notebooks, Inspiron Laptops, Studio Laptops, XPS Laptops, Adamo, Studio XPS Laptops), alternative(Operating System, Windows Vista 64 bit, Windows XP Home, Ubuntu Linux, Windows 7, Windows 8), alternative(Hard Drive, 500GB, 320GB, 250GB, 160GB, 128GB Solid State, 120GB, 80GB), excludes(Adamo, CD_DVD +RW)]
			Diag size: 9
The size of Consistency checks: 133301
The number of Choco Solver calls: 1270
The number of different: 3
The number of INconsistent: 25
The number of union: 243
The number of post constraints: 133301
The number of consistent: 1245
The number of unpost constraints: 133301
The number of Consistency checks: 122

Timer for Syntactic Relevance:[thread=1]: 0.427482114
0.427482114 
Timer for solver[thread=1]: 0.122845104
3.42113E-4 1.77982E-4 9.9709E-5 1.48358E-4 1.64284E-4 1.08635E-4 9.8597E-5 9.1516E-5 9.2985E-5 1.12775E-4 1.03298E-4 9.6078E-5 1.5577E-4 1.34977E-4 1.66098E-4 8.7808E-5 8.865E-5 1.60874E-4 5.5071E-5 1.24149E-4 1.36652E-4 1.00605E-4 5.5634E-5 9.3955E-5 8.8287E-5 5.5392E-5 4.3269E-5 3.4773E-5 3.6373E-5 3.7552E-5 1.30668E-4 2.03464E-4 7.737E-5 7.9673E-5 1.25779E-4 1.04051E-4 7.3005E-5 8.8627E-5 1.18187E-4 1.51686E-4 1.94061E-4 2.01228E-4 1.06941E-4 1.05381E-4 2.88088E-4 1.52039E-4 1.52344E-4 1.26749E-4 1.71225E-4 1.20908E-4 1.25132E-4 1.41944E-4 1.15252E-4 1.04152E-4 1.16265E-4 1.09631E-4 1.08599E-4 1.58311E-4 1.04651E-4 1.02798E-4 1.09315E-4 1.01507E-4 1.12246E-4 1.13596E-4 1.02284E-4 1.05272E-4 1.05402E-4 2.4261E-5 1.00884E-4 1.19118E-4 1.16612E-4 1.06996E-4 1.09936E-4 1.0783E-4 1.9934E-5 1.0053E-5 8.208E-6 1.27696E-4 1.1373E-5 1.15872E-4 1.07935E-4 1.2599E-5 1.08587E-4 1.02269E-4 1.01343E-4 1.03238E-4 1.09279E-4 1.08144E-4 1.00566E-4 1.04994E-4 1.1847E-4 1.08341E-4 1.21369E-4 1.09568E-4 1.07878E-4 1.05587E-4 1.08593E-4 1.12177E-4 1.04771E-4 1.05405E-4 1.20571E-4 1.06174E-4 1.1084E-4 1.0198E-4 1.04961E-4 1.04301E-4 1.06711E-4 1.05729E-4 1.02594E-4 1.01998E-4 2.6584E-5 1.13704E-4 1.10639E-4 1.3331E-5 1.02148E-4 1.02194E-4 1.03242E-4 1.04234E-4 1.02616E-4 1.00319E-4 1.20859E-4 1.20117E-4 1.23694E-4 1.17155E-4 3.5783E-5 1.20723E-4 1.2499E-4 1.20793E-4 1.11363E-4 2.7478E-5 1.57713E-4 1.25598E-4 1.24566E-4 1.85466E-4 1.10864E-4 1.04577E-4 1.09147E-4 1.04727E-4 1.05603E-4 9.9721E-5 1.1678E-4 1.16401E-4 1.29612E-4 1.10835E-4 1.15952E-4 3.9228E-5 1.15412E-4 1.09595E-4 9.7787E-5 9.505E-5 1.11668E-4 1.01487E-4 9.6488E-5 9.972E-5 9.0972E-5 8.6101E-5 4.1025E-5 2.3452E-5 1.53381E-4 1.43443E-4 1.64241E-4 1.34067E-4 6.8312E-5 9.5884E-5 8.6582E-5 7.707E-5 7.4286E-5 7.1778E-5 7.1565E-5 1.57896E-4 9.5514E-5 7.8199E-5 1.03069E-4 1.85644E-4 1.24102E-4 9.4047E-5 9.5819E-5 9.542E-5 9.0108E-5 9.124E-5 1.9347E-4 1.11213E-4 9.5731E-5 7.5815E-5 9.1404E-5 7.4049E-5 8.6365E-5 8.7422E-5 8.3636E-5 8.9715E-5 1.00373E-4 8.3957E-5 8.6195E-5 6.6E-5 8.1719E-5 6.8621E-5 8.1182E-5 8.05E-5 1.19274E-4 1.07589E-4 9.0883E-5 7.5257E-5 8.1808E-5 6.7033E-5 7.3119E-5 6.3826E-5 1.3784E-4 8.4455E-5 8.3017E-5 7.6047E-5 8.0751E-5 6.5529E-5 7.8895E-5 6.1059E-5 7.4748E-5 6.703E-5 8.5139E-5 9.2374E-5 9.5358E-5 8.3001E-5 1.22821E-4 7.2053E-5 8.1691E-5 6.3412E-5 7.7417E-5 6.4041E-5 8.4146E-5 8.1042E-5 7.8779E-5 8.8523E-5 1.02569E-4 6.8551E-5 8.1005E-5 6.3318E-5 7.5108E-5 7.089E-5 7.7401E-5 8.2348E-5 8.1031E-5 7.6967E-5 9.7819E-5 7.4006E-5 8.5516E-5 6.4296E-5 7.4151E-5 6.2846E-5 7.2693E-5 7.4524E-5 7.6717E-5 7.1893E-5 9.0355E-5 7.0666E-5 8.223E-5 6.2499E-5 7.8085E-5 6.692E-5 7.8128E-5 7.9024E-5 7.7783E-5 7.3641E-5 1.18819E-4 8.6433E-5 1.0268E-4 7.6432E-5 8.9072E-5 8.9992E-5 1.03644E-4 1.03632E-4 8.4214E-5 7.9654E-5 7.9281E-5 7.6108E-5 8.4073E-5 7.7423E-5 8.5262E-5 6.9357E-5 7.812E-5 8.2841E-5 8.1774E-5 7.7214E-5 1.20156E-4 9.7918E-5 1.0274E-4 1.06525E-4 1.10439E-4 1.22947E-4 1.23631E-4 1.38531E-4 2.16849E-4 1.13936E-4 8.6482E-5 7.5596E-5 1.10006E-4 1.07343E-4 9.9063E-5 7.9702E-5 8.6526E-5 8.3653E-5 8.8141E-5 9.6495E-5 8.8946E-5 7.6034E-5 8.7992E-5 6.8935E-5 9.6306E-5 8.0497E-5 1.04592E-4 9.6107E-5 9.2302E-5 7.8439E-5 7.9024E-5 8.5774E-5 9.8364E-5 8.7443E-5 9.9508E-5 7.9767E-5 1.07082E-4 1.05793E-4 1.28514E-4 1.87586E-4 1.50103E-4 1.20926E-4 8.9792E-5 6.7764E-5 9.3414E-5 8.1557E-5 9.4547E-5 8.4392E-5 8.2611E-5 7.4919E-5 8.8014E-5 7.7646E-5 1.22332E-4 8.2076E-5 9.7428E-5 7.9261E-5 9.3932E-5 1.26075E-4 1.38923E-4 1.5947E-4 8.505E-5 8.3415E-5 9.2383E-5 6.8091E-5 9.9974E-5 7.406E-5 9.2121E-5 8.8415E-5 9.2079E-5 8.3608E-5 9.5993E-5 1.15196E-4 1.45682E-4 1.05725E-4 1.44239E-4 1.22938E-4 1.38357E-4 1.38156E-4 1.33038E-4 1.2387E-4 1.49498E-4 1.23828E-4 1.37015E-4 1.09724E-4 1.32665E-4 1.26547E-4 3.57688E-4 1.99776E-4 1.83545E-4 1.6162E-4 1.28166E-4 1.23997E-4 1.42695E-4 1.13801E-4 9.8442E-5 7.4701E-5 8.6332E-5 8.4977E-5 9.3983E-5 9.7446E-5 8.8801E-5 8.0768E-5 9.657E-5 7.8348E-5 9.1921E-5 8.1855E-5 1.02063E-4 1.04085E-4 9.0667E-5 8.472E-5 8.0011E-5 8.5017E-5 9.8263E-5 1.08547E-4 1.17933E-4 1.0019E-4 1.32014E-4 1.35261E-4 1.04898E-4 9.6218E-5 1.78831E-4 1.59596E-4 1.22194E-4 9.6396E-5 8.8788E-5 7.2233E-5 1.08069E-4 1.21246E-4 9.4752E-5 9.2226E-5 8.234E-5 8.738E-5 1.0273E-4 1.06885E-4 9.3422E-5 1.17026E-4 1.19725E-4 1.08464E-4 9.8927E-5 8.8866E-5 1.1776E-4 8.8369E-5 9.5979E-5 8.044E-5 8.9206E-5 8.0103E-5 9.0447E-5 1.08451E-4 9.4515E-5 8.3908E-5 6.9706E-5 6.8419E-5 7.92E-5 6.453E-5 7.7239E-5 6.8474E-5 7.7459E-5 7.8795E-5 7.9792E-5 7.5893E-5 6.7727E-5 7.0398E-5 7.8918E-5 6.5782E-5 7.7343E-5 7.0498E-5 9.841E-5 7.7581E-5 7.7076E-5 7.2401E-5 6.4775E-5 6.6304E-5 8.5523E-5 7.2696E-5 8.4899E-5 6.6131E-5 8.0228E-5 7.8072E-5 7.7555E-5 7.5341E-5 6.497E-5 6.6577E-5 7.5945E-5 6.5879E-5 7.5497E-5 6.373E-5 7.913E-5 7.7873E-5 7.8985E-5 7.1765E-5 1.04742E-4 7.5956E-5 7.7792E-5 6.2023E-5 7.4077E-5 6.1225E-5 7.756E-5 7.4897E-5 7.4265E-5 7.3708E-5 6.2434E-5 6.8867E-5 7.3621E-5 7.0883E-5 8.3475E-5 7.7723E-5 8.515E-5 7.9716E-5 7.7788E-5 7.6244E-5 6.4595E-5 6.6668E-5 8.3036E-5 6.5769E-5 9.5537E-5 1.3604E-4 9.3361E-5 8.0371E-5 1.22084E-4 7.7374E-5 6.802E-5 7.4088E-5 8.1932E-5 6.7801E-5 8.1308E-5 6.5027E-5 8.5343E-5 7.6995E-5 9.2115E-5 8.6865E-5 1.34634E-4 9.8203E-5 1.49503E-4 2.33445E-4 1.46695E-4 1.30143E-4 9.3891E-5 8.8329E-5 9.8179E-5 1.28553E-4 8.3048E-5 7.862E-5 8.7277E-5 7.9125E-5 8.9771E-5 6.9791E-5 8.704E-5 8.1151E-5 8.4014E-5 7.5389E-5 8.0254E-5 7.6413E-5 8.2503E-5 6.8847E-5 8.4098E-5 7.2903E-5 9.884E-5 9.1019E-5 9.28E-5 8.2295E-5 7.0786E-5 7.6975E-5 1.04752E-4 6.7372E-5 8.7153E-5 5.6421E-5 1.20362E-4 9.2042E-5 8.7841E-5 8.2447E-5 2.79552E-4 1.44298E-4 1.2318E-4 1.08144E-4 1.41705E-4 7.1807E-5 9.8913E-5 9.8773E-5 1.04843E-4 9.5597E-5 8.2013E-5 7.5199E-5 8.0037E-5 8.2112E-5 8.9801E-5 6.1893E-5 8.8362E-5 8.4922E-5 9.6253E-5 8.328E-5 7.0555E-5 7.1859E-5 7.9921E-5 7.0016E-5 8.4318E-5 6.3267E-5 9.2066E-5 8.0871E-5 8.6754E-5 9.1539E-5 7.9306E-5 8.0522E-5 8.0225E-5 6.977E-5 8.1292E-5 5.6386E-5 1.12782E-4 9.142E-5 9.6812E-5 9.1533E-5 9.1944E-5 8.7167E-5 9.4765E-5 1.4597E-4 1.08845E-4 8.0646E-5 9.2585E-5 8.5921E-5 9.3224E-5 8.7374E-5 7.7925E-5 7.4325E-5 1.01811E-4 8.4657E-5 1.06202E-4 5.753E-5 8.6836E-5 1.01357E-4 8.0535E-5 1.65969E-4 1.01448E-4 9.1567E-5 9.7319E-5 7.1855E-5 8.7753E-5 6.0223E-5 8.7315E-5 9.1059E-5 1.06218E-4 9.2962E-5 7.2919E-5 7.0395E-5 7.8852E-5 6.8403E-5 8.1442E-5 5.8129E-5 8.8417E-5 8.1594E-5 8.8473E-5 7.6959E-5 7.408E-5 6.8432E-5 8.0395E-5 6.7242E-5 9.3089E-5 7.4409E-5 8.7808E-5 7.9637E-5 8.3065E-5 7.7247E-5 6.5346E-5 6.8715E-5 7.8858E-5 6.7472E-5 7.8763E-5 7.2499E-5 1.11919E-4 8.1006E-5 8.3828E-5 8.0243E-5 6.7082E-5 7.0096E-5 8.3933E-5 6.5784E-5 7.8876E-5 7.084E-5 9.6687E-5 8.0175E-5 7.8132E-5 1.11258E-4 7.5528E-5 7.445E-5 9.0111E-5 7.4432E-5 8.3999E-5 7.4447E-5 9.3632E-5 9.0496E-5 8.5439E-5 7.9717E-5 7.0115E-5 8.4504E-5 9.0426E-5 7.2846E-5 8.29E-5 6.0008E-5 8.7285E-5 7.6873E-5 7.7093E-5 8.9311E-5 7.9646E-5 7.7544E-5 8.2175E-5 7.1134E-5 9.217E-5 6.6541E-5 9.0214E-5 1.0482E-4 8.7248E-5 1.05983E-4 1.27783E-4 1.08519E-4 1.09868E-4 7.6816E-5 9.6444E-5 6.9604E-5 9.3578E-5 9.1671E-5 8.4658E-5 8.853E-5 7.7347E-5 8.1642E-5 9.0297E-5 7.3206E-5 9.1453E-5 6.6941E-5 9.0495E-5 7.895E-5 7.8893E-5 7.7603E-5 1.14194E-4 8.3825E-5 8.5262E-5 8.2912E-5 9.9382E-5 7.8991E-5 9.1777E-5 8.0272E-5 8.9875E-5 8.0872E-5 7.8256E-5 7.4856E-5 8.277E-5 6.9416E-5 9.5758E-5 6.1909E-5 9.6164E-5 8.0152E-5 8.2929E-5 1.08103E-4 1.3417E-4 8.2787E-5 9.7838E-5 7.6096E-5 8.8887E-5 5.9189E-5 1.01273E-4 8.1866E-5 8.2095E-5 9.4717E-5 7.8356E-5 7.6182E-5 8.0098E-5 9.0656E-5 1.35914E-4 7.0264E-5 1.09773E-4 1.15622E-4 1.00644E-4 1.39701E-4 1.41833E-4 1.01906E-4 1.05739E-4 8.3761E-5 1.08478E-4 2.26088E-4 1.38617E-4 9.1405E-5 1.01671E-4 9.2624E-5 1.06522E-4 1.37607E-4 1.07057E-4 1.3929E-4 2.25341E-4 7.5779E-5 9.3833E-5 7.9777E-5 9.714E-5 9.8282E-5 1.09131E-4 9.0212E-5 9.3552E-5 7.5067E-5 1.0575E-4 8.5501E-5 9.3308E-5 8.3456E-5 8.2436E-5 8.1055E-5 7.4246E-5 7.5669E-5 8.0621E-5 7.3797E-5 9.0043E-5 7.4431E-5 9.7499E-5 8.7137E-5 8.1178E-5 8.2714E-5 8.4421E-5 8.0083E-5 8.2709E-5 7.462E-5 1.07064E-4 6.0799E-5 8.7342E-5 8.15E-5 8.1132E-5 8.3166E-5 7.7943E-5 8.833E-5 8.2792E-5 7.2916E-5 1.03968E-4 8.5556E-5 1.28443E-4 1.96406E-4 3.08076E-4 1.19317E-4 8.115E-5 7.7342E-5 8.188E-5 7.3287E-5 9.8434E-5 6.3775E-5 9.1679E-5 8.2659E-5 8.3542E-5 1.0546E-4 7.3316E-5 9.0721E-5 1.14281E-4 7.8657E-5 8.6373E-5 6.4062E-5 9.1753E-5 7.9067E-5 8.1106E-5 8.0351E-5 8.6366E-5 8.947E-5 9.1419E-5 7.4972E-5 8.5508E-5 5.8896E-5 9.1262E-5 8.02E-5 8.1766E-5 8.077E-5 7.2128E-5 7.3594E-5 8.1677E-5 7.8056E-5 9.0635E-5 7.14E-5 1.26594E-4 9.4322E-5 8.8129E-5 8.4496E-5 9.7155E-5 8.3137E-5 9.2812E-5 9.7421E-5 1.05436E-4 8.447E-5 1.00582E-4 1.4506E-4 1.51638E-4 8.8165E-5 9.6933E-5 1.21879E-4 1.09204E-4 1.04982E-4 2.37201E-4 2.54697E-4 1.43875E-4 8.8911E-5 8.3847E-5 7.5819E-5 8.7384E-5 9.123E-5 8.7134E-5 8.3607E-5 9.8609E-5 7.1559E-5 1.07003E-4 9.2832E-5 9.3406E-5 8.6791E-5 7.7691E-5 8.1478E-5 8.8758E-5 8.7173E-5 9.9547E-5 7.9625E-5 1.3522E-4 1.0954E-4 1.27321E-4 1.38647E-4 1.14412E-4 1.15008E-4 9.2025E-5 7.6997E-5 1.84059E-4 1.58676E-4 9.9567E-5 8.3533E-5 8.117E-5 8.3771E-5 1.09976E-4 1.10599E-4 9.4677E-5 1.39142E-4 1.785E-4 7.5399E-5 9.452E-5 1.1258E-4 1.28011E-4 1.00464E-4 8.0744E-5 1.30399E-4 1.05094E-4 8.4905E-5 9.3E-5 6.3255E-5 9.1337E-5 8.1164E-5 8.3722E-5 1.42441E-4 1.15189E-4 9.0811E-5 9.5604E-5 8.8223E-5 1.01198E-4 7.6621E-5 1.05192E-4 1.13589E-4 9.6526E-5 9.0875E-5 7.3618E-5 1.02229E-4 1.22868E-4 7.8622E-5 1.04215E-4 1.90472E-4 1.82065E-4 9.6333E-5 9.179E-5 8.7799E-5 7.1506E-5 8.2004E-5 8.5134E-5 7.7951E-5 9.1262E-5 6.6677E-5 9.6364E-5 9.9487E-5 9.3201E-5 1.25943E-4 7.5879E-5 9.3671E-5 9.8436E-5 1.0544E-4 1.62051E-4 1.07714E-4 1.55567E-4 1.40012E-4 1.37058E-4 1.25661E-4 1.08202E-4 1.37912E-4 1.504E-4 1.21538E-4 1.6711E-4 1.03921E-4 1.60718E-4 1.52408E-4 1.32156E-4 1.24427E-4 7.5335E-5 1.16525E-4 1.05337E-4 9.1577E-5 1.41505E-4 9.8215E-5 1.49415E-4 1.34895E-4 1.5464E-4 1.51614E-4 2.88065E-4 2.45326E-4 2.43398E-4 1.81889E-4 1.51283E-4 7.1264E-5 1.91579E-4 1.28317E-4 1.13811E-4 2.25246E-4 1.87181E-4 1.36628E-4 1.00214E-4 1.62846E-4 1.04961E-4 6.5898E-5 9.4936E-5 9.5628E-5 8.5583E-5 9.2471E-5 1.4329E-4 1.00794E-4 1.06344E-4 8.8562E-5 9.6496E-5 6.2645E-5 9.4239E-5 8.2158E-5 8.131E-5 7.9056E-5 7.9221E-5 9.7489E-5 9.2439E-5 8.3806E-5 9.1777E-5 6.8596E-5 1.28492E-4 8.8906E-5 7.9061E-5 9.4258E-5 7.9741E-5 9.9426E-5 1.32084E-4 1.4574E-4 1.75314E-4 7.7607E-5 9.4354E-5 8.4571E-5 7.2459E-5 7.5341E-5 6.3774E-5 8.6662E-5 9.1138E-5 7.8112E-5 8.9382E-5 7.4299E-5 9.9684E-5 9.6907E-5 1.50224E-4 8.7409E-5 7.2289E-5 9.3123E-5 9.7813E-5 8.8126E-5 9.7309E-5 6.5391E-5 1.03978E-4 9.9571E-5 7.8076E-5 8.0626E-5 6.4646E-5 8.0237E-5 9.8688E-5 7.7997E-5 9.5584E-5 1.13843E-4 1.75938E-4 1.63101E-4 9.3681E-5 9.0905E-5 7.2488E-5 8.5118E-5 1.02356E-4 8.7921E-5 1.00767E-4 6.7648E-5 9.5165E-5 1.12068E-4 8.0535E-5 8.2035E-5 6.3294E-5 7.8834E-5 1.54894E-4 8.4935E-5 9.821E-5 8.3423E-5 1.09272E-4 1.26902E-4 1.72004E-4 1.29777E-4 9.2153E-5 8.7685E-5 1.21949E-4 1.00984E-4 1.16493E-4 7.1207E-5 1.05354E-4 2.83482E-4 1.11703E-4 8.8292E-5 1.24556E-4 1.11782E-4 1.056E-4 1.26102E-4 1.23374E-4 7.0467E-5 1.00245E-4 8.5495E-5 7.2456E-5 8.4138E-5 6.696E-5 9.7822E-5 9.9886E-5 8.7198E-5 9.5738E-5 7.2233E-5 1.01447E-4 8.8996E-5 7.3267E-5 7.6939E-5 6.5532E-5 8.366E-5 9.0213E-5 7.6677E-5 8.9349E-5 6.9156E-5 1.07283E-4 8.5036E-5 8.9338E-5 9.4556E-5 1.7513E-4 3.99499E-4 1.28864E-4 9.5647E-5 1.06172E-4 6.763E-5 9.4741E-5 9.6853E-5 8.1139E-5 7.7193E-5 7.3961E-5 8.7187E-5 8.9396E-5 7.7933E-5 1.13462E-4 7.5696E-5 1.36033E-4 9.8633E-5 7.5472E-5 7.5057E-5 6.2237E-5 8.5011E-5 8.888E-5 8.0705E-5 8.8502E-5 6.1292E-5 8.9599E-5 8.1451E-5 7.9615E-5 7.6864E-5 6.6828E-5 8.4757E-5 9.0536E-5 7.9654E-5 1.06123E-4 6.9371E-5 1.00597E-4 8.497E-5 7.2264E-5 6.946E-5 5.6024E-5 8.1538E-5 8.5905E-5 7.8504E-5 9.7342E-5 7.4299E-5 1.08011E-4 1.07767E-4 7.959E-5 7.5069E-5 6.3919E-5 8.3724E-5 8.5108E-5 7.9661E-5 8.9891E-5 6.2347E-5 9.6126E-5 8.5653E-5 7.0174E-5 7.0604E-5 6.3489E-5 8.2292E-5 1.18603E-4 1.33538E-4 1.17078E-4 6.6564E-5 9.5525E-5 8.4986E-5 8.2888E-5 7.1508E-5 5.791E-5 8.366E-5 8.3991E-5 7.6466E-5 8.9494E-5 6.112E-5 9.3046E-5 8.4083E-5 7.0522E-5 6.1782E-5 5.7603E-5 8.7833E-5 9.3484E-5 8.3539E-5 9.2551E-5 6.3481E-5 9.3125E-5 8.0772E-5 6.8101E-5 6.2661E-5 5.7061E-5 8.1493E-5 8.3401E-5 8.46E-5 9.7866E-5 6.4589E-5 9.3501E-5 8.5628E-5 6.6841E-5 6.3173E-5 6.9123E-5 8.488E-5 8.4604E-5 7.7621E-5 8.9553E-5 6.2755E-5 1.03851E-4 9.7846E-5 7.6449E-5 6.8431E-5 6.2259E-5 1.35662E-4 1.41331E-4 9.8967E-5 1.07113E-4 7.6289E-5 1.01742E-4 9.0648E-5 6.8879E-5 6.4143E-5 5.8915E-5 8.3187E-5 8.5175E-5 8.076E-5 1.04057E-4 7.251E-5 1.12691E-4 9.2442E-5 6.6543E-5 6.2459E-5 7.253E-5 9.6453E-5 1.27083E-4 1.1488E-4 1.168E-4 1.34927E-4 1.49942E-4 1.14645E-4 7.9125E-5 7.7704E-5 7.0891E-5 1.49486E-4 1.45857E-4 8.7851E-5 1.51593E-4 9.243E-5 1.05447E-4 1.11811E-4 1.27501E-4 7.2122E-5 

Timer for Syntactic Relevance:: 0.427482114
Timer for solver: 0.122845104
		DELL.SPLX	DELL_C100_0.TESTCASES
			Diag: [mandatory(Dell Laptops/Notebooks, Product Category), mandatory(Dell Laptops/Notebooks, Operating System), mandatory(Dell Laptops/Notebooks, Hard Drive), mandatory(Dell Laptops/Notebooks, Laptop Weight), mandatory(Dell Laptops/Notebooks, Memory), mandatory(Dell Laptops/Notebooks, Processor), alternative(Product Category, Mini Notebooks, Inspiron Laptops, Studio Laptops, XPS Laptops, Adamo, Studio XPS Laptops), alternative(Operating System, Windows Vista 64 bit, Windows XP Home, Ubuntu Linux, Windows 7, Windows 8), alternative(Hard Drive, 500GB, 320GB, 250GB, 160GB, 128GB Solid State, 120GB, 80GB), excludes(Inspiron Laptops, Windows Vista 64 bit), excludes(Adamo, CD_DVD +RW), excludes(Studio XPS Laptops, 120GB)]
			Diag size: 12
The size of Consistency checks: 260496
The number of Choco Solver calls: 2540
The number of different: 3
The number of INconsistent: 54
The number of union: 243
The number of post constraints: 260496
The number of consistent: 2486
The number of unpost constraints: 260496
The number of Consistency checks: 122

Timer for Syntactic Relevance:[thread=1]: 0.790953281
0.790953281 
Timer for solver[thread=1]: 0.23296434
2.73575E-4 7.7986E-5 7.2252E-5 7.8468E-5 7.4649E-5 8.8487E-5 9.1737E-5 7.1453E-5 5.3578E-5 8.9355E-5 8.99E-5 1.00866E-4 1.38384E-4 1.47445E-4 1.67857E-4 6.98E-5 9.487E-5 1.5953E-4 4.7826E-5 1.04359E-4 1.52975E-4 1.31829E-4 5.4549E-5 1.06719E-4 9.6707E-5 7.083E-5 6.2122E-5 1.31349E-4 5.0449E-5 5.0451E-5 1.48085E-4 2.20605E-4 8.7291E-5 8.526E-5 9.4204E-5 7.4872E-5 1.02641E-4 1.01319E-4 1.13742E-4 9.0619E-5 9.2208E-5 7.478E-5 6.9275E-5 8.5043E-5 1.19409E-4 1.08542E-4 8.9251E-5 1.25446E-4 8.8108E-5 8.4182E-5 5.5521E-5 3.4591E-5 3.5751E-5 3.297E-5 3.2592E-5 4.5686E-5 3.9287E-5 3.6324E-5 4.3976E-5 7.5731E-5 8.0181E-5 9.6355E-5 1.12931E-4 1.09356E-4 8.2659E-5 9.6283E-5 9.5217E-5 7.6846E-5 7.9298E-5 8.1979E-5 1.07527E-4 7.2964E-5 1.29961E-4 1.02081E-4 1.11389E-4 1.02988E-4 9.7129E-5 9.246E-5 1.00968E-4 9.6524E-5 1.23805E-4 1.3414E-4 3.11698E-4 1.72477E-4 9.2347E-5 9.9291E-5 1.09044E-4 1.87792E-4 1.56447E-4 1.7342E-4 2.51215E-4 1.54992E-4 1.71845E-4 1.37575E-4 2.693E-4 1.89042E-4 1.76339E-4 1.85868E-4 1.447E-4 1.51119E-4 2.36805E-4 1.92946E-4 2.03442E-4 1.58881E-4 1.94681E-4 1.55179E-4 1.68601E-4 1.32212E-4 1.15912E-4 1.13709E-4 1.13767E-4 1.20009E-4 1.09177E-4 1.09436E-4 1.10112E-4 1.06862E-4 1.12555E-4 1.13363E-4 1.06276E-4 1.51614E-4 1.28622E-4 1.09936E-4 1.18793E-4 1.11131E-4 1.09016E-4 1.08461E-4 1.12014E-4 4.1135E-5 1.07685E-4 1.04713E-4 1.7405E-5 9.232E-6 1.15059E-4 1.06424E-4 1.176E-4 1.10847E-4 1.17152E-4 1.25084E-4 1.27195E-4 1.20932E-4 1.62651E-4 1.14375E-4 1.14971E-4 1.1056E-4 2.3907E-5 1.0416E-5 8.474E-6 1.1045E-4 1.0157E-5 1.07862E-4 1.08281E-4 1.1108E-5 1.08105E-4 1.0622E-4 1.08123E-4 1.0762E-4 1.09158E-4 1.3687E-5 9.977E-6 1.19975E-4 1.87554E-4 3.6741E-5 1.25933E-4 1.06746E-4 1.12788E-4 1.11417E-4 1.09935E-4 1.10028E-4 1.07347E-4 1.05123E-4 1.12667E-4 1.19891E-4 1.35725E-4 3.1202E-5 1.1762E-5 9.479E-6 1.40604E-4 1.29479E-4 1.18003E-4 1.27725E-4 1.90946E-4 1.1221E-4 1.20088E-4 1.10099E-4 1.0853E-4 1.08817E-4 1.11264E-4 1.19265E-4 1.22251E-4 1.15136E-4 1.14661E-4 1.13996E-4 1.11627E-4 1.11799E-4 1.13932E-4 1.07714E-4 1.11608E-4 1.15482E-4 1.06672E-4 1.15975E-4 1.26305E-4 1.08003E-4 1.16205E-4 1.06354E-4 1.05273E-4 1.09014E-4 1.07494E-4 1.11164E-4 1.05719E-4 1.05054E-4 1.07694E-4 1.0894E-4 1.12467E-4 1.05939E-4 1.1035E-4 2.6489E-5 1.0616E-5 1.10798E-4 1.0643E-5 1.16832E-4 4.3569E-5 1.51871E-4 1.2476E-4 2.7956E-5 1.11695E-4 1.05541E-4 1.05868E-4 1.10098E-4 1.01791E-4 1.03541E-4 1.08139E-4 1.13166E-4 1.7823E-5 1.05492E-4 1.05127E-4 1.03904E-4 1.0764E-4 1.09781E-4 1.03382E-4 1.13518E-4 1.22045E-4 1.0626E-4 1.13871E-4 1.72416E-4 2.6964E-5 1.11901E-4 1.16134E-4 1.10556E-4 1.08487E-4 2.0844E-5 1.04737E-4 1.17354E-4 1.13333E-4 1.8301E-5 1.14068E-4 1.10229E-4 1.3594E-5 1.1349E-4 1.05103E-4 1.12339E-4 1.10226E-4 1.04011E-4 1.1322E-4 1.04537E-4 1.07128E-4 1.05246E-4 1.05698E-4 1.07983E-4 1.02495E-4 1.02766E-4 1.08319E-4 1.064E-4 1.03913E-4 1.06411E-4 1.01602E-4 1.00266E-4 1.05947E-4 1.08673E-4 1.04804E-4 1.19212E-4 1.33247E-4 1.09766E-4 1.03875E-4 1.07218E-4 1.0962E-4 4.8962E-5 1.19464E-4 1.00379E-4 1.04348E-4 1.06892E-4 5.5894E-5 1.21166E-4 1.31519E-4 1.2308E-4 1.10683E-4 1.16752E-4 1.22186E-4 1.18452E-4 1.48657E-4 8.9285E-5 1.53821E-4 1.15211E-4 1.1243E-4 1.07828E-4 1.04077E-4 1.02261E-4 2.7189E-5 3.467E-5 7.5211E-5 7.2534E-5 7.1168E-5 7.557E-5 9.0087E-5 8.7378E-5 1.00022E-4 7.6968E-5 8.1368E-5 7.6182E-5 1.9348E-5 7.8445E-5 8.6181E-5 6.9895E-5 2.1271E-5 1.39077E-4 7.8874E-5 1.1128E-4 7.9475E-5 7.4765E-5 7.4739E-5 9.2708E-5 8.4827E-5 7.6218E-5 7.2353E-5 7.0437E-5 6.7891E-5 6.9341E-5 7.2488E-5 7.5694E-5 7.0253E-5 7.4754E-5 9.8448E-5 7.7174E-5 9.1394E-5 7.4092E-5 8.7041E-5 7.5686E-5 8.7538E-5 8.6167E-5 8.5397E-5 8.548E-5 8.5807E-5 8.6573E-5 1.57395E-4 1.15067E-4 1.16277E-4 1.1899E-4 9.4768E-5 1.50659E-4 1.11685E-4 1.06468E-4 9.9023E-5 7.6506E-5 9.1189E-5 7.9303E-5 8.8416E-5 7.2832E-5 8.6176E-5 8.6548E-5 8.3503E-5 8.411E-5 8.053E-5 8.1016E-5 7.8203E-5 8.3253E-5 8.7731E-5 8.1572E-5 7.9722E-5 9.3432E-5 1.20453E-4 1.75575E-4 9.9412E-5 7.5719E-5 8.8712E-5 7.4195E-5 8.1095E-5 6.8863E-5 1.01396E-4 8.9092E-5 7.943E-5 7.9503E-5 7.9865E-5 9.3054E-5 7.4768E-5 7.9802E-5 8.2754E-5 8.0289E-5 7.8181E-5 8.4557E-5 7.5848E-5 8.3943E-5 9.0301E-5 6.7901E-5 8.2613E-5 6.2024E-5 7.4273E-5 6.4324E-5 7.603E-5 7.6683E-5 8.0416E-5 7.2942E-5 8.0886E-5 8.2278E-5 7.5342E-5 7.3352E-5 8.2964E-5 7.4263E-5 7.1745E-5 1.79198E-4 1.24208E-4 9.9163E-5 2.02695E-4 1.15864E-4 1.15002E-4 1.02317E-4 1.07719E-4 8.7365E-5 1.36376E-4 8.8841E-5 8.2342E-5 7.4684E-5 7.5455E-5 7.6188E-5 7.6922E-5 7.5405E-5 8.3609E-5 7.5666E-5 7.3816E-5 8.1813E-5 7.5409E-5 8.1728E-5 7.8421E-5 8.4245E-5 1.25902E-4 6.9875E-5 7.8746E-5 6.6663E-5 7.5633E-5 7.5419E-5 7.7492E-5 7.0574E-5 7.1739E-5 7.3556E-5 6.7974E-5 7.9287E-5 8.0913E-5 7.0785E-5 7.2064E-5 8.1028E-5 7.2271E-5 8.1619E-5 9.1514E-5 7.2884E-5 8.1723E-5 6.063E-5 7.459E-5 6.4137E-5 1.08892E-4 8.0728E-5 8.0035E-5 7.4734E-5 7.1161E-5 7.5718E-5 6.9328E-5 8.1404E-5 8.6159E-5 7.4972E-5 7.6165E-5 8.4453E-5 7.518E-5 8.4224E-5 1.0722E-4 9.4658E-5 1.17702E-4 7.1059E-5 9.3349E-5 6.5913E-5 7.883E-5 7.7058E-5 7.5541E-5 6.9994E-5 7.052E-5 7.6278E-5 6.9372E-5 1.03363E-4 9.8989E-5 1.08757E-4 9.0295E-5 9.4568E-5 7.4993E-5 8.345E-5 8.9382E-5 6.8408E-5 8.2534E-5 6.0867E-5 7.3966E-5 6.5043E-5 7.9762E-5 7.8706E-5 8.4681E-5 7.2012E-5 6.8008E-5 7.6769E-5 6.7884E-5 1.08371E-4 1.34967E-4 1.15341E-4 1.5473E-4 9.1245E-5 7.8612E-5 8.102E-5 7.7476E-5 8.1416E-5 8.5017E-5 6.4946E-5 7.6356E-5 6.6378E-5 8.1124E-5 8.1088E-5 7.9402E-5 7.6055E-5 6.7356E-5 7.8334E-5 7.2031E-5 7.9597E-5 8.4861E-5 6.5654E-5 6.9296E-5 8.2483E-5 9.2796E-5 1.07506E-4 1.45388E-4 8.9983E-5 8.6157E-5 6.2309E-5 7.7628E-5 6.5514E-5 7.7394E-5 7.7263E-5 7.7666E-5 6.8642E-5 6.4172E-5 7.6734E-5 6.9823E-5 7.3612E-5 8.2274E-5 6.4095E-5 7.2178E-5 7.7013E-5 7.4473E-5 9.3194E-5 1.04921E-4 8.9729E-5 8.9427E-5 6.5793E-5 7.6219E-5 6.5311E-5 7.9263E-5 7.8713E-5 9.4408E-5 7.9757E-5 6.6582E-5 8.2918E-5 6.9748E-5 9.2092E-5 8.9481E-5 7.6797E-5 8.0531E-5 8.1031E-5 7.4214E-5 8.3126E-5 9.7077E-5 7.5458E-5 9.8309E-5 8.5606E-5 8.2606E-5 8.0618E-5 8.4018E-5 8.3298E-5 8.2388E-5 7.5915E-5 6.4635E-5 7.7984E-5 7.0484E-5 8.029E-5 8.5131E-5 7.5251E-5 7.8915E-5 8.5097E-5 8.2105E-5 9.1212E-5 8.8625E-5 7.2506E-5 8.9929E-5 6.5463E-5 8.2893E-5 8.7577E-5 9.4653E-5 1.22792E-4 1.04189E-4 9.5006E-5 7.4403E-5 8.3188E-5 7.0585E-5 7.3778E-5 8.7776E-5 9.923E-5 1.42651E-4 9.0783E-5 8.3588E-5 9.4074E-5 8.1973E-5 6.9969E-5 8.0941E-5 7.4193E-5 8.3658E-5 7.8519E-5 9.3809E-5 8.6198E-5 8.4243E-5 7.4758E-5 7.6039E-5 8.3671E-5 7.3309E-5 8.9877E-5 8.9183E-5 7.6209E-5 8.4949E-5 8.5748E-5 7.7191E-5 8.3556E-5 7.7673E-5 6.6709E-5 8.0254E-5 6.2123E-5 7.7736E-5 6.5824E-5 8.0039E-5 7.6372E-5 7.5592E-5 8.5407E-5 6.9416E-5 8.2685E-5 8.1116E-5 8.0116E-5 8.6919E-5 6.3491E-5 7.6235E-5 8.0354E-5 7.5127E-5 8.2432E-5 7.3896E-5 6.652E-5 8.9621E-5 6.4545E-5 7.715E-5 6.7027E-5 7.7365E-5 7.8887E-5 7.7337E-5 7.2011E-5 6.2649E-5 7.9249E-5 6.915E-5 7.3292E-5 7.8815E-5 1.16133E-4 7.9093E-5 8.2072E-5 7.4068E-5 8.359E-5 7.4126E-5 1.2787E-4 1.03574E-4 6.9838E-5 8.0267E-5 6.8568E-5 9.0669E-5 9.2582E-5 9.1742E-5 7.9156E-5 6.6084E-5 8.1199E-5 7.0153E-5 7.592E-5 8.0128E-5 6.2286E-5 7.2722E-5 7.9366E-5 7.0548E-5 8.084E-5 7.2142E-5 6.5791E-5 7.5642E-5 5.9058E-5 7.3388E-5 6.2865E-5 7.7893E-5 7.6706E-5 7.6826E-5 7.0511E-5 5.9767E-5 7.7772E-5 7.0221E-5 8.5996E-5 8.7559E-5 6.3174E-5 7.2224E-5 7.769E-5 7.355E-5 8.2415E-5 7.2193E-5 6.4639E-5 7.4986E-5 5.9636E-5 7.4603E-5 6.5367E-5 7.5369E-5 7.7779E-5 7.7545E-5 7.255E-5 6.2452E-5 7.8808E-5 6.7747E-5 7.3462E-5 7.5994E-5 5.9177E-5 7.0588E-5 7.8774E-5 7.0543E-5 7.9314E-5 7.2827E-5 6.5781E-5 7.5127E-5 6.0584E-5 7.5402E-5 6.5526E-5 7.6059E-5 7.6923E-5 7.7117E-5 7.0306E-5 5.9952E-5 7.8597E-5 7.0239E-5 7.2665E-5 8.768E-5 6.5212E-5 8.3494E-5 8.2612E-5 7.5532E-5 8.133E-5 7.3012E-5 6.8227E-5 7.5624E-5 6.0481E-5 7.3486E-5 6.3788E-5 8.7656E-5 8.1052E-5 1.06969E-4 7.6276E-5 7.0321E-5 9.0756E-5 7.702E-5 7.8061E-5 7.9049E-5 7.0075E-5 1.39243E-4 8.4008E-5 7.6407E-5 8.2148E-5 7.029E-5 6.5784E-5 9.5795E-5 6.5836E-5 8.096E-5 6.8241E-5 8.0117E-5 7.7336E-5 8.046E-5 7.2831E-5 6.2086E-5 8.056E-5 8.7033E-5 7.9742E-5 1.01457E-4 7.1525E-5 9.3631E-5 9.3222E-5 8.592E-5 8.8864E-5 1.09259E-4 8.3371E-5 9.323E-5 6.2249E-5 7.7448E-5 7.8468E-5 1.0523E-4 9.1806E-5 9.9435E-5 9.076E-5 1.18431E-4 1.12996E-4 9.8117E-5 9.3163E-5 9.2232E-5 8.2278E-5 7.8009E-5 9.3884E-5 7.8713E-5 8.6538E-5 7.5799E-5 7.3421E-5 8.62E-5 7.468E-5 9.0171E-5 7.7594E-5 8.128E-5 8.0442E-5 8.1561E-5 8.5467E-5 1.02518E-4 1.06859E-4 9.6345E-5 1.25057E-4 1.76182E-4 7.1359E-5 8.5692E-5 8.5969E-5 7.6007E-5 1.25145E-4 7.7273E-5 8.0062E-5 8.4349E-5 7.6202E-5 9.4018E-5 7.8296E-5 8.0512E-5 7.8327E-5 7.7833E-5 7.3613E-5 7.0847E-5 9.1421E-5 9.0303E-5 7.722E-5 7.3053E-5 6.8142E-5 7.7478E-5 8.0585E-5 7.5274E-5 1.54405E-4 8.353E-5 7.3487E-5 8.2744E-5 6.6119E-5 7.7191E-5 8.2572E-5 8.4883E-5 8.0385E-5 8.2903E-5 7.5384E-5 7.9393E-5 8.4974E-5 7.6325E-5 7.839E-5 7.0343E-5 6.3334E-5 8.7175E-5 9.2944E-5 1.05065E-4 1.02785E-4 1.21338E-4 9.0467E-5 1.05929E-4 8.3185E-5 8.971E-5 8.0611E-5 9.1944E-5 8.2253E-5 9.1526E-5 7.9566E-5 6.626E-5 8.5472E-5 7.4144E-5 7.8031E-5 7.0994E-5 6.2537E-5 7.5882E-5 8.0928E-5 7.2509E-5 8.4327E-5 6.6618E-5 8.3185E-5 1.6104E-4 1.31116E-4 8.281E-5 7.9675E-5 8.3129E-5 7.8215E-5 8.3523E-5 8.7023E-5 7.5831E-5 8.4082E-5 1.03333E-4 8.6319E-5 8.796E-5 7.4346E-5 8.3198E-5 8.7306E-5 9.652E-5 9.7008E-5 7.7296E-5 8.9893E-5 8.7137E-5 6.6681E-5 8.0259E-5 6.9688E-5 8.0782E-5 8.1739E-5 7.9585E-5 7.7458E-5 6.3772E-5 8.1813E-5 6.9487E-5 7.6174E-5 7.3753E-5 6.1528E-5 7.4284E-5 8.3759E-5 8.4614E-5 8.4701E-5 7.015E-5 7.0696E-5 7.8874E-5 6.3786E-5 9.5167E-5 7.2125E-5 8.6443E-5 9.7676E-5 9.5409E-5 1.19205E-4 7.3421E-5 9.3887E-5 9.061E-5 1.01791E-4 7.8801E-5 7.6723E-5 9.829E-5 9.7634E-5 8.5777E-5 9.2022E-5 1.14188E-4 9.0504E-5 8.9231E-5 1.19983E-4 9.7437E-5 6.9576E-5 9.5162E-5 9.1283E-5 8.9925E-5 8.6226E-5 6.6617E-5 8.7588E-5 7.2987E-5 8.6606E-5 7.6061E-5 6.5543E-5 7.3585E-5 8.2967E-5 8.1185E-5 8.1887E-5 7.62E-5 1.41774E-4 9.0288E-5 7.9692E-5 8.4503E-5 7.0135E-5 8.3782E-5 8.8041E-5 9.4511E-5 7.9844E-5 6.3961E-5 9.5842E-5 7.9566E-5 8.0797E-5 7.5521E-5 6.4076E-5 7.3499E-5 8.1573E-5 7.3689E-5 8.0089E-5 6.8324E-5 6.8711E-5 8.0445E-5 6.6134E-5 7.9892E-5 6.9885E-5 9.6307E-5 9.0752E-5 8.5407E-5 7.9738E-5 6.5088E-5 8.7228E-5 8.3838E-5 8.2636E-5 7.5429E-5 6.4156E-5 8.6358E-5 8.7487E-5 8.9846E-5 8.3781E-5 7.8629E-5 7.518E-5 8.1201E-5 6.7359E-5 7.9018E-5 6.6916E-5 8.4941E-5 7.8507E-5 8.2929E-5 8.0736E-5 6.4497E-5 8.4108E-5 9.9056E-5 1.17413E-4 9.8129E-5 7.4066E-5 1.10757E-4 8.6535E-5 9.1159E-5 8.3216E-5 8.0242E-5 7.3541E-5 9.7122E-5 7.0177E-5 8.281E-5 6.6234E-5 8.4895E-5 8.0383E-5 8.5078E-5 7.8226E-5 6.3028E-5 9.2813E-5 1.47052E-4 8.3459E-5 7.5492E-5 1.99784E-4 2.16692E-4 1.02079E-4 9.4516E-5 8.4634E-5 9.7495E-5 8.4922E-5 9.6648E-5 8.9124E-5 9.5548E-5 7.7573E-5 9.0835E-5 9.4288E-5 1.16614E-4 9.1433E-5 7.719E-5 9.7134E-5 8.6935E-5 8.6005E-5 9.6514E-5 8.2557E-5 8.525E-5 8.4644E-5 7.8134E-5 7.8592E-5 8.8392E-5 8.5824E-5 9.0209E-5 7.4338E-5 8.3912E-5 5.9993E-5 8.426E-5 7.6917E-5 8.4066E-5 7.6198E-5 6.4393E-5 8.7202E-5 9.5067E-5 8.2153E-5 7.858E-5 6.6841E-5 1.26573E-4 1.24338E-4 9.4313E-5 7.8166E-5 7.7005E-5 1.0013E-4 8.1931E-5 6.6929E-5 9.0244E-5 7.3818E-5 9.1673E-5 9.3217E-5 8.8713E-5 9.1716E-5 7.1818E-5 8.7484E-5 7.5423E-5 8.0761E-5 7.5081E-5 6.6931E-5 7.5776E-5 7.9345E-5 7.9655E-5 7.4947E-5 6.7295E-5 7.1134E-5 7.9207E-5 6.5309E-5 8.1413E-5 6.1201E-5 8.6029E-5 8.0357E-5 8.5199E-5 7.8336E-5 6.3689E-5 8.4244E-5 7.1549E-5 7.7537E-5 7.351E-5 6.4861E-5 1.04567E-4 9.6034E-5 8.4747E-5 1.21265E-4 1.21233E-4 1.07413E-4 9.9477E-5 8.967E-5 1.08029E-4 9.7824E-5 1.1884E-4 1.14092E-4 8.5676E-5 7.8137E-5 6.6049E-5 8.6279E-5 7.4753E-5 8.0293E-5 7.8913E-5 7.1547E-5 7.7338E-5 8.6562E-5 8.6415E-5 7.7618E-5 8.055E-5 7.4668E-5 8.1103E-5 6.7912E-5 1.40882E-4 9.2937E-5 1.03484E-4 8.7638E-5 9.9885E-5 8.8917E-5 8.5363E-5 9.028E-5 7.8739E-5 8.2429E-5 7.337E-5 6.5415E-5 7.4664E-5 7.9049E-5 7.9399E-5 7.7121E-5 6.9976E-5 7.221E-5 7.8196E-5 6.6738E-5 7.9848E-5 6.2594E-5 8.5977E-5 7.8925E-5 8.2884E-5 7.6559E-5 7.756E-5 9.2731E-5 8.6307E-5 8.7306E-5 7.895E-5 7.3639E-5 8.1812E-5 8.4559E-5 9.3268E-5 8.2743E-5 1.22456E-4 1.34574E-4 1.47207E-4 1.19398E-4 1.52294E-4 1.06911E-4 1.48088E-4 1.32926E-4 1.31289E-4 1.32546E-4 1.03772E-4 1.57982E-4 1.35741E-4 1.32561E-4 1.34836E-4 1.05205E-4 1.27638E-4 1.44169E-4 1.26107E-4 1.14123E-4 7.8699E-5 9.2672E-5 9.2505E-5 8.0714E-5 1.01932E-4 7.4797E-5 9.8189E-5 9.6527E-5 1.12121E-4 9.3726E-5 7.5932E-5 1.06028E-4 1.27631E-4 1.0624E-4 1.00353E-4 7.8655E-5 1.0617E-4 9.3714E-5 9.5712E-5 7.9484E-5 8.9694E-5 8.4097E-5 9.7312E-5 7.8984E-5 9.8499E-5 9.6465E-5 1.29059E-4 1.43511E-4 1.12397E-4 1.33606E-4 1.02492E-4 8.61E-5 8.6758E-5 9.2974E-5 8.5853E-5 7.539E-5 1.04221E-4 1.11262E-4 8.4514E-5 7.7306E-5 7.7637E-5 8.5056E-5 8.4527E-5 7.0981E-5 1.0854E-4 9.1645E-5 1.02689E-4 8.995E-5 9.0097E-5 8.9799E-5 6.7822E-5 9.9131E-5 8.7229E-5 9.4192E-5 8.7072E-5 8.7374E-5 8.7687E-5 8.1916E-5 8.9365E-5 8.6572E-5 1.08313E-4 7.3947E-5 7.9277E-5 6.5369E-5 8.1637E-5 6.0187E-5 8.749E-5 7.6656E-5 7.6923E-5 7.6654E-5 6.0536E-5 8.2072E-5 7.2542E-5 7.9881E-5 7.9069E-5 6.0761E-5 7.5238E-5 7.3966E-5 7.6656E-5 7.469E-5 7.7956E-5 7.032E-5 8.002E-5 6.5208E-5 7.7761E-5 5.7653E-5 8.2304E-5 7.3535E-5 7.3994E-5 7.3478E-5 5.871E-5 8.2735E-5 7.6676E-5 7.6671E-5 6.9143E-5 6.1398E-5 6.975E-5 8.5298E-5 9.0902E-5 7.2798E-5 6.8767E-5 1.22433E-4 9.0913E-5 8.8142E-5 1.08083E-4 9.9986E-5 1.1511E-4 1.2997E-4 1.09233E-4 1.10213E-4 6.8064E-5 8.5497E-5 8.617E-5 8.506E-5 7.2727E-5 6.4502E-5 7.574E-5 7.4091E-5 8.0573E-5 7.6149E-5 7.1201E-5 7.2972E-5 8.0E-5 6.8423E-5 7.9483E-5 7.2107E-5 9.0195E-5 8.2303E-5 7.8156E-5 8.0813E-5 6.1902E-5 1.00981E-4 8.1845E-5 9.462E-5 8.4749E-5 7.335E-5 8.6227E-5 7.4071E-5 8.0029E-5 7.3292E-5 6.7479E-5 7.1326E-5 8.4122E-5 6.8461E-5 7.7726E-5 5.964E-5 1.35914E-4 1.76387E-4 3.40147E-4 1.33551E-4 8.9174E-5 8.8274E-5 7.529E-5 9.927E-5 8.5675E-5 6.4937E-5 7.8043E-5 7.7247E-5 9.0037E-5 7.1852E-5 7.8758E-5 8.2229E-5 8.2561E-5 7.0919E-5 8.7382E-5 7.322E-5 8.8286E-5 8.8664E-5 8.0189E-5 8.2596E-5 7.1308E-5 1.18673E-4 9.6288E-5 9.6697E-5 9.6442E-5 7.966E-5 8.8283E-5 7.6963E-5 9.1114E-5 7.1402E-5 7.2918E-5 8.2525E-5 9.0372E-5 7.0744E-5 8.1713E-5 7.0923E-5 9.5067E-5 7.7103E-5 7.847E-5 9.0006E-5 6.4886E-5 8.7038E-5 7.3896E-5 8.15E-5 7.6594E-5 6.4991E-5 7.2796E-5 7.0652E-5 9.0191E-5 7.0446E-5 7.2301E-5 7.2326E-5 8.0201E-5 6.5693E-5 8.1594E-5 7.4692E-5 1.22419E-4 1.08149E-4 1.14372E-4 1.01603E-4 7.3148E-5 9.5971E-5 1.31336E-4 1.35306E-4 8.5881E-5 7.8883E-5 7.8947E-5 7.62E-5 8.2128E-5 7.1425E-5 7.4579E-5 7.4371E-5 8.275E-5 1.03766E-4 1.64542E-4 6.6404E-5 1.00943E-4 9.482E-5 8.3055E-5 7.9307E-5 6.4207E-5 8.9504E-5 7.3636E-5 8.2064E-5 8.7919E-5 7.9818E-5 8.9393E-5 7.7865E-5 7.8325E-5 6.6581E-5 8.2028E-5 7.847E-5 8.6146E-5 7.2453E-5 9.5243E-5 6.4599E-5 8.6873E-5 8.8804E-5 7.7895E-5 7.8077E-5 6.9984E-5 1.04237E-4 1.28128E-4 7.9942E-5 7.2923E-5 6.3142E-5 7.3516E-5 7.7827E-5 7.9632E-5 6.5392E-5 6.5481E-5 8.5366E-5 7.9502E-5 9.4821E-5 9.2568E-5 6.2541E-5 8.7686E-5 7.6136E-5 7.7704E-5 7.5804E-5 5.85E-5 8.4157E-5 7.0267E-5 7.4955E-5 6.8468E-5 9.7975E-5 8.3355E-5 7.8206E-5 8.4815E-5 7.8782E-5 8.6084E-5 7.3362E-5 8.0349E-5 7.0913E-5 8.4998E-5 6.0597E-5 8.003E-5 6.9655E-5 1.03464E-4 8.8956E-5 1.72621E-4 2.09336E-4 1.46111E-4 1.21426E-4 9.1945E-5 7.0551E-5 7.9656E-5 7.3301E-5 8.0246E-5 6.729E-5 8.1589E-5 8.4848E-5 8.2789E-5 7.6878E-5 8.512E-5 7.4145E-5 9.2251E-5 7.9233E-5 7.9942E-5 8.9671E-5 8.9121E-5 1.01592E-4 8.9983E-5 1.45223E-4 1.19748E-4 9.4096E-5 1.11373E-4 8.0977E-5 8.8199E-5 6.9778E-5 6.96E-5 7.1983E-5 8.7738E-5 6.9541E-5 8.3179E-5 6.6059E-5 8.8949E-5 8.0742E-5 8.5235E-5 8.7619E-5 6.5673E-5 8.8314E-5 9.9357E-5 1.24468E-4 8.5445E-5 6.4185E-5 7.3563E-5 6.7652E-5 7.7595E-5 7.0656E-5 7.347E-5 7.111E-5 7.6746E-5 7.4528E-5 8.145E-5 5.9857E-5 8.4166E-5 7.8576E-5 7.4722E-5 7.4095E-5 5.805E-5 9.2588E-5 8.4803E-5 9.3582E-5 8.8478E-5 7.442E-5 8.3269E-5 7.7495E-5 8.2655E-5 7.3668E-5 7.9647E-5 7.3894E-5 8.5463E-5 7.6683E-5 9.6665E-5 5.8939E-5 8.1121E-5 7.0339E-5 6.9189E-5 7.0401E-5 5.6554E-5 7.885E-5 6.8784E-5 7.4609E-5 8.0307E-5 6.533E-5 7.2461E-5 6.6497E-5 7.3667E-5 6.1827E-5 6.3596E-5 6.6519E-5 7.0265E-5 6.332E-5 7.426E-5 5.6765E-5 7.9073E-5 7.2578E-5 7.2835E-5 7.8657E-5 5.8622E-5 8.0392E-5 6.9362E-5 7.1874E-5 6.9727E-5 5.892E-5 6.7421E-5 6.6769E-5 7.3182E-5 6.1138E-5 7.0537E-5 6.9568E-5 7.2791E-5 6.2562E-5 7.3019E-5 5.5693E-5 7.811E-5 6.8828E-5 6.8744E-5 6.9825E-5 5.5072E-5 7.9727E-5 6.9662E-5 6.9698E-5 1.21077E-4 7.1886E-5 7.8473E-5 7.2552E-5 7.6055E-5 6.3902E-5 7.3179E-5 7.0139E-5 8.3161E-5 6.5926E-5 7.7341E-5 5.6034E-5 8.0797E-5 6.9216E-5 7.0233E-5 7.0733E-5 5.5175E-5 8.0057E-5 7.897E-5 8.5013E-5 7.4347E-5 6.3022E-5 7.0209E-5 6.6472E-5 7.2565E-5 6.5878E-5 7.6284E-5 9.1499E-5 7.9819E-5 6.5154E-5 7.8543E-5 5.8204E-5 8.1175E-5 7.236E-5 7.3609E-5 7.0942E-5 5.8631E-5 8.1506E-5 7.1431E-5 7.0661E-5 6.8444E-5 6.0437E-5 7.7519E-5 6.6766E-5 7.5026E-5 6.3538E-5 6.7441E-5 6.9817E-5 7.6654E-5 6.7146E-5 8.2992E-5 5.9607E-5 8.1842E-5 7.26E-5 8.088E-5 8.394E-5 6.6839E-5 9.5371E-5 1.03764E-4 8.7479E-5 9.3999E-5 7.2281E-5 7.9766E-5 7.6722E-5 9.089E-5 7.0022E-5 8.1765E-5 7.8912E-5 7.8049E-5 6.6983E-5 8.4419E-5 6.1812E-5 8.6493E-5 7.6701E-5 7.748E-5 7.4385E-5 6.1813E-5 1.13301E-4 8.0388E-5 8.152E-5 8.0341E-5 7.7898E-5 8.2322E-5 7.5626E-5 8.2298E-5 6.9937E-5 6.9358E-5 7.365E-5 7.9318E-5 6.6689E-5 7.8054E-5 5.8712E-5 8.4251E-5 7.3646E-5 7.5456E-5 7.7145E-5 7.5124E-5 9.3737E-5 7.9444E-5 7.7519E-5 7.3444E-5 6.7482E-5 7.6349E-5 6.9915E-5 7.9473E-5 6.8697E-5 6.7664E-5 7.2538E-5 7.8733E-5 6.8617E-5 8.1102E-5 6.0521E-5 8.7344E-5 7.741E-5 9.174E-5 9.4223E-5 7.7276E-5 1.8284E-4 8.4746E-5 1.08735E-4 1.8127E-4 1.021E-4 9.0986E-5 1.09022E-4 1.03381E-4 8.5732E-5 8.0385E-5 8.1407E-5 8.4083E-5 8.5931E-5 1.19011E-4 7.1175E-5 9.9856E-5 8.4768E-5 8.0527E-5 7.9609E-5 6.5815E-5 9.6126E-5 8.048E-5 9.3469E-5 8.2387E-5 7.7139E-5 8.3655E-5 7.879E-5 8.8181E-5 9.5912E-5 8.6055E-5 9.4297E-5 1.07206E-4 7.8224E-5 8.8432E-5 1.39748E-4 1.03839E-4 1.43593E-4 1.6006E-4 1.43242E-4 1.44342E-4 1.25535E-4 9.9646E-5 9.0781E-5 8.5156E-5 1.2687E-4 9.3468E-5 8.1085E-5 9.0118E-5 9.2593E-5 9.1723E-5 1.46539E-4 9.8535E-5 8.117E-5 9.2438E-5 7.1966E-5 9.873E-5 8.7713E-5 1.22815E-4 8.5315E-5 7.4867E-5 9.5604E-5 1.06979E-4 1.12712E-4 9.6445E-5 7.7447E-5 9.6062E-5 7.9932E-5 9.7382E-5 7.6412E-5 1.09565E-4 1.00354E-4 8.8005E-5 7.4619E-5 8.9619E-5 7.11E-5 9.5471E-5 8.5077E-5 8.633E-5 8.0662E-5 8.3537E-5 1.00295E-4 9.3017E-5 1.17689E-4 1.73964E-4 1.33078E-4 8.7729E-5 8.2012E-5 8.8453E-5 7.5089E-5 7.2182E-5 1.00521E-4 9.494E-5 7.9334E-5 9.079E-5 6.8143E-5 9.3749E-5 8.3518E-5 8.354E-5 8.0038E-5 6.814E-5 1.07831E-4 8.8712E-5 8.4298E-5 8.0173E-5 8.222E-5 1.03446E-4 8.8163E-5 9.0088E-5 7.4898E-5 5.9468E-5 9.0026E-5 1.02117E-4 7.9282E-5 1.16661E-4 7.4409E-5 1.04178E-4 9.2683E-5 9.3954E-5 9.1414E-5 8.2033E-5 1.41052E-4 9.0955E-5 9.282E-5 9.905E-5 8.3767E-5 9.4546E-5 9.0091E-5 9.7256E-5 8.3979E-5 7.5498E-5 8.5884E-5 9.1421E-5 9.8871E-5 9.9182E-5 7.9158E-5 1.20582E-4 1.02277E-4 9.4453E-5 8.7961E-5 6.9923E-5 9.4742E-5 8.1983E-5 8.0307E-5 7.4643E-5 7.5646E-5 9.9839E-5 8.1315E-5 1.0654E-4 1.02724E-4 7.1307E-5 1.3711E-4 1.14799E-4 1.22906E-4 1.6857E-4 1.13366E-4 1.24641E-4 9.2856E-5 8.9235E-5 8.7919E-5 8.6809E-5 1.18211E-4 3.18524E-4 2.06345E-4 8.3006E-5 7.5728E-5 8.4553E-5 1.28715E-4 9.259E-5 1.35059E-4 1.0754E-4 1.20454E-4 1.31821E-4 1.15612E-4 1.22195E-4 1.53092E-4 1.30029E-4 1.0341E-4 1.20712E-4 1.59004E-4 9.6237E-5 1.07173E-4 9.4873E-5 9.1271E-5 7.5931E-5 9.4049E-5 9.5767E-5 1.68597E-4 9.4851E-5 7.7093E-5 8.5447E-5 9.3205E-5 9.9019E-5 9.3145E-5 1.03792E-4 9.4584E-5 1.07479E-4 1.01293E-4 9.3237E-5 8.7533E-5 7.423E-5 1.03179E-4 8.9281E-5 8.301E-5 7.383E-5 7.0757E-5 8.5959E-5 7.5742E-5 9.0098E-5 7.5174E-5 7.3024E-5 1.07064E-4 1.12476E-4 8.7825E-5 9.2196E-5 7.0294E-5 1.04899E-4 9.5831E-5 7.5924E-5 7.8868E-5 8.1426E-5 1.25106E-4 1.52112E-4 1.40413E-4 1.84652E-4 8.9716E-5 8.9301E-5 7.4612E-5 8.8758E-5 1.12082E-4 6.9511E-5 8.1275E-5 8.7692E-5 7.3562E-5 8.7775E-5 6.4699E-5 9.5112E-5 9.776E-5 7.966E-5 8.9046E-5 7.2665E-5 1.03099E-4 8.8528E-5 8.4989E-5 7.774E-5 8.8848E-5 1.35754E-4 1.07566E-4 1.46211E-4 1.24737E-4 1.02001E-4 1.31314E-4 1.53315E-4 1.26386E-4 1.36809E-4 8.9724E-5 1.59788E-4 1.36005E-4 1.21036E-4 1.03849E-4 1.06722E-4 1.50263E-4 1.77913E-4 1.2044E-4 8.4977E-5 8.2555E-5 1.08277E-4 1.03088E-4 1.58082E-4 1.13296E-4 1.37139E-4 1.07735E-4 1.1962E-4 9.681E-5 1.07887E-4 1.02849E-4 1.19368E-4 1.04781E-4 8.6872E-5 9.6517E-5 1.2593E-4 1.14692E-4 1.46664E-4 2.68945E-4 9.9501E-5 8.3329E-5 1.02545E-4 8.7585E-5 1.13532E-4 1.41422E-4 7.9938E-5 1.04168E-4 1.38984E-4 8.7049E-5 1.01601E-4 8.2414E-5 1.08897E-4 1.02213E-4 9.3406E-5 9.897E-5 7.6416E-5 1.11356E-4 8.5391E-5 9.7221E-5 8.1316E-5 7.6955E-5 8.586E-5 7.5862E-5 1.01601E-4 7.8694E-5 7.2884E-5 9.6359E-5 9.2963E-5 8.676E-5 9.6843E-5 9.4326E-5 9.9406E-5 8.5818E-5 8.8372E-5 1.39561E-4 1.26194E-4 1.37926E-4 1.38127E-4 9.3126E-5 7.3373E-5 8.2973E-5 8.8956E-5 7.3326E-5 1.48282E-4 8.5273E-5 7.3922E-5 8.9088E-5 9.2137E-5 9.653E-5 1.2305E-4 8.0991E-5 1.35144E-4 1.04958E-4 8.637E-5 9.3979E-5 8.3425E-5 1.11205E-4 9.1649E-5 9.7225E-5 8.7321E-5 8.1067E-5 9.6947E-5 7.9463E-5 1.06903E-4 8.9883E-5 7.7697E-5 8.4967E-5 1.02877E-4 8.2193E-5 1.01004E-4 7.4122E-5 1.08409E-4 1.09844E-4 7.7833E-5 8.5614E-5 7.9326E-5 1.01425E-4 9.9737E-5 9.5642E-5 8.4936E-5 8.6481E-5 9.8963E-5 1.03552E-4 1.28255E-4 1.87921E-4 9.5198E-5 1.02792E-4 1.00694E-4 8.7577E-5 1.07687E-4 8.093E-5 1.62161E-4 1.8418E-4 9.207E-5 9.7731E-5 8.1344E-5 1.29408E-4 9.7389E-5 9.8278E-5 7.5588E-5 7.8441E-5 1.13199E-4 1.05786E-4 9.8715E-5 7.9736E-5 6.8642E-5 8.9622E-5 9.4134E-5 8.7806E-5 9.9821E-5 1.09413E-4 1.10812E-4 9.1783E-5 1.05028E-4 1.23988E-4 7.6848E-5 1.01252E-4 8.3834E-5 9.4082E-5 8.1254E-5 7.573E-5 9.9901E-5 7.7563E-5 1.00286E-4 7.8167E-5 6.8493E-5 8.727E-5 1.13923E-4 8.435E-5 9.7281E-5 7.5049E-5 1.00092E-4 1.03308E-4 8.5742E-5 8.7031E-5 7.9965E-5 1.54642E-4 9.3278E-5 1.29528E-4 1.06603E-4 8.521E-5 1.34585E-4 1.57338E-4 1.83256E-4 2.08763E-4 8.3674E-5 8.4635E-5 8.921E-5 7.7385E-5 8.9317E-5 6.8873E-5 9.8862E-5 8.5799E-5 7.2825E-5 7.9796E-5 6.8888E-5 9.878E-5 8.4003E-5 8.3787E-5 7.2262E-5 7.673E-5 1.57007E-4 1.27334E-4 1.48696E-4 1.22493E-4 7.0723E-5 8.5546E-5 9.2485E-5 8.1497E-5 9.3608E-5 7.0485E-5 1.11268E-4 1.73232E-4 1.13494E-4 9.7429E-5 8.2526E-5 1.10988E-4 9.8442E-5 1.0392E-4 8.0635E-5 8.5138E-5 9.5128E-5 8.4628E-5 9.8609E-5 8.5422E-5 7.3888E-5 9.2669E-5 1.05752E-4 1.09815E-4 1.62933E-4 1.58158E-4 1.41252E-4 9.5246E-5 8.1001E-5 8.3604E-5 7.1792E-5 9.8312E-5 8.8441E-5 8.8038E-5 8.5682E-5 8.707E-5 9.3257E-5 7.441E-5 9.6551E-5 7.8732E-5 6.5354E-5 8.5735E-5 8.8941E-5 7.8284E-5 9.8205E-5 7.071E-5 9.9513E-5 1.05516E-4 9.1766E-5 1.00276E-4 8.5918E-5 1.20352E-4 1.27276E-4 1.83981E-4 8.2793E-5 7.7232E-5 8.8142E-5 7.9484E-5 9.827E-5 7.9003E-5 7.3729E-5 2.03787E-4 1.55532E-4 9.1453E-5 1.08041E-4 8.0332E-5 1.97076E-4 1.26557E-4 9.9722E-5 9.6206E-5 1.26429E-4 1.25675E-4 9.4755E-5 8.9894E-5 6.7142E-5 7.5386E-5 8.8484E-5 7.9457E-5 9.3725E-5 1.08801E-4 9.8279E-5 1.05335E-4 1.0267E-4 8.4154E-5 9.9118E-5 7.6756E-5 1.0125E-4 9.0213E-5 8.0755E-5 8.9694E-5 7.4953E-5 1.02616E-4 8.5285E-5 8.1829E-5 6.8897E-5 8.6378E-5 9.1778E-5 8.0707E-5 9.8066E-5 8.9742E-5 1.24578E-4 9.7087E-5 1.14438E-4 1.39815E-4 1.9973E-4 1.30827E-4 1.58851E-4 1.32366E-4 1.06605E-4 1.20696E-4 1.10975E-4 1.50832E-4 1.0143E-4 9.3133E-5 7.7628E-5 8.4447E-5 8.7756E-5 7.3827E-5 9.3166E-5 8.1E-5 6.9867E-5 9.118E-5 9.3344E-5 9.3249E-5 1.03851E-4 7.507E-5 1.03496E-4 1.04105E-4 7.9345E-5 8.8886E-5 7.6639E-5 1.07732E-4 1.30419E-4 8.6271E-5 1.27539E-4 8.331E-5 1.19659E-4 1.55045E-4 1.60471E-4 1.09047E-4 7.2241E-5 9.497E-5 9.9423E-5 9.2519E-5 1.36113E-4 1.12007E-4 1.53342E-4 1.75028E-4 8.6978E-5 9.8407E-5 8.8515E-5 1.49446E-4 1.19695E-4 1.00398E-4 7.1796E-5 8.1976E-5 8.6457E-5 8.4038E-5 1.17003E-4 8.1293E-5 6.8852E-5 8.9013E-5 1.42547E-4 1.03647E-4 9.9036E-5 7.3263E-5 1.13879E-4 1.09954E-4 1.01817E-4 8.9128E-5 1.08267E-4 1.10359E-4 9.9217E-5 1.26166E-4 6.982E-5 7.9587E-5 9.0211E-5 7.4882E-5 9.6979E-5 7.803E-5 6.1994E-5 9.2535E-5 8.8853E-5 8.0173E-5 1.13078E-4 7.9439E-5 1.11297E-4 9.0783E-5 7.4023E-5 7.6132E-5 7.3194E-5 1.04545E-4 9.5022E-5 8.4417E-5 6.726E-5 9.6881E-5 1.11705E-4 7.3365E-5 1.05195E-4 1.27478E-4 1.83665E-4 1.24989E-4 9.9661E-5 8.225E-5 9.6363E-5 7.5983E-5 1.20022E-4 9.0999E-5 7.6869E-5 7.1108E-5 7.4867E-5 1.00564E-4 9.1007E-5 1.13405E-4 9.4739E-5 9.0964E-5 9.7713E-5 7.6864E-5 1.07308E-4 8.978E-5 6.6214E-5 8.4018E-5 8.5359E-5 8.7314E-5 9.3044E-5 7.1639E-5 9.8977E-5 9.5856E-5 7.9649E-5 9.4473E-5 8.0024E-5 1.10351E-4 9.4847E-5 8.5233E-5 9.5813E-5 1.29991E-4 1.41496E-4 1.15169E-4 1.54732E-4 1.33015E-4 9.6874E-5 1.38687E-4 1.71285E-4 1.60351E-4 1.56544E-4 1.42948E-4 1.44921E-4 1.5833E-4 7.4021E-5 8.2205E-5 9.0769E-5 1.26746E-4 9.926E-5 1.5769E-4 1.72274E-4 1.05981E-4 1.00253E-4 8.1389E-5 1.08094E-4 9.1913E-5 7.4753E-5 9.9871E-5 9.4127E-5 9.4494E-5 1.10394E-4 9.6997E-5 1.14637E-4 8.9638E-5 8.369E-5 7.8959E-5 7.7544E-5 1.13141E-4 9.0172E-5 8.2516E-5 6.6052E-5 7.7481E-5 8.8222E-5 7.4436E-5 1.26824E-4 1.41821E-4 1.16375E-4 1.61211E-4 1.38261E-4 1.23345E-4 1.36071E-4 1.11099E-4 3.0901E-4 1.27303E-4 7.7264E-5 8.0432E-5 7.9318E-5 1.22636E-4 1.61885E-4 1.70675E-4 9.0936E-5 1.39771E-4 1.15445E-4 1.04318E-4 1.68697E-4 1.00771E-4 7.7889E-5 9.4902E-5 1.11091E-4 1.2563E-4 1.3732E-4 8.2831E-5 1.12119E-4 1.40024E-4 8.2902E-5 7.6296E-5 8.7591E-5 1.10357E-4 8.8392E-5 8.0418E-5 7.7135E-5 8.548E-5 9.2238E-5 7.8948E-5 1.04581E-4 8.5433E-5 7.0898E-5 9.4386E-5 9.2476E-5 8.8438E-5 9.8242E-5 9.4054E-5 1.13619E-4 9.5273E-5 7.7631E-5 1.01931E-4 9.7841E-5 1.34179E-4 1.38366E-4 1.81688E-4 1.1474E-4 9.465E-5 9.7766E-5 6.0916E-5 1.01281E-4 8.4704E-5 

Timer for Syntactic Relevance:: 0.790953281
Timer for solver: 0.23296434
		DELL.SPLX	DELL_C100_0.TESTCASES
			Diag: [mandatory(Dell Laptops/Notebooks, Product Category), mandatory(Dell Laptops/Notebooks, Operating System), mandatory(Dell Laptops/Notebooks, Hard Drive), mandatory(Dell Laptops/Notebooks, Laptop Weight), mandatory(Dell Laptops/Notebooks, Memory), mandatory(Dell Laptops/Notebooks, Processor), alternative(Product Category, Mini Notebooks, Inspiron Laptops, Studio Laptops, XPS Laptops, Adamo, Studio XPS Laptops), alternative(Operating System, Windows Vista 64 bit, Windows XP Home, Ubuntu Linux, Windows 7, Windows 8), alternative(Hard Drive, 500GB, 320GB, 250GB, 160GB, 128GB Solid State, 120GB, 80GB), excludes(Inspiron Laptops, Windows Vista 64 bit), excludes(Adamo, CD_DVD +RW), excludes(Studio XPS Laptops, 120GB)]
			Diag size: 12
The size of Consistency checks: 260496
The number of Choco Solver calls: 2540
The number of different: 3
The number of INconsistent: 54
The number of union: 243
The number of post constraints: 260496
The number of consistent: 2486
The number of unpost constraints: 260496
The number of Consistency checks: 122

Timer for Syntactic Relevance:[thread=1]: 0.779988461
0.779988461 
Timer for solver[thread=1]: 0.241208603
4.68879E-4 1.10072E-4 2.44734E-4 1.28495E-4 1.61917E-4 1.44995E-4 9.5547E-5 1.60866E-4 9.451E-5 9.2515E-5 9.0572E-5 1.62611E-4 9.3647E-5 1.43069E-4 1.665E-4 1.34131E-4 8.4823E-5 1.63084E-4 8.5934E-5 1.1157E-4 1.77004E-4 1.1493E-4 1.93154E-4 2.25827E-4 1.59938E-4 1.49848E-4 6.2592E-5 8.6288E-5 1.26082E-4 7.1727E-5 1.55746E-4 2.3844E-4 1.54481E-4 1.75516E-4 1.33713E-4 1.09339E-4 1.00719E-4 1.67397E-4 1.32754E-4 1.00278E-4 1.05028E-4 1.35762E-4 9.0582E-5 1.03012E-4 4.79555E-4 1.03603E-4 7.9665E-5 9.3034E-5 2.39079E-4 1.2664E-4 8.2865E-5 4.8864E-5 5.2687E-5 4.9396E-5 5.3606E-5 6.8929E-5 8.3139E-5 9.415E-5 6.1011E-5 9.6582E-5 9.2079E-5 8.5344E-5 1.15085E-4 1.16585E-4 8.6066E-5 9.0257E-5 9.5874E-5 8.0715E-5 8.1168E-5 1.02776E-4 1.10605E-4 8.4676E-5 1.4087E-4 9.2829E-5 1.43488E-4 1.0617E-4 9.9403E-5 1.07592E-4 1.0929E-4 9.1241E-5 1.07192E-4 1.24572E-4 8.9176E-5 1.19863E-4 7.6256E-5 8.6257E-5 9.8593E-5 1.0272E-4 8.8625E-5 1.02339E-4 7.1458E-5 1.02381E-4 1.16305E-4 1.01017E-4 2.134E-4 1.13699E-4 1.31021E-4 1.44958E-4 1.22864E-4 1.32653E-4 1.33758E-4 1.14301E-4 1.21377E-4 1.1487E-4 1.31549E-4 1.16575E-4 1.15998E-4 1.1477E-4 1.24246E-4 1.19929E-4 1.20336E-4 1.20355E-4 1.09875E-4 1.13743E-4 1.13232E-4 1.81506E-4 1.36851E-4 1.4191E-4 1.54081E-4 1.62028E-4 2.47157E-4 2.66084E-4 2.0113E-4 1.37395E-4 1.15562E-4 1.1599E-4 1.18751E-4 3.5018E-5 1.11353E-4 1.16E-4 2.102E-5 2.0802E-5 1.18662E-4 1.11844E-4 1.13144E-4 1.0988E-4 1.13569E-4 1.26023E-4 1.1416E-4 1.19084E-4 1.1799E-4 1.12875E-4 1.20611E-4 1.28961E-4 2.3904E-5 9.069E-6 8.404E-6 1.11008E-4 9.411E-6 1.07335E-4 1.13446E-4 1.025E-5 1.08413E-4 1.07217E-4 1.08765E-4 1.08504E-4 1.1097E-4 1.0055E-5 8.971E-6 1.1712E-4 1.16115E-4 1.9528E-5 1.48504E-4 1.07021E-4 1.08714E-4 1.43781E-4 1.13089E-4 1.14279E-4 1.46822E-4 1.18638E-4 1.30757E-4 1.41027E-4 1.8695E-4 4.3851E-5 1.562E-5 1.0062E-5 1.21743E-4 1.17978E-4 1.11733E-4 1.28563E-4 1.21752E-4 1.12632E-4 1.23599E-4 1.13122E-4 1.178E-4 1.17936E-4 1.23151E-4 1.27786E-4 1.1639E-4 1.1494E-4 1.39185E-4 1.24906E-4 1.12314E-4 1.15322E-4 1.11146E-4 1.0964E-4 1.16123E-4 1.20785E-4 1.10288E-4 1.18296E-4 1.29024E-4 1.17441E-4 1.32042E-4 1.28576E-4 1.12319E-4 1.12805E-4 1.18027E-4 1.18403E-4 1.0943E-4 1.07466E-4 1.10031E-4 1.09022E-4 1.08735E-4 1.07078E-4 1.16633E-4 4.8663E-5 1.4447E-5 1.20512E-4 1.6024E-5 1.29111E-4 2.8651E-5 1.21542E-4 1.18556E-4 1.217E-5 1.1139E-4 1.0955E-4 1.24926E-4 1.15256E-4 1.21224E-4 1.33461E-4 1.51022E-4 1.54868E-4 7.9762E-5 1.4824E-4 1.21145E-4 1.12436E-4 1.17481E-4 1.17716E-4 1.10234E-4 1.2261E-4 2.37945E-4 1.44565E-4 1.64087E-4 1.19575E-4 3.0213E-5 1.13666E-4 1.53854E-4 1.44589E-4 1.62647E-4 5.86E-5 1.21319E-4 1.14496E-4 1.17479E-4 1.333E-5 1.20012E-4 1.13997E-4 2.3944E-5 1.30414E-4 1.15031E-4 1.22345E-4 1.25695E-4 1.1414E-4 1.2053E-4 1.29644E-4 1.46005E-4 1.23177E-4 1.12511E-4 1.14269E-4 1.11376E-4 1.10237E-4 1.11709E-4 1.12671E-4 1.10244E-4 1.1316E-4 1.08422E-4 1.06518E-4 1.1243E-4 1.15866E-4 1.11271E-4 1.21211E-4 1.10395E-4 1.07286E-4 1.05917E-4 1.10179E-4 1.2253E-4 4.7563E-5 1.1616E-4 1.06645E-4 9.9529E-5 1.02384E-4 2.8645E-5 1.13771E-4 1.17623E-4 1.11862E-4 1.10573E-4 1.10095E-4 1.16862E-4 1.16743E-4 1.28652E-4 3.0419E-5 1.2681E-4 1.32446E-4 1.3084E-4 1.14498E-4 1.15254E-4 1.28039E-4 7.3428E-5 7.7207E-5 1.33773E-4 1.00778E-4 8.8758E-5 9.398E-5 9.4524E-5 9.5692E-5 7.6504E-5 8.4618E-5 7.4655E-5 7.5241E-5 2.5729E-5 7.5602E-5 1.33405E-4 1.14856E-4 3.107E-5 1.20776E-4 1.21171E-4 1.21993E-4 1.21782E-4 1.21759E-4 1.20873E-4 1.43539E-4 1.40483E-4 1.22883E-4 1.18878E-4 1.17996E-4 1.15841E-4 1.12807E-4 1.2042E-4 1.25721E-4 1.17757E-4 1.27338E-4 9.4923E-5 7.6588E-5 8.9204E-5 7.4704E-5 8.7682E-5 7.4703E-5 8.7606E-5 8.5551E-5 1.24077E-4 1.44058E-4 1.06593E-4 9.1397E-5 9.0866E-5 1.04165E-4 8.8343E-5 9.6882E-5 8.9245E-5 8.8917E-5 8.4837E-5 9.1865E-5 1.25713E-4 7.5294E-5 3.43058E-4 7.9502E-5 1.55051E-4 1.30344E-4 9.8608E-5 8.5804E-5 8.2906E-5 1.25261E-4 1.29771E-4 1.40245E-4 1.32205E-4 1.41244E-4 1.48613E-4 1.32523E-4 1.35652E-4 1.45154E-4 1.30055E-4 1.31881E-4 1.37253E-4 1.14707E-4 1.43079E-4 1.06065E-4 1.33103E-4 1.1183E-4 1.34283E-4 1.34167E-4 1.26122E-4 1.2883E-4 1.26299E-4 1.33759E-4 1.19969E-4 1.3338E-4 1.35257E-4 1.25423E-4 1.26314E-4 1.40265E-4 1.35278E-4 1.42289E-4 1.31727E-4 1.07329E-4 1.09397E-4 9.0189E-5 1.12984E-4 9.8359E-5 1.19841E-4 1.20525E-4 1.13684E-4 7.6446E-5 7.9606E-5 7.7073E-5 1.48473E-4 1.3991E-4 1.0973E-4 8.1033E-5 9.2039E-5 8.2142E-5 1.06491E-4 8.6495E-5 8.4572E-5 7.2451E-5 8.0582E-5 1.35651E-4 1.32757E-4 7.2994E-5 9.084E-5 8.9137E-5 8.2906E-5 8.8054E-5 8.1004E-5 7.4691E-5 7.7322E-5 8.7391E-5 9.2183E-5 9.6112E-5 7.9776E-5 8.4467E-5 1.31513E-4 9.6271E-5 1.58691E-4 1.3901E-4 1.45327E-4 1.67741E-4 1.18538E-4 7.3034E-5 7.8285E-5 7.6322E-5 7.6536E-5 7.0423E-5 7.1893E-5 7.2716E-5 6.7463E-5 7.3069E-5 7.9633E-5 6.9821E-5 7.0312E-5 8.0717E-5 7.1395E-5 8.2234E-5 9.8415E-5 1.78109E-4 9.2345E-5 6.5487E-5 7.6903E-5 7.0269E-5 1.69885E-4 1.45673E-4 1.02048E-4 7.9507E-5 8.1354E-5 1.44226E-4 1.3178E-4 9.8498E-5 1.1882E-4 1.21496E-4 8.0092E-5 9.0358E-5 8.9418E-5 9.2523E-5 1.06188E-4 9.6284E-5 9.3444E-5 8.1494E-5 1.06898E-4 8.4694E-5 9.4459E-5 9.7816E-5 9.4341E-5 7.9663E-5 8.7501E-5 9.3296E-5 8.28E-5 8.8978E-5 8.7545E-5 7.5087E-5 1.00149E-4 8.8062E-5 7.724E-5 8.473E-5 9.4545E-5 9.4658E-5 1.35522E-4 8.0216E-5 8.7804E-5 7.2717E-5 1.07811E-4 8.2217E-5 8.4265E-5 7.3774E-5 6.9704E-5 7.8905E-5 6.9405E-5 7.8111E-5 1.00571E-4 7.4401E-5 8.0793E-5 8.749E-5 7.7689E-5 8.3962E-5 1.03571E-4 1.22323E-4 1.91954E-4 7.7941E-5 7.8195E-5 6.56E-5 7.9443E-5 7.8067E-5 9.2708E-5 7.8146E-5 7.0247E-5 8.0479E-5 6.9143E-5 7.4888E-5 8.4762E-5 6.7372E-5 7.1159E-5 8.3618E-5 7.3239E-5 8.5361E-5 1.17558E-4 8.0355E-5 9.3727E-5 7.1947E-5 8.4158E-5 6.9009E-5 7.8813E-5 7.8089E-5 9.725E-5 9.3769E-5 7.5029E-5 8.3168E-5 9.2423E-5 8.1146E-5 8.5563E-5 6.6511E-5 7.4183E-5 7.7839E-5 7.4473E-5 9.5544E-5 9.2726E-5 7.9594E-5 8.3731E-5 7.5983E-5 7.9842E-5 6.8004E-5 9.2012E-5 9.5227E-5 8.6995E-5 7.8094E-5 6.5652E-5 8.5011E-5 7.2959E-5 7.7788E-5 9.7027E-5 7.1163E-5 8.1517E-5 8.1229E-5 7.3935E-5 8.3686E-5 9.4318E-5 8.7746E-5 9.2936E-5 6.7919E-5 9.26E-5 1.09152E-4 9.7771E-5 1.68264E-4 1.90504E-4 1.54279E-4 1.08961E-4 1.5407E-4 1.14209E-4 9.3886E-5 8.9006E-5 7.548E-5 7.6041E-5 7.8483E-5 7.2986E-5 8.0276E-5 9.7646E-5 7.7266E-5 8.257E-5 6.3127E-5 8.6863E-5 6.9869E-5 8.0035E-5 1.03632E-4 8.1793E-5 7.2243E-5 6.1995E-5 7.8461E-5 7.8373E-5 8.459E-5 9.0506E-5 6.4475E-5 7.1811E-5 7.5986E-5 8.6385E-5 8.271E-5 7.8134E-5 7.6947E-5 8.0991E-5 6.4059E-5 8.5646E-5 6.9326E-5 7.6711E-5 7.6196E-5 7.6989E-5 6.9822E-5 6.185E-5 8.9592E-5 7.5743E-5 8.0121E-5 8.3833E-5 6.2815E-5 7.2746E-5 7.9913E-5 8.5356E-5 8.5015E-5 8.3878E-5 6.84E-5 7.8972E-5 6.0482E-5 8.5396E-5 7.1212E-5 8.0605E-5 7.6807E-5 8.4034E-5 7.3689E-5 7.2355E-5 8.6138E-5 7.6701E-5 8.2675E-5 8.9212E-5 8.2684E-5 8.3531E-5 8.716E-5 8.1691E-5 8.3876E-5 7.6721E-5 6.9133E-5 7.9225E-5 6.0784E-5 8.5224E-5 8.1422E-5 8.0536E-5 7.9837E-5 7.7339E-5 1.41049E-4 7.0943E-5 9.3034E-5 8.8641E-5 8.4593E-5 9.8239E-5 7.2172E-5 7.7392E-5 8.6501E-5 1.16891E-4 1.31271E-4 1.50918E-4 1.06329E-4 9.535E-5 6.7207E-5 9.1336E-5 8.7282E-5 9.004E-5 9.0925E-5 9.1763E-5 8.545E-5 7.4031E-5 8.8138E-5 9.0299E-5 8.142E-5 1.30828E-4 6.9622E-5 8.2178E-5 9.5251E-5 9.1978E-5 1.10283E-4 1.86917E-4 8.8341E-5 9.0877E-5 7.3317E-5 9.3106E-5 6.8983E-5 8.2946E-5 8.0205E-5 8.1024E-5 1.37625E-4 8.4925E-5 1.87697E-4 8.3427E-5 7.9795E-5 9.2154E-5 7.8372E-5 1.28029E-4 1.05087E-4 8.5105E-5 9.5496E-5 8.1951E-5 8.0167E-5 8.4857E-5 7.4128E-5 7.9758E-5 6.8796E-5 7.8983E-5 9.1729E-5 9.341E-5 8.98E-5 7.4967E-5 8.6927E-5 7.5246E-5 7.9797E-5 7.8955E-5 5.9896E-5 7.3187E-5 9.3474E-5 7.7273E-5 8.148E-5 7.4757E-5 6.6683E-5 7.753E-5 6.1294E-5 8.8917E-5 7.1971E-5 8.9726E-5 8.8974E-5 8.3468E-5 8.1519E-5 6.6089E-5 8.2988E-5 7.4632E-5 8.3157E-5 9.579E-5 9.723E-5 8.0892E-5 8.3749E-5 8.4911E-5 9.4065E-5 9.269E-5 8.8897E-5 9.1692E-5 7.0036E-5 8.7212E-5 7.1084E-5 7.9069E-5 7.728E-5 8.1227E-5 7.1496E-5 7.103E-5 8.3258E-5 7.4944E-5 8.209E-5 7.9902E-5 6.0825E-5 8.2594E-5 8.9662E-5 8.7032E-5 8.5414E-5 8.1199E-5 7.707E-5 8.4547E-5 6.8169E-5 1.03501E-4 1.11916E-4 1.12342E-4 9.6022E-5 1.45171E-4 7.955E-5 7.241E-5 9.0492E-5 8.4425E-5 8.5538E-5 8.0656E-5 6.3098E-5 8.2565E-5 9.7061E-5 8.7334E-5 9.6535E-5 7.6695E-5 7.7131E-5 8.0197E-5 6.0927E-5 7.6498E-5 6.6266E-5 9.3575E-5 8.2465E-5 8.2347E-5 7.4298E-5 6.8509E-5 8.4806E-5 7.2921E-5 1.23013E-4 8.5016E-5 7.0953E-5 8.4103E-5 8.2353E-5 7.6052E-5 8.3777E-5 7.6492E-5 7.2066E-5 8.142E-5 6.3258E-5 7.8507E-5 8.0111E-5 8.2716E-5 8.1398E-5 8.0504E-5 7.5604E-5 6.3615E-5 8.0681E-5 8.6018E-5 7.8524E-5 1.05751E-4 6.4807E-5 7.5436E-5 8.0956E-5 7.2939E-5 8.0986E-5 6.533E-5 6.5847E-5 7.6894E-5 7.462E-5 1.27011E-4 1.49089E-4 1.24275E-4 1.07181E-4 1.51983E-4 9.3153E-5 7.725E-5 9.8952E-5 7.8613E-5 8.5643E-5 8.1658E-5 6.911E-5 8.5788E-5 8.9997E-5 8.7077E-5 1.22624E-4 8.0033E-5 8.1934E-5 8.9223E-5 7.7748E-5 8.437E-5 7.5764E-5 8.3109E-5 1.10685E-4 1.10424E-4 1.15453E-4 7.8275E-5 1.10699E-4 7.6225E-5 8.7919E-5 8.3876E-5 7.4733E-5 8.795E-5 8.4753E-5 8.3317E-5 1.01042E-4 9.2755E-5 8.1408E-5 8.7858E-5 9.3533E-5 9.1575E-5 8.1851E-5 8.8137E-5 8.2363E-5 8.6219E-5 7.6697E-5 9.0122E-5 1.10976E-4 8.4026E-5 1.27044E-4 8.4688E-5 7.5945E-5 9.9016E-5 1.33497E-4 9.3738E-5 1.00223E-4 7.109E-5 7.0037E-5 8.1016E-5 6.7042E-5 7.7451E-5 6.6583E-5 8.1148E-5 8.0555E-5 8.3895E-5 7.4705E-5 6.5828E-5 1.0275E-4 8.3145E-5 7.8154E-5 7.3547E-5 6.974E-5 8.5747E-5 9.4925E-5 7.8074E-5 9.1894E-5 7.2443E-5 8.2176E-5 8.6629E-5 6.5971E-5 7.9989E-5 6.8334E-5 7.9728E-5 8.1966E-5 7.8691E-5 8.9673E-5 7.1501E-5 9.6072E-5 7.5688E-5 8.0405E-5 7.4278E-5 6.9264E-5 8.4418E-5 8.5768E-5 7.7974E-5 9.1743E-5 6.7642E-5 7.0464E-5 8.0282E-5 6.3386E-5 7.5974E-5 6.364E-5 8.0125E-5 7.4814E-5 8.1731E-5 7.3436E-5 5.9404E-5 8.0066E-5 7.1604E-5 7.887E-5 7.0952E-5 5.9942E-5 7.0005E-5 7.6803E-5 1.04405E-4 8.3245E-5 1.25932E-4 1.21369E-4 1.29161E-4 1.02672E-4 1.06778E-4 9.5563E-5 9.9912E-5 8.2346E-5 8.0072E-5 7.565E-5 6.347E-5 8.4021E-5 7.0599E-5 7.5838E-5 6.8811E-5 6.1362E-5 7.1498E-5 8.0648E-5 7.4171E-5 7.8717E-5 6.9322E-5 7.1996E-5 9.2347E-5 6.9795E-5 8.1422E-5 6.9203E-5 8.4397E-5 7.995E-5 1.22021E-4 8.9535E-5 1.02664E-4 8.9942E-5 7.7312E-5 7.9693E-5 7.3851E-5 9.9776E-5 1.19413E-4 1.32281E-4 1.08029E-4 1.17123E-4 1.00179E-4 1.05469E-4 1.24576E-4 1.00457E-4 1.22996E-4 1.05245E-4 1.36553E-4 1.2937E-4 1.18275E-4 1.1099E-4 8.8473E-5 1.27148E-4 1.13061E-4 1.19317E-4 1.10511E-4 9.2879E-5 8.5394E-5 1.52259E-4 1.22964E-4 2.15488E-4 8.0337E-5 1.14918E-4 1.66338E-4 8.3087E-5 9.5392E-5 9.4739E-5 9.8331E-5 8.7597E-5 1.02701E-4 1.05063E-4 7.9321E-5 9.323E-5 9.2547E-5 1.49786E-4 8.5692E-5 7.3293E-5 8.5993E-5 9.3646E-5 8.4657E-5 1.18265E-4 8.4603E-5 7.416E-5 1.20835E-4 8.0328E-5 1.18373E-4 1.54992E-4 2.73047E-4 1.54486E-4 9.2817E-5 8.8036E-5 6.7073E-5 9.7731E-5 8.1616E-5 8.6144E-5 1.3243E-4 7.8657E-5 7.953E-5 9.4028E-5 9.1334E-5 8.7053E-5 7.7513E-5 9.171E-5 8.4446E-5 8.317E-5 9.356E-5 7.4981E-5 9.5187E-5 9.5225E-5 1.1571E-4 9.3253E-5 7.4223E-5 1.05415E-4 8.2232E-5 9.1588E-5 8.3572E-5 9.0624E-5 8.7976E-5 9.3295E-5 8.9233E-5 8.2683E-5 7.9271E-5 1.12714E-4 1.106E-4 7.1131E-5 9.415E-5 6.7016E-5 1.11902E-4 9.2733E-5 1.03344E-4 8.996E-5 8.6334E-5 1.00911E-4 1.22831E-4 1.06107E-4 8.916E-5 6.9507E-5 8.6422E-5 8.4583E-5 8.1568E-5 8.048E-5 7.8849E-5 8.6129E-5 9.194E-5 7.7141E-5 8.4213E-5 6.3885E-5 8.7076E-5 8.0433E-5 8.4351E-5 7.835E-5 7.5972E-5 8.8538E-5 7.8041E-5 9.5122E-5 8.564E-5 6.9826E-5 8.445E-5 8.347E-5 9.0915E-5 7.9303E-5 6.931E-5 7.1617E-5 8.0231E-5 6.6259E-5 7.987E-5 6.1015E-5 8.6788E-5 7.9951E-5 8.5112E-5 7.4661E-5 6.3159E-5 8.4386E-5 7.3185E-5 7.7419E-5 7.4203E-5 6.4193E-5 7.6628E-5 7.9885E-5 7.6669E-5 7.6093E-5 6.8189E-5 7.1941E-5 7.9068E-5 6.6274E-5 7.9492E-5 6.056E-5 8.4631E-5 7.973E-5 8.2662E-5 7.7593E-5 6.5668E-5 8.673E-5 7.2547E-5 7.8162E-5 7.7068E-5 6.5696E-5 7.4891E-5 1.10929E-4 1.13494E-4 9.5736E-5 8.7259E-5 8.589E-5 8.2523E-5 8.0244E-5 8.7793E-5 6.4568E-5 8.716E-5 8.1567E-5 8.343E-5 7.6659E-5 6.4056E-5 8.416E-5 7.5013E-5 8.15E-5 7.2043E-5 6.3489E-5 7.4829E-5 7.9221E-5 7.788E-5 7.4216E-5 6.8112E-5 7.1518E-5 7.8116E-5 6.9512E-5 8.0254E-5 6.1564E-5 1.07906E-4 8.9641E-5 8.5793E-5 7.9049E-5 6.5733E-5 8.5527E-5 7.3308E-5 8.1251E-5 7.3935E-5 7.8315E-5 8.4128E-5 8.7941E-5 8.3413E-5 7.4581E-5 7.7084E-5 8.3663E-5 9.3273E-5 1.03965E-4 1.41334E-4 8.6774E-5 1.00122E-4 1.24684E-4 1.33193E-4 1.38771E-4 1.13444E-4 1.06415E-4 8.9331E-5 9.6743E-5 9.6209E-5 7.1154E-5 8.1488E-5 8.6232E-5 8.2342E-5 9.7491E-5 7.5516E-5 8.6446E-5 9.3009E-5 7.17E-5 8.155E-5 6.0455E-5 9.3461E-5 1.00362E-4 8.4907E-5 7.8729E-5 1.04144E-4 9.441E-5 9.1656E-5 1.15371E-4 1.54713E-4 1.3416E-4 1.64144E-4 8.63E-5 7.8824E-5 8.0784E-5 8.434E-5 8.322E-5 9.1134E-5 7.5162E-5 9.4888E-5 7.4969E-5 9.7877E-5 8.7305E-5 2.01424E-4 9.7764E-5 9.3834E-5 1.24532E-4 1.10772E-4 1.27763E-4 9.6094E-5 7.5713E-5 9.3128E-5 8.7862E-5 8.8124E-5 1.11097E-4 1.6957E-4 8.0226E-5 8.5322E-5 7.9839E-5 9.463E-5 6.5075E-5 9.9748E-5 1.05092E-4 1.2196E-4 9.7276E-5 7.2804E-5 9.0573E-5 7.5517E-5 8.3339E-5 1.14061E-4 8.6776E-5 8.0854E-5 7.9811E-5 7.7797E-5 7.8176E-5 6.8813E-5 7.32E-5 8.0783E-5 6.7694E-5 8.3004E-5 6.0392E-5 9.2025E-5 8.7337E-5 7.9283E-5 9.1994E-5 8.6144E-5 1.21149E-4 9.2004E-5 9.7726E-5 8.6372E-5 6.8016E-5 7.8536E-5 7.6648E-5 7.96E-5 7.4108E-5 7.8187E-5 1.02863E-4 1.00491E-4 1.18403E-4 1.66828E-4 8.6089E-5 1.06701E-4 8.9982E-5 8.3088E-5 9.7148E-5 7.5788E-5 9.9579E-5 9.2366E-5 9.3669E-5 8.2669E-5 6.8851E-5 8.0379E-5 7.3506E-5 8.0011E-5 7.3051E-5 7.5042E-5 7.1848E-5 8.0459E-5 6.8383E-5 8.2505E-5 6.0806E-5 8.4909E-5 7.725E-5 9.4527E-5 1.43252E-4 1.31286E-4 1.98515E-4 1.76124E-4 1.00125E-4 8.7851E-5 7.5534E-5 8.8462E-5 7.9807E-5 8.1937E-5 7.3307E-5 6.9179E-5 8.147E-5 1.18223E-4 8.7462E-5 9.3998E-5 6.9368E-5 9.8437E-5 1.1108E-4 8.9817E-5 8.465E-5 7.3075E-5 1.17275E-4 1.32471E-4 1.33528E-4 1.27456E-4 1.10326E-4 1.2899E-4 1.21665E-4 1.33396E-4 1.19503E-4 1.10628E-4 1.06876E-4 1.24791E-4 1.14001E-4 1.23078E-4 9.2965E-5 1.4548E-4 1.3684E-4 1.30759E-4 1.28362E-4 7.8841E-5 1.1008E-4 1.10261E-4 1.15338E-4 1.26339E-4 1.01493E-4 1.27273E-4 1.09765E-4 1.53443E-4 1.98132E-4 1.02749E-4 7.7157E-5 9.3534E-5 8.6158E-5 1.01448E-4 7.5483E-5 9.7599E-5 1.28927E-4 8.8791E-5 9.378E-5 7.8345E-5 1.06399E-4 1.34504E-4 1.53148E-4 1.50429E-4 1.30795E-4 9.0782E-5 1.18768E-4 1.12798E-4 9.0018E-5 1.21784E-4 1.16615E-4 1.11893E-4 9.3492E-5 1.18737E-4 7.9205E-5 1.11578E-4 7.9905E-5 8.9775E-5 9.078E-5 6.537E-5 1.01084E-4 8.6617E-5 8.5638E-5 7.7652E-5 7.1716E-5 7.544E-5 7.8936E-5 8.8018E-5 6.7328E-5 6.9162E-5 7.1447E-5 8.0067E-5 6.5399E-5 8.3826E-5 6.2926E-5 8.8461E-5 7.9373E-5 9.2165E-5 8.4493E-5 5.3177E-5 9.3749E-5 7.7057E-5 8.2048E-5 8.5195E-5 8.6036E-5 2.36008E-4 1.12966E-4 9.4791E-5 9.7998E-5 1.28668E-4 8.0063E-5 9.3241E-5 8.4604E-5 8.5116E-5 6.1788E-5 8.8653E-5 9.0987E-5 8.7135E-5 8.3049E-5 6.2936E-5 1.26392E-4 8.0006E-5 8.4876E-5 8.0344E-5 6.7183E-5 7.3705E-5 7.4704E-5 7.7981E-5 6.6623E-5 9.336E-5 7.6787E-5 9.9724E-5 7.3655E-5 8.4992E-5 6.1842E-5 8.702E-5 7.842E-5 8.4939E-5 7.9473E-5 6.1774E-5 8.8319E-5 8.7051E-5 8.7579E-5 8.5287E-5 7.5316E-5 8.4859E-5 8.4444E-5 9.7812E-5 8.9344E-5 1.21106E-4 2.19276E-4 1.01588E-4 9.8109E-5 8.8958E-5 6.3753E-5 1.35606E-4 9.0152E-5 8.9517E-5 8.1708E-5 6.2942E-5 8.8692E-5 7.4418E-5 8.1916E-5 7.4127E-5 6.497E-5 7.5214E-5 8.4658E-5 8.6749E-5 7.5519E-5 7.2277E-5 7.5399E-5 8.0628E-5 6.8442E-5 8.1674E-5 6.0956E-5 9.7534E-5 8.6636E-5 8.1212E-5 8.7731E-5 7.252E-5 9.5594E-5 8.8637E-5 8.7411E-5 8.3331E-5 7.6133E-5 8.8134E-5 7.8148E-5 1.13372E-4 7.6321E-5 7.5273E-5 8.5426E-5 8.2858E-5 6.9861E-5 9.3832E-5 6.8466E-5 9.2482E-5 7.9215E-5 8.0323E-5 8.0416E-5 6.2122E-5 8.8939E-5 7.9007E-5 8.307E-5 7.9176E-5 6.5827E-5 8.1374E-5 7.1118E-5 8.1159E-5 6.9745E-5 7.7834E-5 7.6163E-5 8.0947E-5 6.828E-5 8.6365E-5 7.2383E-5 1.06165E-4 8.1095E-5 8.8479E-5 8.6538E-5 6.4356E-5 8.9026E-5 9.3388E-5 8.1407E-5 7.5534E-5 6.4751E-5 7.6811E-5 7.0425E-5 8.0203E-5 6.9376E-5 7.0161E-5 7.5815E-5 7.612E-5 6.6092E-5 8.0253E-5 5.8813E-5 8.2557E-5 8.3081E-5 8.6369E-5 8.4862E-5 7.3343E-5 1.19607E-4 9.5683E-5 8.9666E-5 1.01783E-4 7.4763E-5 7.9392E-5 8.4402E-5 7.9485E-5 6.9276E-5 7.4169E-5 7.2858E-5 7.9629E-5 6.7694E-5 7.9307E-5 6.0087E-5 8.4198E-5 7.5035E-5 7.2415E-5 7.3932E-5 6.0317E-5 9.8468E-5 8.3881E-5 9.8764E-5 7.3204E-5 7.044E-5 8.3685E-5 9.4202E-5 7.9621E-5 7.2653E-5 6.8941E-5 8.182E-5 7.9854E-5 6.8961E-5 8.0487E-5 1.02834E-4 1.08302E-4 1.48675E-4 1.28733E-4 9.2963E-5 1.07569E-4 1.02626E-4 9.095E-5 9.4657E-5 8.5171E-5 7.3088E-5 8.7324E-5 7.7172E-5 8.3785E-5 8.0286E-5 7.6952E-5 7.7542E-5 8.1816E-5 7.0572E-5 8.2582E-5 6.15E-5 8.8469E-5 7.6202E-5 7.7511E-5 9.0215E-5 7.3804E-5 1.28426E-4 9.7011E-5 9.005E-5 8.7104E-5 8.2637E-5 9.3409E-5 9.0289E-5 8.727E-5 8.6821E-5 8.4534E-5 8.8068E-5 9.0404E-5 7.4931E-5 8.8761E-5 9.8702E-5 1.20882E-4 8.8349E-5 8.7444E-5 8.6948E-5 8.0752E-5 9.6267E-5 9.2834E-5 9.0249E-5 8.7065E-5 8.7737E-5 1.37087E-4 8.5693E-5 8.7024E-5 7.6983E-5 1.32777E-4 1.15686E-4 9.6367E-5 7.4134E-5 8.5847E-5 6.4652E-5 9.0388E-5 8.0883E-5 8.2696E-5 8.0728E-5 6.699E-5 8.9075E-5 8.9854E-5 7.7963E-5 7.4159E-5 6.514E-5 8.0242E-5 9.3898E-5 9.3907E-5 7.067E-5 7.262E-5 7.6438E-5 8.4785E-5 7.0713E-5 8.6568E-5 6.3433E-5 8.8633E-5 7.5676E-5 9.2576E-5 8.127E-5 7.3485E-5 8.9733E-5 7.8282E-5 9.0763E-5 7.8874E-5 6.6409E-5 7.6426E-5 6.9607E-5 7.8263E-5 7.0628E-5 7.1579E-5 8.9647E-5 7.2923E-5 6.5951E-5 7.9269E-5 5.8421E-5 8.2626E-5 7.4459E-5 7.8845E-5 7.3442E-5 5.9387E-5 8.4434E-5 8.7747E-5 1.15014E-4 2.07865E-4 2.35806E-4 2.19424E-4 9.1938E-5 8.6339E-5 7.212E-5 7.3936E-5 8.8674E-5 1.07433E-4 1.21263E-4 1.0642E-4 1.26796E-4 1.02427E-4 8.6583E-5 9.2054E-5 8.3461E-5 7.5346E-5 1.01194E-4 8.6542E-5 7.9348E-5 7.5862E-5 6.9576E-5 9.1607E-5 8.5069E-5 9.2048E-5 8.0301E-5 8.1302E-5 7.7404E-5 8.2891E-5 8.3446E-5 9.5322E-5 7.764E-5 9.5382E-5 8.2523E-5 8.2313E-5 7.9484E-5 7.5758E-5 9.9743E-5 8.585E-5 8.7493E-5 8.4264E-5 6.8897E-5 8.4059E-5 7.8505E-5 8.7578E-5 8.2521E-5 8.5978E-5 9.0483E-5 1.28981E-4 7.9535E-5 9.6587E-5 7.5449E-5 9.9451E-5 8.8678E-5 8.3429E-5 7.9573E-5 6.4485E-5 9.6652E-5 9.0169E-5 8.2397E-5 7.6799E-5 6.699E-5 7.9581E-5 7.8232E-5 8.2161E-5 6.9469E-5 6.8821E-5 8.8861E-5 9.3611E-5 7.8324E-5 9.7121E-5 8.8262E-5 1.05922E-4 9.0884E-5 9.3767E-5 1.04626E-4 8.3905E-5 1.03266E-4 8.8216E-5 1.21304E-4 1.01094E-4 1.15085E-4 1.30547E-4 1.3463E-4 1.5563E-4 8.7854E-5 7.9419E-5 1.07108E-4 9.3884E-5 8.3304E-5 9.3339E-5 7.4991E-5 1.09424E-4 9.1598E-5 9.1304E-5 7.9972E-5 6.6636E-5 9.1267E-5 8.8826E-5 9.027E-5 8.5261E-5 1.29102E-4 9.8771E-5 1.00173E-4 1.53112E-4 9.596E-5 3.74841E-4 9.2778E-5 9.534E-5 7.7327E-5 1.00816E-4 6.7857E-5 9.2519E-5 8.5578E-5 8.4036E-5 7.8887E-5 7.0027E-5 1.25599E-4 1.12973E-4 1.52625E-4 8.6185E-5 8.4765E-5 9.8268E-5 1.09536E-4 1.5737E-4 8.9604E-5 7.4477E-5 8.7497E-5 8.6153E-5 8.1208E-5 9.1249E-5 7.9351E-5 1.0236E-4 8.4685E-5 8.6223E-5 1.37259E-4 8.2466E-5 9.9747E-5 8.4115E-5 9.1076E-5 7.6573E-5 6.9137E-5 7.9324E-5 7.7474E-5 8.5577E-5 7.0684E-5 5.4356E-5 9.0211E-5 1.08872E-4 8.6047E-5 8.9993E-5 6.6131E-5 9.3858E-5 8.5566E-5 8.1083E-5 7.7824E-5 6.5308E-5 9.1363E-5 8.1966E-5 9.2566E-5 8.8448E-5 7.4979E-5 8.5196E-5 8.9166E-5 8.788E-5 7.4011E-5 7.1007E-5 8.1444E-5 9.6821E-5 7.5171E-5 8.8269E-5 6.5553E-5 9.3772E-5 8.7362E-5 8.1898E-5 7.7128E-5 6.6296E-5 9.1115E-5 8.5226E-5 8.1656E-5 7.395E-5 6.756E-5 7.4878E-5 7.016E-5 8.1462E-5 6.9486E-5 7.2019E-5 7.6868E-5 8.574E-5 7.2737E-5 8.8857E-5 7.3917E-5 9.6675E-5 9.0505E-5 8.0668E-5 7.7145E-5 6.2319E-5 8.6034E-5 7.3991E-5 7.413E-5 6.2996E-5 9.2727E-5 1.23952E-4 8.9147E-5 1.40707E-4 1.36731E-4 1.38937E-4 9.1668E-5 9.7509E-5 8.557E-5 9.6493E-5 1.46013E-4 1.04525E-4 8.5614E-5 8.3766E-5 7.8599E-5 6.7582E-5 1.39502E-4 1.20568E-4 9.804E-5 7.4923E-5 6.9725E-5 9.3391E-5 7.9871E-5 9.6497E-5 7.4654E-5 7.4497E-5 8.5377E-5 8.9737E-5 7.5E-5 8.8534E-5 6.657E-5 9.4723E-5 1.03954E-4 8.2472E-5 8.7854E-5 7.4825E-5 9.8641E-5 8.4721E-5 8.1631E-5 7.1109E-5 6.8515E-5 8.0484E-5 7.0243E-5 9.9916E-5 7.861E-5 6.9033E-5 8.7249E-5 1.0487E-4 7.3979E-5 9.9334E-5 7.6169E-5 1.07824E-4 9.0558E-5 8.4024E-5 8.5122E-5 6.8736E-5 9.5358E-5 8.016E-5 9.9955E-5 8.3607E-5 9.541E-5 1.05666E-4 9.6958E-5 2.01739E-4 2.02926E-4 1.12021E-4 9.2376E-5 9.775E-5 1.13662E-4 1.20781E-4 1.00386E-4 1.06219E-4 8.8178E-5 9.1926E-5 9.7364E-5 1.1562E-4 1.29741E-4 9.8679E-5 1.03617E-4 1.36362E-4 1.14412E-4 9.997E-5 7.5958E-5 8.7196E-5 7.445E-5 6.3675E-5 7.7243E-5 8.6166E-5 7.2875E-5 8.3959E-5 7.0697E-5 9.0377E-5 8.0299E-5 7.1856E-5 7.6985E-5 6.5471E-5 9.1048E-5 7.5783E-5 7.7094E-5 6.7288E-5 6.6525E-5 7.8735E-5 6.9874E-5 8.4993E-5 7.4322E-5 6.464E-5 7.8215E-5 9.177E-5 1.0442E-4 1.19286E-4 7.2922E-5 9.2934E-5 8.4072E-5 7.0996E-5 8.0115E-5 6.6054E-5 1.19075E-4 9.6538E-5 9.434E-5 7.5293E-5 7.0267E-5 9.0838E-5 7.0352E-5 8.7841E-5 7.5804E-5 6.1904E-5 7.8961E-5 8.5646E-5 7.1155E-5 8.9236E-5 6.6657E-5 1.077E-4 8.5374E-5 7.2253E-5 7.9522E-5 6.8315E-5 1.01632E-4 8.7392E-5 8.1978E-5 8.2049E-5 1.5484E-4 1.06233E-4 1.02098E-4 1.83361E-4 1.79579E-4 1.36624E-4 8.9754E-5 9.536E-5 7.8689E-5 9.3117E-5 7.6763E-5 1.00868E-4 8.4276E-5 8.8223E-5 8.7508E-5 8.2779E-5 9.7894E-5 8.764E-5 8.8388E-5 1.06868E-4 7.7212E-5 8.4591E-5 9.1483E-5 1.2667E-4 1.04765E-4 1.72342E-4 1.46085E-4 1.17172E-4 8.7002E-5 9.7147E-5 7.1897E-5 9.9058E-5 9.7218E-5 8.0285E-5 1.20488E-4 7.2564E-5 9.9802E-5 8.6786E-5 8.245E-5 6.8736E-5 8.1113E-5 9.011E-5 8.0884E-5 9.7041E-5 1.30567E-4 7.4593E-5 1.00024E-4 9.8876E-5 8.8185E-5 1.53503E-4 1.06412E-4 1.05208E-4 8.8493E-5 8.2729E-5 1.13661E-4 1.04422E-4 3.00317E-4 1.56128E-4 1.70642E-4 1.08243E-4 1.17436E-4 1.4212E-4 8.9575E-5 1.47075E-4 1.34981E-4 1.26125E-4 1.36669E-4 1.45912E-4 1.21469E-4 1.4335E-4 1.11625E-4 1.58963E-4 1.02421E-4 8.3015E-5 9.4938E-5 7.3884E-5 1.07977E-4 9.8848E-5 8.8537E-5 9.7995E-5 8.2049E-5 9.5492E-5 8.0582E-5 1.02808E-4 1.52644E-4 1.7262E-4 2.13301E-4 1.72108E-4 1.24089E-4 2.25024E-4 1.34416E-4 1.44128E-4 1.15952E-4 8.8209E-5 1.40119E-4 1.22947E-4 1.23739E-4 1.21954E-4 2.52379E-4 1.44159E-4 8.6239E-5 1.51717E-4 8.5546E-5 1.05791E-4 8.4408E-5 6.8325E-5 9.3922E-5 9.4494E-5 8.025E-5 9.4137E-5 6.9842E-5 9.7387E-5 8.7456E-5 7.1322E-5 8.2137E-5 6.9633E-5 1.02865E-4 8.1778E-5 8.5681E-5 8.2885E-5 1.06493E-4 8.8365E-5 7.0284E-5 9.3769E-5 7.5928E-5 6.6029E-5 8.2465E-5 8.8879E-5 7.7372E-5 1.86519E-4 9.0827E-5 1.20609E-4 1.17852E-4 8.9965E-5 9.2754E-5 7.8455E-5 9.9035E-5 9.5661E-5 9.8285E-5 1.40355E-4 1.36865E-4 1.02463E-4 1.07152E-4 1.01234E-4 9.969E-5 1.57196E-4 9.4327E-5 9.36E-5 8.0343E-5 9.8499E-5 9.1292E-5 1.08703E-4 9.5454E-5 7.9382E-5 8.5895E-5 7.0328E-5 9.7437E-5 8.532E-5 8.4115E-5 8.2253E-5 8.4716E-5 9.3296E-5 9.3025E-5 1.08413E-4 1.04288E-4 1.72095E-4 1.02399E-4 9.6038E-5 8.9833E-5 9.6542E-5 7.0847E-5 1.07187E-4 9.058E-5 9.1563E-5 1.25839E-4 8.3163E-5 1.11991E-4 8.8466E-5 8.8045E-5 8.0691E-5 8.5378E-5 9.6243E-5 8.528E-5 1.05568E-4 8.2884E-5 7.2877E-5 9.5908E-5 9.3458E-5 8.0087E-5 9.4755E-5 7.1744E-5 1.00688E-4 8.9017E-5 7.4512E-5 8.2212E-5 9.0747E-5 1.10549E-4 9.5552E-5 8.6224E-5 6.8598E-5 7.3409E-5 8.4678E-5 8.6765E-5 1.16501E-4 7.6552E-5 7.2074E-5 8.7696E-5 1.08455E-4 8.001E-5 1.4741E-4 7.6681E-5 1.45358E-4 1.0747E-4 8.2893E-5 8.7519E-5 7.1692E-5 1.35647E-4 9.4112E-5 9.8478E-5 9.559E-5 9.4239E-5 1.52454E-4 1.37581E-4 1.22932E-4 8.3896E-5 7.9867E-5 8.8959E-5 9.1183E-5 9.1161E-5 9.8087E-5 7.8521E-5 1.00838E-4 9.9692E-5 7.2635E-5 8.5232E-5 6.926E-5 9.427E-5 9.3903E-5 9.0926E-5 7.7951E-5 7.5198E-5 8.8618E-5 8.2554E-5 1.32289E-4 1.50199E-4 7.6532E-5 8.522E-5 9.5578E-5 8.1839E-5 1.25855E-4 7.6825E-5 1.00049E-4 8.814E-5 7.2902E-5 8.7448E-5 7.2574E-5 9.9323E-5 9.1308E-5 8.2661E-5 6.3741E-5 8.6951E-5 1.02244E-4 8.4476E-5 1.03749E-4 8.2194E-5 1.04527E-4 8.6973E-5 8.8634E-5 7.6165E-5 8.9709E-5 6.7561E-5 9.6352E-5 8.52E-5 7.2249E-5 9.5307E-5 8.1317E-5 1.04412E-4 8.6321E-5 8.0154E-5 5.8795E-5 7.332E-5 9.5808E-5 8.2333E-5 9.4846E-5 7.8097E-5 6.0792E-5 8.3865E-5 9.5388E-5 8.1359E-5 9.8017E-5 7.1456E-5 9.7222E-5 9.1628E-5 7.3965E-5 7.2728E-5 7.4316E-5 1.27344E-4 1.42275E-4 1.84698E-4 1.60858E-4 9.2774E-5 8.5032E-5 7.3597E-5 8.9853E-5 7.5966E-5 5.8373E-5 8.157E-5 1.19639E-4 1.15851E-4 1.0205E-4 7.8477E-5 9.9521E-5 9.9688E-5 8.2791E-5 8.0354E-5 7.121E-5 9.8338E-5 9.2421E-5 8.239E-5 7.2164E-5 7.4801E-5 8.4017E-5 8.3355E-5 1.02819E-4 7.9273E-5 6.2702E-5 9.32E-5 9.7716E-5 8.5554E-5 1.03033E-4 7.7694E-5 1.02622E-4 1.01772E-4 8.4006E-5 9.2107E-5 8.1296E-5 1.07858E-4 1.03751E-4 8.4344E-5 7.1634E-5 8.1747E-5 1.07756E-4 7.6475E-5 1.02348E-4 8.5173E-5 6.8865E-5 1.42613E-4 1.10697E-4 8.1393E-5 1.11188E-4 1.07109E-4 2.8195E-4 1.19639E-4 7.5844E-5 7.015E-5 7.1398E-5 9.7483E-5 8.1023E-5 7.1648E-5 6.0344E-5 7.1885E-5 8.1864E-5 6.8931E-5 1.33526E-4 8.7279E-5 6.9067E-5 9.4505E-5 9.285E-5 8.6132E-5 1.01165E-4 7.2452E-5 1.01277E-4 9.7126E-5 8.0576E-5 7.779E-5 8.0438E-5 1.07947E-4 1.07366E-4 1.22355E-4 1.17694E-4 1.16785E-4 9.8039E-5 9.3313E-5 1.01511E-4 8.1579E-5 1.48758E-4 1.99187E-4 1.31158E-4 8.0293E-5 9.4607E-5 7.6587E-5 1.09838E-4 9.3704E-5 7.097E-5 1.01721E-4 1.36223E-4 1.21873E-4 9.5988E-5 8.0456E-5 7.4945E-5 8.1151E-5 9.2199E-5 7.8482E-5 1.28916E-4 9.0547E-5 1.12E-4 9.3524E-5 9.2039E-5 1.1189E-4 1.42055E-4 7.1436E-5 9.5177E-5 8.0243E-5 6.864E-5 6.6397E-5 6.8075E-5 1.01839E-4 1.04639E-4 1.85393E-4 1.0677E-4 8.8953E-5 8.7772E-5 8.5493E-5 1.00765E-4 8.0952E-5 7.0259E-5 8.9533E-5 8.752E-5 7.7116E-5 9.0451E-5 7.3039E-5 9.4671E-5 8.0604E-5 6.6367E-5 6.7042E-5 7.5245E-5 1.41693E-4 1.12516E-4 1.09405E-4 6.2782E-5 7.2952E-5 8.7248E-5 1.01456E-4 1.71284E-4 1.48299E-4 8.9355E-5 9.7649E-5 9.5071E-5 8.5037E-5 1.05318E-4 7.5918E-5 1.10477E-4 9.4529E-5 7.0525E-5 6.9326E-5 7.0789E-5 1.12288E-4 8.8232E-5 9.4545E-5 6.8639E-5 7.7077E-5 9.5276E-5 7.4943E-5 9.4127E-5 7.8093E-5 6.7081E-5 8.7785E-5 8.5464E-5 7.7404E-5 9.06E-5 6.9483E-5 9.3572E-5 8.8057E-5 6.625E-5 6.7637E-5 6.7829E-5 9.688E-5 8.3537E-5 7.1018E-5 5.9509E-5 1.48541E-4 8.9512E-5 5.804E-5 9.4423E-5 8.1631E-5 

Timer for Syntactic Relevance:: 0.779988461
Timer for solver: 0.241208603
		DELL.SPLX	DELL_C100_0.TESTCASES
			Diag: [mandatory(Dell Laptops/Notebooks, Product Category), mandatory(Dell Laptops/Notebooks, Operating System), mandatory(Dell Laptops/Notebooks, Hard Drive), mandatory(Dell Laptops/Notebooks, Laptop Weight), mandatory(Dell Laptops/Notebooks, Memory), mandatory(Dell Laptops/Notebooks, Processor), alternative(Product Category, Mini Notebooks, Inspiron Laptops, Studio Laptops, XPS Laptops, Adamo, Studio XPS Laptops), alternative(Operating System, Windows Vista 64 bit, Windows XP Home, Ubuntu Linux, Windows 7, Windows 8), alternative(Hard Drive, 500GB, 320GB, 250GB, 160GB, 128GB Solid State, 120GB, 80GB), excludes(Inspiron Laptops, Windows Vista 64 bit), excludes(Adamo, CD_DVD +RW), excludes(Studio XPS Laptops, 120GB)]
			Diag size: 12
The size of Consistency checks: 260496
The number of Choco Solver calls: 2540
The number of different: 3
The number of INconsistent: 54
The number of union: 243
The number of post constraints: 260496
The number of consistent: 2486
The number of unpost constraints: 260496
The number of Consistency checks: 122

Timer for Syntactic Relevance:[thread=1]: 0.917973782
0.917973782 
Timer for solver[thread=1]: 0.266417875
4.53194E-4 3.09448E-4 1.14087E-4 9.394E-5 8.5161E-5 1.55854E-4 1.3034E-4 9.3037E-5 6.3554E-5 1.42018E-4 1.0158E-4 1.27646E-4 2.12663E-4 1.4184E-4 2.03414E-4 8.3478E-5 1.36611E-4 2.06752E-4 6.1231E-5 9.3944E-5 1.42041E-4 9.0456E-5 4.8617E-5 9.7983E-5 1.04443E-4 5.2752E-5 4.7226E-5 5.8679E-5 8.038E-5 4.5453E-5 1.3551E-4 1.83521E-4 7.5024E-5 7.8461E-5 9.2841E-5 7.5377E-5 1.16784E-4 1.63377E-4 1.35562E-4 1.13719E-4 1.15981E-4 7.9385E-5 7.0295E-5 9.8048E-5 1.25515E-4 9.1778E-5 9.2758E-5 9.5182E-5 8.531E-5 8.8196E-5 7.8186E-5 4.8051E-5 7.7716E-5 4.9099E-5 8.7872E-5 6.2725E-5 8.1983E-5 5.5346E-5 9.0865E-5 3.31503E-4 1.54166E-4 1.26377E-4 1.56475E-4 1.45998E-4 1.13463E-4 1.21745E-4 1.36676E-4 1.17598E-4 1.02678E-4 1.4434E-4 1.24089E-4 1.15716E-4 1.45613E-4 9.5516E-5 1.22248E-4 1.97384E-4 1.49441E-4 1.24618E-4 1.52509E-4 1.17259E-4 1.87888E-4 1.28848E-4 1.79756E-4 2.93544E-4 2.0031E-4 3.81331E-4 1.89696E-4 1.40793E-4 1.08545E-4 1.23429E-4 1.55523E-4 1.07507E-4 1.19509E-4 1.13116E-4 1.86754E-4 1.21437E-4 1.58374E-4 1.52843E-4 9.8191E-5 1.39284E-4 1.80131E-4 1.29985E-4 1.35955E-4 1.43128E-4 1.4804E-4 1.49787E-4 1.38352E-4 1.44062E-4 1.28456E-4 1.13249E-4 1.15586E-4 1.19707E-4 1.18374E-4 1.14709E-4 1.1724E-4 1.10261E-4 1.17605E-4 1.16881E-4 1.09484E-4 1.29447E-4 2.47446E-4 1.26684E-4 1.29571E-4 1.15975E-4 1.09065E-4 1.10895E-4 1.492E-4 5.9678E-5 1.52857E-4 1.15011E-4 2.1159E-5 1.0104E-5 1.20864E-4 1.15415E-4 1.37204E-4 1.15553E-4 1.16908E-4 1.139E-4 1.13049E-4 1.20271E-4 1.20336E-4 1.19121E-4 1.22577E-4 1.23863E-4 1.52199E-4 8.809E-5 3.1848E-5 1.92427E-4 1.4585E-5 1.14989E-4 1.20987E-4 1.113E-5 1.10711E-4 1.08713E-4 1.09537E-4 1.13549E-4 1.14889E-4 1.5846E-5 9.824E-6 1.6769E-4 1.67181E-4 3.0234E-5 1.30495E-4 1.11641E-4 1.11172E-4 1.99781E-4 1.96459E-4 1.91258E-4 1.20094E-4 1.13054E-4 1.15714E-4 1.2222E-4 1.14223E-4 2.7811E-5 1.3345E-5 1.0421E-5 1.21224E-4 1.16515E-4 1.13342E-4 1.28014E-4 1.5615E-4 1.20929E-4 1.29088E-4 1.16015E-4 1.13827E-4 1.33946E-4 1.58347E-4 1.42254E-4 1.15939E-4 1.14307E-4 1.16137E-4 1.16518E-4 1.15405E-4 1.16897E-4 1.13585E-4 1.13879E-4 1.18145E-4 1.21393E-4 1.13931E-4 1.21218E-4 1.23839E-4 1.11703E-4 1.74201E-4 1.46449E-4 1.20648E-4 1.20899E-4 1.17849E-4 1.31055E-4 1.5773E-4 1.23371E-4 1.20552E-4 1.1543E-4 1.58346E-4 1.14247E-4 1.16593E-4 3.9525E-5 1.2073E-5 1.17012E-4 1.0775E-5 1.27165E-4 2.7018E-5 1.48117E-4 1.59503E-4 2.5139E-5 1.51926E-4 1.60193E-4 1.33617E-4 1.19753E-4 1.54277E-4 1.17345E-4 1.14954E-4 1.13961E-4 2.4412E-5 1.91726E-4 1.42339E-4 1.31245E-4 1.9323E-4 1.25105E-4 1.16603E-4 1.22725E-4 1.25485E-4 1.14116E-4 1.20409E-4 1.14332E-4 2.536E-5 1.12455E-4 1.11044E-4 1.11847E-4 1.12363E-4 1.9499E-5 1.07722E-4 1.097E-4 1.14874E-4 1.3602E-5 1.12683E-4 1.07888E-4 1.4614E-5 1.14365E-4 1.05662E-4 1.14705E-4 1.21797E-4 1.08636E-4 1.14012E-4 1.08442E-4 1.10474E-4 1.08563E-4 1.17629E-4 1.12821E-4 1.06436E-4 1.09386E-4 1.11924E-4 1.13172E-4 1.41791E-4 1.25149E-4 1.96378E-4 1.61744E-4 1.61815E-4 1.80424E-4 2.01572E-4 2.21092E-4 2.43807E-4 1.79318E-4 1.60797E-4 1.59052E-4 1.20621E-4 3.6235E-5 1.20864E-4 1.2417E-4 1.0462E-4 1.66852E-4 3.3007E-5 1.53422E-4 1.87479E-4 1.58547E-4 1.47673E-4 1.55574E-4 2.0676E-4 1.6271E-4 1.30692E-4 3.1033E-5 1.94315E-4 1.7714E-4 1.19728E-4 1.14342E-4 1.09384E-4 1.67355E-4 4.0532E-5 4.8363E-5 1.21027E-4 1.32517E-4 1.2505E-4 1.30084E-4 1.05136E-4 1.05277E-4 1.17944E-4 1.06651E-4 1.13784E-4 1.24152E-4 3.7738E-5 1.14802E-4 1.36404E-4 9.8441E-5 3.0254E-5 1.59787E-4 1.31749E-4 1.24661E-4 1.21656E-4 1.21174E-4 1.2423E-4 1.30485E-4 1.39568E-4 1.25362E-4 1.21989E-4 1.18598E-4 1.1392E-4 1.15363E-4 1.23439E-4 1.26355E-4 1.19759E-4 1.31374E-4 2.49852E-4 1.41676E-4 1.79617E-4 1.23261E-4 1.34573E-4 1.22726E-4 1.52644E-4 1.49379E-4 1.41514E-4 1.46802E-4 1.46051E-4 1.48067E-4 1.36809E-4 1.45392E-4 1.46631E-4 1.42347E-4 1.49491E-4 1.50145E-4 1.46821E-4 1.59704E-4 1.51962E-4 1.19876E-4 1.59107E-4 1.23583E-4 1.4741E-4 1.22274E-4 1.59378E-4 9.4122E-5 1.49973E-4 8.6736E-5 8.3543E-5 1.42832E-4 1.34175E-4 1.11379E-4 9.104E-5 8.516E-5 8.2186E-5 1.4036E-4 9.1139E-5 9.2919E-5 1.39149E-4 1.21235E-4 2.24995E-4 1.16749E-4 1.30056E-4 7.7531E-5 8.7661E-5 8.2598E-5 1.14009E-4 9.956E-5 8.9803E-5 8.686E-5 7.4834E-5 9.7639E-5 8.1971E-5 8.4084E-5 8.3471E-5 1.00482E-4 1.08914E-4 9.0446E-5 1.04584E-4 1.13346E-4 1.49177E-4 1.0415E-4 1.35161E-4 1.08499E-4 1.48726E-4 9.2172E-5 8.8846E-5 7.7305E-5 7.6229E-5 8.1205E-5 6.764E-5 7.7532E-5 8.7547E-5 8.1088E-5 8.7252E-5 8.9294E-5 8.1209E-5 9.8569E-5 9.2805E-5 8.1775E-5 9.4689E-5 6.4429E-5 7.8352E-5 7.249E-5 8.3619E-5 8.4055E-5 1.11423E-4 8.0753E-5 9.4132E-5 8.481E-5 8.4003E-5 8.2829E-5 9.7222E-5 9.3191E-5 8.0226E-5 9.1668E-5 9.266E-5 9.8691E-5 1.36472E-4 8.7825E-5 9.1892E-5 7.3993E-5 9.0204E-5 6.8424E-5 8.2501E-5 1.02961E-4 9.2115E-5 8.5249E-5 8.9828E-5 8.0004E-5 8.0512E-5 9.7384E-5 1.02097E-4 9.3218E-5 7.7112E-5 8.2238E-5 7.6567E-5 8.3661E-5 1.06022E-4 1.47422E-4 8.9858E-5 6.2853E-5 7.6744E-5 6.6327E-5 7.6146E-5 7.7101E-5 1.31909E-4 1.05085E-4 7.7307E-5 7.888E-5 8.4767E-5 7.9622E-5 8.9738E-5 8.6997E-5 8.3714E-5 8.3648E-5 7.4021E-5 8.2847E-5 9.2927E-5 1.0134E-4 8.795E-5 9.9553E-5 8.8187E-5 7.4965E-5 8.7861E-5 8.0407E-5 7.7765E-5 1.04058E-4 7.9555E-5 8.8326E-5 8.1261E-5 9.2918E-5 1.01502E-4 1.00617E-4 1.14734E-4 1.0151E-4 1.05015E-4 1.53493E-4 2.01963E-4 1.41592E-4 1.07815E-4 6.5411E-5 1.26368E-4 1.10517E-4 8.2269E-5 7.9868E-5 8.1962E-5 7.3578E-5 6.8755E-5 7.7993E-5 6.9662E-5 1.29817E-4 1.12611E-4 1.55959E-4 9.0135E-5 9.0963E-5 8.1323E-5 8.4351E-5 1.07416E-4 7.6547E-5 9.5602E-5 6.7533E-5 7.5949E-5 6.9155E-5 9.9219E-5 8.1755E-5 7.8274E-5 7.2534E-5 6.8186E-5 7.7216E-5 7.0335E-5 7.8957E-5 8.281E-5 1.52982E-4 1.52789E-4 1.56983E-4 1.11359E-4 1.44587E-4 1.84141E-4 1.58052E-4 1.40033E-4 1.14352E-4 9.9354E-5 7.1272E-5 8.1353E-5 7.8517E-5 8.1253E-5 7.3117E-5 6.8421E-5 7.7442E-5 7.0359E-5 7.9946E-5 8.312E-5 6.561E-5 7.3088E-5 9.3265E-5 8.6847E-5 8.4283E-5 8.5014E-5 8.4406E-5 8.6412E-5 1.46058E-4 8.1076E-5 6.8149E-5 9.1879E-5 8.3974E-5 9.1395E-5 7.7473E-5 6.8345E-5 9.511E-5 7.7895E-5 8.4244E-5 8.6933E-5 9.9792E-5 9.991E-5 8.4163E-5 7.5201E-5 8.2303E-5 9.2725E-5 1.18759E-4 9.0313E-5 6.7474E-5 9.0527E-5 7.4372E-5 8.515E-5 9.1699E-5 8.8876E-5 8.9369E-5 7.9248E-5 8.2289E-5 8.1948E-5 8.3038E-5 1.0056E-4 6.7758E-5 8.4771E-5 1.24906E-4 1.18721E-4 9.3914E-5 8.8138E-5 8.2244E-5 8.6702E-5 7.6239E-5 9.7939E-5 7.8001E-5 1.49034E-4 9.4673E-5 1.15358E-4 1.22645E-4 7.4132E-5 9.8411E-5 1.17284E-4 1.01338E-4 1.3393E-4 7.584E-5 8.2738E-5 1.01923E-4 1.03302E-4 8.8677E-5 9.9068E-5 9.2216E-5 9.1642E-5 7.5025E-5 8.2551E-5 8.7605E-5 1.12941E-4 1.32415E-4 1.30082E-4 1.25683E-4 1.1121E-4 1.73551E-4 2.31938E-4 1.03255E-4 1.19906E-4 9.2598E-5 8.8384E-5 1.29092E-4 2.08841E-4 2.29889E-4 1.77872E-4 1.23653E-4 8.9032E-5 9.6664E-5 1.90589E-4 1.46777E-4 1.34051E-4 1.41068E-4 1.1156E-4 8.0655E-5 1.72104E-4 1.14108E-4 9.6008E-5 9.3614E-5 1.04975E-4 9.3269E-5 1.35219E-4 1.27664E-4 1.02443E-4 9.9007E-5 9.1913E-5 7.8496E-5 9.8103E-5 7.9715E-5 9.1087E-5 8.1232E-5 8.4772E-5 9.5453E-5 8.7076E-5 8.3645E-5 7.5024E-5 9.7677E-5 8.3129E-5 8.1748E-5 1.00243E-4 7.0923E-5 7.8215E-5 8.4601E-5 9.4916E-5 1.02731E-4 1.22883E-4 1.55292E-4 1.36891E-4 9.9562E-5 9.7261E-5 1.27916E-4 9.1771E-5 1.49479E-4 1.60716E-4 1.71469E-4 1.13655E-4 1.11417E-4 1.20778E-4 9.3913E-5 1.09563E-4 9.0424E-5 9.9742E-5 9.8589E-5 8.2616E-5 1.05232E-4 8.6525E-5 1.0432E-4 9.3085E-5 7.3319E-5 9.998E-5 8.4498E-5 1.09292E-4 1.2348E-4 9.0861E-5 8.1999E-5 6.9873E-5 1.01894E-4 1.00817E-4 8.5724E-5 8.5906E-5 7.7536E-5 8.8813E-5 1.04195E-4 8.7225E-5 1.01741E-4 8.8823E-5 1.20038E-4 1.83295E-4 1.47025E-4 1.90507E-4 8.252E-5 9.1263E-5 1.11929E-4 9.7767E-5 1.51698E-4 1.14674E-4 1.40308E-4 8.1131E-5 1.55521E-4 9.6891E-5 7.0802E-5 8.0198E-5 8.7803E-5 7.8721E-5 1.54773E-4 1.20627E-4 9.4857E-5 9.4936E-5 8.2109E-5 9.6973E-5 8.5275E-5 9.3576E-5 9.2963E-5 9.472E-5 8.9203E-5 6.9125E-5 9.6092E-5 8.5366E-5 8.9363E-5 9.224E-5 7.1498E-5 8.9509E-5 8.8916E-5 8.9406E-5 9.8457E-5 9.0517E-5 7.7745E-5 9.3853E-5 7.1438E-5 8.3014E-5 7.2789E-5 9.311E-5 8.492E-5 8.6343E-5 7.9002E-5 6.7502E-5 8.4867E-5 7.5784E-5 7.8106E-5 8.0403E-5 6.2479E-5 7.4705E-5 8.3019E-5 7.7347E-5 8.4577E-5 7.3939E-5 7.1004E-5 9.7481E-5 7.004E-5 8.4416E-5 7.3199E-5 8.3705E-5 9.6024E-5 8.7857E-5 7.6722E-5 6.7046E-5 8.6858E-5 8.341E-5 8.4557E-5 8.1683E-5 7.6891E-5 8.0783E-5 8.2205E-5 8.0716E-5 9.8357E-5 7.8849E-5 7.424E-5 9.2722E-5 7.1261E-5 8.2436E-5 9.1238E-5 1.33665E-4 1.42802E-4 1.4437E-4 1.74939E-4 1.43862E-4 1.50393E-4 1.36399E-4 1.33797E-4 1.46725E-4 1.04432E-4 1.02727E-4 1.25245E-4 1.72258E-4 1.29714E-4 8.9329E-5 7.7798E-5 9.3592E-5 7.2044E-5 8.2095E-5 7.9118E-5 9.3506E-5 9.2124E-5 1.22222E-4 8.4845E-5 7.2381E-5 9.5402E-5 9.8967E-5 1.48193E-4 1.213E-4 1.04465E-4 8.4271E-5 9.6781E-5 8.1047E-5 8.9228E-5 8.0091E-5 8.3552E-5 8.6501E-5 7.4562E-5 8.3357E-5 7.5214E-5 8.0345E-5 8.1975E-5 8.1339E-5 7.7653E-5 6.6984E-5 8.3277E-5 7.5382E-5 7.7769E-5 7.1653E-5 6.3076E-5 7.4E-5 8.5861E-5 9.0655E-5 8.8179E-5 7.1241E-5 7.3214E-5 1.0752E-4 9.6278E-5 8.5376E-5 7.277E-5 8.4112E-5 8.1279E-5 8.3152E-5 7.7447E-5 6.7488E-5 8.2302E-5 7.2781E-5 7.8523E-5 9.2779E-5 1.06201E-4 8.3017E-5 8.5522E-5 9.6032E-5 1.02336E-4 7.9137E-5 7.6722E-5 8.3207E-5 6.7337E-5 8.508E-5 7.222E-5 8.5261E-5 8.3851E-5 8.2833E-5 7.5945E-5 6.8816E-5 8.6717E-5 7.563E-5 7.9734E-5 7.2213E-5 7.1256E-5 9.6467E-5 8.8184E-5 8.0348E-5 1.3379E-4 1.10502E-4 1.38722E-4 1.25375E-4 1.18514E-4 1.44463E-4 1.65598E-4 1.43922E-4 1.35813E-4 1.23407E-4 1.25328E-4 8.7803E-5 9.351E-5 7.9736E-5 1.00623E-4 1.17397E-4 8.6494E-5 1.93195E-4 1.01731E-4 9.0217E-5 1.18429E-4 9.4322E-5 8.8952E-5 9.3668E-5 7.5922E-5 1.07968E-4 8.1764E-5 9.0239E-5 9.0575E-5 8.9345E-5 8.4326E-5 6.8922E-5 8.7585E-5 7.6402E-5 8.7125E-5 8.9102E-5 6.8315E-5 8.0487E-5 8.7586E-5 9.5433E-5 1.0814E-4 1.55504E-4 1.36127E-4 1.1131E-4 7.1371E-5 8.5745E-5 7.2255E-5 8.9497E-5 8.4897E-5 9.1151E-5 9.7281E-5 7.5719E-5 9.3505E-5 9.4722E-5 9.5278E-5 8.2369E-5 7.07E-5 7.9035E-5 1.02646E-4 8.9898E-5 1.03815E-4 7.5948E-5 7.6974E-5 8.6473E-5 7.0151E-5 8.4067E-5 7.887E-5 1.00342E-4 9.9232E-5 9.0866E-5 8.4836E-5 7.097E-5 1.03499E-4 8.2787E-5 9.5521E-5 8.3745E-5 7.1059E-5 9.1623E-5 1.02165E-4 8.9763E-5 8.9276E-5 8.7714E-5 9.1665E-5 1.16631E-4 7.808E-5 1.09319E-4 1.14943E-4 1.01536E-4 9.0038E-5 1.01092E-4 1.22319E-4 1.10019E-4 1.04791E-4 1.38711E-4 1.81989E-4 1.6953E-4 9.2322E-5 8.7752E-5 1.01652E-4 1.48558E-4 1.61481E-4 8.7234E-5 1.27786E-4 1.07692E-4 9.9482E-5 1.65927E-4 1.38214E-4 1.10724E-4 1.01716E-4 1.01686E-4 1.16717E-4 8.7482E-5 1.00883E-4 9.5665E-5 1.3135E-4 9.3808E-5 1.74603E-4 9.1902E-5 1.00259E-4 1.32564E-4 1.31509E-4 8.6842E-5 1.09585E-4 1.01062E-4 8.5157E-5 8.9688E-5 8.4284E-5 1.04169E-4 9.2342E-5 1.00024E-4 8.7616E-5 7.2723E-5 1.01531E-4 9.2041E-5 9.581E-5 1.14453E-4 1.41709E-4 1.6686E-4 1.23382E-4 1.0149E-4 1.38694E-4 9.0769E-5 9.9902E-5 1.5142E-4 9.7419E-5 1.00127E-4 7.5143E-5 9.534E-5 8.4657E-5 9.0476E-5 8.2819E-5 7.3764E-5 1.20915E-4 8.5397E-5 1.00517E-4 8.5038E-5 9.8116E-5 1.33492E-4 1.51993E-4 1.08822E-4 1.01138E-4 8.4537E-5 8.2529E-5 9.4325E-5 8.1084E-5 1.05963E-4 7.8815E-5 1.08132E-4 1.18935E-4 1.04419E-4 8.8759E-5 7.1207E-5 1.01246E-4 8.6897E-5 8.8489E-5 9.2914E-5 7.768E-5 1.14888E-4 9.6219E-5 8.4691E-5 8.2649E-5 1.55263E-4 8.7316E-5 8.8137E-5 7.3094E-5 8.8113E-5 8.1319E-5 9.5238E-5 8.7764E-5 1.01981E-4 9.552E-5 7.8415E-5 1.19903E-4 9.5144E-5 9.4406E-5 1.09611E-4 8.0256E-5 8.8861E-5 9.0359E-5 1.37446E-4 8.9246E-5 7.996E-5 8.4385E-5 1.01948E-4 7.5316E-5 8.8973E-5 6.962E-5 9.5176E-5 9.3489E-5 9.4341E-5 8.6413E-5 8.4642E-5 9.71E-5 1.16891E-4 9.5568E-5 8.4905E-5 7.7441E-5 1.00846E-4 1.25423E-4 9.8276E-5 8.2146E-5 8.5934E-5 8.0624E-5 8.8447E-5 1.00746E-4 1.06797E-4 9.3876E-5 1.52833E-4 1.51601E-4 1.45948E-4 1.38505E-4 1.02453E-4 1.06852E-4 9.4645E-5 9.629E-5 8.3299E-5 6.9273E-5 8.3625E-5 8.4168E-5 8.4405E-5 8.4822E-5 7.7473E-5 7.6705E-5 8.7197E-5 7.1618E-5 8.5017E-5 6.4808E-5 9.0201E-5 8.6433E-5 8.8911E-5 8.9317E-5 7.6446E-5 9.317E-5 7.7101E-5 8.4826E-5 9.5836E-5 9.5653E-5 8.8851E-5 9.7175E-5 9.942E-5 1.09784E-4 7.8688E-5 8.0822E-5 1.0057E-4 1.12991E-4 1.61619E-4 1.64716E-4 1.08057E-4 9.4699E-5 9.9293E-5 1.12187E-4 8.6475E-5 9.956E-5 9.162E-5 9.3045E-5 8.1905E-5 8.2469E-5 9.2123E-5 9.3355E-5 9.5018E-5 8.9342E-5 1.29206E-4 1.26614E-4 1.42291E-4 1.24932E-4 1.37788E-4 1.2333E-4 1.57176E-4 1.44192E-4 1.4996E-4 1.29459E-4 1.03613E-4 1.48029E-4 1.2845E-4 1.42356E-4 1.28955E-4 1.21104E-4 1.42459E-4 1.429E-4 1.42779E-4 1.27861E-4 9.3643E-5 9.1316E-5 1.06909E-4 1.53626E-4 1.36212E-4 7.5442E-5 1.11007E-4 9.98E-5 1.02324E-4 9.2955E-5 7.4382E-5 1.03314E-4 9.1155E-5 9.9255E-5 1.2985E-4 8.3488E-5 9.5784E-5 1.08969E-4 1.17933E-4 2.35085E-4 1.11102E-4 1.05084E-4 1.00112E-4 1.91662E-4 1.16645E-4 7.5185E-5 1.11001E-4 1.60239E-4 1.22522E-4 1.05888E-4 1.90845E-4 1.13849E-4 8.9929E-5 9.447E-5 8.0811E-5 7.8236E-5 8.4911E-5 8.906E-5 8.2113E-5 7.9369E-5 8.685E-5 7.8208E-5 9.9544E-5 7.7134E-5 1.02874E-4 1.14893E-4 1.00228E-4 1.10056E-4 1.4915E-4 8.8745E-5 7.0049E-5 8.9087E-5 7.8659E-5 8.4183E-5 7.8052E-5 6.9208E-5 8.0109E-5 8.4594E-5 1.03289E-4 9.0625E-5 7.8429E-5 7.9585E-5 8.75E-5 7.0898E-5 8.6503E-5 6.7721E-5 9.0317E-5 7.9203E-5 9.2305E-5 8.5581E-5 6.7994E-5 8.6558E-5 7.865E-5 9.2992E-5 8.0968E-5 6.6263E-5 9.1823E-5 1.1023E-4 1.81904E-4 3.61631E-4 9.6224E-5 7.8033E-5 8.3697E-5 7.0124E-5 1.00251E-4 6.8506E-5 1.5297E-4 8.7721E-5 8.8739E-5 1.17119E-4 7.5348E-5 1.56047E-4 1.12954E-4 1.17356E-4 8.6091E-5 8.1547E-5 8.9727E-5 9.0006E-5 8.5414E-5 8.1796E-5 7.5826E-5 7.6557E-5 9.605E-5 8.3844E-5 9.6295E-5 6.8582E-5 1.00014E-4 8.5972E-5 9.4404E-5 8.8677E-5 7.019E-5 9.4906E-5 8.359E-5 8.7256E-5 7.7657E-5 6.8441E-5 8.3724E-5 7.726E-5 8.3654E-5 7.9317E-5 7.6452E-5 8.0013E-5 8.6961E-5 7.3529E-5 8.9321E-5 7.0251E-5 9.3343E-5 8.641E-5 1.54407E-4 9.6653E-5 8.1003E-5 1.20832E-4 9.3601E-5 1.00945E-4 9.1383E-5 8.156E-5 9.4884E-5 9.1485E-5 1.31465E-4 1.11044E-4 9.0353E-5 9.0892E-5 1.05085E-4 9.0593E-5 1.0585E-4 7.3678E-5 9.4803E-5 9.3877E-5 1.02404E-4 9.0146E-5 1.03427E-4 1.4122E-4 8.936E-5 1.20965E-4 1.70103E-4 2.60607E-4 1.29841E-4 8.3384E-5 1.00212E-4 9.0473E-5 7.9916E-5 8.3405E-5 9.3644E-5 7.6807E-5 8.6102E-5 6.4135E-5 9.2336E-5 8.5421E-5 8.3458E-5 8.619E-5 1.01374E-4 1.0438E-4 9.1026E-5 9.837E-5 8.8917E-5 1.08775E-4 9.5555E-5 8.6601E-5 9.5981E-5 8.0665E-5 8.5831E-5 8.3892E-5 8.8967E-5 7.7465E-5 1.79581E-4 7.9929E-5 1.8543E-4 3.05052E-4 1.41929E-4 1.35329E-4 1.0637E-4 1.84537E-4 1.08993E-4 1.02868E-4 9.0865E-5 9.4785E-5 1.18125E-4 8.1611E-5 8.9539E-5 9.228E-5 1.9205E-4 9.0806E-5 9.1403E-5 7.5479E-5 9.1647E-5 6.7721E-5 1.06746E-4 8.4846E-5 8.577E-5 9.8982E-5 7.8268E-5 1.03704E-4 8.6445E-5 9.4183E-5 1.28332E-4 7.518E-5 3.02556E-4 1.13625E-4 1.12168E-4 8.075E-5 8.7617E-5 8.5089E-5 1.30912E-4 1.33899E-4 1.43396E-4 7.4804E-5 1.11931E-4 9.3029E-5 9.4773E-5 9.2919E-5 9.2328E-5 9.7921E-5 9.7228E-5 9.2923E-5 8.923E-5 7.5531E-5 9.4882E-5 8.4701E-5 9.029E-5 8.3493E-5 9.1676E-5 8.6482E-5 1.16784E-4 7.6471E-5 1.25434E-4 8.3565E-5 1.88812E-4 2.73074E-4 1.23939E-4 1.29914E-4 9.8475E-5 1.40651E-4 9.0999E-5 8.9105E-5 8.3217E-5 8.0428E-5 8.7316E-5 9.3953E-5 8.864E-5 7.5571E-5 8.3406E-5 1.29998E-4 9.841E-5 8.1754E-5 9.1037E-5 6.9777E-5 9.5407E-5 9.1529E-5 8.5653E-5 8.7233E-5 7.0983E-5 9.7821E-5 1.24074E-4 1.39552E-4 1.11309E-4 7.9429E-5 9.5493E-5 9.2748E-5 9.9623E-5 8.0262E-5 8.0898E-5 8.5456E-5 8.7173E-5 7.6785E-5 9.0181E-5 7.0263E-5 9.2378E-5 8.3506E-5 8.5685E-5 7.9716E-5 6.7271E-5 9.1203E-5 8.8636E-5 8.602E-5 7.7833E-5 6.9619E-5 9.3536E-5 8.2588E-5 9.6284E-5 8.5001E-5 7.9297E-5 8.1841E-5 8.4755E-5 7.4969E-5 9.6161E-5 6.9914E-5 1.03421E-4 1.05117E-4 8.7214E-5 8.4191E-5 6.5764E-5 1.04279E-4 8.6702E-5 9.5618E-5 9.2272E-5 7.8623E-5 9.0528E-5 8.3284E-5 9.1469E-5 8.627E-5 1.07064E-4 1.23891E-4 2.30563E-4 1.41558E-4 2.00082E-4 1.15258E-4 1.53566E-4 1.08256E-4 9.6211E-5 9.0815E-5 1.26014E-4 1.15434E-4 9.4865E-5 1.45426E-4 2.00597E-4 1.18102E-4 9.6566E-5 8.9521E-5 1.37614E-4 8.849E-5 8.6183E-5 1.07465E-4 9.22E-5 7.4834E-5 9.2466E-5 6.7113E-5 9.5515E-5 8.724E-5 1.53019E-4 9.1411E-5 6.9229E-5 1.3397E-4 9.9543E-5 8.9007E-5 8.1855E-5 8.6675E-5 8.886E-5 8.1529E-5 9.767E-5 8.4105E-5 1.0575E-4 8.403E-5 9.999E-5 9.6345E-5 1.06664E-4 7.0555E-5 9.7801E-5 8.6774E-5 8.6946E-5 8.7395E-5 6.9505E-5 1.01786E-4 8.4099E-5 8.5381E-5 9.1556E-5 1.9135E-4 2.74452E-4 2.74447E-4 1.4954E-4 1.05115E-4 8.9423E-5 9.9671E-5 1.03087E-4 9.5296E-5 1.06739E-4 1.07069E-4 1.34091E-4 1.12446E-4 9.3815E-5 9.6787E-5 7.3717E-5 1.0574E-4 8.9826E-5 1.01376E-4 1.28654E-4 8.2883E-5 9.4771E-5 1.76348E-4 1.93416E-4 1.01507E-4 8.8266E-5 9.3394E-5 9.9127E-5 8.8134E-5 1.0177E-4 7.8204E-5 1.29641E-4 9.5823E-5 1.03091E-4 9.6483E-5 8.0268E-5 1.05835E-4 9.4905E-5 9.7598E-5 9.4571E-5 8.5245E-5 9.7134E-5 9.6057E-5 1.0459E-4 8.7366E-5 8.6944E-5 8.9618E-5 9.8959E-5 9.177E-5 1.00217E-4 7.6932E-5 1.06955E-4 8.9887E-5 9.6939E-5 9.6739E-5 8.2858E-5 1.05645E-4 9.1356E-5 1.3232E-4 1.05852E-4 7.4848E-5 8.3429E-5 9.2862E-5 9.6663E-5 1.23839E-4 1.28721E-4 2.38987E-4 1.50219E-4 1.93473E-4 1.11365E-4 1.14697E-4 1.24367E-4 9.3064E-5 9.8595E-5 1.23146E-4 9.7066E-5 1.13976E-4 1.41253E-4 2.27928E-4 1.11483E-4 8.6634E-5 9.3157E-5 9.4444E-5 9.7771E-5 8.151E-5 8.4884E-5 8.3788E-5 9.0988E-5 7.6474E-5 9.305E-5 7.0663E-5 1.07507E-4 1.14601E-4 9.3009E-5 8.7004E-5 1.13798E-4 1.21424E-4 9.2577E-5 8.7585E-5 8.2649E-5 7.408E-5 8.7137E-5 8.5973E-5 1.19318E-4 1.02571E-4 1.21992E-4 9.3539E-5 1.14671E-4 8.7077E-5 1.01941E-4 7.3303E-5 1.01095E-4 1.01573E-4 9.4409E-5 9.6844E-5 8.3318E-5 1.02089E-4 9.0016E-5 9.8592E-5 9.8606E-5 8.4508E-5 8.801E-5 8.6974E-5 1.15017E-4 9.6043E-5 1.69099E-4 2.04877E-4 1.27983E-4 8.1012E-5 1.08625E-4 7.4087E-5 9.8886E-5 8.758E-5 9.3034E-5 8.7211E-5 7.9416E-5 1.03926E-4 8.5743E-5 9.0192E-5 8.6596E-5 1.16223E-4 1.04439E-4 1.42277E-4 1.57053E-4 3.62729E-4 1.53285E-4 1.10117E-4 1.07979E-4 9.2632E-5 1.04307E-4 1.19049E-4 1.84991E-4 1.40755E-4 1.41944E-4 2.08696E-4 1.54213E-4 2.70642E-4 1.97002E-4 1.62806E-4 1.33882E-4 1.21211E-4 1.45434E-4 1.47677E-4 1.57519E-4 1.21254E-4 8.8418E-5 9.3981E-5 1.05495E-4 9.655E-5 1.04313E-4 8.3307E-5 1.13469E-4 1.04183E-4 1.00821E-4 1.41124E-4 8.2831E-5 1.11637E-4 1.01622E-4 9.735E-5 2.01293E-4 1.37227E-4 1.52186E-4 3.2408E-4 1.65475E-4 1.5422E-4 2.69328E-4 1.14241E-4 1.28632E-4 1.25758E-4 1.16363E-4 2.07528E-4 1.36985E-4 1.07604E-4 1.14495E-4 1.46692E-4 8.9225E-5 1.14083E-4 9.9911E-5 9.7848E-5 1.01841E-4 8.9572E-5 9.2811E-5 1.39172E-4 1.13857E-4 8.3198E-5 9.7403E-5 1.11366E-4 1.20192E-4 9.6925E-5 1.12362E-4 7.9382E-5 1.09513E-4 1.06626E-4 9.1854E-5 8.6747E-5 8.3943E-5 1.0383E-4 1.14882E-4 9.8926E-5 9.33E-5 8.6037E-5 1.67814E-4 1.18045E-4 3.13292E-4 2.36645E-4 1.05025E-4 1.00539E-4 1.02982E-4 9.403E-5 1.2678E-4 1.21989E-4 1.13628E-4 1.08274E-4 1.04044E-4 1.1339E-4 8.5559E-5 1.05791E-4 1.07231E-4 1.01498E-4 1.48344E-4 8.9944E-5 1.71106E-4 3.1648E-4 1.14417E-4 8.8551E-5 8.75E-5 9.4093E-5 1.02036E-4 9.2542E-5 1.05004E-4 7.8148E-5 9.9708E-5 1.04702E-4 9.7504E-5 8.6265E-5 7.2139E-5 9.785E-5 1.0689E-4 1.03076E-4 1.0873E-4 8.6229E-5 9.939E-5 8.9083E-5 9.5758E-5 8.17E-5 8.4882E-5 9.3378E-5 9.3045E-5 8.2183E-5 9.5667E-5 7.2123E-5 9.8479E-5 8.6764E-5 8.7312E-5 8.4356E-5 8.28E-5 1.08263E-4 9.9295E-5 1.24764E-4 1.12743E-4 7.8743E-5 9.8611E-5 8.6065E-5 1.44756E-4 8.5002E-5 9.08E-5 1.11615E-4 1.89175E-4 1.30431E-4 1.57807E-4 2.34119E-4 1.63628E-4 1.05854E-4 8.755E-5 1.69276E-4 8.838E-5 1.24339E-4 2.016E-4 9.365E-5 8.1163E-5 7.4839E-5 1.36405E-4 8.5892E-5 8.8821E-5 7.4649E-5 6.7128E-5 7.7371E-5 8.412E-5 7.1946E-5 8.794E-5 9.0075E-5 9.3071E-5 8.0525E-5 1.22772E-4 9.2664E-5 6.718E-5 9.3712E-5 7.8587E-5 7.9588E-5 7.2126E-5 6.8189E-5 9.3293E-5 1.40133E-4 9.7261E-5 7.5608E-5 6.6009E-5 7.6825E-5 8.6507E-5 7.3595E-5 8.6318E-5 6.5066E-5 9.5517E-5 8.4383E-5 8.2834E-5 9.4837E-5 6.7357E-5 9.8196E-5 1.11674E-4 1.2208E-4 7.9988E-5 1.37609E-4 8.8615E-5 8.7757E-5 9.7916E-5 8.2781E-5 6.6594E-5 8.8775E-5 9.2069E-5 8.9378E-5 9.5048E-5 6.8948E-5 9.2316E-5 7.9958E-5 9.3096E-5 8.1555E-5 6.709E-5 1.05153E-4 1.14614E-4 8.4077E-5 7.1172E-5 7.073E-5 8.1919E-5 7.7187E-5 8.9919E-5 7.3008E-5 7.1859E-5 8.6956E-5 1.07465E-4 8.776E-5 9.9485E-5 7.4918E-5 1.04402E-4 9.1677E-5 8.7613E-5 9.1133E-5 1.02297E-4 1.33763E-4 9.585E-5 9.9635E-5 8.2123E-5 7.9972E-5 1.44097E-4 9.7411E-5 1.03042E-4 9.1824E-5 8.5754E-5 9.3469E-5 1.18016E-4 8.4445E-5 9.9465E-5 9.052E-5 1.13659E-4 1.30941E-4 1.30259E-4 8.3351E-5 1.42341E-4 1.22034E-4 2.22001E-4 1.16317E-4 7.828E-5 8.2825E-5 9.0582E-5 7.8756E-5 9.5977E-5 7.6175E-5 6.7662E-5 7.9975E-5 8.7169E-5 7.254E-5 8.916E-5 6.6135E-5 9.7679E-5 1.44026E-4 8.7354E-5 8.9927E-5 8.6285E-5 1.62175E-4 1.764E-4 1.16288E-4 1.32745E-4 1.04287E-4 2.28481E-4 1.05209E-4 1.03635E-4 9.14E-5 8.81E-5 9.5691E-5 1.44861E-4 1.54972E-4 1.10158E-4 9.2268E-5 1.07255E-4 9.9039E-5 7.702E-5 8.1452E-5 6.8638E-5 9.5618E-5 9.8466E-5 8.1209E-5 6.9072E-5 7.9227E-5 8.4582E-5 7.3048E-5 2.15879E-4 1.16958E-4 7.2087E-5 8.4576E-5 8.8585E-5 9.9681E-5 1.11793E-4 9.2818E-5 1.34356E-4 1.37166E-4 8.0082E-5 9.1909E-5 7.8498E-5 9.8286E-5 8.5203E-5 8.4548E-5 7.1215E-5 6.9447E-5 8.3406E-5 8.0397E-5 9.2382E-5 8.5116E-5 7.0025E-5 9.033E-5 9.1338E-5 8.4524E-5 9.5794E-5 6.8993E-5 9.8312E-5 8.3071E-5 8.311E-5 8.7249E-5 7.9841E-5 1.09166E-4 8.5576E-5 9.3587E-5 7.2696E-5 7.2016E-5 8.2538E-5 7.1721E-5 8.869E-5 7.3297E-5 7.8119E-5 8.7255E-5 8.9742E-5 7.5586E-5 9.4454E-5 6.7649E-5 1.09883E-4 9.1886E-5 8.2782E-5 8.5258E-5 7.1116E-5 9.5483E-5 8.6084E-5 8.0847E-5 6.8723E-5 7.1223E-5 8.0758E-5 6.9077E-5 8.994E-5 8.2169E-5 6.3629E-5 8.1084E-5 8.9095E-5 7.5104E-5 8.9443E-5 6.7326E-5 1.091E-4 8.9895E-5 7.6967E-5 8.4087E-5 7.0246E-5 1.06518E-4 9.5445E-5 9.0826E-5 7.166E-5 7.6031E-5 8.7666E-5 7.9662E-5 9.6677E-5 7.6691E-5 7.1536E-5 8.9574E-5 9.4424E-5 8.5065E-5 9.3138E-5 6.9422E-5 9.7692E-5 8.6917E-5 7.221E-5 9.7274E-5 8.6886E-5 1.46992E-4 2.67909E-4 1.50927E-4 1.59703E-4 2.97731E-4 1.78391E-4 9.0807E-5 1.00754E-4 1.68369E-4 1.07036E-4 2.19422E-4 1.6285E-4 8.0527E-5 9.2741E-5 7.0615E-5 9.9452E-5 1.62635E-4 1.05035E-4 9.4985E-5 7.9565E-5 1.12931E-4 9.0932E-5 1.74825E-4 1.11031E-4 1.3421E-4 1.73158E-4 1.69044E-4 1.25774E-4 1.04961E-4 7.8831E-5 9.0646E-5 9.1372E-5 8.1591E-5 1.05086E-4 8.7345E-5 1.11829E-4 1.16041E-4 9.0108E-5 1.28891E-4 1.43161E-4 1.72402E-4 2.33856E-4 3.25398E-4 1.63846E-4 8.415E-5 9.7899E-5 8.0047E-5 1.09636E-4 8.7668E-5 7.8839E-5 1.04054E-4 9.2726E-5 8.0798E-5 1.07703E-4 7.1722E-5 1.09577E-4 2.45969E-4 2.03886E-4 8.8078E-5 7.3003E-5 1.15318E-4 9.3112E-5 9.789E-5 7.8456E-5 7.8604E-5 9.6076E-5 8.14E-5 1.03762E-4 9.8454E-5 1.25409E-4 1.35791E-4 1.38015E-4 1.20536E-4 1.49581E-4 1.20234E-4 1.54331E-4 1.49726E-4 1.35295E-4 1.4491E-4 1.25335E-4 1.62489E-4 1.3633E-4 1.41751E-4 1.18219E-4 1.29931E-4 1.43189E-4 1.17181E-4 1.03653E-4 1.30914E-4 9.3635E-5 1.19147E-4 1.02717E-4 8.9098E-5 1.0418E-4 7.6163E-5 1.23333E-4 1.18112E-4 2.71208E-4 2.87876E-4 2.85236E-4 1.47819E-4 1.05988E-4 1.17476E-4 1.17989E-4 2.14866E-4 1.03949E-4 8.3721E-5 1.01249E-4 8.8881E-5 7.0692E-5 9.1465E-5 9.6456E-5 9.5558E-5 9.8285E-5 9.3409E-5 1.23502E-4 1.6195E-4 1.24826E-4 1.08221E-4 7.9897E-5 1.04564E-4 9.5693E-5 9.2381E-5 6.9577E-5 7.5042E-5 9.2066E-5 9.8912E-5 1.05417E-4 8.3207E-5 7.0855E-5 8.3457E-5 9.7476E-5 8.8882E-5 1.08392E-4 9.5906E-5 2.21214E-4 2.7653E-4 9.8643E-5 7.8712E-5 7.063E-5 9.8914E-5 1.11492E-4 8.2312E-5 7.1841E-5 7.1695E-5 8.3194E-5 7.1506E-5 1.25343E-4 7.5148E-5 6.308E-5 9.3103E-5 9.7733E-5 8.5852E-5 1.01847E-4 7.6917E-5 1.01664E-4 8.6225E-5 7.459E-5 7.9731E-5 6.9876E-5 9.6574E-5 9.1328E-5 8.216E-5 6.3541E-5 7.0648E-5 8.3254E-5 1.1122E-4 1.3485E-4 8.9793E-5 6.8808E-5 8.9088E-5 9.8302E-5 8.5815E-5 1.29374E-4 8.7049E-5 1.10614E-4 1.00374E-4 7.8368E-5 8.4713E-5 7.4968E-5 1.07554E-4 9.241E-5 7.9764E-5 6.2444E-5 7.0151E-5 8.1016E-5 7.1184E-5 9.1145E-5 7.4022E-5 7.206E-5 8.6422E-5 8.7118E-5 7.9011E-5 1.02367E-4 7.8029E-5 1.00042E-4 9.5124E-5 7.3699E-5 8.4058E-5 7.5387E-5 1.00222E-4 8.3728E-5 7.9693E-5 6.2746E-5 6.9635E-5 8.3958E-5 1.24064E-4 1.20114E-4 1.06453E-4 2.25727E-4 2.18613E-4 1.59353E-4 1.72688E-4 1.2026E-4 7.1881E-5 1.1126E-4 1.09098E-4 8.9532E-5 1.57952E-4 1.05339E-4 1.06256E-4 8.5748E-5 9.323E-5 6.2975E-5 8.4447E-5 8.5979E-5 7.2656E-5 9.2576E-5 7.5018E-5 7.4095E-5 8.4852E-5 1.64613E-4 9.3708E-5 9.6404E-5 7.2401E-5 9.7779E-5 9.4404E-5 8.4888E-5 7.383E-5 9.659E-5 1.03792E-4 9.0371E-5 8.2495E-5 6.2825E-5 7.788E-5 8.6132E-5 7.3326E-5 1.26254E-4 1.06605E-4 1.69079E-4 3.07837E-4 2.70883E-4 1.48452E-4 1.16177E-4 8.6115E-5 1.04705E-4 9.1778E-5 7.5412E-5 7.4358E-5 8.0306E-5 1.18299E-4 8.4472E-5 9.1314E-5 7.0571E-5 8.6939E-5 9.4637E-5 7.9094E-5 1.00592E-4 7.9617E-5 6.6354E-5 8.9362E-5 8.8494E-5 9.4931E-5 1.03302E-4 7.3602E-5 1.2055E-4 2.38295E-4 1.03944E-4 7.0937E-5 7.0605E-5 1.12351E-4 8.9974E-5 9.2518E-5 7.1959E-5 7.8103E-5 8.6726E-5 7.3709E-5 9.4429E-5 7.8505E-5 6.9685E-5 9.0899E-5 8.8697E-5 7.9725E-5 1.11934E-4 7.6612E-5 1.01464E-4 9.754E-5 7.5905E-5 7.0704E-5 7.3358E-5 9.937E-5 8.4305E-5 7.3537E-5 7.2336E-5 8.1971E-5 8.7136E-5 7.3305E-5 9.5869E-5 7.6412E-5 5.9606E-5 8.4357E-5 8.8885E-5 8.1405E-5 9.296E-5 7.0135E-5 9.9402E-5 9.7079E-5 7.4975E-5 7.2089E-5 7.1965E-5 1.0036E-4 8.4075E-5 7.2408E-5 6.1077E-5 7.5902E-5 8.2516E-5 6.9164E-5 1.10094E-4 2.0231E-4 1.07134E-4 1.50079E-4 1.7366E-4 1.68021E-4 1.19908E-4 7.4403E-5 1.00854E-4 1.40233E-4 7.5166E-5 7.2352E-5 7.9441E-5 1.38797E-4 9.9472E-5 7.5202E-5 6.1888E-5 1.22058E-4 1.43862E-4 2.07525E-4 1.09333E-4 1.62344E-4 7.8942E-5 9.2386E-5 1.19449E-4 1.65943E-4 1.29163E-4 7.8159E-5 1.00295E-4 8.291E-5 7.0999E-5 6.8859E-5 8.4078E-5 1.06559E-4 8.5485E-5 8.5193E-5 6.6842E-5 7.7912E-5 8.7481E-5 7.2117E-5 9.3872E-5 7.8901E-5 6.1278E-5 8.7267E-5 8.8955E-5 8.1345E-5 1.0696E-4 8.1366E-5 1.02954E-4 8.6386E-5 6.9937E-5 8.0984E-5 7.7642E-5 1.51583E-4 1.47659E-4 1.14503E-4 9.898E-5 1.18412E-4 1.34E-4 1.2469E-4 1.48504E-4 1.24079E-4 1.04271E-4 1.46719E-4 1.57858E-4 1.51051E-4 1.18343E-4 8.0325E-5 1.24571E-4 9.462E-5 7.8473E-5 8.3741E-5 8.2997E-5 1.19271E-4 8.4359E-5 8.6669E-5 6.7868E-5 8.4783E-5 1.01992E-4 6.994E-5 1.26185E-4 2.23421E-4 8.0857E-5 8.7898E-5 9.9814E-5 7.7509E-5 9.1978E-5 7.032E-5 9.5006E-5 8.1092E-5 6.6038E-5 6.7875E-5 8.1193E-5 1.02283E-4 8.4356E-5 7.1115E-5 6.0002E-5 7.2697E-5 8.0967E-5 5.6926E-5 1.4647E-4 8.0955E-5 

Timer for Syntactic Relevance:: 0.917973782
Timer for solver: 0.266417875
		DELL.SPLX	DELL_C250_0.TESTCASES
			Diag: [mandatory(Dell Laptops/Notebooks, Product Category), mandatory(Dell Laptops/Notebooks, Operating System), mandatory(Dell Laptops/Notebooks, Hard Drive), mandatory(Dell Laptops/Notebooks, Laptop Weight), mandatory(Dell Laptops/Notebooks, Memory), mandatory(Dell Laptops/Notebooks, Processor), mandatory(Dell Laptops/Notebooks, Price), alternative(Product Category, Mini Notebooks, Inspiron Laptops, Studio Laptops, XPS Laptops, Adamo, Studio XPS Laptops), alternative(Operating System, Windows Vista 64 bit, Windows XP Home, Ubuntu Linux, Windows 7, Windows 8), alternative(Hard Drive, 500GB, 320GB, 250GB, 160GB, 128GB Solid State, 120GB, 80GB), excludes(XPS Laptops, Ubuntu Linux), excludes(Studio Laptops, 128GB Solid State), excludes(Inspiron Laptops, Windows Vista 64 bit), excludes(Inspiron Laptops, Ubuntu Linux), excludes(Adamo, CD_DVD +RW), excludes(Studio XPS Laptops, 120GB)]
			Diag size: 16
The size of Consistency checks: 628309
The number of Choco Solver calls: 6350
The number of different: 3
The number of INconsistent: 130
The number of union: 243
The number of post constraints: 628309
The number of consistent: 6220
The number of unpost constraints: 628309
The number of Consistency checks: 122

Timer for Syntactic Relevance:[thread=1]: 1.773071786
1.773071786 
Timer for solver[thread=1]: 0.578753177
4.17639E-4 8.8073E-5 7.1896E-5 7.1713E-5 7.15E-5 8.0825E-5 9.7123E-5 7.8118E-5 5.3406E-5 8.7464E-5 7.8591E-5 8.9807E-5 9.8205E-5 8.5824E-5 1.46238E-4 9.7558E-5 7.7127E-5 1.61176E-4 4.4153E-5 8.3028E-5 1.17056E-4 9.8091E-5 4.4168E-5 1.02393E-4 9.004E-5 8.1499E-5 1.77133E-4 7.6613E-5 1.18477E-4 4.15423E-4 2.10748E-4 3.37872E-4 9.5195E-5 1.75266E-4 1.81132E-4 8.3272E-5 7.1967E-5 8.9354E-5 1.15301E-4 9.1554E-5 9.3508E-5 7.5885E-5 7.1695E-5 8.6504E-5 1.25298E-4 1.24807E-4 9.4502E-5 1.60568E-4 1.50905E-4 1.18208E-4 6.8061E-5 4.7567E-5 4.05E-5 3.5732E-5 3.4818E-5 3.2793E-5 3.3979E-5 3.3368E-5 3.1923E-5 6.5426E-5 7.5664E-5 8.9329E-5 1.12875E-4 1.08664E-4 7.7631E-5 8.1326E-5 8.492E-5 7.0459E-5 7.3767E-5 8.1069E-5 1.01226E-4 7.1844E-5 1.31899E-4 8.6781E-5 1.05496E-4 1.22719E-4 1.00675E-4 9.473E-5 1.15567E-4 8.406E-5 1.00787E-4 1.11872E-4 9.9499E-5 1.13021E-4 8.1233E-5 9.0906E-5 1.01441E-4 1.06339E-4 9.115E-5 1.03012E-4 7.3616E-5 9.1458E-5 1.03317E-4 9.2472E-5 1.98868E-4 1.10869E-4 1.14547E-4 1.26601E-4 9.5983E-5 1.11874E-4 4.9123E-5 7.1907E-5 7.6249E-5 4.783E-5 7.6024E-5 4.913E-5 5.4233E-5 4.54E-5 3.5823E-5 3.6456E-5 3.5838E-5 3.7181E-5 8.2109E-5 4.3647E-5 4.8513E-5 3.6231E-5 3.2597E-5 4.3845E-5 9.1247E-5 2.13529E-4 6.8813E-5 6.9129E-5 7.3561E-5 3.7798E-5 6.2862E-5 4.1703E-5 4.199E-5 6.7647E-5 5.3545E-5 4.8028E-5 1.20693E-4 7.8627E-5 8.7794E-5 7.2297E-5 7.5136E-5 9.6382E-5 1.39625E-4 7.9407E-5 9.7459E-5 8.3549E-5 8.9453E-5 7.913E-5 9.757E-5 8.9407E-5 9.204E-5 8.3197E-5 1.04251E-4 8.6067E-5 1.03413E-4 9.4862E-5 1.0031E-4 7.3354E-5 7.6932E-5 9.8345E-5 1.01371E-4 9.2272E-5 7.9365E-5 7.4101E-5 8.0412E-5 8.0234E-5 7.8173E-5 8.3625E-5 7.4453E-5 8.2786E-5 8.5998E-5 1.14954E-4 1.1114E-4 1.12048E-4 7.2942E-5 7.4295E-5 9.4284E-5 7.7552E-5 1.02915E-4 9.1402E-5 8.6417E-5 7.0908E-5 6.7136E-5 8.2205E-5 9.6222E-5 7.8757E-5 6.3928E-5 8.9235E-5 1.08024E-4 1.39602E-4 1.50993E-4 6.97E-5 6.3796E-5 7.6327E-5 7.354E-5 7.4905E-5 8.1536E-5 6.8178E-5 7.6811E-5 7.6516E-5 7.4353E-5 8.1758E-5 8.6105E-5 6.6897E-5 6.7839E-5 6.6094E-5 8.0641E-5 9.2815E-5 7.0659E-5 6.3917E-5 6.1982E-5 1.0471E-4 8.6844E-5 7.3061E-5 6.629E-5 6.7582E-5 8.0783E-5 8.0936E-5 7.0349E-5 7.6956E-5 7.7409E-5 7.2483E-5 7.975E-5 7.5807E-5 7.246E-5 6.624E-5 7.9307E-5 8.7649E-5 8.8414E-5 9.3627E-5 7.2686E-5 7.1936E-5 8.5939E-5 8.0683E-5 7.2058E-5 6.5868E-5 7.1186E-5 9.0023E-5 1.35956E-4 8.2678E-5 6.9224E-5 1.12275E-4 7.7431E-5 8.9201E-5 9.0269E-5 9.4218E-5 7.343E-5 7.9131E-5 7.799E-5 6.5084E-5 7.7131E-5 8.4004E-5 7.9739E-5 7.7281E-5 7.8569E-5 7.5035E-5 1.31135E-4 9.4239E-5 9.2215E-5 8.8879E-5 8.5661E-5 8.716E-5 8.6857E-5 8.8057E-5 8.6313E-5 8.6462E-5 8.445E-5 8.6316E-5 8.6444E-5 8.5895E-5 8.4262E-5 1.03145E-4 9.0074E-5 9.2488E-5 8.5627E-5 9.2931E-5 8.6781E-5 8.7758E-5 8.503E-5 1.06243E-4 8.6064E-5 8.8933E-5 9.5402E-5 8.4068E-5 9.3119E-5 9.3795E-5 9.4395E-5 1.89067E-4 1.14029E-4 9.0214E-5 8.9643E-5 8.6691E-5 8.4292E-5 9.0021E-5 8.6764E-5 8.6235E-5 8.3832E-5 8.6308E-5 8.5435E-5 8.653E-5 9.1342E-5 9.2675E-5 1.03433E-4 1.07808E-4 8.8909E-5 8.766E-5 1.07426E-4 8.6379E-5 9.11E-5 8.9568E-5 8.3217E-5 9.7478E-5 8.5383E-5 2.5499E-5 8.4529E-5 8.8722E-5 2.1091E-5 1.2276E-5 9.7243E-5 9.6586E-5 8.8747E-5 8.3286E-5 8.5473E-5 8.837E-5 9.016E-5 9.1388E-5 8.5855E-5 8.4682E-5 8.3641E-5 8.8727E-5 9.0532E-5 8.9667E-5 9.5087E-5 9.3967E-5 9.3843E-5 8.1435E-5 8.6339E-5 8.6764E-5 1.06434E-4 8.8084E-5 9.5288E-5 8.4777E-5 8.5512E-5 9.1198E-5 8.5708E-5 1.03809E-4 8.4505E-5 8.2855E-5 8.6784E-5 8.6E-5 8.3541E-5 8.5493E-5 8.8673E-5 8.7485E-5 8.5218E-5 8.2096E-5 9.6984E-5 8.6825E-5 9.0237E-5 8.6078E-5 2.5096E-5 9.615E-6 8.444E-6 8.7866E-5 8.642E-6 8.5783E-5 8.3512E-5 9.234E-6 8.594E-5 8.4726E-5 8.4065E-5 8.3366E-5 8.6036E-5 1.6061E-5 8.799E-6 9.2567E-5 8.4679E-5 8.7378E-5 9.1735E-5 1.25597E-4 8.5549E-5 8.4346E-5 8.981E-5 8.3674E-5 8.305E-5 8.394E-5 8.852E-5 1.03119E-4 1.0145E-4 9.3945E-5 8.8258E-5 2.2496E-5 1.0069E-5 8.7685E-5 8.331E-5 8.7271E-5 8.0701E-5 8.2309E-5 8.6279E-5 8.44E-5 8.4831E-5 8.2987E-5 8.7334E-5 8.8499E-5 8.6928E-5 1.3399E-5 9.7601E-5 1.9815E-5 9.1891E-5 8.4489E-5 8.4723E-5 8.622E-5 8.5151E-5 8.8743E-5 8.7606E-5 8.5055E-5 8.4623E-5 8.2837E-5 8.6324E-5 1.8201E-5 1.2532E-5 9.589E-6 8.5694E-5 8.8409E-5 8.2038E-5 9.076E-5 8.3648E-5 8.5841E-5 1.298E-5 8.3835E-5 8.1987E-5 1.1735E-5 8.8522E-5 1.0213E-5 8.6571E-5 8.788E-5 8.7276E-5 1.32376E-4 8.9067E-5 8.5839E-5 8.6252E-5 8.3888E-5 8.5595E-5 8.6679E-5 2.0842E-5 9.107E-6 8.375E-6 8.733E-6 8.4085E-5 8.7149E-5 8.4559E-5 1.197E-5 9.0015E-5 9.3678E-5 8.5739E-5 8.4802E-5 9.5239E-5 1.1646E-4 1.35452E-4 9.7389E-5 9.3161E-5 1.84146E-4 1.14894E-4 1.02511E-4 1.04617E-4 9.9128E-5 9.4701E-5 9.2003E-5 8.759E-5 8.8199E-5 9.2076E-5 1.03513E-4 9.1141E-5 9.1261E-5 8.5677E-5 1.00878E-4 8.8962E-5 8.9166E-5 8.5161E-5 8.6384E-5 8.7026E-5 8.6715E-5 9.2699E-5 8.6163E-5 8.7643E-5 8.8714E-5 8.835E-5 8.5786E-5 8.8306E-5 8.7202E-5 8.8084E-5 8.5662E-5 8.5643E-5 8.7816E-5 8.3749E-5 8.939E-5 9.2504E-5 1.64692E-4 9.4942E-5 9.078E-5 8.9052E-5 8.9067E-5 8.8851E-5 9.2245E-5 8.6234E-5 8.7716E-5 9.324E-5 8.6785E-5 9.226E-5 8.5844E-5 8.2615E-5 8.9554E-5 8.761E-5 8.5917E-5 8.4429E-5 8.4436E-5 8.3078E-5 8.5543E-5 8.5973E-5 8.2271E-5 8.8966E-5 3.0814E-5 9.499E-6 9.0744E-5 1.0313E-5 9.2729E-5 8.4372E-5 8.2909E-5 8.493E-5 8.7974E-5 8.4873E-5 8.3592E-5 1.7858E-5 8.487E-5 1.2001E-5 8.7088E-5 9.2238E-5 8.6779E-5 8.9985E-5 8.4319E-5 8.8439E-5 2.693E-5 8.782E-5 9.5453E-5 9.1527E-5 1.07598E-4 1.01677E-4 1.17376E-4 1.05335E-4 1.02645E-4 1.06163E-4 6.0306E-5 1.30251E-4 9.285E-5 9.0009E-5 9.1623E-5 3.1567E-5 9.4712E-5 9.7056E-5 1.3296E-5 9.2172E-5 8.8165E-5 8.7993E-5 9.0078E-5 8.7679E-5 8.6405E-5 8.6925E-5 8.8969E-5 1.3416E-5 8.9722E-5 9.4537E-5 8.5131E-5 8.6894E-5 9.154E-5 8.5937E-5 9.2271E-5 1.2823E-5 8.9595E-5 8.8329E-5 8.9635E-5 8.577E-5 8.852E-5 9.1794E-5 8.6425E-5 8.861E-5 8.6449E-5 1.21853E-4 9.2811E-5 9.0078E-5 8.8949E-5 9.0837E-5 8.4303E-5 3.0797E-5 9.1308E-5 1.2813E-5 8.8282E-5 8.6902E-5 8.5117E-5 8.7865E-5 1.2469E-5 1.05366E-4 9.2441E-5 1.7771E-5 9.4862E-5 1.2072E-5 8.9515E-5 9.2168E-5 8.8442E-5 9.5822E-5 8.8624E-5 1.787E-5 8.8638E-5 8.8962E-5 8.9986E-5 9.097E-5 1.2134E-5 8.6604E-5 9.0265E-5 8.3387E-5 1.3567E-5 9.023E-5 8.2762E-5 1.108E-5 9.1699E-5 8.3211E-5 9.1816E-5 9.756E-6 8.5947E-5 9.528E-6 8.4852E-5 8.2356E-5 8.2324E-5 8.9216E-5 8.2704E-5 9.683E-6 8.5075E-5 8.773E-6 8.1973E-5 8.6826E-5 1.006E-5 9.0172E-5 8.2843E-5 8.5132E-5 9.563E-6 8.3121E-5 8.3899E-5 9.952E-6 8.2139E-5 9.0375E-5 8.4629E-5 8.3872E-5 9.0623E-5 8.6983E-5 9.0167E-5 8.4987E-5 8.5869E-5 9.6893E-5 8.5319E-5 8.9108E-5 8.6358E-5 8.7927E-5 8.5521E-5 8.4728E-5 8.4479E-5 8.6591E-5 8.3668E-5 8.2565E-5 8.2763E-5 8.4924E-5 8.6945E-5 8.62E-5 8.6944E-5 8.4894E-5 8.8335E-5 8.6136E-5 9.12E-5 8.6247E-5 8.7222E-5 8.9581E-5 9.0917E-5 9.0743E-5 1.15753E-4 1.07775E-4 3.6384E-5 9.8845E-5 1.4202E-5 9.6739E-5 2.142E-5 1.26058E-4 9.1379E-5 1.4338E-5 8.6034E-5 8.517E-5 8.7722E-5 8.8227E-5 8.5212E-5 8.4297E-5 1.6458E-5 8.5569E-5 8.4282E-5 8.7683E-5 9.2091E-5 1.02845E-4 1.11569E-4 9.1288E-5 8.7803E-5 1.03639E-4 9.0287E-5 9.1204E-5 9.07E-5 8.6646E-5 2.8786E-5 8.9534E-5 7.8866E-5 8.3476E-5 8.4553E-5 3.8125E-5 8.9023E-5 9.7133E-5 7.9918E-5 8.0783E-5 9.9872E-5 1.03825E-4 9.9096E-5 1.00876E-4 6.5383E-5 1.01779E-4 1.00844E-4 9.49E-5 8.5224E-5 8.3494E-5 8.0038E-5 8.9745E-5 8.9635E-5 9.2488E-5 8.427E-5 9.0552E-5 2.4904E-5 9.612E-5 8.1246E-5 9.3109E-5 1.6531E-5 9.3209E-5 9.4284E-5 8.1104E-5 9.4961E-5 1.8113E-5 9.2725E-5 9.3547E-5 9.1883E-5 1.6326E-5 9.2878E-5 9.5683E-5 8.4487E-5 9.2741E-5 8.0789E-5 9.3116E-5 9.2738E-5 8.7219E-5 9.1154E-5 7.7664E-5 7.7134E-5 2.5824E-5 2.1094E-5 8.297E-5 8.1845E-5 9.0833E-5 8.21E-5 8.1775E-5 7.7433E-5 7.8559E-5 8.3254E-5 8.9536E-5 9.3456E-5 5.0202E-5 8.9306E-5 7.9307E-5 1.7322E-5 7.7533E-5 7.9839E-5 8.2855E-5 7.7202E-5 8.1186E-5 7.7322E-5 7.9823E-5 7.9987E-5 8.0296E-5 9.0427E-5 1.6617E-5 8.5585E-5 8.4155E-5 7.5831E-5 7.5085E-5 2.0098E-5 8.3096E-5 9.4765E-5 8.9959E-5 7.849E-5 2.8082E-5 8.2495E-5 8.1957E-5 8.5357E-5 8.3049E-5 8.5077E-5 7.8677E-5 8.0155E-5 1.06722E-4 7.576E-5 3.4693E-5 8.2987E-5 7.936E-5 7.9152E-5 7.9689E-5 7.8357E-5 8.0431E-5 9.6967E-5 9.6084E-5 8.2976E-5 7.8047E-5 7.5054E-5 7.6761E-5 7.4811E-5 7.9275E-5 8.1246E-5 7.7834E-5 8.3973E-5 7.785E-5 7.826E-5 7.6275E-5 7.8566E-5 7.7718E-5 7.5756E-5 8.1419E-5 7.5447E-5 7.9206E-5 7.5472E-5 7.9033E-5 7.6749E-5 8.1764E-5 7.8553E-5 8.0568E-5 7.558E-5 9.7103E-5 8.5021E-5 7.5324E-5 7.4714E-5 7.4976E-5 7.9366E-5 7.9579E-5 7.9307E-5 7.8381E-5 7.669E-5 8.1115E-5 8.5043E-5 7.9714E-5 7.8995E-5 1.13694E-4 9.0174E-5 1.06634E-4 8.7919E-5 1.00748E-4 8.9782E-5 1.01134E-4 1.01778E-4 9.7528E-5 9.7489E-5 1.25358E-4 1.079E-4 1.23979E-4 1.06542E-4 1.09643E-4 1.00791E-4 1.00919E-4 1.03335E-4 9.9966E-5 1.04515E-4 8.8184E-5 1.05068E-4 8.921E-5 1.01309E-4 9.992E-5 1.00331E-4 1.05583E-4 9.8508E-5 1.00822E-4 9.8607E-5 9.9453E-5 1.04293E-4 1.07779E-4 1.00762E-4 1.02737E-4 9.5609E-5 9.7807E-5 1.04544E-4 1.63704E-4 1.96299E-4 2.06245E-4 2.74551E-4 3.0108E-4 2.02676E-4 2.41986E-4 3.36002E-4 5.03878E-4 4.10118E-4 1.88986E-4 1.81115E-4 1.7818E-4 1.58307E-4 1.81018E-4 1.40854E-4 1.59499E-4 1.42644E-4 1.64478E-4 1.62483E-4 1.51445E-4 1.59837E-4 1.55907E-4 1.59E-4 1.5178E-4 1.44732E-4 1.68395E-4 1.51911E-4 1.18662E-4 1.00334E-4 9.1905E-5 1.49191E-4 1.03161E-4 9.9297E-5 8.3287E-5 9.5923E-5 9.8202E-5 9.4178E-5 9.332E-5 9.2007E-5 8.8185E-5 8.912E-5 9.0138E-5 9.0376E-5 9.6484E-5 9.1203E-5 9.6613E-5 1.31975E-4 9.9308E-5 9.9562E-5 9.0882E-5 8.2992E-5 9.1886E-5 9.9485E-5 9.3311E-5 8.4983E-5 9.4848E-5 9.134E-5 9.5124E-5 9.7434E-5 9.1433E-5 1.03733E-4 9.9706E-5 8.0874E-5 9.0038E-5 7.3203E-5 8.6498E-5 7.5378E-5 9.1599E-5 1.0828E-4 1.41445E-4 9.2727E-5 8.8127E-5 8.5517E-5 8.1329E-5 8.7007E-5 9.4003E-5 8.5032E-5 8.4186E-5 9.9224E-5 9.0688E-5 1.21791E-4 1.05708E-4 9.3315E-5 8.3228E-5 1.11656E-4 9.7376E-5 9.5926E-5 9.5135E-5 1.22727E-4 1.34194E-4 1.06523E-4 9.4114E-5 8.713E-5 1.00222E-4 1.03003E-4 1.09565E-4 1.08288E-4 8.492E-5 1.0203E-4 1.07098E-4 7.448E-5 8.5796E-5 9.1119E-5 8.8343E-5 7.4274E-5 9.7889E-5 8.7302E-5 8.5557E-5 9.87E-5 9.5694E-5 1.01707E-4 1.00061E-4 7.3372E-5 8.6067E-5 6.6836E-5 7.943E-5 7.8977E-5 9.1811E-5 9.2848E-5 1.07017E-4 8.7879E-5 9.1236E-5 7.4852E-5 7.3411E-5 7.4744E-5 8.8747E-5 7.4725E-5 7.2315E-5 7.9147E-5 7.1549E-5 8.2283E-5 6.3947E-5 7.9544E-5 7.3707E-5 8.0907E-5 7.6094E-5 8.2059E-5 8.0845E-5 7.4616E-5 7.2073E-5 7.3919E-5 8.375E-5 7.8097E-5 7.819E-5 7.5334E-5 8.0255E-5 7.2643E-5 7.1552E-5 7.7542E-5 7.4256E-5 6.635E-5 7.2304E-5 7.9146E-5 8.424E-5 6.9659E-5 8.7937E-5 9.1072E-5 8.4833E-5 7.7554E-5 7.7073E-5 8.4707E-5 1.50123E-4 1.06972E-4 1.0609E-4 7.1685E-5 7.8952E-5 6.8354E-5 7.6608E-5 7.8344E-5 8.0623E-5 7.2635E-5 7.345E-5 7.1044E-5 6.8784E-5 7.2884E-5 8.7079E-5 7.3396E-5 7.6924E-5 8.2956E-5 7.1175E-5 8.02E-5 6.3215E-5 7.5005E-5 6.8852E-5 7.6394E-5 7.3817E-5 8.2015E-5 8.1275E-5 7.0833E-5 7.1205E-5 6.9075E-5 7.0185E-5 6.9176E-5 7.7248E-5 7.1277E-5 7.373E-5 7.0286E-5 6.9191E-5 7.4322E-5 6.7071E-5 6.2969E-5 6.8893E-5 7.4189E-5 7.8114E-5 7.2673E-5 8.283E-5 7.6913E-5 7.5159E-5 7.3238E-5 7.2338E-5 7.5203E-5 1.1386E-4 6.8666E-5 8.0016E-5 8.0791E-5 8.6968E-5 7.2321E-5 8.2154E-5 8.6174E-5 9.8708E-5 8.8827E-5 8.298E-5 8.8683E-5 8.4667E-5 1.09621E-4 1.07509E-4 9.1812E-5 1.12643E-4 7.8249E-5 7.5105E-5 8.9722E-5 6.2849E-5 7.6127E-5 6.9243E-5 7.7824E-5 7.0718E-5 8.1187E-5 8.3027E-5 7.1372E-5 1.1208E-4 8.3804E-5 8.52E-5 8.4113E-5 9.433E-5 7.5233E-5 1.1763E-4 7.4752E-5 6.7802E-5 7.3328E-5 6.7561E-5 8.2118E-5 7.0E-5 7.5318E-5 8.414E-5 6.7661E-5 8.3313E-5 8.0855E-5 7.7842E-5 7.5081E-5 7.6676E-5 7.8768E-5 9.0981E-5 6.8888E-5 8.1598E-5 6.5637E-5 7.7541E-5 6.6677E-5 7.6643E-5 7.7325E-5 8.4075E-5 7.3457E-5 7.357E-5 7.4505E-5 7.1905E-5 7.6404E-5 8.6917E-5 9.345E-5 1.15299E-4 8.934E-5 7.9032E-5 8.4474E-5 6.4396E-5 8.8392E-5 7.2772E-5 7.9511E-5 7.3823E-5 8.2289E-5 8.1496E-5 7.1753E-5 7.0685E-5 6.8532E-5 7.1696E-5 7.4508E-5 8.3452E-5 7.172E-5 7.9677E-5 6.6858E-5 7.1173E-5 7.6689E-5 6.9681E-5 6.5767E-5 6.8789E-5 7.5649E-5 8.3431E-5 6.6018E-5 8.0494E-5 7.977E-5 7.8362E-5 7.7205E-5 7.6044E-5 7.797E-5 8.9259E-5 8.0019E-5 8.7031E-5 6.7442E-5 8.0978E-5 6.9469E-5 1.12119E-4 9.5871E-5 9.9456E-5 8.1404E-5 7.3024E-5 7.6671E-5 7.0873E-5 7.7679E-5 8.6044E-5 7.1544E-5 7.1655E-5 7.7629E-5 7.0795E-5 9.3609E-5 6.7024E-5 7.8088E-5 7.0269E-5 7.8874E-5 7.2956E-5 8.0083E-5 8.073E-5 7.2138E-5 7.0834E-5 6.8351E-5 7.2646E-5 7.1501E-5 7.9696E-5 7.7353E-5 7.6161E-5 6.6532E-5 7.0882E-5 1.00595E-4 8.7952E-5 7.7043E-5 8.1303E-5 9.3078E-5 9.0087E-5 6.8065E-5 7.6806E-5 9.416E-5 8.2305E-5 8.0826E-5 9.2331E-5 1.03698E-4 1.87674E-4 1.29284E-4 1.22081E-4 1.07182E-4 1.04845E-4 6.9181E-5 7.6225E-5 7.6468E-5 8.3396E-5 9.1347E-5 7.1741E-5 7.6699E-5 7.2726E-5 7.8716E-5 8.4389E-5 6.8602E-5 7.2552E-5 7.7687E-5 6.9321E-5 8.079E-5 6.2775E-5 7.6033E-5 6.7871E-5 7.7675E-5 7.1834E-5 8.1355E-5 8.333E-5 7.0423E-5 7.0403E-5 7.0032E-5 7.0569E-5 7.0409E-5 7.866E-5 7.1639E-5 7.3082E-5 6.9181E-5 7.0384E-5 7.5084E-5 6.6645E-5 6.5901E-5 6.4228E-5 7.6221E-5 8.4222E-5 7.4499E-5 7.6159E-5 7.9411E-5 7.7097E-5 7.7195E-5 7.7133E-5 7.9844E-5 9.5779E-5 6.9546E-5 8.2855E-5 6.533E-5 7.8148E-5 6.9405E-5 7.7628E-5 9.5159E-5 9.0639E-5 7.7244E-5 7.0498E-5 7.9529E-5 7.0656E-5 8.3548E-5 8.9594E-5 7.5293E-5 8.3163E-5 8.097E-5 7.3701E-5 9.4318E-5 6.4047E-5 7.7119E-5 6.7311E-5 7.7566E-5 7.2298E-5 8.4478E-5 8.4497E-5 7.1116E-5 6.825E-5 6.8633E-5 7.4147E-5 7.7179E-5 1.0977E-4 8.9186E-5 7.4407E-5 6.4464E-5 7.4017E-5 7.5478E-5 6.8913E-5 6.3201E-5 6.3178E-5 7.7451E-5 8.3968E-5 7.2232E-5 8.6853E-5 1.16449E-4 8.9264E-5 8.2588E-5 8.5064E-5 8.6661E-5 1.61582E-4 8.8086E-5 8.5099E-5 6.7597E-5 8.2211E-5 7.1152E-5 7.7388E-5 7.9315E-5 9.5957E-5 1.14259E-4 1.1754E-4 9.0732E-5 9.2548E-5 8.6519E-5 9.1351E-5 6.6807E-5 7.711E-5 8.5217E-5 8.5564E-5 1.00402E-4 7.636E-5 8.5612E-5 1.01702E-4 8.8332E-5 8.0937E-5 8.781E-5 1.37845E-4 8.2114E-5 7.6643E-5 7.5015E-5 7.5475E-5 7.5826E-5 8.5372E-5 7.78E-5 7.7009E-5 6.4477E-5 7.5927E-5 8.1098E-5 7.2408E-5 6.8636E-5 6.2204E-5 8.0559E-5 9.3368E-5 7.0122E-5 7.4369E-5 8.6487E-5 8.2383E-5 7.9612E-5 8.1648E-5 8.6405E-5 1.01725E-4 7.7007E-5 8.1335E-5 6.6736E-5 1.02232E-4 7.9947E-5 9.4044E-5 8.5275E-5 9.0565E-5 7.9295E-5 7.3021E-5 8.4431E-5 7.6178E-5 8.5626E-5 8.7155E-5 6.4284E-5 7.5853E-5 7.9189E-5 9.6753E-5 9.4119E-5 7.7716E-5 1.05528E-4 1.01985E-4 1.06312E-4 9.8688E-5 1.10176E-4 1.01392E-4 1.32029E-4 8.8483E-5 7.9872E-5 7.8252E-5 7.7253E-5 7.9913E-5 7.8647E-5 8.8857E-5 8.0537E-5 8.5187E-5 8.1185E-5 7.7617E-5 7.65E-5 6.3958E-5 8.1077E-5 8.6681E-5 7.1765E-5 3.8862E-5 8.406E-5 8.071E-5 7.8351E-5 1.01426E-4 8.9844E-5 9.3043E-5 7.1863E-5 8.2811E-5 6.6724E-5 8.2962E-5 7.2724E-5 7.8959E-5 7.7777E-5 8.5383E-5 7.6395E-5 6.9142E-5 7.9392E-5 7.3133E-5 7.8924E-5 9.0931E-5 6.5272E-5 7.6172E-5 7.7428E-5 7.3102E-5 8.0786E-5 6.5824E-5 8.0241E-5 7.1493E-5 8.2201E-5 7.6164E-5 8.402E-5 8.5188E-5 7.5961E-5 7.5738E-5 7.2116E-5 7.6079E-5 7.4009E-5 8.3349E-5 7.5722E-5 7.73E-5 6.2653E-5 7.532E-5 7.8278E-5 7.546E-5 6.7902E-5 6.1571E-5 7.9655E-5 8.6732E-5 7.1043E-5 7.024E-5 8.5139E-5 8.1082E-5 7.8466E-5 8.3656E-5 8.2676E-5 9.6603E-5 8.521E-5 8.398E-5 6.8402E-5 8.6405E-5 7.3777E-5 8.2602E-5 8.0376E-5 9.1725E-5 7.8234E-5 7.2422E-5 9.4237E-5 7.9873E-5 8.4365E-5 1.06567E-4 8.0125E-5 8.0584E-5 8.2202E-5 7.9176E-5 8.5493E-5 7.4305E-5 1.01535E-4 8.1508E-5 1.23185E-4 8.7633E-5 9.5029E-5 9.0473E-5 8.399E-5 8.194E-5 1.28633E-4 9.2831E-5 9.743E-5 1.07104E-4 7.9701E-5 7.9662E-5 8.4285E-5 8.3523E-5 8.4473E-5 7.7803E-5 7.1077E-5 9.0018E-5 1.0905E-4 1.30936E-4 7.8037E-5 8.0037E-5 9.7112E-5 8.4228E-5 8.0621E-5 8.3024E-5 9.3364E-5 8.2562E-5 6.9964E-5 1.11335E-4 8.8611E-5 1.06385E-4 7.6635E-5 8.3075E-5 8.3963E-5 9.1147E-5 8.1398E-5 7.5295E-5 9.2048E-5 8.482E-5 8.6765E-5 9.1315E-5 7.8415E-5 8.1758E-5 8.2469E-5 7.436E-5 8.8471E-5 6.7992E-5 8.5463E-5 7.3641E-5 8.7771E-5 7.8114E-5 1.18144E-4 9.1742E-5 7.973E-5 8.3749E-5 9.8101E-5 1.00447E-4 9.1477E-5 8.8906E-5 7.8481E-5 8.1621E-5 7.8724E-5 8.4188E-5 8.3751E-5 7.5513E-5 6.9547E-5 7.5653E-5 8.5895E-5 1.05159E-4 7.7203E-5 1.11032E-4 1.22751E-4 9.3522E-5 8.4442E-5 9.0158E-5 1.00216E-4 8.8885E-5 7.3821E-5 8.398E-5 6.8084E-5 8.3754E-5 1.00092E-4 1.49956E-4 9.4107E-5 1.20887E-4 9.01E-5 7.4802E-5 1.01416E-4 8.2532E-5 8.3904E-5 1.06284E-4 7.6717E-5 9.2381E-5 9.5297E-5 8.3832E-5 8.7935E-5 6.9396E-5 8.4416E-5 7.6992E-5 8.3449E-5 7.8949E-5 8.8056E-5 9.1159E-5 7.6561E-5 8.9107E-5 8.9025E-5 8.3181E-5 8.4525E-5 9.0213E-5 7.9807E-5 8.1748E-5 9.7186E-5 8.5932E-5 1.01398E-4 9.7955E-5 9.3029E-5 8.2435E-5 9.7791E-5 1.14571E-4 1.10527E-4 8.8782E-5 9.3083E-5 8.5172E-5 8.0771E-5 8.4717E-5 9.7662E-5 8.8398E-5 7.363E-5 8.3727E-5 7.803E-5 8.7266E-5 7.5085E-5 9.3119E-5 9.1507E-5 9.2011E-5 8.0481E-5 8.2291E-5 8.7794E-5 8.7973E-5 9.1442E-5 9.448E-5 7.6662E-5 8.2921E-5 8.388E-5 7.8111E-5 9.4678E-5 7.0589E-5 9.4501E-5 1.1377E-4 1.58843E-4 1.31156E-4 1.44788E-4 1.47382E-4 1.28896E-4 1.24151E-4 1.17904E-4 1.30898E-4 1.33317E-4 1.42152E-4 1.32395E-4 1.34885E-4 1.06625E-4 8.1826E-5 1.29496E-4 1.35529E-4 2.15076E-4 9.7842E-5 1.62832E-4 1.45145E-4 1.1843E-4 1.12361E-4 1.4165E-4 1.34468E-4 1.32061E-4 1.30087E-4 9.4174E-5 8.4986E-5 7.5635E-5 8.5064E-5 7.932E-5 9.9056E-5 8.3225E-5 9.0856E-5 9.2935E-5 9.2749E-5 8.1423E-5 7.7218E-5 9.5392E-5 7.9271E-5 9.5549E-5 9.0037E-5 8.0782E-5 1.21783E-4 8.6867E-5 8.2416E-5 9.7949E-5 1.57352E-4 1.65198E-4 1.0685E-4 1.38651E-4 9.1785E-5 9.7987E-5 1.10866E-4 9.8679E-5 8.2274E-5 8.8446E-5 9.7868E-5 1.16639E-4 1.14325E-4 1.00679E-4 9.8242E-5 6.9476E-5 8.9016E-5 8.4269E-5 7.9628E-5 9.8621E-5 9.4608E-5 9.5968E-5 1.03568E-4 7.5461E-5 7.2841E-5 1.04051E-4 9.2457E-5 1.41013E-4 1.30921E-4 1.0263E-4 9.3419E-5 7.4469E-5 8.3183E-5 7.1693E-5 8.5667E-5 7.6828E-5 8.6211E-5 8.3298E-5 9.0241E-5 7.7877E-5 7.2746E-5 1.01135E-4 8.788E-5 8.4884E-5 9.2257E-5 8.043E-5 9.0748E-5 8.4534E-5 7.5968E-5 8.6193E-5 6.6204E-5 9.1918E-5 7.6543E-5 8.6772E-5 8.0102E-5 8.9043E-5 9.0848E-5 8.0899E-5 7.8112E-5 7.7983E-5 9.4117E-5 8.4595E-5 9.435E-5 8.0967E-5 8.1504E-5 6.4714E-5 7.6368E-5 8.0368E-5 7.4041E-5 6.9646E-5 6.0517E-5 9.2914E-5 9.4216E-5 7.4942E-5 7.0852E-5 8.671E-5 8.1598E-5 8.1166E-5 8.3292E-5 7.8957E-5 7.6381E-5 7.0702E-5 8.1258E-5 6.958E-5 8.2639E-5 7.1658E-5 9.4813E-5 9.318E-5 1.02663E-4 9.3602E-5 8.7251E-5 1.00161E-4 8.9997E-5 9.6262E-5 1.01418E-4 8.0275E-5 9.2751E-5 8.4156E-5 7.6708E-5 8.3248E-5 6.8718E-5 8.3597E-5 7.358E-5 8.3414E-5 7.6012E-5 8.6406E-5 8.7673E-5 7.7399E-5 7.612E-5 8.8425E-5 7.99E-5 7.7205E-5 9.0259E-5 7.9553E-5 8.164E-5 6.2921E-5 7.5926E-5 8.0269E-5 7.2984E-5 1.09635E-4 8.945E-5 8.8441E-5 9.402E-5 7.3534E-5 7.1575E-5 8.6228E-5 8.2149E-5 7.9796E-5 8.2339E-5 7.9503E-5 7.4797E-5 6.7623E-5 8.0068E-5 6.7083E-5 8.1387E-5 7.3125E-5 7.9134E-5 8.0664E-5 8.4374E-5 7.3974E-5 6.6998E-5 8.0158E-5 7.4074E-5 8.1358E-5 8.1031E-5 6.3929E-5 7.5749E-5 9.1315E-5 8.0464E-5 8.4489E-5 6.8233E-5 8.1197E-5 7.33E-5 8.298E-5 7.7209E-5 8.5647E-5 8.462E-5 8.7478E-5 7.9458E-5 7.608E-5 7.7174E-5 7.6509E-5 8.2133E-5 1.52851E-4 8.9334E-5 6.5514E-5 7.7813E-5 7.9729E-5 8.6321E-5 7.2454E-5 7.3635E-5 1.38446E-4 9.5231E-5 9.0241E-5 8.3021E-5 9.7221E-5 9.2657E-5 8.7895E-5 9.8356E-5 8.3378E-5 8.018E-5 7.6603E-5 1.07113E-4 7.3109E-5 8.4915E-5 8.3742E-5 9.8968E-5 9.137E-5 9.656E-5 9.2323E-5 9.0158E-5 9.391E-5 9.8227E-5 8.377E-5 8.3772E-5 6.5748E-5 9.1002E-5 1.69557E-4 1.64885E-4 1.93588E-4 2.19851E-4 1.17125E-4 9.9777E-5 8.7711E-5 7.9142E-5 1.01635E-4 8.7752E-5 8.6286E-5 7.9232E-5 7.6044E-5 7.7338E-5 7.6489E-5 8.1506E-5 7.7191E-5 7.9057E-5 7.3565E-5 8.0791E-5 9.2358E-5 7.844E-5 7.475E-5 6.5795E-5 8.3927E-5 8.8117E-5 8.6288E-5 7.5255E-5 9.0702E-5 8.4296E-5 8.2182E-5 9.559E-5 8.1235E-5 9.3366E-5 1.7126E-4 1.13617E-4 7.8641E-5 9.7521E-5 8.6068E-5 9.8431E-5 8.1838E-5 8.8337E-5 7.7607E-5 6.7659E-5 9.8554E-5 7.7579E-5 9.2303E-5 8.6809E-5 9.7423E-5 8.808E-5 1.22573E-4 8.8286E-5 9.1289E-5 7.1104E-5 8.882E-5 7.6688E-5 1.1947E-4 1.06691E-4 1.24262E-4 9.4373E-5 7.6831E-5 7.5112E-5 7.4712E-5 7.4447E-5 7.6093E-5 8.2081E-5 7.9906E-5 8.1372E-5 7.9332E-5 8.481E-5 8.5872E-5 8.2934E-5 7.1218E-5 6.2916E-5 8.0764E-5 8.5422E-5 7.7712E-5 8.5495E-5 1.0342E-4 8.6931E-5 8.1521E-5 8.3946E-5 1.7954E-4 7.6221E-5 7.2204E-5 8.1887E-5 6.7547E-5 1.02148E-4 1.09444E-4 1.00415E-4 8.7127E-5 9.0944E-5 8.496E-5 7.0723E-5 8.5061E-5 7.8489E-5 8.1728E-5 9.4807E-5 7.2469E-5 7.831E-5 8.2156E-5 7.6291E-5 9.4287E-5 6.9882E-5 8.1633E-5 7.6004E-5 8.5375E-5 8.4771E-5 9.8914E-5 1.23119E-4 1.02988E-4 1.2722E-4 1.0088E-4 8.8959E-5 9.618E-5 9.4746E-5 8.3962E-5 8.3479E-5 7.4448E-5 8.1749E-5 8.0831E-5 8.1846E-5 7.4252E-5 8.019E-5 8.7204E-5 8.8723E-5 7.5815E-5 7.539E-5 1.01127E-4 9.6101E-5 9.5562E-5 1.0039E-4 7.7815E-5 8.351E-5 8.5661E-5 8.5865E-5 7.0223E-5 1.00929E-4 9.2365E-5 1.30976E-4 1.92568E-4 2.59482E-4 1.06825E-4 7.1361E-5 9.3701E-5 7.8232E-5 8.3468E-5 7.5822E-5 7.7457E-5 8.6024E-5 8.3598E-5 7.7533E-5 8.4299E-5 6.7877E-5 9.1587E-5 7.6683E-5 8.4875E-5 7.9553E-5 8.8195E-5 8.7075E-5 7.7263E-5 7.3786E-5 7.339E-5 9.1308E-5 8.1214E-5 8.8928E-5 9.0788E-5 8.9976E-5 6.8348E-5 8.0162E-5 1.13911E-4 8.0778E-5 7.2194E-5 7.8716E-5 9.3463E-5 9.225E-5 7.6507E-5 7.1889E-5 8.9345E-5 8.4068E-5 7.8746E-5 8.5474E-5 7.4181E-5 6.8342E-5 7.199E-5 8.027E-5 6.7997E-5 8.107E-5 7.4514E-5 9.3682E-5 8.507E-5 9.0639E-5 7.9857E-5 7.0065E-5 8.1976E-5 7.6084E-5 7.8919E-5 7.2951E-5 6.6397E-5 7.5834E-5 7.742E-5 7.3912E-5 8.3233E-5 6.6827E-5 9.3639E-5 8.2513E-5 8.6016E-5 8.696E-5 8.854E-5 9.5873E-5 8.9975E-5 8.1109E-5 8.439E-5 8.016E-5 7.7778E-5 8.2355E-5 7.9702E-5 7.9224E-5 6.3593E-5 7.6858E-5 8.0645E-5 7.566E-5 9.6485E-5 8.1758E-5 9.5663E-5 9.9658E-5 8.113E-5 8.3932E-5 9.631E-5 1.01322E-4 1.11032E-4 1.47723E-4 9.5264E-5 1.04274E-4 8.432E-5 8.8808E-5 7.0322E-5 8.3841E-5 7.4855E-5 9.0771E-5 2.13394E-4 1.37858E-4 9.1129E-5 7.1278E-5 8.51E-5 7.8241E-5 8.2946E-5 7.5766E-5 6.9743E-5 1.17468E-4 9.9501E-5 7.9811E-5 8.6697E-5 7.0955E-5 1.45446E-4 9.3126E-5 1.00194E-4 8.6274E-5 9.1675E-5 9.9572E-5 8.4155E-5 9.3792E-5 9.0966E-5 8.0004E-5 9.1721E-5 9.2638E-5 9.2575E-5 1.08045E-4 8.921E-5 9.3333E-5 8.5497E-5 7.8799E-5 8.4989E-5 6.9268E-5 8.5233E-5 9.1663E-5 7.4618E-5 6.8733E-5 8.9109E-5 8.8032E-5 8.6309E-5 9.4325E-5 7.4686E-5 8.7223E-5 8.9394E-5 8.6576E-5 7.3174E-5 8.6095E-5 7.6198E-5 8.3989E-5 8.1376E-5 9.1294E-5 8.0947E-5 8.3579E-5 8.8095E-5 8.1377E-5 8.4307E-5 7.6981E-5 6.8995E-5 7.7374E-5 8.0377E-5 7.5932E-5 8.6138E-5 6.771E-5 8.2693E-5 7.5085E-5 8.3429E-5 7.8953E-5 8.6849E-5 8.6909E-5 7.9681E-5 7.8039E-5 7.5853E-5 7.7458E-5 7.8652E-5 8.4616E-5 9.0345E-5 8.8366E-5 6.6721E-5 9.217E-5 8.6796E-5 7.8353E-5 7.1318E-5 6.4991E-5 9.0118E-5 9.7265E-5 7.3558E-5 6.8879E-5 9.43E-5 8.6228E-5 9.1488E-5 8.5933E-5 7.1987E-5 7.6417E-5 7.3619E-5 7.9529E-5 6.8038E-5 8.4021E-5 8.0718E-5 8.3138E-5 7.999E-5 8.5528E-5 7.5022E-5 6.5125E-5 8.0424E-5 7.4565E-5 9.2064E-5 7.6791E-5 6.6796E-5 7.7015E-5 8.0573E-5 7.5417E-5 8.2508E-5 6.7753E-5 8.0373E-5 7.8257E-5 8.5169E-5 8.892E-5 9.2224E-5 9.5916E-5 7.4363E-5 7.3613E-5 7.1613E-5 7.2148E-5 7.1134E-5 7.8194E-5 8.172E-5 7.8721E-5 6.3692E-5 7.6547E-5 7.7431E-5 7.2249E-5 6.6959E-5 6.1323E-5 7.8781E-5 8.2812E-5 6.9144E-5 6.4118E-5 8.5879E-5 7.9063E-5 7.5243E-5 7.851E-5 6.6743E-5 7.1699E-5 7.3669E-5 8.6073E-5 6.7768E-5 8.4914E-5 7.0535E-5 9.846E-5 9.6133E-5 1.26816E-4 9.8844E-5 8.0512E-5 9.6769E-5 1.21098E-4 8.8942E-5 7.5872E-5 6.6148E-5 7.8617E-5 8.1091E-5 7.5834E-5 8.4859E-5 7.9452E-5 8.7142E-5 9.0061E-5 1.04808E-4 8.4023E-5 9.2092E-5 8.8985E-5 8.0021E-5 7.6845E-5 7.699E-5 7.8017E-5 7.7925E-5 8.3426E-5 7.7279E-5 8.1882E-5 6.4461E-5 7.864E-5 8.0266E-5 7.562E-5 7.2048E-5 6.4698E-5 8.3181E-5 8.5849E-5 7.2146E-5 6.6867E-5 9.4053E-5 8.322E-5 9.625E-5 8.6844E-5 7.7056E-5 7.8739E-5 7.6713E-5 8.45E-5 7.389E-5 9.7036E-5 1.15224E-4 1.61277E-4 1.03547E-4 9.7179E-5 9.3881E-5 7.2913E-5 8.6365E-5 8.0042E-5 8.4238E-5 7.4784E-5 6.8745E-5 7.7649E-5 8.0284E-5 7.7634E-5 8.2377E-5 6.8536E-5 7.8718E-5 7.5302E-5 8.4659E-5 7.9206E-5 8.6309E-5 8.7426E-5 7.8865E-5 7.4702E-5 7.6226E-5 7.8032E-5 7.3952E-5 8.2938E-5 7.8767E-5 8.0353E-5 6.3956E-5 9.2842E-5 8.9727E-5 8.1578E-5 7.2344E-5 6.5234E-5 8.5368E-5 8.5848E-5 7.5539E-5 6.9112E-5 8.9403E-5 1.1455E-4 8.2338E-5 1.01778E-4 8.384E-5 8.8444E-5 8.117E-5 8.9711E-5 1.0849E-4 1.43208E-4 1.08785E-4 1.28049E-4 1.0215E-4 1.17438E-4 8.9201E-5 7.545E-5 8.8349E-5 7.8052E-5 8.3739E-5 7.5792E-5 7.9123E-5 8.6446E-5 9.2573E-5 8.1752E-5 1.10122E-4 7.6997E-5 8.4606E-5 8.0396E-5 1.02501E-4 8.6286E-5 1.04595E-4 1.03537E-4 1.03286E-4 8.1917E-5 1.13403E-4 9.5496E-5 8.6598E-5 9.34E-5 1.15826E-4 1.15707E-4 1.14084E-4 9.1123E-5 8.5598E-5 7.7593E-5 7.4404E-5 6.861E-5 1.11548E-4 1.25676E-4 8.0856E-5 8.5868E-5 9.2651E-5 9.1239E-5 8.3213E-5 9.652E-5 9.4677E-5 7.8752E-5 7.617E-5 8.408E-5 7.2296E-5 8.6524E-5 7.2857E-5 8.32E-5 8.0541E-5 8.9124E-5 7.949E-5 6.7097E-5 8.7626E-5 7.699E-5 8.2477E-5 7.7793E-5 6.7415E-5 7.5896E-5 8.2165E-5 9.627E-5 9.581E-5 7.4863E-5 8.3433E-5 7.6398E-5 8.8495E-5 8.2639E-5 8.9599E-5 8.9858E-5 9.2626E-5 8.1211E-5 8.1138E-5 7.8508E-5 7.6302E-5 8.3668E-5 8.4986E-5 8.7504E-5 6.6869E-5 8.0343E-5 7.8293E-5 7.6952E-5 7.3306E-5 7.0763E-5 9.8897E-5 1.128E-4 1.08017E-4 1.44642E-4 1.40272E-4 1.22551E-4 8.6969E-5 8.7065E-5 7.3913E-5 6.9639E-5 7.2682E-5 9.3324E-5 7.4226E-5 8.5183E-5 8.1791E-5 1.01052E-4 8.6098E-5 9.6292E-5 8.227E-5 6.8747E-5 8.7243E-5 8.0663E-5 9.2029E-5 1.30184E-4 8.1399E-5 8.2169E-5 9.5772E-5 8.44E-5 8.4036E-5 7.0914E-5 8.2287E-5 8.6998E-5 8.9878E-5 8.1539E-5 9.0105E-5 9.0991E-5 8.0911E-5 7.6E-5 7.7106E-5 7.8074E-5 7.4864E-5 8.1197E-5 7.8839E-5 8.0993E-5 6.1683E-5 7.9169E-5 7.9756E-5 7.5943E-5 7.2396E-5 6.5375E-5 8.3989E-5 8.6622E-5 7.4543E-5 7.473E-5 8.9834E-5 8.2486E-5 9.0693E-5 1.15612E-4 8.685E-5 7.7339E-5 7.8477E-5 8.5601E-5 9.0558E-5 1.25422E-4 8.6817E-5 9.6741E-5 9.9432E-5 1.02398E-4 9.572E-5 8.0321E-5 1.0149E-4 8.2068E-5 1.01784E-4 9.8442E-5 1.21499E-4 1.29903E-4 1.47467E-4 1.47398E-4 1.38014E-4 1.3857E-4 1.57512E-4 1.24427E-4 1.32386E-4 1.4049E-4 3.4836E-4 4.59765E-4 1.90395E-4 1.38432E-4 1.29348E-4 1.68152E-4 8.3224E-5 8.8771E-5 9.559E-5 9.6598E-5 7.5873E-5 9.2643E-5 9.377E-5 8.272E-5 1.86196E-4 7.7943E-5 8.9887E-5 1.02103E-4 8.9605E-5 8.0562E-5 1.05903E-4 9.9028E-5 8.3051E-5 1.02406E-4 1.08141E-4 8.7596E-5 9.3691E-5 1.03714E-4 9.165E-5 1.09201E-4 8.5708E-5 1.42292E-4 1.24827E-4 1.71324E-4 1.02713E-4 7.3527E-5 1.00787E-4 8.6429E-5 9.1112E-5 8.1743E-5 8.1037E-5 8.3588E-5 9.4864E-5 8.4117E-5 8.3224E-5 7.3047E-5 9.5171E-5 9.4394E-5 1.00283E-4 9.6628E-5 9.1587E-5 9.4019E-5 8.2733E-5 8.8915E-5 8.8611E-5 9.6382E-5 9.4887E-5 9.6348E-5 1.57125E-4 1.5472E-4 1.19151E-4 8.852E-5 8.4623E-5 8.0864E-5 7.7259E-5 6.7981E-5 1.00359E-4 9.4873E-5 8.0024E-5 7.1359E-5 9.4014E-5 8.7706E-5 6.9071E-5 1.09522E-4 8.4191E-5 7.4381E-5 7.8362E-5 1.7865E-4 9.6999E-5 9.5985E-5 8.0217E-5 1.2152E-4 8.9931E-5 9.7678E-5 8.2567E-5 6.9949E-5 8.7167E-5 7.9885E-5 8.8423E-5 1.20692E-4 9.186E-5 9.3895E-5 8.6407E-5 8.1837E-5 8.3119E-5 8.8737E-5 8.6269E-5 8.844E-5 9.1896E-5 8.4972E-5 9.4098E-5 1.02816E-4 8.6177E-5 7.9731E-5 7.9796E-5 9.5778E-5 7.6245E-5 1.03733E-4 8.3833E-5 8.5216E-5 6.6702E-5 8.1983E-5 8.2777E-5 7.9376E-5 7.4588E-5 6.5909E-5 8.7054E-5 8.9825E-5 7.7303E-5 6.8684E-5 9.2558E-5 8.5994E-5 8.0683E-5 8.9067E-5 7.458E-5 8.5977E-5 8.681E-5 8.6244E-5 7.372E-5 8.667E-5 6.7598E-5 9.1428E-5 1.04782E-4 1.30792E-4 1.11546E-4 1.21062E-4 1.22135E-4 1.31788E-4 9.523E-5 7.9288E-5 6.9189E-5 7.9144E-5 8.1257E-5 7.7806E-5 8.6348E-5 7.0017E-5 8.083E-5 7.531E-5 1.00861E-4 9.4361E-5 9.5625E-5 9.3143E-5 8.0842E-5 8.9026E-5 9.1944E-5 8.5414E-5 7.323E-5 8.6816E-5 8.0785E-5 8.532E-5 6.4218E-5 8.1598E-5 8.0896E-5 7.7534E-5 7.3525E-5 7.9083E-5 9.2238E-5 8.9834E-5 7.8545E-5 6.9146E-5 9.37E-5 8.6344E-5 7.5652E-5 8.8987E-5 7.378E-5 7.2947E-5 7.4676E-5 8.1897E-5 8.844E-5 9.2595E-5 6.91E-5 8.9617E-5 8.4533E-5 9.3339E-5 8.3115E-5 7.0307E-5 8.7885E-5 9.141E-5 9.394E-5 8.2173E-5 6.9408E-5 7.819E-5 7.9368E-5 7.8137E-5 7.7564E-5 7.0763E-5 8.1476E-5 7.4977E-5 8.3935E-5 8.0063E-5 1.01482E-4 1.02604E-4 8.4942E-5 7.9174E-5 8.0078E-5 8.2194E-5 7.2631E-5 8.8608E-5 8.0751E-5 8.4378E-5 6.4092E-5 8.1733E-5 8.1534E-5 7.6792E-5 7.4644E-5 6.7073E-5 8.723E-5 8.7916E-5 7.9949E-5 7.1202E-5 9.4331E-5 1.00161E-4 8.3047E-5 9.4012E-5 7.8819E-5 9.1517E-5 9.0772E-5 1.24514E-4 8.2682E-5 1.17723E-4 8.0966E-5 9.231E-5 8.2865E-5 9.3078E-5 8.1939E-5 6.9956E-5 8.6452E-5 7.9002E-5 8.5621E-5 7.8218E-5 7.0245E-5 8.0187E-5 9.6732E-5 8.3976E-5 8.4206E-5 1.11911E-4 1.45081E-4 1.04991E-4 9.1223E-5 8.5403E-5 1.062E-4 1.10057E-4 1.22986E-4 1.04571E-4 9.3267E-5 9.4973E-5 7.5022E-5 8.8482E-5 9.0919E-5 9.9612E-5 6.9307E-5 8.486E-5 8.3395E-5 7.9392E-5 7.5416E-5 7.2787E-5 9.0487E-5 8.8595E-5 7.5233E-5 6.8368E-5 9.1899E-5 9.3359E-5 8.5584E-5 9.3795E-5 7.5011E-5 8.2863E-5 7.9585E-5 8.515E-5 7.6508E-5 8.9408E-5 6.7121E-5 8.9056E-5 8.1833E-5 9.4965E-5 8.6986E-5 6.9951E-5 8.9058E-5 8.0453E-5 8.631E-5 7.8548E-5 7.0088E-5 7.8708E-5 7.9369E-5 7.7344E-5 7.7725E-5 8.2406E-5 8.4707E-5 7.9142E-5 8.7864E-5 8.1164E-5 8.9079E-5 9.1867E-5 7.7534E-5 7.534E-5 7.827E-5 7.8864E-5 7.1519E-5 8.8563E-5 8.3129E-5 8.4515E-5 6.5733E-5 9.7688E-5 8.5023E-5 8.3586E-5 7.5932E-5 6.829E-5 8.8564E-5 9.1026E-5 7.8991E-5 7.2999E-5 9.7069E-5 8.7514E-5 7.8649E-5 8.8544E-5 8.9501E-5 7.5789E-5 7.605E-5 8.2572E-5 7.4594E-5 8.8579E-5 6.72E-5 8.9295E-5 8.2826E-5 1.0559E-4 8.9137E-5 7.9167E-5 9.491E-5 8.1768E-5 8.712E-5 7.7429E-5 8.3888E-5 8.671E-5 9.1418E-5 9.9543E-5 1.01453E-4 8.6249E-5 1.5289E-4 1.16953E-4 1.01553E-4 8.4851E-5 9.4906E-5 9.5381E-5 8.1026E-5 7.892E-5 9.0583E-5 9.4112E-5 7.4326E-5 8.9788E-5 8.3483E-5 9.9427E-5 6.7948E-5 9.5903E-5 8.6898E-5 9.173E-5 7.9712E-5 7.0959E-5 9.7001E-5 9.2189E-5 7.9687E-5 7.0267E-5 9.1404E-5 9.6098E-5 7.7937E-5 9.4281E-5 7.819E-5 8.0453E-5 8.747E-5 8.5753E-5 7.759E-5 8.777E-5 7.8277E-5 1.01288E-4 8.7137E-5 1.05657E-4 8.9146E-5 7.4278E-5 9.0431E-5 8.1342E-5 8.8861E-5 8.2686E-5 7.1353E-5 7.9627E-5 8.3319E-5 8.0337E-5 7.9826E-5 7.0787E-5 8.4031E-5 9.2608E-5 9.7948E-5 8.9982E-5 9.5696E-5 9.3275E-5 8.1439E-5 7.8545E-5 8.0557E-5 8.2273E-5 7.1854E-5 9.1252E-5 8.3798E-5 9.0609E-5 1.05524E-4 1.0296E-4 8.8076E-5 8.1846E-5 9.0812E-5 7.2255E-5 8.8887E-5 9.0122E-5 7.8762E-5 6.9598E-5 1.02238E-4 1.06058E-4 7.9864E-5 9.3922E-5 8.0837E-5 8.9023E-5 8.6914E-5 8.8638E-5 7.7469E-5 9.7978E-5 1.03159E-4 1.07691E-4 9.3069E-5 1.20988E-4 8.9294E-5 7.1649E-5 9.0209E-5 8.7092E-5 8.767E-5 8.0512E-5 7.1233E-5 8.0919E-5 8.527E-5 8.2646E-5 8.235E-5 9.0502E-5 8.604E-5 1.09635E-4 9.77E-5 8.6679E-5 9.5601E-5 1.04186E-4 8.9079E-5 9.9907E-5 9.6405E-5 9.7801E-5 7.7037E-5 9.8189E-5 8.662E-5 9.0701E-5 8.2526E-5 1.08899E-4 1.00403E-4 7.9389E-5 7.5893E-5 7.0642E-5 8.7361E-5 8.9666E-5 9.0868E-5 9.1581E-5 1.09725E-4 8.7892E-5 8.3057E-5 9.1546E-5 7.6861E-5 7.5348E-5 1.04781E-4 9.3285E-5 7.1316E-5 8.6461E-5 6.5564E-5 9.0138E-5 8.4444E-5 9.4757E-5 8.1702E-5 6.9694E-5 8.8476E-5 8.0573E-5 8.7105E-5 8.1144E-5 7.0753E-5 7.9827E-5 8.1917E-5 9.3809E-5 8.3582E-5 7.3292E-5 8.6248E-5 7.7499E-5 8.5731E-5 8.2398E-5 9.1331E-5 9.4646E-5 7.9234E-5 7.8297E-5 7.8725E-5 8.2286E-5 6.9616E-5 9.2719E-5 8.9065E-5 8.6606E-5 6.2886E-5 8.6668E-5 9.4707E-5 1.06227E-4 1.0496E-4 1.43709E-4 1.47774E-4 1.13676E-4 8.3361E-5 8.8708E-5 1.06064E-4 9.3241E-5 8.4276E-5 1.10098E-4 8.4463E-5 7.5612E-5 7.9729E-5 9.9282E-5 8.4172E-5 1.19611E-4 7.4337E-5 9.7147E-5 8.5653E-5 9.7633E-5 1.1668E-4 7.2532E-5 8.9561E-5 8.2599E-5 8.7665E-5 8.1842E-5 7.0746E-5 8.9769E-5 8.9655E-5 8.2609E-5 8.2566E-5 8.0743E-5 8.7154E-5 8.3451E-5 8.9014E-5 8.4469E-5 1.3642E-4 1.8065E-4 9.5416E-5 1.48058E-4 9.6507E-5 1.33709E-4 8.7824E-5 1.21304E-4 1.47712E-4 1.62892E-4 1.39869E-4 1.5204E-4 1.53326E-4 1.46066E-4 1.3389E-4 1.29936E-4 1.53492E-4 1.55825E-4 1.42555E-4 1.74686E-4 2.22315E-4 1.71581E-4 1.05703E-4 2.13045E-4 2.32358E-4 1.02064E-4 9.3522E-5 9.9198E-5 8.7458E-5 9.5842E-5 7.1962E-5 9.5801E-5 8.7578E-5 9.3547E-5 8.627E-5 7.1202E-5 9.3163E-5 8.0132E-5 8.5864E-5 8.1468E-5 6.9784E-5 1.10233E-4 9.6592E-5 9.0477E-5 8.3556E-5 7.2023E-5 9.3952E-5 9.0853E-5 1.0312E-4 9.6993E-5 1.05742E-4 1.05496E-4 8.702E-5 8.2892E-5 8.8162E-5 1.00342E-4 8.1311E-5 8.8937E-5 8.6555E-5 1.01935E-4 6.8115E-5 9.7815E-5 8.9531E-5 8.4733E-5 7.8842E-5 7.6771E-5 9.3061E-5 9.7049E-5 8.3414E-5 7.724E-5 1.03773E-4 9.5634E-5 7.8466E-5 9.5092E-5 7.8667E-5 8.2094E-5 8.0289E-5 8.6093E-5 8.4848E-5 9.3844E-5 6.9819E-5 1.00556E-4 8.9663E-5 9.5842E-5 9.2999E-5 1.01101E-4 1.34699E-4 1.15762E-4 9.1887E-5 9.4302E-5 7.6176E-5 8.8774E-5 8.9229E-5 8.5722E-5 9.3837E-5 1.20409E-4 9.3418E-5 9.9812E-5 1.03888E-4 8.6443E-5 1.66935E-4 1.26328E-4 9.2168E-5 8.37E-5 8.1504E-5 9.0119E-5 9.0696E-5 1.07532E-4 9.3214E-5 9.5995E-5 6.8737E-5 8.7645E-5 8.5179E-5 8.5648E-5 7.8895E-5 7.1187E-5 9.5608E-5 1.11409E-4 1.48803E-4 7.7279E-5 1.02578E-4 9.4826E-5 1.29305E-4 1.23656E-4 8.4338E-5 8.1297E-5 7.9552E-5 8.7097E-5 9.168E-5 9.7899E-5 7.2321E-5 9.757E-5 8.9839E-5 1.05714E-4 1.08528E-4 8.6658E-5 1.0967E-4 8.8655E-5 9.5282E-5 9.9392E-5 8.0601E-5 8.7413E-5 8.5985E-5 8.7414E-5 8.4516E-5 8.9022E-5 8.9203E-5 8.6653E-5 9.425E-5 8.5241E-5 9.0984E-5 1.33351E-4 1.21591E-4 9.307E-5 8.4645E-5 1.01612E-4 8.0914E-5 9.4412E-5 8.9211E-5 9.3042E-5 6.9377E-5 8.7502E-5 1.0122E-4 9.1493E-5 8.6861E-5 7.3724E-5 9.4784E-5 9.4101E-5 8.5232E-5 7.3543E-5 1.00708E-4 8.9387E-5 8.2709E-5 1.22063E-4 9.6797E-5 1.06838E-4 9.9492E-5 1.30983E-4 1.73952E-4 2.77041E-4 7.722E-5 9.7363E-5 8.8715E-5 8.8773E-5 8.9619E-5 7.4962E-5 1.25094E-4 1.4413E-4 1.65276E-4 1.37074E-4 1.18717E-4 1.4248E-4 1.28059E-4 1.39177E-4 4.33009E-4 1.23111E-4 1.4111E-4 2.0615E-4 2.12256E-4 1.54968E-4 1.49258E-4 1.57594E-4 1.41018E-4 1.46958E-4 1.2255E-4 1.59054E-4 1.0251E-4 9.9564E-5 9.993E-5 9.9819E-5 7.7061E-5 9.4635E-5 9.1537E-5 8.4533E-5 9.007E-5 8.205E-5 9.254E-5 9.9006E-5 8.2676E-5 7.0763E-5 1.06109E-4 9.3057E-5 8.9452E-5 9.6677E-5 9.2931E-5 8.6044E-5 8.3536E-5 8.9646E-5 7.9151E-5 9.1079E-5 6.9493E-5 9.4097E-5 8.6481E-5 9.0763E-5 8.8439E-5 7.0874E-5 9.2854E-5 8.4853E-5 9.0333E-5 8.4844E-5 7.1107E-5 9.4211E-5 8.7281E-5 8.599E-5 8.9394E-5 8.4604E-5 8.626E-5 8.7707E-5 9.7336E-5 9.5103E-5 1.13848E-4 1.09895E-4 1.20662E-4 1.11577E-4 7.5974E-5 8.8437E-5 7.143E-5 8.6654E-5 9.5153E-5 9.3184E-5 7.1056E-5 8.7209E-5 8.5328E-5 8.2674E-5 7.8319E-5 7.036E-5 8.9115E-5 9.891E-5 8.4062E-5 7.923E-5 1.00875E-4 1.07435E-4 8.2565E-5 9.8678E-5 8.3271E-5 9.1144E-5 8.5083E-5 8.8071E-5 7.7409E-5 1.01869E-4 7.268E-5 1.0191E-4 9.2412E-5 8.8702E-5 8.7597E-5 7.1135E-5 9.2059E-5 8.3264E-5 9.048E-5 7.9993E-5 7.1918E-5 8.2459E-5 8.6094E-5 8.6009E-5 7.7809E-5 7.6287E-5 8.2244E-5 8.1954E-5 9.1882E-5 8.1577E-5 9.2149E-5 1.02861E-4 9.5425E-5 8.4843E-5 7.8147E-5 8.904E-5 8.8763E-5 1.55143E-4 9.5385E-5 1.02212E-4 7.4747E-5 8.7857E-5 9.4706E-5 8.8527E-5 8.1376E-5 6.8765E-5 9.7559E-5 9.2271E-5 8.2029E-5 7.1125E-5 1.15492E-4 1.36142E-4 1.02878E-4 1.12076E-4 1.21415E-4 8.3162E-5 9.2727E-5 9.773E-5 1.4506E-4 1.39633E-4 8.7992E-5 9.7531E-5 9.9283E-5 9.2181E-5 1.01558E-4 8.229E-5 9.8382E-5 8.892E-5 9.7497E-5 9.7634E-5 7.7459E-5 8.3873E-5 8.527E-5 1.06341E-4 9.722E-5 8.1628E-5 8.6848E-5 8.6025E-5 9.4796E-5 8.0347E-5 8.5848E-5 9.6706E-5 8.9977E-5 8.3095E-5 7.9776E-5 1.04799E-4 8.9878E-5 9.6691E-5 8.7364E-5 9.0776E-5 6.7349E-5 8.7753E-5 8.5129E-5 8.5008E-5 7.7931E-5 6.7467E-5 1.04191E-4 9.674E-5 8.4412E-5 7.1607E-5 9.9558E-5 9.0753E-5 8.0692E-5 1.01395E-4 8.5985E-5 8.7144E-5 8.3338E-5 8.8624E-5 7.7848E-5 9.3431E-5 6.8913E-5 9.4642E-5 9.3133E-5 1.25633E-4 1.15889E-4 9.9445E-5 1.34343E-4 1.1671E-4 1.14586E-4 8.7788E-5 7.2718E-5 9.0711E-5 8.5204E-5 8.5834E-5 7.7128E-5 7.6724E-5 9.2634E-5 8.7449E-5 9.5318E-5 8.5531E-5 9.9963E-5 1.10769E-4 9.5415E-5 8.9879E-5 8.024E-5 9.3568E-5 7.3394E-5 8.767E-5 7.8468E-5 9.0914E-5 6.9524E-5 8.6961E-5 8.0706E-5 8.2665E-5 7.9957E-5 6.9656E-5 9.0536E-5 8.8232E-5 8.4429E-5 6.983E-5 1.00206E-4 8.7916E-5 7.7981E-5 9.5233E-5 8.3444E-5 7.7463E-5 8.2318E-5 8.6436E-5 8.9101E-5 9.8436E-5 7.4256E-5 9.0259E-5 8.3259E-5 2.09834E-4 1.51767E-4 5.6012E-5 1.02133E-4 1.21956E-4 9.9472E-5 8.6132E-5 7.5522E-5 8.3378E-5 8.1587E-5 9.3895E-5 7.7731E-5 8.5036E-5 8.9284E-5 9.1617E-5 1.00595E-4 8.4864E-5 1.07004E-4 1.28891E-4 9.459E-5 8.6043E-5 8.7889E-5 8.8719E-5 7.8358E-5 9.2139E-5 8.5173E-5 9.058E-5 6.938E-5 1.30828E-4 1.10522E-4 8.8512E-5 8.3633E-5 7.4711E-5 9.7207E-5 8.7416E-5 8.1504E-5 8.139E-5 1.09938E-4 1.02782E-4 8.3222E-5 1.06829E-4 8.6692E-5 9.0211E-5 9.6292E-5 1.04862E-4 8.7972E-5 9.2865E-5 6.7955E-5 9.4532E-5 9.8781E-5 2.35788E-4 1.24075E-4 8.0224E-5 9.5114E-5 8.6193E-5 1.3814E-4 1.35642E-4 7.9259E-5 8.4911E-5 8.2079E-5 8.4173E-5 7.7941E-5 7.4626E-5 8.1894E-5 8.2988E-5 9.2952E-5 8.0462E-5 9.9633E-5 1.01322E-4 8.8687E-5 8.5418E-5 8.7517E-5 9.6844E-5 7.3383E-5 9.1164E-5 7.8947E-5 1.02016E-4 7.0745E-5 9.8028E-5 8.4297E-5 9.5107E-5 8.3885E-5 7.6872E-5 9.6678E-5 9.2833E-5 9.2355E-5 7.2169E-5 9.684E-5 9.8683E-5 9.117E-5 1.31879E-4 8.5684E-5 7.6875E-5 8.0707E-5 9.4272E-5 7.8673E-5 8.9972E-5 6.9064E-5 9.8872E-5 9.8794E-5 1.02284E-4 9.036E-5 7.0282E-5 9.3179E-5 8.3265E-5 8.9253E-5 1.46423E-4 1.02205E-4 8.6916E-5 8.3304E-5 8.9568E-5 7.9337E-5 7.4927E-5 8.1669E-5 8.2294E-5 1.0721E-4 8.5073E-5 8.8439E-5 1.00462E-4 8.9622E-5 8.0639E-5 7.6475E-5 8.7213E-5 8.1555E-5 1.01066E-4 8.434E-5 1.03493E-4 7.7689E-5 9.3614E-5 8.5655E-5 9.3175E-5 8.2837E-5 7.1337E-5 1.64821E-4 1.35599E-4 1.2527E-4 1.07831E-4 1.50071E-4 1.28462E-4 1.20818E-4 1.53045E-4 1.30714E-4 1.50098E-4 1.295E-4 1.41299E-4 1.24804E-4 1.5249E-4 1.14549E-4 1.57731E-4 1.01626E-4 1.55669E-4 1.49205E-4 1.18464E-4 1.06703E-4 9.7984E-5 1.01789E-4 9.5303E-5 8.3739E-5 1.55413E-4 1.11596E-4 1.08618E-4 1.06039E-4 1.03506E-4 1.05619E-4 1.20666E-4 1.79954E-4 1.17375E-4 1.04307E-4 1.08065E-4 1.07004E-4 9.5615E-5 9.0609E-5 1.09821E-4 1.40016E-4 1.08979E-4 9.8788E-5 1.0698E-4 7.9995E-5 1.01798E-4 1.19093E-4 1.25924E-4 8.8464E-5 7.8018E-5 9.8296E-5 8.9336E-5 9.4579E-5 8.264E-5 1.1246E-4 1.2696E-4 1.06823E-4 9.7175E-5 8.0196E-5 2.24116E-4 1.14922E-4 1.12216E-4 8.1772E-5 1.14204E-4 9.2908E-5 9.6434E-5 8.6546E-5 8.969E-5 9.0423E-5 7.1595E-5 1.34097E-4 9.5346E-5 9.8441E-5 8.6532E-5 7.3895E-5 8.4153E-5 8.0875E-5 9.635E-5 8.0603E-5 7.9842E-5 8.4193E-5 9.2877E-5 1.11379E-4 8.6958E-5 8.8069E-5 1.08682E-4 8.7451E-5 9.2655E-5 8.6859E-5 1.03218E-4 1.06342E-4 1.02684E-4 8.89E-5 1.01087E-4 8.4483E-5 1.06035E-4 9.2451E-5 1.02293E-4 1.04433E-4 1.59721E-4 2.24604E-4 1.51681E-4 1.24514E-4 1.21086E-4 1.17001E-4 9.5883E-5 8.4803E-5 1.08572E-4 8.9147E-5 8.5582E-5 8.6668E-5 9.1234E-5 8.1003E-5 9.8121E-5 7.5522E-5 9.995E-5 8.8062E-5 9.7297E-5 9.0323E-5 7.2178E-5 9.7173E-5 8.9772E-5 9.5439E-5 8.8523E-5 7.6509E-5 8.8473E-5 9.1112E-5 8.7735E-5 7.7963E-5 1.20746E-4 1.16066E-4 1.27433E-4 1.17892E-4 1.06375E-4 1.33808E-4 1.21891E-4 9.4086E-5 8.6593E-5 9.5119E-5 9.6608E-5 7.3847E-5 9.019E-5 7.57E-5 9.7269E-5 7.2287E-5 8.9896E-5 8.8232E-5 8.5403E-5 8.3343E-5 7.0347E-5 9.595E-5 8.9415E-5 8.1081E-5 4.9156E-5 9.7805E-5 9.125E-5 7.7995E-5 9.3469E-5 8.0047E-5 8.6946E-5 8.4273E-5 8.47E-5 7.7015E-5 9.0855E-5 6.8001E-5 9.3009E-5 8.7579E-5 8.6448E-5 1.05372E-4 7.9791E-5 9.5016E-5 9.4495E-5 9.168E-5 8.3142E-5 7.6209E-5 8.4357E-5 8.6154E-5 8.8062E-5 7.3706E-5 7.7626E-5 8.3678E-5 8.4673E-5 9.2813E-5 9.3211E-5 8.8791E-5 9.8116E-5 8.9477E-5 8.4647E-5 7.5663E-5 8.8207E-5 7.8517E-5 9.8594E-5 7.9254E-5 9.6382E-5 8.3351E-5 9.2178E-5 8.6767E-5 8.2524E-5 8.174E-5 7.0594E-5 9.3734E-5 8.9277E-5 8.2364E-5 7.1701E-5 1.08249E-4 8.9752E-5 8.1269E-5 1.29631E-4 9.4527E-5 8.7586E-5 8.6555E-5 1.16952E-4 9.6452E-5 1.08635E-4 8.0105E-5 1.15205E-4 8.9272E-5 9.172E-5 8.9883E-5 7.356E-5 1.00209E-4 8.9117E-5 9.6183E-5 8.5755E-5 7.5323E-5 8.3271E-5 8.045E-5 8.8668E-5 8.2237E-5 9.7597E-5 8.9383E-5 9.3533E-5 1.04081E-4 9.8534E-5 9.036E-5 1.14121E-4 8.7469E-5 8.3654E-5 8.0008E-5 9.111E-5 7.0927E-5 9.8078E-5 8.5102E-5 1.04134E-4 7.4303E-5 9.0938E-5 9.441E-5 8.7584E-5 8.658E-5 7.0017E-5 9.1771E-5 9.3249E-5 8.4627E-5 8.1495E-5 1.07814E-4 9.6309E-5 8.6002E-5 1.01607E-4 9.144E-5 9.9391E-5 9.7781E-5 9.253E-5 8.3024E-5 1.09698E-4 7.4276E-5 9.7469E-5 9.1163E-5 1.1293E-4 9.2204E-5 7.593E-5 9.9197E-5 9.0274E-5 9.1928E-5 8.2128E-5 7.4145E-5 8.5925E-5 7.8649E-5 8.3901E-5 7.3461E-5 7.5879E-5 8.5725E-5 1.07525E-4 9.4939E-5 7.9629E-5 8.9003E-5 9.84E-5 8.7028E-5 1.10967E-4 1.05799E-4 1.09811E-4 6.8243E-5 8.424E-5 8.5303E-5 9.5543E-5 6.9773E-5 8.9709E-5 8.4398E-5 9.0178E-5 8.4136E-5 7.0089E-5 1.19875E-4 9.1558E-5 9.3004E-5 7.3147E-5 1.05459E-4 1.00633E-4 8.4341E-5 9.4391E-5 8.2584E-5 7.78E-5 8.8942E-5 9.0367E-5 7.9099E-5 9.0152E-5 6.8407E-5 9.4713E-5 8.319E-5 8.8385E-5 8.4424E-5 6.974E-5 9.2834E-5 8.8353E-5 1.01053E-4 8.8699E-5 7.0023E-5 7.7393E-5 8.6391E-5 8.5819E-5 7.5321E-5 7.3943E-5 7.8753E-5 7.7481E-5 9.1609E-5 7.9321E-5 8.0733E-5 9.7027E-5 8.4863E-5 7.8007E-5 7.3212E-5 9.387E-5 6.868E-5 8.262E-5 7.5656E-5 9.0168E-5 7.3875E-5 8.8961E-5 8.017E-5 8.735E-5 8.3509E-5 7.3379E-5 9.0536E-5 8.7941E-5 8.0342E-5 6.7357E-5 9.3573E-5 9.9158E-5 8.9797E-5 1.02052E-4 8.9881E-5 1.11192E-4 9.1501E-5 9.2591E-5 8.0591E-5 9.0746E-5 8.1975E-5 1.09994E-4 8.7589E-5 8.7629E-5 8.3735E-5 6.9801E-5 9.3752E-5 8.3357E-5 9.6895E-5 8.756E-5 7.299E-5 8.9827E-5 7.9901E-5 8.4302E-5 6.9654E-5 8.4075E-5 8.5364E-5 8.2539E-5 1.13147E-4 8.7903E-5 1.05515E-4 9.8971E-5 8.7225E-5 8.3609E-5 7.5687E-5 8.7498E-5 6.8106E-5 8.5316E-5 8.7869E-5 1.03061E-4 7.0272E-5 9.717E-5 8.342E-5 8.4358E-5 9.2594E-5 8.2784E-5 1.38534E-4 1.1929E-4 9.0122E-5 7.722E-5 1.11771E-4 9.1105E-5 7.8237E-5 9.4132E-5 7.865E-5 7.9275E-5 8.0303E-5 8.4959E-5 7.9529E-5 1.13921E-4 7.7079E-5 9.9835E-5 8.8405E-5 1.45159E-4 1.14153E-4 8.3637E-5 9.6112E-5 8.9385E-5 9.1419E-5 8.3978E-5 7.4774E-5 8.2925E-5 8.7443E-5 1.11193E-4 8.6753E-5 8.7094E-5 8.9487E-5 8.8231E-5 9.6615E-5 8.9866E-5 8.7485E-5 1.03891E-4 1.04392E-4 8.4639E-5 7.899E-5 9.1571E-5 7.0133E-5 9.3562E-5 1.40025E-4 1.36134E-4 9.4363E-5 9.5375E-5 8.67E-5 8.344E-5 8.6788E-5 8.0775E-5 1.11951E-4 1.04732E-4 1.0103E-4 7.5629E-5 1.00316E-4 9.3887E-5 9.6658E-5 1.28298E-4 8.5624E-5 7.9859E-5 8.0757E-5 8.8551E-5 8.1156E-5 9.7933E-5 7.184E-5 9.7406E-5 8.7066E-5 8.9975E-5 1.0351E-4 8.1904E-5 9.9286E-5 8.7731E-5 9.0847E-5 8.7743E-5 7.3376E-5 9.2705E-5 8.4964E-5 9.5234E-5 7.8477E-5 8.0012E-5 8.4925E-5 8.4598E-5 9.7031E-5 8.9742E-5 9.2508E-5 1.06081E-4 8.813E-5 1.04988E-4 1.22729E-4 1.30191E-4 1.29221E-4 1.38044E-4 1.2041E-4 1.50958E-4 7.325E-5 1.065E-4 8.7542E-5 8.5647E-5 8.3397E-5 7.332E-5 9.2844E-5 9.1602E-5 8.4152E-5 7.3523E-5 1.01391E-4 9.1892E-5 7.8766E-5 9.3832E-5 1.41269E-4 1.19394E-4 1.0106E-4 1.03309E-4 8.8095E-5 9.8909E-5 7.3207E-5 9.708E-5 8.4723E-5 9.0692E-5 8.6642E-5 7.3915E-5 9.5648E-5 8.964E-5 8.6365E-5 8.8599E-5 7.5599E-5 8.4063E-5 7.9386E-5 8.6437E-5 8.7579E-5 8.8755E-5 8.8013E-5 8.4627E-5 1.06633E-4 8.4899E-5 9.9984E-5 1.0549E-4 8.9594E-5 8.5913E-5 8.0235E-5 9.0646E-5 7.5813E-5 9.1158E-5 8.9472E-5 1.01858E-4 8.1942E-5 9.6252E-5 9.4648E-5 9.3035E-5 8.7405E-5 7.4078E-5 1.0699E-4 9.42E-5 8.3908E-5 8.302E-5 1.12308E-4 9.7068E-5 8.3174E-5 1.00352E-4 9.8153E-5 8.8901E-5 8.3765E-5 9.6961E-5 8.6431E-5 1.0442E-4 7.8864E-5 1.38267E-4 1.83692E-4 1.38891E-4 9.4088E-5 7.5994E-5 9.9189E-5 1.00335E-4 8.9798E-5 8.9573E-5 9.6985E-5 9.103E-5 9.0983E-5 9.6264E-5 8.3007E-5 8.6051E-5 9.2495E-5 8.9478E-5 1.16161E-4 8.3281E-5 8.7347E-5 1.14639E-4 9.1779E-5 8.838E-5 8.0491E-5 9.2986E-5 7.1846E-5 9.2409E-5 7.9305E-5 9.2214E-5 7.1982E-5 9.6109E-5 8.9625E-5 8.4807E-5 8.9928E-5 7.5116E-5 1.02719E-4 1.36801E-4 1.56662E-4 1.50736E-4 1.11165E-4 1.01058E-4 8.8476E-5 1.07338E-4 8.9089E-5 1.21309E-4 9.6176E-5 9.5193E-5 1.0244E-4 1.09918E-4 9.9109E-5 1.06351E-4 1.20975E-4 1.03969E-4 1.0068E-4 9.8979E-5 1.07439E-4 1.0325E-4 9.4031E-5 1.77431E-4 8.2741E-5 1.01871E-4 8.9907E-5 1.1175E-4 8.594E-5 7.9477E-5 9.3958E-5 8.845E-5 1.36794E-4 1.18949E-4 1.13068E-4 1.09599E-4 8.8522E-5 8.2613E-5 7.9268E-5 9.3753E-5 6.9716E-5 9.0215E-5 7.6161E-5 9.393E-5 6.8963E-5 8.7063E-5 8.4655E-5 7.9454E-5 8.0364E-5 7.5668E-5 9.0527E-5 9.0849E-5 8.4976E-5 7.1657E-5 9.662E-5 9.0074E-5 8.1423E-5 9.5982E-5 7.9682E-5 9.5008E-5 8.0623E-5 8.5496E-5 9.3463E-5 1.1394E-4 1.08763E-4 1.45614E-4 1.27666E-4 1.39067E-4 8.7874E-5 7.4529E-5 9.595E-5 8.6849E-5 8.5626E-5 8.3153E-5 8.4294E-5 9.6312E-5 9.3558E-5 9.1427E-5 7.7776E-5 7.9086E-5 9.5571E-5 9.7701E-5 9.952E-5 9.4615E-5 1.14534E-4 1.07091E-4 9.9166E-5 9.344E-5 1.11289E-4 1.34974E-4 1.18669E-4 1.53341E-4 1.22555E-4 1.53704E-4 1.14967E-4 1.48105E-4 1.45922E-4 1.3871E-4 1.36814E-4 1.13917E-4 1.56265E-4 1.52209E-4 1.27074E-4 1.0723E-4 1.69605E-4 1.48905E-4 1.02321E-4 9.9988E-5 8.588E-5 8.6943E-5 1.4798E-4 1.05929E-4 8.7973E-5 1.24396E-4 1.28824E-4 1.05621E-4 1.08494E-4 1.06966E-4 1.15267E-4 8.8342E-5 1.38038E-4 1.52756E-4 1.25995E-4 1.00845E-4 7.782E-5 1.04895E-4 9.0968E-5 1.01833E-4 1.5689E-4 1.04363E-4 1.07666E-4 1.05756E-4 1.06366E-4 9.1152E-5 1.38333E-4 1.14473E-4 9.0485E-5 8.4811E-5 7.9951E-5 1.03179E-4 1.0232E-4 1.26393E-4 9.0553E-5 9.7802E-5 6.9648E-5 8.7675E-5 8.5849E-5 8.494E-5 8.6539E-5 7.6767E-5 9.6184E-5 9.1872E-5 9.6825E-5 1.2884E-4 1.19738E-4 9.4593E-5 8.1891E-5 9.7493E-5 8.1028E-5 7.6272E-5 8.167E-5 8.9674E-5 8.0772E-5 1.14866E-4 8.2449E-5 9.8645E-5 1.02737E-4 9.6354E-5 8.6124E-5 8.1986E-5 9.7253E-5 8.7854E-5 8.5672E-5 8.3526E-5 7.6093E-5 8.2336E-5 8.0436E-5 1.03974E-4 7.6509E-5 7.8084E-5 8.9261E-5 8.4325E-5 9.3183E-5 8.0178E-5 9.7779E-5 1.54622E-4 8.9215E-5 8.1569E-5 1.10979E-4 1.01697E-4 8.045E-5 1.15152E-4 8.9588E-5 1.01638E-4 8.3828E-5 1.10202E-4 9.8094E-5 8.5378E-5 8.2317E-5 6.9875E-5 9.3276E-5 9.1421E-5 8.3475E-5 7.2604E-5 1.0928E-4 9.2384E-5 7.9366E-5 9.5677E-5 8.0058E-5 1.04935E-4 9.3051E-5 9.0386E-5 7.9731E-5 9.3636E-5 6.8975E-5 9.4502E-5 9.6176E-5 1.0934E-4 1.12115E-4 9.2893E-5 1.07605E-4 9.2476E-5 9.1648E-5 8.4154E-5 7.2749E-5 8.2715E-5 7.6902E-5 8.7201E-5 7.381E-5 7.6968E-5 9.7818E-5 9.4334E-5 1.00646E-4 9.0085E-5 8.6644E-5 1.00811E-4 1.0055E-4 8.5536E-5 7.9643E-5 9.2206E-5 8.1821E-5 9.5345E-5 7.965E-5 1.02854E-4 7.0352E-5 9.0213E-5 8.4142E-5 8.2019E-5 8.1383E-5 8.0839E-5 9.7274E-5 9.1699E-5 9.0161E-5 7.6665E-5 1.00053E-4 9.178E-5 8.1488E-5 1.18636E-4 8.9582E-5 7.9061E-5 8.9802E-5 8.7248E-5 7.9824E-5 1.256E-4 7.4456E-5 9.5199E-5 8.8117E-5 9.0162E-5 1.10095E-4 1.00597E-4 1.12323E-4 1.10979E-4 9.7276E-5 9.0399E-5 7.6097E-5 8.6151E-5 8.3956E-5 1.12272E-4 7.8639E-5 7.9536E-5 8.7032E-5 9.0507E-5 9.6493E-5 9.9246E-5 1.35252E-4 1.03281E-4 8.738E-5 8.2004E-5 8.032E-5 9.3963E-5 1.09523E-4 1.58045E-4 7.9285E-5 9.4977E-5 7.0567E-5 1.01311E-4 1.02614E-4 9.2863E-5 8.3341E-5 8.1045E-5 9.6354E-5 9.1808E-5 8.4791E-5 7.2171E-5 9.7401E-5 9.0982E-5 8.0613E-5 9.7893E-5 7.9544E-5 7.3396E-5 8.413E-5 8.7032E-5 7.8765E-5 9.3733E-5 6.9815E-5 9.5639E-5 8.7847E-5 9.1837E-5 9.3796E-5 7.6905E-5 9.8111E-5 8.7017E-5 8.7409E-5 8.0335E-5 7.4924E-5 8.5523E-5 8.5914E-5 8.5005E-5 7.7596E-5 2.37109E-4 1.99223E-4 1.63718E-4 1.27228E-4 9.3821E-5 8.7978E-5 9.8818E-5 1.04894E-4 8.9051E-5 7.8383E-5 9.4122E-5 7.2364E-5 9.0769E-5 7.825E-5 9.4077E-5 6.9555E-5 8.9154E-5 9.7309E-5 8.402E-5 8.3903E-5 8.0952E-5 9.7104E-5 1.03784E-4 8.6878E-5 7.9095E-5 1.04293E-4 1.00835E-4 9.246E-5 9.9747E-5 8.3699E-5 9.0142E-5 1.0525E-4 9.1517E-5 9.3316E-5 1.0204E-4 1.21545E-4 1.11015E-4 1.15134E-4 1.19866E-4 9.0323E-5 9.0483E-5 2.37347E-4 1.32829E-4 9.2578E-5 9.6291E-5 7.9819E-5 8.5125E-5 8.2603E-5 8.767E-5 7.7758E-5 7.7988E-5 8.4693E-5 8.3886E-5 9.4795E-5 9.5582E-5 1.05017E-4 1.07529E-4 9.2038E-5 1.01592E-4 8.4662E-5 1.16208E-4 1.38364E-4 9.8156E-5 9.0497E-5 9.7021E-5 7.0089E-5 9.1407E-5 8.9187E-5 8.2296E-5 8.1579E-5 8.637E-5 1.10298E-4 9.8085E-5 9.9497E-5 7.816E-5 1.13576E-4 1.03709E-4 9.4819E-5 1.07829E-4 1.03437E-4 8.4856E-5 1.02291E-4 1.20656E-4 1.30935E-4 1.06763E-4 8.238E-5 1.03456E-4 8.7926E-5 9.2292E-5 8.9213E-5 7.8639E-5 1.03189E-4 1.02217E-4 1.06645E-4 7.7357E-5 7.4049E-5 8.5457E-5 9.4918E-5 1.08538E-4 7.6681E-5 7.759E-5 8.3586E-5 8.3595E-5 9.3106E-5 8.0221E-5 8.3385E-5 1.30935E-4 1.20929E-4 9.9625E-5 1.04883E-4 1.13842E-4 7.5308E-5 9.5075E-5 7.9435E-5 9.7167E-5 7.2345E-5 8.9216E-5 8.4957E-5 8.187E-5 9.6903E-5 7.5705E-5 9.4787E-5 1.05882E-4 9.2435E-5 7.4214E-5 1.02915E-4 9.3864E-5 8.2622E-5 9.9767E-5 7.4482E-5 6.7411E-5 8.3013E-5 8.6209E-5 9.6282E-5 1.03381E-4 8.1946E-5 1.1301E-4 9.3285E-5 1.12532E-4 1.04839E-4 8.1793E-5 1.02281E-4 1.15379E-4 1.13703E-4 1.52071E-4 1.0627E-4 1.03533E-4 9.3731E-5 1.07297E-4 1.31349E-4 8.8188E-5 9.4188E-5 9.3456E-5 1.05938E-4 8.991E-5 8.7712E-5 1.25454E-4 1.02361E-4 9.6567E-5 1.05392E-4 1.07988E-4 8.0963E-5 1.25197E-4 9.9308E-5 1.27418E-4 1.59777E-4 1.21003E-4 9.5326E-5 8.4055E-5 8.4495E-5 7.3963E-5 9.7166E-5 9.4097E-5 8.552E-5 7.3294E-5 9.998E-5 8.9739E-5 8.3373E-5 9.6199E-5 7.0382E-5 6.49E-5 8.2606E-5 8.8436E-5 8.0276E-5 9.918E-5 9.7958E-5 1.06631E-4 1.03811E-4 9.2835E-5 8.4748E-5 7.4543E-5 9.766E-5 8.8136E-5 8.4369E-5 8.172E-5 7.6912E-5 9.463E-5 1.04783E-4 1.11151E-4 1.07775E-4 1.67201E-4 1.45111E-4 1.08351E-4 9.6577E-5 8.0858E-5 8.7556E-5 1.00112E-4 8.6833E-5 8.6529E-5 8.189E-5 9.6015E-5 7.5164E-5 1.75077E-4 1.01076E-4 1.61598E-4 7.6386E-5 1.23233E-4 9.6176E-5 8.3588E-5 8.3097E-5 7.0923E-5 9.5432E-5 1.15193E-4 1.15654E-4 7.6667E-5 1.00429E-4 9.1328E-5 8.0191E-5 9.8324E-5 7.3779E-5 8.4548E-5 9.5025E-5 9.053E-5 8.0921E-5 9.1989E-5 8.0088E-5 1.13641E-4 8.7305E-5 8.0272E-5 8.2168E-5 7.279E-5 9.4794E-5 8.4591E-5 8.5218E-5 7.3116E-5 7.1091E-5 8.2493E-5 8.2059E-5 9.21E-5 7.7012E-5 9.0941E-5 8.8698E-5 8.6307E-5 9.5731E-5 8.074E-5 8.4032E-5 1.00282E-4 8.7133E-5 8.4362E-5 7.7595E-5 8.8484E-5 6.7907E-5 9.3484E-5 8.3769E-5 9.7016E-5 7.0721E-5 1.04955E-4 1.35391E-4 2.16602E-4 2.69993E-4 9.5977E-5 9.8107E-5 9.3374E-5 8.3414E-5 7.0731E-5 1.0187E-4 9.1843E-5 8.2065E-5 9.5946E-5 6.9361E-5 6.4661E-5 8.2266E-5 8.4801E-5 8.976E-5 9.6156E-5 7.0065E-5 9.4503E-5 8.4771E-5 8.1465E-5 8.3005E-5 7.2595E-5 1.05832E-4 1.15419E-4 1.03609E-4 8.3735E-5 8.5564E-5 9.2917E-5 8.1293E-5 8.987E-5 7.9453E-5 7.8081E-5 8.3729E-5 8.2281E-5 9.3106E-5 7.8929E-5 8.5461E-5 9.6231E-5 8.5561E-5 8.2727E-5 9.4483E-5 1.0087E-4 8.5449E-5 1.02253E-4 9.0095E-5 1.10577E-4 8.145E-5 9.0918E-5 9.1952E-5 8.3847E-5 8.7608E-5 7.899E-5 9.7726E-5 8.9269E-5 1.00739E-4 1.04205E-4 1.33631E-4 9.9764E-5 1.35782E-4 2.37768E-4 1.8441E-4 1.06217E-4 8.8425E-5 9.0869E-5 8.2846E-5 9.544E-5 7.0958E-5 1.03225E-4 1.11789E-4 8.2275E-5 8.2919E-5 7.3328E-5 9.5419E-5 8.6865E-5 8.5872E-5 7.2572E-5 7.2316E-5 8.2488E-5 8.1012E-5 8.6497E-5 7.4658E-5 7.5597E-5 8.3872E-5 8.2922E-5 1.07039E-4 8.4596E-5 8.8891E-5 1.03158E-4 9.7005E-5 9.1127E-5 1.06954E-4 2.52777E-4 1.56753E-4 9.3423E-5 7.8145E-5 1.1579E-4 7.4231E-5 8.9599E-5 8.8136E-5 8.505E-5 8.6965E-5 7.6095E-5 1.02512E-4 1.05543E-4 8.4977E-5 8.3375E-5 1.00691E-4 9.1568E-5 9.5759E-5 1.05977E-4 7.0494E-5 6.9177E-5 8.3187E-5 1.07848E-4 1.1355E-4 9.6153E-5 6.9408E-5 9.3146E-5 8.5495E-5 1.26053E-4 1.07471E-4 9.3956E-5 9.7746E-5 8.7014E-5 8.7015E-5 1.03375E-4 1.04777E-4 8.5338E-5 8.3394E-5 9.1074E-5 7.528E-5 7.6815E-5 8.7096E-5 8.6763E-5 1.07218E-4 1.0426E-4 9.0654E-5 1.05966E-4 8.942E-5 9.1882E-5 8.2211E-5 9.1678E-5 7.24E-5 8.9464E-5 7.4655E-5 9.2529E-5 6.6331E-5 8.6206E-5 8.1021E-5 8.1569E-5 8.1164E-5 6.7313E-5 9.1331E-5 8.6916E-5 7.9842E-5 6.8494E-5 9.3344E-5 8.6866E-5 7.6451E-5 9.1162E-5 7.4012E-5 7.198E-5 9.5875E-5 9.9083E-5 8.8474E-5 9.5825E-5 6.8976E-5 9.3996E-5 8.3568E-5 8.5543E-5 9.322E-5 1.19188E-4 1.54656E-4 1.39138E-4 1.33467E-4 1.12822E-4 1.14295E-4 1.31754E-4 1.24067E-4 1.56575E-4 1.16999E-4 1.20124E-4 1.32453E-4 1.30879E-4 1.45844E-4 1.21873E-4 1.3468E-4 1.11192E-4 9.1494E-5 9.4137E-5 8.1236E-5 9.9537E-5 7.7185E-5 9.8779E-5 8.2715E-5 9.8495E-5 8.0925E-5 9.3556E-5 9.3777E-5 1.02221E-4 9.8962E-5 7.982E-5 1.10529E-4 9.5365E-5 1.26355E-4 1.2096E-4 1.16913E-4 1.65448E-4 1.9752E-4 2.3542E-4 9.6841E-5 7.8798E-5 8.8191E-5 9.9545E-5 9.115E-5 1.06296E-4 8.2467E-5 1.00362E-4 1.29711E-4 7.7138E-5 9.098E-5 8.0679E-5 9.8199E-5 8.58E-5 1.23724E-4 7.7192E-5 2.41901E-4 9.7381E-5 1.47511E-4 1.51868E-4 1.33669E-4 1.20086E-4 9.7378E-5 9.9781E-5 1.24519E-4 8.6502E-5 9.8074E-5 1.15643E-4 1.01077E-4 8.7805E-5 1.04307E-4 9.5817E-5 8.3898E-5 1.02284E-4 8.0578E-5 1.01896E-4 8.583E-5 1.05312E-4 8.84E-5 8.3888E-5 8.8048E-5 7.556E-5 1.22594E-4 1.29158E-4 9.3974E-5 7.3479E-5 9.9278E-5 9.0131E-5 1.01524E-4 1.09413E-4 7.4352E-5 1.09143E-4 8.7595E-5 8.8822E-5 8.1243E-5 1.01129E-4 9.2456E-5 9.823E-5 8.631E-5 8.9652E-5 9.1209E-5 7.525E-5 9.5719E-5 8.8335E-5 8.6636E-5 7.3344E-5 8.6633E-5 8.7765E-5 8.0293E-5 9.4068E-5 8.0269E-5 8.1149E-5 8.3591E-5 8.5394E-5 9.6019E-5 8.3193E-5 1.2388E-4 1.11013E-4 9.0222E-5 8.3867E-5 7.9677E-5 9.4489E-5 7.2153E-5 9.0192E-5 7.9603E-5 9.9221E-5 7.0472E-5 9.0252E-5 1.08087E-4 9.0716E-5 8.6263E-5 1.03783E-4 1.09578E-4 1.05004E-4 1.04019E-4 9.8233E-5 1.30478E-4 1.14964E-4 1.21017E-4 1.13829E-4 7.4999E-5 7.1994E-5 8.5832E-5 8.976E-5 8.1253E-5 9.496E-5 8.0091E-5 9.9546E-5 9.7885E-5 8.0404E-5 8.812E-5 7.4981E-5 9.588E-5 8.8406E-5 8.7694E-5 7.0653E-5 7.1755E-5 8.447E-5 9.1488E-5 1.05534E-4 9.0937E-5 8.5116E-5 8.6518E-5 8.6343E-5 1.06588E-4 8.4204E-5 8.5959E-5 9.9469E-5 8.828E-5 8.5106E-5 7.9575E-5 9.1879E-5 6.7178E-5 8.8315E-5 7.5091E-5 9.226E-5 6.8614E-5 8.8518E-5 8.4609E-5 8.1869E-5 8.5299E-5 7.067E-5 9.075E-5 1.00514E-4 9.1941E-5 7.3917E-5 1.04088E-4 9.3642E-5 7.9616E-5 1.19949E-4 7.9312E-5 6.8439E-5 8.0704E-5 8.4527E-5 7.7324E-5 8.9662E-5 6.6146E-5 8.9706E-5 1.00142E-4 7.497E-5 8.2933E-5 8.9017E-5 1.02712E-4 9.1957E-5 8.6953E-5 6.7566E-5 7.3739E-5 8.4648E-5 7.4211E-5 8.2188E-5 7.0622E-5 7.0883E-5 7.6149E-5 7.7012E-5 8.6846E-5 7.2072E-5 7.0305E-5 8.7976E-5 8.0579E-5 7.6588E-5 6.89E-5 8.0917E-5 6.1968E-5 8.1568E-5 6.9941E-5 8.4838E-5 6.3207E-5 9.123E-5 8.0648E-5 7.6703E-5 9.3482E-5 6.5768E-5 8.5946E-5 8.378E-5 7.5422E-5 6.5939E-5 8.9521E-5 8.4337E-5 7.4644E-5 8.6868E-5 6.2081E-5 5.7993E-5 7.4305E-5 7.86E-5 7.2341E-5 9.6109E-5 6.9357E-5 8.8792E-5 7.7888E-5 6.5601E-5 7.5571E-5 6.5005E-5 8.3066E-5 8.7122E-5 8.0196E-5 6.1967E-5 6.4618E-5 7.364E-5 6.7742E-5 7.9375E-5 6.829E-5 6.9012E-5 7.5381E-5 7.5211E-5 8.4352E-5 6.9494E-5 6.9004E-5 8.355E-5 7.4596E-5 7.053E-5 7.9638E-5 7.4342E-5 5.8722E-5 7.3401E-5 6.2988E-5 1.08032E-4 5.8916E-5 8.2388E-5 8.1141E-5 7.6522E-5 6.9954E-5 5.8555E-5 8.1906E-5 7.2874E-5 6.6589E-5 5.5998E-5 8.4778E-5 1.52456E-4 7.0729E-5 8.369E-5 6.2209E-5 5.6119E-5 6.9679E-5 7.3875E-5 6.863E-5 7.9723E-5 6.1832E-5 9.2288E-5 9.0705E-5 6.9153E-5 8.5456E-5 7.5824E-5 9.6845E-5 8.1697E-5 8.6926E-5 6.5692E-5 6.949E-5 7.8711E-5 7.5574E-5 9.823E-5 8.8287E-5 9.11E-5 8.6561E-5 8.3779E-5 1.36949E-4 9.6062E-5 9.0593E-5 9.5293E-5 8.1424E-5 7.7493E-5 7.0838E-5 8.7123E-5 6.6037E-5 8.3419E-5 6.8855E-5 9.4646E-5 6.9426E-5 9.0358E-5 8.2557E-5 9.2071E-5 7.9955E-5 7.0057E-5 8.8042E-5 8.3855E-5 7.7822E-5 7.1163E-5 9.1926E-5 8.3649E-5 7.5203E-5 9.3768E-5 6.5136E-5 5.987E-5 7.7075E-5 8.0382E-5 7.3169E-5 8.6178E-5 6.9899E-5 9.3239E-5 8.4408E-5 6.8989E-5 7.7866E-5 6.6268E-5 8.7002E-5 7.7997E-5 7.794E-5 9.1585E-5 7.5994E-5 8.2152E-5 1.05457E-4 8.7494E-5 7.2171E-5 7.3629E-5 7.8437E-5 8.478E-5 9.5678E-5 7.6585E-5 6.8735E-5 9.0991E-5 8.0618E-5 7.7718E-5 6.9429E-5 8.183E-5 6.3869E-5 8.2959E-5 7.052E-5 8.8107E-5 6.3409E-5 9.2287E-5 7.8103E-5 7.4464E-5 7.4769E-5 6.4653E-5 8.5498E-5 8.2345E-5 7.7297E-5 6.5924E-5 9.2039E-5 1.01476E-4 7.2302E-5 8.3912E-5 5.9619E-5 5.7153E-5 7.3812E-5 7.789E-5 7.1661E-5 8.376E-5 6.2489E-5 8.5844E-5 7.5863E-5 6.6062E-5 7.5355E-5 6.7937E-5 8.6509E-5 7.7244E-5 7.5043E-5 7.2243E-5 6.8577E-5 7.821E-5 7.1784E-5 9.3597E-5 1.20863E-4 1.00737E-4 1.28098E-4 8.7012E-5 1.17054E-4 7.9399E-5 8.9023E-5 1.06628E-4 9.4059E-5 8.1512E-5 7.1512E-5 8.5161E-5 6.6402E-5 8.3739E-5 7.1229E-5 8.8496E-5 7.3014E-5 8.4758E-5 7.626E-5 7.3614E-5 7.4636E-5 6.4415E-5 8.6007E-5 8.1912E-5 7.6242E-5 6.7751E-5 9.4449E-5 8.4743E-5 7.1079E-5 8.7208E-5 6.4381E-5 6.0753E-5 7.7237E-5 8.8626E-5 7.7826E-5 8.6282E-5 7.379E-5 9.4502E-5 8.0176E-5 7.0945E-5 7.6539E-5 6.5185E-5 8.9893E-5 7.9943E-5 7.55E-5 6.2928E-5 6.5863E-5 7.5335E-5 7.0381E-5 8.29E-5 7.1134E-5 7.2492E-5 7.7716E-5 7.7529E-5 1.01E-4 7.5327E-5 7.2345E-5 9.1728E-5 8.3431E-5 7.7625E-5 7.5744E-5 9.4334E-5 7.4654E-5 9.3741E-5 8.1292E-5 9.233E-5 8.0134E-5 8.6156E-5 9.4487E-5 7.9462E-5 8.0012E-5 7.5204E-5 8.7299E-5 8.4597E-5 8.232E-5 7.7149E-5 9.6082E-5 8.7487E-5 8.2191E-5 9.0265E-5 6.5173E-5 6.1644E-5 8.0728E-5 8.7757E-5 7.4538E-5 8.7327E-5 7.4649E-5 1.85629E-4 1.90607E-4 8.7317E-5 9.2102E-5 8.3071E-5 9.8652E-5 8.6253E-5 1.01436E-4 6.7771E-5 7.1657E-5 8.3195E-5 1.00688E-4 1.00284E-4 8.9671E-5 8.5115E-5 8.3908E-5 8.9696E-5 9.5316E-5 8.607E-5 7.3799E-5 9.3038E-5 8.3485E-5 8.7757E-5 8.2622E-5 1.03568E-4 8.4813E-5 9.6115E-5 7.5559E-5 9.0626E-5 6.5323E-5 8.5929E-5 1.19949E-4 9.0364E-5 8.0915E-5 6.8042E-5 9.0017E-5 8.7386E-5 8.1749E-5 8.8541E-5 1.1485E-4 1.23147E-4 8.612E-5 9.4233E-5 6.9351E-5 6.898E-5 8.314E-5 8.5161E-5 8.1113E-5 9.1571E-5 6.9002E-5 9.2494E-5 8.4727E-5 7.5677E-5 8.7803E-5 8.1692E-5 9.2513E-5 8.1949E-5 7.8571E-5 6.0131E-5 6.6383E-5 7.7655E-5 7.421E-5 8.2681E-5 7.0544E-5 8.6346E-5 9.7976E-5 9.0544E-5 1.0218E-4 8.4226E-5 7.7597E-5 9.8562E-5 8.9563E-5 8.28E-5 8.5969E-5 9.4042E-5 7.9158E-5 8.9689E-5 1.02344E-4 9.0163E-5 6.7715E-5 8.4889E-5 8.7782E-5 7.7578E-5 7.8381E-5 6.5383E-5 8.7928E-5 8.8196E-5 8.128E-5 6.747E-5 9.3128E-5 8.5265E-5 7.3608E-5 1.01167E-4 6.7651E-5 6.1753E-5 7.7545E-5 8.3814E-5 7.9602E-5 1.07064E-4 6.7782E-5 9.0908E-5 1.04925E-4 7.5067E-5 7.9901E-5 8.1624E-5 1.09666E-4 1.22948E-4 1.05236E-4 7.4449E-5 7.2544E-5 8.2034E-5 7.426E-5 9.1267E-5 7.472E-5 7.491E-5 9.3074E-5 8.4096E-5 1.01586E-4 7.8913E-5 7.3452E-5 9.7103E-5 8.6282E-5 7.9999E-5 7.2418E-5 1.00993E-4 6.4629E-5 8.3749E-5 7.2037E-5 8.6426E-5 6.3862E-5 8.284E-5 8.0603E-5 7.1638E-5 7.6596E-5 6.4568E-5 8.648E-5 8.2124E-5 8.9152E-5 7.0341E-5 9.3896E-5 8.7435E-5 7.2639E-5 8.925E-5 6.3541E-5 6.8967E-5 1.01696E-4 1.01842E-4 8.0185E-5 8.7945E-5 6.5723E-5 9.9412E-5 8.213E-5 6.9905E-5 7.3576E-5 6.8408E-5 8.8288E-5 7.8904E-5 7.4759E-5 5.9626E-5 6.8133E-5 7.789E-5 7.1195E-5 8.2666E-5 7.4811E-5 7.2872E-5 7.9057E-5 7.9223E-5 1.00482E-4 8.4712E-5 7.4704E-5 9.5438E-5 8.35E-5 7.9528E-5 7.1334E-5 8.3938E-5 7.3712E-5 8.6505E-5 7.4321E-5 8.7665E-5 6.3784E-5 8.2463E-5 7.7443E-5 7.1417E-5 7.5648E-5 6.4165E-5 8.7403E-5 8.5723E-5 7.9351E-5 6.6797E-5 9.2019E-5 9.5503E-5 7.5694E-5 9.1331E-5 6.3918E-5 6.0372E-5 9.206E-5 8.4649E-5 8.0997E-5 9.4326E-5 7.3463E-5 1.10055E-4 8.5569E-5 7.825E-5 8.5993E-5 1.10566E-4 9.326E-5 1.74238E-4 8.1849E-5 6.3199E-5 7.7187E-5 8.0451E-5 7.1161E-5 9.5476E-5 9.8283E-5 1.05813E-4 1.0987E-4 8.8315E-5 1.06679E-4 7.9297E-5 8.4618E-5 9.541E-5 8.2696E-5 8.0538E-5 7.5292E-5 9.4475E-5 6.6813E-5 8.2706E-5 7.2091E-5 8.915E-5 6.5677E-5 8.4334E-5 8.8651E-5 8.1807E-5 8.3722E-5 6.6488E-5 8.7226E-5 8.343E-5 7.7966E-5 6.6779E-5 9.3645E-5 8.5914E-5 8.6446E-5 9.3978E-5 6.7309E-5 7.3115E-5 7.9268E-5 8.1193E-5 8.5119E-5 9.6971E-5 7.9457E-5 9.4314E-5 8.153E-5 6.9355E-5 7.0955E-5 6.8532E-5 8.7497E-5 7.9232E-5 7.419E-5 5.8664E-5 6.8192E-5 7.8041E-5 8.8851E-5 8.0189E-5 7.0495E-5 7.1609E-5 7.5338E-5 8.0711E-5 1.02338E-4 7.7854E-5 7.2398E-5 1.0332E-4 8.7815E-5 7.8911E-5 7.1247E-5 8.1258E-5 6.4348E-5 8.2471E-5 7.2083E-5 8.6222E-5 6.2448E-5 8.0422E-5 7.746E-5 7.0342E-5 7.9796E-5 6.59E-5 8.4802E-5 9.3132E-5 8.2723E-5 7.0553E-5 1.00921E-4 1.03255E-4 1.00243E-4 1.71632E-4 1.18299E-4 1.60884E-4 1.64425E-4 1.17973E-4 9.0063E-5 1.0339E-4 7.2582E-5 9.5531E-5 9.0312E-5 7.4985E-5 7.6998E-5 7.2689E-5 9.6067E-5 8.8916E-5 8.2026E-5 6.7727E-5 7.7662E-5 1.43767E-4 1.15275E-4 1.25848E-4 1.1328E-4 8.3764E-5 1.27191E-4 9.3431E-5 9.5972E-5 8.8599E-5 7.6843E-5 9.6687E-5 9.611E-5 8.3548E-5 7.7386E-5 9.2544E-5 1.41799E-4 2.64931E-4 1.18615E-4 1.09207E-4 8.3021E-5 9.5761E-5 9.9315E-5 8.0253E-5 8.5507E-5 7.4284E-5 9.5441E-5 9.4917E-5 1.02394E-4 7.0945E-5 9.7345E-5 9.002E-5 7.7235E-5 9.7774E-5 8.0302E-5 7.0597E-5 9.2236E-5 8.7493E-5 7.9841E-5 9.7095E-5 8.4053E-5 1.04793E-4 9.4676E-5 7.5907E-5 7.7634E-5 7.3515E-5 9.6172E-5 8.7173E-5 7.6574E-5 6.3682E-5 7.3561E-5 8.4759E-5 9.278E-5 8.6719E-5 7.5468E-5 7.4582E-5 8.0884E-5 8.2204E-5 9.8585E-5 7.8268E-5 7.2928E-5 9.231E-5 9.2653E-5 8.2089E-5 7.4289E-5 8.8808E-5 7.5632E-5 9.1546E-5 7.2627E-5 9.3472E-5 6.8345E-5 8.4387E-5 8.3321E-5 6.9196E-5 7.6285E-5 6.6335E-5 9.4535E-5 8.923E-5 7.9116E-5 6.7435E-5 9.97E-5 9.2125E-5 9.6993E-5 9.384E-5 6.3944E-5 6.2978E-5 8.1845E-5 8.4702E-5 8.2009E-5 1.10539E-4 7.6176E-5 9.3556E-5 9.482E-5 9.2932E-5 7.1802E-5 6.9542E-5 9.1354E-5 8.9163E-5 6.9871E-5 5.9946E-5 6.8E-5 9.3692E-5 7.8017E-5 8.9742E-5 7.4753E-5 7.4939E-5 8.2153E-5 9.1264E-5 9.5188E-5 8.2817E-5 7.3812E-5 9.1311E-5 9.4344E-5 8.0999E-5 7.1478E-5 8.9454E-5 7.7206E-5 8.6043E-5 7.1557E-5 8.911E-5 6.8058E-5 9.8303E-5 1.13639E-4 7.5441E-5 1.18853E-4 8.7403E-5 1.11087E-4 9.0373E-5 8.2135E-5 7.1035E-5 9.6646E-5 8.7381E-5 7.3682E-5 9.0246E-5 6.4022E-5 7.4772E-5 9.2602E-5 8.5087E-5 8.5747E-5 9.1109E-5 6.9146E-5 9.1906E-5 8.8611E-5 7.0805E-5 6.6031E-5 6.654E-5 9.1204E-5 8.233E-5 6.8568E-5 5.9082E-5 6.8348E-5 7.9927E-5 8.1146E-5 8.3637E-5 7.1991E-5 8.8939E-5 8.912E-5 9.8373E-5 1.2498E-4 1.25133E-4 9.96E-5 1.23399E-4 8.703E-5 8.1514E-5 7.0892E-5 8.8125E-5 6.808E-5 8.4587E-5 7.6699E-5 8.9775E-5 7.8086E-5 9.4233E-5 8.3678E-5 7.0219E-5 1.08859E-4 7.0955E-5 9.7693E-5 8.9916E-5 1.00734E-4 7.0466E-5 1.05721E-4 1.11019E-4 7.6949E-5 9.3117E-5 6.7815E-5 5.9763E-5 7.9983E-5 8.016E-5 7.6308E-5 8.9905E-5 6.7462E-5 8.9623E-5 8.0227E-5 8.2381E-5 7.807E-5 8.0435E-5 1.18749E-4 9.3378E-5 7.9627E-5 6.927E-5 7.9036E-5 8.7474E-5 8.8713E-5 1.40168E-4 1.22777E-4 1.2518E-4 1.32757E-4 1.32388E-4 2.04061E-4 1.50601E-4 1.21185E-4 1.45257E-4 1.49926E-4 2.03435E-4 1.52228E-4 1.59749E-4 1.33978E-4 1.06024E-4 1.7545E-4 1.15059E-4 1.08147E-4 1.32415E-4 1.20303E-4 9.6593E-5 1.48196E-4 2.44496E-4 1.28857E-4 1.26063E-4 1.40556E-4 2.76285E-4 1.5526E-4 1.26573E-4 1.11E-4 2.73922E-4 1.62571E-4 9.5054E-5 1.30486E-4 2.70283E-4 1.06014E-4 1.02172E-4 7.6819E-5 2.8103E-4 1.38867E-4 1.15271E-4 1.02611E-4 9.254E-5 1.14348E-4 1.02911E-4 8.459E-5 1.73731E-4 2.03885E-4 1.2745E-4 1.44259E-4 1.68462E-4 9.3106E-5 1.5213E-4 1.22431E-4 1.13589E-4 1.21415E-4 9.6683E-5 1.30951E-4 1.24201E-4 1.22102E-4 1.02374E-4 8.5618E-5 1.32906E-4 8.949E-5 1.53952E-4 1.81745E-4 2.15094E-4 9.9254E-5 9.7739E-5 9.1051E-5 7.4264E-5 8.6591E-5 7.6093E-5 1.29784E-4 1.29476E-4 9.5266E-5 7.8415E-5 1.0805E-4 1.16529E-4 9.5678E-5 2.6267E-4 1.40764E-4 2.75356E-4 1.50525E-4 1.12289E-4 9.7104E-5 1.167E-4 7.8852E-5 1.04335E-4 1.02382E-4 7.9632E-5 9.6251E-5 8.4621E-5 1.05128E-4 9.4851E-5 1.10231E-4 9.6087E-5 8.0813E-5 9.9558E-5 8.2824E-5 9.9788E-5 8.4699E-5 1.2102E-4 8.9134E-5 1.04274E-4 1.20854E-4 9.6042E-5 8.6407E-5 1.40324E-4 1.70071E-4 2.72721E-4 1.16125E-4 1.32494E-4 8.7157E-5 1.88853E-4 1.47664E-4 1.22612E-4 7.7765E-5 9.4761E-5 1.18219E-4 1.01948E-4 1.20416E-4 1.0392E-4 1.33462E-4 1.49713E-4 1.27456E-4 1.15344E-4 1.19827E-4 1.09415E-4 8.6817E-5 1.03929E-4 8.3999E-5 1.094E-4 1.27614E-4 1.59266E-4 1.05872E-4 1.04784E-4 7.5389E-5 1.00256E-4 8.7952E-5 7.3486E-5 7.1496E-5 8.7949E-5 1.10542E-4 9.6507E-5 8.0604E-5 7.7286E-5 1.10491E-4 1.08267E-4 8.8202E-5 1.06666E-4 1.01288E-4 9.9096E-5 9.6845E-5 1.02E-4 1.16921E-4 8.2465E-5 7.6687E-5 1.29486E-4 1.05438E-4 1.66713E-4 1.1098E-4 2.74647E-4 1.06767E-4 1.01022E-4 9.6241E-5 1.05168E-4 8.9095E-5 1.06174E-4 9.9734E-5 8.0113E-5 9.9055E-5 8.6189E-5 1.02588E-4 9.999E-5 1.24009E-4 8.7257E-5 1.21209E-4 1.10762E-4 9.9707E-5 1.19136E-4 8.0829E-5 8.261E-5 1.01222E-4 9.73E-5 8.9025E-5 1.02361E-4 8.0468E-5 1.05847E-4 9.4427E-5 7.7632E-5 7.4145E-5 7.3895E-5 1.03203E-4 9.3974E-5 7.9399E-5 7.0214E-5 8.8788E-5 9.3679E-5 9.8849E-5 1.25801E-4 1.0377E-4 1.37764E-4 9.9135E-5 1.64135E-4 1.5233E-4 1.26943E-4 1.12848E-4 1.30887E-4 2.10684E-4 2.83307E-4 8.6172E-5 1.09624E-4 9.7908E-5 1.08871E-4 1.58382E-4 2.16214E-4 1.10855E-4 1.11569E-4 1.76825E-4 1.05595E-4 1.00448E-4 9.1719E-5 1.8577E-4 1.70645E-4 1.00955E-4 8.8107E-5 1.30862E-4 1.3811E-4 1.2526E-4 1.36065E-4 1.01721E-4 8.3735E-5 1.15549E-4 1.60077E-4 9.7838E-5 9.9442E-5 7.5753E-5 9.9459E-5 1.01194E-4 7.3505E-5 7.801E-5 7.7249E-5 1.10489E-4 1.0763E-4 1.03876E-4 7.7331E-5 8.8153E-5 9.502E-5 6.1825E-5 1.02668E-4 8.9192E-5 1.11011E-4 9.0328E-5 1.11873E-4 1.14441E-4 8.3422E-5 1.01132E-4 1.26478E-4 1.07992E-4 9.5616E-5 7.9224E-5 1.08473E-4 7.9277E-5 9.6918E-5 9.759E-5 1.40599E-4 1.63927E-4 2.20858E-4 1.30263E-4 7.875E-5 9.6386E-5 8.099E-5 1.07151E-4 9.2167E-5 9.2118E-5 7.7939E-5 1.2233E-4 1.01612E-4 8.5964E-5 1.06036E-4 7.3129E-5 

Timer for Syntactic Relevance:: 1.773071786
Timer for solver: 0.578753177
		DELL.SPLX	DELL_C250_0.TESTCASES
			Diag: [mandatory(Dell Laptops/Notebooks, Product Category), mandatory(Dell Laptops/Notebooks, Operating System), mandatory(Dell Laptops/Notebooks, Hard Drive), mandatory(Dell Laptops/Notebooks, Laptop Weight), mandatory(Dell Laptops/Notebooks, Memory), mandatory(Dell Laptops/Notebooks, Processor), mandatory(Dell Laptops/Notebooks, Price), alternative(Product Category, Mini Notebooks, Inspiron Laptops, Studio Laptops, XPS Laptops, Adamo, Studio XPS Laptops), alternative(Operating System, Windows Vista 64 bit, Windows XP Home, Ubuntu Linux, Windows 7, Windows 8), alternative(Hard Drive, 500GB, 320GB, 250GB, 160GB, 128GB Solid State, 120GB, 80GB), excludes(XPS Laptops, Ubuntu Linux), excludes(Studio Laptops, 128GB Solid State), excludes(Inspiron Laptops, Windows Vista 64 bit), excludes(Inspiron Laptops, Ubuntu Linux), excludes(Adamo, CD_DVD +RW), excludes(Studio XPS Laptops, 120GB)]
			Diag size: 16
The size of Consistency checks: 628309
The number of Choco Solver calls: 6350
The number of different: 3
The number of INconsistent: 130
The number of union: 243
The number of post constraints: 628309
The number of consistent: 6220
The number of unpost constraints: 628309
The number of Consistency checks: 122

Timer for Syntactic Relevance:[thread=1]: 2.131533135
2.131533135 
Timer for solver[thread=1]: 0.655255952
2.89859E-4 1.73972E-4 2.24136E-4 1.03211E-4 1.16567E-4 1.03463E-4 9.7062E-5 8.7738E-5 7.0071E-5 1.00269E-4 9.3062E-5 1.0767E-4 1.08882E-4 1.81715E-4 2.89883E-4 2.03633E-4 1.9011E-4 2.00043E-4 7.0398E-5 1.34982E-4 1.84446E-4 1.60829E-4 7.3113E-5 1.65176E-4 1.08504E-4 8.9707E-5 7.016E-5 7.8276E-5 1.26236E-4 2.23204E-4 2.37058E-4 4.0446E-4 2.18003E-4 1.36793E-4 1.31685E-4 1.17117E-4 1.30449E-4 1.23715E-4 2.41687E-4 1.31313E-4 1.02806E-4 8.9734E-5 9.8228E-5 1.45815E-4 1.62301E-4 1.16151E-4 1.5812E-4 1.669E-4 1.03373E-4 8.8939E-5 5.353E-5 3.843E-5 3.8199E-5 3.5292E-5 3.4199E-5 3.9601E-5 3.7699E-5 7.9106E-5 8.6049E-5 1.44349E-4 9.8441E-5 8.5912E-5 1.06605E-4 1.03233E-4 1.11644E-4 1.00368E-4 1.02298E-4 8.377E-5 8.437E-5 8.4852E-5 1.10475E-4 7.7604E-5 1.62991E-4 1.10924E-4 1.20448E-4 1.03727E-4 1.15116E-4 1.08894E-4 1.40289E-4 1.01985E-4 1.67441E-4 2.02305E-4 1.92022E-4 2.86522E-4 9.3003E-5 9.6167E-5 1.12306E-4 2.12581E-4 1.33757E-4 1.42551E-4 1.85707E-4 1.34963E-4 1.31753E-4 1.40292E-4 3.18618E-4 1.60002E-4 1.46769E-4 1.23369E-4 1.26812E-4 1.46242E-4 7.7155E-5 9.3185E-5 5.1261E-5 6.2458E-5 7.3892E-5 5.303E-5 6.5486E-5 4.8754E-5 4.0956E-5 4.3916E-5 5.6359E-5 4.1799E-5 7.8409E-5 7.3657E-5 1.0192E-4 1.27776E-4 2.0332E-4 1.43498E-4 9.2905E-5 7.126E-5 8.3817E-5 1.2742E-4 1.26869E-4 7.2742E-5 1.55645E-4 6.9927E-5 7.6223E-5 2.00717E-4 8.9241E-5 4.1341E-5 1.06826E-4 9.4235E-5 1.22614E-4 1.42641E-4 1.43945E-4 1.25153E-4 2.07038E-4 1.17396E-4 8.0515E-5 9.5047E-5 9.4544E-5 9.0908E-5 1.06091E-4 9.4902E-5 1.05539E-4 1.00788E-4 1.036E-4 8.7238E-5 1.40037E-4 1.41082E-4 1.13474E-4 7.7831E-5 9.4694E-5 1.18957E-4 1.27027E-4 1.63203E-4 8.4909E-5 1.29889E-4 2.99731E-4 2.17169E-4 1.67731E-4 1.24302E-4 9.2304E-5 1.06486E-4 7.9499E-5 9.1911E-5 1.1846E-4 1.14569E-4 8.1678E-5 7.3167E-5 9.8017E-5 8.0292E-5 9.7199E-5 9.21E-5 7.6751E-5 1.41245E-4 7.8635E-5 8.6974E-5 9.2701E-5 9.1964E-5 8.9502E-5 1.05409E-4 1.06732E-4 1.31932E-4 8.2509E-5 8.8488E-5 7.5346E-5 9.5483E-5 9.9159E-5 1.00929E-4 1.17666E-4 1.00246E-4 1.00729E-4 1.2674E-4 2.69095E-4 1.35857E-4 1.01398E-4 8.899E-5 7.9361E-5 7.8348E-5 1.02448E-4 1.07789E-4 7.9908E-5 7.7435E-5 7.4774E-5 9.717E-5 1.05602E-4 9.9143E-5 7.2561E-5 7.7982E-5 8.7122E-5 1.65194E-4 1.32965E-4 1.74155E-4 1.34518E-4 1.69498E-4 1.05404E-4 1.41001E-4 2.30167E-4 1.32802E-4 1.53201E-4 1.0559E-4 2.28806E-4 1.23939E-4 1.54413E-4 1.06938E-4 1.30798E-4 1.68894E-4 1.43925E-4 8.6422E-5 8.651E-5 1.6524E-4 1.61649E-4 8.7428E-5 8.602E-5 2.04545E-4 8.6457E-5 1.03909E-4 8.953E-5 9.628E-5 7.4048E-5 1.07415E-4 9.6394E-5 8.2454E-5 8.578E-5 9.0064E-5 9.3286E-5 9.8562E-5 9.3119E-5 7.9606E-5 1.08015E-4 8.7814E-5 9.2929E-5 9.1342E-5 8.7857E-5 8.7452E-5 8.5377E-5 8.7581E-5 8.5836E-5 8.7796E-5 8.8625E-5 9.2567E-5 9.4508E-5 8.6294E-5 8.4953E-5 8.3118E-5 1.2196E-4 9.8326E-5 9.0073E-5 1.12979E-4 1.07511E-4 1.1474E-4 1.05783E-4 1.08239E-4 9.9228E-5 1.2863E-4 1.20287E-4 1.14125E-4 1.17238E-4 1.31215E-4 9.6526E-5 8.5479E-5 9.0034E-5 8.7345E-5 8.7575E-5 8.5436E-5 8.2991E-5 8.8052E-5 8.475E-5 8.5039E-5 8.5008E-5 8.6393E-5 9.5128E-5 9.0168E-5 8.8152E-5 8.4829E-5 8.8664E-5 9.2084E-5 8.771E-5 8.5723E-5 9.8763E-5 8.61E-5 9.034E-5 8.5223E-5 8.1697E-5 8.8109E-5 8.448E-5 2.6254E-5 8.304E-5 8.251E-5 1.0893E-5 8.67E-6 8.3872E-5 8.3229E-5 8.3305E-5 8.2044E-5 8.5168E-5 8.7272E-5 8.2697E-5 8.9517E-5 8.4512E-5 8.3468E-5 8.2401E-5 8.4208E-5 8.2591E-5 8.401E-5 8.9222E-5 8.3201E-5 9.5629E-5 8.1064E-5 8.639E-5 8.6931E-5 8.6887E-5 8.4034E-5 8.98E-5 8.1857E-5 8.2257E-5 8.7433E-5 8.195E-5 8.2556E-5 8.188E-5 8.1485E-5 8.579E-5 8.4417E-5 8.4741E-5 8.1946E-5 8.8468E-5 8.773E-5 8.34E-5 8.2455E-5 8.8091E-5 8.3426E-5 9.6034E-5 1.00794E-4 3.7137E-5 2.556E-5 1.8853E-5 1.9051E-4 4.3987E-5 1.0898E-4 1.41852E-4 5.7937E-5 1.37973E-4 1.15708E-4 8.7749E-5 9.3633E-5 1.19175E-4 3.8574E-5 2.5128E-5 1.9713E-4 1.01255E-4 9.2878E-5 8.7265E-5 2.6641E-5 8.418E-5 9.07E-5 9.128E-5 8.3562E-5 8.8187E-5 8.7572E-5 9.0646E-5 8.8633E-5 8.803E-5 8.8141E-5 9.0891E-5 3.9564E-5 1.3082E-5 9.2777E-5 8.7213E-5 9.0682E-5 8.3119E-5 8.3369E-5 9.0452E-5 8.6958E-5 9.2343E-5 8.5739E-5 8.9172E-5 9.2241E-5 8.7685E-5 2.691E-5 1.48846E-4 6.9232E-5 1.035E-4 8.6468E-5 8.668E-5 1.13274E-4 9.276E-5 1.00853E-4 1.15285E-4 1.82794E-4 1.38372E-4 1.36912E-4 1.07735E-4 6.7374E-5 1.6208E-5 1.1393E-5 1.44757E-4 1.14941E-4 9.0281E-5 9.8879E-5 8.6306E-5 8.6366E-5 2.7301E-5 8.4364E-5 8.2219E-5 1.1669E-5 8.9104E-5 1.1384E-5 8.7733E-5 8.4949E-5 8.7586E-5 8.9038E-5 9.0872E-5 8.6898E-5 8.504E-5 8.3182E-5 8.7456E-5 8.8856E-5 1.7887E-5 9.509E-6 8.663E-6 8.848E-6 8.5068E-5 8.8264E-5 8.4466E-5 2.2509E-5 9.0352E-5 9.3655E-5 8.6571E-5 8.7341E-5 1.0911E-4 9.0091E-5 1.14466E-4 9.039E-5 9.4656E-5 1.16522E-4 8.9312E-5 8.6779E-5 8.7047E-5 8.4033E-5 8.3839E-5 8.5299E-5 8.5164E-5 8.459E-5 8.8539E-5 8.4106E-5 8.6515E-5 9.0054E-5 8.5314E-5 9.2583E-5 9.0167E-5 8.6628E-5 8.9895E-5 8.4044E-5 9.7302E-5 8.4826E-5 9.2594E-5 8.4532E-5 8.6054E-5 8.5394E-5 8.7777E-5 8.52E-5 1.5175E-4 9.9176E-5 9.296E-5 8.9213E-5 8.7853E-5 9.4502E-5 8.9935E-5 1.01462E-4 9.0576E-5 9.2017E-5 9.5408E-5 9.2064E-5 9.8362E-5 9.2189E-5 9.4018E-5 9.7327E-5 9.7753E-5 1.27233E-4 1.49238E-4 1.12763E-4 1.24037E-4 9.4101E-5 8.4482E-5 8.8298E-5 8.6886E-5 8.6712E-5 9.0703E-5 9.3497E-5 8.6978E-5 8.6346E-5 1.10844E-4 8.4672E-5 9.3475E-5 3.5609E-5 1.0781E-5 9.3271E-5 2.0509E-5 1.07679E-4 8.9845E-5 8.9701E-5 8.9609E-5 9.4059E-5 8.8841E-5 8.625E-5 2.4937E-5 9.146E-5 1.6834E-5 9.374E-5 9.2481E-5 8.3225E-5 8.7865E-5 8.6596E-5 8.7817E-5 1.8827E-5 8.6623E-5 9.0245E-5 8.157E-5 8.4952E-5 8.578E-5 9.1641E-5 9.0994E-5 9.7995E-5 9.0696E-5 2.3391E-5 8.8246E-5 8.9917E-5 8.6268E-5 8.8263E-5 5.9019E-5 1.07591E-4 1.0757E-4 3.7633E-5 1.19806E-4 1.04049E-4 1.0558E-4 1.02489E-4 8.7253E-5 8.9051E-5 8.8407E-5 9.04E-5 3.7571E-5 9.3271E-5 9.512E-5 8.3224E-5 9.1721E-5 1.0157E-4 1.00679E-4 1.48315E-4 4.6651E-5 1.85516E-4 1.64691E-4 9.5423E-5 8.8762E-5 9.1063E-5 9.524E-5 9.4057E-5 1.0083E-4 9.5472E-5 9.9121E-5 9.2783E-5 9.5194E-5 9.6989E-5 9.4407E-5 8.5965E-5 4.3637E-5 9.3339E-5 7.9862E-5 9.9085E-5 8.9351E-5 8.6578E-5 8.6358E-5 2.2615E-5 9.1406E-5 8.8539E-5 1.785E-5 9.0813E-5 1.1611E-5 1.14287E-4 1.37264E-4 1.11741E-4 1.05071E-4 1.11457E-4 7.8313E-5 1.03658E-4 9.3067E-5 8.5984E-5 9.0858E-5 2.3605E-5 9.3999E-5 9.2618E-5 8.5026E-5 1.649E-5 9.0951E-5 8.1846E-5 1.0872E-5 9.1775E-5 8.3395E-5 9.315E-5 1.0802E-5 8.5991E-5 1.0111E-5 8.4971E-5 8.3696E-5 8.1333E-5 8.7717E-5 8.2487E-5 1.2936E-5 8.6185E-5 9.895E-6 8.2308E-5 8.7515E-5 9.719E-6 8.7866E-5 8.4445E-5 8.4068E-5 1.1857E-5 8.1712E-5 8.269E-5 1.069E-5 8.1583E-5 8.9475E-5 8.321E-5 8.3339E-5 8.9426E-5 8.6964E-5 8.9793E-5 8.5343E-5 8.5794E-5 9.7501E-5 9.0771E-5 9.0541E-5 8.7198E-5 8.7956E-5 8.4956E-5 8.5262E-5 8.4137E-5 8.6418E-5 8.4606E-5 8.3342E-5 8.3276E-5 9.9422E-5 8.9156E-5 8.6011E-5 8.5851E-5 8.5876E-5 8.8485E-5 8.2832E-5 1.03205E-4 8.9515E-5 8.642E-5 9.9765E-5 9.361E-5 2.56E-5 8.6595E-5 1.50653E-4 4.6273E-5 1.08438E-4 1.8902E-5 9.0085E-5 1.4012E-5 1.01608E-4 9.0845E-5 1.4546E-5 8.9088E-5 9.54E-5 1.26035E-4 1.03193E-4 8.9531E-5 9.1026E-5 2.0447E-5 9.5672E-5 8.7104E-5 8.9132E-5 9.6163E-5 8.5548E-5 8.8074E-5 8.4969E-5 8.7709E-5 1.00023E-4 1.2938E-4 9.5261E-5 9.4443E-5 1.01642E-4 4.1721E-5 9.4948E-5 8.6397E-5 1.30516E-4 1.17344E-4 4.8981E-5 1.07818E-4 1.07643E-4 9.4884E-5 8.9452E-5 8.6534E-5 9.4808E-5 8.759E-5 9.0025E-5 3.7926E-5 8.813E-5 1.03551E-4 9.9287E-5 9.4464E-5 8.7598E-5 8.48E-5 9.4682E-5 9.901E-5 1.0152E-4 9.349E-5 9.7655E-5 6.0209E-5 1.02194E-4 8.4368E-5 9.3E-5 2.9039E-5 9.888E-5 1.06679E-4 8.9916E-5 1.02259E-4 3.1482E-5 1.00788E-4 9.4736E-5 9.965E-5 3.8884E-5 1.06183E-4 1.11369E-4 9.9016E-5 9.9831E-5 8.5031E-5 1.15493E-4 9.7749E-5 9.9375E-5 1.9245E-4 1.97264E-4 2.30353E-4 1.21133E-4 5.2295E-5 1.9709E-4 1.486E-4 1.35429E-4 1.39493E-4 1.40867E-4 1.34195E-4 1.38199E-4 1.33671E-4 1.41675E-4 1.40371E-4 4.8372E-5 1.52949E-4 1.28453E-4 3.1874E-5 1.35827E-4 1.33473E-4 1.41862E-4 1.34841E-4 1.42531E-4 1.3574E-4 1.39699E-4 1.39815E-4 1.41962E-4 1.55967E-4 3.5825E-5 1.47282E-4 1.47061E-4 1.31578E-4 1.31308E-4 3.2497E-5 1.37537E-4 1.59709E-4 1.40051E-4 8.0522E-5 2.4238E-5 8.0281E-5 7.926E-5 8.2204E-5 8.2692E-5 8.5327E-5 7.9393E-5 7.7188E-5 9.3563E-5 7.4195E-5 2.7012E-5 8.8694E-5 8.2158E-5 7.9497E-5 8.0217E-5 7.91E-5 8.5716E-5 1.00477E-4 1.66214E-4 1.01122E-4 8.6542E-5 7.975E-5 7.9555E-5 7.779E-5 8.2975E-5 8.297E-5 7.8873E-5 8.3983E-5 7.9384E-5 7.8751E-5 7.7028E-5 7.9E-5 7.7233E-5 7.634E-5 8.3392E-5 7.4927E-5 8.0698E-5 7.5751E-5 8.0235E-5 7.6798E-5 8.0427E-5 7.8246E-5 8.0058E-5 7.6771E-5 9.7831E-5 8.4273E-5 7.4772E-5 7.5599E-5 9.0853E-5 7.3067E-5 8.2612E-5 7.7155E-5 7.5347E-5 7.4323E-5 7.782E-5 8.4741E-5 8.0029E-5 8.1055E-5 1.06551E-4 8.7848E-5 1.05847E-4 8.7698E-5 1.02697E-4 9.0231E-5 1.02624E-4 1.00722E-4 9.786E-5 9.7393E-5 1.00474E-4 1.99209E-4 2.00015E-4 1.27294E-4 1.05362E-4 1.19389E-4 1.05155E-4 1.1002E-4 9.8943E-5 1.18167E-4 9.3353E-5 1.07463E-4 9.1619E-5 1.08882E-4 1.01304E-4 9.9448E-5 1.03427E-4 9.6171E-5 1.00543E-4 1.0096E-4 1.0149E-4 1.04545E-4 1.05177E-4 9.976E-5 1.02508E-4 9.7054E-5 1.08384E-4 1.07227E-4 1.03214E-4 9.3128E-5 1.0162E-4 9.6998E-5 1.0984E-4 9.7731E-5 1.20478E-4 1.10913E-4 1.07834E-4 1.06704E-4 9.737E-5 9.8964E-5 1.47633E-4 1.57186E-4 1.69933E-4 1.5899E-4 1.49048E-4 1.05597E-4 1.20545E-4 1.10879E-4 1.03642E-4 1.14968E-4 9.4352E-5 9.1379E-5 8.969E-5 9.2593E-5 1.0047E-4 9.0827E-5 9.0443E-5 9.6034E-5 8.9997E-5 9.9499E-5 8.44E-5 1.10201E-4 8.8189E-5 9.9807E-5 9.6345E-5 9.4465E-5 9.4328E-5 9.1769E-5 9.0313E-5 8.9602E-5 8.9945E-5 9.0948E-5 9.463E-5 9.1634E-5 9.9462E-5 8.6339E-5 8.8617E-5 9.7082E-5 8.893E-5 8.2477E-5 9.2632E-5 1.09516E-4 9.6492E-5 8.5192E-5 9.6005E-5 9.1033E-5 9.9536E-5 1.0106E-4 9.2917E-5 1.00802E-4 1.09527E-4 9.2884E-5 9.4247E-5 7.3781E-5 8.5404E-5 7.8172E-5 8.9034E-5 8.8918E-5 8.8335E-5 8.5602E-5 8.8097E-5 8.7233E-5 8.4242E-5 8.769E-5 9.5908E-5 8.5902E-5 8.868E-5 9.4512E-5 8.3959E-5 9.3768E-5 7.6356E-5 9.1429E-5 8.18E-5 1.0336E-4 1.10187E-4 1.24882E-4 1.06249E-4 9.3443E-5 9.1002E-5 9.9884E-5 9.8604E-5 8.9195E-5 8.8104E-5 8.6339E-5 8.8964E-5 8.3376E-5 8.5974E-5 9.6639E-5 9.2932E-5 7.7467E-5 8.589E-5 9.276E-5 8.9828E-5 7.4909E-5 1.0187E-4 9.0797E-5 8.9025E-5 9.205E-5 8.7784E-5 9.8259E-5 1.27102E-4 8.4349E-5 9.2662E-5 1.25122E-4 8.8685E-5 7.8426E-5 8.4381E-5 8.3543E-5 8.3745E-5 7.6428E-5 7.718E-5 7.5202E-5 8.8014E-5 8.2074E-5 9.5167E-5 8.065E-5 8.0881E-5 1.32542E-4 9.0173E-5 9.206E-5 6.9502E-5 8.3997E-5 7.1962E-5 8.9556E-5 9.0907E-5 9.0931E-5 9.1634E-5 8.7562E-5 8.7424E-5 8.5045E-5 8.536E-5 8.3441E-5 8.185E-5 7.8567E-5 8.0028E-5 7.3023E-5 7.127E-5 7.9483E-5 7.4774E-5 6.6962E-5 7.3202E-5 8.3662E-5 8.9625E-5 7.3919E-5 9.0867E-5 8.9326E-5 8.9696E-5 1.30504E-4 1.03875E-4 9.7954E-5 1.11007E-4 7.1663E-5 9.9214E-5 1.26655E-4 1.17026E-4 9.4028E-5 9.0591E-5 8.5443E-5 8.4907E-5 7.5393E-5 7.3796E-5 7.161E-5 6.9353E-5 7.5106E-5 8.765E-5 7.4062E-5 7.1451E-5 7.7476E-5 7.1753E-5 7.826E-5 6.3726E-5 7.6152E-5 6.7643E-5 7.6878E-5 7.2343E-5 8.3379E-5 8.3663E-5 7.2366E-5 7.0748E-5 7.0218E-5 7.2264E-5 7.3221E-5 8.0614E-5 7.3465E-5 8.2578E-5 8.5493E-5 8.1178E-5 8.2531E-5 7.6047E-5 7.9089E-5 8.0657E-5 8.0076E-5 8.4748E-5 6.6029E-5 8.7552E-5 8.0041E-5 7.7689E-5 7.9514E-5 7.8205E-5 7.9414E-5 8.5527E-5 6.5437E-5 8.0618E-5 6.5717E-5 7.8399E-5 6.9845E-5 7.8778E-5 8.0932E-5 8.6833E-5 7.9096E-5 7.2995E-5 7.3209E-5 7.0291E-5 7.9181E-5 8.7055E-5 7.1174E-5 7.1549E-5 7.8775E-5 7.5315E-5 8.315E-5 6.2751E-5 7.6567E-5 6.8385E-5 7.8698E-5 7.2878E-5 8.7004E-5 8.5791E-5 7.2116E-5 7.1697E-5 6.9472E-5 7.0231E-5 7.483E-5 8.0321E-5 7.2202E-5 7.5917E-5 6.8228E-5 6.8944E-5 7.5231E-5 6.9014E-5 6.5076E-5 7.0574E-5 8.1682E-5 9.1685E-5 7.3819E-5 8.711E-5 8.05E-5 7.8984E-5 7.5684E-5 7.7396E-5 7.9365E-5 1.45535E-4 1.11335E-4 1.21542E-4 9.5447E-5 9.7537E-5 8.4197E-5 8.7976E-5 9.2802E-5 9.5989E-5 8.5913E-5 8.5704E-5 7.7629E-5 7.3065E-5 7.7076E-5 8.6849E-5 9.6203E-5 8.014E-5 8.1159E-5 7.3376E-5 8.1041E-5 6.3624E-5 7.9003E-5 7.027E-5 7.8056E-5 7.4077E-5 8.0747E-5 8.2075E-5 7.1537E-5 7.3837E-5 6.8629E-5 7.1547E-5 7.2532E-5 7.8761E-5 7.2431E-5 7.3296E-5 6.6727E-5 7.0368E-5 7.5901E-5 7.0236E-5 6.6863E-5 6.928E-5 7.7902E-5 8.5229E-5 6.8931E-5 8.1501E-5 7.8134E-5 8.0586E-5 8.0009E-5 7.752E-5 8.1277E-5 1.05287E-4 7.2312E-5 8.3984E-5 7.6814E-5 8.0761E-5 7.3124E-5 7.8575E-5 8.0038E-5 9.3947E-5 7.6165E-5 7.1453E-5 7.5229E-5 7.2584E-5 7.7811E-5 8.5104E-5 6.9184E-5 7.3653E-5 8.0142E-5 7.4054E-5 1.46027E-4 7.4759E-5 8.0433E-5 7.1241E-5 9.3263E-5 9.2641E-5 8.864E-5 1.39903E-4 8.2338E-5 7.3746E-5 7.3351E-5 8.4605E-5 7.6805E-5 8.4251E-5 7.7067E-5 1.08544E-4 7.2391E-5 7.1827E-5 8.2287E-5 8.107E-5 6.6409E-5 6.7786E-5 1.27358E-4 1.44939E-4 1.1413E-4 1.05195E-4 1.00375E-4 1.58375E-4 1.76257E-4 1.36924E-4 9.1518E-5 1.4543E-4 9.8597E-5 8.9178E-5 6.9874E-5 1.35409E-4 1.50118E-4 1.32607E-4 1.07617E-4 1.08761E-4 1.20147E-4 1.14136E-4 9.2747E-5 8.4357E-5 1.76228E-4 1.07555E-4 7.6642E-5 8.7287E-5 8.7589E-5 8.5576E-5 1.14706E-4 1.22828E-4 9.0518E-5 1.26325E-4 9.6133E-5 9.4098E-5 8.9067E-5 8.6965E-5 9.6871E-5 8.7439E-5 7.9265E-5 8.8152E-5 9.0427E-5 9.7279E-5 8.6121E-5 7.8176E-5 7.9467E-5 7.7996E-5 1.44919E-4 9.7883E-5 1.32519E-4 1.36413E-4 1.31453E-4 1.50964E-4 9.6312E-5 8.3352E-5 9.9799E-5 8.3731E-5 8.1107E-5 1.29559E-4 1.12645E-4 1.37144E-4 8.7311E-5 8.98E-5 9.7447E-5 9.638E-5 7.3046E-5 7.8773E-5 8.0317E-5 8.7471E-5 8.9065E-5 9.0576E-5 9.5105E-5 8.8936E-5 8.3584E-5 8.7204E-5 6.5923E-5 7.2099E-5 7.8199E-5 7.1293E-5 8.0038E-5 6.4015E-5 7.6897E-5 6.9617E-5 7.8182E-5 7.3834E-5 8.6156E-5 8.6659E-5 7.4271E-5 7.2512E-5 7.1266E-5 8.7879E-5 7.2555E-5 8.0238E-5 7.3565E-5 7.6091E-5 6.6286E-5 7.2154E-5 7.6302E-5 6.9852E-5 6.4906E-5 6.2622E-5 7.8228E-5 8.7888E-5 6.8576E-5 7.7213E-5 8.3205E-5 8.2046E-5 7.6468E-5 8.0332E-5 7.8828E-5 1.12405E-4 7.2878E-5 8.1521E-5 6.681E-5 8.2845E-5 7.2303E-5 7.8534E-5 7.8849E-5 8.6864E-5 7.6059E-5 6.7341E-5 7.8886E-5 8.0777E-5 8.769E-5 1.01072E-4 6.8822E-5 7.4697E-5 7.7243E-5 7.3373E-5 9.6643E-5 8.595E-5 1.02474E-4 9.3327E-5 9.4012E-5 9.5849E-5 9.9786E-5 9.8369E-5 9.1351E-5 8.6325E-5 8.5834E-5 7.9871E-5 8.2414E-5 1.22183E-4 8.2529E-5 7.8547E-5 7.8842E-5 7.8593E-5 8.129E-5 7.2603E-5 6.7922E-5 7.8618E-5 8.5637E-5 8.6988E-5 7.0304E-5 7.6415E-5 8.4706E-5 8.2662E-5 7.8706E-5 7.8923E-5 8.2538E-5 8.5723E-5 6.9388E-5 9.526E-5 7.86E-5 1.5697E-4 9.4667E-5 8.5018E-5 9.05E-5 9.0794E-5 9.3192E-5 8.5149E-5 8.5576E-5 7.5016E-5 8.1918E-5 8.7375E-5 6.4446E-5 7.6421E-5 8.8363E-5 8.7875E-5 8.5175E-5 7.6718E-5 9.301E-5 8.7191E-5 9.4103E-5 7.987E-5 8.49E-5 8.6997E-5 7.5475E-5 7.1473E-5 7.3167E-5 7.6349E-5 7.3008E-5 7.7879E-5 7.4775E-5 9.0643E-5 7.4978E-5 7.9004E-5 7.9774E-5 7.2731E-5 6.7987E-5 6.0768E-5 8.0357E-5 8.6959E-5 6.9063E-5 3.852E-5 1.05267E-4 8.6551E-5 8.3289E-5 8.938E-5 1.49544E-4 9.6952E-5 7.2679E-5 8.2393E-5 6.7495E-5 8.1517E-5 7.2038E-5 7.7332E-5 9.1898E-5 9.1235E-5 8.0716E-5 6.7665E-5 8.308E-5 8.8868E-5 1.4968E-4 1.73439E-4 7.5603E-5 8.1093E-5 7.992E-5 7.4847E-5 8.212E-5 6.9087E-5 8.2533E-5 7.6462E-5 9.3058E-5 8.9495E-5 9.9225E-5 8.6067E-5 7.4891E-5 7.6387E-5 8.6176E-5 7.9204E-5 9.7115E-5 8.4551E-5 8.346E-5 8.5309E-5 6.5537E-5 8.731E-5 8.5096E-5 7.7235E-5 7.229E-5 6.8448E-5 1.3764E-4 1.00702E-4 9.1142E-5 1.41424E-4 1.2671E-4 1.58091E-4 1.77886E-4 1.64351E-4 1.66101E-4 1.45563E-4 8.6871E-5 8.2462E-5 8.8276E-5 1.02962E-4 8.9047E-5 9.3794E-5 8.4046E-5 1.00983E-4 9.6302E-5 7.3266E-5 9.0867E-5 8.7705E-5 8.6291E-5 9.526E-5 6.776E-5 9.3276E-5 1.27514E-4 8.9614E-5 8.6377E-5 1.01364E-4 8.8995E-5 8.2831E-5 9.6343E-5 9.7175E-5 1.01489E-4 9.7414E-5 8.6808E-5 8.1909E-5 1.03502E-4 8.9375E-5 9.0845E-5 1.05109E-4 1.16734E-4 1.36357E-4 7.9774E-5 1.05159E-4 8.8908E-5 7.5684E-5 6.9758E-5 6.891E-5 8.7447E-5 9.9879E-5 7.1377E-5 7.049E-5 8.5154E-5 8.2587E-5 8.965E-5 1.19646E-4 1.26233E-4 1.07401E-4 7.0273E-5 8.3657E-5 6.6537E-5 1.32377E-4 9.2395E-5 1.30276E-4 1.42451E-4 9.7119E-5 9.1496E-5 7.6478E-5 1.66664E-4 1.42123E-4 1.00987E-4 9.3539E-5 7.6263E-5 8.2392E-5 1.05328E-4 9.8327E-5 1.16174E-4 9.6362E-5 1.07092E-4 9.034E-5 8.7197E-5 8.1865E-5 8.7748E-5 1.01528E-4 9.8198E-5 9.657E-5 8.3172E-5 7.8027E-5 7.7969E-5 8.4697E-5 8.0552E-5 8.0938E-5 7.0225E-5 8.0399E-5 9.6802E-5 8.1036E-5 7.3875E-5 6.8527E-5 8.6528E-5 2.23767E-4 1.27881E-4 2.98422E-4 1.57178E-4 1.21501E-4 9.6749E-5 9.1462E-5 8.6484E-5 1.00394E-4 7.3099E-5 8.251E-5 6.7646E-5 9.8884E-5 7.8279E-5 8.4174E-5 8.2196E-5 9.9601E-5 8.3752E-5 7.3425E-5 8.6322E-5 8.771E-5 9.3098E-5 9.7304E-5 9.7542E-5 8.8616E-5 1.00407E-4 1.14422E-4 1.20224E-4 9.0895E-5 8.8422E-5 7.4531E-5 8.2955E-5 8.3711E-5 1.05265E-4 1.22949E-4 1.22705E-4 1.14683E-4 9.3411E-5 9.5774E-5 9.2115E-5 1.09454E-4 8.5277E-5 7.9327E-5 6.4068E-5 7.731E-5 1.48581E-4 8.532E-5 7.0483E-5 6.4953E-5 1.25648E-4 1.39098E-4 1.06646E-4 1.0571E-4 9.675E-5 8.5535E-5 7.9883E-5 8.175E-5 8.5522E-5 9.7702E-5 7.813E-5 9.2684E-5 7.5945E-5 8.3831E-5 7.2967E-5 7.9059E-5 9.2489E-5 8.9541E-5 7.7735E-5 6.9495E-5 8.2172E-5 8.84E-5 9.4688E-5 9.9553E-5 6.8858E-5 7.8165E-5 7.8725E-5 7.4297E-5 8.2077E-5 6.7472E-5 7.7025E-5 7.1599E-5 8.1115E-5 7.5081E-5 8.456E-5 8.64E-5 7.7474E-5 7.5278E-5 7.3708E-5 9.0226E-5 7.8733E-5 9.194E-5 7.863E-5 9.6031E-5 7.0348E-5 8.9584E-5 9.3605E-5 8.5147E-5 7.253E-5 6.5414E-5 9.5375E-5 9.3241E-5 7.4734E-5 7.0843E-5 8.7302E-5 8.5587E-5 8.1139E-5 8.5256E-5 1.14642E-4 1.37861E-4 1.17206E-4 1.58426E-4 1.06781E-4 9.5422E-5 7.6845E-5 1.19454E-4 9.675E-5 1.04327E-4 9.574E-5 7.6785E-5 9.7427E-5 8.4692E-5 8.6469E-5 8.603E-5 6.576E-5 7.7157E-5 9.2326E-5 8.0509E-5 9.8045E-5 6.9949E-5 9.5282E-5 9.1575E-5 1.24885E-4 9.3872E-5 1.03713E-4 9.1712E-5 9.6695E-5 8.4299E-5 1.08574E-4 1.07306E-4 1.31443E-4 1.02405E-4 9.6702E-5 1.17953E-4 7.1053E-5 8.2938E-5 8.2621E-5 8.7381E-5 8.0592E-5 7.2417E-5 8.3941E-5 9.8524E-5 7.303E-5 6.9926E-5 8.8819E-5 8.3825E-5 8.0981E-5 8.6234E-5 8.6665E-5 8.5061E-5 7.319E-5 8.3432E-5 7.7172E-5 9.4314E-5 7.7821E-5 7.9283E-5 9.2473E-5 9.3414E-5 8.0924E-5 6.7558E-5 8.1942E-5 8.7969E-5 9.3712E-5 9.6367E-5 7.6774E-5 8.5249E-5 8.4826E-5 7.6183E-5 8.537E-5 6.8132E-5 8.176E-5 7.4031E-5 8.3423E-5 9.7952E-5 1.25528E-4 1.39701E-4 1.07518E-4 1.26512E-4 8.9748E-5 8.5479E-5 7.8842E-5 8.2952E-5 7.749E-5 8.0485E-5 6.7043E-5 8.4107E-5 1.0383E-4 9.7786E-5 8.5088E-5 7.7685E-5 9.2426E-5 1.13098E-4 1.09765E-4 1.18846E-4 1.03838E-4 9.2559E-5 9.4239E-5 1.34909E-4 1.09655E-4 1.00072E-4 7.3585E-5 8.0857E-5 7.0212E-5 8.2971E-5 7.4175E-5 8.1464E-5 8.3557E-5 9.4648E-5 7.7635E-5 6.6674E-5 8.0545E-5 9.0275E-5 8.8808E-5 8.6248E-5 7.9788E-5 8.1332E-5 9.1103E-5 8.1463E-5 8.726E-5 7.112E-5 8.9562E-5 7.6716E-5 8.6041E-5 7.8269E-5 8.9113E-5 9.0436E-5 7.8968E-5 7.7395E-5 7.6578E-5 7.6233E-5 7.619E-5 8.0993E-5 7.603E-5 8.0867E-5 6.429E-5 7.7366E-5 8.1663E-5 7.1551E-5 6.8976E-5 7.9232E-5 9.3838E-5 8.9988E-5 7.2398E-5 8.1395E-5 8.9293E-5 8.5084E-5 8.3895E-5 9.166E-5 8.5393E-5 8.3642E-5 7.0004E-5 1.29122E-4 7.9453E-5 1.10536E-4 8.4169E-5 1.05587E-4 1.82176E-4 1.63478E-4 2.42955E-4 1.19198E-4 1.5207E-4 1.30986E-4 9.9948E-5 1.09771E-4 8.2428E-5 8.6093E-5 1.31645E-4 9.3502E-5 9.6801E-5 7.9481E-5 9.2931E-5 8.0787E-5 8.8243E-5 7.9444E-5 1.01855E-4 8.9632E-5 8.6367E-5 8.0331E-5 7.8251E-5 8.7604E-5 8.0281E-5 8.512E-5 7.8358E-5 8.359E-5 7.6111E-5 8.2338E-5 8.2135E-5 7.5458E-5 7.1004E-5 6.4669E-5 8.4233E-5 8.8925E-5 7.2611E-5 7.0397E-5 8.6525E-5 8.3029E-5 9.0603E-5 8.7705E-5 8.2306E-5 7.7085E-5 7.3855E-5 8.0926E-5 6.9116E-5 8.3054E-5 7.2162E-5 9.3413E-5 8.6663E-5 9.1679E-5 8.0228E-5 7.0031E-5 8.3615E-5 7.933E-5 1.00533E-4 9.058E-5 7.8815E-5 8.2428E-5 1.04097E-4 1.10045E-4 1.58548E-4 8.1385E-5 9.5478E-5 8.7212E-5 1.21877E-4 1.0691E-4 9.6426E-5 1.00378E-4 8.7219E-5 1.26844E-4 8.1577E-5 9.5071E-5 1.03299E-4 1.3337E-4 1.41107E-4 1.58153E-4 1.13852E-4 1.43357E-4 1.5197E-4 1.38847E-4 1.38693E-4 1.16755E-4 1.48105E-4 1.54048E-4 1.56447E-4 1.21462E-4 1.36808E-4 1.60007E-4 2.19042E-4 1.73193E-4 1.8837E-4 3.54821E-4 1.84919E-4 1.45965E-4 8.4396E-5 9.4233E-5 7.7659E-5 1.06573E-4 1.05057E-4 1.03868E-4 8.5436E-5 8.453E-5 8.8876E-5 8.9654E-5 1.2883E-4 0.001812949 1.15201E-4 1.46787E-4 1.35776E-4 1.01244E-4 1.54262E-4 1.2393E-4 1.50274E-4 1.87725E-4 1.93649E-4 9.779E-5 1.10182E-4 1.16704E-4 8.8399E-5 8.0691E-5 8.8746E-5 8.5729E-5 8.8207E-5 1.10514E-4 1.45923E-4 1.45619E-4 1.02362E-4 1.2015E-4 1.21725E-4 9.5977E-5 1.1414E-4 9.7953E-5 1.06689E-4 9.638E-5 9.2486E-5 8.3896E-5 1.07803E-4 1.07441E-4 1.1422E-4 1.14593E-4 9.9217E-5 9.7518E-5 7.7987E-5 8.4094E-5 8.4007E-5 9.6468E-5 9.4907E-5 9.5887E-5 9.3746E-5 1.00452E-4 9.1769E-5 7.6812E-5 1.14567E-4 9.5973E-5 8.7872E-5 8.4656E-5 7.3886E-5 1.20144E-4 1.36092E-4 1.10892E-4 9.5158E-5 9.0598E-5 1.00185E-4 9.2473E-5 1.01834E-4 1.09773E-4 1.35631E-4 1.04697E-4 9.7785E-5 8.2174E-5 9.4502E-5 1.04628E-4 1.19572E-4 1.1531E-4 9.6157E-5 1.10976E-4 7.5311E-5 9.4853E-5 9.164E-5 9.035E-5 7.8853E-5 7.3083E-5 8.9828E-5 9.2447E-5 7.5448E-5 7.2841E-5 1.05896E-4 8.7071E-5 8.9853E-5 9.232E-5 9.5341E-5 9.3892E-5 8.3595E-5 1.04129E-4 7.8071E-5 8.9189E-5 9.3325E-5 9.6155E-5 8.9836E-5 9.8057E-5 7.975E-5 7.1803E-5 8.8616E-5 9.6865E-5 9.0187E-5 8.0883E-5 7.2264E-5 8.6358E-5 9.7985E-5 8.795E-5 1.0011E-4 7.0311E-5 1.11713E-4 9.4149E-5 1.35959E-4 1.6783E-4 1.6899E-4 2.80074E-4 1.09305E-4 9.2022E-5 8.8223E-5 9.2432E-5 9.5452E-5 9.4492E-5 9.9651E-5 9.2315E-5 7.9423E-5 1.05704E-4 9.6684E-5 8.5643E-5 7.361E-5 7.6295E-5 9.0592E-5 9.3169E-5 7.5585E-5 1.16185E-4 1.01015E-4 9.9102E-5 1.04921E-4 1.03207E-4 8.2723E-5 8.0882E-5 8.4707E-5 8.6033E-5 8.3061E-5 9.6262E-5 7.9161E-5 9.3785E-5 8.779E-5 1.04893E-4 8.5432E-5 8.1449E-5 9.8934E-5 8.3496E-5 8.633E-5 7.8819E-5 6.9393E-5 8.8673E-5 8.2784E-5 8.528E-5 9.1496E-5 8.3826E-5 9.2673E-5 8.3164E-5 9.0568E-5 8.2505E-5 1.12508E-4 1.04903E-4 8.5929E-5 8.1894E-5 1.00016E-4 9.2539E-5 1.16817E-4 1.68633E-4 1.22464E-4 1.07183E-4 8.5871E-5 9.45E-5 9.1519E-5 9.7578E-5 8.5319E-5 1.10479E-4 1.096E-4 1.02374E-4 9.0289E-5 7.8341E-5 9.6016E-5 8.9175E-5 8.4791E-5 1.02121E-4 8.0166E-5 8.8926E-5 7.8963E-5 9.4972E-5 7.6383E-5 8.921E-5 7.7744E-5 8.9625E-5 8.8334E-5 9.4417E-5 8.289E-5 7.6287E-5 8.7588E-5 7.8318E-5 8.5624E-5 7.7328E-5 6.7004E-5 7.7542E-5 8.1709E-5 7.5621E-5 8.7504E-5 1.43287E-4 1.011E-4 1.00132E-4 1.1849E-4 1.05415E-4 1.12718E-4 1.15818E-4 1.15101E-4 1.40682E-4 1.48713E-4 1.87911E-4 9.8698E-5 1.03523E-4 9.2259E-5 9.1568E-5 7.1831E-5 8.221E-5 8.5233E-5 8.0885E-5 1.05519E-4 9.1698E-5 1.26661E-4 1.14299E-4 9.4033E-5 9.8568E-5 1.14221E-4 1.2459E-4 1.00908E-4 1.12613E-4 1.21362E-4 9.8262E-5 9.5422E-5 1.00458E-4 8.6916E-5 1.05258E-4 3.42396E-4 1.28586E-4 9.335E-5 1.00488E-4 8.621E-5 7.4223E-5 8.8446E-5 1.04828E-4 1.03547E-4 9.4011E-5 8.5379E-5 9.0019E-5 9.3722E-5 9.787E-5 1.00092E-4 7.4577E-5 9.1805E-5 8.3165E-5 9.0669E-5 1.14077E-4 1.20276E-4 1.25912E-4 9.1946E-5 8.204E-5 8.2727E-5 8.5195E-5 8.3857E-5 9.0628E-5 8.4394E-5 8.6271E-5 6.7781E-5 8.0796E-5 8.6131E-5 7.9848E-5 7.4372E-5 7.2776E-5 9.1355E-5 9.4872E-5 7.9888E-5 7.2262E-5 9.1246E-5 9.9206E-5 9.0625E-5 9.1359E-5 7.5216E-5 8.2984E-5 7.8127E-5 8.3961E-5 7.115E-5 9.2313E-5 8.0242E-5 8.7855E-5 8.6007E-5 9.0554E-5 8.5375E-5 7.6595E-5 9.0235E-5 8.243E-5 8.8224E-5 7.7235E-5 7.4159E-5 1.27519E-4 1.12409E-4 8.8175E-5 8.8963E-5 1.30032E-4 1.07933E-4 1.65608E-4 1.90165E-4 1.98989E-4 2.03743E-4 1.5552E-4 1.25684E-4 9.3455E-5 8.6968E-5 8.9453E-5 9.8945E-5 9.766E-5 8.5351E-5 9.6571E-5 6.9726E-5 8.2228E-5 8.613E-5 8.1196E-5 7.2196E-5 6.7062E-5 8.5618E-5 9.2469E-5 7.6475E-5 7.125E-5 1.07502E-4 9.1061E-5 8.5406E-5 8.7585E-5 7.3356E-5 7.9104E-5 7.8575E-5 8.4383E-5 7.0896E-5 8.6293E-5 7.5776E-5 8.5523E-5 8.4092E-5 9.1946E-5 8.3095E-5 6.8678E-5 8.6188E-5 8.063E-5 8.6792E-5 7.6264E-5 7.3968E-5 7.9198E-5 8.3704E-5 9.4275E-5 9.4482E-5 7.405E-5 8.5541E-5 7.9515E-5 8.7311E-5 8.1889E-5 1.08409E-4 9.8716E-5 8.5066E-5 8.0467E-5 8.0882E-5 8.1728E-5 8.0759E-5 8.9471E-5 8.0963E-5 8.8596E-5 6.7757E-5 8.4423E-5 1.12782E-4 9.8423E-5 8.0908E-5 7.7563E-5 9.5782E-5 1.06374E-4 8.6415E-5 7.5484E-5 9.4102E-5 8.9125E-5 8.5886E-5 8.8236E-5 7.4352E-5 1.07439E-4 1.18534E-4 9.1746E-5 7.7302E-5 1.06426E-4 8.535E-5 1.03917E-4 8.9755E-5 1.07769E-4 9.1346E-5 7.2984E-5 8.938E-5 8.014E-5 8.6252E-5 7.6249E-5 7.2886E-5 8.0386E-5 8.2923E-5 8.0626E-5 8.9579E-5 7.4689E-5 8.3553E-5 7.8173E-5 1.07096E-4 1.08173E-4 1.11378E-4 1.05815E-4 8.4272E-5 8.9352E-5 9.7873E-5 9.2966E-5 9.3871E-5 1.11008E-4 1.16611E-4 1.09343E-4 8.6256E-5 9.1244E-5 9.6541E-5 9.719E-5 9.2305E-5 7.7751E-5 9.0087E-5 9.047E-5 7.6651E-5 7.1294E-5 9.3164E-5 8.7491E-5 8.0657E-5 8.8373E-5 7.0742E-5 8.0728E-5 7.8962E-5 8.7848E-5 7.307E-5 8.6959E-5 7.3074E-5 8.7022E-5 8.1851E-5 9.3061E-5 8.2756E-5 7.0377E-5 8.7814E-5 9.2215E-5 1.01399E-4 7.8923E-5 6.8134E-5 7.9032E-5 8.5008E-5 7.8761E-5 8.5648E-5 7.1723E-5 8.2086E-5 7.7472E-5 8.9052E-5 8.2491E-5 8.9582E-5 9.213E-5 8.0278E-5 7.7962E-5 7.8521E-5 7.9645E-5 7.5546E-5 8.7559E-5 8.1123E-5 8.4987E-5 6.557E-5 1.21397E-4 1.46574E-4 1.19134E-4 9.1227E-5 6.978E-5 9.4144E-5 9.9115E-5 7.9657E-5 7.1741E-5 9.3416E-5 8.6443E-5 8.1407E-5 9.0613E-5 7.5723E-5 7.0276E-5 7.4789E-5 8.4406E-5 7.2148E-5 8.8063E-5 7.2177E-5 8.645E-5 8.1532E-5 9.2019E-5 8.0367E-5 6.7751E-5 8.7045E-5 7.8973E-5 8.4297E-5 7.804E-5 6.8157E-5 7.7453E-5 8.3722E-5 7.9896E-5 8.347E-5 6.953E-5 8.211E-5 7.6206E-5 8.7099E-5 8.1587E-5 8.7745E-5 8.9667E-5 8.0215E-5 7.7928E-5 7.7341E-5 7.8961E-5 7.6415E-5 8.2509E-5 7.7294E-5 8.0885E-5 6.3095E-5 7.773E-5 7.7924E-5 7.3287E-5 6.8366E-5 6.0216E-5 8.0666E-5 8.7326E-5 7.1598E-5 6.5256E-5 8.6331E-5 8.1151E-5 7.6632E-5 8.2604E-5 8.8318E-5 9.948E-5 7.8612E-5 9.483E-5 7.9417E-5 9.643E-5 8.5053E-5 9.4302E-5 9.5631E-5 1.07706E-4 8.3777E-5 7.3785E-5 8.9287E-5 7.9041E-5 9.209E-5 7.8844E-5 6.7163E-5 7.7115E-5 8.9892E-5 7.5017E-5 7.8095E-5 6.5344E-5 7.5437E-5 7.4419E-5 8.603E-5 9.1825E-5 8.9058E-5 8.7489E-5 8.4984E-5 7.8499E-5 7.7066E-5 1.21119E-4 7.3517E-5 7.8169E-5 7.6997E-5 8.9075E-5 6.9035E-5 8.0371E-5 7.8104E-5 7.4847E-5 1.01091E-4 7.5439E-5 9.5985E-5 1.05957E-4 1.41202E-4 1.14335E-4 1.19935E-4 1.01998E-4 1.02831E-4 1.29215E-4 7.7189E-5 9.3888E-5 7.0429E-5 7.9586E-5 6.5715E-5 8.1475E-5 6.4251E-5 8.0469E-5 7.577E-5 8.5348E-5 7.4849E-5 7.0824E-5 9.8063E-5 7.7136E-5 8.4702E-5 7.4354E-5 6.5209E-5 7.3583E-5 7.8307E-5 7.2773E-5 7.5354E-5 6.5365E-5 7.77E-5 7.4715E-5 8.448E-5 8.5988E-5 8.7814E-5 8.7027E-5 7.5018E-5 7.097E-5 7.1764E-5 9.9696E-5 7.0723E-5 7.9747E-5 7.5597E-5 7.6441E-5 6.0481E-5 7.45E-5 7.3947E-5 7.0537E-5 6.7436E-5 6.0255E-5 7.804E-5 8.0705E-5 7.0152E-5 6.1901E-5 8.2964E-5 7.6054E-5 7.0792E-5 8.9749E-5 7.0825E-5 6.8863E-5 7.6956E-5 7.7433E-5 6.6183E-5 1.02929E-4 7.2824E-5 1.50586E-4 1.97989E-4 1.43044E-4 8.9872E-5 7.0519E-5 8.843E-5 1.09932E-4 8.9879E-5 8.6572E-5 6.8219E-5 7.6696E-5 7.9826E-5 7.6194E-5 7.5534E-5 6.6694E-5 7.7081E-5 7.261E-5 8.1833E-5 7.9627E-5 8.2933E-5 8.5252E-5 7.7125E-5 7.2967E-5 7.3493E-5 9.0558E-5 7.0045E-5 8.082E-5 7.598E-5 9.4736E-5 7.1349E-5 8.213E-5 7.9205E-5 7.7111E-5 7.366E-5 7.5102E-5 8.6824E-5 8.7309E-5 7.7808E-5 6.7147E-5 8.8999E-5 8.3321E-5 4.2126E-5 8.1609E-5 7.3108E-5 8.6825E-5 9.5571E-5 8.6341E-5 1.22784E-4 1.23232E-4 1.53283E-4 1.09066E-4 1.16612E-4 1.14278E-4 1.6168E-4 1.862E-4 1.34676E-4 1.1332E-4 1.06989E-4 8.3943E-5 7.4534E-5 9.3416E-5 1.02528E-4 9.5523E-5 8.3695E-5 8.1662E-5 9.4477E-5 1.34324E-4 1.7024E-4 1.20807E-4 9.7125E-5 1.23293E-4 9.0006E-5 7.8506E-5 8.1806E-5 8.0809E-5 8.1211E-5 1.02534E-4 9.7957E-5 9.4712E-5 9.5163E-5 1.01807E-4 8.8018E-5 8.1726E-5 7.7803E-5 6.8894E-5 9.0303E-5 9.5279E-5 7.8698E-5 7.5842E-5 1.03857E-4 1.03272E-4 8.9316E-5 1.03772E-4 9.2134E-5 7.1225E-5 7.2664E-5 7.9201E-5 7.0488E-5 8.4434E-5 6.6403E-5 8.8204E-5 8.1147E-5 9.8942E-5 8.4154E-5 6.7675E-5 8.4055E-5 7.7715E-5 8.812E-5 8.8316E-5 6.7011E-5 7.5115E-5 7.6974E-5 7.5155E-5 7.6316E-5 7.3897E-5 9.1252E-5 8.9697E-5 1.04623E-4 7.7746E-5 8.5888E-5 8.7121E-5 7.4826E-5 7.1361E-5 7.5075E-5 9.2798E-5 7.3191E-5 8.5614E-5 7.8244E-5 8.0925E-5 6.0577E-5 7.9987E-5 8.0519E-5 7.4226E-5 7.0172E-5 7.3634E-5 8.7081E-5 9.6194E-5 8.8772E-5 7.2871E-5 1.01115E-4 8.3505E-5 7.1728E-5 8.4984E-5 6.8654E-5 6.8041E-5 7.6247E-5 7.7328E-5 6.7256E-5 8.3842E-5 6.4912E-5 8.7279E-5 8.8925E-5 9.367E-5 7.8761E-5 1.06126E-4 9.781E-5 7.8753E-5 9.7808E-5 7.8615E-5 8.3183E-5 8.5963E-5 8.1758E-5 7.7834E-5 7.6069E-5 6.6105E-5 9.2573E-5 8.5691E-5 9.281E-5 1.15326E-4 1.12209E-4 1.05983E-4 1.45059E-4 9.8672E-5 2.29554E-4 1.94673E-4 1.93289E-4 1.82296E-4 2.14604E-4 1.23856E-4 7.8128E-5 9.9967E-5 9.3152E-5 9.161E-5 1.56601E-4 8.471E-5 1.05645E-4 1.05662E-4 9.7447E-5 7.9008E-5 1.10197E-4 9.1631E-5 1.03864E-4 1.0758E-4 8.1893E-5 1.05493E-4 8.2145E-5 8.464E-5 7.8681E-5 9.4851E-5 8.6234E-5 1.0245E-4 8.5932E-5 9.9388E-5 9.5948E-5 8.8521E-5 9.5731E-5 8.2504E-5 1.14925E-4 8.9737E-5 8.5722E-5 1.07624E-4 1.19269E-4 1.31278E-4 1.16713E-4 1.01353E-4 1.13882E-4 1.13546E-4 9.8177E-5 8.1897E-5 9.1916E-5 9.0638E-5 8.1206E-5 7.7211E-5 7.9315E-5 1.14453E-4 8.7161E-5 9.7897E-5 1.07107E-4 9.9238E-5 7.774E-5 8.6431E-5 8.7316E-5 9.0473E-5 7.8463E-5 8.3352E-5 9.4458E-5 9.1871E-5 8.0185E-5 7.2203E-5 1.06094E-4 9.1089E-5 9.2964E-5 1.26476E-4 8.2575E-5 7.8202E-5 8.9173E-5 9.8434E-5 8.122E-5 9.3805E-5 7.6394E-5 9.2155E-5 8.594E-5 9.9159E-5 8.4219E-5 7.1571E-5 1.06546E-4 8.916E-5 1.08032E-4 8.9653E-5 7.8599E-5 8.475E-5 8.4861E-5 8.4234E-5 8.107E-5 7.3116E-5 8.3886E-5 8.3426E-5 1.07734E-4 8.9439E-5 1.00709E-4 9.5909E-5 9.2174E-5 9.1826E-5 9.2046E-5 8.8412E-5 7.8468E-5 1.017E-4 8.9773E-5 1.47228E-4 7.035E-5 8.7387E-5 8.442E-5 7.93E-5 7.537E-5 6.806E-5 8.8987E-5 1.0411E-4 1.48135E-4 1.35295E-4 2.00407E-4 1.47936E-4 1.12046E-4 1.17993E-4 8.568E-5 9.1874E-5 9.1141E-5 1.44181E-4 1.12415E-4 1.0905E-4 8.7998E-5 1.20618E-4 1.22186E-4 1.31684E-4 1.18856E-4 1.38567E-4 1.37217E-4 1.1236E-4 1.08656E-4 1.10124E-4 7.8546E-5 8.149E-5 1.03483E-4 9.4326E-5 1.01112E-4 8.48E-5 9.287E-5 9.096E-5 1.04319E-4 1.40726E-4 1.4283E-4 1.12268E-4 9.2781E-5 1.0021E-4 9.7309E-5 8.4615E-5 7.3573E-5 8.9969E-5 8.558E-5 8.7266E-5 6.6332E-5 8.256E-5 9.0912E-5 9.3554E-5 9.263E-5 7.364E-5 9.0238E-5 1.04891E-4 8.5966E-5 7.6646E-5 1.01107E-4 1.12844E-4 1.00962E-4 1.16907E-4 1.01693E-4 8.8012E-5 7.8646E-5 8.5313E-5 7.2475E-5 8.7294E-5 6.7703E-5 9.1304E-5 1.04211E-4 1.21892E-4 1.08631E-4 1.33892E-4 1.7616E-4 1.08375E-4 9.7334E-5 1.09043E-4 1.07469E-4 1.27156E-4 1.19664E-4 9.6538E-5 1.20832E-4 8.1379E-5 9.2798E-5 8.7431E-5 9.205E-5 8.5159E-5 9.3216E-5 9.137E-5 8.424E-5 7.892E-5 8.1796E-5 8.6814E-5 7.2548E-5 1.26894E-4 9.3637E-5 9.1031E-5 6.7264E-5 9.3779E-5 9.7682E-5 8.6885E-5 7.9123E-5 7.0411E-5 8.9109E-5 9.2417E-5 8.385E-5 7.2636E-5 9.3506E-5 8.807E-5 7.559E-5 9.1063E-5 7.9384E-5 1.08358E-4 8.27E-5 8.7964E-5 8.127E-5 9.339E-5 6.8844E-5 9.0656E-5 8.4163E-5 9.898E-5 9.4341E-5 8.1196E-5 9.2021E-5 8.0289E-5 1.25503E-4 9.7756E-5 9.5999E-5 1.11105E-4 1.43388E-4 1.68914E-4 2.66957E-4 1.12588E-4 9.225E-5 8.2649E-5 1.26464E-4 9.9939E-5 1.19713E-4 1.6608E-4 1.03054E-4 1.07718E-4 9.9386E-5 8.9194E-5 7.6659E-5 1.03087E-4 9.083E-5 8.9616E-5 6.6973E-5 9.6258E-5 8.785E-5 9.3248E-5 7.9822E-5 7.1086E-5 8.8394E-5 8.9769E-5 7.6907E-5 8.1133E-5 9.5526E-5 8.8009E-5 7.6405E-5 1.01304E-4 8.0109E-5 8.4476E-5 8.4059E-5 8.6234E-5 7.4465E-5 8.9883E-5 7.5446E-5 9.5611E-5 9.4028E-5 9.9304E-5 8.3693E-5 9.8108E-5 1.05209E-4 9.4063E-5 9.362E-5 9.5286E-5 8.0922E-5 9.5387E-5 9.0762E-5 1.12597E-4 9.4578E-5 8.6053E-5 9.4568E-5 9.9179E-5 1.27911E-4 1.02168E-4 1.67887E-4 1.69938E-4 1.43871E-4 1.56203E-4 1.35486E-4 1.57881E-4 2.04846E-4 2.25437E-4 1.92142E-4 1.77702E-4 2.19746E-4 1.8145E-4 2.62588E-4 1.85839E-4 2.28683E-4 1.3996E-4 1.80019E-4 3.80206E-4 0.002033578 9.0466E-5 1.24268E-4 1.01716E-4 9.7286E-5 1.22888E-4 1.71416E-4 2.22868E-4 2.56331E-4 1.55949E-4 1.07057E-4 1.32916E-4 8.6012E-5 1.04783E-4 2.1708E-4 1.4404E-4 1.23072E-4 8.3481E-5 1.0189E-4 1.43716E-4 1.02904E-4 1.36629E-4 1.01277E-4 1.16866E-4 1.45367E-4 1.88038E-4 1.05223E-4 8.523E-5 9.1993E-5 9.7852E-5 1.12955E-4 1.07197E-4 1.0952E-4 1.32933E-4 8.693E-5 7.9648E-5 8.406E-5 1.20965E-4 1.07288E-4 1.05282E-4 8.2067E-5 9.1961E-5 1.01144E-4 1.09883E-4 1.06519E-4 9.4156E-5 9.711E-5 9.416E-5 1.70173E-4 2.35664E-4 1.39328E-4 8.424E-5 1.19187E-4 1.05093E-4 8.0396E-5 9.0114E-5 7.7279E-5 8.9523E-5 8.2995E-5 9.7716E-5 7.5046E-5 8.7924E-5 7.1758E-5 1.11036E-4 1.05036E-4 1.38313E-4 9.9416E-5 7.8835E-5 1.04251E-4 8.8009E-5 8.838E-5 8.138E-5 7.3103E-5 9.4801E-5 1.04193E-4 8.401E-5 8.508E-5 1.0007E-4 2.18019E-4 2.32043E-4 1.24244E-4 9.364E-5 9.4909E-5 1.03037E-4 8.6651E-5 9.3022E-5 8.419E-5 9.5579E-5 8.0195E-5 8.8119E-5 8.2326E-5 8.6582E-5 7.5346E-5 8.687E-5 8.3226E-5 8.1679E-5 7.4631E-5 6.5607E-5 8.8401E-5 8.7528E-5 9.2002E-5 7.6349E-5 1.01111E-4 9.0438E-5 7.6638E-5 9.1614E-5 7.5161E-5 8.4332E-5 7.8539E-5 8.2183E-5 7.3278E-5 8.5509E-5 6.4997E-5 8.8281E-5 8.0391E-5 8.4964E-5 8.2307E-5 6.7966E-5 8.5954E-5 7.7571E-5 9.2956E-5 1.02759E-4 8.1971E-5 8.2805E-5 9.3993E-5 9.9956E-5 9.1849E-5 7.7843E-5 1.58949E-4 1.56576E-4 1.20064E-4 8.65E-5 1.03828E-4 1.07595E-4 1.03068E-4 9.9059E-5 8.3931E-5 8.8681E-5 7.5406E-5 1.05203E-4 8.3195E-5 8.4652E-5 7.6435E-5 8.6255E-5 8.7693E-5 8.2871E-5 7.517E-5 9.4541E-5 1.07057E-4 9.4375E-5 9.0453E-5 8.0351E-5 9.999E-5 9.5399E-5 9.8565E-5 1.22928E-4 1.34615E-4 1.07245E-4 1.19394E-4 1.10158E-4 1.88221E-4 1.42114E-4 2.03971E-4 1.74584E-4 1.43336E-4 1.49942E-4 9.84E-5 9.1393E-5 2.21318E-4 1.65404E-4 1.06697E-4 9.492E-5 1.99805E-4 1.35948E-4 1.14817E-4 1.48564E-4 1.7483E-4 2.01895E-4 1.47806E-4 9.0554E-5 1.00189E-4 8.1794E-5 8.9117E-5 1.0878E-4 1.01255E-4 9.9336E-5 8.2065E-5 1.26593E-4 7.5508E-5 8.5288E-5 8.9755E-5 1.34132E-4 1.13518E-4 9.4552E-5 8.0215E-5 7.8835E-5 9.3514E-5 7.1098E-5 8.9832E-5 8.8998E-5 7.7941E-5 7.2095E-5 9.5239E-5 1.25667E-4 8.8894E-5 9.7668E-5 8.0292E-5 8.7508E-5 7.7443E-5 8.2785E-5 7.3898E-5 8.911E-5 6.7994E-5 9.583E-5 8.542E-5 8.4885E-5 8.3138E-5 7.3175E-5 1.50689E-4 9.6507E-5 9.4417E-5 8.3872E-5 7.7412E-5 8.1334E-5 7.7946E-5 8.7815E-5 1.81789E-4 1.43119E-4 9.0665E-5 1.27869E-4 2.51197E-4 1.9453E-4 1.58863E-4 1.56333E-4 1.66208E-4 1.66539E-4 9.23E-5 9.0391E-5 7.5022E-5 1.00848E-4 9.6909E-5 9.2223E-5 6.8134E-5 8.47E-5 8.1913E-5 8.03E-5 9.0117E-5 7.4608E-5 1.06101E-4 9.4406E-5 8.3243E-5 7.0038E-5 9.38E-5 1.01138E-4 8.9292E-5 1.12569E-4 1.1856E-4 1.14939E-4 9.7431E-5 1.23032E-4 1.06565E-4 1.08215E-4 7.8873E-5 1.10384E-4 1.03855E-4 1.24648E-4 1.01919E-4 8.3955E-5 1.15444E-4 1.30001E-4 9.8913E-5 2.06815E-4 1.73328E-4 1.6563E-4 1.56771E-4 1.41494E-4 8.2565E-5 7.5786E-5 9.9408E-5 9.0815E-5 9.8143E-5 9.5078E-5 1.06633E-4 1.11279E-4 1.02736E-4 8.8477E-5 7.9219E-5 1.0027E-4 7.8108E-5 1.07471E-4 9.2409E-5 8.8732E-5 6.8107E-5 8.4073E-5 8.789E-5 8.2578E-5 9.4075E-5 7.1242E-5 9.1744E-5 8.9672E-5 9.145E-5 7.579E-5 1.03913E-4 1.00818E-4 9.0308E-5 9.6583E-5 7.9617E-5 8.6472E-5 7.7714E-5 8.4358E-5 8.1126E-5 1.01326E-4 1.01706E-4 1.20383E-4 1.04543E-4 1.05941E-4 1.45645E-4 1.37924E-4 1.19861E-4 1.01088E-4 1.08938E-4 9.4018E-5 9.2723E-5 9.5996E-5 9.1099E-5 8.7058E-5 8.5249E-5 2.00054E-4 1.5573E-4 1.5331E-4 1.05497E-4 1.01398E-4 9.8737E-5 1.22871E-4 1.32923E-4 8.9771E-5 9.2531E-5 1.0399E-4 9.6232E-5 1.81919E-4 1.34247E-4 9.2039E-5 6.6412E-5 8.4667E-5 1.09064E-4 1.49995E-4 1.02468E-4 8.4132E-5 9.5719E-5 9.0999E-5 1.00106E-4 1.08799E-4 1.5568E-4 9.803E-5 7.7758E-5 8.9017E-5 7.7498E-5 7.6156E-5 7.6803E-5 8.2064E-5 7.3872E-5 9.0678E-5 8.9727E-5 1.29112E-4 1.23622E-4 1.28269E-4 1.20647E-4 8.3029E-5 1.13732E-4 9.2231E-5 9.7617E-5 8.6626E-5 7.711E-5 8.2433E-5 9.2445E-5 9.3284E-5 1.1002E-4 1.05172E-4 1.25702E-4 1.42118E-4 1.27564E-4 9.6351E-5 1.05235E-4 1.04719E-4 1.01522E-4 9.5936E-5 8.4851E-5 8.9198E-5 7.2585E-5 9.3728E-5 9.2321E-5 8.8548E-5 6.4762E-5 9.2152E-5 1.0032E-4 1.00243E-4 8.5524E-5 8.7764E-5 1.06438E-4 1.37767E-4 2.03831E-4 1.77454E-4 1.38689E-4 1.00334E-4 8.7255E-5 9.5621E-5 7.887E-5 8.4836E-5 8.5571E-5 8.7042E-5 7.6046E-5 9.5996E-5 7.9415E-5 9.526E-5 8.2311E-5 9.3393E-5 8.6363E-5 7.2899E-5 9.0958E-5 9.3979E-5 9.8168E-5 8.7517E-5 7.4526E-5 8.3565E-5 9.9577E-5 9.5694E-5 8.8698E-5 8.8006E-5 8.5629E-5 8.6571E-5 1.00291E-4 1.7562E-4 9.4227E-5 1.28973E-4 9.9511E-5 8.5026E-5 1.27425E-4 2.2469E-4 8.0985E-5 9.8925E-5 8.8355E-5 9.9542E-5 7.0571E-5 8.5683E-5 9.3232E-5 8.673E-5 8.7706E-5 6.9736E-5 9.1011E-5 1.48387E-4 1.32356E-4 1.25015E-4 1.34863E-4 2.53449E-4 1.67218E-4 1.85466E-4 1.31062E-4 1.57808E-4 1.20181E-4 9.509E-5 8.6719E-5 9.7464E-5 9.4E-5 1.52395E-4 1.16187E-4 1.92093E-4 3.09834E-4 9.9099E-5 2.28095E-4 2.73999E-4 2.17347E-4 9.7832E-5 1.50331E-4 2.07429E-4 9.4086E-5 1.61097E-4 1.35185E-4 1.37076E-4 1.6179E-4 1.73031E-4 1.77026E-4 1.62863E-4 1.55065E-4 2.03754E-4 1.47399E-4 1.57326E-4 1.36614E-4 1.70025E-4 1.66087E-4 1.55537E-4 2.02234E-4 7.6986E-4 1.84636E-4 1.61648E-4 1.52313E-4 1.11191E-4 1.09111E-4 8.4766E-5 1.10579E-4 3.82354E-4 1.33611E-4 8.6424E-5 1.20023E-4 1.08339E-4 9.5331E-5 1.14471E-4 9.6594E-5 8.2384E-5 9.3131E-5 9.0829E-5 7.9695E-5 9.5071E-5 7.0755E-5 9.6084E-5 8.6014E-5 9.4946E-5 9.3143E-5 8.6094E-5 1.06759E-4 9.0215E-5 9.5007E-5 8.5455E-5 7.2986E-5 9.5979E-5 8.9786E-5 1.02407E-4 8.2593E-5 8.6963E-5 9.553E-5 9.4685E-5 9.6175E-5 8.3922E-5 9.1406E-5 9.8891E-5 8.9323E-5 8.3357E-5 7.7995E-5 8.9613E-5 7.1938E-5 8.7533E-5 7.9515E-5 9.1304E-5 6.7072E-5 8.83E-5 8.2611E-5 9.8983E-5 8.566E-5 7.9689E-5 9.811E-5 9.7176E-5 8.6551E-5 7.0964E-5 9.8967E-5 9.0319E-5 7.944E-5 9.4753E-5 8.0844E-5 7.7903E-5 7.877E-5 8.7917E-5 8.2108E-5 9.0493E-5 7.1077E-5 9.2682E-5 1.56089E-4 1.38636E-4 9.6384E-5 7.1809E-5 9.5783E-5 9.6047E-5 1.09459E-4 9.1905E-5 7.8367E-5 8.8167E-5 8.6005E-5 8.8386E-5 9.1733E-5 8.9136E-5 9.0154E-5 9.0356E-5 1.06822E-4 8.6742E-5 1.00404E-4 1.08163E-4 9.1324E-5 8.6939E-5 8.1368E-5 9.2297E-5 7.2355E-5 1.0168E-4 8.645E-5 9.5711E-5 7.1677E-5 9.0992E-5 8.4118E-5 8.3353E-5 8.3956E-5 7.2169E-5 9.7156E-5 8.9967E-5 8.3356E-5 7.3918E-5 1.0617E-4 9.4064E-5 8.4275E-5 1.00386E-4 8.566E-5 8.9362E-5 8.6598E-5 8.9709E-5 8.4938E-5 1.12002E-4 9.0983E-5 1.49485E-4 1.90338E-4 2.49534E-4 3.36339E-4 4.4124E-4 1.55256E-4 1.10181E-4 1.6445E-4 1.32866E-4 1.16488E-4 3.12588E-4 1.80301E-4 1.06484E-4 1.61556E-4 2.39901E-4 1.30386E-4 2.57171E-4 1.41374E-4 1.13026E-4 9.287E-5 1.01237E-4 9.0144E-5 8.9883E-5 8.7597E-5 1.55179E-4 1.66885E-4 1.11291E-4 1.23587E-4 1.06057E-4 7.3449E-5 1.12122E-4 8.7645E-5 9.0405E-5 9.535E-5 7.3378E-5 9.85E-5 1.03892E-4 1.45618E-4 8.4954E-5 1.02203E-4 1.32609E-4 3.26644E-4 3.29788E-4 3.6888E-4 1.34836E-4 1.07476E-4 1.05436E-4 1.00512E-4 3.20314E-4 1.23347E-4 1.14347E-4 1.12341E-4 1.53834E-4 1.10416E-4 1.37766E-4 1.17357E-4 1.12294E-4 1.33284E-4 1.08438E-4 1.49038E-4 1.08112E-4 1.02316E-4 3.76359E-4 2.47217E-4 1.00647E-4 1.05002E-4 9.9244E-5 1.05953E-4 9.5846E-5 1.03902E-4 1.53329E-4 9.5743E-5 1.13235E-4 1.02457E-4 1.16371E-4 1.42915E-4 1.00286E-4 9.4201E-5 1.08969E-4 8.1496E-5 1.01523E-4 9.8546E-5 9.9453E-5 9.5315E-5 1.14185E-4 1.52332E-4 1.52127E-4 1.37773E-4 1.0089E-4 1.69651E-4 2.56487E-4 2.40959E-4 1.53861E-4 1.38636E-4 1.65473E-4 1.36826E-4 1.514E-4 1.26868E-4 1.42919E-4 1.14613E-4 1.54318E-4 1.30196E-4 1.65621E-4 1.51584E-4 1.14351E-4 1.51801E-4 1.53201E-4 1.11529E-4 1.01507E-4 1.07971E-4 1.30841E-4 9.6484E-5 1.4911E-4 1.55234E-4 1.0451E-4 9.3396E-5 9.973E-5 9.9774E-5 9.4329E-5 1.08616E-4 1.27058E-4 1.24413E-4 1.69871E-4 2.21814E-4 3.64312E-4 2.74194E-4 3.10115E-4 1.48871E-4 1.38183E-4 1.70073E-4 1.15892E-4 1.73539E-4 2.76031E-4 1.24299E-4 8.8106E-5 1.85362E-4 3.56273E-4 2.34983E-4 1.33225E-4 1.49713E-4 1.18944E-4 9.6676E-5 1.76052E-4 1.33385E-4 1.39154E-4 1.0077E-4 9.5684E-5 1.10277E-4 1.46615E-4 1.05325E-4 1.38949E-4 1.06577E-4 9.6654E-5 1.18138E-4 1.11197E-4 9.9304E-5 1.22473E-4 3.21536E-4 5.40775E-4 4.47974E-4 1.81799E-4 1.03169E-4 1.84846E-4 1.00779E-4 1.20679E-4 1.03956E-4 1.23242E-4 1.2173E-4 1.15273E-4 1.16864E-4 1.47229E-4 9.7588E-5 1.34154E-4 1.16277E-4 1.26173E-4 1.20191E-4 1.14326E-4 8.8983E-5 1.00427E-4 1.05421E-4 9.7084E-5 8.6897E-5 8.7084E-5 9.2516E-5 7.409E-5 9.9314E-5 9.2189E-5 9.71E-5 8.1642E-5 1.06325E-4 1.13765E-4 8.3312E-5 9.7679E-5 8.5407E-5 7.9374E-5 7.9983E-5 1.54925E-4 5.00799E-4 1.78377E-4 1.23669E-4 1.61002E-4 1.4644E-4 1.46459E-4 1.47612E-4 1.19696E-4 1.54537E-4 1.49018E-4 1.45195E-4 1.9682E-4 1.99936E-4 1.36282E-4 1.32483E-4 1.45026E-4 1.18722E-4 9.3176E-5 9.6457E-5 9.9383E-5 1.10798E-4 1.00615E-4 1.05305E-4 1.13967E-4 1.01912E-4 1.00605E-4 1.02458E-4 1.039E-4 8.603E-5 1.04393E-4 9.035E-5 1.09378E-4 8.6958E-5 9.7673E-5 8.9859E-5 8.9859E-5 8.2994E-5 7.7264E-5 9.3932E-5 9.8865E-5 8.9465E-5 7.5202E-5 1.115E-4 1.05753E-4 8.4242E-5 1.03957E-4 8.6074E-5 1.09437E-4 1.00691E-4 1.11064E-4 9.5986E-5 1.49529E-4 7.9329E-5 1.08955E-4 9.1979E-5 1.0157E-4 1.02825E-4 8.4492E-5 1.02227E-4 9.9874E-5 9.8962E-5 8.6328E-5 7.7258E-5 8.4835E-5 8.1021E-5 8.8524E-5 7.7554E-5 9.6424E-5 1.13928E-4 1.90068E-4 1.3824E-4 1.89441E-4 2.69116E-4 1.42304E-4 1.34941E-4 9.8149E-5 1.34072E-4 1.33224E-4 9.9837E-5 9.2544E-5 7.9354E-5 9.3719E-5 1.01845E-4 1.18242E-4 1.16235E-4 9.3503E-5 1.18916E-4 1.35371E-4 1.9594E-4 1.24385E-4 9.605E-5 1.02589E-4 1.32001E-4 1.59962E-4 9.1485E-5 1.06225E-4 1.71702E-4 9.6171E-5 9.5366E-5 1.02941E-4 8.832E-5 9.8412E-5 7.9977E-5 1.05673E-4 9.1718E-5 9.5839E-5 9.3627E-5 7.8267E-5 9.776E-5 9.4231E-5 9.4802E-5 8.9781E-5 7.8905E-5 8.7727E-5 9.442E-5 9.2063E-5 8.1839E-5 9.3362E-5 9.5176E-5 9.6487E-5 1.15647E-4 9.7896E-5 1.58496E-4 2.11858E-4 3.23894E-4 1.90215E-4 1.03246E-4 1.22199E-4 8.8881E-5 2.26747E-4 1.09296E-4 1.44319E-4 9.2658E-5 1.07503E-4 1.04376E-4 1.04436E-4 1.14551E-4 1.05729E-4 1.31761E-4 1.9472E-4 1.40294E-4 1.84718E-4 1.41788E-4 1.16674E-4 9.9762E-5 1.15206E-4 1.21788E-4 1.30538E-4 1.00746E-4 1.07826E-4 1.08525E-4 1.02475E-4 7.8147E-5 1.14549E-4 1.087E-4 1.0318E-4 1.04223E-4 8.5694E-5 1.09381E-4 1.02899E-4 1.01723E-4 1.00205E-4 8.3654E-5 1.01302E-4 8.742E-5 1.27513E-4 8.439E-5 8.5452E-5 8.9937E-5 9.1023E-5 9.8419E-5 8.4242E-5 9.1815E-5 1.1853E-4 9.4149E-5 9.4673E-5 1.28839E-4 1.07675E-4 7.8182E-5 1.06052E-4 9.2179E-5 1.02372E-4 7.4583E-5 9.5074E-5 9.7532E-5 9.5585E-5 9.2578E-5 8.3793E-5 1.09193E-4 9.9338E-5 8.9957E-5 7.5071E-5 1.02805E-4 9.6257E-5 8.611E-5 9.9496E-5 9.5112E-5 8.9885E-5 9.2781E-5 1.35318E-4 9.7594E-5 1.09056E-4 8.9364E-5 1.21656E-4 1.02372E-4 9.773E-5 9.5481E-5 8.8667E-5 1.10319E-4 1.16582E-4 1.03185E-4 9.2058E-5 1.17626E-4 9.5402E-5 8.5378E-5 1.12534E-4 1.49602E-4 1.69833E-4 1.62761E-4 1.03235E-4 1.05417E-4 9.063E-5 1.04578E-4 1.07285E-4 9.07E-5 8.6531E-5 8.1335E-5 9.3761E-5 7.2626E-5 9.2845E-5 8.0731E-5 9.9306E-5 7.5469E-5 9.4445E-5 9.0565E-5 8.7491E-5 8.8151E-5 7.6068E-5 1.01597E-4 9.8307E-5 8.8288E-5 7.5962E-5 1.02726E-4 9.5466E-5 9.2933E-5 9.9438E-5 8.5957E-5 8.2667E-5 8.6784E-5 9.009E-5 8.1232E-5 9.8738E-5 7.3529E-5 1.01724E-4 9.2888E-5 9.4768E-5 8.93E-5 7.5887E-5 9.8647E-5 9.1861E-5 9.192E-5 8.5435E-5 7.5393E-5 8.3065E-5 8.2836E-5 8.7638E-5 8.9284E-5 8.4444E-5 8.7962E-5 9.039E-5 9.6053E-5 8.2654E-5 9.1825E-5 1.02542E-4 9.0033E-5 8.4304E-5 9.1115E-5 9.5024E-5 7.279E-5 9.1583E-5 7.9302E-5 9.4953E-5 7.4131E-5 1.78245E-4 1.2798E-4 9.6679E-5 9.0305E-5 7.7049E-5 9.5602E-5 9.1946E-5 8.4813E-5 7.1766E-5 1.00065E-4 1.08294E-4 9.6864E-5 1.24711E-4 1.46121E-4 1.60122E-4 1.11906E-4 1.14456E-4 1.31978E-4 1.42365E-4 1.48439E-4 1.2064E-4 1.05978E-4 1.08647E-4 9.9564E-5 8.4369E-5 1.54161E-4 1.07969E-4 1.02967E-4 1.6592E-4 1.86445E-4 1.9217E-4 9.7403E-5 1.04613E-4 1.01257E-4 1.01963E-4 9.7491E-5 1.10023E-4 1.20754E-4 9.8175E-5 1.2083E-4 1.54854E-4 1.45912E-4 2.32704E-4 1.6323E-4 1.67402E-4 1.00726E-4 1.27056E-4 1.91978E-4 1.46429E-4 9.0736E-5 1.11095E-4 1.17626E-4 1.29719E-4 2.21314E-4 1.07276E-4 1.14517E-4 1.11462E-4 1.09497E-4 1.02835E-4 1.22489E-4 1.19146E-4 9.169E-5 1.06469E-4 1.11668E-4 1.14362E-4 9.0781E-5 9.6056E-5 8.6885E-5 1.00043E-4 9.0261E-5 1.14884E-4 1.69634E-4 1.57489E-4 1.14098E-4 9.1138E-5 1.1242E-4 1.00305E-4 9.1785E-5 1.01641E-4 8.5839E-5 9.4588E-5 1.02265E-4 9.7988E-5 8.6259E-5 8.3096E-5 8.8189E-5 9.3255E-5 9.997E-5 9.607E-5 9.316E-5 1.06758E-4 1.03507E-4 1.04101E-4 9.7211E-5 1.10027E-4 8.0562E-5 1.05429E-4 9.4054E-5 1.06482E-4 7.5755E-5 1.05739E-4 9.6558E-5 8.7789E-5 8.6369E-5 8.8945E-5 1.03368E-4 9.7116E-5 8.9759E-5 8.872E-5 1.22942E-4 1.05289E-4 8.9932E-5 1.05951E-4 9.2568E-5 1.14779E-4 1.09423E-4 1.0707E-4 9.516E-5 1.12486E-4 7.8505E-5 1.02684E-4 1.00093E-4 1.04319E-4 9.1505E-5 7.6461E-5 1.04996E-4 9.2365E-5 9.2193E-5 9.7648E-5 8.4787E-5 8.8129E-5 8.3659E-5 9.8338E-5 8.751E-5 1.08013E-4 9.4894E-5 9.9195E-5 1.10399E-4 1.09859E-4 1.09877E-4 1.36288E-4 1.08593E-4 2.025E-4 1.09656E-4 1.17464E-4 8.4361E-5 9.985E-5 1.05593E-4 1.53574E-4 8.8242E-5 1.27491E-4 2.16513E-4 2.27147E-4 1.18007E-4 7.8332E-5 1.05586E-4 1.12176E-4 1.06543E-4 1.01206E-4 1.19724E-4 1.13825E-4 9.6694E-5 1.11504E-4 9.6551E-5 1.45051E-4 1.12569E-4 9.6969E-5 9.2903E-5 1.04717E-4 7.7549E-5 1.12571E-4 1.70011E-4 1.52797E-4 1.08143E-4 8.6008E-5 1.43859E-4 1.40123E-4 2.96433E-4 1.11008E-4 9.1774E-5 1.11138E-4 1.15402E-4 1.30775E-4 1.00977E-4 9.0141E-5 1.01884E-4 1.70257E-4 1.13673E-4 1.09344E-4 1.21983E-4 1.75437E-4 1.99595E-4 1.28994E-4 9.4404E-5 1.09372E-4 8.7511E-5 1.00464E-4 1.0022E-4 1.10823E-4 1.05128E-4 1.05457E-4 1.00187E-4 9.6843E-5 9.1457E-5 8.849E-5 1.07769E-4 9.9974E-5 1.01388E-4 8.0292E-5 1.15931E-4 1.35881E-4 9.1409E-5 1.46129E-4 1.0436E-4 8.5253E-5 9.545E-5 9.7173E-5 1.06791E-4 1.55033E-4 8.5553E-5 1.02854E-4 9.0862E-5 9.4234E-5 1.08552E-4 9.3176E-5 1.14082E-4 1.06516E-4 1.10729E-4 1.00927E-4 9.6655E-5 1.43016E-4 1.46043E-4 1.52643E-4 1.34318E-4 2.07631E-4 1.66865E-4 1.56133E-4 1.79422E-4 1.66416E-4 1.66165E-4 1.72411E-4 1.47665E-4 1.49252E-4 1.3649E-4 1.93406E-4 1.59353E-4 1.32453E-4 9.9144E-5 1.10199E-4 8.8543E-5 1.01401E-4 9.8513E-5 9.5886E-5 1.51929E-4 1.03683E-4 1.7179E-4 2.38542E-4 1.53924E-4 1.25666E-4 1.55659E-4 1.62881E-4 1.26455E-4 1.13709E-4 2.12101E-4 1.33439E-4 2.05287E-4 1.21545E-4 1.03242E-4 1.55656E-4 1.33394E-4 1.18811E-4 1.1435E-4 1.8162E-4 1.0027E-4 1.02134E-4 1.21578E-4 1.11331E-4 1.51877E-4 1.07728E-4 1.20218E-4 1.13101E-4 1.41983E-4 1.24202E-4 9.6589E-5 9.8358E-5 9.8516E-5 1.23863E-4 1.17089E-4 9.1648E-5 9.6328E-5 1.25538E-4 9.8016E-5 1.04763E-4 1.32942E-4 1.00801E-4 9.6949E-5 1.95638E-4 1.89556E-4 1.37947E-4 8.4242E-5 1.11504E-4 9.8647E-5 8.9623E-5 8.7777E-5 7.5062E-5 1.02475E-4 9.6072E-5 9.0418E-5 7.9773E-5 1.40623E-4 1.1036E-4 9.1138E-5 1.08584E-4 1.02008E-4 1.21502E-4 1.07953E-4 1.01066E-4 8.6632E-5 1.14201E-4 8.2731E-5 1.08285E-4 9.2492E-5 9.5113E-5 8.6267E-5 7.3298E-5 9.7026E-5 1.01491E-4 1.01272E-4 8.913E-5 7.6361E-5 8.4213E-5 8.002E-5 9.1733E-5 7.7955E-5 8.2118E-5 8.6274E-5 8.8256E-5 9.6979E-5 8.2687E-5 8.8335E-5 1.00897E-4 9.072E-5 8.6779E-5 7.8882E-5 9.3198E-5 7.348E-5 9.0993E-5 7.8291E-5 9.6179E-5 7.1723E-5 9.2769E-5 8.9637E-5 8.3685E-5 8.5493E-5 7.0827E-5 9.4238E-5 9.1247E-5 8.477E-5 7.3037E-5 9.9916E-5 9.2345E-5 8.3769E-5 1.19814E-4 9.5191E-5 1.11385E-4 1.18304E-4 1.30155E-4 1.30383E-4 1.4998E-4 9.989E-5 1.10784E-4 1.07903E-4 1.0178E-4 1.17406E-4 1.41849E-4 1.16585E-4 1.97297E-4 1.85792E-4 2.60898E-4 1.94788E-4 1.27881E-4 1.02303E-4 1.31629E-4 9.2563E-5 9.5537E-5 1.41923E-4 1.07483E-4 1.14187E-4 1.01421E-4 1.11346E-4 1.77572E-4 1.35577E-4 1.29839E-4 3.27126E-4 2.10243E-4 8.4772E-5 1.02041E-4 1.20925E-4 1.07732E-4 7.9278E-5 1.15686E-4 1.3703E-4 1.85295E-4 1.23997E-4 1.37483E-4 1.22919E-4 1.18048E-4 1.27952E-4 8.1591E-5 1.15634E-4 1.19821E-4 1.20186E-4 1.42506E-4 9.5963E-5 1.1908E-4 1.60721E-4 1.0125E-4 8.4267E-5 1.03205E-4 9.5069E-5 1.18077E-4 9.9388E-5 1.08582E-4 1.36948E-4 1.5632E-4 1.515E-4 1.23247E-4 1.25437E-4 1.03733E-4 9.4091E-5 9.6207E-5 9.2163E-5 9.6457E-5 8.6943E-5 8.8367E-5 9.7076E-5 1.08234E-4 1.63641E-4 1.10311E-4 9.6243E-5 1.07547E-4 9.2889E-5 1.07712E-4 9.2438E-5 9.9451E-5 8.7974E-5 1.38381E-4 1.51479E-4 1.77059E-4 1.14566E-4 1.09703E-4 1.04363E-4 0.002138794 1.01596E-4 8.6173E-5 1.04877E-4 9.326E-5 9.392E-5 8.103E-5 1.10018E-4 9.3245E-5 9.0046E-5 9.9793E-5 7.9245E-5 5.1978E-5 8.3005E-5 8.7198E-5 7.9288E-5 1.06358E-4 7.4248E-5 9.9869E-5 8.7136E-5 9.1203E-5 8.8149E-5 7.5308E-5 9.6371E-5 9.2472E-5 1.11199E-4 9.3681E-5 1.18399E-4 9.5364E-5 9.1081E-5 9.9253E-5 8.7651E-5 1.17965E-4 1.1686E-4 9.7107E-5 9.9968E-5 8.6393E-5 9.0252E-5 1.01609E-4 8.6272E-5 8.311E-5 7.5522E-5 8.9281E-5 1.27691E-4 1.04648E-4 1.3217E-4 1.54971E-4 2.58837E-4 1.3491E-4 1.04253E-4 1.17043E-4 1.01743E-4 1.09716E-4 1.8836E-4 1.35945E-4 9.0734E-5 7.5432E-5 1.01813E-4 1.50276E-4 1.3244E-4 1.1061E-4 8.7234E-5 1.83806E-4 1.18247E-4 1.01628E-4 9.2723E-5 1.1348E-4 8.5458E-5 1.58696E-4 1.1926E-4 9.8139E-5 8.7224E-5 7.4282E-5 1.32396E-4 1.00777E-4 8.9788E-5 7.7671E-5 7.3472E-5 8.3282E-5 8.2487E-5 9.5897E-5 7.7808E-5 7.9169E-5 1.0257E-4 9.268E-5 9.9582E-5 8.4014E-5 1.00452E-4 1.07535E-4 9.0534E-5 8.5144E-5 1.01997E-4 9.8876E-5 8.2787E-5 9.3165E-5 7.6999E-5 1.09431E-4 1.60324E-4 2.06409E-4 3.31532E-4 1.13132E-4 9.6731E-5 7.8203E-5 1.00011E-4 9.6933E-5 1.06032E-4 8.212E-5 1.08314E-4 9.4331E-5 1.31248E-4 1.55873E-4 1.06981E-4 8.6777E-5 9.4185E-5 9.4259E-5 1.32567E-4 1.4927E-4 1.03606E-4 1.38505E-4 1.31053E-4 1.3502E-4 1.28421E-4 1.09019E-4 1.45906E-4 1.2443E-4 1.23764E-4 1.06222E-4 1.09089E-4 1.24933E-4 9.141E-5 9.8223E-5 1.01734E-4 1.88909E-4 1.04153E-4 1.23627E-4 1.33735E-4 1.19944E-4 1.13598E-4 1.16446E-4 1.09515E-4 1.12701E-4 9.6358E-5 2.31539E-4 1.17654E-4 3.627E-4 1.90553E-4 1.64311E-4 1.76747E-4 1.56353E-4 1.47177E-4 1.39304E-4 1.49142E-4 1.36786E-4 1.53763E-4 1.60856E-4 1.40011E-4 1.39948E-4 1.64021E-4 1.60795E-4 9.6044E-5 1.13799E-4 1.11701E-4 7.5567E-5 9.1983E-5 1.00514E-4 9.261E-5 1.0337E-4 8.7881E-5 2.14167E-4 3.04441E-4 2.92126E-4 1.51924E-4 1.11895E-4 3.5866E-4 2.1939E-4 1.52277E-4 1.16364E-4 7.6487E-5 1.11692E-4 8.7968E-5 9.0056E-5 8.7603E-5 1.11749E-4 2.41355E-4 1.87776E-4 2.41276E-4 1.00452E-4 8.9594E-5 2.14723E-4 1.055E-4 9.5417E-5 8.929E-5 9.8254E-5 7.9846E-5 1.00784E-4 9.8304E-5 1.21517E-4 9.926E-5 1.14824E-4 9.1564E-5 8.4711E-5 9.3464E-5 7.2079E-5 9.4162E-5 9.3909E-5 8.5663E-5 7.2707E-5 1.00611E-4 9.095E-5 8.1028E-5 9.5734E-5 6.8589E-5 7.9869E-5 9.272E-5 1.02141E-4 8.849E-5 9.9525E-5 1.13207E-4 1.03941E-4 8.896E-5 8.3658E-5 8.3997E-5 9.4844E-5 1.00165E-4 8.7993E-5 9.1832E-5 7.4299E-5 7.3467E-5 8.675E-5 9.8016E-5 9.4118E-5 9.6416E-5 1.30387E-4 1.07397E-4 8.7338E-5 1.84949E-4 9.9899E-5 1.68334E-4 1.39078E-4 9.8537E-5 9.1637E-5 7.9132E-5 9.2855E-5 8.0089E-5 9.761E-5 8.5128E-5 1.09038E-4 8.3689E-5 9.4862E-5 9.6311E-5 9.2318E-5 9.5559E-5 8.3101E-5 1.0576E-4 1.04195E-4 9.5661E-5 8.5129E-5 1.15065E-4 1.07019E-4 9.3439E-5 1.04859E-4 7.9395E-5 7.1409E-5 8.6645E-5 9.0122E-5 8.094E-5 1.06759E-4 8.0662E-5 1.05898E-4 1.00493E-4 8.6406E-5 9.1458E-5 8.0002E-5 1.67573E-4 1.01845E-4 1.42038E-4 1.11723E-4 1.80071E-4 1.9215E-4 1.02478E-4 1.16024E-4 9.2595E-5 8.4012E-5 9.989E-5 9.3411E-5 1.24091E-4 1.0269E-4 1.15052E-4 1.09382E-4 9.5835E-5 8.6644E-5 8.0133E-5 1.30098E-4 8.4638E-5 9.4619E-5 8.0124E-5 1.16947E-4 1.58E-4 1.643E-4 1.08058E-4 9.2043E-5 9.5257E-5 7.8101E-5 1.08523E-4 9.8868E-5 9.3702E-5 7.3179E-5 1.19112E-4 9.1137E-5 8.1825E-5 1.06356E-4 1.23818E-4 7.5198E-5 1.41326E-4 1.01498E-4 8.4001E-5 9.4499E-5 6.9424E-5 9.8067E-5 9.8297E-5 1.01682E-4 1.15733E-4 8.8153E-5 1.21328E-4 9.1931E-5 8.688E-5 7.6946E-5 7.5494E-5 8.4651E-5 8.0467E-5 8.9271E-5 7.5158E-5 7.6979E-5 8.5722E-5 9.5253E-5 1.0327E-4 9.4491E-5 9.007E-5 1.09417E-4 8.9316E-5 9.4552E-5 8.0371E-5 1.19818E-4 7.9812E-5 9.3515E-5 1.05256E-4 9.5687E-5 6.7757E-5 1.06639E-4 1.12167E-4 1.45359E-4 1.36696E-4 1.31017E-4 1.44799E-4 9.8149E-5 8.538E-5 7.4067E-5 9.8338E-5 9.1524E-5 7.973E-5 9.6134E-5 9.1218E-5 9.1548E-5 8.7702E-5 9.1621E-5 9.4685E-5 9.6929E-5 7.965E-5 1.48848E-4 9.7806E-5 8.2848E-5 9.1762E-5 8.9218E-5 1.0528E-4 1.06428E-4 9.1298E-5 8.5969E-5 8.4055E-5 9.5475E-5 8.0606E-5 9.2953E-5 7.7431E-5 9.1604E-5 8.9741E-5 8.8787E-5 1.05409E-4 8.6169E-5 9.3463E-5 1.08109E-4 9.4824E-5 9.5729E-5 8.2782E-5 9.6949E-5 6.9952E-5 8.6624E-5 7.3721E-5 9.0286E-5 7.4875E-5 9.7936E-5 1.78279E-4 9.0191E-5 1.03029E-4 1.00088E-4 1.03917E-4 1.01005E-4 1.37912E-4 1.26447E-4 1.03485E-4 1.23873E-4 8.3927E-5 9.3523E-5 1.0455E-4 1.21636E-4 9.9135E-5 1.00929E-4 9.1716E-5 9.9808E-5 7.1094E-5 1.12449E-4 1.12841E-4 7.6055E-5 8.1397E-5 7.5283E-5 9.1697E-5 8.6476E-5 1.06513E-4 9.1543E-5 7.0553E-5 7.7179E-5 7.189E-5 8.2785E-5 7.1328E-5 7.5263E-5 8.2575E-5 8.2527E-5 9.2382E-5 7.7319E-5 9.007E-5 9.251E-5 8.1468E-5 7.7565E-5 7.7416E-5 1.4802E-4 7.7762E-5 1.03321E-4 7.4269E-5 9.3102E-5 9.2591E-5 9.461E-5 8.6383E-5 8.5257E-5 7.8235E-5 6.7051E-5 8.7626E-5 1.00288E-4 7.6109E-5 6.5166E-5 9.303E-5 8.4239E-5 7.588E-5 8.9408E-5 6.3448E-5 1.4869E-4 8.8411E-5 8.7614E-5 8.5144E-5 8.6648E-5 7.8111E-5 1.32446E-4 1.36994E-4 2.17083E-4 1.7387E-4 1.33905E-4 1.38673E-4 1.04301E-4 1.06351E-4 8.8595E-5 8.6234E-5 1.06371E-4 1.10477E-4 1.01462E-4 8.2614E-5 8.4069E-5 8.7501E-5 8.555E-5 1.0713E-4 9.0313E-5 8.6213E-5 1.13043E-4 9.5092E-5 8.6139E-5 8.1653E-5 1.03703E-4 6.9202E-5 8.9412E-5 8.9899E-5 1.21886E-4 1.24276E-4 1.28181E-4 1.80138E-4 1.00751E-4 9.301E-5 8.2369E-5 1.05776E-4 9.8174E-5 8.7046E-5 7.2667E-5 1.09134E-4 1.31684E-4 9.1513E-5 1.03072E-4 7.6476E-5 7.3776E-5 8.4635E-5 8.8849E-5 7.9667E-5 9.234E-5 6.9959E-5 9.4307E-5 8.5553E-5 7.4399E-5 8.3789E-5 7.1241E-5 9.3168E-5 8.5643E-5 8.4744E-5 7.0414E-5 7.3056E-5 8.3609E-5 7.6994E-5 8.7676E-5 7.5472E-5 7.6713E-5 8.1784E-5 8.3756E-5 9.5067E-5 7.765E-5 7.9858E-5 9.925E-5 8.6554E-5 8.2139E-5 7.6759E-5 9.2199E-5 7.0394E-5 8.7957E-5 7.7122E-5 9.4253E-5 6.8138E-5 8.8354E-5 8.5101E-5 9.417E-5 8.571E-5 7.2359E-5 9.4366E-5 9.1741E-5 8.5731E-5 7.3092E-5 1.11237E-4 9.3849E-5 8.1739E-5 9.732E-5 7.0421E-5 1.3326E-4 1.35205E-4 9.7689E-5 9.5459E-5 9.7979E-5 7.2879E-5 9.8409E-5 8.634E-5 7.549E-5 8.7853E-5 7.3785E-5 9.5569E-5 8.911E-5 8.7502E-5 7.0894E-5 7.249E-5 8.4361E-5 7.8852E-5 9.0994E-5 7.6938E-5 7.9323E-5 8.4259E-5 8.4569E-5 9.3644E-5 8.0277E-5 7.9722E-5 9.8776E-5 8.8379E-5 8.4823E-5 7.7413E-5 1.05499E-4 7.4746E-5 9.3401E-5 8.5772E-5 9.8945E-5 7.1436E-5 8.9839E-5 8.6994E-5 8.4624E-5 8.1206E-5 7.0713E-5 9.2548E-5 9.3921E-5 8.3008E-5 7.0692E-5 1.07297E-4 9.31E-5 8.3445E-5 1.09762E-4 7.8204E-5 7.5046E-5 1.04446E-4 1.44317E-4 1.2261E-4 1.52687E-4 8.5486E-5 1.36044E-4 1.0043E-4 1.09023E-4 1.0914E-4 9.6757E-5 1.05141E-4 9.9514E-5 1.08715E-4 8.6427E-5 9.5192E-5 1.04159E-4 8.2159E-5 9.8249E-5 1.14713E-4 1.25197E-4 8.7953E-5 1.70008E-4 1.14412E-4 1.49401E-4 1.57641E-4 1.76378E-4 1.20864E-4 1.04223E-4 8.0263E-5 1.0427E-4 7.6657E-5 9.2864E-5 7.9193E-5 9.4616E-5 7.1428E-5 9.9096E-5 1.01609E-4 1.06259E-4 1.56317E-4 1.13229E-4 2.95135E-4 1.84369E-4 9.6239E-5 8.6619E-5 1.90733E-4 1.04579E-4 8.3711E-5 1.10827E-4 8.167E-5 1.79525E-4 1.11203E-4 1.12331E-4 1.15147E-4 1.11558E-4 7.7747E-5 1.73312E-4 1.86861E-4 9.454E-5 9.8022E-5 8.6117E-5 1.02242E-4 9.2942E-5 9.7704E-5 8.2282E-5 7.8861E-5 9.1572E-5 7.886E-5 9.2553E-5 9.3891E-5 1.23473E-4 1.09606E-4 9.6084E-5 1.0134E-4 8.0058E-5 8.2098E-5 1.0121E-4 9.0141E-5 1.08565E-4 1.33013E-4 1.63034E-4 1.64421E-4 1.28194E-4 1.34089E-4 1.12217E-4 8.0587E-5 9.6274E-5 8.8292E-5 8.5797E-5 8.5863E-5 7.3867E-5 3.58615E-4 1.19954E-4 9.6103E-5 7.7854E-5 1.1826E-4 1.14166E-4 9.416E-5 1.04613E-4 8.1037E-5 1.58143E-4 2.07352E-4 1.04873E-4 8.444E-5 9.7414E-5 7.9839E-5 1.04079E-4 1.00615E-4 7.9898E-5 9.6153E-5 7.5485E-5 9.7432E-5 9.006E-5 1.03041E-4 8.15E-5 8.5727E-5 9.3297E-5 9.0292E-5 1.03738E-4 9.0656E-5 8.7957E-5 9.733E-5 1.61533E-4 1.64351E-4 1.41228E-4 1.41472E-4 1.61444E-4 2.17401E-4 1.88591E-4 1.68704E-4 2.03851E-4 1.26831E-4 2.37399E-4 1.35847E-4 1.58332E-4 1.18152E-4 1.18365E-4 1.18435E-4 9.777E-5 9.7478E-5 8.4494E-5 1.20187E-4 1.11953E-4 1.09919E-4 1.04602E-4 1.13647E-4 9.6992E-5 1.04227E-4 1.19084E-4 1.13049E-4 1.5203E-4 1.50194E-4 2.64595E-4 1.91868E-4 1.90657E-4 1.01181E-4 1.46047E-4 1.85773E-4 1.06848E-4 1.29646E-4 1.46104E-4 1.3595E-4 1.05424E-4 1.27662E-4 2.11837E-4 9.7486E-5 9.4497E-5 8.1746E-5 9.4681E-5 8.245E-5 8.7384E-5 9.3867E-5 9.521E-5 1.02167E-4 8.1851E-5 7.6023E-5 1.14064E-4 1.38054E-4 1.09593E-4 8.5371E-5 1.04443E-4 7.3688E-5 9.2782E-5 7.855E-5 9.7559E-5 7.3294E-5 1.13292E-4 1.01028E-4 9.3223E-5 8.6605E-5 7.2035E-5 9.5114E-5 9.5627E-5 8.4866E-5 7.2115E-5 1.04098E-4 9.3299E-5 8.1061E-5 9.5923E-5 7.054E-5 7.2666E-5 8.7246E-5 1.05672E-4 1.00883E-4 1.48458E-4 1.28975E-4 1.8528E-4 3.76994E-4 9.0573E-5 9.171E-5 9.3371E-5 1.2937E-4 1.65813E-4 9.8421E-5 8.3535E-5 9.0436E-5 9.7404E-5 2.14589E-4 1.03551E-4 8.4795E-5 8.7572E-5 9.7412E-5 9.1422E-5 1.04387E-4 8.3907E-5 9.4683E-5 1.07873E-4 9.6847E-5 9.2674E-5 7.9727E-5 9.2907E-5 7.1881E-5 9.7648E-5 9.8384E-5 9.7859E-5 1.10108E-4 1.08034E-4 1.59963E-4 1.85277E-4 1.34492E-4 8.7831E-5 1.00097E-4 1.04116E-4 9.3892E-5 7.9447E-5 1.23277E-4 1.11196E-4 9.627E-5 1.06313E-4 1.02787E-4 8.2796E-5 8.854E-5 9.2145E-5 8.4282E-5 9.6691E-5 7.3411E-5 9.8683E-5 8.8549E-5 7.7122E-5 8.5433E-5 8.5296E-5 1.01535E-4 8.9692E-5 8.522E-5 7.1282E-5 7.3721E-5 8.3809E-5 7.7768E-5 9.8645E-5 8.664E-5 8.6761E-5 1.11554E-4 9.8811E-5 1.21906E-4 1.2104E-4 1.7014E-4 1.20043E-4 9.8325E-5 8.7196E-5 7.9717E-5 1.44486E-4 7.6823E-5 9.091E-5 9.5449E-5 1.35696E-4 9.0425E-5 9.5318E-5 9.5667E-5 9.5822E-5 8.8034E-5 7.6306E-5 1.07996E-4 1.15013E-4 9.2088E-5 1.00229E-4 1.06273E-4 9.7228E-5 8.5718E-5 1.08351E-4 9.4898E-5 8.8413E-5 8.9146E-5 9.1385E-5 1.05346E-4 1.19954E-4 7.3863E-5 9.7374E-5 8.8743E-5 7.4015E-5 7.9888E-5 7.2535E-5 9.5291E-5 8.9283E-5 8.231E-5 7.0365E-5 7.3614E-5 1.01226E-4 9.9372E-5 9.9084E-5 7.942E-5 7.9916E-5 9.6974E-5 9.3416E-5 9.8061E-5 9.0091E-5 8.0259E-5 1.0136E-4 8.9283E-5 8.5111E-5 7.6415E-5 9.1513E-5 7.067E-5 9.2057E-5 7.7288E-5 9.4364E-5 6.9078E-5 9.0967E-5 8.6009E-5 7.8738E-5 8.7431E-5 7.9018E-5 9.9508E-5 9.8422E-5 1.04474E-4 7.5019E-5 1.01129E-4 1.06929E-4 8.2567E-5 9.9472E-5 7.1973E-5 7.1885E-5 8.6667E-5 8.9684E-5 8.0958E-5 9.4811E-5 8.3818E-5 1.07752E-4 9.4194E-5 7.8837E-5 1.29387E-4 7.699E-5 1.12657E-4 1.0155E-4 1.00009E-4 7.8924E-5 8.8257E-5 1.00738E-4 9.9118E-5 1.05068E-4 9.3842E-5 9.6454E-5 1.06609E-4 9.2671E-5 1.16375E-4 1.31051E-4 8.3119E-5 1.06298E-4 1.26313E-4 2.12004E-4 2.61161E-4 1.41654E-4 1.36479E-4 1.06882E-4 8.7807E-5 1.11423E-4 7.8172E-5 9.7642E-5 1.00391E-4 8.7868E-5 8.8499E-5 8.371E-5 1.36001E-4 1.58804E-4 1.44705E-4 1.20268E-4 1.46802E-4 1.02598E-4 8.5726E-5 1.53773E-4 9.8903E-5 9.4524E-5 1.03675E-4 1.09796E-4 1.11562E-4 1.45543E-4 1.61554E-4 1.54787E-4 1.11287E-4 8.2193E-5 1.08286E-4 8.7494E-5 1.04831E-4 9.5526E-5 9.0238E-5 7.8921E-5 8.4047E-5 1.0588E-4 1.18238E-4 1.11903E-4 9.1013E-5 8.6506E-5 1.0882E-4 1.31451E-4 1.23742E-4 1.39859E-4 1.397E-4 1.47262E-4 1.08539E-4 9.1605E-5 8.1917E-5 1.00641E-4 1.11233E-4 1.07398E-4 1.05748E-4 1.0291E-4 8.7029E-5 1.07329E-4 1.27474E-4 9.1679E-5 9.0055E-5 7.6648E-5 9.9958E-5 9.5081E-5 8.9239E-5 7.5612E-5 1.0587E-4 9.8524E-5 8.9515E-5 1.22327E-4 7.687E-5 7.4153E-5 1.30165E-4 1.07563E-4 9.8194E-5 1.21518E-4 8.0889E-5 1.0526E-4 9.393E-5 7.934E-5 8.5469E-5 7.778E-5 1.06029E-4 1.06681E-4 9.1009E-5 7.379E-5 7.9025E-5 9.6237E-5 1.3645E-4 1.1473E-4 1.02599E-4 1.49155E-4 1.94802E-4 2.02398E-4 1.19046E-4 9.9958E-5 8.8669E-5 1.11386E-4 9.8731E-5 9.2695E-5 8.3687E-5 1.00657E-4 7.7138E-5 1.37184E-4 9.1256E-5 1.14579E-4 8.1116E-5 9.9466E-5 9.3867E-5 8.5287E-5 9.2739E-5 1.13265E-4 1.19277E-4 1.02766E-4 9.1982E-5 7.6841E-5 1.16625E-4 1.02322E-4 8.3588E-5 1.04963E-4 8.43E-5 8.8164E-5 1.01971E-4 9.7833E-5 1.0066E-4 1.36653E-4 9.3317E-5 1.26094E-4 1.85775E-4 1.16266E-4 1.11256E-4 9.4162E-5 1.1935E-4 1.11398E-4 9.1936E-5 8.3743E-5 1.04052E-4 1.04516E-4 8.7595E-5 1.08252E-4 2.38716E-4 2.94812E-4 1.35342E-4 1.04338E-4 1.13874E-4 9.185E-5 8.6567E-5 1.11255E-4 1.0147E-4 9.7165E-5 1.00115E-4 1.07267E-4 8.3909E-5 1.03584E-4 8.8227E-5 1.01562E-4 1.18266E-4 1.08917E-4 9.8096E-5 9.9469E-5 1.17255E-4 1.02216E-4 1.24156E-4 1.65209E-4 1.57933E-4 1.08215E-4 1.29616E-4 1.15482E-4 9.014E-5 1.17434E-4 1.72419E-4 9.8974E-5 1.08616E-4 1.17554E-4 1.71517E-4 1.19247E-4 8.7543E-5 1.15666E-4 1.22129E-4 1.2287E-4 1.09233E-4 8.3258E-5 1.0835E-4 1.18554E-4 2.00026E-4 1.16373E-4 9.1974E-5 9.7069E-5 1.08222E-4 2.16484E-4 1.18143E-4 1.51168E-4 1.16541E-4 1.49649E-4 3.1295E-4 1.16617E-4 1.56602E-4 1.40426E-4 1.21942E-4 1.3028E-4 1.00709E-4 1.181E-4 8.8337E-5 1.11504E-4 9.2843E-5 1.20361E-4 1.0236E-4 1.45093E-4 1.57589E-4 1.10564E-4 1.18233E-4 1.92652E-4 2.78777E-4 1.25122E-4 1.03607E-4 9.7689E-5 1.26257E-4 1.11748E-4 9.5795E-5 1.17282E-4 8.4576E-5 8.6837E-5 1.0258E-4 1.37839E-4 1.07225E-4 1.361E-4 8.8929E-5 1.21989E-4 1.1007E-4 9.7033E-5 9.9065E-5 9.6688E-5 1.94961E-4 1.50702E-4 1.40532E-4 1.17439E-4 1.30284E-4 1.52389E-4 1.43942E-4 1.64367E-4 1.45125E-4 1.43189E-4 1.55513E-4 1.52866E-4 1.14001E-4 1.43494E-4 1.37677E-4 1.71164E-4 1.63957E-4 1.16404E-4 9.6098E-5 1.21053E-4 1.14942E-4 1.57922E-4 1.32311E-4 1.63042E-4 9.5839E-5 1.16247E-4 1.63861E-4 1.85431E-4 2.11535E-4 1.08602E-4 1.94698E-4 1.42049E-4 1.05916E-4 1.21708E-4 1.56826E-4 1.2927E-4 1.89466E-4 1.23439E-4 9.1984E-5 8.3895E-5 9.4469E-5 9.5228E-5 9.1823E-5 1.1739E-4 1.09275E-4 1.36526E-4 1.02465E-4 8.1134E-5 7.8744E-5 1.01348E-4 1.18562E-4 1.05374E-4 9.8818E-5 7.7228E-5 9.1897E-5 9.4619E-5 8.8083E-5 9.8332E-5 9.3679E-5 9.4456E-5 9.2688E-5 9.4035E-5 1.17096E-4 9.0519E-5 1.00752E-4 1.458E-4 9.5887E-5 9.9069E-5 1.58013E-4 1.8893E-4 1.52685E-4 1.07054E-4 8.4187E-5 1.02145E-4 7.3962E-5 9.5639E-5 9.9671E-5 9.2625E-5 9.1631E-5 7.7489E-5 1.02504E-4 1.09615E-4 9.5242E-5 8.0472E-5 1.22627E-4 1.41679E-4 1.16195E-4 1.28956E-4 8.1831E-5 9.3337E-5 1.06298E-4 1.01276E-4 9.0177E-5 1.0538E-4 7.877E-5 1.1228E-4 1.00472E-4 8.6826E-5 8.2477E-5 7.9657E-5 1.05676E-4 1.04467E-4 8.0735E-5 8.5324E-5 7.8412E-5 8.6917E-5 8.0559E-5 9.4101E-5 8.2431E-5 8.2336E-5 8.789E-5 8.8103E-5 9.9426E-5 7.9269E-5 7.7279E-5 1.45084E-4 1.01371E-4 1.20229E-4 1.46926E-4 3.53032E-4 1.17351E-4 1.21024E-4 1.35975E-4 1.29152E-4 8.9946E-5 1.16849E-4 1.48716E-4 9.3122E-5 1.21914E-4 8.7388E-5 1.11962E-4 1.24855E-4 1.16027E-4 1.04023E-4 1.13812E-4 1.18634E-4 2.14375E-4 1.13524E-4 7.4751E-5 6.8963E-5 8.7567E-5 8.7924E-5 8.4034E-5 1.10355E-4 7.715E-5 1.11599E-4 9.038E-5 7.7481E-5 8.2724E-5 9.0389E-5 1.06431E-4 9.5609E-5 7.6192E-5 6.7078E-5 7.8823E-5 8.6138E-5 7.786E-5 9.7942E-5 9.2283E-5 8.5382E-5 8.6793E-5 1.01199E-4 1.91208E-4 2.90677E-4 1.35987E-4 1.19413E-4 9.5854E-5 1.00047E-4 8.079E-5 9.8544E-5 7.4928E-5 9.3243E-5 8.0038E-5 9.848E-5 1.10844E-4 1.90668E-4 1.0077E-4 8.4853E-5 9.4277E-5 8.4882E-5 1.04533E-4 1.03293E-4 9.9215E-5 8.1318E-5 1.15416E-4 1.06755E-4 9.2167E-5 1.45832E-4 8.4003E-5 8.5423E-5 1.00549E-4 1.08731E-4 8.8687E-5 1.03447E-4 7.4701E-5 1.19181E-4 1.09254E-4 7.8171E-5 7.553E-5 9.8436E-5 1.04652E-4 9.1486E-5 9.0858E-5 1.88401E-4 1.33361E-4 9.2745E-5 7.9434E-5 1.09319E-4 9.302E-5 8.7579E-5 9.1903E-5 9.3216E-5 1.06883E-4 8.8772E-5 8.3602E-5 1.06785E-4 9.3879E-5 8.4888E-5 7.3912E-5 9.3896E-5 7.2112E-5 1.03459E-4 8.3465E-5 1.08679E-4 7.6397E-5 9.5396E-5 8.8173E-5 7.541E-5 8.4858E-5 8.0266E-5 1.09562E-4 1.05477E-4 1.21372E-4 9.1918E-5 1.16094E-4 1.82269E-4 1.24269E-4 1.26919E-4 7.2958E-5 1.15613E-4 1.56543E-4 9.6403E-5 8.5206E-5 1.09215E-4 7.9643E-5 2.48293E-4 1.17717E-4 1.26385E-4 8.7329E-5 9.296E-5 1.47189E-4 1.32421E-4 1.03754E-4 1.04071E-4 1.37271E-4 1.13674E-4 7.7432E-5 9.3308E-5 8.7879E-5 9.3624E-5 9.5803E-5 1.04985E-4 1.29733E-4 9.6295E-5 9.1952E-5 1.062E-4 9.4054E-5 8.9591E-5 7.6175E-5 9.6983E-5 7.5314E-5 8.8702E-5 8.1916E-5 1.13435E-4 8.1981E-5 1.13657E-4 9.564E-5 7.9319E-5 8.9101E-5 7.6261E-5 9.8562E-5 1.04194E-4 1.01406E-4 1.12746E-4 1.19216E-4 1.8873E-4 1.9189E-4 1.92445E-4 1.02909E-4 6.9733E-5 8.8975E-5 1.00908E-4 8.6127E-5 9.9698E-5 7.3561E-5 9.6012E-5 9.3708E-5 7.5652E-5 7.232E-5 7.3905E-5 9.9064E-5 8.9778E-5 8.4376E-5 6.9085E-5 8.4409E-5 8.5593E-5 8.5282E-5 1.03867E-4 8.9643E-5 8.1898E-5 8.4759E-5 8.7452E-5 1.09494E-4 7.986E-5 7.507E-5 9.9954E-5 8.9995E-5 8.3896E-5 7.2809E-5 9.4926E-5 7.4143E-5 8.9966E-5 7.6553E-5 9.4883E-5 6.9442E-5 8.7606E-5 8.1221E-5 6.8483E-5 7.9557E-5 8.7813E-5 9.5873E-5 1.00114E-4 1.08005E-4 7.2615E-5 1.11086E-4 9.7704E-5 7.9322E-5 9.3634E-5 6.6454E-5 6.1488E-5 8.1566E-5 8.23E-5 7.8602E-5 9.082E-5 6.8462E-5 9.0124E-5 1.18189E-4 9.4953E-5 7.1889E-5 8.145E-5 1.04157E-4 9.3275E-5 7.6067E-5 7.0735E-5 7.262E-5 8.7774E-5 6.9808E-5 8.4215E-5 8.2019E-5 7.4817E-5 7.7899E-5 8.0076E-5 9.1119E-5 6.9015E-5 6.5391E-5 9.0801E-5 8.3912E-5 7.7322E-5 6.4244E-5 8.5423E-5 7.4083E-5 9.3714E-5 8.0772E-5 9.2009E-5 6.5669E-5 8.4155E-5 7.7484E-5 6.4257E-5 7.5997E-5 6.45E-5 8.48E-5 7.5634E-5 7.5467E-5 6.5398E-5 9.3521E-5 1.07115E-4 8.0914E-5 9.5561E-5 7.0715E-5 9.4444E-5 9.3945E-5 9.1152E-5 8.4951E-5 1.35902E-4 8.2043E-5 1.24173E-4 9.6892E-5 9.0146E-5 8.7983E-5 9.5942E-5 1.10114E-4 1.05112E-4 9.379E-5 7.777E-5 9.7677E-5 9.1807E-5 9.453E-5 1.13268E-4 8.9366E-5 1.54208E-4 1.14069E-4 1.69413E-4 1.82108E-4 1.95383E-4 8.6831E-5 1.07935E-4 9.5386E-5 9.1237E-5 1.28877E-4 1.56697E-4 1.35376E-4 1.15524E-4 9.3491E-5 1.20588E-4 8.0703E-5 1.04276E-4 9.1614E-5 7.9077E-5 1.48087E-4 1.38237E-4 1.32379E-4 9.4096E-5 1.00749E-4 7.8209E-5 1.22765E-4 1.1672E-4 8.1884E-5 1.04838E-4 7.4537E-5 9.3949E-5 9.2218E-5 8.8655E-5 8.6796E-5 1.02576E-4 8.4077E-5 1.12762E-4 9.5024E-5 7.3544E-5 7.2538E-5 7.2567E-5 1.12049E-4 1.30795E-4 9.717E-5 7.0178E-5 7.8829E-5 8.917E-5 5.7111E-5 1.09154E-4 9.0078E-5 1.09589E-4 1.23542E-4 1.31655E-4 1.31084E-4 8.8066E-5 8.7457E-5 1.26271E-4 1.06289E-4 9.9188E-5 1.13432E-4 1.13947E-4 1.00646E-4 1.04122E-4 1.38415E-4 1.5659E-4 9.196E-5 1.17067E-4 1.08343E-4 9.0011E-5 1.09775E-4 9.1877E-5 1.16152E-4 1.10618E-4 9.833E-5 1.20231E-4 1.17079E-4 1.02645E-4 8.7993E-5 1.13692E-4 7.5544E-5 

Timer for Syntactic Relevance:: 2.131533135
Timer for solver: 0.655255952
		DELL.SPLX	DELL_C250_0.TESTCASES
			Diag: [mandatory(Dell Laptops/Notebooks, Product Category), mandatory(Dell Laptops/Notebooks, Operating System), mandatory(Dell Laptops/Notebooks, Hard Drive), mandatory(Dell Laptops/Notebooks, Laptop Weight), mandatory(Dell Laptops/Notebooks, Memory), mandatory(Dell Laptops/Notebooks, Processor), mandatory(Dell Laptops/Notebooks, Price), alternative(Product Category, Mini Notebooks, Inspiron Laptops, Studio Laptops, XPS Laptops, Adamo, Studio XPS Laptops), alternative(Operating System, Windows Vista 64 bit, Windows XP Home, Ubuntu Linux, Windows 7, Windows 8), alternative(Hard Drive, 500GB, 320GB, 250GB, 160GB, 128GB Solid State, 120GB, 80GB), excludes(XPS Laptops, Ubuntu Linux), excludes(Studio Laptops, 128GB Solid State), excludes(Inspiron Laptops, Windows Vista 64 bit), excludes(Inspiron Laptops, Ubuntu Linux), excludes(Adamo, CD_DVD +RW), excludes(Studio XPS Laptops, 120GB)]
			Diag size: 16
The size of Consistency checks: 628309
The number of Choco Solver calls: 6350
The number of different: 3
The number of INconsistent: 130
The number of union: 243
The number of post constraints: 628309
The number of consistent: 6220
The number of unpost constraints: 628309
The number of Consistency checks: 122

Timer for Syntactic Relevance:[thread=1]: 1.969007352
1.969007352 
Timer for solver[thread=1]: 0.603476876
3.29242E-4 1.06528E-4 9.4245E-5 7.7581E-5 9.8189E-5 9.58E-5 1.11545E-4 7.0685E-5 8.1733E-5 9.5535E-5 2.12324E-4 1.5893E-4 1.01911E-4 1.02005E-4 2.47162E-4 1.76719E-4 1.38092E-4 3.02253E-4 7.5263E-5 1.93819E-4 1.46428E-4 1.44906E-4 8.8762E-5 1.32539E-4 9.76E-5 7.0162E-5 7.7417E-5 3.4885E-5 3.7047E-5 3.7528E-5 2.18055E-4 4.11929E-4 9.2905E-5 9.8373E-5 2.62807E-4 1.64113E-4 9.5411E-5 1.74836E-4 1.25299E-4 9.2987E-5 1.0404E-4 8.3412E-5 6.9313E-5 8.391E-5 1.11092E-4 8.3343E-5 8.5317E-5 1.32527E-4 1.04287E-4 9.9366E-5 5.3431E-5 3.901E-5 3.9169E-5 3.4364E-5 3.3549E-5 3.6885E-5 3.4337E-5 3.2459E-5 3.1633E-5 6.7203E-5 9.3392E-5 8.0506E-5 9.8858E-5 1.66996E-4 2.99657E-4 2.47908E-4 1.30769E-4 7.7128E-5 7.7487E-5 8.2803E-5 1.04888E-4 8.7357E-5 1.43135E-4 9.0034E-5 1.14697E-4 9.4993E-5 9.9309E-5 1.04436E-4 9.9575E-5 9.2003E-5 1.07862E-4 1.09237E-4 8.5096E-5 1.05166E-4 7.8109E-5 1.18145E-4 1.03858E-4 1.16326E-4 1.54314E-4 2.4397E-4 1.13724E-4 1.18869E-4 1.27802E-4 1.09479E-4 1.91428E-4 1.31513E-4 1.23586E-4 1.23464E-4 1.57405E-4 1.06535E-4 5.5619E-5 7.5823E-5 4.0E-5 4.5516E-5 5.6764E-5 3.7033E-5 3.5504E-5 3.5382E-5 3.854E-5 3.6165E-5 3.5672E-5 3.485E-5 6.2737E-5 3.9613E-5 3.5683E-5 3.9851E-5 4.2867E-5 4.1614E-5 3.5031E-5 4.3927E-5 8.2992E-5 8.0943E-5 1.02318E-4 4.1196E-5 1.36072E-4 9.0602E-5 6.544E-5 6.9575E-5 5.8186E-5 4.6577E-5 1.30193E-4 8.4746E-5 9.8748E-5 7.5502E-5 7.5357E-5 1.26442E-4 1.48473E-4 1.09421E-4 9.8874E-5 1.53938E-4 1.30828E-4 9.5889E-5 9.3717E-5 8.6625E-5 8.2642E-5 7.3669E-5 8.7412E-5 1.10501E-4 1.11181E-4 1.08984E-4 1.01896E-4 7.6119E-5 7.2196E-5 1.10008E-4 1.13186E-4 8.2833E-5 7.2857E-5 6.8122E-5 9.7458E-5 1.0457E-4 7.2288E-5 7.3371E-5 6.503E-5 7.3185E-5 6.4441E-5 8.2949E-5 9.9498E-5 1.0332E-4 7.058E-5 8.4479E-5 9.0165E-5 7.7786E-5 1.38468E-4 1.3383E-4 8.0306E-5 7.3747E-5 7.1537E-5 8.6508E-5 9.032E-5 8.6271E-5 6.4196E-5 7.2286E-5 6.6933E-5 7.0583E-5 6.5752E-5 7.8955E-5 7.0926E-5 8.7764E-5 8.15E-5 9.1468E-5 9.8449E-5 7.5028E-5 7.1524E-5 7.8473E-5 7.2997E-5 8.1698E-5 9.0481E-5 6.8203E-5 6.8953E-5 6.6091E-5 1.02024E-4 1.02252E-4 7.1808E-5 6.3784E-5 7.5869E-5 9.0355E-5 1.0552E-4 1.23626E-4 2.71593E-4 1.77185E-4 1.34437E-4 1.07426E-4 1.57688E-4 1.01398E-4 8.9501E-5 8.532E-5 8.4724E-5 7.1159E-5 7.6958E-5 6.6677E-5 9.9359E-5 1.04476E-4 9.2207E-5 8.4712E-5 7.988E-5 7.7897E-5 8.9286E-5 8.6418E-5 9.0593E-5 6.7526E-5 7.1557E-5 9.4003E-5 1.39569E-4 1.26216E-4 1.03575E-4 1.15263E-4 8.1817E-5 9.2539E-5 8.5357E-5 9.834E-5 7.2622E-5 8.861E-5 8.5158E-5 7.0314E-5 8.3225E-5 8.8096E-5 7.9972E-5 7.8906E-5 9.6862E-5 9.0229E-5 1.07566E-4 8.9279E-5 9.5641E-5 8.7125E-5 8.5972E-5 8.8906E-5 8.9835E-5 9.0548E-5 9.114E-5 1.04654E-4 8.8692E-5 8.7261E-5 9.3134E-5 8.7723E-5 8.706E-5 8.4031E-5 8.7399E-5 9.0501E-5 1.27432E-4 1.02445E-4 8.8444E-5 8.7717E-5 8.4532E-5 8.8176E-5 8.3381E-5 8.6876E-5 9.1493E-5 8.2567E-5 8.999E-5 8.5901E-5 8.9382E-5 8.3913E-5 9.1135E-5 8.79E-5 8.8056E-5 8.6097E-5 8.7325E-5 9.0706E-5 8.5334E-5 8.9115E-5 8.6962E-5 8.6984E-5 8.7476E-5 8.7735E-5 8.7603E-5 8.5931E-5 8.9491E-5 9.2282E-5 9.0085E-5 9.0499E-5 1.07258E-4 8.6736E-5 9.1296E-5 8.8296E-5 8.3737E-5 8.7234E-5 8.5641E-5 4.3476E-5 8.6256E-5 8.379E-5 1.1634E-5 8.591E-6 8.5403E-5 8.3706E-5 8.4235E-5 8.2567E-5 8.6216E-5 8.8539E-5 8.5228E-5 8.9374E-5 8.4989E-5 8.4079E-5 8.2719E-5 8.613E-5 8.418E-5 8.3533E-5 9.0752E-5 8.5623E-5 8.5957E-5 8.2818E-5 8.7255E-5 8.722E-5 8.815E-5 8.6848E-5 9.1672E-5 8.3972E-5 8.3843E-5 8.8859E-5 8.508E-5 8.4348E-5 8.4443E-5 8.1841E-5 8.7068E-5 8.5628E-5 8.509E-5 8.4026E-5 8.8453E-5 8.8156E-5 8.5364E-5 8.309E-5 9.0479E-5 8.6775E-5 8.9416E-5 8.9754E-5 4.5688E-5 1.355E-5 9.844E-6 1.8999E-4 1.4825E-5 8.8111E-5 9.501E-5 1.9504E-5 8.8443E-5 9.0209E-5 8.5794E-5 8.5182E-5 8.7446E-5 2.7459E-5 1.6087E-5 1.06116E-4 9.6496E-5 9.2057E-5 9.289E-5 2.9491E-5 8.6426E-5 8.8341E-5 9.0829E-5 8.4368E-5 8.3816E-5 8.7803E-5 8.8773E-5 8.8113E-5 8.8339E-5 8.8204E-5 8.7421E-5 2.8278E-5 1.146E-5 9.219E-5 8.5466E-5 9.1098E-5 8.4356E-5 8.6095E-5 8.7577E-5 9.011E-5 8.8696E-5 8.8947E-5 9.4608E-5 1.53667E-4 9.9846E-5 2.9103E-5 9.7481E-5 1.9568E-5 9.1904E-5 8.4897E-5 8.8745E-5 8.9907E-5 8.9974E-5 9.3257E-5 9.3928E-5 8.8535E-5 8.6583E-5 8.4396E-5 8.5782E-5 1.962E-5 9.018E-6 8.549E-6 8.5234E-5 8.8876E-5 8.3124E-5 9.1785E-5 8.5536E-5 8.6766E-5 1.2987E-5 8.5032E-5 8.2552E-5 9.834E-6 8.7725E-5 1.0985E-5 8.7753E-5 8.4231E-5 8.7193E-5 8.3749E-5 8.889E-5 8.6724E-5 8.633E-5 8.389E-5 8.7772E-5 8.8223E-5 1.9361E-5 1.2938E-5 8.806E-6 8.974E-6 8.7319E-5 8.87E-5 8.726E-5 1.2922E-5 9.0318E-5 9.0493E-5 8.8033E-5 8.6934E-5 1.10077E-4 9.2292E-5 9.8587E-5 9.9626E-5 8.8465E-5 8.8342E-5 8.9328E-5 8.63E-5 8.7129E-5 8.4198E-5 8.5151E-5 9.7554E-5 8.7363E-5 8.6971E-5 8.9075E-5 8.3444E-5 1.03775E-4 1.59011E-4 9.6384E-5 9.4432E-5 8.861E-5 8.8165E-5 8.7534E-5 8.6684E-5 8.8099E-5 8.6444E-5 9.317E-5 8.6516E-5 8.9658E-5 8.6368E-5 8.9626E-5 8.7424E-5 9.0287E-5 8.8572E-5 9.0762E-5 8.5956E-5 8.6641E-5 9.0102E-5 8.4838E-5 8.7861E-5 8.415E-5 8.6155E-5 8.753E-5 8.9563E-5 8.914E-5 8.8712E-5 8.8253E-5 9.2325E-5 8.7413E-5 9.0116E-5 1.01499E-4 8.8085E-5 9.116E-5 9.8226E-5 8.5104E-5 8.7316E-5 8.7881E-5 8.882E-5 8.7737E-5 8.8189E-5 8.7403E-5 8.5933E-5 8.5682E-5 8.4197E-5 8.9453E-5 2.66E-5 3.5047E-5 1.06996E-4 1.8585E-5 9.322E-5 1.3667E-4 9.0394E-5 8.7284E-5 9.2707E-5 8.7802E-5 1.10011E-4 4.7279E-5 9.2336E-5 1.7328E-5 1.03279E-4 1.08972E-4 9.3265E-5 1.00283E-4 9.5373E-5 9.3089E-5 5.443E-5 9.1619E-5 9.2797E-5 8.6721E-5 8.6973E-5 8.7611E-5 9.5588E-5 9.3156E-5 9.1935E-5 9.8717E-5 2.2282E-5 8.7273E-5 8.9323E-5 8.8956E-5 8.8895E-5 2.4571E-5 9.0917E-5 9.3138E-5 1.7808E-5 9.522E-5 1.14496E-4 1.71107E-4 8.8744E-5 8.804E-5 8.4054E-5 8.5943E-5 8.7128E-5 2.1091E-5 8.5519E-5 8.6841E-5 8.1999E-5 8.475E-5 8.8537E-5 8.3059E-5 9.2193E-5 1.2849E-5 8.6496E-5 8.5135E-5 8.6025E-5 8.3919E-5 9.0675E-5 1.2766E-4 1.43865E-4 1.48302E-4 1.4496E-4 1.52071E-4 1.44452E-4 1.51781E-4 1.48094E-4 1.45571E-4 1.37706E-4 3.8564E-5 1.45372E-4 1.9276E-5 1.31888E-4 1.28587E-4 1.36671E-4 1.38154E-4 1.9751E-5 1.46794E-4 1.50567E-4 1.9159E-5 1.56878E-4 1.5616E-5 1.51224E-4 1.56916E-4 1.43505E-4 1.59259E-4 1.46761E-4 2.858E-5 1.85142E-4 1.6161E-4 1.51895E-4 1.55365E-4 3.6448E-5 1.51042E-4 1.91546E-4 1.40767E-4 3.8212E-5 1.0047E-4 1.43737E-4 4.124E-5 1.14267E-4 8.7895E-5 9.264E-5 2.2228E-5 8.7623E-5 1.1828E-5 8.4569E-5 8.2734E-5 1.12604E-4 1.08144E-4 8.5108E-5 1.503E-5 8.6707E-5 1.0583E-5 8.3158E-5 8.8201E-5 1.244E-5 8.981E-5 8.5203E-5 8.5222E-5 1.0819E-5 8.3477E-5 8.4109E-5 1.0279E-5 8.3087E-5 9.0089E-5 8.4652E-5 8.447E-5 8.9838E-5 8.6635E-5 8.9841E-5 1.08588E-4 1.47354E-4 1.06787E-4 9.0057E-5 9.1192E-5 9.219E-5 1.20577E-4 8.9573E-5 1.22782E-4 8.7814E-5 1.41879E-4 9.0382E-5 9.0469E-5 9.1062E-5 9.8278E-5 1.05254E-4 9.6348E-5 9.2235E-5 9.8042E-5 1.0415E-4 1.04116E-4 1.00657E-4 9.1382E-5 8.6403E-5 8.8042E-5 8.3232E-5 2.9692E-5 9.1418E-5 9.7819E-5 2.4304E-5 8.8919E-5 1.3737E-5 9.4966E-5 1.2108E-5 9.0558E-5 9.0389E-5 1.2235E-5 8.6278E-5 9.657E-5 9.7661E-5 1.03392E-4 8.9598E-5 8.7087E-5 4.9101E-5 9.2902E-5 9.0654E-5 8.7608E-5 8.6601E-5 8.8024E-5 8.9689E-5 8.5448E-5 9.3944E-5 9.3542E-5 9.0595E-5 8.9384E-5 9.7179E-5 9.2157E-5 5.6594E-5 9.3379E-5 7.9331E-5 7.9747E-5 8.041E-5 2.133E-5 8.1894E-5 9.0023E-5 8.0725E-5 8.5791E-5 8.2101E-5 1.00308E-4 9.1116E-5 9.6588E-5 6.7338E-5 1.09933E-4 1.06876E-4 9.3182E-5 8.6683E-5 8.3748E-5 8.0347E-5 9.1119E-5 8.9264E-5 9.2192E-5 8.5407E-5 9.1485E-5 2.9609E-5 9.6966E-5 8.3138E-5 9.4063E-5 2.3385E-5 9.4587E-5 9.7184E-5 8.3936E-5 9.546E-5 2.2935E-5 1.00327E-4 1.04011E-4 1.00168E-4 2.3807E-5 9.4285E-5 9.6568E-5 8.5886E-5 9.2297E-5 8.122E-5 1.38107E-4 1.11809E-4 9.1887E-5 9.365E-5 8.0427E-5 7.8709E-5 2.8389E-5 1.5771E-5 8.4443E-5 9.4471E-5 9.4952E-5 9.9006E-5 9.3902E-5 7.952E-5 1.08688E-4 8.9551E-5 9.2572E-5 8.6202E-5 3.0475E-5 9.739E-5 9.3675E-5 2.8343E-5 8.3807E-5 8.092E-5 8.2891E-5 8.1979E-5 1.29947E-4 8.8739E-5 8.3765E-5 8.8842E-5 8.3449E-5 9.496E-5 3.9823E-5 8.8555E-5 8.7315E-5 7.8017E-5 7.6228E-5 2.0251E-5 7.9414E-5 9.2536E-5 8.2631E-5 7.8431E-5 1.7721E-5 8.2896E-5 8.183E-5 8.2532E-5 8.4135E-5 8.6297E-5 8.1523E-5 7.8861E-5 1.00479E-4 7.5068E-5 2.7912E-5 8.1439E-5 8.0863E-5 8.0575E-5 8.0824E-5 8.0569E-5 7.9699E-5 9.8926E-5 9.677E-5 8.3802E-5 7.8789E-5 7.6791E-5 7.9209E-5 7.8331E-5 9.0403E-5 9.0519E-5 7.8804E-5 8.4811E-5 7.8563E-5 7.7496E-5 1.32884E-4 9.1279E-5 8.1205E-5 8.2232E-5 9.5335E-5 8.9449E-5 9.8109E-5 8.6679E-5 9.6637E-5 8.6363E-5 9.1426E-5 1.17233E-4 1.32835E-4 1.5225E-4 1.08228E-4 8.6944E-5 7.9125E-5 8.4617E-5 7.5406E-5 7.5389E-5 7.9728E-5 8.3013E-5 7.9159E-5 7.8111E-5 8.0721E-5 8.5318E-5 1.41824E-4 9.0472E-5 1.18668E-4 8.9312E-5 1.05334E-4 8.727E-5 1.26625E-4 1.46012E-4 1.27528E-4 2.05879E-4 1.05852E-4 1.02957E-4 1.06751E-4 1.29637E-4 9.5369E-5 9.8442E-5 9.5678E-5 9.659E-5 9.9639E-5 9.9752E-5 9.9786E-5 1.02636E-4 8.5417E-5 9.9852E-5 8.8848E-5 9.6105E-5 9.6249E-5 9.6878E-5 1.08641E-4 9.6094E-5 9.8402E-5 9.6771E-5 9.6937E-5 9.8637E-5 1.06756E-4 9.9198E-5 1.02634E-4 9.349E-5 9.7316E-5 1.0224E-4 1.01348E-4 8.9092E-5 1.01261E-4 1.06382E-4 9.9098E-5 8.8322E-5 1.0623E-4 9.7902E-5 1.0225E-4 1.02943E-4 9.6746E-5 9.9225E-5 1.0872E-4 8.5556E-5 9.8757E-5 8.2149E-5 9.0897E-5 8.2875E-5 9.3436E-5 9.2146E-5 8.7E-5 9.1583E-5 8.995E-5 9.0947E-5 8.8975E-5 8.9227E-5 9.7076E-5 8.9402E-5 8.9581E-5 9.5038E-5 8.9775E-5 9.7462E-5 8.2192E-5 9.2794E-5 8.0617E-5 9.5234E-5 9.0838E-5 9.0706E-5 9.1327E-5 9.1541E-5 8.8137E-5 8.8813E-5 8.9002E-5 8.9972E-5 9.3375E-5 9.0605E-5 9.5224E-5 8.4453E-5 8.6175E-5 9.4408E-5 8.7094E-5 7.9238E-5 8.9135E-5 9.7183E-5 9.2053E-5 8.3064E-5 9.3883E-5 8.9178E-5 9.524E-5 9.8934E-5 8.9903E-5 9.9505E-5 9.7225E-5 7.8348E-5 8.8009E-5 7.0683E-5 8.1561E-5 7.2927E-5 8.283E-5 8.1692E-5 7.794E-5 8.1518E-5 7.818E-5 8.0782E-5 7.7958E-5 7.8985E-5 8.6301E-5 7.881E-5 9.8674E-5 1.10235E-4 1.11221E-4 8.7655E-5 7.047E-5 9.0501E-5 7.3082E-5 8.4807E-5 8.1441E-5 8.8685E-5 1.0079E-4 7.8642E-5 7.8096E-5 7.6843E-5 7.7412E-5 7.7145E-5 8.3976E-5 7.8517E-5 8.0469E-5 7.5572E-5 7.5725E-5 8.2723E-5 7.4427E-5 7.2892E-5 8.4041E-5 8.8955E-5 8.5637E-5 7.0844E-5 9.3348E-5 8.3375E-5 8.5893E-5 8.5565E-5 8.737E-5 8.6935E-5 9.4775E-5 6.8374E-5 1.03374E-4 6.8962E-5 7.8186E-5 7.0689E-5 7.9457E-5 7.9621E-5 8.124E-5 7.2197E-5 7.583E-5 7.5569E-5 7.6825E-5 7.7847E-5 9.7566E-5 8.9514E-5 8.9951E-5 9.1147E-5 8.2928E-5 9.4801E-5 9.1773E-5 9.2512E-5 8.0312E-5 8.9762E-5 8.5875E-5 9.852E-5 9.5364E-5 7.6311E-5 7.2315E-5 7.4544E-5 7.7096E-5 7.5174E-5 7.7613E-5 7.7451E-5 7.9231E-5 7.0737E-5 7.0466E-5 7.9752E-5 7.2266E-5 6.5687E-5 7.1641E-5 8.0084E-5 8.4501E-5 6.706E-5 8.3195E-5 8.1782E-5 8.1281E-5 7.8842E-5 8.378E-5 8.5366E-5 9.526E-5 6.8664E-5 7.844E-5 6.5426E-5 7.6495E-5 6.6688E-5 7.5618E-5 7.4265E-5 8.1393E-5 7.2268E-5 7.1701E-5 7.0846E-5 6.8225E-5 7.4105E-5 8.6437E-5 7.34E-5 7.3047E-5 7.7411E-5 7.2574E-5 7.8248E-5 1.41281E-4 9.1731E-5 7.5526E-5 8.1084E-5 7.5878E-5 8.4807E-5 8.468E-5 7.2714E-5 7.4926E-5 7.6534E-5 1.66726E-4 9.5729E-5 9.6725E-5 1.05374E-4 7.6335E-5 8.2248E-5 7.2361E-5 7.6409E-5 6.8989E-5 6.4829E-5 1.41637E-4 8.4918E-5 8.4304E-5 6.7549E-5 8.5559E-5 8.1078E-5 7.7333E-5 7.7392E-5 1.27512E-4 1.18964E-4 1.16733E-4 6.9226E-5 8.0574E-5 6.315E-5 7.7553E-5 6.7893E-5 7.4264E-5 7.7937E-5 8.6845E-5 7.778E-5 7.7498E-5 7.3274E-5 6.9975E-5 7.7175E-5 8.5296E-5 7.2928E-5 7.0462E-5 7.7048E-5 7.1624E-5 8.054E-5 6.225E-5 7.6984E-5 7.3645E-5 8.0836E-5 7.6775E-5 8.442E-5 8.8199E-5 7.9985E-5 7.1305E-5 6.8654E-5 6.9659E-5 7.0076E-5 7.6906E-5 7.1598E-5 7.3204E-5 6.7146E-5 6.6926E-5 7.3016E-5 6.6999E-5 6.3782E-5 6.7757E-5 7.4248E-5 8.3193E-5 6.6425E-5 8.4E-5 8.0853E-5 1.10733E-4 8.906E-5 9.1978E-5 9.5062E-5 8.488E-5 7.3678E-5 8.2194E-5 6.486E-5 7.7199E-5 6.9603E-5 8.1925E-5 8.2061E-5 1.00872E-4 8.0602E-5 7.2668E-5 7.3861E-5 8.8895E-5 7.9268E-5 9.0775E-5 7.4442E-5 7.3355E-5 8.1421E-5 7.3735E-5 7.9156E-5 7.009E-5 8.691E-5 6.9631E-5 9.3923E-5 7.8525E-5 8.9235E-5 1.30618E-4 9.1396E-5 9.4652E-5 7.5084E-5 7.5244E-5 7.6584E-5 8.2424E-5 7.3603E-5 7.6114E-5 6.8408E-5 7.1421E-5 7.9054E-5 7.0501E-5 6.4773E-5 6.9555E-5 7.5942E-5 8.4846E-5 6.7483E-5 8.258E-5 7.8638E-5 8.0814E-5 7.8874E-5 7.9319E-5 8.0752E-5 8.7447E-5 6.9994E-5 8.0866E-5 6.6077E-5 7.8135E-5 6.7326E-5 7.759E-5 7.6799E-5 8.2334E-5 7.0234E-5 6.9843E-5 7.4302E-5 6.9233E-5 8.3702E-5 8.6098E-5 7.1393E-5 7.1137E-5 7.4326E-5 6.7336E-5 7.6461E-5 6.1185E-5 7.4019E-5 6.8736E-5 7.5599E-5 6.895E-5 7.5753E-5 7.7857E-5 6.7385E-5 6.7848E-5 6.6427E-5 6.8993E-5 7.621E-5 7.5543E-5 7.4557E-5 7.2894E-5 6.3469E-5 6.7985E-5 9.2115E-5 6.6681E-5 6.2141E-5 6.4331E-5 7.542E-5 8.0219E-5 6.375E-5 7.2085E-5 8.2323E-5 7.2512E-5 7.5428E-5 1.20076E-4 8.9493E-5 1.04411E-4 7.6398E-5 9.5209E-5 6.8102E-5 9.5709E-5 7.2544E-5 8.2583E-5 7.8827E-5 8.5403E-5 7.8075E-5 8.1093E-5 8.9273E-5 7.534E-5 7.6935E-5 8.8814E-5 6.9971E-5 7.0898E-5 8.7582E-5 7.0304E-5 7.9518E-5 6.3016E-5 7.5221E-5 6.7568E-5 7.7164E-5 7.1392E-5 8.1986E-5 8.8408E-5 8.5713E-5 6.7322E-5 6.7051E-5 6.7751E-5 6.8713E-5 7.4712E-5 6.8908E-5 8.533E-5 5.9404E-5 6.598E-5 6.9386E-5 6.1906E-5 5.99E-5 5.8981E-5 7.1524E-5 7.9986E-5 6.5148E-5 7.1727E-5 7.5821E-5 7.3628E-5 7.3307E-5 7.3072E-5 7.3692E-5 8.3248E-5 6.4299E-5 8.007E-5 6.2751E-5 9.0397E-5 6.5888E-5 8.0955E-5 7.4575E-5 8.0314E-5 7.1033E-5 8.3018E-5 7.1663E-5 6.5491E-5 7.0575E-5 7.9645E-5 6.0385E-5 6.7834E-5 7.1348E-5 9.6382E-5 7.5961E-5 7.4923E-5 1.34386E-4 1.54915E-4 9.7559E-5 7.9794E-5 8.7007E-5 8.3443E-5 7.0058E-5 6.8814E-5 8.1796E-5 1.01283E-4 6.9985E-5 7.8926E-5 7.1763E-5 1.10325E-4 7.7741E-5 7.7356E-5 8.0317E-5 7.2763E-5 6.5792E-5 6.272E-5 7.8683E-5 9.4622E-5 7.9034E-5 7.6762E-5 8.1728E-5 7.9947E-5 7.5504E-5 1.04006E-4 8.7649E-5 8.6751E-5 6.7353E-5 7.7768E-5 6.4042E-5 7.6573E-5 7.1184E-5 7.3248E-5 8.9411E-5 1.13226E-4 7.7985E-5 6.9226E-5 7.5952E-5 7.1675E-5 7.6821E-5 8.5238E-5 6.2377E-5 7.3695E-5 1.03574E-4 9.7008E-5 7.915E-5 6.3167E-5 7.4467E-5 7.0186E-5 9.2573E-5 8.1654E-5 8.7517E-5 8.3093E-5 9.1025E-5 7.1196E-5 6.901E-5 6.8551E-5 8.6917E-5 8.5251E-5 7.5388E-5 1.05398E-4 7.3624E-5 7.563E-5 7.6424E-5 6.8873E-5 6.4382E-5 5.8361E-5 7.5281E-5 8.4465E-5 6.4757E-5 6.5355E-5 7.5676E-5 7.3524E-5 6.9239E-5 7.1429E-5 7.4971E-5 8.8382E-5 6.2617E-5 7.0341E-5 5.6802E-5 7.4132E-5 6.3059E-5 6.9287E-5 7.4455E-5 1.59377E-4 1.44102E-4 8.5015E-5 1.13846E-4 1.24075E-4 8.7379E-5 8.8832E-5 9.2548E-5 7.4779E-5 7.6154E-5 7.1609E-5 8.1089E-5 6.2422E-5 7.5318E-5 8.7949E-5 7.5038E-5 6.9718E-5 7.6066E-5 7.9184E-5 7.1751E-5 6.9412E-5 6.832E-5 6.7566E-5 6.5398E-5 7.0367E-5 6.578E-5 6.8894E-5 5.6092E-5 6.6618E-5 6.9942E-5 6.4696E-5 6.0216E-5 5.3747E-5 7.0877E-5 7.758E-5 6.4543E-5 6.5006E-5 8.223E-5 7.4799E-5 7.1813E-5 7.923E-5 7.371E-5 8.3777E-5 6.2831E-5 7.1651E-5 5.829E-5 7.1464E-5 6.3828E-5 6.9034E-5 7.0365E-5 7.4694E-5 6.8199E-5 5.9815E-5 7.1098E-5 6.4631E-5 6.9219E-5 8.1372E-5 5.8423E-5 6.7688E-5 6.9185E-5 6.3096E-5 7.5419E-5 5.9966E-5 7.1975E-5 6.1003E-5 7.1992E-5 6.6743E-5 7.4951E-5 7.7401E-5 6.5508E-5 6.5764E-5 6.6045E-5 7.1273E-5 6.8347E-5 7.7921E-5 6.957E-5 6.7929E-5 5.4434E-5 6.5767E-5 6.8892E-5 6.3169E-5 6.6191E-5 5.3827E-5 6.9651E-5 7.6193E-5 6.2169E-5 6.1677E-5 7.3331E-5 7.0596E-5 6.7589E-5 7.2091E-5 7.2232E-5 8.4404E-5 6.6096E-5 7.3587E-5 5.8593E-5 1.0653E-4 7.5421E-5 7.1063E-5 6.8984E-5 7.7708E-5 7.7435E-5 6.2466E-5 7.2177E-5 6.6066E-5 6.9739E-5 8.9791E-5 5.6896E-5 6.5595E-5 6.7208E-5 6.4692E-5 7.3523E-5 6.0384E-5 8.1108E-5 6.6907E-5 8.325E-5 7.1199E-5 8.9595E-5 7.8055E-5 6.6375E-5 6.4574E-5 6.4675E-5 6.4805E-5 6.7341E-5 7.0861E-5 6.5271E-5 6.603E-5 6.5632E-5 7.6635E-5 9.1884E-5 7.6016E-5 7.4707E-5 5.7473E-5 7.1794E-5 7.6847E-5 6.1212E-5 6.4359E-5 8.7298E-5 7.5084E-5 7.2076E-5 7.4405E-5 8.9997E-5 9.9169E-5 6.834E-5 7.5749E-5 6.0658E-5 1.50075E-4 7.6822E-5 9.2372E-5 1.54047E-4 1.55807E-4 8.432E-5 1.09561E-4 1.68459E-4 8.1454E-5 1.0513E-4 9.1015E-5 7.2513E-5 7.4178E-5 8.5729E-5 7.7898E-5 8.0646E-5 7.1068E-5 9.7819E-5 7.6687E-5 7.9655E-5 7.2259E-5 7.6268E-5 8.1995E-5 7.1804E-5 8.3031E-5 7.1449E-5 6.9258E-5 6.8062E-5 7.4153E-5 6.9371E-5 8.1451E-5 6.6106E-5 8.0461E-5 7.4812E-5 6.7055E-5 6.2614E-5 5.7605E-5 7.6175E-5 8.4275E-5 6.3724E-5 7.5972E-5 8.2621E-5 1.1674E-4 8.0325E-5 1.00504E-4 1.2399E-4 1.36404E-4 1.20609E-4 1.06496E-4 9.0102E-5 8.4175E-5 7.0314E-5 8.2606E-5 8.1096E-5 9.6437E-5 9.1859E-5 7.5435E-5 1.00298E-4 9.857E-5 9.2589E-5 9.5935E-5 6.7118E-5 8.8139E-5 8.3554E-5 7.6366E-5 9.4206E-5 7.476E-5 1.00438E-4 7.6579E-5 9.3972E-5 8.1518E-5 9.893E-5 8.9497E-5 7.7469E-5 7.4331E-5 8.7274E-5 8.4059E-5 7.9554E-5 9.6526E-5 8.1413E-5 8.0782E-5 6.455E-5 7.7542E-5 9.4162E-5 7.9692E-5 7.1918E-5 6.4753E-5 9.591E-5 9.1761E-5 7.1931E-5 7.0309E-5 8.8958E-5 8.2942E-5 7.8684E-5 8.2259E-5 8.4431E-5 9.0508E-5 7.1884E-5 8.1693E-5 7.6374E-5 8.3528E-5 7.288E-5 7.951E-5 8.0172E-5 8.5448E-5 7.7261E-5 6.8178E-5 8.0295E-5 7.308E-5 7.8271E-5 8.946E-5 7.5193E-5 8.3682E-5 7.9758E-5 7.6254E-5 8.3036E-5 6.6954E-5 7.795E-5 0.00218121 1.91898E-4 1.88691E-4 1.20692E-4 1.10324E-4 9.9659E-5 9.0453E-5 8.0718E-5 8.1753E-5 8.3392E-5 8.75E-5 7.9361E-5 8.1972E-5 6.7865E-5 9.3475E-5 1.25004E-4 1.54847E-4 1.31036E-4 9.4977E-5 9.0673E-5 9.2316E-5 9.1568E-5 7.916E-5 1.07625E-4 9.4571E-5 8.5234E-5 9.2917E-5 8.7105E-5 8.6433E-5 8.6368E-5 9.4794E-5 9.3325E-5 9.7256E-5 7.6133E-5 8.2683E-5 8.4711E-5 9.3782E-5 8.2775E-5 7.0733E-5 8.7565E-5 8.0355E-5 8.6235E-5 9.1968E-5 7.147E-5 8.2126E-5 8.1554E-5 8.3361E-5 8.7706E-5 6.9071E-5 8.4574E-5 7.4697E-5 9.0831E-5 8.9887E-5 1.0072E-4 1.10676E-4 8.4883E-5 7.9709E-5 8.251E-5 8.0872E-5 9.3805E-5 9.032E-5 8.5248E-5 8.3888E-5 6.687E-5 8.0137E-5 8.5912E-5 7.7965E-5 7.1798E-5 6.8726E-5 8.9098E-5 9.5025E-5 7.7472E-5 7.696E-5 9.7689E-5 8.4944E-5 8.2896E-5 8.5898E-5 8.5131E-5 8.1026E-5 7.1815E-5 8.2947E-5 7.317E-5 8.6541E-5 7.6125E-5 8.117E-5 8.113E-5 8.8258E-5 8.465E-5 7.0231E-5 8.426E-5 1.22248E-4 1.4482E-4 9.8285E-5 8.195E-5 9.016E-5 9.7837E-5 8.3495E-5 1.41611E-4 7.8936E-5 9.608E-5 8.3542E-5 8.9613E-5 8.389E-5 1.07306E-4 9.6157E-5 8.2965E-5 8.3612E-5 7.8488E-5 8.048E-5 7.9594E-5 8.7357E-5 8.1057E-5 8.4925E-5 6.7817E-5 7.9721E-5 8.4112E-5 8.0897E-5 7.1704E-5 6.3875E-5 8.4851E-5 9.3516E-5 7.8144E-5 7.8671E-5 9.7948E-5 8.4794E-5 8.3385E-5 8.735E-5 8.8987E-5 1.30102E-4 1.17254E-4 1.05655E-4 8.5709E-5 1.03198E-4 1.29203E-4 1.00959E-4 1.00098E-4 9.5574E-5 9.1848E-5 1.02382E-4 9.6708E-5 8.7698E-5 9.0488E-5 1.04443E-4 7.9322E-5 9.1503E-5 9.2102E-5 8.9185E-5 9.5861E-5 7.4903E-5 9.6601E-5 1.56897E-4 1.34802E-4 1.36241E-4 1.47911E-4 1.5289E-4 1.3076E-4 1.27296E-4 1.73735E-4 1.26128E-4 1.16006E-4 1.40863E-4 1.14103E-4 1.27634E-4 1.0953E-4 1.19953E-4 1.37693E-4 1.09159E-4 1.18421E-4 1.08019E-4 1.28914E-4 1.44575E-4 9.2872E-5 1.96774E-4 1.08048E-4 1.37729E-4 1.80535E-4 1.53952E-4 1.50135E-4 9.4454E-5 8.7538E-5 8.728E-5 1.29534E-4 9.5086E-5 9.054E-5 9.4734E-5 8.8879E-5 1.03471E-4 9.7787E-5 7.6657E-5 1.60376E-4 9.2087E-5 9.7577E-5 1.19684E-4 8.0341E-5 9.3496E-5 9.4017E-5 1.02917E-4 1.06237E-4 1.26176E-4 1.09615E-4 1.23673E-4 1.26807E-4 1.38201E-4 1.87988E-4 1.48444E-4 9.9128E-5 8.4593E-5 1.01133E-4 8.9246E-5 9.4845E-5 9.0906E-5 8.6373E-5 1.70876E-4 1.00048E-4 9.0776E-5 1.20323E-4 8.6262E-5 9.1181E-5 1.60748E-4 9.7723E-5 1.05992E-4 9.2418E-5 9.3724E-5 1.09322E-4 9.9149E-5 9.6558E-5 1.01041E-4 8.7692E-5 1.81993E-4 9.7987E-5 9.6962E-5 8.5031E-5 9.0058E-5 7.9967E-5 8.5208E-5 8.5293E-5 9.1849E-5 8.276E-5 7.2589E-5 8.6652E-5 7.8919E-5 8.5958E-5 8.3689E-5 6.8592E-5 8.1811E-5 8.6958E-5 8.7586E-5 8.8171E-5 1.02564E-4 8.4995E-5 7.6739E-5 8.7694E-5 8.587E-5 1.02446E-4 9.7883E-5 9.2144E-5 8.3287E-5 8.0106E-5 8.3079E-5 7.9978E-5 8.4837E-5 7.9124E-5 8.3784E-5 6.5481E-5 7.8328E-5 8.3742E-5 7.7917E-5 7.2875E-5 6.5601E-5 8.691E-5 1.02873E-4 8.0152E-5 7.4558E-5 9.2849E-5 8.7219E-5 8.4343E-5 8.6088E-5 7.8993E-5 7.8856E-5 7.3054E-5 8.9879E-5 7.462E-5 8.5188E-5 7.642E-5 8.6895E-5 8.5075E-5 9.2636E-5 8.3998E-5 7.048E-5 9.0128E-5 8.2831E-5 8.7282E-5 8.5511E-5 6.9811E-5 8.0604E-5 8.2895E-5 8.0098E-5 8.9062E-5 7.5047E-5 8.5906E-5 7.4626E-5 8.5195E-5 1.29372E-4 1.00871E-4 1.17145E-4 1.05411E-4 1.35026E-4 1.39504E-4 1.60017E-4 1.05615E-4 1.0742E-4 8.9585E-5 9.957E-5 7.521E-5 8.4787E-5 8.6822E-5 8.1038E-5 7.4348E-5 8.1058E-5 9.1382E-5 9.2203E-5 7.776E-5 7.7915E-5 9.3782E-5 9.9821E-5 1.63388E-4 1.19435E-4 1.33284E-4 1.36736E-4 1.99944E-4 1.17833E-4 1.34015E-4 1.41853E-4 1.30248E-4 1.47756E-4 1.11678E-4 1.06917E-4 9.3324E-5 8.3285E-5 1.08743E-4 9.1019E-5 1.05426E-4 1.33696E-4 1.59935E-4 1.03694E-4 9.5208E-5 8.4992E-5 8.9779E-5 7.2973E-5 9.4912E-5 9.3025E-5 9.8452E-5 8.2947E-5 9.1217E-5 8.9337E-5 7.9958E-5 7.6971E-5 7.9067E-5 8.0304E-5 7.9278E-5 8.3225E-5 7.907E-5 8.0605E-5 6.4469E-5 7.8598E-5 7.9587E-5 1.01072E-4 8.2354E-5 6.9364E-5 8.6497E-5 8.9396E-5 7.5257E-5 8.4918E-5 1.17628E-4 8.7867E-5 8.3301E-5 9.4262E-5 8.0415E-5 7.596E-5 7.5622E-5 8.3269E-5 9.1236E-5 8.4445E-5 7.2849E-5 8.0241E-5 8.1845E-5 1.06666E-4 7.7168E-5 8.1318E-5 8.7771E-5 7.7973E-5 8.183E-5 7.9221E-5 7.1991E-5 8.4363E-5 8.2217E-5 7.8952E-5 9.742E-5 7.6806E-5 7.9445E-5 7.3743E-5 9.462E-5 8.1604E-5 8.8768E-5 9.4941E-5 7.9608E-5 7.5551E-5 7.5098E-5 7.9797E-5 7.7637E-5 8.3161E-5 7.5586E-5 7.5013E-5 6.7149E-5 1.35062E-4 9.8853E-5 8.8381E-5 1.02433E-4 8.9047E-5 9.2118E-5 1.11671E-4 9.0763E-5 8.1745E-5 1.07609E-4 1.11597E-4 8.6136E-5 8.5277E-5 7.3124E-5 6.6588E-5 6.9844E-5 8.1045E-5 6.9797E-5 1.07102E-4 7.7442E-5 8.2814E-5 9.2787E-5 9.9676E-5 8.2697E-5 6.903E-5 9.3445E-5 7.6292E-5 9.1037E-5 7.6398E-5 7.4334E-5 8.6924E-5 1.32498E-4 1.22608E-4 1.96479E-4 1.47278E-4 1.80759E-4 1.58249E-4 1.81732E-4 1.62305E-4 1.27627E-4 1.45158E-4 1.275E-4 1.30329E-4 1.29903E-4 1.29738E-4 1.27308E-4 1.36679E-4 1.20821E-4 1.26748E-4 1.00881E-4 1.28555E-4 1.34973E-4 1.52287E-4 1.45075E-4 1.06687E-4 1.46183E-4 1.34789E-4 1.22668E-4 8.4738E-5 9.7064E-5 9.8669E-5 8.7054E-5 8.8438E-5 7.811E-5 7.207E-5 7.8463E-5 8.9806E-5 7.1263E-5 8.6283E-5 8.4352E-5 9.334E-5 9.7447E-5 9.9512E-5 9.4401E-5 8.3713E-5 1.27005E-4 8.9728E-5 9.7699E-5 8.5257E-5 6.8171E-5 9.1395E-5 8.8657E-5 9.1859E-5 1.01217E-4 7.9691E-5 8.7024E-5 7.7491E-5 9.7817E-5 8.731E-5 9.3059E-5 9.0555E-5 8.9199E-5 8.9789E-5 7.8895E-5 8.1814E-5 1.006E-4 8.9823E-5 9.157E-5 1.25829E-4 8.036E-5 9.2882E-5 1.00928E-4 9.4975E-5 1.01766E-4 8.1223E-5 9.1524E-5 1.07931E-4 9.0135E-5 7.8862E-5 1.21758E-4 1.37779E-4 1.64135E-4 1.49707E-4 9.1362E-5 9.5123E-5 8.7944E-5 1.16973E-4 8.8402E-5 1.16182E-4 1.28513E-4 1.32449E-4 9.9841E-5 1.11712E-4 1.51734E-4 9.1322E-5 1.03898E-4 1.40236E-4 1.21961E-4 1.53148E-4 8.0224E-5 8.4359E-5 9.6446E-5 9.6586E-5 9.4168E-5 7.4806E-5 9.7713E-5 8.3353E-5 9.577E-5 8.6044E-5 1.05236E-4 1.0196E-4 8.6306E-5 8.416E-5 9.3476E-5 8.5828E-5 1.01684E-4 9.6359E-5 8.5302E-5 9.0411E-5 6.893E-5 8.3835E-5 8.7176E-5 8.2486E-5 7.5938E-5 7.9609E-5 8.706E-5 9.1409E-5 8.9698E-5 7.7136E-5 9.4244E-5 8.7815E-5 8.5109E-5 8.9566E-5 7.603E-5 1.01943E-4 8.6501E-5 8.5784E-5 7.3399E-5 1.369E-4 9.3025E-5 9.2334E-5 9.2395E-5 1.05954E-4 9.4608E-5 8.9333E-5 1.46939E-4 1.34221E-4 2.12934E-4 9.7417E-5 7.581E-5 8.4794E-5 8.7682E-5 9.1246E-5 9.2016E-5 7.7043E-5 9.0235E-5 1.15186E-4 1.21251E-4 9.3413E-5 1.06052E-4 9.9899E-5 8.3278E-5 8.215E-5 9.3832E-5 9.3788E-5 8.5883E-5 9.1058E-5 8.3701E-5 8.5947E-5 6.9427E-5 8.3261E-5 8.4402E-5 8.1638E-5 7.4047E-5 6.9076E-5 8.7161E-5 9.187E-5 7.9214E-5 9.1602E-5 9.879E-5 9.781E-5 8.9742E-5 9.0682E-5 7.5195E-5 7.2886E-5 8.6207E-5 8.735E-5 8.4822E-5 9.3103E-5 8.6522E-5 9.0435E-5 9.796E-5 1.07119E-4 1.04324E-4 7.5582E-5 9.2469E-5 8.387E-5 1.03514E-4 9.8401E-5 7.2152E-5 1.22132E-4 1.04954E-4 1.63697E-4 9.5046E-5 9.0339E-5 1.0122E-4 8.7087E-5 9.1645E-5 1.04422E-4 1.23338E-4 1.10547E-4 9.0736E-5 8.3149E-5 1.02767E-4 8.6807E-5 8.4039E-5 9.1628E-5 8.467E-5 8.7548E-5 7.2065E-5 8.4441E-5 8.6058E-5 8.9324E-5 1.1808E-4 9.2347E-5 9.4707E-5 9.33E-5 8.5089E-5 8.9483E-5 1.16089E-4 1.80409E-4 1.82469E-4 2.05464E-4 1.14706E-4 1.05094E-4 8.2698E-5 9.0434E-5 8.2107E-5 9.2368E-5 7.9096E-5 9.1596E-5 8.9129E-5 9.9122E-5 8.5527E-5 7.4253E-5 9.0292E-5 9.7723E-5 1.03687E-4 1.03425E-4 8.9937E-5 9.2063E-5 9.3202E-5 1.18988E-4 9.976E-5 8.0607E-5 9.0522E-5 8.1913E-5 9.991E-5 1.06537E-4 9.7004E-5 9.8389E-5 8.4192E-5 8.0899E-5 8.686E-5 1.03074E-4 8.7662E-5 9.4885E-5 8.7995E-5 1.25115E-4 1.45868E-4 1.04804E-4 1.01073E-4 8.4693E-5 7.5983E-5 7.0187E-5 9.0965E-5 9.7495E-5 9.2048E-5 1.40098E-4 1.34751E-4 1.40764E-4 1.3709E-4 1.5778E-4 8.3851E-5 7.896E-5 9.1924E-5 1.28353E-4 8.8145E-5 9.4557E-5 7.8646E-5 9.3446E-5 9.0071E-5 1.00666E-4 9.584E-5 8.7472E-5 1.06215E-4 9.3907E-5 9.3276E-5 8.197E-5 7.2146E-5 8.3241E-5 9.0809E-5 8.6615E-5 9.2576E-5 7.8437E-5 1.23752E-4 1.02272E-4 1.13484E-4 9.2009E-5 9.8821E-5 1.0369E-4 1.10103E-4 1.2408E-4 1.07334E-4 1.06635E-4 9.1463E-5 9.7094E-5 9.5315E-5 1.40141E-4 7.9366E-5 1.01947E-4 8.935E-5 8.5624E-5 8.3596E-5 9.0377E-5 1.4898E-4 1.00496E-4 8.5233E-5 7.6993E-5 1.02129E-4 9.4072E-5 8.8666E-5 9.4507E-5 8.2921E-5 9.2895E-5 8.7911E-5 1.04878E-4 8.6004E-5 1.01174E-4 8.8697E-5 1.12818E-4 1.08083E-4 1.08022E-4 8.9757E-5 8.6074E-5 1.05361E-4 8.9277E-5 1.00027E-4 9.1872E-5 8.5601E-5 9.6368E-5 9.2422E-5 8.8864E-5 1.00031E-4 9.9871E-5 1.26316E-4 1.3258E-4 1.26332E-4 2.32106E-4 1.09011E-4 9.7993E-5 8.7387E-5 8.4378E-5 8.6913E-5 8.5587E-5 8.2674E-5 9.1072E-5 8.5723E-5 9.2236E-5 7.0421E-5 1.02259E-4 9.1051E-5 8.6112E-5 8.4465E-5 8.662E-5 9.0831E-5 9.2097E-5 8.1547E-5 7.4112E-5 9.4929E-5 9.0159E-5 8.4728E-5 1.20459E-4 8.357E-5 8.834E-5 9.291E-5 9.0749E-5 7.8996E-5 9.3963E-5 7.7612E-5 9.0751E-5 8.7333E-5 9.8586E-5 8.6522E-5 7.2679E-5 9.2206E-5 8.5509E-5 1.0556E-4 9.3438E-5 7.881E-5 8.4088E-5 9.0271E-5 8.3444E-5 8.6207E-5 7.5169E-5 8.5189E-5 8.2207E-5 8.9213E-5 8.7453E-5 9.2822E-5 9.5915E-5 1.0675E-4 8.0666E-5 8.5977E-5 8.4308E-5 1.12524E-4 1.32775E-4 1.11051E-4 9.6048E-5 7.1899E-5 8.5577E-5 8.4619E-5 1.01818E-4 1.06716E-4 8.2778E-5 9.2873E-5 9.4147E-5 8.3965E-5 7.2717E-5 9.3762E-5 8.6644E-5 9.4023E-5 1.01078E-4 9.477E-5 9.1486E-5 1.1978E-4 1.08762E-4 9.451E-5 1.74834E-4 1.18139E-4 1.42748E-4 1.26234E-4 1.42746E-4 8.9758E-5 8.5244E-5 1.09623E-4 1.0139E-4 9.8521E-5 8.3407E-5 8.6842E-5 1.05893E-4 9.9604E-5 1.0221E-4 9.6532E-5 7.6896E-5 8.8526E-5 8.3673E-5 9.194E-5 8.7584E-5 9.6121E-5 1.08277E-4 9.4193E-5 8.1329E-5 8.1862E-5 8.6271E-5 8.4044E-5 1.20269E-4 1.3577E-4 1.41683E-4 8.7079E-5 8.7963E-5 8.6921E-5 9.1491E-5 7.6832E-5 6.9732E-5 9.365E-5 1.07313E-4 9.3061E-5 8.5364E-5 1.13622E-4 9.2319E-5 8.4915E-5 9.4641E-5 9.8792E-5 1.6137E-4 9.6754E-5 9.2018E-5 7.8817E-5 9.3273E-5 1.15614E-4 1.04552E-4 9.4972E-5 1.00415E-4 9.4843E-5 7.59E-5 1.07398E-4 8.9127E-5 9.497E-5 8.4986E-5 7.511E-5 8.3601E-5 8.6835E-5 8.6465E-5 8.5273E-5 7.4584E-5 9.2091E-5 8.2221E-5 9.3373E-5 8.7104E-5 9.2177E-5 9.4939E-5 9.1089E-5 8.3873E-5 8.4214E-5 9.7539E-5 8.2368E-5 9.9335E-5 1.06359E-4 9.0866E-5 6.8467E-5 9.1466E-5 8.94E-5 1.03095E-4 1.03411E-4 9.46E-5 1.24162E-4 1.22457E-4 1.56208E-4 1.00267E-4 9.8517E-5 9.6837E-5 7.0191E-5 9.3728E-5 9.4103E-5 7.6522E-5 7.9091E-5 9.7816E-5 7.7495E-5 1.2886E-4 7.8835E-5 1.40254E-4 1.2795E-4 1.17782E-4 9.5224E-5 8.8855E-5 9.7838E-5 8.8486E-5 9.8648E-5 8.8261E-5 8.4675E-5 8.7813E-5 8.7488E-5 9.5762E-5 9.0235E-5 8.465E-5 8.9389E-5 8.5259E-5 1.82471E-4 1.38719E-4 1.44336E-4 1.33216E-4 1.19687E-4 1.26218E-4 1.24946E-4 9.8405E-5 8.1993E-5 9.2874E-5 8.6132E-5 8.9695E-5 7.1383E-5 8.736E-5 8.4958E-5 9.5174E-5 8.1307E-5 7.1346E-5 9.0114E-5 1.05035E-4 8.2773E-5 7.3197E-5 9.6514E-5 8.9358E-5 8.1685E-5 1.02015E-4 8.9302E-5 7.767E-5 7.9785E-5 8.6065E-5 7.5411E-5 9.2312E-5 7.2474E-5 9.1517E-5 8.4706E-5 1.00929E-4 9.5487E-5 8.9099E-5 9.5446E-5 9.5217E-5 1.05431E-4 9.0588E-5 8.5498E-5 8.9427E-5 9.2888E-5 8.8566E-5 8.3566E-5 7.7677E-5 9.8314E-5 8.4492E-5 1.41445E-4 1.67555E-4 1.06265E-4 1.07362E-4 9.1754E-5 8.5415E-5 8.9204E-5 9.977E-5 1.1576E-4 1.00247E-4 8.8971E-5 9.2131E-5 8.0529E-5 9.669E-5 9.0206E-5 8.4822E-5 8.4432E-5 7.5871E-5 9.6128E-5 1.057E-4 8.5906E-5 8.0474E-5 1.06957E-4 9.7872E-5 8.0007E-5 9.5256E-5 9.9491E-5 9.4349E-5 1.44161E-4 2.20763E-4 1.61859E-4 1.90882E-4 1.03005E-4 1.10015E-4 9.5024E-5 1.03785E-4 8.8066E-5 7.6918E-5 9.1914E-5 8.5018E-5 9.0755E-5 8.9454E-5 9.2087E-5 1.00574E-4 9.0833E-5 9.6616E-5 8.4373E-5 8.5189E-5 9.2699E-5 1.0019E-4 9.6247E-5 1.05318E-4 1.0822E-4 9.7311E-5 1.08067E-4 9.3181E-5 9.8633E-5 1.10464E-4 8.7062E-5 9.4975E-5 1.21776E-4 1.00625E-4 7.3562E-5 8.6416E-5 8.632E-5 8.4522E-5 8.713E-5 7.9252E-5 9.474E-5 9.3982E-5 8.1429E-5 7.28E-5 9.8745E-5 8.8399E-5 8.1693E-5 1.02384E-4 9.1252E-5 9.9529E-5 8.1171E-5 8.6842E-5 7.6567E-5 9.2804E-5 8.2446E-5 9.924E-5 8.9741E-5 9.8298E-5 8.8913E-5 7.7721E-5 9.4494E-5 8.4681E-5 1.45319E-4 8.4799E-5 7.4766E-5 8.3481E-5 8.6211E-5 8.1493E-5 8.7615E-5 8.5192E-5 1.04807E-4 8.0903E-5 9.1892E-5 8.3656E-5 9.3257E-5 9.4415E-5 8.607E-5 9.5004E-5 8.6089E-5 9.2378E-5 7.844E-5 9.7628E-5 9.7626E-5 1.29746E-4 2.32231E-4 1.29751E-4 1.64709E-4 1.05117E-4 8.294E-5 7.4592E-5 9.1938E-5 1.27898E-4 8.9764E-5 8.1565E-5 1.07378E-4 1.41904E-4 8.4374E-5 9.6962E-5 8.0952E-5 7.6295E-5 8.1935E-5 9.076E-5 7.6755E-5 9.2531E-5 7.0813E-5 8.9897E-5 8.8435E-5 9.7239E-5 8.2946E-5 7.4617E-5 9.1319E-5 8.2567E-5 8.5684E-5 8.0865E-5 7.2463E-5 8.5156E-5 9.087E-5 8.8318E-5 8.2283E-5 7.3476E-5 1.56586E-4 9.0823E-5 1.12262E-4 1.07751E-4 1.29671E-4 1.24715E-4 1.61458E-4 1.26908E-4 9.7765E-5 8.8804E-5 7.6513E-5 9.1709E-5 9.8234E-5 1.1934E-4 7.7011E-5 8.8171E-5 9.0706E-5 1.28037E-4 8.4281E-5 8.5557E-5 9.7257E-5 1.0715E-4 9.0362E-5 7.8215E-5 1.54432E-4 1.41485E-4 1.26789E-4 1.51186E-4 1.39224E-4 1.27018E-4 8.429E-5 1.52178E-4 1.21456E-4 9.3767E-5 1.14232E-4 1.6117E-4 1.49517E-4 1.70438E-4 1.86044E-4 1.20118E-4 1.49944E-4 1.34839E-4 1.38293E-4 1.23171E-4 8.1285E-5 8.9418E-5 9.1309E-5 8.4687E-5 8.6862E-5 8.1307E-5 9.5684E-5 8.0466E-5 9.7555E-5 9.296E-5 1.00114E-4 9.4939E-5 8.8008E-5 8.5011E-5 9.1999E-5 8.9622E-5 7.9143E-5 8.6382E-5 8.0535E-5 8.3202E-5 6.5264E-5 7.7577E-5 7.8802E-5 7.5118E-5 7.132E-5 7.7878E-5 1.0833E-4 1.1459E-4 9.5715E-5 7.5813E-5 9.9028E-5 1.25081E-4 9.3297E-5 1.77742E-4 8.6013E-5 1.01709E-4 1.09944E-4 9.5244E-5 8.4358E-5 8.7534E-5 6.9298E-5 9.7148E-5 9.9103E-5 1.02867E-4 9.7938E-5 1.06186E-4 9.2736E-5 9.0004E-5 8.6552E-5 8.122E-5 7.6164E-5 1.01224E-4 9.0931E-5 8.2724E-5 8.8345E-5 9.9817E-5 1.14035E-4 1.65384E-4 2.33486E-4 1.18851E-4 1.28882E-4 9.9386E-5 8.6146E-5 8.9343E-5 8.8018E-5 9.7458E-5 8.0567E-5 9.56E-5 1.07592E-4 1.0505E-4 7.6422E-5 1.04926E-4 1.09251E-4 2.26897E-4 1.12756E-4 1.14905E-4 1.0346E-4 9.9709E-5 9.6427E-5 8.6714E-5 1.03456E-4 9.4819E-5 8.0113E-5 9.8051E-5 8.1059E-5 1.115E-4 8.2792E-5 1.02212E-4 1.32468E-4 1.05015E-4 7.915E-5 9.7605E-5 9.9504E-5 1.05616E-4 1.00165E-4 8.6926E-5 1.00285E-4 8.6181E-5 9.3733E-5 8.8093E-5 7.7124E-5 8.9873E-5 9.8615E-5 1.02437E-4 1.04203E-4 7.7884E-5 9.2128E-5 8.7519E-5 1.06281E-4 1.00572E-4 1.03255E-4 9.9507E-5 8.9537E-5 8.3909E-5 8.7045E-5 9.1303E-5 7.7921E-5 9.3277E-5 8.5295E-5 9.1861E-5 7.5631E-5 1.03677E-4 1.06515E-4 8.7036E-5 7.8702E-5 7.1582E-5 8.9974E-5 9.3232E-5 8.2155E-5 7.5222E-5 9.5714E-5 1.03476E-4 9.1386E-5 9.9198E-5 1.30356E-4 1.43328E-4 1.16868E-4 1.61123E-4 9.2542E-5 9.943E-5 7.1623E-5 1.0967E-4 9.47E-5 1.02282E-4 8.7247E-5 7.6932E-5 9.6553E-5 1.28367E-4 1.01632E-4 8.9436E-5 7.7691E-5 8.7407E-5 9.7323E-5 8.4224E-5 8.7011E-5 7.7995E-5 8.8873E-5 8.2162E-5 8.9995E-5 1.08455E-4 9.5856E-5 9.9636E-5 8.409E-5 1.0222E-4 9.2312E-5 9.0292E-5 1.16657E-4 1.02024E-4 1.07469E-4 1.34762E-4 1.03133E-4 1.0237E-4 1.00745E-4 9.4178E-5 1.13689E-4 7.9279E-5 9.6924E-5 9.835E-5 9.2307E-5 8.5394E-5 1.07729E-4 1.04409E-4 8.5553E-5 9.7647E-5 8.3826E-5 7.9771E-5 7.7946E-5 1.01149E-4 8.6997E-5 1.00345E-4 7.0343E-5 9.1613E-5 8.4111E-5 9.6624E-5 8.3558E-5 7.0208E-5 1.03565E-4 8.7209E-5 9.185E-5 9.3482E-5 7.567E-5 8.6471E-5 1.00656E-4 8.8275E-5 8.4405E-5 7.6739E-5 8.409E-5 8.1558E-5 9.0326E-5 8.5224E-5 9.4645E-5 9.5812E-5 8.5691E-5 7.8941E-5 8.174E-5 8.5112E-5 7.3126E-5 8.9415E-5 8.391E-5 9.0612E-5 6.6314E-5 8.2402E-5 8.4907E-5 8.1308E-5 7.6219E-5 7.9175E-5 1.07234E-4 9.7663E-5 8.3822E-5 7.701E-5 1.0036E-4 9.4601E-5 8.1144E-5 1.0248E-4 8.3093E-5 7.5839E-5 8.7285E-5 8.8683E-5 7.5873E-5 9.3404E-5 8.2016E-5 1.01012E-4 1.07036E-4 1.12359E-4 9.4003E-5 7.559E-5 1.05243E-4 8.9319E-5 9.2162E-5 8.7923E-5 7.526E-5 8.1527E-5 8.4546E-5 8.303E-5 1.00892E-4 8.3527E-5 8.4827E-5 8.1927E-5 9.3894E-5 8.6913E-5 1.07022E-4 1.09931E-4 9.146E-5 9.0676E-5 9.6035E-5 9.0525E-5 9.9567E-5 9.5562E-5 9.2591E-5 9.9238E-5 9.4778E-5 1.21828E-4 9.5171E-5 9.2641E-5 8.6977E-5 7.524E-5 9.5247E-5 8.9162E-5 7.9143E-5 7.0383E-5 9.432E-5 8.7256E-5 7.6325E-5 9.2639E-5 7.6616E-5 7.4359E-5 7.6431E-5 8.414E-5 9.367E-5 9.5259E-5 7.8099E-5 9.8229E-5 8.6299E-5 9.0782E-5 8.8293E-5 7.5565E-5 9.203E-5 8.3087E-5 9.079E-5 8.206E-5 7.1117E-5 9.4514E-5 8.8368E-5 1.03277E-4 8.568E-5 7.8972E-5 9.0577E-5 8.3741E-5 9.5323E-5 8.389E-5 9.1125E-5 9.4698E-5 8.5742E-5 8.3862E-5 9.5027E-5 9.0192E-5 7.7033E-5 8.9919E-5 9.5458E-5 9.6415E-5 7.8783E-5 9.2659E-5 9.5466E-5 9.4134E-5 8.9089E-5 7.8656E-5 9.5167E-5 9.4955E-5 8.1579E-5 7.1437E-5 1.01429E-4 1.06192E-4 9.1686E-5 1.55368E-4 1.13617E-4 9.8935E-5 9.9407E-5 1.49272E-4 1.60563E-4 1.1386E-4 7.6926E-5 9.3656E-5 8.7354E-5 9.078E-5 9.2414E-5 7.6262E-5 9.2704E-5 8.6074E-5 9.1246E-5 9.832E-5 1.07791E-4 1.19119E-4 8.9663E-5 9.9387E-5 8.5474E-5 7.5132E-5 8.6711E-5 8.9153E-5 1.01839E-4 9.5921E-5 9.9435E-5 1.02188E-4 8.9405E-5 8.2858E-5 9.1216E-5 1.03027E-4 1.02453E-4 1.03071E-4 8.7595E-5 9.154E-5 6.6574E-5 8.7758E-5 8.3529E-5 8.3836E-5 8.5704E-5 8.5413E-5 9.9768E-5 9.5939E-5 9.6514E-5 8.1816E-5 9.6421E-5 8.9482E-5 8.9852E-5 1.13835E-4 9.0539E-5 7.7529E-5 8.0605E-5 1.15976E-4 7.7539E-5 1.07656E-4 1.02895E-4 9.5374E-5 8.6264E-5 1.01471E-4 1.19082E-4 9.8987E-5 1.31284E-4 1.24774E-4 1.37932E-4 9.2065E-5 8.5948E-5 9.507E-5 8.7465E-5 9.121E-5 8.4188E-5 7.6221E-5 8.7204E-5 9.6219E-5 1.0613E-4 8.4428E-5 9.5578E-5 1.0142E-4 8.8585E-5 8.2931E-5 1.33382E-4 9.7567E-5 7.9948E-5 9.9592E-5 9.4153E-5 1.13908E-4 6.9407E-5 8.6069E-5 9.0968E-5 9.9586E-5 1.36804E-4 9.5431E-5 1.11091E-4 1.51119E-4 8.437E-5 7.051E-5 1.18056E-4 9.6258E-5 8.0624E-5 9.3644E-5 7.9918E-5 7.9976E-5 7.8296E-5 9.439E-5 7.4861E-5 8.8428E-5 6.656E-5 8.885E-5 8.0145E-5 9.5666E-5 9.5807E-5 7.3572E-5 9.1063E-5 8.1983E-5 8.7774E-5 7.8846E-5 6.8571E-5 7.8309E-5 9.5577E-5 8.23E-5 1.03666E-4 1.60454E-4 1.08822E-4 8.8039E-5 1.10904E-4 9.1119E-5 8.9731E-5 9.5848E-5 9.592E-5 8.1995E-5 7.415E-5 8.5691E-5 8.3097E-5 1.45275E-4 8.8937E-5 9.3551E-5 7.3373E-5 9.5965E-5 8.6403E-5 8.2149E-5 7.5305E-5 6.5917E-5 8.7529E-5 8.6686E-5 7.7562E-5 6.5439E-5 9.2821E-5 8.6069E-5 7.4419E-5 9.3439E-5 7.5471E-5 7.3176E-5 7.4775E-5 9.2546E-5 7.4857E-5 1.33231E-4 6.7154E-5 9.8571E-5 1.22056E-4 1.64012E-4 9.7106E-5 9.7834E-5 1.15017E-4 1.05476E-4 1.11911E-4 1.04927E-4 9.6765E-5 9.3878E-5 9.8627E-5 8.7191E-5 8.6571E-5 8.7373E-5 8.5557E-5 8.1986E-5 9.139E-5 8.1069E-5 8.5493E-5 1.20126E-4 9.2195E-5 7.9272E-5 7.2619E-5 8.5492E-5 7.4973E-5 9.9111E-5 9.8734E-5 9.1565E-5 6.8129E-5 9.2675E-5 9.4691E-5 8.9821E-5 9.6886E-5 8.9205E-5 1.09361E-4 9.2044E-5 7.7355E-5 6.446E-5 9.1712E-5 9.8915E-5 8.1576E-5 9.4606E-5 8.0646E-5 9.6548E-5 9.7031E-5 8.6998E-5 8.6257E-5 9.9125E-5 7.4211E-5 1.36442E-4 9.631E-5 8.871E-5 8.635E-5 6.9039E-5 1.01288E-4 9.4774E-5 9.6199E-5 8.3143E-5 7.8965E-5 8.2665E-5 8.0388E-5 8.572E-5 7.4008E-5 7.7845E-5 1.29801E-4 9.3449E-5 9.4071E-5 7.7326E-5 8.3357E-5 9.4181E-5 1.06098E-4 8.4302E-5 7.3122E-5 1.0119E-4 7.0651E-5 8.7121E-5 8.0498E-5 1.0711E-4 6.6132E-5 8.4365E-5 8.0581E-5 8.2819E-5 8.0441E-5 6.466E-5 8.7936E-5 8.8567E-5 8.899E-5 7.6669E-5 1.09548E-4 1.12087E-4 1.06002E-4 1.51473E-4 1.1681E-4 1.35816E-4 1.09237E-4 1.20695E-4 9.7823E-5 1.18131E-4 7.5011E-5 1.02508E-4 9.288E-5 1.28697E-4 1.09152E-4 8.0292E-5 1.00977E-4 8.8739E-5 1.05107E-4 1.02447E-4 8.4961E-5 9.1905E-5 1.05527E-4 8.6703E-5 7.8919E-5 9.6575E-5 9.9428E-5 9.182E-5 1.02466E-4 8.5936E-5 8.8491E-5 1.18337E-4 9.0586E-5 1.82952E-4 1.72372E-4 1.38657E-4 7.9046E-5 8.692E-5 7.7979E-5 9.8755E-5 7.206E-5 9.3813E-5 9.0797E-5 8.3091E-5 8.5186E-5 6.7053E-5 9.1605E-5 8.538E-5 8.9199E-5 7.0995E-5 1.19755E-4 9.2304E-5 7.7676E-5 9.4419E-5 7.9068E-5 7.5667E-5 7.8486E-5 9.6149E-5 8.6436E-5 1.07059E-4 6.8769E-5 9.6348E-5 8.4927E-5 9.0973E-5 8.5317E-5 4.6911E-5 8.8419E-5 9.7558E-5 8.9778E-5 7.9919E-5 7.7728E-5 8.4638E-5 8.514E-5 8.543E-5 7.2744E-5 7.1207E-5 7.9308E-5 8.067E-5 1.00734E-4 8.9812E-5 9.9011E-5 1.0432E-4 9.4493E-5 8.506E-5 9.3587E-5 9.7539E-5 1.87138E-4 1.27856E-4 8.6992E-5 9.9017E-5 7.7018E-5 8.8586E-5 9.1204E-5 9.8174E-5 8.2209E-5 6.9368E-5 1.01346E-4 9.7158E-5 8.5193E-5 8.3361E-5 1.96199E-4 1.12928E-4 8.8306E-5 1.33449E-4 1.00718E-4 9.427E-5 9.7121E-5 1.33405E-4 1.5354E-4 1.11231E-4 7.1544E-5 9.9554E-5 8.3809E-5 9.0458E-5 9.7929E-5 1.00173E-4 1.18577E-4 1.14422E-4 9.2196E-5 8.0987E-5 8.1194E-5 8.8173E-5 1.03458E-4 9.7889E-5 7.2752E-5 7.3906E-5 7.9037E-5 7.9882E-5 8.9022E-5 7.6148E-5 8.4551E-5 9.2603E-5 8.1512E-5 7.8921E-5 8.1493E-5 9.464E-5 7.0663E-5 8.6788E-5 7.6939E-5 1.07312E-4 8.4028E-5 9.9766E-5 8.857E-5 9.6727E-5 8.7391E-5 7.2645E-5 9.169E-5 8.7778E-5 9.0551E-5 7.647E-5 9.7919E-5 8.8027E-5 7.862E-5 9.2853E-5 7.6086E-5 7.328E-5 7.6116E-5 8.4122E-5 7.3742E-5 8.7231E-5 6.5803E-5 1.02853E-4 8.2599E-5 9.0425E-5 8.7041E-5 8.5519E-5 8.4013E-5 8.8041E-5 1.02714E-4 1.1298E-4 1.00841E-4 1.02318E-4 9.9814E-5 1.13217E-4 8.5024E-5 7.8162E-5 9.0008E-5 8.5598E-5 9.2872E-5 8.36E-5 8.5955E-5 1.02202E-4 9.5287E-5 8.8376E-5 8.5689E-5 9.466E-5 7.4091E-5 9.1581E-5 8.2051E-5 9.852E-5 1.04585E-4 1.33945E-4 1.35533E-4 1.34062E-4 1.26876E-4 1.08382E-4 1.49615E-4 1.25313E-4 1.28883E-4 1.21175E-4 1.63084E-4 1.54918E-4 1.40349E-4 1.62207E-4 1.29E-4 1.15145E-4 1.19304E-4 1.45674E-4 1.13928E-4 2.19429E-4 1.01818E-4 1.02714E-4 8.8596E-5 9.2179E-5 9.099E-5 7.1767E-5 9.5579E-5 8.8177E-5 1.09612E-4 8.5815E-5 7.1566E-5 8.8164E-5 1.00516E-4 9.9804E-5 8.5259E-5 1.02522E-4 1.51281E-4 1.30728E-4 1.12356E-4 9.1535E-5 9.4469E-5 1.1289E-4 1.02079E-4 8.6373E-5 8.4552E-5 1.03162E-4 1.41993E-4 1.82593E-4 9.5401E-5 1.02908E-4 8.7053E-5 9.7753E-5 1.74566E-4 1.4618E-4 9.8143E-5 1.09827E-4 1.77708E-4 1.20821E-4 9.379E-5 7.8529E-5 1.04484E-4 1.02506E-4 9.379E-5 1.12857E-4 8.3206E-5 8.2331E-5 8.7706E-5 8.537E-5 8.0059E-5 1.07539E-4 7.7894E-5 9.1706E-5 8.0211E-5 8.5856E-5 8.4335E-5 6.6209E-5 8.7593E-5 8.1683E-5 8.6669E-5 7.8677E-5 6.9199E-5 7.8058E-5 8.4065E-5 9.7392E-5 7.7246E-5 7.6608E-5 9.3173E-5 8.2576E-5 9.0568E-5 8.0504E-5 9.4428E-5 1.03017E-4 8.6093E-5 7.9932E-5 7.3953E-5 9.476E-5 6.8348E-5 8.5083E-5 7.4754E-5 9.2574E-5 6.5005E-5 8.5883E-5 8.5642E-5 8.1549E-5 7.5863E-5 6.5847E-5 1.05938E-4 9.1853E-5 1.03305E-4 9.8397E-5 1.32262E-4 1.44168E-4 1.23168E-4 1.13226E-4 9.3429E-5 7.8128E-5 8.0221E-5 9.4765E-5 7.482E-5 8.8714E-5 6.6542E-5 8.9954E-5 1.33491E-4 1.23869E-4 8.9896E-5 7.292E-5 1.03518E-4 9.2865E-5 9.4395E-5 9.0353E-5 7.7666E-5 8.354E-5 7.7901E-5 8.1774E-5 8.0955E-5 7.7299E-5 8.1528E-5 8.6846E-5 9.3267E-5 7.7589E-5 8.564E-5 9.4928E-5 8.4104E-5 7.7681E-5 7.3671E-5 8.5948E-5 6.4008E-5 8.7513E-5 6.9271E-5 8.9034E-5 6.4622E-5 1.01364E-4 9.4515E-5 1.12795E-4 9.0945E-5 7.488E-5 1.01891E-4 9.9593E-5 1.82151E-4 6.5146E-5 1.27149E-4 1.02323E-4 9.7665E-5 9.8875E-5 9.0771E-5 1.00105E-4 9.6611E-5 9.8497E-5 7.8663E-5 1.09623E-4 9.718E-5 1.01816E-4 9.2131E-5 1.00498E-4 1.04321E-4 8.0304E-5 1.01047E-4 8.6842E-5 1.03265E-4 1.08006E-4 1.28526E-4 1.16529E-4 1.2603E-4 1.64201E-4 8.0144E-5 7.816E-5 9.1441E-5 9.0589E-5 9.3406E-5 7.9581E-5 9.1847E-5 9.8739E-5 9.408E-5 8.636E-5 7.7559E-5 9.4286E-5 7.0854E-5 1.05883E-4 9.0828E-5 1.18676E-4 1.03784E-4 1.05654E-4 1.13653E-4 8.1914E-5 8.9297E-5 6.9515E-5 1.05388E-4 9.2119E-5 8.0783E-5 6.7607E-5 1.29866E-4 1.02165E-4 1.1824E-4 1.50392E-4 1.13369E-4 8.6688E-5 8.9282E-5 1.02331E-4 9.4697E-5 9.7788E-5 7.0768E-5 9.4539E-5 8.6085E-5 9.25E-5 1.24148E-4 9.663E-5 1.10335E-4 9.4685E-5 9.3025E-5 8.3457E-5 8.266E-5 8.3981E-5 7.993E-5 8.6711E-5 7.7776E-5 7.7622E-5 8.8345E-5 8.7029E-5 1.03079E-4 9.1293E-5 1.11163E-4 1.34071E-4 8.9418E-5 8.2843E-5 8.6335E-5 9.1962E-5 7.0107E-5 8.8603E-5 1.10259E-4 1.40661E-4 1.35372E-4 1.14396E-4 9.7464E-5 9.4455E-5 9.2618E-5 8.427E-5 1.06566E-4 1.01653E-4 8.9104E-5 7.5449E-5 1.01345E-4 1.09399E-4 8.0793E-5 9.9504E-5 8.3772E-5 7.8946E-5 1.16967E-4 1.02352E-4 8.7283E-5 1.01951E-4 7.0869E-5 9.6839E-5 8.5993E-5 9.8007E-5 1.17045E-4 7.6017E-5 9.4901E-5 9.8625E-5 1.31345E-4 1.46978E-4 1.22527E-4 1.38576E-4 9.6954E-5 1.02087E-4 7.8883E-5 8.0972E-5 8.7283E-5 9.6188E-5 1.02231E-4 8.2332E-5 9.9492E-5 1.03194E-4 9.9169E-5 9.5835E-5 9.1738E-5 1.01263E-4 7.8072E-5 1.02224E-4 8.0023E-5 9.464E-5 8.1026E-5 9.3763E-5 8.5866E-5 8.5366E-5 9.3392E-5 7.3045E-5 9.3972E-5 9.09E-5 8.4152E-5 6.9519E-5 9.9584E-5 9.0838E-5 7.7513E-5 9.6176E-5 8.1906E-5 8.5087E-5 9.622E-5 9.8909E-5 8.4674E-5 9.6985E-5 7.1646E-5 1.05718E-4 9.7712E-5 1.32236E-4 9.7809E-5 9.6375E-5 1.30243E-4 1.4559E-4 1.02772E-4 9.4602E-5 8.4587E-5 9.1985E-5 9.2811E-5 1.00374E-4 1.07263E-4 1.05679E-4 1.03124E-4 1.59278E-4 1.54645E-4 9.2781E-5 9.7629E-5 1.87744E-4 1.35987E-4 1.05906E-4 1.11283E-4 2.35447E-4 1.86874E-4 1.02581E-4 8.1057E-5 1.02953E-4 8.9221E-5 1.02751E-4 8.9994E-5 9.0225E-5 8.8063E-5 7.6908E-5 1.00689E-4 1.07427E-4 8.9823E-5 8.1443E-5 1.04165E-4 9.9492E-5 9.4364E-5 1.01377E-4 9.0385E-5 1.19428E-4 1.2962E-4 1.1794E-4 7.8696E-5 9.274E-5 6.8892E-5 9.4507E-5 8.4994E-5 9.5024E-5 9.3345E-5 7.6628E-5 9.9273E-5 9.9456E-5 8.7193E-5 8.5357E-5 8.1774E-5 1.21821E-4 8.3694E-5 8.6413E-5 7.4501E-5 7.7439E-5 8.7616E-5 8.731E-5 1.0512E-4 9.2987E-5 9.3486E-5 1.06599E-4 8.9129E-5 8.3437E-5 7.8329E-5 9.2178E-5 8.7283E-5 1.93387E-4 9.5611E-5 1.18949E-4 8.6675E-5 9.6359E-5 8.4237E-5 9.8922E-5 8.6765E-5 7.4571E-5 9.6937E-5 9.1498E-5 8.4411E-5 8.8107E-5 1.00676E-4 9.123E-5 7.8399E-5 9.4033E-5 7.7126E-5 9.9932E-5 8.0206E-5 8.2555E-5 1.00903E-4 1.13063E-4 1.21003E-4 1.72074E-4 2.91166E-4 1.01526E-4 9.4285E-5 7.2636E-5 9.5838E-5 8.5622E-5 1.04359E-4 8.854E-5 7.646E-5 8.1608E-5 8.1907E-5 8.9189E-5 8.3502E-5 7.9286E-5 8.8598E-5 8.5344E-5 1.29275E-4 1.34146E-4 1.46328E-4 1.05919E-4 9.4779E-5 9.0137E-5 8.8768E-5 1.29741E-4 9.0537E-5 1.03244E-4 9.397E-5 1.06724E-4 8.0825E-5 9.582E-5 9.5138E-5 8.4564E-5 8.2317E-5 7.1011E-5 9.3853E-5 1.07926E-4 9.2135E-5 7.4599E-5 1.00202E-4 9.2479E-5 8.0666E-5 9.5356E-5 8.1334E-5 7.5514E-5 7.889E-5 8.312E-5 7.7009E-5 9.4136E-5 6.9382E-5 9.535E-5 8.5567E-5 9.751E-5 8.6401E-5 7.2937E-5 1.01838E-4 8.6574E-5 8.7003E-5 8.1872E-5 6.9719E-5 2.01825E-4 8.4987E-5 9.5886E-5 9.3968E-5 1.03284E-4 1.13268E-4 1.51284E-4 3.10516E-4 1.12759E-4 1.13453E-4 1.06506E-4 9.9621E-5 1.0599E-4 1.37952E-4 1.34957E-4 7.7788E-5 9.8166E-5 8.623E-5 1.32569E-4 9.4167E-5 1.4291E-4 9.604E-5 8.8554E-5 1.3627E-4 1.00691E-4 9.963E-5 1.03109E-4 8.582E-5 7.1592E-5 9.9637E-5 1.11581E-4 1.04772E-4 9.6662E-5 8.2514E-5 8.6996E-5 9.4266E-5 9.7917E-5 8.6281E-5 1.01883E-4 7.6978E-5 9.8209E-5 8.566E-5 8.9773E-5 8.823E-5 6.9102E-5 9.4008E-5 8.4179E-5 8.3581E-5 8.2617E-5 7.4235E-5 7.9998E-5 7.6123E-5 8.3993E-5 7.5901E-5 7.4172E-5 7.9993E-5 8.0179E-5 9.9172E-5 9.1137E-5 8.4438E-5 9.6407E-5 1.40425E-4 1.04822E-4 1.083E-4 1.57148E-4 1.35518E-4 3.56839E-4 1.50315E-4 1.05292E-4 1.05469E-4 1.00937E-4 9.0554E-5 8.402E-5 8.5121E-5 7.2362E-5 9.5829E-5 1.04332E-4 8.1745E-5 8.1557E-5 9.9831E-5 9.6875E-5 1.28619E-4 1.00729E-4 8.1908E-5 7.4784E-5 7.7588E-5 8.426E-5 7.5751E-5 8.7706E-5 6.6157E-5 9.5248E-5 1.1215E-4 1.00064E-4 8.966E-5 8.5864E-5 1.03624E-4 1.11563E-4 1.64494E-4 1.03579E-4 8.8585E-5 9.9695E-5 1.13456E-4 1.09859E-4 1.02922E-4 9.4009E-5 9.5078E-5 9.3569E-5 1.19828E-4 9.4395E-5 1.03672E-4 2.03202E-4 1.67909E-4 4.1413E-4 1.91059E-4 1.61984E-4 1.15848E-4 1.31568E-4 1.15715E-4 1.44339E-4 1.16242E-4 1.4936E-4 1.41994E-4 1.34728E-4 1.42754E-4 1.17387E-4 1.72134E-4 1.49512E-4 1.29371E-4 8.1695E-5 1.00706E-4 1.03135E-4 8.8392E-5 1.05296E-4 9.2939E-5 8.4496E-5 9.0859E-5 1.04613E-4 1.15324E-4 1.41587E-4 1.35673E-4 1.41575E-4 1.58391E-4 1.50796E-4 1.36711E-4 1.1908E-4 1.63153E-4 1.06449E-4 1.0465E-4 9.8543E-5 1.04878E-4 1.0688E-4 1.3463E-4 1.0503E-4 9.1523E-5 1.10444E-4 2.12902E-4 1.05357E-4 1.12294E-4 9.5001E-5 9.7664E-5 1.34041E-4 9.919E-5 1.3326E-4 8.2885E-5 9.5659E-5 1.30098E-4 1.24032E-4 1.16494E-4 1.02777E-4 9.3586E-5 1.21607E-4 1.23404E-4 9.1635E-5 8.4652E-5 7.0797E-5 9.6656E-5 9.4125E-5 8.1902E-5 7.113E-5 9.5562E-5 9.1572E-5 7.8763E-5 9.7151E-5 7.9124E-5 8.8974E-5 9.0475E-5 9.2452E-5 8.0515E-5 9.1866E-5 6.9062E-5 1.03258E-4 8.7165E-5 9.0535E-5 9.4868E-5 8.3237E-5 9.704E-5 1.23311E-4 1.04628E-4 1.28817E-4 1.54955E-4 1.71057E-4 9.0783E-5 1.1209E-4 8.4679E-5 8.0954E-5 9.3786E-5 1.12959E-4 9.7563E-5 8.1383E-5 1.40742E-4 1.05248E-4 1.42968E-4 9.5496E-5 8.0783E-5 8.9291E-5 6.753E-5 9.2142E-5 7.7105E-5 9.3562E-5 6.8545E-5 8.6628E-5 8.1672E-5 9.1727E-5 8.4229E-5 6.8376E-5 9.3176E-5 9.0202E-5 8.3671E-5 6.9105E-5 9.6225E-5 8.8399E-5 7.8365E-5 9.3676E-5 8.1603E-5 7.2705E-5 7.9023E-5 8.5734E-5 7.6777E-5 8.9503E-5 6.7553E-5 9.0677E-5 8.1316E-5 8.4934E-5 9.4294E-5 7.4264E-5 9.342E-5 8.3429E-5 8.5216E-5 8.0932E-5 7.1277E-5 8.0076E-5 1.13597E-4 1.12737E-4 8.2347E-5 9.3055E-5 8.5636E-5 8.5779E-5 9.6881E-5 9.2049E-5 9.7847E-5 1.06333E-4 8.9302E-5 8.3349E-5 1.22332E-4 1.20297E-4 7.0318E-5 9.0065E-5 7.5472E-5 9.6999E-5 7.6314E-5 9.0536E-5 8.2715E-5 9.7292E-5 1.03918E-4 7.0267E-5 8.889E-5 8.6065E-5 8.2816E-5 7.043E-5 9.7318E-5 1.09956E-4 8.5941E-5 9.2808E-5 8.8502E-5 1.2593E-4 1.33972E-4 1.21895E-4 1.15575E-4 1.07572E-4 7.1122E-5 9.4374E-5 8.6747E-5 9.0105E-5 8.1457E-5 8.2855E-5 9.7212E-5 9.5702E-5 8.6914E-5 8.4086E-5 1.1468E-4 1.14382E-4 9.4923E-5 1.01182E-4 8.0496E-5 8.8203E-5 8.9953E-5 9.3005E-5 9.7703E-5 8.3227E-5 8.5996E-5 1.00384E-4 8.5774E-5 8.1148E-5 8.7688E-5 9.5513E-5 7.7632E-5 9.9854E-5 8.6205E-5 1.00476E-4 6.6569E-5 8.6264E-5 9.317E-5 7.922E-5 1.35967E-4 7.4464E-5 9.6681E-5 9.2813E-5 1.01161E-4 8.4333E-5 1.09063E-4 9.6739E-5 1.27127E-4 1.26654E-4 1.03685E-4 8.671E-5 8.7526E-5 8.3104E-5 7.6442E-5 8.8574E-5 6.4734E-5 8.8788E-5 8.7308E-5 1.10756E-4 8.584E-5 7.549E-5 9.169E-5 8.127E-5 8.0086E-5 7.683E-5 8.0035E-5 8.0571E-5 8.0514E-5 9.2896E-5 7.2747E-5 7.252E-5 7.9075E-5 7.8864E-5 8.9885E-5 9.5481E-5 1.05426E-4 1.52033E-4 1.05607E-4 9.3496E-5 8.0537E-5 1.02994E-4 7.2245E-5 9.063E-5 7.4374E-5 9.0415E-5 8.1525E-5 9.1071E-5 8.0944E-5 8.0855E-5 9.5517E-5 8.3947E-5 9.022E-5 8.4368E-5 8.0491E-5 6.7653E-5 9.1532E-5 8.3072E-5 7.3463E-5 8.8691E-5 7.3048E-5 8.4578E-5 8.425E-5 8.6831E-5 7.6331E-5 1.04883E-4 7.1825E-5 9.3875E-5 8.2784E-5 9.2756E-5 8.3947E-5 6.8861E-5 8.8912E-5 8.3949E-5 8.3241E-5 8.3718E-5 7.1716E-5 8.1288E-5 7.8232E-5 8.4915E-5 7.2834E-5 7.5091E-5 8.2158E-5 8.2509E-5 9.1284E-5 7.8085E-5 8.0606E-5 9.6663E-5 8.3863E-5 1.31397E-4 1.04232E-4 9.9682E-5 7.8915E-5 1.00822E-4 8.5203E-5 1.03118E-4 7.1671E-5 1.23852E-4 8.8514E-5 9.0072E-5 8.4584E-5 7.1944E-5 9.2967E-5 9.1951E-5 8.4304E-5 8.0851E-5 1.10489E-4 1.02392E-4 8.7947E-5 1.24324E-4 9.0048E-5 8.6342E-5 1.09991E-4 1.02037E-4 8.2394E-5 1.06875E-4 7.3178E-5 1.00536E-4 1.01458E-4 1.0219E-4 9.2956E-5 7.4335E-5 1.05478E-4 9.549E-5 1.26347E-4 9.3454E-5 8.5725E-5 9.4284E-5 1.79E-4 1.95059E-4 1.32481E-4 1.0779E-4 9.854E-5 9.5202E-5 1.03273E-4 8.5513E-5 9.2442E-5 1.09736E-4 9.278E-5 8.6127E-5 7.7703E-5 9.1773E-5 6.7624E-5 9.0224E-5 1.00736E-4 1.02375E-4 7.7973E-5 1.55224E-4 1.23121E-4 1.27532E-4 9.6007E-5 8.6331E-5 1.13505E-4 1.01192E-4 1.04215E-4 8.4182E-5 1.09607E-4 1.02569E-4 1.12971E-4 1.59842E-4 1.34367E-4 1.62627E-4 1.01079E-4 1.03477E-4 9.5615E-5 1.00844E-4 1.07724E-4 1.37703E-4 1.22654E-4 1.15317E-4 9.4418E-5 8.606E-5 1.09654E-4 1.39928E-4 1.40866E-4 8.8332E-5 1.48906E-4 1.01131E-4 8.7192E-5 1.01565E-4 1.10717E-4 2.0839E-4 1.06133E-4 9.7846E-5 9.846E-5 8.3534E-5 8.9986E-5 1.2556E-4 9.2537E-5 8.4219E-5 7.5739E-5 9.1774E-5 6.8622E-5 9.1222E-5 7.5946E-5 9.334E-5 6.7737E-5 8.9033E-5 1.17753E-4 9.5438E-5 8.6526E-5 7.2924E-5 9.716E-5 9.3636E-5 8.4283E-5 7.1553E-5 1.02794E-4 9.1234E-5 8.0322E-5 9.754E-5 7.3682E-5 7.8972E-5 8.7606E-5 8.9208E-5 8.0795E-5 9.7278E-5 7.61E-5 1.17928E-4 8.9317E-5 1.18392E-4 9.5559E-5 8.9849E-5 1.24913E-4 1.28523E-4 1.35804E-4 1.24035E-4 9.7646E-5 9.9645E-5 8.2675E-5 8.997E-5 7.6906E-5 8.0194E-5 8.5262E-5 8.4277E-5 1.33479E-4 8.2666E-5 8.4415E-5 1.01332E-4 8.9166E-5 8.5367E-5 8.9197E-5 1.24677E-4 1.03927E-4 1.00773E-4 9.0425E-5 1.00411E-4 7.1356E-5 8.8159E-5 8.3943E-5 8.0696E-5 8.1692E-5 6.926E-5 9.2847E-5 9.1252E-5 8.3938E-5 7.0379E-5 1.09747E-4 9.5219E-5 8.2269E-5 9.9377E-5 1.05563E-4 7.591E-5 9.9596E-5 1.04792E-4 1.02544E-4 1.39631E-4 9.7271E-5 1.08553E-4 1.07724E-4 1.10256E-4 1.07412E-4 8.7198E-5 1.11343E-4 1.04738E-4 1.2731E-4 1.43092E-4 1.19935E-4 2.02125E-4 1.60325E-4 1.63413E-4 4.35554E-4 2.33398E-4 1.52322E-4 1.48618E-4 1.57063E-4 1.30528E-4 1.54982E-4 1.7551E-4 1.55862E-4 1.58864E-4 1.4439E-4 1.08092E-4 1.23229E-4 1.06889E-4 9.0871E-5 1.10585E-4 8.3927E-5 1.05977E-4 9.6693E-5 9.798E-5 1.00657E-4 1.00781E-4 1.54606E-4 1.04311E-4 1.12094E-4 9.094E-5 2.238E-4 2.30949E-4 1.44999E-4 1.21804E-4 9.0897E-5 1.40198E-4 1.47851E-4 1.03205E-4 1.40803E-4 1.17101E-4 1.2414E-4 1.38389E-4 1.16573E-4 1.14666E-4 9.6723E-5 8.9045E-5 1.13304E-4 1.15214E-4 1.22239E-4 1.15887E-4 8.2453E-5 8.8335E-5 8.4989E-5 9.754E-5 1.20693E-4 1.02965E-4 1.01787E-4 9.1916E-5 1.04009E-4 1.10446E-4 1.0601E-4 1.03852E-4 9.2113E-5 1.05565E-4 8.4626E-5 9.7647E-5 7.0642E-5 9.6939E-5 9.1052E-5 1.05553E-4 7.7524E-5 9.3603E-5 1.05983E-4 9.1729E-5 8.4347E-5 6.9831E-5 9.4096E-5 9.5256E-5 8.7966E-5 7.3717E-5 1.02286E-4 9.2673E-5 8.1001E-5 9.7029E-5 6.9683E-5 7.9768E-5 8.5909E-5 9.393E-5 8.1747E-5 9.4737E-5 7.0215E-5 1.0654E-4 8.708E-5 8.1652E-5 8.2108E-5 7.4317E-5 9.3397E-5 8.5596E-5 8.4238E-5 7.5212E-5 9.3088E-5 9.5349E-5 1.01399E-4 1.02159E-4 1.12509E-4 1.14534E-4 1.1029E-4 1.15645E-4 1.24113E-4 9.2013E-5 9.0268E-5 1.02221E-4 1.00561E-4 9.1462E-5 8.6314E-5 9.8454E-5 7.0806E-5 9.2182E-5 7.6068E-5 9.5575E-5 6.8706E-5 1.01769E-4 9.7722E-5 8.821E-5 9.0888E-5 7.1884E-5 9.4021E-5 9.1936E-5 8.2766E-5 7.8678E-5 1.11613E-4 9.2E-5 8.1165E-5 9.6059E-5 6.8898E-5 6.2615E-5 8.1276E-5 8.7155E-5 7.8464E-5 9.0763E-5 6.9312E-5 9.4456E-5 9.7467E-5 1.19996E-4 1.0774E-4 8.969E-5 1.02363E-4 1.03898E-4 9.6005E-5 9.5303E-5 1.02108E-4 8.9056E-5 8.4569E-5 8.9744E-5 7.9696E-5 7.7641E-5 8.3534E-5 8.3335E-5 9.5115E-5 9.1759E-5 8.6329E-5 9.8616E-5 8.8726E-5 8.3466E-5 7.7575E-5 9.0256E-5 6.9394E-5 9.1061E-5 7.6196E-5 9.3817E-5 6.9209E-5 1.11002E-4 1.18804E-4 1.01171E-4 9.9398E-5 8.1286E-5 1.04058E-4 9.8295E-5 9.3459E-5 7.3478E-5 1.0675E-4 1.04026E-4 8.8313E-5 1.17781E-4 7.5604E-5 9.0295E-5 8.96E-5 1.2163E-4 8.7379E-5 9.75E-5 8.0805E-5 1.09809E-4 9.8341E-5 9.0913E-5 8.7131E-5 7.4063E-5 9.4578E-5 8.5931E-5 9.735E-5 7.8013E-5 7.3742E-5 8.5323E-5 9.0633E-5 9.3211E-5 7.7671E-5 7.7809E-5 8.5306E-5 8.5129E-5 9.9327E-5 9.3078E-5 1.03143E-4 1.2125E-4 1.06983E-4 1.00097E-4 9.3748E-5 1.2418E-4 1.08957E-4 1.01082E-4 8.9542E-5 1.03752E-4 8.0218E-5 1.40273E-4 9.9412E-5 9.7212E-5 8.6162E-5 7.2093E-5 1.11073E-4 1.15488E-4 8.8495E-5 8.0053E-5 9.9381E-5 8.9631E-5 7.9865E-5 9.6172E-5 6.7977E-5 1.40672E-4 1.10338E-4 9.244E-5 8.9696E-5 9.7725E-5 7.0764E-5 9.6436E-5 9.3834E-5 1.00939E-4 1.04017E-4 9.2889E-5 9.8684E-5 1.1723E-4 1.09163E-4 7.8844E-5 8.9589E-5 9.8886E-5 1.14614E-4 1.00763E-4 8.2511E-5 9.8228E-5 1.21631E-4 1.07663E-4 9.9511E-5 8.1183E-5 8.3534E-5 9.8606E-5 8.7154E-5 8.7127E-5 7.6985E-5 8.7126E-5 6.7347E-5 8.5066E-5 9.736E-5 1.03347E-4 7.1268E-5 9.0107E-5 8.8675E-5 9.6828E-5 8.4589E-5 7.2722E-5 9.1313E-5 8.699E-5 8.0895E-5 6.8815E-5 1.12831E-4 8.4496E-5 8.127E-5 9.9711E-5 6.8472E-5 8.6556E-5 1.14823E-4 9.2469E-5 9.2302E-5 1.09555E-4 7.3878E-5 1.36015E-4 9.368E-5 1.04292E-4 9.0598E-5 8.119E-5 1.00946E-4 9.2312E-5 8.8268E-5 6.8849E-5 6.7916E-5 8.9564E-5 7.5978E-5 8.6986E-5 7.1033E-5 7.3509E-5 9.5776E-5 8.593E-5 8.9678E-5 8.333E-5 8.9445E-5 1.14168E-4 9.2262E-5 8.8135E-5 7.7832E-5 9.915E-5 9.5888E-5 1.35612E-4 1.07954E-4 1.25111E-4 1.24871E-4 1.00949E-4 9.0723E-5 9.5144E-5 9.4892E-5 8.1611E-5 1.04835E-4 9.4065E-5 9.6353E-5 7.8121E-5 1.13224E-4 9.4779E-5 7.892E-5 9.7408E-5 6.7277E-5 6.6617E-5 7.9801E-5 9.8431E-5 9.0335E-5 9.7517E-5 7.0925E-5 1.04736E-4 9.5281E-5 8.2427E-5 1.12069E-4 7.7734E-5 1.4965E-4 1.35716E-4 1.58424E-4 7.8855E-5 1.22858E-4 1.33185E-4 8.8058E-5 9.9819E-5 1.04274E-4 8.7059E-5 9.4536E-5 1.39936E-4 1.20899E-4 1.26683E-4 1.08483E-4 1.16933E-4 9.8496E-5 8.8816E-5 8.2728E-5 1.24712E-4 8.141E-5 9.1917E-5 8.4162E-5 1.00159E-4 7.1696E-5 1.04267E-4 8.8759E-5 9.4372E-5 8.4241E-5 7.7683E-5 9.5096E-5 8.4943E-5 1.20622E-4 9.0604E-5 1.26461E-4 9.7145E-5 8.1627E-5 9.5837E-5 6.601E-5 6.2894E-5 8.0225E-5 9.1814E-5 9.748E-5 1.00665E-4 6.744E-5 8.8309E-5 7.9618E-5 7.0478E-5 8.0316E-5 6.7752E-5 9.0111E-5 8.3071E-5 8.1645E-5 6.8839E-5 6.7738E-5 7.5729E-5 7.8122E-5 8.2073E-5 6.9274E-5 7.0492E-5 7.5967E-5 8.5115E-5 1.01777E-4 7.6829E-5 7.3944E-5 9.0299E-5 7.9015E-5 7.4033E-5 7.0486E-5 8.2908E-5 6.3884E-5 8.0835E-5 7.0208E-5 8.6852E-5 6.2114E-5 9.6348E-5 8.096E-5 7.4173E-5 7.4897E-5 6.3811E-5 8.4529E-5 8.2188E-5 7.6064E-5 6.4388E-5 8.8551E-5 8.2179E-5 7.2315E-5 8.7054E-5 6.3546E-5 6.2222E-5 7.6099E-5 8.1128E-5 7.3732E-5 8.7012E-5 6.9021E-5 9.1125E-5 9.0124E-5 7.1973E-5 7.9163E-5 6.5847E-5 8.6058E-5 7.7242E-5 7.7309E-5 6.1505E-5 6.8844E-5 7.5587E-5 7.1277E-5 8.9347E-5 8.501E-5 1.52888E-4 1.54773E-4 1.30114E-4 9.5278E-5 7.6372E-5 8.9918E-5 1.00639E-4 8.6315E-5 9.3885E-5 8.8364E-5 9.9982E-5 6.8315E-5 8.7217E-5 7.2013E-5 8.8663E-5 6.9016E-5 8.5051E-5 8.1077E-5 7.755E-5 8.4742E-5 6.6663E-5 8.6709E-5 9.1153E-5 7.8812E-5 6.5361E-5 9.9565E-5 9.0257E-5 1.28514E-4 1.11296E-4 7.4316E-5 7.2752E-5 9.939E-5 8.4332E-5 8.1082E-5 9.1979E-5 6.8463E-5 9.659E-5 8.856E-5 7.8704E-5 9.8613E-5 7.6234E-5 1.15873E-4 9.7267E-5 8.9795E-5 8.0111E-5 7.5905E-5 8.6087E-5 7.8623E-5 1.05068E-4 1.01391E-4 9.6153E-5 8.9198E-5 8.8981E-5 1.20678E-4 1.68955E-4 2.19446E-4 2.0872E-4 1.00206E-4 1.00475E-4 9.1521E-5 1.01571E-4 7.5614E-5 9.2069E-5 8.0252E-5 9.6564E-5 6.9668E-5 9.1183E-5 8.5636E-5 8.4001E-5 8.3788E-5 7.0705E-5 1.68832E-4 1.03126E-4 1.54323E-4 7.946E-5 1.0583E-4 1.01047E-4 8.9862E-5 1.07335E-4 7.727E-5 1.51002E-4 1.25129E-4 1.1382E-4 8.0922E-5 1.10343E-4 7.7397E-5 1.03112E-4 8.9718E-5 7.8195E-5 1.01791E-4 1.15186E-4 1.61502E-4 1.53624E-4 1.35313E-4 7.5394E-5 8.6345E-5 1.04097E-4 1.11858E-4 1.01281E-4 8.249E-5 8.3792E-5 9.4877E-5 9.4042E-5 1.18309E-4 1.03443E-4 8.7219E-5 1.01346E-4 9.0108E-5 8.5464E-5 7.8996E-5 9.3793E-5 7.3791E-5 1.01392E-4 1.03569E-4 1.32925E-4 1.88882E-4 1.09345E-4 1.03155E-4 9.7641E-5 9.4226E-5 1.14716E-4 1.46385E-4 1.13346E-4 1.00518E-4 8.2933E-5 1.12749E-4 9.5448E-5 8.3191E-5 1.01317E-4 7.4509E-5 6.7848E-5 8.4189E-5 9.1242E-5 8.1691E-5 9.7667E-5 7.5604E-5 1.40635E-4 1.09699E-4 8.5754E-5 9.2349E-5 9.16E-5 1.06111E-4 9.2257E-5 9.0384E-5 7.1858E-5 7.5989E-5 9.7786E-5 8.1608E-5 9.1395E-5 1.15825E-4 9.1698E-5 1.38431E-4 1.41789E-4 1.79922E-4 1.09333E-4 8.8994E-5 1.05391E-4 9.0233E-5 8.5356E-5 9.0516E-5 1.06291E-4 8.317E-5 1.00429E-4 7.9812E-5 1.07238E-4 7.5982E-5 1.01484E-4 1.17883E-4 1.49351E-4 1.40548E-4 1.19302E-4 1.59627E-4 1.3856E-4 1.28375E-4 1.05445E-4 1.68099E-4 1.66563E-4 1.39045E-4 1.66318E-4 1.13471E-4 9.9247E-5 1.38381E-4 1.61069E-4 1.39085E-4 9.8891E-5 8.0876E-5 1.10039E-4 9.8694E-5 8.4701E-5 9.7061E-5 7.6747E-5 1.0913E-4 9.8053E-5 9.218E-5 8.133E-5 7.983E-5 1.4223E-4 8.9424E-5 2.04412E-4 8.7363E-5 1.62666E-4 1.5804E-4 1.23027E-4 1.13047E-4 9.2826E-5 8.8013E-5 1.17469E-4 1.05966E-4 9.8712E-5 8.9392E-5 1.02098E-4 1.03382E-4 1.00433E-4 1.16173E-4 1.09552E-4 8.1886E-5 1.01297E-4 9.7412E-5 8.9481E-5 9.4612E-5 9.2689E-5 1.04277E-4 1.04375E-4 9.7092E-5 8.7662E-5 1.13113E-4 1.29481E-4 1.59585E-4 1.67301E-4 9.2556E-5 9.7199E-5 1.01368E-4 9.3551E-5 1.44649E-4 1.33512E-4 9.1412E-5 1.17234E-4 1.05174E-4 1.06328E-4 1.4499E-4 9.9373E-5 1.03354E-4 9.2473E-5 9.122E-5 1.32552E-4 1.01623E-4 9.4172E-5 8.0429E-5 9.2302E-5 7.8226E-5 8.2076E-5 8.8232E-5 9.0978E-5 1.04095E-4 8.4871E-5 8.8034E-5 1.86073E-4 1.14602E-4 1.72827E-4 1.04729E-4 9.942E-5 7.5453E-5 9.5214E-5 8.1265E-5 9.9981E-5 7.2025E-5 9.2353E-5 8.8007E-5 9.8245E-5 9.4211E-5 7.9391E-5 9.8848E-5 9.5847E-5 8.5243E-5 8.5231E-5 1.10039E-4 9.3851E-5 9.0663E-5 1.08323E-4 7.4322E-5 7.8457E-5 8.8784E-5 8.9154E-5 8.3458E-5 1.31101E-4 8.4394E-5 1.00638E-4 9.1323E-5 1.09207E-4 1.22028E-4 1.21153E-4 1.4191E-4 1.45644E-4 2.13098E-4 7.9984E-5 8.7322E-5 9.7392E-5 1.13551E-4 1.15205E-4 9.1229E-5 8.4027E-5 9.9586E-5 1.00344E-4 1.00363E-4 8.909E-5 8.4257E-5 1.05233E-4 9.2245E-5 8.6074E-5 8.4423E-5 1.46387E-4 7.7822E-5 9.217E-5 8.7642E-5 1.69401E-4 1.25371E-4 1.37965E-4 1.07757E-4 1.31561E-4 9.3989E-5 1.25794E-4 1.30322E-4 1.55449E-4 1.12125E-4 9.0172E-5 1.24889E-4 1.11121E-4 9.863E-5 1.01723E-4 8.2937E-5 8.5282E-5 1.4176E-4 1.08172E-4 8.7007E-5 1.16972E-4 1.45764E-4 1.63747E-4 1.69174E-4 1.41844E-4 9.6282E-5 7.5842E-5 9.9069E-5 8.9758E-5 8.6852E-5 7.2671E-5 7.8544E-5 8.7739E-5 7.9996E-5 9.0445E-5 8.0543E-5 7.9837E-5 8.994E-5 9.871E-5 9.9857E-5 8.3056E-5 7.7955E-5 9.9049E-5 1.00291E-4 9.2684E-5 7.8753E-5 9.3245E-5 7.4244E-5 1.05554E-4 8.3838E-5 1.02241E-4 8.0093E-5 9.7379E-5 1.08213E-4 9.4535E-5 9.6829E-5 8.0636E-5 1.33283E-4 1.61876E-4 1.12038E-4 8.8519E-5 1.03496E-4 9.8067E-5 8.817E-5 1.02831E-4 7.2303E-5 6.8906E-5 9.1633E-5 1.31746E-4 9.399E-5 1.40094E-4 9.2504E-5 1.10442E-4 1.22933E-4 1.2201E-4 9.5754E-5 8.1821E-5 1.0314E-4 9.3024E-5 1.25458E-4 1.06858E-4 8.1695E-5 9.2022E-5 9.71E-5 1.04689E-4 8.7656E-5 9.1535E-5 1.17295E-4 9.9995E-5 1.29433E-4 1.00065E-4 8.6182E-5 1.50034E-4 1.11681E-4 1.00597E-4 8.8225E-5 9.81E-5 7.343E-5 9.3551E-5 7.8551E-5 9.5887E-5 7.1364E-5 1.16327E-4 1.00717E-4 1.07306E-4 1.01292E-4 8.5862E-5 1.04873E-4 9.7513E-5 9.2085E-5 9.5447E-5 1.08891E-4 1.07396E-4 8.6563E-5 1.03262E-4 7.7795E-5 7.7923E-5 9.3897E-5 9.2567E-5 9.3538E-5 1.00116E-4 7.513E-5 1.22355E-4 9.43E-5 7.8533E-5 8.1878E-5 8.1076E-5 1.09327E-4 8.9648E-5 8.2638E-5 1.66168E-4 1.51121E-4 1.6297E-4 8.4459E-5 1.04491E-4 8.708E-5 8.277E-5 8.7265E-5 8.7616E-5 9.7325E-5 8.0462E-5 7.5101E-5 1.14244E-4 1.00897E-4 9.7188E-5 8.1059E-5 9.3109E-5 8.1999E-5 1.04525E-4 8.3573E-5 9.8956E-5 7.2426E-5 9.4704E-5 1.05448E-4 8.4639E-5 8.9101E-5 7.5562E-5 1.06646E-4 9.9733E-5 8.9409E-5 7.7246E-5 1.08814E-4 9.6866E-5 7.9274E-5 9.9668E-5 1.036E-4 1.1421E-4 2.3443E-4 1.2898E-4 9.6644E-5 1.08225E-4 8.2403E-5 1.02056E-4 8.9913E-5 9.855E-5 9.7785E-5 8.0476E-5 1.10817E-4 1.0596E-4 9.7082E-5 7.2217E-5 9.9809E-5 1.2518E-4 1.0474E-4 9.8499E-5 9.421E-5 8.2099E-5 8.5318E-5 8.8262E-5 1.04045E-4 8.1313E-5 7.6419E-5 1.02311E-4 9.2915E-5 9.9901E-5 9.6485E-5 9.3293E-5 7.0864E-5 9.2396E-5 1.14244E-4 1.15508E-4 7.4088E-5 9.5291E-5 9.0296E-5 8.0007E-5 1.34687E-4 1.01377E-4 1.00838E-4 9.3127E-5 8.6475E-5 7.2041E-5 9.9946E-5 9.2325E-5 8.9061E-5 1.72075E-4 1.05974E-4 1.66661E-4 1.05551E-4 1.002E-4 8.6581E-5 1.25498E-4 8.0722E-5 1.08115E-4 9.0687E-5 1.11355E-4 8.0523E-5 7.956E-5 9.9036E-5 9.1308E-5 8.1769E-5 7.775E-5 7.8148E-5 9.4329E-5 8.0771E-5 9.9063E-5 8.3991E-5 8.2081E-5 8.4837E-5 1.17951E-4 1.00517E-4 8.4245E-5 8.831E-5 1.19476E-4 1.39449E-4 1.58498E-4 1.87658E-4 1.14522E-4 7.297E-5 9.1598E-5 7.9011E-5 9.5955E-5 7.0676E-5 1.14372E-4 1.19075E-4 1.03545E-4 1.02621E-4 8.5366E-5 1.12748E-4 1.01994E-4 9.5328E-5 7.6659E-5 1.03947E-4 1.05642E-4 8.3783E-5 1.06361E-4 7.2837E-5 7.3284E-5 9.4333E-5 1.01014E-4 9.4073E-5 1.03088E-4 8.1489E-5 1.02807E-4 9.8611E-5 7.825E-5 9.0225E-5 8.5543E-5 1.05041E-4 9.9355E-5 9.0922E-5 6.9556E-5 7.9303E-5 9.8865E-5 8.3781E-5 9.4689E-5 8.0053E-5 8.2005E-5 8.7723E-5 8.8866E-5 1.00293E-4 8.215E-5 7.8976E-5 1.01525E-4 9.0974E-5 8.842E-5 7.911E-5 9.3385E-5 7.1858E-5 9.2556E-5 8.5962E-5 1.0035E-4 7.3599E-5 9.2441E-5 9.2491E-5 7.8687E-5 8.5526E-5 8.9212E-5 1.18906E-4 1.40845E-4 1.17184E-4 1.54315E-4 2.12797E-4 1.56553E-4 9.04E-5 1.08415E-4 8.2537E-5 7.4575E-5 9.2679E-5 9.4029E-5 1.13324E-4 1.30574E-4 9.0478E-5 1.69417E-4 1.03345E-4 8.9854E-5 7.9959E-5 7.7839E-5 1.31658E-4 1.01089E-4 8.3514E-5 6.7842E-5 7.7008E-5 8.6423E-5 9.268E-5 1.32192E-4 1.06496E-4 8.3134E-5 8.7646E-5 8.7674E-5 1.01775E-4 8.5956E-5 9.9946E-5 1.2263E-4 1.42053E-4 1.0737E-4 8.434E-5 9.7882E-5 9.2706E-5 1.16304E-4 8.3242E-5 9.7196E-5 7.3719E-5 9.0747E-5 1.0155E-4 8.1846E-5 8.775E-5 7.5478E-5 9.7993E-5 9.6853E-5 9.0208E-5 7.536E-5 1.03727E-4 9.6373E-5 8.0103E-5 9.8971E-5 7.2058E-5 6.7987E-5 8.7653E-5 8.7522E-5 8.2805E-5 9.9087E-5 7.7232E-5 1.01862E-4 9.0294E-5 1.00679E-4 1.25335E-4 1.31044E-4 1.60799E-4 1.04651E-4 2.08648E-4 1.75321E-4 1.60004E-4 1.91449E-4 1.52873E-4 9.8763E-5 8.2017E-5 9.3879E-5 1.08124E-4 9.8191E-5 1.05093E-4 8.4897E-5 9.147E-5 1.06238E-4 9.2934E-5 8.684E-5 9.4945E-5 9.7332E-5 8.5098E-5 1.02348E-4 8.3126E-5 1.1367E-4 8.3482E-5 1.00388E-4 1.00117E-4 7.849E-5 8.6615E-5 9.2026E-5 1.11091E-4 1.95409E-4 1.64222E-4 1.12371E-4 1.62751E-4 1.06365E-4 9.5152E-5 1.11217E-4 8.0876E-5 7.4268E-5 9.0707E-5 9.8768E-5 1.13407E-4 1.67155E-4 1.22132E-4 1.56615E-4 5.91419E-4 1.45772E-4 1.27178E-4 1.20879E-4 1.67112E-4 1.96848E-4 1.3049E-4 1.0915E-4 1.53444E-4 1.82094E-4 1.47043E-4 1.63986E-4 9.4279E-5 9.221E-5 9.9857E-5 9.5135E-5 1.29824E-4 9.6537E-5 1.01973E-4 1.86676E-4 1.20621E-4 1.05881E-4 1.03478E-4 1.12555E-4 1.07237E-4 1.32248E-4 1.22199E-4 1.06947E-4 8.8311E-5 1.07969E-4 1.19468E-4 9.4582E-5 1.01665E-4 9.0051E-5 1.64167E-4 1.15125E-4 9.6407E-5 7.7927E-5 1.09361E-4 1.03634E-4 8.5852E-5 1.22677E-4 9.7964E-5 8.5433E-5 1.40501E-4 1.16077E-4 8.7766E-5 1.10944E-4 8.6524E-5 1.05413E-4 1.0079E-4 8.7763E-5 8.5874E-5 7.9374E-5 1.10588E-4 9.362E-5 7.7054E-5 6.6874E-5 7.6588E-5 8.6533E-5 7.9333E-5 9.2995E-5 8.1414E-5 8.5643E-5 8.6407E-5 8.7455E-5 9.9187E-5 7.9562E-5 7.6235E-5 1.04638E-4 1.20905E-4 9.0999E-5 8.9396E-5 1.11149E-4 1.00442E-4 1.28291E-4 1.28699E-4 1.66664E-4 1.16825E-4 1.00461E-4 8.814E-5 7.4322E-5 8.4011E-5 7.5085E-5 9.6198E-5 1.30936E-4 9.1534E-5 1.68172E-4 1.41453E-4 1.15597E-4 9.4788E-5 1.81393E-4 8.2026E-5 8.2042E-5 9.9942E-5 1.03842E-4 9.8111E-5 1.03709E-4 8.0438E-5 1.03798E-4 9.1176E-5 9.1621E-5 1.58352E-4 9.801E-5 1.08594E-4 1.64032E-4 1.4528E-4 1.73037E-4 1.434E-4 1.00716E-4 9.3341E-5 1.1074E-4 9.2369E-5 9.5527E-5 1.03156E-4 1.02416E-4 1.06022E-4 8.2582E-5 7.863E-5 1.06644E-4 9.5525E-5 8.7839E-5 8.1362E-5 1.04025E-4 9.2357E-5 1.05573E-4 9.9415E-5 1.13365E-4 8.0796E-5 9.9843E-5 9.0149E-5 8.1419E-5 9.0205E-5 1.02589E-4 1.14476E-4 1.08629E-4 1.02289E-4 8.7017E-5 1.18874E-4 9.9827E-5 9.6652E-5 1.12144E-4 7.6837E-5 7.1114E-5 1.55055E-4 1.03281E-4 1.07244E-4 2.10102E-4 1.45159E-4 1.33324E-4 1.07133E-4 1.51901E-4 9.4864E-5 8.7802E-5 1.82236E-4 1.33565E-4 1.212E-4 7.2089E-5 1.01213E-4 1.18396E-4 9.8739E-5 1.07789E-4 8.674E-5 8.7951E-5 9.1715E-5 1.07503E-4 1.43071E-4 8.5223E-5 7.6466E-5 1.02118E-4 9.1893E-5 8.5397E-5 7.4166E-5 1.14645E-4 8.4532E-5 9.5232E-5 8.2474E-5 1.07873E-4 7.2894E-5 9.2037E-5 8.5186E-5 8.3591E-5 1.2333E-4 7.7006E-5 9.713E-5 9.3663E-5 1.00694E-4 7.6991E-5 1.12075E-4 1.0243E-4 8.3802E-5 1.01269E-4 8.0243E-5 8.5809E-5 9.2575E-5 9.4202E-5 8.6882E-5 1.11008E-4 8.1474E-5 1.05127E-4 8.6676E-5 7.2969E-5 7.1653E-5 7.3107E-5 1.13923E-4 9.9991E-5 7.5894E-5 7.69E-5 8.2332E-5 1.0483E-4 8.7205E-5 1.01615E-4 8.3709E-5 8.0613E-5 8.6453E-5 8.9346E-5 9.9624E-5 7.7373E-5 7.3703E-5 1.37394E-4 9.4701E-5 8.7265E-5 7.3305E-5 1.02373E-4 9.172E-5 1.03498E-4 9.259E-5 1.21264E-4 1.04009E-4 1.29529E-4 1.30606E-4 9.6306E-5 9.7647E-5 7.9284E-5 9.8861E-5 9.6799E-5 9.1723E-5 7.4854E-5 1.04286E-4 9.3235E-5 1.20483E-4 1.07526E-4 8.0645E-5 1.37216E-4 1.01867E-4 9.2594E-5 8.697E-5 1.09124E-4 8.3516E-5 1.48116E-4 1.05801E-4 9.4994E-5 8.006E-5 8.4349E-5 1.03484E-4 1.003E-4 8.1628E-5 7.2379E-5 8.1249E-5 8.909E-5 7.8568E-5 9.5117E-5 8.4367E-5 1.76404E-4 1.14878E-4 1.08219E-4 1.03314E-4 8.9036E-5 7.7505E-5 1.04799E-4 1.06866E-4 8.8583E-5 8.859E-5 1.29686E-4 1.10277E-4 1.00403E-4 8.6807E-5 1.00294E-4 7.8462E-5 1.28784E-4 9.4176E-5 8.422E-5 9.1055E-5 7.8595E-5 1.06499E-4 1.19426E-4 1.35886E-4 9.8893E-5 1.10429E-4 1.04274E-4 8.6926E-5 1.0645E-4 7.4114E-5 7.4294E-5 9.5695E-5 8.9555E-5 9.6135E-5 1.13033E-4 1.15244E-4 1.03367E-4 8.5775E-5 6.9841E-5 7.1685E-5 7.1804E-5 1.00998E-4 9.1368E-5 7.5374E-5 6.8143E-5 8.7439E-5 9.5875E-5 7.5939E-5 1.01899E-4 8.2715E-5 8.2026E-5 8.6781E-5 9.01E-5 1.01364E-4 7.4567E-5 7.1017E-5 1.0104E-4 9.2075E-5 8.5598E-5 6.9947E-5 9.5922E-5 7.1822E-5 9.4566E-5 7.7657E-5 9.4172E-5 8.3944E-5 1.03617E-4 1.34921E-4 1.14997E-4 1.19674E-4 1.20139E-4 1.11234E-4 9.0631E-5 8.9697E-5 7.3445E-5 1.05815E-4 9.4881E-5 7.8098E-5 1.00418E-4 8.1116E-5 6.9234E-5 9.4142E-5 9.2939E-5 8.7166E-5 9.7637E-5 7.7182E-5 9.8737E-5 8.9132E-5 9.9487E-5 8.5967E-5 8.0715E-5 1.01518E-4 9.3024E-5 7.5989E-5 7.5314E-5 8.2538E-5 9.491E-5 5.6359E-5 1.004E-4 8.6623E-5 9.1446E-5 9.105E-5 9.7015E-5 1.07219E-4 7.7159E-5 7.262E-5 1.10007E-4 1.01238E-4 1.06403E-4 7.7062E-5 1.07984E-4 8.8655E-5 1.02973E-4 9.9025E-5 1.16206E-4 8.4123E-5 1.13743E-4 9.8225E-5 8.0804E-5 1.16113E-4 8.6634E-5 1.10991E-4 9.9491E-5 1.03481E-4 8.2741E-5 1.18302E-4 1.02583E-4 1.01429E-4 1.12051E-4 1.05002E-4 

Timer for Syntactic Relevance:: 1.969007352
Timer for solver: 0.603476876
		DELL.SPLX	DELL_C500_0.TESTCASES
			Diag: [mandatory(Dell Laptops/Notebooks, Product Category), mandatory(Dell Laptops/Notebooks, Operating System), mandatory(Dell Laptops/Notebooks, Hard Drive), mandatory(Dell Laptops/Notebooks, Laptop Weight), mandatory(Dell Laptops/Notebooks, Memory), mandatory(Dell Laptops/Notebooks, Processor), mandatory(Dell Laptops/Notebooks, Price), alternative(Product Category, Mini Notebooks, Inspiron Laptops, Studio Laptops, XPS Laptops, Adamo, Studio XPS Laptops), alternative(Operating System, Windows Vista 64 bit, Windows XP Home, Ubuntu Linux, Windows 7, Windows 8), alternative(Hard Drive, 500GB, 320GB, 250GB, 160GB, 128GB Solid State, 120GB, 80GB), excludes(XPS Laptops, Ubuntu Linux), excludes(Studio Laptops, 128GB Solid State), excludes(Inspiron Laptops, Windows Vista 64 bit), excludes(Inspiron Laptops, Ubuntu Linux), excludes(Adamo, CD_DVD +RW), excludes(Mini Notebooks, 500GB), excludes(Mini Notebooks, Windows Vista 64 bit), excludes(Studio XPS Laptops, 120GB)]
			Diag size: 18
The size of Consistency checks: 1256442
The number of Choco Solver calls: 12700
The number of different: 3
The number of INconsistent: 264
The number of union: 243
The number of post constraints: 1256442
The number of consistent: 12436
The number of unpost constraints: 1256442
The number of Consistency checks: 122

Timer for Syntactic Relevance:[thread=1]: 4.075074537
4.075074537 
Timer for solver[thread=1]: 1.352929533
2.63759E-4 1.16208E-4 1.25218E-4 1.15478E-4 1.03177E-4 1.5636E-4 1.52064E-4 1.05836E-4 8.4282E-5 1.50473E-4 1.771E-4 1.61682E-4 1.7267E-4 1.34008E-4 2.19624E-4 1.31932E-4 9.9831E-5 2.43809E-4 2.01784E-4 1.55774E-4 1.58598E-4 9.8329E-5 5.375E-5 1.41574E-4 1.27303E-4 2.1878E-4 4.9192E-5 6.6228E-5 8.3212E-5 9.9273E-5 1.49932E-4 1.94774E-4 8.1384E-5 1.01732E-4 1.20257E-4 1.29559E-4 1.25324E-4 1.95646E-4 1.41562E-4 1.0392E-4 1.63975E-4 1.16268E-4 1.312E-4 1.327E-4 1.67994E-4 2.79558E-4 1.02581E-4 1.12382E-4 1.02112E-4 1.3496E-4 1.0926E-4 5.6136E-5 5.126E-5 7.2744E-5 7.9925E-5 5.4945E-5 4.3252E-5 4.1871E-5 3.8365E-5 7.7899E-5 9.0401E-5 8.6493E-5 1.25091E-4 1.02515E-4 8.4969E-5 8.5654E-5 8.716E-5 7.1678E-5 7.7974E-5 8.1854E-5 1.08749E-4 8.4915E-5 1.57477E-4 1.3072E-4 1.10171E-4 1.17974E-4 2.66537E-4 3.37164E-4 1.10736E-4 8.202E-5 9.7409E-5 1.0713E-4 8.048E-5 1.02402E-4 8.925E-5 9.1344E-5 1.01797E-4 1.05996E-4 1.34235E-4 1.11081E-4 7.6592E-5 1.26144E-4 1.75668E-4 1.19507E-4 1.77022E-4 1.21682E-4 1.22152E-4 1.15833E-4 1.04111E-4 1.0675E-4 5.9322E-5 7.7073E-5 3.92E-5 4.6474E-5 6.412E-5 4.45E-5 3.7199E-5 4.5961E-5 4.1017E-5 4.5058E-5 4.8751E-5 4.8033E-5 9.8338E-5 5.0726E-5 5.1483E-5 4.9003E-5 4.7995E-5 4.8423E-5 4.331E-5 3.7713E-5 3.5234E-5 3.6712E-5 6.7003E-5 3.6783E-5 8.3465E-5 3.4972E-5 3.3007E-5 4.5241E-5 3.3476E-5 3.0603E-5 9.1989E-5 6.8338E-5 7.806E-5 6.2746E-5 6.688E-5 8.3601E-5 8.5551E-5 6.6194E-5 8.4194E-5 7.2716E-5 8.0256E-5 7.6522E-5 1.02767E-4 7.4713E-5 8.4102E-5 7.0483E-5 8.7168E-5 6.5687E-5 8.6267E-5 8.1228E-5 8.674E-5 6.2166E-5 6.5678E-5 8.4882E-5 8.7731E-5 7.9329E-5 6.7862E-5 6.3136E-5 6.861E-5 6.2789E-5 6.3434E-5 8.0531E-5 7.4378E-5 7.6292E-5 6.5054E-5 7.1114E-5 9.3797E-5 9.3421E-5 6.7184E-5 6.7102E-5 8.6521E-5 7.2526E-5 9.088E-5 8.6198E-5 7.2069E-5 6.1463E-5 6.1729E-5 9.3337E-5 9.2583E-5 7.6401E-5 6.3436E-5 7.1743E-5 6.7167E-5 8.4441E-5 9.5784E-5 6.9489E-5 6.7072E-5 8.8775E-5 7.7941E-5 8.6608E-5 8.916E-5 7.0394E-5 6.9548E-5 7.2966E-5 7.0695E-5 7.8931E-5 8.316E-5 6.7934E-5 6.8206E-5 6.6827E-5 7.8991E-5 9.0794E-5 7.0372E-5 8.0298E-5 7.6508E-5 9.0273E-5 7.7079E-5 7.4808E-5 7.5954E-5 6.8173E-5 8.3826E-5 8.41E-5 7.2068E-5 7.4532E-5 7.9296E-5 7.2585E-5 7.2106E-5 7.2853E-5 8.9102E-5 6.787E-5 1.12442E-4 3.87839E-4 1.50111E-4 9.1291E-5 6.6466E-5 6.9064E-5 8.4295E-5 8.4378E-5 7.5691E-5 7.6031E-5 8.0553E-5 9.0185E-5 7.347E-5 7.6699E-5 6.4418E-5 9.4927E-5 7.6009E-5 8.8412E-5 8.4857E-5 9.5577E-5 7.6018E-5 8.0173E-5 7.8098E-5 6.6775E-5 1.26983E-4 8.8918E-5 8.9542E-5 9.965E-5 9.0608E-5 1.25738E-4 1.47021E-4 9.1683E-5 5.5834E-5 4.2133E-5 4.2631E-5 3.6836E-5 1.32725E-4 9.1456E-5 3.8742E-5 3.5047E-5 4.5574E-5 4.0516E-5 4.417E-5 5.0011E-5 3.2388E-5 3.5773E-5 3.8911E-5 3.9055E-5 5.1919E-5 5.6453E-5 3.8568E-5 3.0555E-5 3.1222E-5 3.0389E-5 7.8441E-5 7.6976E-5 9.0927E-5 8.1819E-5 3.2235E-5 4.7995E-5 3.9083E-5 4.1616E-5 3.9614E-5 4.1969E-5 3.5531E-5 9.7523E-5 8.468E-5 4.5464E-5 6.15E-5 4.8399E-5 3.7876E-5 3.3289E-5 3.0164E-5 3.2199E-5 6.4732E-5 3.1828E-5 5.746E-5 6.001E-5 3.1428E-5 3.5359E-5 8.118E-5 1.01548E-4 8.466E-5 9.6418E-5 8.2355E-5 8.4035E-5 1.52352E-4 9.9939E-5 8.2814E-5 1.07612E-4 2.11427E-4 9.4868E-5 6.8759E-5 7.2636E-5 6.6536E-5 9.9913E-5 1.05506E-4 8.8505E-5 9.773E-5 8.5259E-5 8.6739E-5 8.0533E-5 6.7784E-5 7.767E-5 9.9513E-5 7.8315E-5 7.9572E-5 7.2556E-5 6.6632E-5 7.5018E-5 7.1426E-5 9.3209E-5 6.7592E-5 8.0763E-5 9.4301E-5 7.177E-5 8.1269E-5 9.2206E-5 1.09788E-4 9.4628E-5 7.4162E-5 9.0274E-5 6.5483E-5 7.2159E-5 9.182E-5 8.2011E-5 1.08447E-4 7.4967E-5 7.8088E-5 7.1609E-5 7.0857E-5 6.5186E-5 8.4133E-5 9.9472E-5 7.4763E-5 8.4712E-5 9.9824E-5 8.8571E-5 7.255E-5 8.1386E-5 7.3364E-5 6.7208E-5 1.32139E-4 1.48216E-4 2.78033E-4 1.02089E-4 8.7134E-5 1.07741E-4 9.493E-5 1.33588E-4 9.4226E-5 9.2656E-5 7.9678E-5 7.6723E-5 9.0537E-5 7.6525E-5 8.4174E-5 7.9996E-5 1.40356E-4 9.3654E-5 7.1362E-5 8.1853E-5 8.5655E-5 1.37834E-4 9.7156E-5 7.7213E-5 8.5622E-5 9.9539E-5 6.7965E-5 9.1663E-5 1.20202E-4 1.11831E-4 7.2521E-5 7.3955E-5 7.6816E-5 6.7187E-5 7.6215E-5 8.2166E-5 8.6352E-5 1.11536E-4 8.1688E-5 9.1888E-5 8.6181E-5 1.04325E-4 8.5855E-5 8.6227E-5 1.06611E-4 9.352E-5 8.3872E-5 8.6784E-5 8.4113E-5 1.04179E-4 7.4847E-5 9.1252E-5 7.2423E-5 7.5498E-5 8.1082E-5 7.7515E-5 9.0081E-5 9.0798E-5 7.9383E-5 1.6173E-4 7.6349E-5 8.7074E-5 7.7225E-5 6.8153E-5 8.5537E-5 1.11816E-4 1.24693E-4 1.09969E-4 9.1666E-5 1.12898E-4 1.25927E-4 1.09159E-4 9.8206E-5 7.9455E-5 7.8137E-5 8.0693E-5 1.16756E-4 8.4458E-5 1.17208E-4 7.0409E-5 7.6094E-5 1.05297E-4 7.7468E-5 8.3883E-5 7.0552E-5 1.58118E-4 1.2403E-4 1.00349E-4 7.6056E-5 8.7437E-5 8.5706E-5 7.0408E-5 9.4409E-5 8.4005E-5 8.2759E-5 7.7412E-5 6.7528E-5 9.5189E-5 1.01943E-4 8.7736E-5 6.7683E-5 8.4214E-5 7.0256E-5 9.4744E-5 9.3975E-5 7.5262E-5 7.0004E-5 8.934E-5 7.6317E-5 6.8232E-5 7.9506E-5 7.2429E-5 7.7908E-5 8.7875E-5 1.15142E-4 2.16726E-4 1.44379E-4 7.4298E-5 8.4485E-5 7.2132E-5 7.9793E-5 6.93E-5 6.9831E-5 7.3651E-5 8.8303E-5 1.00157E-4 9.2086E-5 1.07386E-4 9.4438E-5 9.0888E-5 8.0189E-5 1.09842E-4 9.5547E-5 9.829E-5 7.1768E-5 9.8134E-5 8.7599E-5 1.44027E-4 1.19185E-4 9.5606E-5 1.00584E-4 9.5077E-5 9.6629E-5 9.4998E-5 9.4151E-5 9.7878E-5 1.01273E-4 1.0678E-4 1.00242E-4 1.07267E-4 9.8895E-5 9.6851E-5 9.3192E-5 9.9493E-5 9.7699E-5 1.01209E-4 9.3042E-5 1.02522E-4 9.5303E-5 9.3745E-5 9.428E-5 9.6309E-5 1.02115E-4 1.03169E-4 1.05652E-4 9.5516E-5 9.7725E-5 9.2398E-5 9.5299E-5 9.1733E-5 9.6684E-5 9.657E-5 9.7277E-5 9.3684E-5 9.2E-5 9.7269E-5 9.6959E-5 9.4353E-5 9.2604E-5 9.5017E-5 9.3589E-5 9.88E-5 9.6604E-5 9.4987E-5 9.8785E-5 9.8335E-5 9.4964E-5 9.3526E-5 9.262E-5 9.3868E-5 9.567E-5 9.4926E-5 9.5336E-5 9.5335E-5 9.6419E-5 9.4986E-5 9.4069E-5 9.6268E-5 9.2449E-5 9.3745E-5 9.3997E-5 9.406E-5 9.3262E-5 9.4317E-5 9.2852E-5 9.6012E-5 9.2466E-5 9.8227E-5 9.4777E-5 9.859E-5 9.3977E-5 9.68E-5 9.5654E-5 9.4026E-5 9.4422E-5 9.2435E-5 9.5267E-5 9.3803E-5 9.7241E-5 9.5982E-5 9.7965E-5 9.7781E-5 1.00056E-4 9.6296E-5 9.4627E-5 9.9241E-5 1.08168E-4 9.525E-5 9.0788E-5 9.6516E-5 9.8169E-5 1.02103E-4 1.0611E-4 1.05407E-4 1.08899E-4 1.17095E-4 1.09041E-4 1.0311E-4 2.0407E-4 1.23996E-4 1.02547E-4 1.01259E-4 1.07171E-4 9.5106E-5 9.6084E-5 3.1025E-5 9.5675E-5 9.295E-5 1.1156E-5 9.316E-6 9.5085E-5 9.9618E-5 9.2038E-5 9.4086E-5 9.4994E-5 9.6699E-5 9.2956E-5 9.8824E-5 9.3398E-5 9.367E-5 9.1753E-5 9.073E-5 9.1395E-5 1.01994E-4 9.7755E-5 9.1109E-5 9.5228E-5 9.3367E-5 9.3962E-5 9.5583E-5 9.6159E-5 9.287E-5 9.7797E-5 9.3133E-5 8.8851E-5 9.5172E-5 9.2661E-5 9.2585E-5 8.9173E-5 9.468E-5 9.4133E-5 9.7067E-5 1.35366E-4 1.44934E-4 1.49158E-4 1.50878E-4 1.47191E-4 1.43177E-4 1.4482E-4 1.41155E-4 2.7743E-5 1.44931E-4 1.57353E-4 1.49648E-4 1.4326E-4 1.449E-4 1.37587E-4 1.41437E-4 1.36489E-4 1.35977E-4 1.9927E-5 1.3784E-4 1.39156E-4 1.3366E-5 1.45783E-4 1.46736E-4 1.4297E-5 1.2944E-4 9.3657E-5 1.34969E-4 1.04538E-4 9.6707E-5 2.0115E-5 1.0781E-5 1.03099E-4 9.8E-5 9.6627E-5 9.2217E-5 9.451E-5 9.3693E-5 9.4231E-5 9.7664E-5 1.02367E-4 9.6119E-5 3.489E-5 9.923E-5 1.0038E-4 9.6665E-5 9.3759E-5 9.6727E-5 9.4701E-5 9.3399E-5 9.4785E-5 9.4358E-5 9.3552E-5 9.7894E-5 1.62575E-4 1.71578E-4 1.75087E-4 1.64013E-4 1.71272E-4 1.72162E-4 1.02777E-4 3.984E-5 1.9426E-5 1.64236E-4 1.3249E-5 1.67325E-4 1.95964E-4 7.9648E-5 3.84152E-4 2.09055E-4 1.0013E-4 9.3814E-5 9.6395E-5 3.4703E-5 9.592E-6 2.04601E-4 1.68867E-4 1.64321E-4 1.61513E-4 2.1134E-5 1.63703E-4 1.65629E-4 1.04329E-4 1.65877E-4 1.68641E-4 1.62733E-4 1.59431E-4 1.12456E-4 1.69267E-4 9.5257E-5 9.71E-5 2.4066E-5 1.0076E-5 9.7602E-5 9.3166E-5 9.5667E-5 9.003E-5 9.5614E-5 9.5954E-5 9.7437E-5 9.795E-5 1.00839E-4 9.6874E-5 9.4976E-5 9.4262E-5 1.4415E-5 9.2388E-5 9.0803E-5 9.2286E-5 9.4044E-5 9.6567E-5 9.3932E-5 9.6061E-5 1.091E-5 9.1104E-5 9.3719E-5 9.207E-6 9.7686E-5 9.3536E-5 1.1875E-5 8.694E-6 9.2123E-5 9.2566E-5 9.6137E-5 9.2337E-5 1.0254E-4 1.9081E-5 8.805E-6 9.5305E-5 9.3829E-5 9.3591E-5 1.4071E-5 9.508E-5 9.2035E-5 9.4976E-5 9.3665E-5 9.5727E-5 9.8685E-5 9.3733E-5 9.8443E-5 7.4465E-5 2.2729E-5 1.02087E-4 9.1942E-5 9.9305E-5 9.4048E-5 9.4528E-5 1.11055E-4 2.9435E-5 9.7263E-5 9.4726E-5 9.2E-5 1.06468E-4 1.01352E-4 1.7879E-5 9.4807E-5 1.06741E-4 2.0104E-5 9.8104E-5 9.3955E-5 1.03089E-4 1.17169E-4 1.07538E-4 1.15599E-4 9.9527E-5 9.995E-5 1.47925E-4 1.1435E-4 9.5466E-5 3.3687E-5 1.2721E-5 9.151E-6 1.02219E-4 9.8324E-5 9.3153E-5 1.00396E-4 9.5424E-5 9.7321E-5 2.5954E-5 1.07633E-4 1.03134E-4 1.8393E-5 1.00419E-4 1.1155E-5 1.00366E-4 1.21042E-4 1.36925E-4 9.6737E-5 1.01353E-4 1.02229E-4 1.72072E-4 1.2867E-4 1.14126E-4 1.10637E-4 5.5496E-5 1.1232E-5 9.226E-6 1.4398E-5 1.04139E-4 9.8856E-5 9.5672E-5 1.0365E-5 9.7613E-5 1.07468E-4 9.5022E-5 9.4215E-5 1.00237E-4 1.02567E-4 9.9597E-5 1.00055E-4 3.7377E-5 9.875E-5 9.825E-5 9.7326E-5 9.2754E-5 9.5392E-5 9.7067E-5 9.9344E-5 9.5567E-5 9.2086E-5 9.1857E-5 9.0619E-5 9.3528E-5 3.524E-5 1.06425E-4 2.2506E-5 1.09645E-4 1.07591E-4 1.0325E-4 1.6873E-5 9.2952E-5 9.4571E-5 9.2909E-5 1.1446E-5 8.173E-6 8.559E-6 8.756E-6 9.3369E-5 9.106E-6 9.4038E-5 9.9115E-5 1.03828E-4 9.2343E-5 9.3081E-5 9.812E-5 9.3851E-5 9.0569E-5 9.1575E-5 1.3572E-5 9.2416E-5 9.4098E-5 9.326E-5 9.3242E-5 1.01576E-4 9.9635E-5 9.5305E-5 1.47022E-4 1.23119E-4 1.19299E-4 9.8406E-5 9.9902E-5 9.8874E-5 9.7046E-5 9.6089E-5 9.9977E-5 1.00718E-4 9.9844E-5 9.7058E-5 9.6241E-5 9.7782E-5 9.3073E-5 9.8283E-5 9.5506E-5 9.9501E-5 9.7756E-5 1.0395E-4 9.5965E-5 1.06563E-4 1.54467E-4 1.03706E-4 9.6122E-5 9.6295E-5 1.02532E-4 9.9329E-5 1.00052E-4 9.5182E-5 9.722E-5 9.6152E-5 9.9132E-5 9.6922E-5 1.01963E-4 9.5191E-5 9.4406E-5 9.7375E-5 9.7471E-5 9.5567E-5 9.5932E-5 1.09796E-4 1.00841E-4 9.8976E-5 1.44172E-4 1.15049E-4 1.26241E-4 1.05363E-4 1.23231E-4 1.11274E-4 1.37262E-4 1.01183E-4 1.31209E-4 1.10796E-4 1.28141E-4 1.04376E-4 1.06297E-4 9.9964E-5 1.14355E-4 1.05442E-4 9.9048E-5 9.98E-5 1.00773E-4 9.9418E-5 9.8395E-5 9.6112E-5 1.00317E-4 1.34876E-4 1.07051E-4 1.02499E-4 9.7392E-5 1.00772E-4 9.829E-5 9.878E-5 9.8057E-5 1.00167E-4 1.01752E-4 1.00996E-4 1.03417E-4 9.9228E-5 1.01941E-4 1.04882E-4 1.00913E-4 1.02956E-4 1.0502E-4 1.00888E-4 9.9876E-5 9.1969E-5 9.9517E-5 9.7796E-5 9.4908E-5 1.09737E-4 1.0604E-4 9.4603E-5 9.5388E-5 9.2995E-5 9.5206E-5 1.00165E-4 9.5635E-5 9.6546E-5 1.10478E-4 9.58E-5 1.00198E-4 9.6093E-5 9.3975E-5 9.5025E-5 9.4748E-5 9.3896E-5 9.2272E-5 9.4738E-5 9.2776E-5 9.4602E-5 9.1623E-5 9.5301E-5 9.3903E-5 3.1513E-5 1.1182E-5 9.7828E-5 1.1085E-5 9.979E-5 9.368E-5 9.3871E-5 9.255E-5 9.3503E-5 9.3525E-5 9.55E-5 1.6532E-5 1.40051E-4 3.3306E-5 1.09274E-4 1.17613E-4 1.20937E-4 1.03503E-4 9.9658E-5 1.02777E-4 3.8631E-5 9.4908E-5 1.13195E-4 1.19335E-4 1.09129E-4 1.00128E-4 1.02578E-4 9.7489E-5 1.06458E-4 1.02963E-4 2.2004E-5 1.00463E-4 1.00638E-4 1.00586E-4 9.7579E-5 9.5638E-5 1.559E-5 9.8703E-5 9.5341E-5 9.5873E-5 9.4448E-5 1.0717E-5 1.2288E-5 8.928E-6 8.882E-6 9.2966E-5 9.5806E-5 1.0286E-5 8.978E-6 9.4875E-5 9.3207E-5 9.8612E-5 9.7055E-5 9.4409E-5 9.7857E-5 9.4267E-5 1.02353E-4 1.32494E-4 1.09447E-4 1.22211E-4 1.16221E-4 1.19786E-4 1.08727E-4 1.18386E-4 1.11725E-4 7.7196E-5 1.20817E-4 9.8888E-5 1.3597E-5 1.05585E-4 9.4663E-5 9.5895E-5 9.9187E-5 1.51282E-4 1.07927E-4 1.09299E-4 9.4771E-5 9.8735E-5 9.812E-5 1.0167E-4 3.0705E-5 1.02785E-4 1.01572E-4 9.8804E-5 9.3754E-5 5.2405E-5 1.30739E-4 1.10186E-4 1.937E-5 1.03075E-4 1.03999E-4 1.0347E-4 1.03626E-4 1.01695E-4 1.03119E-4 1.14142E-4 1.29123E-4 5.5043E-5 1.2952E-4 1.05745E-4 1.03378E-4 1.018E-4 1.01825E-4 9.4238E-5 1.0556E-4 2.8695E-5 1.70251E-4 2.13362E-4 1.20996E-4 1.08018E-4 1.10685E-4 1.02802E-4 9.7363E-5 1.03097E-4 9.9292E-5 1.07396E-4 1.05108E-4 1.11622E-4 1.08431E-4 1.05232E-4 9.9343E-5 2.9496E-5 1.02875E-4 1.1244E-5 9.4301E-5 9.595E-5 9.8394E-5 9.7143E-5 1.5041E-5 9.9748E-5 9.9882E-5 1.4711E-5 1.01869E-4 1.4554E-5 9.5576E-5 1.00079E-4 9.4925E-5 1.6209E-5 9.836E-6 9.3224E-5 1.226E-5 1.03074E-4 9.2715E-5 9.7686E-5 9.8465E-5 9.5354E-5 9.764E-5 1.5526E-5 9.5703E-5 9.2026E-5 9.026E-5 1.3654E-5 9.908E-6 9.931E-5 9.9411E-5 9.4052E-5 9.6741E-5 1.3394E-5 9.6132E-5 9.1265E-5 9.5326E-5 1.1805E-5 9.3383E-5 1.0161E-5 9.1789E-5 9.6205E-5 1.1407E-5 9.3762E-5 9.4981E-5 1.03592E-4 9.7E-5 9.6977E-5 1.8214E-5 1.05376E-4 9.985E-5 1.7409E-5 1.0141E-4 1.04395E-4 1.03427E-4 9.7047E-5 9.205E-5 9.8057E-5 1.0054E-4 9.9265E-5 9.7465E-5 2.09868E-4 1.36554E-4 1.34178E-4 1.17611E-4 8.8901E-5 1.44664E-4 1.04061E-4 9.9275E-5 1.11618E-4 2.5284E-5 9.7788E-5 9.6189E-5 9.7021E-5 1.563E-5 9.9411E-5 9.4584E-5 1.4184E-5 1.00074E-4 9.6806E-5 1.03474E-4 1.3784E-5 9.7917E-5 1.0095E-5 9.6331E-5 9.6405E-5 9.5518E-5 1.00068E-4 9.3829E-5 1.0957E-5 9.5939E-5 1.6168E-5 9.5465E-5 1.04209E-4 1.4864E-5 1.6877E-4 1.0081E-4 1.1783E-4 3.2872E-5 1.03785E-4 1.02351E-4 1.994E-5 9.8058E-5 1.00524E-4 9.5763E-5 9.6369E-5 1.01492E-4 1.08012E-4 9.8145E-5 1.00574E-4 9.2503E-5 1.7687E-5 9.4781E-5 9.6419E-5 9.4281E-5 9.641E-5 9.6031E-5 9.7749E-5 9.1909E-5 9.6417E-5 9.6791E-5 9.4185E-5 1.5732E-5 9.4425E-5 9.9704E-5 9.7513E-5 9.2356E-5 9.5344E-5 9.8281E-5 1.21009E-4 1.00663E-4 9.7966E-5 1.01997E-4 9.5098E-5 9.8577E-5 9.6202E-5 9.6679E-5 9.6628E-5 1.8328E-5 9.7229E-5 1.3821E-5 9.975E-5 9.6704E-5 9.8607E-5 1.0672E-5 1.035E-4 9.8963E-5 9.2069E-5 9.6304E-5 9.9979E-5 9.7408E-5 1.3938E-5 9.543E-6 9.2913E-5 1.0045E-5 1.02943E-4 1.564E-5 1.05362E-4 1.11277E-4 1.4222E-4 1.03167E-4 1.28017E-4 1.0984E-4 1.53048E-4 1.39457E-4 1.50709E-4 1.42247E-4 1.47435E-4 1.45139E-4 1.45129E-4 1.43745E-4 1.4186E-4 1.3655E-4 1.38924E-4 1.4059E-4 1.32859E-4 1.37304E-4 1.41295E-4 1.48508E-4 1.37416E-4 1.43438E-4 1.31174E-4 1.41628E-4 1.43601E-4 1.40079E-4 5.4928E-5 1.49067E-4 1.57838E-4 6.0902E-5 1.13819E-4 1.7782E-5 1.02515E-4 1.4453E-5 1.01869E-4 1.86593E-4 7.2027E-5 1.44853E-4 1.39828E-4 1.50602E-4 1.35692E-4 1.27414E-4 2.16298E-4 8.0E-5 1.52559E-4 1.03499E-4 9.9719E-5 9.8542E-5 1.0021E-4 9.8372E-5 9.3198E-5 9.8401E-5 9.9728E-5 9.7344E-5 9.6526E-5 9.7216E-5 1.01951E-4 2.4264E-5 1.0335E-4 9.3552E-5 9.731E-5 9.6851E-5 9.4609E-5 9.7228E-5 9.406E-5 9.2777E-5 9.2886E-5 1.5959E-5 9.576E-6 9.6666E-5 1.2685E-5 1.94514E-4 1.04411E-4 9.9345E-5 9.5715E-5 2.232E-5 1.0048E-4 9.9584E-5 1.98E-5 1.06779E-4 1.17053E-4 1.06343E-4 1.03378E-4 1.02262E-4 9.7752E-5 8.4867E-5 1.27016E-4 1.13123E-4 1.0658E-4 1.05188E-4 1.11579E-4 3.9496E-5 9.8317E-5 1.00663E-4 1.03084E-4 9.6114E-5 9.3858E-5 9.2431E-5 9.5979E-5 1.02496E-4 1.1513E-4 2.9188E-5 1.06681E-4 1.0093E-4 9.999E-5 1.09921E-4 9.7342E-5 4.1098E-5 9.9436E-5 9.0713E-5 9.1066E-5 9.3779E-5 6.1872E-5 1.04597E-4 1.17722E-4 9.5833E-5 9.4425E-5 1.00768E-4 9.9789E-5 9.7517E-5 1.04782E-4 5.9225E-5 1.24678E-4 1.10175E-4 1.01746E-4 9.7626E-5 9.5625E-5 1.47142E-4 1.31028E-4 1.11376E-4 1.28206E-4 1.01216E-4 1.01686E-4 4.2312E-5 1.02475E-4 9.9337E-5 1.06299E-4 3.0951E-5 1.00453E-4 9.7841E-5 1.00512E-4 1.17406E-4 2.8664E-5 9.8799E-5 9.3843E-5 9.3558E-5 2.0974E-5 9.6203E-5 1.02439E-4 1.13167E-4 1.13554E-4 9.8719E-5 9.1518E-5 9.4936E-5 9.038E-5 8.719E-5 1.03673E-4 9.485E-5 9.0451E-5 9.909E-5 9.3854E-5 9.2414E-5 9.17E-5 9.7968E-5 9.3192E-5 1.04181E-4 7.6525E-5 1.10337E-4 9.9495E-5 9.809E-5 1.06521E-4 1.06446E-4 9.6621E-5 1.00771E-4 9.6599E-5 9.4788E-5 4.2041E-5 9.5562E-5 9.4414E-5 3.0324E-5 1.00962E-4 9.5087E-5 9.8946E-5 9.6018E-5 2.3064E-5 1.0364E-4 1.07488E-4 9.7484E-5 1.7734E-5 9.742E-5 9.7725E-5 9.3098E-5 9.4695E-5 9.377E-5 1.00316E-4 9.4609E-5 2.5728E-5 1.7793E-5 9.4285E-5 1.07079E-4 9.8827E-5 9.4781E-5 1.19271E-4 1.15719E-4 1.35726E-4 1.13517E-4 9.3934E-5 9.377E-5 4.8073E-5 4.1636E-5 1.0574E-4 1.03675E-4 9.6634E-5 1.01874E-4 1.0988E-4 9.9649E-5 9.0588E-5 9.3965E-5 9.6942E-5 9.8321E-5 6.3114E-5 1.1341E-4 9.8176E-5 4.1162E-5 1.05464E-4 1.06871E-4 1.34133E-4 1.15226E-4 1.0944E-4 1.04737E-4 1.14563E-4 1.16472E-4 1.06971E-4 1.10096E-4 3.7195E-5 1.02292E-4 1.12474E-4 9.107E-5 8.9669E-5 2.1425E-5 9.3872E-5 1.05342E-4 9.8923E-5 9.3687E-5 2.0115E-5 1.00322E-4 9.3721E-5 9.6518E-5 9.7771E-5 9.7236E-5 9.5045E-5 8.8186E-5 1.25823E-4 8.8959E-5 9.857E-5 1.01801E-4 1.33318E-4 9.6559E-5 9.7518E-5 9.058E-5 9.2725E-5 9.6742E-5 2.747E-5 9.6448E-5 9.4449E-5 8.7723E-5 1.9502E-5 9.3732E-5 9.1034E-5 2.1146E-5 9.5642E-5 9.9758E-5 9.1428E-5 1.02504E-4 9.0529E-5 9.3479E-5 9.0379E-5 9.6171E-5 9.6614E-5 9.2893E-5 9.6518E-5 9.2754E-5 9.2553E-5 1.07377E-4 9.6587E-5 1.40396E-4 1.67339E-4 1.5182E-4 1.56915E-4 1.64007E-4 1.69012E-4 1.62399E-4 1.72203E-4 1.32023E-4 1.5012E-4 1.61073E-4 1.55608E-4 1.57267E-4 1.62592E-4 1.68517E-4 1.61647E-4 1.57879E-4 1.84164E-4 1.43212E-4 5.5076E-5 1.72307E-4 1.64718E-4 1.70567E-4 1.60906E-4 1.74656E-4 1.68358E-4 1.88268E-4 2.15464E-4 1.31538E-4 1.90966E-4 1.8859E-4 1.98898E-4 1.29071E-4 1.12196E-4 1.06729E-4 1.00957E-4 1.07376E-4 1.09612E-4 1.35226E-4 1.17898E-4 9.9839E-5 1.06038E-4 1.22287E-4 1.10246E-4 1.08786E-4 1.03948E-4 9.9334E-5 1.30212E-4 1.76193E-4 1.70421E-4 3.53031E-4 1.74667E-4 1.21839E-4 1.32694E-4 1.21578E-4 1.0047E-4 1.00726E-4 9.3369E-5 1.3807E-4 1.45795E-4 1.97365E-4 3.2865E-4 1.85316E-4 2.21746E-4 1.50616E-4 1.38321E-4 1.09294E-4 9.9689E-5 9.7399E-5 1.16316E-4 1.0385E-4 9.6092E-5 9.6164E-5 9.5907E-5 1.24474E-4 1.04853E-4 9.9172E-5 9.5947E-5 9.526E-5 9.7466E-5 9.5409E-5 9.4039E-5 9.7142E-5 9.6514E-5 9.5898E-5 9.7649E-5 9.8141E-5 1.40062E-4 1.14438E-4 1.29308E-4 9.8372E-5 9.8518E-5 1.00654E-4 1.01266E-4 9.4509E-5 9.3036E-5 9.5949E-5 9.5448E-5 1.00396E-4 9.5458E-5 9.9324E-5 1.04257E-4 1.13198E-4 1.03048E-4 9.7176E-5 1.02181E-4 1.01547E-4 9.0921E-5 9.4451E-5 9.5414E-5 9.6785E-5 9.665E-5 9.5682E-5 9.8861E-5 1.02833E-4 1.22982E-4 1.03007E-4 1.30501E-4 1.12338E-4 1.3269E-4 1.05682E-4 1.31503E-4 1.15888E-4 1.31863E-4 1.27932E-4 1.23626E-4 1.30124E-4 1.25259E-4 1.27095E-4 1.23085E-4 1.38987E-4 1.25064E-4 1.49689E-4 1.28637E-4 1.33248E-4 1.26107E-4 1.37552E-4 1.08149E-4 1.32277E-4 1.07727E-4 1.20705E-4 1.30364E-4 1.28073E-4 1.34692E-4 1.24295E-4 1.29891E-4 1.19197E-4 1.20926E-4 1.23493E-4 1.30185E-4 1.24407E-4 1.33223E-4 1.29971E-4 1.2108E-4 1.28294E-4 1.26294E-4 1.06061E-4 1.28277E-4 1.36838E-4 1.34128E-4 1.12254E-4 1.25652E-4 1.27944E-4 1.41233E-4 1.35436E-4 1.88117E-4 1.6834E-4 1.59746E-4 1.60663E-4 1.80983E-4 1.85651E-4 1.54506E-4 1.34356E-4 1.14708E-4 1.2997E-4 1.23605E-4 1.28986E-4 1.28092E-4 1.31311E-4 1.28801E-4 1.20378E-4 1.24416E-4 1.21771E-4 1.21624E-4 1.23428E-4 1.28887E-4 1.32603E-4 1.27731E-4 1.30217E-4 1.28936E-4 1.19207E-4 1.21214E-4 1.23288E-4 1.20531E-4 1.16006E-4 1.25376E-4 1.56171E-4 1.2888E-4 1.18611E-4 1.23008E-4 1.22603E-4 1.285E-4 1.28727E-4 1.28923E-4 1.33376E-4 1.33354E-4 1.26598E-4 1.2413E-4 1.19547E-4 1.26665E-4 1.24173E-4 1.04817E-4 1.22559E-4 1.17856E-4 1.26554E-4 1.24039E-4 1.27344E-4 1.36538E-4 1.05705E-4 1.19365E-4 9.3331E-5 1.13461E-4 9.6831E-5 1.12723E-4 1.10545E-4 1.04251E-4 1.10126E-4 1.07535E-4 1.12379E-4 1.10794E-4 1.25981E-4 1.27053E-4 1.15606E-4 1.10147E-4 1.13179E-4 1.02916E-4 1.12071E-4 8.9752E-5 1.08128E-4 9.9141E-5 1.14208E-4 1.13213E-4 1.05898E-4 1.11651E-4 1.10736E-4 1.10411E-4 1.07909E-4 1.0231E-4 1.08837E-4 1.18759E-4 1.09835E-4 1.11804E-4 1.02177E-4 1.05715E-4 1.13369E-4 1.10594E-4 1.07437E-4 1.48916E-4 1.44298E-4 1.19878E-4 9.778E-5 1.1232E-4 1.05587E-4 1.12449E-4 1.12095E-4 1.03751E-4 1.20176E-4 1.09735E-4 1.05799E-4 1.1079E-4 1.09716E-4 1.07822E-4 1.07385E-4 9.1321E-5 1.0816E-4 1.00542E-4 1.06885E-4 1.09173E-4 1.11476E-4 1.08187E-4 1.02426E-4 1.11888E-4 1.23768E-4 1.6739E-4 1.16936E-4 1.09198E-4 1.1268E-4 1.14069E-4 1.16274E-4 1.08288E-4 1.02657E-4 1.19646E-4 1.12707E-4 1.2166E-4 1.07759E-4 1.05497E-4 1.06528E-4 1.07402E-4 1.03193E-4 1.09395E-4 1.06128E-4 1.15677E-4 1.06596E-4 1.07267E-4 1.21803E-4 1.20553E-4 1.23147E-4 1.03423E-4 1.05677E-4 1.04553E-4 1.38597E-4 1.03425E-4 1.08626E-4 1.12362E-4 1.14149E-4 1.06814E-4 1.0787E-4 1.2258E-4 8.8253E-5 1.05095E-4 8.3522E-5 1.04686E-4 8.8308E-5 1.07163E-4 9.8815E-5 9.6417E-5 9.8651E-5 1.29091E-4 1.09384E-4 9.8175E-5 1.03064E-4 1.10694E-4 1.13775E-4 1.09E-4 1.0682E-4 9.9018E-5 1.26408E-4 8.2862E-5 1.06407E-4 8.8621E-5 1.04649E-4 1.06563E-4 1.1315E-4 1.05848E-4 1.00206E-4 9.762E-5 9.361E-5 1.18054E-4 1.14331E-4 1.05971E-4 1.01928E-4 1.01622E-4 9.5543E-5 9.2677E-5 1.02109E-4 9.4422E-5 8.2828E-5 1.07253E-4 1.09451E-4 1.0042E-4 8.3753E-5 1.13562E-4 1.01469E-4 1.02147E-4 1.10032E-4 9.524E-5 1.13825E-4 1.1276E-4 9.8365E-5 9.9544E-5 9.9899E-5 9.8037E-5 9.6207E-5 8.4976E-5 9.6325E-5 9.3896E-5 9.558E-5 9.6428E-5 9.8037E-5 9.1695E-5 1.05443E-4 9.4494E-5 1.05819E-4 1.00127E-4 9.499E-5 1.06388E-4 1.0185E-4 9.9082E-5 9.9585E-5 9.3567E-5 9.0229E-5 1.0474E-4 9.9664E-5 9.427E-5 9.3336E-5 8.9468E-5 1.08536E-4 8.8078E-5 8.5878E-5 8.9478E-5 8.7598E-5 9.5345E-5 1.0865E-4 9.2627E-5 1.0099E-4 1.14179E-4 1.07446E-4 9.1747E-5 1.0288E-4 9.5442E-5 1.15703E-4 9.1097E-5 9.2375E-5 1.04402E-4 9.9825E-5 9.1054E-5 8.8474E-5 1.05484E-4 7.6806E-5 9.0499E-5 7.1994E-5 8.6161E-5 7.306E-5 8.8084E-5 9.1931E-5 9.0013E-5 8.8511E-5 8.5596E-5 8.9784E-5 8.4899E-5 8.9081E-5 1.07151E-4 8.8259E-5 9.1119E-5 9.1353E-5 8.2897E-5 9.4259E-5 6.8745E-5 9.0092E-5 7.2204E-5 9.1149E-5 9.1517E-5 9.9337E-5 1.18364E-4 8.7739E-5 1.19048E-4 9.0994E-5 9.07E-5 9.2805E-5 9.4042E-5 8.8827E-5 9.1724E-5 9.6607E-5 1.15873E-4 1.06799E-4 9.3687E-5 7.8063E-5 8.936E-5 1.02172E-4 1.03326E-4 8.2291E-5 1.03678E-4 9.9326E-5 9.6224E-5 9.1618E-5 9.1302E-5 9.4102E-5 9.6146E-5 9.887E-5 9.6528E-5 8.9247E-5 8.8072E-5 8.5258E-5 7.5073E-5 1.03251E-4 8.0362E-5 8.2702E-5 8.5777E-5 8.5784E-5 8.207E-5 8.8104E-5 9.8276E-5 1.12594E-4 1.30115E-4 1.01796E-4 9.7715E-5 9.7349E-5 1.0824E-4 9.1991E-5 8.6387E-5 8.3338E-5 9.4886E-5 9.1166E-5 8.4793E-5 1.01981E-4 8.2583E-5 8.3441E-5 8.92E-5 8.1744E-5 9.642E-5 8.6831E-5 9.8687E-5 1.12709E-4 1.03338E-4 1.11736E-4 1.01882E-4 1.10166E-4 8.561E-5 9.6822E-5 9.2246E-5 1.07363E-4 8.3551E-5 8.3014E-5 9.7939E-5 9.5388E-5 8.82E-5 1.01805E-4 1.02477E-4 7.1652E-5 1.0651E-4 7.0284E-5 9.1505E-5 7.4208E-5 9.0673E-5 8.9697E-5 1.15659E-4 9.8391E-5 9.5043E-5 8.5088E-5 7.8765E-5 9.0101E-5 1.03931E-4 8.6624E-5 8.3822E-5 8.9125E-5 8.4297E-5 9.5361E-5 6.9301E-5 9.7772E-5 8.4647E-5 9.5921E-5 8.8672E-5 1.06707E-4 1.01662E-4 8.7498E-5 8.6863E-5 8.7156E-5 8.5426E-5 8.8893E-5 9.8257E-5 9.2844E-5 1.04805E-4 8.0356E-5 7.7868E-5 8.6751E-5 8.1247E-5 7.1308E-5 8.1861E-5 9.1713E-5 9.8624E-5 7.5706E-5 9.6839E-5 9.2338E-5 8.7402E-5 9.1155E-5 8.9626E-5 9.4732E-5 9.9401E-5 9.1633E-5 8.1696E-5 8.1471E-5 8.0155E-5 8.2691E-5 7.2425E-5 7.9087E-5 8.3928E-5 8.5762E-5 8.2138E-5 8.3065E-5 7.9099E-5 8.6191E-5 9.145E-5 9.2211E-5 8.541E-5 8.9263E-5 9.2832E-5 9.1785E-5 9.4532E-5 9.297E-5 8.3086E-5 7.982E-5 9.9441E-5 8.9519E-5 9.264E-5 8.1979E-5 8.0368E-5 8.4345E-5 1.00767E-4 8.4206E-5 1.00761E-4 9.412E-5 9.1253E-5 9.3341E-5 9.6392E-5 8.8476E-5 1.01039E-4 9.614E-5 8.9419E-5 9.8313E-5 1.05676E-4 1.20839E-4 8.9801E-5 9.3349E-5 1.12313E-4 1.01587E-4 1.01721E-4 9.6764E-5 1.13076E-4 7.7824E-5 9.2933E-5 6.9507E-5 9.1786E-5 7.3962E-5 8.9285E-5 8.686E-5 1.12394E-4 9.1142E-5 8.6632E-5 1.16471E-4 8.3336E-5 9.8327E-5 1.0687E-4 8.7789E-5 8.4557E-5 9.1423E-5 8.031E-5 9.4264E-5 7.1738E-5 9.4231E-5 7.6845E-5 9.3918E-5 8.7899E-5 9.8793E-5 9.8433E-5 8.825E-5 8.5155E-5 7.9639E-5 8.0386E-5 8.0437E-5 9.218E-5 8.4828E-5 8.7073E-5 8.0092E-5 8.214E-5 8.4358E-5 8.0073E-5 7.2225E-5 7.9984E-5 9.2762E-5 9.7237E-5 7.8228E-5 9.3447E-5 9.6133E-5 9.0082E-5 8.8303E-5 9.0013E-5 9.9639E-5 1.02862E-4 8.8355E-5 8.4067E-5 8.6122E-5 8.1619E-5 7.823E-5 7.2779E-5 8.1072E-5 8.7417E-5 8.4542E-5 8.3151E-5 8.5589E-5 7.8716E-5 8.4215E-5 8.9491E-5 9.2628E-5 8.9588E-5 8.7544E-5 9.4117E-5 9.2412E-5 9.8681E-5 9.497E-5 1.41023E-4 1.3377E-4 1.69367E-4 1.49375E-4 1.39459E-4 1.37596E-4 1.32752E-4 1.37718E-4 1.52137E-4 1.36277E-4 1.62953E-4 1.41986E-4 1.5458E-4 1.60106E-4 1.49507E-4 1.55674E-4 1.78043E-4 1.66362E-4 1.39514E-4 1.59907E-4 1.57403E-4 1.72996E-4 1.45757E-4 1.32905E-4 1.67787E-4 1.55676E-4 1.50912E-4 1.56019E-4 1.23962E-4 8.2989E-5 9.3576E-5 7.134E-5 9.4191E-5 7.6205E-5 9.4151E-5 9.0047E-5 9.3963E-5 9.0759E-5 8.4679E-5 8.993E-5 8.5806E-5 1.00427E-4 1.06255E-4 8.7339E-5 8.6258E-5 9.3782E-5 8.2924E-5 9.5727E-5 7.4703E-5 1.00458E-4 9.3243E-5 9.76E-5 1.54729E-4 1.06472E-4 1.08172E-4 8.6983E-5 8.7477E-5 8.0257E-5 8.1114E-5 8.4247E-5 8.8842E-5 8.5889E-5 8.8409E-5 7.9555E-5 8.343E-5 8.6424E-5 8.1943E-5 7.4457E-5 8.0626E-5 9.4582E-5 9.9993E-5 7.7596E-5 9.9029E-5 9.548E-5 9.4659E-5 9.4828E-5 8.9318E-5 9.9027E-5 9.7699E-5 8.7836E-5 8.5137E-5 8.2508E-5 8.6017E-5 8.3481E-5 7.3384E-5 8.5003E-5 8.4761E-5 8.467E-5 8.4584E-5 1.35623E-4 8.9632E-5 8.705E-5 9.1215E-5 9.6963E-5 1.1613E-4 9.5612E-5 9.7304E-5 9.9702E-5 9.9945E-5 9.6209E-5 8.6198E-5 8.0459E-5 1.04119E-4 9.554E-5 8.2645E-5 8.2238E-5 7.9199E-5 8.3123E-5 9.3172E-5 1.13314E-4 1.02759E-4 8.2699E-5 9.6449E-5 9.7172E-5 9.4143E-5 9.4208E-5 1.05366E-4 9.7278E-5 8.361E-5 9.452E-5 1.01349E-4 1.26187E-4 1.05273E-4 8.2417E-5 1.04598E-4 1.15863E-4 9.4022E-5 9.5175E-5 9.6565E-5 7.4023E-5 1.08801E-4 7.0297E-5 8.6146E-5 7.1834E-5 8.6065E-5 8.3304E-5 9.3928E-5 8.651E-5 8.3076E-5 8.6606E-5 7.7795E-5 2.29054E-4 1.19536E-4 8.9304E-5 9.3539E-5 9.7816E-5 9.9609E-5 1.13764E-4 7.5249E-5 9.6284E-5 8.0149E-5 9.3586E-5 9.5162E-5 1.10609E-4 1.11948E-4 9.9321E-5 8.7426E-5 8.1143E-5 8.3963E-5 8.6692E-5 9.1267E-5 8.7142E-5 8.88E-5 1.17643E-4 8.8028E-5 1.02255E-4 8.9631E-5 8.599E-5 1.03985E-4 9.8633E-5 1.20014E-4 8.0377E-5 9.6525E-5 1.36036E-4 1.41427E-4 1.32379E-4 9.1443E-5 9.5258E-5 1.00133E-4 9.0019E-5 8.7622E-5 7.9291E-5 8.5967E-5 8.0195E-5 7.4165E-5 8.4155E-5 8.4229E-5 8.4371E-5 8.7089E-5 8.5294E-5 8.5131E-5 8.4319E-5 9.1998E-5 9.8734E-5 8.9612E-5 8.8781E-5 9.3202E-5 9.8413E-5 9.7389E-5 9.5831E-5 8.7241E-5 8.2757E-5 1.06186E-4 9.2515E-5 8.1448E-5 8.4621E-5 8.1656E-5 8.7165E-5 9.7214E-5 8.5084E-5 9.5902E-5 7.9099E-5 8.9946E-5 9.4526E-5 9.1065E-5 8.8032E-5 1.01751E-4 9.5194E-5 8.2687E-5 9.3418E-5 8.9907E-5 1.00676E-4 7.9953E-5 7.5284E-5 9.5718E-5 9.3382E-5 9.107E-5 9.1103E-5 1.25498E-4 7.8003E-5 9.0151E-5 7.0411E-5 1.06153E-4 8.766E-5 9.3989E-5 1.20726E-4 1.51703E-4 1.56517E-4 9.7913E-5 1.01101E-4 9.7208E-5 9.5584E-5 1.0394E-4 8.1292E-5 9.6369E-5 9.1317E-5 8.1446E-5 9.3693E-5 6.9488E-5 9.3469E-5 8.0022E-5 9.1769E-5 8.9011E-5 9.7158E-5 1.0189E-4 8.7134E-5 8.713E-5 8.4657E-5 8.1753E-5 8.4395E-5 9.2242E-5 8.5814E-5 8.7927E-5 8.0091E-5 8.8402E-5 8.6922E-5 8.5407E-5 7.1313E-5 7.3606E-5 9.2368E-5 9.8425E-5 7.4178E-5 8.6693E-5 9.3705E-5 8.8525E-5 8.9047E-5 8.7337E-5 9.5014E-5 1.01654E-4 9.0449E-5 8.2628E-5 8.144E-5 8.5142E-5 7.932E-5 7.1854E-5 9.2217E-5 8.6654E-5 8.0939E-5 8.7224E-5 8.3401E-5 8.6332E-5 7.934E-5 8.8992E-5 9.892E-5 8.6178E-5 9.2441E-5 9.2774E-5 9.3869E-5 9.8612E-5 9.6115E-5 8.4756E-5 8.0922E-5 1.00716E-4 9.2525E-5 8.1569E-5 8.2349E-5 7.8879E-5 8.2396E-5 9.1669E-5 8.1232E-5 9.5036E-5 8.5615E-5 9.2159E-5 9.6774E-5 8.7105E-5 8.9647E-5 1.04901E-4 9.5531E-5 8.2481E-5 9.0964E-5 9.7148E-5 1.04788E-4 8.1548E-5 7.0102E-5 9.3708E-5 9.2743E-5 1.79139E-4 1.10236E-4 1.35483E-4 8.2744E-5 9.805E-5 1.09755E-4 1.29883E-4 9.6674E-5 1.03864E-4 1.04485E-4 1.05629E-4 1.08928E-4 8.1102E-5 8.8629E-5 8.1066E-5 9.2591E-5 1.07001E-4 1.22365E-4 8.4889E-5 9.0062E-5 8.2191E-5 9.2675E-5 7.3131E-5 9.1195E-5 8.3348E-5 1.43153E-4 1.17584E-4 1.10758E-4 1.03764E-4 8.701E-5 8.892E-5 8.5854E-5 1.67432E-4 1.10467E-4 1.06234E-4 8.7108E-5 9.1982E-5 7.6693E-5 8.3582E-5 9.2898E-5 8.2663E-5 7.3841E-5 7.9587E-5 1.09401E-4 1.10779E-4 9.03E-5 8.7516E-5 9.9412E-5 9.2529E-5 9.1029E-5 8.9043E-5 9.7663E-5 1.02823E-4 9.1022E-5 8.6809E-5 7.9036E-5 1.076E-4 8.2843E-5 7.531E-5 9.7951E-5 8.5767E-5 7.9617E-5 9.212E-5 8.9794E-5 8.6931E-5 9.1754E-5 8.9478E-5 9.4522E-5 8.8601E-5 8.8174E-5 9.5797E-5 9.1442E-5 1.01349E-4 9.826E-5 8.5894E-5 8.1625E-5 9.8838E-5 9.2436E-5 8.3413E-5 8.1687E-5 8.0341E-5 1.3044E-4 1.01183E-4 9.976E-5 1.11613E-4 8.8998E-5 1.00936E-4 9.6287E-5 9.0658E-5 9.7135E-5 1.06477E-4 1.00787E-4 8.5083E-5 9.4167E-5 9.573E-5 1.07217E-4 8.3538E-5 7.4022E-5 9.898E-5 9.8559E-5 9.1665E-5 1.00786E-4 1.24822E-4 7.8992E-5 9.1294E-5 7.276E-5 9.4992E-5 8.1073E-5 9.1554E-5 9.0057E-5 1.00401E-4 9.8177E-5 8.1302E-5 8.8929E-5 8.2026E-5 9.3638E-5 1.1004E-4 8.4591E-5 8.6252E-5 1.02473E-4 1.16083E-4 1.14571E-4 8.9169E-5 9.9832E-5 1.0088E-4 1.04987E-4 8.9995E-5 9.9561E-5 9.971E-5 8.6132E-5 8.4219E-5 8.8356E-5 8.2203E-5 8.3753E-5 9.0459E-5 8.5179E-5 8.5819E-5 8.5038E-5 8.3338E-5 8.873E-5 8.5964E-5 7.2647E-5 6.9074E-5 9.6633E-5 9.9374E-5 7.8637E-5 8.3662E-5 9.6047E-5 9.1477E-5 9.0478E-5 9.0199E-5 9.651E-5 1.0159E-4 8.8059E-5 8.5163E-5 7.5486E-5 8.4797E-5 9.4874E-5 7.3554E-5 8.8219E-5 8.8346E-5 7.8252E-5 9.029E-5 8.4794E-5 8.3519E-5 7.8859E-5 7.8188E-5 9.415E-5 9.1573E-5 9.326E-5 1.1971E-4 1.37105E-4 1.21577E-4 1.02814E-4 8.7033E-5 8.4514E-5 1.06883E-4 9.3431E-5 8.5864E-5 8.6381E-5 8.3255E-5 8.6578E-5 9.7187E-5 8.3349E-5 9.9699E-5 8.5317E-5 9.3101E-5 9.6903E-5 9.1102E-5 9.2493E-5 1.03886E-4 9.8589E-5 8.4088E-5 9.2164E-5 9.3211E-5 1.03525E-4 7.8484E-5 7.2809E-5 9.7027E-5 1.0917E-4 9.8755E-5 9.9836E-5 9.9619E-5 7.7328E-5 9.0509E-5 7.2405E-5 9.6246E-5 7.739E-5 9.0544E-5 8.8045E-5 9.8717E-5 9.2415E-5 7.7125E-5 9.1493E-5 8.3063E-5 9.1563E-5 1.05823E-4 7.679E-5 8.4994E-5 8.9974E-5 8.4032E-5 9.5348E-5 7.1289E-5 9.4064E-5 8.0176E-5 9.3099E-5 8.9672E-5 9.8603E-5 9.7316E-5 8.8412E-5 8.5612E-5 8.4652E-5 8.4275E-5 8.609E-5 9.2039E-5 8.6104E-5 8.7062E-5 7.1649E-5 8.4195E-5 8.7387E-5 8.3589E-5 7.3416E-5 7.773E-5 9.8242E-5 1.04685E-4 7.7812E-5 4.4327E-5 1.09352E-4 9.2655E-5 9.195E-5 9.8685E-5 1.00558E-4 1.1742E-4 1.40634E-4 1.08476E-4 8.912E-5 9.7449E-5 8.8037E-5 6.1419E-5 9.7381E-5 9.7793E-5 8.3668E-5 9.5961E-5 8.6387E-5 1.18581E-4 8.4208E-5 8.1885E-5 1.03673E-4 9.4704E-5 9.0302E-5 9.3656E-5 1.02307E-4 1.12065E-4 1.03915E-4 9.0704E-5 9.414E-5 1.06451E-4 1.00821E-4 9.0595E-5 9.3346E-5 8.5009E-5 8.7897E-5 9.6006E-5 9.1463E-5 1.517E-4 9.7389E-5 1.09314E-4 1.13119E-4 1.10251E-4 1.09344E-4 1.23055E-4 1.16466E-4 9.1241E-5 1.17287E-4 1.0539E-4 1.04303E-4 7.5977E-5 6.9646E-5 1.07791E-4 9.9176E-5 9.5778E-5 1.00636E-4 1.07215E-4 7.7789E-5 9.1026E-5 7.4676E-5 9.4262E-5 7.6963E-5 9.0598E-5 1.05992E-4 1.11469E-4 1.00608E-4 8.436E-5 9.4296E-5 8.9821E-5 1.12468E-4 1.08614E-4 7.8047E-5 8.5519E-5 9.0755E-5 8.1198E-5 9.2962E-5 7.0009E-5 9.0831E-5 7.7288E-5 8.8984E-5 8.7737E-5 9.918E-5 1.01592E-4 9.0286E-5 8.9971E-5 8.6557E-5 8.6188E-5 8.3857E-5 9.4051E-5 8.8905E-5 8.7828E-5 7.2044E-5 8.2038E-5 8.7794E-5 8.1688E-5 7.2004E-5 7.1661E-5 9.4761E-5 1.01715E-4 1.06645E-4 1.02875E-4 1.37992E-4 9.446E-5 9.0385E-5 9.5258E-5 1.07131E-4 1.20212E-4 1.01524E-4 8.9335E-5 7.7223E-5 9.6068E-5 8.2949E-5 6.8698E-5 9.1287E-5 1.14255E-4 8.4945E-5 1.10028E-4 9.507E-5 8.7399E-5 8.2004E-5 8.1414E-5 1.34884E-4 1.08486E-4 9.282E-5 9.7024E-5 9.5382E-5 1.02098E-4 9.9023E-5 8.6076E-5 8.1968E-5 1.02902E-4 9.4009E-5 8.1661E-5 8.323E-5 8.0495E-5 8.4459E-5 9.529E-5 8.7415E-5 1.04031E-4 8.4653E-5 9.4033E-5 9.9431E-5 9.6596E-5 9.6383E-5 1.07483E-4 1.0548E-4 1.09407E-4 1.67768E-4 1.06376E-4 1.10771E-4 8.1314E-5 6.8442E-5 9.8682E-5 9.4656E-5 9.4177E-5 9.7277E-5 1.08179E-4 7.8672E-5 9.2044E-5 7.3751E-5 9.9778E-5 7.837E-5 9.1588E-5 8.9953E-5 9.8697E-5 9.5926E-5 7.8056E-5 9.3636E-5 8.2817E-5 9.4878E-5 1.08118E-4 7.4639E-5 8.834E-5 8.8176E-5 8.0153E-5 9.3128E-5 7.069E-5 1.04369E-4 8.2766E-5 1.07156E-4 9.0722E-5 1.03835E-4 1.03292E-4 9.0948E-5 8.5691E-5 8.6234E-5 8.8012E-5 9.023E-5 9.4387E-5 8.9375E-5 9.3022E-5 1.11037E-4 1.0706E-4 1.05135E-4 9.8266E-5 9.0232E-5 8.0117E-5 1.04294E-4 1.03739E-4 7.8292E-5 8.3208E-5 1.00163E-4 9.3836E-5 9.5238E-5 9.1742E-5 1.00968E-4 1.03788E-4 9.1939E-5 8.6991E-5 7.5253E-5 8.8475E-5 8.3313E-5 6.6964E-5 8.8709E-5 8.9044E-5 7.4178E-5 9.1025E-5 8.6514E-5 8.3409E-5 7.6364E-5 7.6383E-5 9.6338E-5 9.2476E-5 8.6184E-5 9.4707E-5 9.3608E-5 9.7956E-5 9.335E-5 8.454E-5 8.0879E-5 1.19296E-4 1.01136E-4 9.1002E-5 8.8378E-5 8.3775E-5 8.6625E-5 9.529E-5 8.9243E-5 1.00792E-4 8.5209E-5 9.287E-5 9.5263E-5 9.3547E-5 9.5496E-5 1.01908E-4 9.9595E-5 8.7144E-5 9.293E-5 9.517E-5 1.06547E-4 8.3305E-5 7.0959E-5 9.8645E-5 9.6238E-5 9.7982E-5 9.9993E-5 1.09352E-4 7.9213E-5 9.2672E-5 7.4283E-5 9.673E-5 8.1459E-5 1.09134E-4 1.66497E-4 1.42234E-4 1.03894E-4 8.2E-5 9.6115E-5 9.3701E-5 9.6074E-5 1.08721E-4 7.7019E-5 9.1111E-5 9.117E-5 9.859E-5 1.01519E-4 7.5873E-5 9.9524E-5 8.2433E-5 1.12109E-4 9.8117E-5 1.06842E-4 1.08384E-4 1.07459E-4 1.26946E-4 9.8134E-5 9.28E-5 1.07828E-4 1.07641E-4 1.16278E-4 9.8167E-5 7.6251E-5 8.9613E-5 1.02696E-4 1.36669E-4 8.7809E-5 7.4592E-5 1.081E-4 1.18395E-4 9.6296E-5 1.06798E-4 1.12637E-4 9.6396E-5 1.18111E-4 1.14531E-4 1.11888E-4 1.04627E-4 9.5426E-5 9.2501E-5 7.9853E-5 1.08234E-4 9.4674E-5 8.4464E-5 9.3379E-5 8.9424E-5 9.0928E-5 9.6325E-5 8.9079E-5 8.492E-5 8.5581E-5 1.01923E-4 1.02932E-4 1.0272E-4 9.7153E-5 1.12947E-4 1.02641E-4 1.14122E-4 1.40616E-4 9.6931E-5 8.5781E-5 1.08214E-4 9.6265E-5 8.802E-5 8.6704E-5 8.4781E-5 8.7799E-5 9.5876E-5 8.9277E-5 9.9437E-5 8.5161E-5 9.6585E-5 1.00511E-4 9.5187E-5 9.4616E-5 1.23818E-4 1.1507E-4 1.00889E-4 1.03552E-4 1.00793E-4 1.03451E-4 8.576E-5 7.7376E-5 1.01969E-4 9.8046E-5 1.27673E-4 1.0894E-4 2.3065E-4 1.59105E-4 1.60551E-4 1.25274E-4 1.28912E-4 1.56744E-4 1.12921E-4 1.00703E-4 1.08142E-4 9.7759E-5 8.1001E-5 9.63E-5 9.2178E-5 9.6626E-5 1.22126E-4 8.1867E-5 9.4041E-5 9.6799E-5 8.7901E-5 9.9345E-5 7.5708E-5 9.9612E-5 8.7239E-5 9.8801E-5 9.4003E-5 1.06925E-4 1.05191E-4 9.3176E-5 9.2976E-5 8.737E-5 8.7375E-5 1.06953E-4 1.01577E-4 9.1914E-5 9.4196E-5 8.1932E-5 9.0957E-5 9.7624E-5 8.9516E-5 7.9776E-5 7.7411E-5 1.02132E-4 1.05071E-4 8.1863E-5 8.8902E-5 1.03054E-4 1.00669E-4 9.6745E-5 9.683E-5 1.03378E-4 1.10234E-4 9.5957E-5 9.3854E-5 8.0719E-5 1.03661E-4 1.52922E-4 9.6517E-5 1.08624E-4 1.08823E-4 9.3657E-5 1.00727E-4 1.89755E-4 1.49955E-4 1.15656E-4 1.53585E-4 1.82546E-4 1.56757E-4 1.75194E-4 1.73168E-4 1.67342E-4 2.05445E-4 1.72003E-4 1.82468E-4 1.64592E-4 1.8702E-4 1.92266E-4 2.81532E-4 2.61672E-4 3.12233E-4 3.77916E-4 2.08316E-4 1.53885E-4 2.07098E-4 1.57669E-4 1.46696E-4 1.08067E-4 1.1082E-4 1.14618E-4 1.27122E-4 1.25322E-4 1.11917E-4 1.11932E-4 1.08974E-4 1.21564E-4 8.7637E-5 8.7049E-5 1.11201E-4 1.15742E-4 1.04318E-4 1.05858E-4 1.16617E-4 9.9921E-5 1.10872E-4 9.351E-5 1.1579E-4 8.6985E-5 1.34176E-4 1.79775E-4 1.5294E-4 1.29204E-4 9.0838E-5 1.10289E-4 1.00057E-4 1.06079E-4 1.25251E-4 8.5627E-5 1.01901E-4 1.02772E-4 1.27325E-4 1.7923E-4 1.09564E-4 1.14809E-4 9.268E-5 1.01095E-4 9.9017E-5 1.06801E-4 1.16936E-4 1.31283E-4 9.2618E-5 8.8026E-5 9.0904E-5 9.0685E-5 9.6636E-5 9.5693E-5 1.06458E-4 9.8958E-5 1.08308E-4 9.8498E-5 8.8216E-5 7.8326E-5 7.4287E-5 1.02567E-4 1.03193E-4 8.4837E-5 8.5178E-5 1.09556E-4 9.9811E-5 9.5987E-5 1.10658E-4 1.0418E-4 1.06617E-4 9.6759E-5 1.01137E-4 1.17159E-4 1.11777E-4 8.9183E-5 7.1982E-5 9.6486E-5 9.6091E-5 7.887E-5 9.5468E-5 9.3462E-5 8.7034E-5 7.5321E-5 7.9268E-5 1.48336E-4 1.41982E-4 1.07977E-4 1.22342E-4 1.32329E-4 1.78187E-4 1.13159E-4 9.5488E-5 8.7281E-5 1.18933E-4 1.01321E-4 9.3826E-5 9.3375E-5 8.6992E-5 9.007E-5 1.00406E-4 9.1928E-5 1.03497E-4 8.9614E-5 1.02926E-4 1.00017E-4 1.00903E-4 1.03137E-4 1.18711E-4 1.06494E-4 8.9775E-5 1.00051E-4 1.10575E-4 1.04833E-4 8.128E-5 7.2814E-5 1.09697E-4 1.00511E-4 1.00568E-4 1.02611E-4 9.8101E-5 8.2667E-5 9.364E-5 7.7649E-5 1.003E-4 8.216E-5 9.7529E-5 9.3708E-5 1.0225E-4 9.4448E-5 8.1655E-5 9.6341E-5 8.6056E-5 9.834E-5 1.0584E-4 8.0322E-5 9.8535E-5 9.37E-5 8.7624E-5 9.9006E-5 7.5998E-5 9.3505E-5 8.479E-5 9.8771E-5 9.3515E-5 1.08318E-4 1.01059E-4 1.04398E-4 1.01322E-4 9.2245E-5 9.7888E-5 1.0861E-4 1.00429E-4 9.2156E-5 9.4009E-5 8.1665E-5 1.11711E-4 1.06772E-4 1.05949E-4 9.0081E-5 8.0439E-5 1.15145E-4 1.08891E-4 8.9355E-5 8.5479E-5 1.03704E-4 9.6514E-5 9.4919E-5 9.6867E-5 1.00282E-4 1.12528E-4 9.3856E-5 9.4716E-5 8.7164E-5 1.00348E-4 9.2207E-5 7.5058E-5 1.30091E-4 1.20599E-4 1.05133E-4 1.1098E-4 9.6625E-5 1.35728E-4 1.57151E-4 1.59453E-4 1.73244E-4 1.702E-4 1.64917E-4 1.05775E-4 1.03664E-4 1.04742E-4 1.1689E-4 1.05115E-4 8.8777E-5 1.11882E-4 1.00516E-4 9.0779E-5 9.3486E-5 8.9012E-5 9.0216E-5 1.00857E-4 9.1296E-5 1.07448E-4 9.1439E-5 9.9487E-5 1.03927E-4 9.7191E-5 1.01225E-4 1.08178E-4 1.06233E-4 9.1191E-5 1.03353E-4 1.07843E-4 1.25439E-4 8.8241E-5 7.6683E-5 1.08641E-4 1.1127E-4 1.04591E-4 1.10544E-4 2.31186E-4 1.12706E-4 1.19855E-4 8.6882E-5 1.00919E-4 8.2486E-5 9.7716E-5 9.6248E-5 1.06296E-4 9.4797E-5 7.9983E-5 9.8272E-5 8.8784E-5 9.7659E-5 1.09609E-4 8.2698E-5 9.4673E-5 1.00332E-4 9.9517E-5 9.953E-5 1.1533E-4 1.28716E-4 9.5901E-5 1.00043E-4 9.2017E-5 1.00625E-4 1.16637E-4 9.4975E-5 1.14299E-4 1.14184E-4 1.02673E-4 9.3943E-5 9.6227E-5 1.01558E-4 9.6598E-5 7.7326E-5 8.9805E-5 9.4631E-5 8.9941E-5 7.8608E-5 7.3856E-5 1.52794E-4 1.18209E-4 9.806E-5 8.3702E-5 1.01691E-4 9.6429E-5 9.2149E-5 1.27009E-4 1.17848E-4 1.124E-4 8.8247E-5 9.1332E-5 7.7791E-5 9.1872E-5 8.847E-5 7.1089E-5 8.7361E-5 9.0219E-5 7.6889E-5 9.3361E-5 1.04134E-4 9.8251E-5 8.7204E-5 8.018E-5 1.21214E-4 9.9285E-5 9.9883E-5 1.03745E-4 9.8492E-5 1.08567E-4 1.05321E-4 8.7064E-5 8.5317E-5 1.10326E-4 9.6961E-5 8.6848E-5 8.886E-5 8.4974E-5 8.8279E-5 1.00775E-4 8.8673E-5 1.08025E-4 8.7363E-5 9.6921E-5 9.9345E-5 9.4044E-5 9.5191E-5 1.03112E-4 1.01509E-4 9.2276E-5 9.7013E-5 1.10861E-4 1.12281E-4 9.0743E-5 7.5695E-5 1.19444E-4 1.04296E-4 1.27553E-4 1.17005E-4 1.00248E-4 8.1409E-5 1.29188E-4 7.9646E-5 1.02004E-4 9.1472E-5 1.07526E-4 1.02249E-4 1.1223E-4 1.06015E-4 8.6752E-5 1.00528E-4 9.0223E-5 9.539E-5 9.8508E-5 7.6125E-5 9.285E-5 9.2106E-5 9.804E-5 9.9656E-5 7.4817E-5 9.8088E-5 8.2083E-5 9.9134E-5 1.09545E-4 1.08047E-4 1.01575E-4 1.01905E-4 1.01317E-4 9.7531E-5 8.817E-5 9.1182E-5 9.5486E-5 8.9606E-5 9.5018E-5 7.7937E-5 8.8828E-5 9.2775E-5 8.8932E-5 7.679E-5 9.5994E-5 1.00403E-4 1.04059E-4 8.1885E-5 8.4361E-5 1.04354E-4 9.4561E-5 9.2679E-5 1.07129E-4 9.5104E-5 1.08189E-4 1.0018E-4 9.5988E-5 8.2368E-5 9.4294E-5 8.6302E-5 7.0496E-5 9.3062E-5 9.4016E-5 7.824E-5 9.3699E-5 8.8646E-5 8.9358E-5 6.96E-5 7.0755E-5 9.7931E-5 9.4781E-5 9.3901E-5 9.8229E-5 9.6648E-5 1.02828E-4 1.65338E-4 1.04797E-4 9.0026E-5 1.10488E-4 9.9496E-5 8.9992E-5 8.995E-5 8.85E-5 1.01154E-4 1.09801E-4 9.1482E-5 1.04483E-4 8.9759E-5 9.7237E-5 9.9829E-5 9.3586E-5 9.5829E-5 1.07454E-4 1.03825E-4 8.7369E-5 9.5346E-5 9.4029E-5 1.0013E-4 7.4343E-5 6.8072E-5 9.7469E-5 9.4726E-5 8.926E-5 9.522E-5 8.4873E-5 7.5921E-5 8.4622E-5 6.9794E-5 8.9601E-5 7.3534E-5 9.893E-5 8.8014E-5 1.08974E-4 8.2705E-5 7.4049E-5 8.5616E-5 7.701E-5 8.6551E-5 9.1918E-5 6.9902E-5 8.3598E-5 8.4566E-5 7.945E-5 8.8338E-5 9.0128E-5 8.4675E-5 7.3513E-5 8.6795E-5 8.3684E-5 9.2005E-5 9.0826E-5 8.5041E-5 7.9196E-5 7.9353E-5 7.8817E-5 7.9744E-5 8.5842E-5 8.2432E-5 8.4277E-5 6.8757E-5 8.1625E-5 8.4973E-5 7.9012E-5 6.9488E-5 6.649E-5 9.0152E-5 9.7015E-5 7.4417E-5 7.4937E-5 9.2618E-5 8.5257E-5 8.4726E-5 8.5165E-5 8.3628E-5 9.547E-5 7.8179E-5 8.1304E-5 8.1571E-5 8.8073E-5 7.8832E-5 6.426E-5 8.3021E-5 8.2713E-5 6.9112E-5 8.623E-5 7.9917E-5 7.8781E-5 6.9763E-5 6.5765E-5 9.1942E-5 8.3619E-5 8.568E-5 8.8309E-5 8.8918E-5 1.11392E-4 1.05972E-4 8.0479E-5 9.5704E-5 1.02944E-4 1.10978E-4 8.9603E-5 1.00299E-4 9.2885E-5 1.1738E-4 1.50747E-4 1.59263E-4 1.0843E-4 8.5743E-5 9.5101E-5 1.06989E-4 9.6165E-5 9.3626E-5 1.16066E-4 1.05506E-4 9.4213E-5 1.09688E-4 1.00304E-4 1.10003E-4 8.4516E-5 7.2754E-5 1.03601E-4 9.8503E-5 9.6648E-5 9.779E-5 1.15085E-4 8.8717E-5 8.9361E-5 7.2213E-5 9.1305E-5 7.531E-5 9.1467E-5 8.6487E-5 9.5549E-5 8.8659E-5 8.1001E-5 1.20341E-4 9.2446E-5 9.8355E-5 9.3616E-5 1.16347E-4 8.8368E-5 9.3487E-5 9.6257E-5 1.08103E-4 8.8943E-5 9.1018E-5 8.4688E-5 1.00088E-4 8.8941E-5 1.16268E-4 1.04099E-4 1.08101E-4 1.1866E-4 1.19931E-4 1.25804E-4 9.1011E-5 9.3013E-5 8.9588E-5 9.0981E-5 7.8544E-5 1.07802E-4 1.0294E-4 9.0033E-5 7.6371E-5 7.4616E-5 9.926E-5 9.796E-5 8.2156E-5 7.9262E-5 1.19035E-4 9.667E-5 9.3058E-5 9.4571E-5 9.1189E-5 1.03937E-4 8.1833E-5 8.745E-5 7.4741E-5 8.8692E-5 9.2259E-5 8.4151E-5 9.3722E-5 9.3526E-5 7.8287E-5 9.598E-5 8.8025E-5 8.5631E-5 8.7503E-5 7.3047E-5 1.04164E-4 1.01852E-4 9.5783E-5 9.8883E-5 9.9244E-5 1.19386E-4 1.12595E-4 1.04221E-4 9.416E-5 1.2909E-4 1.25754E-4 1.11335E-4 1.10227E-4 1.05105E-4 9.4041E-5 1.0558E-4 9.6677E-5 1.01301E-4 9.1536E-5 9.9066E-5 1.00762E-4 1.03577E-4 9.9658E-5 1.25836E-4 1.08083E-4 9.0615E-5 1.08432E-4 1.03271E-4 1.09051E-4 8.2002E-5 7.5578E-5 1.15097E-4 1.11497E-4 1.35668E-4 1.04483E-4 9.6398E-5 9.1599E-5 9.1739E-5 9.2586E-5 1.01003E-4 8.5811E-5 9.5077E-5 9.3473E-5 1.03497E-4 9.88E-5 8.1101E-5 9.4985E-5 8.541E-5 9.8422E-5 9.6277E-5 7.6339E-5 8.8595E-5 9.4465E-5 9.0476E-5 1.02862E-4 7.5316E-5 9.0395E-5 8.0646E-5 1.42243E-4 1.02004E-4 1.0836E-4 1.33176E-4 1.17064E-4 1.07152E-4 1.1474E-4 1.14663E-4 1.03412E-4 9.7459E-5 1.03392E-4 9.684E-5 7.9155E-5 9.3055E-5 9.043E-5 8.5527E-5 7.6197E-5 7.7054E-5 9.7538E-5 1.00921E-4 1.03875E-4 8.6663E-5 1.84542E-4 1.60802E-4 1.56048E-4 1.63931E-4 1.80519E-4 1.83707E-4 1.31216E-4 1.97016E-4 1.34509E-4 1.52039E-4 1.42932E-4 1.08024E-4 1.80624E-4 1.59349E-4 1.49544E-4 1.09773E-4 2.10651E-4 1.03795E-4 8.6004E-5 1.13512E-4 1.07626E-4 9.4032E-5 1.03395E-4 1.02641E-4 2.23738E-4 1.06803E-4 1.09579E-4 9.131E-5 7.7807E-5 1.23421E-4 1.06351E-4 1.05429E-4 1.13391E-4 1.19131E-4 1.33615E-4 2.01003E-4 1.17312E-4 1.1353E-4 1.28687E-4 1.32209E-4 1.18211E-4 9.5371E-5 1.11452E-4 1.34743E-4 1.73349E-4 1.14827E-4 1.28616E-4 1.25342E-4 1.20802E-4 8.9346E-5 8.2932E-5 1.19978E-4 1.35272E-4 1.14591E-4 1.53246E-4 2.17693E-4 1.57491E-4 1.16573E-4 8.6854E-5 1.12518E-4 9.3147E-5 1.08904E-4 1.09071E-4 1.22243E-4 1.14935E-4 9.0877E-5 1.21384E-4 9.305E-5 9.9251E-5 9.4257E-5 7.4585E-5 9.69E-5 1.03902E-4 9.554E-5 9.3343E-5 7.0794E-5 8.8697E-5 7.7533E-5 9.1098E-5 8.838E-5 9.6358E-5 9.5782E-5 8.7827E-5 8.613E-5 8.4035E-5 8.1423E-5 8.5693E-5 1.06779E-4 9.196E-5 9.1486E-5 7.4096E-5 8.7184E-5 8.8801E-5 1.02706E-4 7.9648E-5 8.5794E-5 1.02756E-4 9.9622E-5 8.0126E-5 7.7221E-5 9.8086E-5 9.2665E-5 8.9417E-5 9.0372E-5 9.5625E-5 1.06174E-4 7.7443E-5 8.9697E-5 7.5833E-5 9.139E-5 8.305E-5 6.9233E-5 8.9512E-5 8.8376E-5 7.5728E-5 9.4467E-5 8.8392E-5 8.4625E-5 7.7023E-5 7.98E-5 1.18272E-4 1.14596E-4 1.15153E-4 1.20136E-4 1.70118E-4 1.14499E-4 1.00477E-4 7.5875E-5 8.3091E-5 1.15687E-4 9.4356E-5 8.4992E-5 8.6724E-5 8.1636E-5 8.528E-5 9.5634E-5 8.5414E-5 9.9204E-5 8.3726E-5 9.4397E-5 9.681E-5 9.0868E-5 9.3349E-5 1.02865E-4 9.6568E-5 9.8427E-5 9.8355E-5 9.4007E-5 1.03723E-4 7.5585E-5 6.8155E-5 9.9722E-5 9.6239E-5 9.4102E-5 9.5406E-5 7.8886E-5 8.6099E-5 9.0225E-5 7.2645E-5 9.4894E-5 8.9936E-5 9.3304E-5 8.9013E-5 1.01642E-4 9.1033E-5 7.4777E-5 9.1672E-5 8.127E-5 9.1466E-5 8.6356E-5 7.2969E-5 8.4162E-5 9.0923E-5 8.2297E-5 9.7657E-5 7.1438E-5 8.7104E-5 7.7501E-5 1.26433E-4 1.2994E-4 1.14488E-4 1.0085E-4 9.8609E-5 9.1175E-5 9.1094E-5 8.5696E-5 8.6858E-5 9.1359E-5 9.5051E-5 1.037E-4 7.7906E-5 9.0194E-5 9.0184E-5 8.6911E-5 7.6125E-5 7.9531E-5 1.03603E-4 1.65124E-4 1.0E-4 9.0523E-5 1.04619E-4 9.4404E-5 9.1456E-5 9.5427E-5 8.2127E-5 1.09392E-4 7.5731E-5 9.1442E-5 7.7794E-5 9.6356E-5 1.00796E-4 6.9183E-5 9.1966E-5 1.0971E-4 8.2847E-5 9.5246E-5 9.1008E-5 8.8437E-5 7.6842E-5 1.03359E-4 1.18874E-4 1.09884E-4 9.3818E-5 1.12344E-4 1.07399E-4 1.15622E-4 1.18076E-4 1.21794E-4 9.5605E-5 1.26389E-4 1.10341E-4 1.03888E-4 8.7226E-5 8.1949E-5 8.4692E-5 9.547E-5 8.4522E-5 9.8238E-5 8.3569E-5 9.2635E-5 1.11669E-4 9.5175E-5 9.3697E-5 1.13882E-4 1.01901E-4 1.0113E-4 1.00062E-4 1.039E-4 1.11999E-4 7.8261E-5 7.2707E-5 1.04124E-4 9.9633E-5 1.35124E-4 2.15819E-4 1.08556E-4 7.8661E-5 8.8152E-5 7.1866E-5 9.5821E-5 9.0036E-5 9.493E-5 8.9355E-5 1.02275E-4 9.1756E-5 8.1209E-5 9.4196E-5 8.3663E-5 9.4375E-5 8.5504E-5 9.2684E-5 1.03077E-4 9.0687E-5 8.5739E-5 9.5904E-5 8.0633E-5 9.3724E-5 8.2197E-5 9.7723E-5 9.8243E-5 9.9879E-5 9.4712E-5 8.6263E-5 8.4977E-5 8.3963E-5 8.3214E-5 8.6886E-5 9.6828E-5 9.5396E-5 9.4331E-5 9.1493E-5 1.02389E-4 9.1299E-5 8.6083E-5 7.5793E-5 7.0377E-5 9.7857E-5 1.14205E-4 1.25343E-4 1.21173E-4 1.43717E-4 9.3752E-5 9.1985E-5 9.0837E-5 7.879E-5 1.12199E-4 1.12761E-4 1.06884E-4 7.5882E-5 9.0521E-5 8.2395E-5 6.5814E-5 8.7617E-5 8.8935E-5 7.6082E-5 9.1579E-5 8.6192E-5 8.27E-5 6.8132E-5 6.6555E-5 9.7529E-5 9.008E-5 9.0391E-5 9.5608E-5 9.4985E-5 9.9076E-5 9.5895E-5 6.9967E-5 6.8846E-5 1.03186E-4 9.1176E-5 8.3712E-5 8.4588E-5 8.1297E-5 8.3177E-5 9.5781E-5 8.4082E-5 9.8002E-5 8.4148E-5 1.53037E-4 1.12912E-4 9.2327E-5 9.6094E-5 1.17487E-4 1.03771E-4 8.7396E-5 9.6024E-5 9.8492E-5 1.07016E-4 7.6725E-5 6.9745E-5 1.03556E-4 9.2673E-5 9.5987E-5 9.6907E-5 8.886E-5 8.0901E-5 9.6809E-5 7.576E-5 9.7665E-5 7.8245E-5 1.04963E-4 9.2651E-5 1.11455E-4 9.518E-5 7.88E-5 9.4014E-5 8.4763E-5 1.03702E-4 8.8592E-5 8.4065E-5 8.8959E-5 8.9195E-5 8.3263E-5 9.4747E-5 7.1086E-5 8.9219E-5 7.8362E-5 9.349E-5 9.1906E-5 1.00539E-4 9.6188E-5 8.9134E-5 1.07032E-4 9.8526E-5 8.7885E-5 8.7891E-5 1.00896E-4 9.2685E-5 8.9565E-5 7.5223E-5 8.6451E-5 9.595E-5 9.4603E-5 8.9074E-5 7.587E-5 1.01977E-4 1.01199E-4 8.075E-5 7.868E-5 1.00599E-4 9.0719E-5 9.0055E-5 9.2401E-5 7.7334E-5 1.03809E-4 7.1211E-5 8.8661E-5 7.5225E-5 9.0196E-5 8.3185E-5 6.819E-5 8.8392E-5 9.0042E-5 7.4523E-5 9.0712E-5 8.6746E-5 8.2447E-5 6.864E-5 6.8875E-5 9.5265E-5 9.0633E-5 9.1099E-5 9.3663E-5 9.6764E-5 1.00705E-4 9.8992E-5 7.1243E-5 6.6191E-5 1.03017E-4 9.4522E-5 9.1284E-5 8.5988E-5 8.3194E-5 8.47E-5 9.411E-5 8.4097E-5 9.7655E-5 8.6703E-5 9.5159E-5 9.6283E-5 8.9937E-5 9.4339E-5 1.0489E-4 9.939E-5 8.45E-5 8.9081E-5 9.6581E-5 1.00281E-4 8.8103E-5 7.7022E-5 1.12959E-4 9.9606E-5 1.01566E-4 1.00481E-4 9.402E-5 1.41603E-4 1.54716E-4 1.06664E-4 1.39043E-4 8.7636E-5 9.3651E-5 9.1064E-5 1.02216E-4 1.13698E-4 8.4439E-5 1.03756E-4 9.8347E-5 1.02333E-4 9.4978E-5 8.5659E-5 9.0938E-5 9.0609E-5 8.8872E-5 1.06223E-4 8.0763E-5 1.247E-4 9.2694E-5 1.05488E-4 9.5891E-5 1.10974E-4 1.27751E-4 1.355E-4 9.8899E-5 9.1015E-5 8.6715E-5 9.9276E-5 9.5906E-5 9.371E-5 1.00015E-4 8.6739E-5 9.7726E-5 9.1206E-5 8.6457E-5 7.5153E-5 7.2484E-5 9.6799E-5 9.7494E-5 9.2396E-5 8.0801E-5 1.03531E-4 1.1662E-4 1.01028E-4 1.08119E-4 9.2829E-5 1.04321E-4 7.4075E-5 9.3392E-5 8.9335E-5 1.07657E-4 9.3627E-5 6.6727E-5 8.8612E-5 8.9561E-5 7.5205E-5 9.0244E-5 1.01158E-4 9.7198E-5 7.3118E-5 7.249E-5 9.8025E-5 9.1052E-5 9.2073E-5 9.8927E-5 9.8568E-5 1.01743E-4 9.8332E-5 7.2386E-5 6.7373E-5 1.08559E-4 9.5806E-5 8.5556E-5 8.5998E-5 8.3001E-5 8.5243E-5 9.7733E-5 8.6132E-5 9.7705E-5 8.5285E-5 9.564E-5 9.8957E-5 1.08505E-4 9.7355E-5 1.07162E-4 9.9799E-5 8.7409E-5 9.2267E-5 9.9404E-5 1.00204E-4 7.739E-5 7.1699E-5 1.21299E-4 1.07841E-4 9.9148E-5 9.9731E-5 9.7763E-5 8.7309E-5 1.01607E-4 9.0045E-5 1.11291E-4 1.27114E-4 1.72434E-4 1.64004E-4 1.37275E-4 1.08232E-4 1.02713E-4 1.06792E-4 1.14138E-4 1.14667E-4 9.4968E-5 8.1079E-5 1.29126E-4 1.04835E-4 1.32704E-4 1.06699E-4 9.4982E-5 9.4153E-5 8.3511E-5 9.6256E-5 9.2126E-5 1.04949E-4 1.02307E-4 1.06837E-4 9.5626E-5 1.07144E-4 8.7763E-5 1.0339E-4 9.741E-5 8.8527E-5 9.2117E-5 8.0037E-5 9.043E-5 8.99E-5 8.659E-5 7.6199E-5 7.3094E-5 1.00831E-4 1.02806E-4 8.4825E-5 7.7958E-5 1.01228E-4 9.1783E-5 1.21544E-4 1.02618E-4 8.656E-5 1.13938E-4 8.0493E-5 9.9109E-5 8.5276E-5 9.9687E-5 9.0382E-5 7.768E-5 1.00814E-4 1.09334E-4 8.2697E-5 9.8887E-5 1.0867E-4 8.4669E-5 6.9433E-5 7.0372E-5 1.0058E-4 9.3269E-5 1.02132E-4 1.03859E-4 1.01794E-4 1.02971E-4 1.00079E-4 9.0032E-5 8.1015E-5 1.12952E-4 9.8867E-5 8.6645E-5 8.704E-5 8.4765E-5 8.558E-5 9.4253E-5 8.6496E-5 9.9586E-5 8.6464E-5 9.7202E-5 9.7876E-5 9.2526E-5 9.4767E-5 1.02557E-4 9.9624E-5 9.518E-5 9.4706E-5 1.0504E-4 1.00224E-4 7.5412E-5 7.4678E-5 1.05906E-4 9.9005E-5 1.01341E-4 1.01762E-4 8.1644E-5 7.6946E-5 9.4731E-5 1.00876E-4 1.13994E-4 8.3477E-5 1.24363E-4 1.00879E-4 1.0971E-4 9.7881E-5 8.0182E-5 9.928E-5 8.8327E-5 9.9075E-5 8.8907E-5 8.0048E-5 8.9861E-5 9.329E-5 8.6984E-5 1.00001E-4 7.8413E-5 9.6939E-5 8.5635E-5 9.9597E-5 9.583E-5 1.07054E-4 1.0006E-4 9.4216E-5 8.8965E-5 8.7984E-5 8.7465E-5 9.0044E-5 1.09729E-4 1.13354E-4 9.8101E-5 9.0392E-5 1.01557E-4 9.5424E-5 1.00909E-4 8.1617E-5 7.5855E-5 1.10585E-4 1.27333E-4 1.32791E-4 9.0804E-5 1.20341E-4 1.21199E-4 1.06377E-4 1.10771E-4 9.8397E-5 1.10016E-4 7.6068E-5 9.3535E-5 8.071E-5 1.04893E-4 1.14611E-4 7.2313E-5 1.11853E-4 9.7981E-5 7.7413E-5 9.4363E-5 8.9972E-5 8.6483E-5 7.1686E-5 1.06984E-4 1.31643E-4 1.09117E-4 9.6343E-5 1.11271E-4 1.14555E-4 1.21156E-4 1.20203E-4 7.6291E-5 6.7561E-5 1.06945E-4 9.4799E-5 8.8429E-5 8.7746E-5 8.5793E-5 8.7434E-5 1.02025E-4 1.07169E-4 1.07196E-4 1.00276E-4 1.01185E-4 9.9851E-5 9.5581E-5 1.18072E-4 1.47974E-4 1.75641E-4 9.7209E-5 9.8675E-5 1.03625E-4 9.7341E-5 7.0364E-5 7.4173E-5 1.03091E-4 9.8261E-5 9.8523E-5 1.04635E-4 8.477E-5 8.2315E-5 1.06117E-4 8.1721E-5 1.03877E-4 7.9841E-5 9.8951E-5 9.2772E-5 1.06604E-4 9.7507E-5 7.8066E-5 9.7349E-5 8.8442E-5 1.15101E-4 9.3239E-5 7.9067E-5 8.897E-5 9.5972E-5 8.6079E-5 9.5185E-5 7.5643E-5 9.4288E-5 8.2746E-5 1.00099E-4 1.02727E-4 1.05275E-4 1.05657E-4 9.2255E-5 9.6778E-5 9.0621E-5 9.6284E-5 1.05089E-4 1.29575E-4 1.22272E-4 1.26363E-4 1.0536E-4 1.21592E-4 1.11295E-4 9.2319E-5 7.9561E-5 7.4745E-5 1.02856E-4 1.23232E-4 8.8984E-5 8.2867E-5 1.06004E-4 1.07198E-4 9.8946E-5 9.8718E-5 8.4893E-5 1.08239E-4 7.4652E-5 9.5341E-5 1.06708E-4 1.31189E-4 9.5042E-5 8.1247E-5 9.5904E-5 9.3497E-5 8.2702E-5 9.3051E-5 9.0828E-5 8.6315E-5 7.5507E-5 7.2996E-5 1.03585E-4 9.5111E-5 9.4787E-5 9.9754E-5 9.794E-5 1.05497E-4 1.01214E-4 7.548E-5 6.9882E-5 1.02822E-4 9.6518E-5 8.8965E-5 8.6997E-5 8.7091E-5 9.7729E-5 1.03046E-4 8.5798E-5 1.10806E-4 9.554E-5 1.10287E-4 1.06727E-4 9.7125E-5 9.9697E-5 1.10056E-4 1.10495E-4 1.51211E-4 1.08742E-4 1.10781E-4 9.6507E-5 7.212E-5 8.0514E-5 1.06381E-4 1.08091E-4 1.04651E-4 1.0359E-4 9.8343E-5 9.198E-5 9.2973E-5 7.8799E-5 1.09383E-4 8.1902E-5 9.7018E-5 1.20418E-4 1.64495E-4 1.77525E-4 1.30723E-4 1.82805E-4 1.98138E-4 3.24271E-4 3.60231E-4 1.35923E-4 1.50495E-4 1.54758E-4 1.49428E-4 1.60829E-4 1.24625E-4 1.69157E-4 1.39954E-4 1.66146E-4 1.6184E-4 1.66197E-4 1.64705E-4 1.53509E-4 1.47409E-4 1.43668E-4 1.38453E-4 9.8556E-5 1.05281E-4 1.01915E-4 9.8081E-5 8.706E-5 1.02204E-4 9.4702E-5 1.00178E-4 9.0809E-5 8.534E-5 1.13923E-4 1.08876E-4 9.3427E-5 8.8682E-5 1.06231E-4 9.6129E-5 9.1864E-5 1.07123E-4 8.5945E-5 1.20935E-4 8.5911E-5 1.05053E-4 8.9709E-5 9.7067E-5 9.7944E-5 7.4263E-5 9.3088E-5 9.3151E-5 7.85E-5 9.4179E-5 9.0199E-5 8.7056E-5 7.0955E-5 8.3975E-5 1.06095E-4 9.6145E-5 9.5246E-5 1.08782E-4 1.12389E-4 1.08738E-4 1.13796E-4 8.3867E-5 7.6768E-5 1.08562E-4 1.05674E-4 9.0903E-5 8.6836E-5 8.6725E-5 8.6536E-5 9.9255E-5 8.671E-5 9.705E-5 8.6318E-5 9.9262E-5 1.01272E-4 9.41E-5 9.5551E-5 1.03431E-4 1.04448E-4 8.7588E-5 9.2035E-5 1.19818E-4 1.21838E-4 7.984E-5 7.6399E-5 1.09045E-4 9.9257E-5 1.00074E-4 9.9492E-5 9.2556E-5 8.363E-5 1.03435E-4 7.9105E-5 9.9373E-5 7.8845E-5 9.6699E-5 9.0134E-5 1.01368E-4 9.4787E-5 7.6695E-5 9.9107E-5 8.5762E-5 9.8079E-5 9.0122E-5 7.7211E-5 9.0225E-5 9.68E-5 9.2666E-5 9.9979E-5 7.8606E-5 9.9394E-5 1.1491E-4 1.20976E-4 1.10971E-4 1.35745E-4 1.10258E-4 9.4897E-5 9.3675E-5 8.9054E-5 8.5021E-5 8.5516E-5 1.43057E-4 1.5811E-4 1.01551E-4 8.618E-5 8.9925E-5 9.117E-5 9.0509E-5 7.8517E-5 7.1658E-5 1.00692E-4 1.00409E-4 8.5874E-5 8.1595E-5 1.01813E-4 1.08629E-4 1.08765E-4 1.02611E-4 9.6219E-5 1.22635E-4 1.13854E-4 1.12586E-4 8.1962E-5 9.4379E-5 8.4839E-5 6.8284E-5 8.9449E-5 9.0823E-5 7.7687E-5 9.2018E-5 8.9154E-5 8.9352E-5 7.2538E-5 7.2835E-5 1.02644E-4 1.03815E-4 9.1534E-5 9.8829E-5 9.7701E-5 1.04105E-4 1.23251E-4 8.9162E-5 7.1549E-5 1.05325E-4 9.7411E-5 8.8394E-5 8.2637E-5 8.5072E-5 8.5929E-5 9.807E-5 8.4221E-5 9.4766E-5 8.7318E-5 9.7105E-5 1.17121E-4 1.4659E-4 1.07405E-4 1.11136E-4 1.06898E-4 1.01897E-4 9.8392E-5 1.03701E-4 9.0737E-5 7.1183E-5 7.4825E-5 1.07072E-4 9.6719E-5 9.9387E-5 1.01097E-4 9.6402E-5 8.1969E-5 1.00625E-4 8.3539E-5 1.03388E-4 7.8335E-5 1.19022E-4 9.2069E-5 1.04284E-4 9.9345E-5 1.06552E-4 1.01837E-4 8.7274E-5 9.6272E-5 9.811E-5 8.7144E-5 9.8639E-5 1.38504E-4 1.15591E-4 1.2652E-4 1.00756E-4 1.37139E-4 1.0081E-4 1.04339E-4 9.8701E-5 1.09586E-4 1.05466E-4 9.5517E-5 8.7982E-5 8.8504E-5 8.7276E-5 8.8462E-5 9.498E-5 9.1977E-5 9.5E-5 7.4385E-5 9.2547E-5 9.2635E-5 8.9082E-5 7.9919E-5 8.8693E-5 9.9122E-5 9.8887E-5 1.23382E-4 8.0233E-5 1.04516E-4 9.1742E-5 9.8056E-5 1.32522E-4 1.04389E-4 1.18794E-4 7.8379E-5 1.06878E-4 8.3233E-5 9.8349E-5 8.711E-5 6.7562E-5 9.0974E-5 9.2022E-5 7.89E-5 9.0602E-5 8.7751E-5 9.795E-5 7.1529E-5 7.2892E-5 9.9141E-5 9.3716E-5 9.325E-5 9.6745E-5 9.7168E-5 1.0309E-4 9.9751E-5 7.2216E-5 6.7275E-5 1.02254E-4 9.6695E-5 8.7591E-5 8.2349E-5 1.01827E-4 8.9657E-5 1.02048E-4 8.6452E-5 9.3961E-5 8.7014E-5 9.7354E-5 1.00212E-4 9.306E-5 9.305E-5 1.05028E-4 1.008E-4 1.02389E-4 1.07631E-4 1.04645E-4 9.3806E-5 7.2329E-5 8.1699E-5 1.07399E-4 1.04039E-4 1.00582E-4 1.03501E-4 8.2969E-5 7.862E-5 9.0752E-5 7.4296E-5 9.7543E-5 7.4912E-5 9.6002E-5 9.0779E-5 1.02822E-4 9.3413E-5 7.6894E-5 9.6669E-5 8.6475E-5 9.7748E-5 8.7755E-5 9.1674E-5 9.0446E-5 9.2358E-5 8.7848E-5 8.9509E-5 8.8482E-5 1.02081E-4 8.7377E-5 9.7806E-5 9.5307E-5 1.24075E-4 1.13896E-4 9.5267E-5 8.9754E-5 1.04815E-4 1.06919E-4 1.38345E-4 1.1503E-4 1.15348E-4 1.09053E-4 7.3605E-5 9.1096E-5 9.0176E-5 8.7679E-5 7.8751E-5 7.2276E-5 1.01073E-4 9.8624E-5 8.216E-5 7.6131E-5 1.04938E-4 9.3446E-5 8.9514E-5 1.21806E-4 8.8721E-5 1.11715E-4 8.3373E-5 1.09353E-4 8.2967E-5 1.08266E-4 8.9683E-5 6.7648E-5 8.9494E-5 1.07087E-4 7.8496E-5 8.9463E-5 8.865E-5 8.6389E-5 7.7041E-5 8.0572E-5 1.07552E-4 9.9665E-5 9.3062E-5 9.6902E-5 1.13666E-4 1.09791E-4 1.13388E-4 8.6613E-5 7.7166E-5 1.06074E-4 1.0076E-4 9.1595E-5 8.1989E-5 8.8158E-5 8.556E-5 9.8214E-5 8.2694E-5 9.0806E-5 8.8692E-5 9.9572E-5 1.07949E-4 1.06009E-4 9.2347E-5 1.06912E-4 9.9297E-5 8.5375E-5 9.1779E-5 1.00096E-4 1.00854E-4 7.133E-5 7.4862E-5 1.08932E-4 9.8816E-5 9.592E-5 9.9127E-5 9.9804E-5 8.405E-5 1.04997E-4 8.6102E-5 1.04274E-4 8.7708E-5 1.10156E-4 9.2923E-5 1.06798E-4 9.9108E-5 7.8916E-5 9.6852E-5 8.7156E-5 1.03024E-4 9.0217E-5 7.9816E-5 8.5328E-5 1.02628E-4 9.0787E-5 1.0434E-4 8.2871E-5 9.6593E-5 8.4781E-5 1.09837E-4 1.10665E-4 1.17193E-4 1.07028E-4 1.04543E-4 1.05419E-4 1.01489E-4 1.19457E-4 1.16565E-4 1.33477E-4 1.15672E-4 1.12667E-4 8.1469E-5 9.5749E-5 9.8385E-5 9.6202E-5 8.3214E-5 9.1047E-5 1.08391E-4 1.03671E-4 8.629E-5 8.7034E-5 1.07171E-4 9.5772E-5 4.4494E-5 9.6078E-5 8.4868E-5 1.06612E-4 7.474E-5 9.4887E-5 7.9281E-5 9.3991E-5 9.2852E-5 7.9545E-5 1.04873E-4 1.67715E-4 9.0055E-5 9.0459E-5 9.9462E-5 9.0455E-5 7.493E-5 7.3992E-5 1.0375E-4 9.4456E-5 9.7992E-5 1.02168E-4 1.00512E-4 1.05513E-4 1.01893E-4 7.4252E-5 6.9761E-5 9.6238E-5 9.7315E-5 8.8529E-5 8.07E-5 8.6299E-5 8.3072E-5 1.01332E-4 8.0886E-5 8.904E-5 8.9082E-5 9.9017E-5 1.21965E-4 1.04996E-4 1.05172E-4 1.15361E-4 1.16778E-4 9.3933E-5 9.4441E-5 1.04015E-4 9.2976E-5 7.5248E-5 7.5237E-5 1.05911E-4 9.7876E-5 1.09345E-4 1.16497E-4 8.8236E-5 8.5334E-5 9.3892E-5 7.7966E-5 1.02493E-4 7.4799E-5 1.02091E-4 9.5065E-5 1.14437E-4 1.01571E-4 8.696E-5 9.8111E-5 1.04046E-4 1.11024E-4 1.03772E-4 9.3977E-5 1.05266E-4 1.19316E-4 1.17417E-4 1.34304E-4 1.13082E-4 1.41409E-4 9.3897E-5 9.8057E-5 9.6513E-5 1.0553E-4 1.00891E-4 9.1685E-5 8.6184E-5 8.69E-5 8.5351E-5 8.1566E-5 9.2867E-5 8.9459E-5 9.2097E-5 7.2161E-5 8.8362E-5 8.8413E-5 8.7462E-5 7.9681E-5 7.3706E-5 1.04077E-4 9.8275E-5 8.1775E-5 7.5408E-5 1.03035E-4 9.1882E-5 8.5023E-5 9.5325E-5 8.1978E-5 1.25201E-4 8.0041E-5 1.08253E-4 8.369E-5 9.8102E-5 9.3119E-5 7.3175E-5 1.10837E-4 1.0035E-4 8.9576E-5 1.11937E-4 9.9978E-5 9.2915E-5 7.5408E-5 7.3551E-5 1.03871E-4 9.4141E-5 9.5279E-5 9.8185E-5 9.6793E-5 1.05787E-4 9.9734E-5 7.3018E-5 6.9372E-5 9.9649E-5 9.7413E-5 8.8874E-5 8.1422E-5 1.09146E-4 1.19867E-4 1.16605E-4 8.3631E-5 1.04394E-4 1.06579E-4 1.21955E-4 1.06744E-4 1.02177E-4 1.06043E-4 1.15005E-4 1.05716E-4 9.1154E-5 1.05029E-4 1.46788E-4 1.17508E-4 8.3615E-5 7.5849E-5 1.03158E-4 9.4881E-5 9.9607E-5 1.01362E-4 1.25352E-4 9.0316E-5 9.495E-5 7.8642E-5 1.17834E-4 7.5372E-5 9.7301E-5 9.1028E-5 1.18875E-4 1.18875E-4 1.06305E-4 1.14188E-4 8.9653E-5 9.8611E-5 8.9474E-5 7.7929E-5 8.7149E-5 9.09E-5 8.898E-5 9.1082E-5 8.3047E-5 9.8495E-5 8.4381E-5 9.8077E-5 9.8102E-5 1.04832E-4 1.02147E-4 9.3801E-5 8.9573E-5 9.0273E-5 8.9334E-5 8.0342E-5 9.4544E-5 9.1733E-5 9.4667E-5 7.5069E-5 9.112E-5 9.1514E-5 9.1524E-5 7.9098E-5 7.3852E-5 1.015E-4 9.9423E-5 8.2728E-5 7.7837E-5 1.05471E-4 9.3617E-5 8.5025E-5 9.6374E-5 8.251E-5 1.07799E-4 7.4407E-5 9.242E-5 7.7507E-5 9.5783E-5 8.8722E-5 6.844E-5 9.1247E-5 9.082E-5 7.9275E-5 8.331E-5 8.9071E-5 8.7421E-5 7.1224E-5 7.5675E-5 1.05737E-4 9.9693E-5 9.3395E-5 9.5127E-5 9.6302E-5 1.22974E-4 1.27591E-4 9.9288E-5 1.14545E-4 1.35006E-4 1.22584E-4 1.15235E-4 9.7364E-5 9.1056E-5 8.0126E-5 9.9311E-5 7.9763E-5 8.7538E-5 8.8337E-5 1.28184E-4 1.12362E-4 9.6457E-5 8.8992E-5 1.10788E-4 1.0473E-4 8.8877E-5 9.1594E-5 1.01578E-4 9.1713E-5 7.2462E-5 7.3597E-5 1.03156E-4 1.08962E-4 1.10715E-4 1.04124E-4 8.3935E-5 8.1058E-5 8.8863E-5 7.5391E-5 9.7543E-5 7.1881E-5 9.7219E-5 9.0274E-5 1.00982E-4 9.3277E-5 7.58E-5 9.3256E-5 8.3652E-5 9.4535E-5 8.6214E-5 9.3548E-5 8.5925E-5 8.8378E-5 8.6895E-5 8.7193E-5 7.4146E-5 9.1156E-5 8.5113E-5 9.6906E-5 9.2245E-5 1.21735E-4 9.8284E-5 8.9616E-5 8.3826E-5 8.382E-5 8.3694E-5 7.7362E-5 9.1315E-5 8.6843E-5 8.9167E-5 7.1201E-5 8.4665E-5 9.042E-5 1.09113E-4 7.8895E-5 7.3329E-5 1.02402E-4 9.6876E-5 8.1709E-5 8.8892E-5 1.06294E-4 9.2665E-5 9.637E-5 9.5762E-5 8.0052E-5 9.9273E-5 7.0319E-5 9.1191E-5 7.5464E-5 1.03297E-4 8.4743E-5 6.6292E-5 8.8049E-5 8.6469E-5 1.2472E-4 1.28188E-4 9.3115E-5 1.01113E-4 7.3243E-5 7.3566E-5 1.00699E-4 9.2676E-5 1.05337E-4 1.01848E-4 9.9089E-5 1.06574E-4 1.16935E-4 8.9503E-5 7.8229E-5 9.1516E-5 1.11607E-4 9.7741E-5 8.1324E-5 9.5654E-5 8.2162E-5 1.01354E-4 8.1147E-5 9.3194E-5 9.3393E-5 1.08112E-4 1.19654E-4 1.05141E-4 9.9238E-5 1.6048E-4 1.57541E-4 1.32872E-4 1.13221E-4 1.13307E-4 9.4976E-5 7.1375E-5 7.4336E-5 1.415E-4 1.05572E-4 1.01786E-4 1.05439E-4 9.0012E-5 8.2673E-5 8.9521E-5 7.6358E-5 1.02477E-4 8.2425E-5 1.24817E-4 1.35694E-4 1.31201E-4 1.10403E-4 1.13001E-4 1.00656E-4 8.9084E-5 9.9873E-5 8.9879E-5 8.0396E-5 8.8981E-5 9.2374E-5 9.0373E-5 8.9574E-5 7.8523E-5 9.4866E-5 9.6239E-5 1.23404E-4 9.9744E-5 1.0648E-4 1.03579E-4 9.2371E-5 8.8033E-5 8.7631E-5 9.1521E-5 8.9395E-5 9.6027E-5 9.1238E-5 9.6014E-5 7.4857E-5 9.197E-5 9.2677E-5 9.1922E-5 8.7294E-5 8.1176E-5 1.10637E-4 1.02563E-4 9.6874E-5 8.1289E-5 1.16536E-4 9.9789E-5 1.06699E-4 1.58217E-4 9.1003E-5 1.23445E-4 7.5599E-5 9.5949E-5 9.5935E-5 1.12273E-4 1.01739E-4 8.3413E-5 9.5862E-5 9.2012E-5 7.836E-5 9.2929E-5 9.5223E-5 8.6984E-5 7.4333E-5 7.4293E-5 1.02495E-4 9.612E-5 9.336E-5 9.9703E-5 1.13922E-4 1.09304E-4 1.11255E-4 7.8641E-5 7.8003E-5 9.7833E-5 1.0092E-4 9.0226E-5 7.8336E-5 8.675E-5 8.0106E-5 1.00619E-4 7.8804E-5 8.5586E-5 9.2955E-5 9.9962E-5 1.0817E-4 1.06372E-4 9.9842E-5 0.003007424 1.30404E-4 1.03499E-4 1.04969E-4 1.12743E-4 1.06293E-4 8.3303E-5 8.6149E-5 1.94707E-4 1.73287E-4 1.74318E-4 1.14685E-4 1.40899E-4 1.36623E-4 1.55939E-4 1.43084E-4 1.73512E-4 1.3716E-4 1.78261E-4 1.20997E-4 1.2846E-4 1.09396E-4 8.1411E-5 1.01224E-4 1.01215E-4 1.05159E-4 1.00885E-4 8.4865E-5 9.2704E-5 1.0003E-4 9.5799E-5 9.2659E-5 9.5569E-5 9.7467E-5 8.5119E-5 1.13754E-4 1.06392E-4 1.09365E-4 1.11805E-4 1.01813E-4 9.3797E-5 8.9977E-5 9.9732E-5 8.2931E-5 1.15202E-4 1.0077E-4 1.03354E-4 9.1271E-5 1.06714E-4 9.8086E-5 1.06982E-4 8.6975E-5 7.9078E-5 1.14927E-4 1.29761E-4 9.6282E-5 9.519E-5 1.44119E-4 1.00415E-4 8.8884E-5 9.9834E-5 8.5808E-5 1.09692E-4 8.2843E-5 9.5529E-5 8.6019E-5 1.07643E-4 1.14624E-4 7.3572E-5 9.9858E-5 1.07892E-4 8.325E-5 9.2852E-5 9.5892E-5 8.9853E-5 8.6748E-5 8.2195E-5 1.09712E-4 1.00655E-4 9.6495E-5 1.15618E-4 1.06346E-4 1.21897E-4 1.19069E-4 1.00542E-4 1.03802E-4 1.09294E-4 1.52026E-4 1.49119E-4 9.244E-5 1.09917E-4 8.5513E-5 1.04737E-4 7.9578E-5 8.9472E-5 1.05794E-4 1.12466E-4 1.04833E-4 9.6513E-5 8.7975E-5 1.11748E-4 1.09615E-4 1.04618E-4 9.6776E-5 1.0379E-4 9.0917E-5 7.1307E-5 7.5161E-5 1.0326E-4 9.7072E-5 1.01719E-4 1.12584E-4 9.1025E-5 8.0772E-5 9.4828E-5 7.7332E-5 9.8716E-5 7.0902E-5 9.9557E-5 9.0288E-5 1.01509E-4 9.5213E-5 1.48467E-4 1.1324E-4 1.0057E-4 1.14257E-4 9.5145E-5 9.1702E-5 9.3451E-5 9.5738E-5 9.242E-5 9.6988E-5 8.4337E-5 9.3802E-5 1.01082E-4 1.08612E-4 1.01577E-4 1.2047E-4 1.17736E-4 1.07869E-4 1.02208E-4 1.13815E-4 1.22032E-4 1.13501E-4 1.22481E-4 1.15789E-4 1.21993E-4 1.0163E-4 1.18143E-4 1.13906E-4 1.01E-4 8.7834E-5 7.935E-5 1.21985E-4 1.08245E-4 8.6323E-5 8.8857E-5 2.28501E-4 1.05632E-4 8.8242E-5 1.05955E-4 9.237E-5 1.13476E-4 9.2192E-5 1.06511E-4 9.074E-5 1.03398E-4 9.1209E-5 7.1077E-5 9.4259E-5 9.4283E-5 8.0947E-5 8.5908E-5 9.2738E-5 8.668E-5 7.2526E-5 7.3589E-5 1.01065E-4 9.6774E-5 1.08811E-4 1.08193E-4 1.04071E-4 1.07147E-4 1.04326E-4 7.6112E-5 7.2005E-5 9.4257E-5 9.8991E-5 9.1296E-5 8.0702E-5 8.8535E-5 8.0508E-5 1.02358E-4 8.0564E-5 8.609E-5 9.3771E-5 1.14276E-4 1.08682E-4 9.8984E-5 9.513E-5 1.32071E-4 1.18534E-4 2.12939E-4 1.07681E-4 1.37134E-4 1.2806E-4 9.1673E-5 8.9045E-5 1.21965E-4 1.38186E-4 1.15056E-4 1.28441E-4 8.6745E-5 8.2457E-5 8.9369E-5 7.6847E-5 1.05802E-4 8.4737E-5 1.02945E-4 9.5457E-5 1.04472E-4 9.7588E-5 7.8238E-5 9.8267E-5 8.8047E-5 1.00105E-4 8.9429E-5 7.9624E-5 8.7518E-5 9.2244E-5 8.8478E-5 8.8868E-5 7.9819E-5 9.9246E-5 1.35583E-4 1.11199E-4 1.0003E-4 1.28081E-4 1.0957E-4 9.5164E-5 9.7329E-5 8.974E-5 1.00315E-4 8.3891E-5 9.8119E-5 9.2103E-5 9.6044E-5 7.3633E-5 9.2186E-5 9.0878E-5 9.1199E-5 8.0245E-5 7.4629E-5 1.03762E-4 1.00573E-4 8.5491E-5 7.8814E-5 1.07104E-4 9.369E-5 8.7662E-5 9.7067E-5 8.3356E-5 1.10096E-4 7.7207E-5 9.4008E-5 7.9629E-5 9.5617E-5 8.8588E-5 6.9024E-5 9.2595E-5 9.0176E-5 9.1057E-5 1.22683E-4 9.9327E-5 9.4508E-5 1.26253E-4 9.6973E-5 1.16156E-4 1.04904E-4 1.13214E-4 1.13307E-4 1.0684E-4 1.22265E-4 1.72803E-4 8.7704E-5 7.5465E-5 9.8264E-5 1.43031E-4 1.07649E-4 8.2394E-5 9.2232E-5 8.7148E-5 1.24917E-4 9.9903E-5 8.4703E-5 9.5851E-5 1.01363E-4 1.03615E-4 9.7244E-5 8.8409E-5 1.18134E-4 1.33144E-4 1.20335E-4 1.03976E-4 1.04938E-4 9.4866E-5 7.7588E-5 7.7498E-5 1.23395E-4 1.10117E-4 1.16001E-4 1.17691E-4 9.3208E-5 8.304E-5 9.1034E-5 7.6781E-5 1.02493E-4 7.3508E-5 1.0276E-4 9.4078E-5 1.02903E-4 1.00316E-4 8.0856E-5 9.773E-5 8.8418E-5 1.00332E-4 1.01013E-4 1.01461E-4 8.9632E-5 9.248E-5 8.8927E-5 8.8384E-5 7.6843E-5 9.1619E-5 8.453E-5 1.13593E-4 1.12588E-4 1.12479E-4 1.22323E-4 9.2861E-5 8.7712E-5 8.795E-5 8.8331E-5 7.9227E-5 9.7804E-5 9.2663E-5 9.6164E-5 7.3263E-5 9.1721E-5 9.0645E-5 8.9766E-5 9.1052E-5 7.5327E-5 1.01313E-4 9.8457E-5 8.253E-5 7.5822E-5 1.0154E-4 9.7061E-5 8.3701E-5 9.4031E-5 9.2157E-5 1.12698E-4 9.4723E-5 1.11504E-4 1.34319E-4 1.48983E-4 1.99467E-4 1.19148E-4 1.02009E-4 9.2811E-5 7.8504E-5 8.3429E-5 9.4024E-5 8.9446E-5 7.4413E-5 8.7671E-5 1.59381E-4 1.17358E-4 1.02438E-4 1.05149E-4 1.02809E-4 1.09506E-4 1.04359E-4 7.6699E-5 7.2341E-5 9.2591E-5 1.01157E-4 8.9555E-5 7.7977E-5 9.0488E-5 8.0698E-5 1.02061E-4 8.9473E-5 8.6203E-5 9.2547E-5 1.03347E-4 1.04111E-4 1.1472E-4 1.02346E-4 1.395E-4 1.04855E-4 8.8363E-5 9.4011E-5 1.2944E-4 9.6987E-5 7.1819E-5 7.4594E-5 1.17609E-4 1.06113E-4 1.01009E-4 1.02397E-4 8.6395E-5 7.9581E-5 9.6619E-5 7.6026E-5 9.4342E-5 8.0487E-5 1.07789E-4 9.5791E-5 1.06721E-4 1.13284E-4 8.3829E-5 1.03808E-4 9.8029E-5 9.7521E-5 8.7092E-5 7.8378E-5 8.698E-5 9.2204E-5 8.9354E-5 8.9524E-5 7.4594E-5 1.08997E-4 9.2114E-5 1.31548E-4 1.38999E-4 1.25685E-4 1.22924E-4 1.22862E-4 1.51068E-4 1.7973E-4 1.99896E-4 1.09084E-4 1.01046E-4 9.0877E-5 9.6755E-5 7.4358E-5 8.9588E-5 9.1544E-5 8.8034E-5 7.9497E-5 7.1376E-5 9.9853E-5 1.17688E-4 8.7049E-5 8.0446E-5 1.0698E-4 9.5758E-5 8.6603E-5 9.9731E-5 8.2789E-5 1.11094E-4 7.5094E-5 9.7149E-5 8.1065E-5 9.6147E-5 8.7447E-5 6.7308E-5 9.1801E-5 8.9381E-5 8.9324E-5 8.7284E-5 1.13644E-4 9.7306E-5 9.2382E-5 9.4896E-5 1.34264E-4 1.37193E-4 1.81794E-4 1.20186E-4 1.07624E-4 1.0678E-4 1.07566E-4 7.6972E-5 7.1405E-5 9.1119E-5 1.00695E-4 9.4838E-5 8.2126E-5 1.05152E-4 8.885E-5 1.02272E-4 7.7273E-5 9.4021E-5 9.3289E-5 1.03976E-4 1.21221E-4 1.06661E-4 8.906E-5 1.11646E-4 1.03548E-4 8.7091E-5 9.1383E-5 1.05003E-4 1.04963E-4 1.0645E-4 8.0893E-5 1.05877E-4 9.7291E-5 9.8338E-5 1.05437E-4 1.15282E-4 8.2569E-5 9.2321E-5 1.04861E-4 1.37797E-4 8.7865E-5 1.13529E-4 9.3219E-5 1.07406E-4 1.04837E-4 7.7454E-5 9.9061E-5 8.8507E-5 1.02831E-4 9.9757E-5 8.3E-5 9.051E-5 9.5041E-5 8.8583E-5 8.9824E-5 7.5637E-5 9.2799E-5 8.624E-5 9.7919E-5 9.5883E-5 1.04723E-4 1.04122E-4 9.2405E-5 1.22154E-4 9.232E-5 1.05797E-4 8.4888E-5 1.04437E-4 9.3684E-5 1.11411E-4 8.2024E-5 1.05318E-4 1.16392E-4 1.67764E-4 1.62105E-4 1.69936E-4 1.83892E-4 1.28198E-4 9.5194E-5 1.00711E-4 1.33062E-4 1.42456E-4 1.51613E-4 1.12507E-4 1.36552E-4 1.16021E-4 7.6586E-5 9.6206E-5 7.7944E-5 9.5037E-5 8.6573E-5 6.4983E-5 9.8997E-5 9.8072E-5 7.8068E-5 8.1984E-5 9.2325E-5 8.8462E-5 7.126E-5 8.3392E-5 1.07463E-4 9.7188E-5 9.3715E-5 1.01431E-4 1.09544E-4 1.09082E-4 1.11628E-4 7.901E-5 7.0877E-5 9.1398E-5 1.00221E-4 8.9025E-5 7.773E-5 8.9819E-5 8.5465E-5 1.04015E-4 7.7925E-5 9.3333E-5 9.2459E-5 1.11276E-4 1.03652E-4 9.664E-5 8.7484E-5 1.23382E-4 1.07987E-4 9.1966E-5 9.4616E-5 1.02706E-4 9.356E-5 6.9009E-5 7.2031E-5 1.04317E-4 9.7453E-5 9.9543E-5 1.01669E-4 8.2807E-5 7.9399E-5 1.01061E-4 7.794E-5 1.1196E-4 7.8289E-5 1.00675E-4 9.8248E-5 1.06302E-4 1.08011E-4 7.9144E-5 1.11885E-4 1.06292E-4 1.10525E-4 1.2567E-4 1.20823E-4 1.64644E-4 1.07591E-4 1.03112E-4 1.02895E-4 8.5412E-5 9.3867E-5 1.44446E-4 1.13777E-4 1.04206E-4 1.14066E-4 1.07511E-4 1.01384E-4 9.4335E-5 1.01007E-4 1.20529E-4 1.70565E-4 1.18499E-4 9.7544E-5 1.05071E-4 7.5087E-5 9.5124E-5 9.3476E-5 9.6217E-5 8.1848E-5 8.4491E-5 1.04689E-4 9.7878E-5 8.3328E-5 9.6015E-5 1.44698E-4 1.12514E-4 9.4214E-5 1.10195E-4 9.1399E-5 1.02274E-4 7.53E-5 9.5158E-5 9.1184E-5 1.44163E-4 1.40607E-4 9.1832E-5 9.6108E-5 9.9169E-5 7.7955E-5 8.1015E-5 9.4039E-5 8.9255E-5 7.1476E-5 6.8636E-5 1.18348E-4 1.01695E-4 9.7127E-5 1.03633E-4 1.10442E-4 1.16887E-4 1.04387E-4 7.843E-5 8.3196E-5 9.201E-5 1.03928E-4 8.8867E-5 7.8287E-5 8.9006E-5 7.8932E-5 9.7003E-5 7.7457E-5 7.9505E-5 8.7401E-5 1.01585E-4 1.01333E-4 9.405E-5 8.6947E-5 1.10464E-4 1.05129E-4 8.9524E-5 9.2497E-5 1.04323E-4 1.04675E-4 8.5124E-5 9.1E-5 1.35823E-4 1.3553E-4 1.29741E-4 1.12814E-4 8.711E-5 9.1746E-5 1.0073E-4 7.8395E-5 1.00804E-4 7.1923E-5 1.00116E-4 1.00844E-4 1.02702E-4 1.05849E-4 7.7963E-5 1.56512E-4 1.08478E-4 1.20135E-4 1.47512E-4 1.55779E-4 1.51035E-4 1.51495E-4 1.52878E-4 1.33799E-4 1.40443E-4 1.66134E-4 1.31906E-4 1.53554E-4 1.36128E-4 1.64253E-4 1.81167E-4 1.64372E-4 1.40361E-4 1.51084E-4 1.41634E-4 1.35087E-4 1.60491E-4 1.03955E-4 1.07772E-4 1.00635E-4 1.71609E-4 1.44472E-4 1.00959E-4 1.04993E-4 1.12262E-4 1.51321E-4 1.19388E-4 1.02552E-4 1.82667E-4 1.67355E-4 1.51747E-4 9.7867E-5 1.62987E-4 1.30246E-4 1.10981E-4 1.05756E-4 1.30145E-4 2.35768E-4 1.30019E-4 1.08203E-4 8.4367E-5 1.39709E-4 1.1725E-4 1.51655E-4 2.03173E-4 2.36905E-4 1.09035E-4 8.3146E-5 8.4356E-5 1.22082E-4 1.09181E-4 1.09812E-4 1.36157E-4 1.06258E-4 1.17958E-4 1.22445E-4 1.01537E-4 7.0613E-5 9.1018E-5 9.8335E-5 8.5555E-5 7.7868E-5 8.6687E-5 7.8865E-5 9.5588E-5 7.7564E-5 7.9684E-5 1.03129E-4 1.20438E-4 1.13763E-4 1.02443E-4 9.2443E-5 1.11131E-4 1.14838E-4 1.05833E-4 9.9141E-5 1.18167E-4 9.8134E-5 8.3554E-5 8.0494E-5 1.1935E-4 1.02441E-4 1.16707E-4 1.07773E-4 9.5953E-5 9.2366E-5 1.47609E-4 9.0857E-5 1.26471E-4 1.11093E-4 1.15853E-4 1.02649E-4 1.4128E-4 1.32931E-4 1.7558E-4 1.76511E-4 1.08599E-4 1.10392E-4 9.608E-5 9.7019E-5 1.01287E-4 9.1521E-5 9.9605E-5 1.19858E-4 8.5592E-5 9.8836E-5 8.819E-5 1.12213E-4 9.9827E-5 1.07926E-4 1.62453E-4 1.63244E-4 1.52083E-4 1.40383E-4 1.00861E-4 1.20278E-4 1.08822E-4 1.30975E-4 1.22931E-4 8.9651E-5 1.05919E-4 9.2299E-5 1.02415E-4 8.8556E-5 7.9462E-5 1.05169E-4 9.9501E-5 1.00797E-4 1.06123E-4 1.76683E-4 1.07584E-4 9.5671E-5 1.09038E-4 1.03423E-4 2.05463E-4 9.6498E-5 1.23359E-4 9.7328E-5 1.14199E-4 9.7707E-5 8.5788E-5 1.12843E-4 1.2177E-4 8.523E-5 9.0822E-5 9.7942E-5 1.04698E-4 7.9299E-5 8.3283E-5 1.38829E-4 9.6556E-5 9.7316E-5 1.39865E-4 1.24396E-4 1.97891E-4 1.93405E-4 1.08713E-4 1.03191E-4 1.03326E-4 1.03388E-4 8.4617E-5 7.966E-5 8.9685E-5 7.8328E-5 1.04108E-4 1.34549E-4 9.2226E-5 9.3028E-5 1.037E-4 1.23889E-4 1.15428E-4 1.04432E-4 1.61842E-4 2.23144E-4 1.26736E-4 1.08437E-4 1.1919E-4 1.10299E-4 7.9657E-5 9.3865E-5 1.66247E-4 1.3601E-4 1.11705E-4 1.75798E-4 1.32197E-4 1.29062E-4 9.7943E-5 7.8234E-5 9.982E-5 7.2027E-5 1.10383E-4 1.26478E-4 1.36572E-4 1.01812E-4 7.7585E-5 9.8198E-5 8.738E-5 1.10284E-4 1.58405E-4 8.2446E-5 1.0165E-4 8.4146E-5 9.0127E-5 8.8045E-5 8.804E-5 1.10604E-4 8.6679E-5 9.904E-5 8.4784E-5 9.3301E-5 1.02518E-4 1.08618E-4 9.2999E-5 8.2E-5 9.3201E-5 1.00089E-4 1.04447E-4 9.5419E-5 9.8309E-5 8.8732E-5 1.18064E-4 1.11669E-4 1.0618E-4 8.5368E-5 8.2765E-5 1.20368E-4 1.06939E-4 1.67513E-4 1.10011E-4 1.19097E-4 9.9241E-5 9.8541E-5 1.29928E-4 9.9031E-5 1.16896E-4 8.6342E-5 1.0769E-4 8.6409E-5 1.09384E-4 8.8636E-5 7.1593E-5 1.06627E-4 9.8896E-5 8.833E-5 1.11245E-4 1.004E-4 1.34211E-4 1.72256E-4 1.71981E-4 1.17212E-4 9.7982E-5 1.09504E-4 1.12222E-4 1.19749E-4 1.19057E-4 9.8101E-5 8.0159E-5 7.2356E-5 9.2718E-5 9.8487E-5 8.2179E-5 7.718E-5 1.02566E-4 8.5155E-5 9.9846E-5 8.0605E-5 8.2282E-5 1.00372E-4 1.03583E-4 1.03655E-4 9.6385E-5 8.7179E-5 1.11141E-4 9.3126E-5 8.9719E-5 9.3606E-5 1.01544E-4 9.3154E-5 6.7971E-5 6.8104E-5 1.04395E-4 9.4631E-5 9.8931E-5 9.3044E-5 8.2186E-5 8.0888E-5 9.04E-5 7.7179E-5 9.8306E-5 6.9992E-5 1.0007E-4 8.8736E-5 9.2456E-5 9.4009E-5 7.2641E-5 9.5933E-5 8.5963E-5 9.8862E-5 8.9632E-5 7.6192E-5 8.6827E-5 8.2764E-5 8.9862E-5 8.3661E-5 7.6612E-5 1.00829E-4 9.7468E-5 1.04915E-4 9.2354E-5 9.3864E-5 1.03957E-4 9.2259E-5 8.8701E-5 9.2769E-5 9.0247E-5 7.4693E-5 9.2127E-5 8.7623E-5 9.4699E-5 7.0682E-5 8.6938E-5 8.6356E-5 8.6834E-5 7.7318E-5 6.6955E-5 1.14293E-4 9.2104E-5 8.0131E-5 6.8428E-5 1.00705E-4 9.071E-5 8.1494E-5 9.6588E-5 8.021E-5 1.38274E-4 1.25495E-4 1.04495E-4 8.2683E-5 1.20659E-4 8.7E-5 6.8951E-5 9.3616E-5 8.918E-5 7.6851E-5 8.2901E-5 9.3572E-5 8.9927E-5 7.328E-5 6.8601E-5 1.03405E-4 8.7019E-5 9.5849E-5 1.03645E-4 9.9294E-5 1.05654E-4 8.8273E-5 7.572E-5 6.9477E-5 1.0374E-4 1.04335E-4 8.9409E-5 7.724E-5 9.2816E-5 9.4826E-5 9.4303E-5 7.9413E-5 7.9532E-5 9.2056E-5 1.02316E-4 1.02756E-4 9.4945E-5 1.40785E-4 1.62176E-4 1.19905E-4 9.5644E-5 1.04998E-4 1.13212E-4 1.05412E-4 7.0155E-5 7.2248E-5 1.25949E-4 1.15298E-4 1.09461E-4 1.05E-4 1.02564E-4 1.14449E-4 1.36661E-4 9.3411E-5 1.16457E-4 9.4767E-5 1.7911E-4 1.5942E-4 1.01983E-4 9.6984E-5 7.3883E-5 1.13925E-4 9.6045E-5 1.10882E-4 9.7924E-5 1.00272E-4 9.7007E-5 8.8504E-5 1.10113E-4 1.56301E-4 1.16147E-4 9.4941E-5 8.3315E-5 1.00464E-4 8.6424E-5 9.4792E-5 1.0321E-4 9.239E-5 8.691E-5 8.7881E-5 9.2963E-5 7.6021E-5 9.9777E-5 8.4895E-5 9.7305E-5 8.5577E-5 9.7768E-5 9.3741E-5 9.4634E-5 8.1782E-5 7.2317E-5 1.02743E-4 1.00926E-4 8.6389E-5 7.37E-5 1.06079E-4 9.4082E-5 9.2025E-5 1.11445E-4 8.3675E-5 1.1808E-4 9.0462E-5 1.19211E-4 1.24522E-4 1.34388E-4 1.27569E-4 1.18735E-4 1.08929E-4 9.0552E-5 7.8307E-5 8.3252E-5 9.2496E-5 8.8249E-5 7.2674E-5 7.0238E-5 1.09598E-4 1.02236E-4 1.20391E-4 1.08895E-4 1.02258E-4 1.09555E-4 8.934E-5 7.5299E-5 7.0107E-5 9.0655E-5 9.8639E-5 8.1615E-5 7.1485E-5 8.9566E-5 7.9967E-5 9.3207E-5 7.7121E-5 7.3747E-5 8.795E-5 1.0077E-4 9.8598E-5 8.9258E-5 8.6122E-5 1.12316E-4 1.07782E-4 8.9794E-5 9.5311E-5 1.09162E-4 8.7813E-5 8.1567E-5 7.2833E-5 1.07993E-4 1.18401E-4 1.10291E-4 1.01989E-4 9.1125E-5 8.5404E-5 9.5057E-5 8.8083E-5 1.24912E-4 9.1114E-5 1.78656E-4 1.75932E-4 1.51993E-4 1.60081E-4 1.32304E-4 1.61321E-4 1.61483E-4 1.86291E-4 1.55357E-4 1.26653E-4 1.57098E-4 1.45337E-4 1.62061E-4 1.38438E-4 1.33812E-4 2.22969E-4 1.35882E-4 1.98556E-4 3.11532E-4 3.29943E-4 1.35041E-4 1.10824E-4 1.01373E-4 8.4729E-5 9.4817E-5 8.4569E-5 1.06528E-4 9.6168E-5 1.09723E-4 8.6745E-5 1.03397E-4 1.01508E-4 1.03511E-4 8.456E-5 7.489E-5 1.17905E-4 1.12315E-4 9.1977E-5 7.5118E-5 1.14384E-4 1.0699E-4 9.6129E-5 1.01997E-4 9.2672E-5 1.06035E-4 8.1269E-5 9.9653E-5 8.6028E-5 1.1696E-4 1.00701E-4 1.07211E-4 2.08653E-4 2.18413E-4 8.5305E-5 8.5282E-5 1.23519E-4 1.04277E-4 7.8176E-5 7.1799E-5 1.04625E-4 1.00694E-4 1.16821E-4 1.0465E-4 1.08227E-4 1.17632E-4 1.58887E-4 1.27161E-4 8.7225E-5 1.04902E-4 1.10882E-4 9.325E-5 9.8069E-5 1.15436E-4 1.02557E-4 1.09697E-4 8.6457E-5 7.7085E-5 1.05452E-4 1.082E-4 1.11252E-4 8.9726E-5 1.21415E-4 1.1448E-4 9.438E-5 8.0772E-5 1.01341E-4 1.22416E-4 1.00603E-4 7.1462E-5 7.2567E-5 1.12753E-4 1.25929E-4 1.47313E-4 1.41391E-4 1.05777E-4 8.474E-5 9.3877E-5 8.0832E-5 1.01244E-4 7.0281E-5 1.01376E-4 8.6797E-5 9.2691E-5 9.958E-5 8.7218E-5 1.02441E-4 9.0129E-5 1.05597E-4 8.926E-5 7.6829E-5 8.9519E-5 8.3562E-5 9.0953E-5 7.9844E-5 7.8143E-5 1.0163E-4 8.9762E-5 1.05919E-4 1.04286E-4 9.2536E-5 1.17001E-4 1.00928E-4 1.14797E-4 1.42274E-4 1.46665E-4 1.3673E-4 1.07808E-4 8.8932E-5 1.00533E-4 7.6048E-5 9.1195E-5 8.8551E-5 8.8668E-5 8.0962E-5 7.0453E-5 1.04548E-4 9.779E-5 9.4667E-5 7.6032E-5 1.09803E-4 9.8597E-5 9.8832E-5 1.10435E-4 9.0096E-5 9.85E-5 7.651E-5 9.513E-5 7.8449E-5 9.6489E-5 8.0305E-5 6.6177E-5 9.4331E-5 8.2665E-5 7.6947E-5 8.3506E-5 9.6163E-5 9.0232E-5 7.3888E-5 6.9271E-5 1.03589E-4 8.7124E-5 1.13054E-4 1.09955E-4 1.04473E-4 1.08184E-4 8.961E-5 7.5956E-5 7.1055E-5 9.2579E-5 1.00065E-4 8.2002E-5 7.0491E-5 9.0308E-5 8.1021E-5 1.16267E-4 8.7471E-5 1.41585E-4 1.04299E-4 1.08828E-4 1.304E-4 9.3337E-5 9.7097E-5 1.19579E-4 1.04787E-4 8.2591E-5 8.7233E-5 1.09035E-4 1.44744E-4 9.5985E-5 2.37112E-4 1.2641E-4 1.12213E-4 1.10814E-4 9.7142E-5 1.02961E-4 1.04258E-4 9.7512E-5 8.9136E-5 1.17895E-4 7.4387E-5 1.00802E-4 9.4836E-5 1.21073E-4 1.04439E-4 5.3705E-5 1.01919E-4 9.1672E-5 1.02577E-4 9.6517E-5 1.07116E-4 1.09514E-4 8.583E-5 9.1966E-5 7.8295E-5 7.6371E-5 8.9118E-5 8.6541E-5 1.02849E-4 1.15322E-4 1.09588E-4 1.10029E-4 9.471E-5 9.1027E-5 1.03153E-4 1.22682E-4 7.6744E-5 9.7112E-5 8.5772E-5 9.6426E-5 7.405E-5 9.283E-5 9.0037E-5 9.2038E-5 8.3213E-5 7.1895E-5 1.06806E-4 9.6793E-5 8.3887E-5 7.1464E-5 1.05952E-4 9.5287E-5 9.8637E-5 1.12032E-4 8.7827E-5 9.6857E-5 8.1101E-5 9.6214E-5 8.2289E-5 1.09451E-4 7.9487E-5 6.6574E-5 9.2259E-5 7.7695E-5 7.8484E-5 8.3219E-5 9.3434E-5 8.7021E-5 7.2677E-5 8.3175E-5 1.15491E-4 1.45897E-4 1.85123E-4 2.03864E-4 1.1995E-4 1.10619E-4 9.0469E-5 7.6719E-5 7.1817E-5 9.105E-5 1.0105E-4 8.2909E-5 7.0992E-5 1.01653E-4 8.0144E-5 9.477E-5 7.849E-5 7.2848E-5 9.1186E-5 1.184E-4 1.00237E-4 4.4667E-5 8.7313E-5 1.11875E-4 9.4157E-5 7.7517E-5 3.6286E-5 1.06701E-4 7.8856E-5 6.4345E-5 6.7349E-5 1.1587E-4 9.8125E-5 9.9159E-5 9.0959E-5 8.0411E-5 1.14979E-4 1.02347E-4 8.8694E-5 1.08961E-4 1.01806E-4 1.05418E-4 9.9719E-5 1.00763E-4 1.08251E-4 7.7235E-5 1.16404E-4 9.2611E-5 1.0166E-4 9.163E-5 8.0837E-5 1.05711E-4 1.02448E-4 1.07074E-4 8.6518E-5 8.4853E-5 9.2192E-5 9.4143E-5 1.04827E-4 9.0384E-5 1.15769E-4 1.24454E-4 1.17136E-4 9.9204E-5 8.6802E-5 1.05405E-4 1.01651E-4 1.35497E-4 8.8652E-5 1.12579E-4 9.2249E-5 1.45299E-4 2.00372E-4 1.84638E-4 9.1852E-5 7.2749E-5 1.1511E-4 1.07666E-4 8.8566E-5 7.5684E-5 1.05976E-4 9.7062E-5 8.5898E-5 1.01237E-4 8.7135E-5 1.00622E-4 8.1305E-5 1.01051E-4 9.9454E-5 1.33163E-4 1.04954E-4 1.01468E-4 1.01228E-4 8.8692E-5 7.8529E-5 8.5071E-5 9.5538E-5 1.58093E-4 9.3877E-5 9.0181E-5 1.08432E-4 8.6981E-5 1.37722E-4 1.08439E-4 1.09946E-4 1.20358E-4 9.0876E-5 7.7384E-5 7.1843E-5 9.3496E-5 1.18139E-4 1.00506E-4 8.2787E-5 9.1746E-5 7.8788E-5 9.2491E-5 8.4038E-5 1.36973E-4 2.19954E-4 1.158E-4 1.14294E-4 1.21225E-4 1.05743E-4 1.12096E-4 9.6452E-5 7.8971E-5 8.3693E-5 1.03449E-4 8.2361E-5 6.9927E-5 7.2114E-5 1.23185E-4 1.0232E-4 1.01424E-4 1.04297E-4 8.6445E-5 8.3745E-5 9.2935E-5 7.8885E-5 1.02001E-4 8.328E-5 1.06121E-4 8.8393E-5 1.01014E-4 1.00448E-4 7.4866E-5 1.01824E-4 9.1927E-5 1.0069E-4 9.223E-5 8.0074E-5 9.554E-5 1.44238E-4 1.17623E-4 1.11183E-4 9.0485E-5 9.4936E-5 9.4845E-5 1.05818E-4 9.3072E-5 1.04672E-4 1.08139E-4 9.7082E-5 9.0294E-5 1.03089E-4 1.14029E-4 7.3854E-5 1.03028E-4 8.3926E-5 9.9734E-5 7.5034E-5 9.1395E-5 8.8692E-5 9.0404E-5 9.1889E-5 8.0451E-5 1.14609E-4 1.05317E-4 9.0078E-5 8.1767E-5 1.15181E-4 1.08123E-4 1.24044E-4 1.1263E-4 9.2374E-5 1.03564E-4 8.9682E-5 1.00936E-4 8.1263E-5 9.4179E-5 7.7986E-5 6.5009E-5 8.9999E-5 7.7191E-5 7.3166E-5 8.0018E-5 1.11203E-4 9.7571E-5 7.8815E-5 7.6303E-5 1.10104E-4 9.572E-5 1.01444E-4 1.03987E-4 1.00775E-4 1.00327E-4 9.4677E-5 8.1381E-5 7.0573E-5 8.7699E-5 9.7838E-5 8.5565E-5 7.7809E-5 9.4334E-5 1.24649E-4 1.4562E-4 1.24586E-4 1.14694E-4 1.89248E-4 2.20918E-4 1.75729E-4 1.43856E-4 1.43395E-4 1.41719E-4 1.61355E-4 9.2163E-5 1.02349E-4 1.09106E-4 8.1164E-5 6.8047E-5 7.8023E-5 1.13366E-4 1.86401E-4 1.13352E-4 1.14726E-4 2.12528E-4 1.38557E-4 1.21673E-4 8.6874E-5 1.10614E-4 1.15231E-4 1.23242E-4 2.26322E-4 1.82121E-4 1.9992E-4 9.6267E-5 1.15606E-4 1.03373E-4 1.15274E-4 9.4105E-5 9.2731E-5 9.458E-5 8.7447E-5 2.30541E-4 1.59217E-4 1.23576E-4 1.19724E-4 3.16765E-4 1.59137E-4 1.05595E-4 1.0594E-4 1.18419E-4 1.0904E-4 1.1286E-4 9.2522E-5 1.01744E-4 8.884E-5 1.38315E-4 1.76017E-4 2.17656E-4 2.62105E-4 2.69622E-4 1.61994E-4 1.10279E-4 8.5173E-5 8.5703E-5 1.14303E-4 9.9127E-5 9.5618E-5 8.6955E-5 1.14313E-4 1.08867E-4 1.05359E-4 1.11937E-4 1.06605E-4 1.36521E-4 8.3922E-5 1.14475E-4 9.2581E-5 1.13205E-4 1.01522E-4 8.141E-5 1.01E-4 9.8471E-5 8.9865E-5 8.9505E-5 1.0534E-4 9.4693E-5 7.6266E-5 7.3338E-5 1.19291E-4 9.6955E-5 1.00923E-4 1.21331E-4 1.45218E-4 2.75959E-4 2.03772E-4 9.8576E-5 8.5166E-5 9.7754E-5 1.06078E-4 8.505E-5 7.2103E-5 9.2459E-5 8.2889E-5 1.07915E-4 8.3156E-5 8.2532E-5 1.04434E-4 1.18034E-4 1.1217E-4 8.757E-5 9.0931E-5 1.28771E-4 1.12256E-4 8.9722E-5 8.5979E-5 1.12239E-4 8.5765E-5 8.2775E-5 7.7494E-5 1.14098E-4 1.11652E-4 1.10104E-4 1.0321E-4 9.2098E-5 9.8309E-5 1.24584E-4 1.0421E-4 1.15205E-4 7.8765E-5 1.1511E-4 1.17831E-4 1.08931E-4 1.0212E-4 7.9926E-5 2.2452E-4 1.96741E-4 1.70843E-4 1.07193E-4 8.5786E-5 1.06494E-4 9.4106E-5 1.97287E-4 1.24203E-4 1.37287E-4 9.9289E-5 9.5267E-5 1.6349E-4 9.8545E-5 9.4943E-5 1.1661E-4 1.46949E-4 1.0308E-4 9.7624E-5 1.09458E-4 7.697E-5 9.6841E-5 7.9512E-5 1.12655E-4 1.11251E-4 1.05597E-4 1.02011E-4 9.5517E-5 8.6741E-5 9.9462E-5 2.2695E-4 2.28575E-4 1.98188E-4 2.05008E-4 1.44155E-4 1.14692E-4 1.10261E-4 1.18777E-4 1.04367E-4 1.16318E-4 1.48618E-4 2.15545E-4 1.8188E-4 1.23248E-4 1.09204E-4 1.20477E-4 1.12E-4 9.1813E-5 9.0444E-5 1.01901E-4 1.04455E-4 9.5884E-5 7.812E-5 8.3272E-5 1.1558E-4 1.08834E-4 1.08593E-4 1.05405E-4 1.1002E-4 1.2569E-4 9.5051E-5 1.01582E-4 1.19002E-4 9.7908E-5 1.03832E-4 1.26947E-4 1.34703E-4 1.77862E-4 1.79206E-4 1.29481E-4 8.6712E-5 7.8577E-5 9.563E-5 1.16333E-4 1.10303E-4 9.3036E-5 9.8021E-5 1.1974E-4 9.767E-5 7.8583E-5 8.0371E-5 1.18828E-4 8.3673E-5 7.3006E-5 8.6526E-5 1.25058E-4 1.11335E-4 1.17198E-4 1.07944E-4 1.02716E-4 9.6235E-5 1.03704E-4 9.2585E-5 1.16273E-4 1.25867E-4 1.81489E-4 1.66523E-4 1.62713E-4 1.69974E-4 1.21889E-4 1.74625E-4 1.6234E-4 1.7877E-4 1.47957E-4 1.28507E-4 1.61693E-4 1.6563E-4 1.43842E-4 1.4123E-4 1.30388E-4 1.6897E-4 1.61395E-4 1.77226E-4 1.02476E-4 1.60562E-4 1.86362E-4 1.61739E-4 1.16016E-4 1.12841E-4 2.03786E-4 1.02231E-4 1.12756E-4 9.2532E-5 1.36348E-4 1.03622E-4 1.05955E-4 1.07882E-4 1.2936E-4 1.59572E-4 1.59099E-4 1.72623E-4 1.81837E-4 1.08813E-4 1.08737E-4 1.80504E-4 1.337E-4 1.07205E-4 1.86678E-4 1.69125E-4 1.31929E-4 1.02884E-4 1.5204E-4 2.28493E-4 1.32301E-4 1.0447E-4 1.36704E-4 1.53409E-4 1.41997E-4 1.00157E-4 1.06259E-4 1.74231E-4 1.13497E-4 7.9478E-5 7.4155E-5 1.10539E-4 9.2938E-5 1.03121E-4 1.04106E-4 1.31259E-4 1.74646E-4 9.8297E-5 8.8628E-5 7.9788E-5 9.3648E-5 1.04462E-4 8.6616E-5 7.7948E-5 9.9431E-5 8.3828E-5 9.4548E-5 9.5484E-5 7.3314E-5 9.3189E-5 1.12179E-4 1.09729E-4 7.8374E-5 9.2272E-5 1.2431E-4 1.06186E-4 7.2625E-5 8.1234E-5 1.33679E-4 1.41261E-4 1.81785E-4 2.5509E-4 1.41774E-4 1.02622E-4 1.03568E-4 9.4416E-5 8.4582E-5 8.4395E-5 9.2083E-5 7.8967E-5 1.02792E-4 7.1989E-5 1.03938E-4 9.0648E-5 9.4381E-5 9.8322E-5 7.9059E-5 1.05254E-4 9.3978E-5 1.01555E-4 9.3088E-5 7.9788E-5 1.15879E-4 9.9825E-5 9.9616E-5 8.2366E-5 8.2262E-5 9.1115E-5 9.2577E-5 1.00764E-4 8.8507E-5 9.2557E-5 1.04227E-4 9.5586E-5 9.1402E-5 8.0041E-5 9.892E-5 7.1563E-5 9.3294E-5 7.7102E-5 9.6604E-5 7.2983E-5 1.35218E-4 1.34037E-4 1.02912E-4 8.8874E-5 8.7374E-5 1.20585E-4 1.10046E-4 9.4024E-5 8.1596E-5 1.20803E-4 1.12231E-4 9.9051E-5 1.1804E-4 9.5662E-5 1.03635E-4 8.377E-5 1.53539E-4 1.04182E-4 1.40413E-4 9.7291E-5 7.8051E-5 1.57376E-4 1.10089E-4 1.23915E-4 1.33377E-4 1.11035E-4 1.3676E-4 1.35103E-4 9.2488E-5 1.79813E-4 1.59401E-4 2.90567E-4 2.19737E-4 1.41973E-4 1.24412E-4 9.6049E-5 8.7328E-5 9.3759E-5 1.05183E-4 1.11313E-4 9.5745E-5 7.4431E-5 1.07621E-4 8.6729E-5 9.7682E-5 8.3089E-5 8.599E-5 1.03372E-4 1.14816E-4 1.35632E-4 8.6971E-5 9.9184E-5 1.26903E-4 1.06397E-4 8.5938E-5 1.01129E-4 1.49186E-4 1.16423E-4 9.8937E-5 1.05616E-4 2.73061E-4 1.95234E-4 1.22476E-4 1.25412E-4 1.0429E-4 1.04609E-4 1.4162E-4 1.21234E-4 1.43249E-4 8.0287E-5 1.0951E-4 9.3889E-5 9.844E-5 1.36981E-4 9.0048E-5 1.03694E-4 9.8485E-5 1.16671E-4 2.17091E-4 1.52998E-4 9.7987E-5 9.7304E-5 1.20756E-4 1.6552E-4 1.1273E-4 1.26915E-4 9.4752E-5 1.14547E-4 1.41424E-4 1.59777E-4 1.29278E-4 1.25312E-4 1.057E-4 9.2563E-5 1.19458E-4 2.11703E-4 2.17279E-4 1.63502E-4 1.23906E-4 1.08201E-4 1.06432E-4 1.01834E-4 9.7677E-5 8.8421E-5 8.078E-5 1.18592E-4 1.06025E-4 1.12893E-4 8.5673E-5 1.20569E-4 1.13781E-4 9.371E-5 1.1787E-4 9.2755E-5 1.05128E-4 8.2709E-5 1.01755E-4 1.04819E-4 1.13128E-4 8.934E-5 1.21746E-4 1.47546E-4 2.10058E-4 2.18351E-4 9.8144E-5 1.13075E-4 1.00759E-4 8.0578E-5 7.5232E-5 1.08008E-4 1.03385E-4 1.07549E-4 1.12413E-4 1.07055E-4 1.12954E-4 1.07059E-4 1.60243E-4 9.3139E-5 1.06971E-4 1.17406E-4 9.7014E-5 7.7311E-5 1.026E-4 9.6435E-5 1.03104E-4 8.6846E-5 7.6675E-5 1.08764E-4 1.082E-4 1.08433E-4 9.4472E-5 1.00721E-4 1.29023E-4 1.11752E-4 8.9984E-5 8.6816E-5 1.16949E-4 9.7542E-5 7.7945E-5 7.9651E-5 1.17618E-4 1.05245E-4 1.09215E-4 9.8778E-5 1.0086E-4 1.05051E-4 1.04089E-4 8.9922E-5 1.08467E-4 7.4412E-5 1.07094E-4 1.02592E-4 1.09581E-4 1.11971E-4 8.235E-5 1.19008E-4 1.04182E-4 1.11462E-4 9.6301E-5 9.4713E-5 9.7408E-5 8.9786E-5 9.7027E-5 8.0969E-5 8.1862E-5 1.80067E-4 1.0896E-4 1.93431E-4 2.48295E-4 1.51337E-4 2.19419E-4 1.19902E-4 1.99931E-4 1.40333E-4 1.26537E-4 8.6846E-5 1.02002E-4 8.4626E-5 1.27848E-4 1.15342E-4 1.13287E-4 9.6896E-5 1.00008E-4 1.79335E-4 2.22226E-4 1.68464E-4 1.10754E-4 1.01591E-4 8.679E-5 1.15862E-4 1.15924E-4 1.12116E-4 1.25904E-4 1.01536E-4 1.18575E-4 8.9217E-5 1.19043E-4 1.92811E-4 1.62391E-4 1.04533E-4 9.0444E-5 1.28073E-4 1.04614E-4 9.218E-5 1.30395E-4 1.73569E-4 1.557E-4 1.21602E-4 1.00126E-4 1.18705E-4 1.07804E-4 1.12265E-4 1.13575E-4 1.08322E-4 1.13722E-4 9.3387E-5 8.0071E-5 7.9001E-5 1.13887E-4 1.22817E-4 1.10094E-4 9.6749E-5 1.20843E-4 1.04199E-4 1.17503E-4 1.06092E-4 9.192E-5 1.02213E-4 1.35395E-4 1.827E-4 9.9736E-5 1.20402E-4 2.11479E-4 2.58792E-4 1.52446E-4 9.3754E-5 1.24722E-4 8.6481E-5 7.4214E-5 8.4608E-5 1.11643E-4 9.9838E-5 1.05118E-4 9.4869E-5 9.2146E-5 8.6444E-5 9.3471E-5 8.046E-5 1.02721E-4 7.4171E-5 1.0455E-4 9.2001E-5 9.7171E-5 1.19966E-4 1.2336E-4 1.48989E-4 1.01015E-4 1.35276E-4 2.29941E-4 1.39765E-4 1.08549E-4 1.10659E-4 1.57448E-4 1.39581E-4 1.45993E-4 1.63172E-4 1.54935E-4 1.74828E-4 1.50627E-4 1.71035E-4 2.05167E-4 1.39571E-4 1.67555E-4 1.78015E-4 1.95549E-4 1.3834E-4 1.72078E-4 1.42096E-4 1.89903E-4 1.35713E-4 1.77897E-4 1.11415E-4 1.12206E-4 1.05867E-4 1.22821E-4 1.23254E-4 1.34861E-4 1.85556E-4 9.3879E-5 1.16954E-4 1.07068E-4 1.85678E-4 1.39182E-4 1.45235E-4 1.58188E-4 1.32566E-4 2.22057E-4 2.55441E-4 1.42825E-4 1.7479E-4 1.01194E-4 1.15693E-4 1.78392E-4 1.92216E-4 1.20672E-4 1.29712E-4 1.05005E-4 1.26205E-4 1.08012E-4 1.58568E-4 1.43671E-4 2.41319E-4 2.20147E-4 1.20293E-4 2.09358E-4 1.3852E-4 1.2291E-4 9.4753E-5 1.21983E-4 1.16333E-4 1.13025E-4 1.28968E-4 1.53882E-4 1.00813E-4 9.6741E-5 8.3865E-5 9.7574E-5 1.0524E-4 1.08468E-4 1.04708E-4 8.3029E-5 9.8604E-5 1.23571E-4 1.39078E-4 8.3311E-5 1.04048E-4 1.19988E-4 8.3726E-5 8.1947E-5 7.4843E-5 1.09374E-4 1.04253E-4 1.06837E-4 9.4658E-5 1.09876E-4 9.0294E-5 9.3895E-5 8.7763E-5 1.25932E-4 7.9721E-5 1.07027E-4 9.7457E-5 1.65011E-4 3.02748E-4 3.12315E-4 2.31093E-4 1.37596E-4 1.2664E-4 2.22744E-4 1.54169E-4 1.11951E-4 1.33562E-4 1.44537E-4 1.62484E-4 1.43569E-4 1.11678E-4 9.5936E-5 1.14754E-4 1.15966E-4 1.15698E-4 1.40686E-4 1.22116E-4 1.17946E-4 2.01311E-4 1.49188E-4 3.09644E-4 2.68296E-4 1.08246E-4 1.17657E-4 9.1061E-5 1.05281E-4 9.6633E-5 9.9825E-5 8.8406E-5 8.7963E-5 1.17725E-4 1.13681E-4 1.03057E-4 8.7877E-5 1.2359E-4 1.0524E-4 9.2419E-5 1.16786E-4 1.15181E-4 1.09945E-4 8.6601E-5 1.02139E-4 8.3912E-5 1.25933E-4 9.7087E-5 7.487E-5 1.10089E-4 9.0198E-5 8.3701E-5 8.9301E-5 1.01043E-4 9.5179E-5 9.4175E-5 9.5406E-5 1.30713E-4 1.27826E-4 1.23279E-4 1.22352E-4 1.17977E-4 1.17826E-4 9.5522E-5 8.7374E-5 7.9186E-5 1.03453E-4 1.14106E-4 1.05301E-4 7.7097E-5 1.73623E-4 1.70342E-4 1.27577E-4 9.4725E-5 8.1722E-5 1.09472E-4 1.11713E-4 9.15E-5 9.3542E-5 9.6202E-5 1.17916E-4 1.26497E-4 9.7714E-5 1.24698E-4 1.43437E-4 1.09597E-4 1.47062E-4 1.59034E-4 1.64576E-4 1.53971E-4 1.3105E-4 1.00583E-4 1.4602E-4 1.24946E-4 1.20908E-4 9.9658E-5 1.55661E-4 1.09673E-4 1.76876E-4 1.38172E-4 1.03423E-4 1.16162E-4 1.01909E-4 1.44624E-4 1.37082E-4 1.3582E-4 1.16027E-4 8.7876E-5 1.02635E-4 1.47818E-4 1.22076E-4 8.8279E-5 9.5749E-5 1.02541E-4 1.09044E-4 1.13974E-4 1.02021E-4 1.55782E-4 1.33544E-4 1.1508E-4 1.65E-4 9.8273E-5 1.19552E-4 8.765E-5 1.02703E-4 8.348E-5 1.08226E-4 7.8961E-5 1.16422E-4 1.02226E-4 1.02467E-4 9.9417E-5 9.3784E-5 1.13436E-4 1.16935E-4 9.7478E-5 8.1552E-5 1.14525E-4 1.44328E-4 1.06984E-4 1.10409E-4 1.2162E-4 2.96672E-4 1.82722E-4 1.66416E-4 1.08218E-4 1.12693E-4 9.7952E-5 1.45233E-4 1.11294E-4 9.4075E-5 8.8774E-5 9.785E-5 1.17078E-4 9.8404E-5 1.4946E-4 1.19798E-4 1.38093E-4 1.07129E-4 1.08096E-4 1.19104E-4 1.201E-4 1.31178E-4 1.05959E-4 9.0527E-5 8.2815E-5 1.02511E-4 1.30051E-4 1.07973E-4 8.3795E-5 1.20068E-4 1.07833E-4 1.12554E-4 9.4859E-5 8.9637E-5 1.25246E-4 1.23649E-4 9.6278E-5 8.4624E-5 1.07683E-4 1.34882E-4 1.07782E-4 8.8971E-5 8.4075E-5 1.15525E-4 8.5384E-5 9.0493E-5 8.5575E-5 1.14715E-4 1.02934E-4 1.02126E-4 9.9317E-5 1.38178E-4 1.07455E-4 1.24319E-4 1.55034E-4 1.82863E-4 2.01782E-4 1.98501E-4 1.31701E-4 1.28452E-4 1.37383E-4 9.1828E-5 1.26618E-4 1.45978E-4 1.50622E-4 1.13327E-4 1.35727E-4 1.40651E-4 1.0658E-4 1.1853E-4 1.14772E-4 1.45936E-4 1.5495E-4 1.33185E-4 1.32338E-4 1.09112E-4 1.02956E-4 1.34707E-4 1.35382E-4 1.20303E-4 1.07378E-4 1.41319E-4 8.4928E-5 1.07136E-4 9.2155E-5 1.50129E-4 1.09195E-4 1.01763E-4 9.1856E-5 9.0447E-5 8.7541E-5 7.3736E-5 1.16604E-4 1.21397E-4 1.12582E-4 9.4595E-5 1.15657E-4 1.97912E-4 9.7139E-5 1.12542E-4 1.10161E-4 1.07826E-4 8.8095E-5 1.11327E-4 8.7265E-5 1.01531E-4 8.5434E-5 7.6815E-5 1.01045E-4 8.1388E-5 8.1907E-5 9.6481E-5 1.04816E-4 9.4375E-5 7.5791E-5 7.9362E-5 1.2226E-4 9.5387E-5 1.03125E-4 1.12061E-4 1.15322E-4 1.46577E-4 1.33997E-4 1.15305E-4 9.3205E-5 1.57388E-4 3.10126E-4 2.58345E-4 1.66399E-4 1.19381E-4 1.18803E-4 1.11368E-4 9.9079E-5 8.5923E-5 9.8902E-5 2.03453E-4 9.7286E-5 9.9055E-5 1.22087E-4 1.36406E-4 1.23537E-4 9.646E-5 8.3524E-5 1.29989E-4 1.02736E-4 8.6962E-5 8.8241E-5 1.23604E-4 1.08658E-4 9.954E-5 9.9352E-5 1.08375E-4 9.0383E-5 1.11811E-4 1.25064E-4 1.15617E-4 1.11252E-4 1.3326E-4 1.60021E-4 1.74531E-4 1.55682E-4 1.66759E-4 1.27632E-4 9.8709E-5 1.11659E-4 1.05773E-4 9.4433E-5 1.0302E-4 9.0099E-5 9.9909E-5 1.02821E-4 1.04738E-4 9.7846E-5 1.02974E-4 1.11916E-4 9.1728E-5 9.9105E-5 1.08719E-4 9.9465E-5 1.06931E-4 8.7869E-5 9.9174E-5 7.6556E-5 9.8021E-5 8.13E-5 1.04559E-4 7.7519E-5 9.5783E-5 9.3301E-5 8.9591E-5 8.5279E-5 7.4778E-5 1.23138E-4 1.05839E-4 9.0422E-5 7.7187E-5 1.09533E-4 9.7969E-5 8.6873E-5 1.0533E-4 8.7956E-5 1.12162E-4 1.4424E-4 1.24436E-4 9.706E-5 1.18821E-4 8.9432E-5 7.2844E-5 9.9196E-5 8.169E-5 7.9379E-5 8.6154E-5 9.7858E-5 9.3477E-5 7.6145E-5 7.3791E-5 1.05672E-4 8.9417E-5 9.909E-5 1.06217E-4 1.0889E-4 1.10041E-4 9.2227E-5 8.009E-5 7.3601E-5 9.6663E-5 1.0635E-4 8.662E-5 7.2407E-5 9.5518E-5 8.2892E-5 1.02385E-4 8.5856E-5 7.6175E-5 9.632E-5 1.09435E-4 8.8558E-5 9.8771E-5 1.26029E-4 1.10647E-4 1.02513E-4 1.49183E-4 9.3306E-5 1.19452E-4 8.7463E-5 7.3215E-5 7.4302E-5 1.02852E-4 1.0391E-4 1.03659E-4 9.7547E-5 1.03756E-4 8.5179E-5 8.9895E-5 8.5328E-5 1.03864E-4 7.2915E-5 1.0373E-4 9.5346E-5 1.14405E-4 1.00802E-4 7.6009E-5 1.16384E-4 9.7539E-5 1.18187E-4 1.96739E-4 1.59977E-4 1.67425E-4 1.08311E-4 9.9016E-5 8.371E-5 9.6574E-5 9.9131E-5 9.2416E-5 1.02962E-4 9.022E-5 9.539E-5 1.07394E-4 9.6855E-5 9.0114E-5 8.0663E-5 9.3043E-5 7.3137E-5 9.1753E-5 7.7534E-5 1.19308E-4 8.8756E-5 9.4063E-5 1.04486E-4 8.7355E-5 8.1084E-5 6.9661E-5 1.12502E-4 9.9984E-5 8.3798E-5 8.4203E-5 1.07202E-4 9.6891E-5 8.5782E-5 9.8049E-5 8.5055E-5 9.0418E-5 7.4908E-5 9.4783E-5 7.9876E-5 9.625E-5 8.5648E-5 6.5554E-5 8.7331E-5 7.2165E-5 7.3309E-5 7.8642E-5 8.9254E-5 8.5892E-5 6.8567E-5 6.7142E-5 9.9561E-5 1.23753E-4 9.8764E-5 1.00876E-4 9.6527E-5 9.9504E-5 8.5194E-5 7.3087E-5 1.37042E-4 1.79998E-4 1.34753E-4 9.1507E-5 8.0886E-5 1.0347E-4 8.2106E-5 8.8944E-5 7.5768E-5 7.1654E-5 9.7897E-5 1.11926E-4 9.4775E-5 8.9513E-5 1.09079E-4 1.17274E-4 1.00852E-4 8.2544E-5 8.1941E-5 1.15713E-4 9.6206E-5 1.33445E-4 9.6505E-5 1.15721E-4 1.14751E-4 1.12537E-4 1.11696E-4 1.0581E-4 1.02922E-4 1.09253E-4 9.8847E-5 1.31419E-4 8.1476E-5 1.23597E-4 1.05858E-4 1.06315E-4 1.14198E-4 8.8507E-5 1.10714E-4 1.43595E-4 1.22341E-4 1.14271E-4 1.02499E-4 1.5598E-4 1.10151E-4 1.15126E-4 1.64849E-4 1.59818E-4 2.15619E-4 2.72686E-4 1.71526E-4 1.48862E-4 1.38818E-4 1.37911E-4 1.25813E-4 1.32248E-4 1.0986E-4 1.12225E-4 1.1466E-4 1.06934E-4 8.5692E-5 1.63389E-4 1.15188E-4 1.07243E-4 1.271E-4 1.77568E-4 1.34539E-4 9.2168E-5 1.21718E-4 1.1247E-4 9.2384E-5 7.8713E-5 1.1444E-4 1.1721E-4 9.3733E-5 1.06122E-4 9.0366E-5 1.01846E-4 8.3539E-5 1.06047E-4 1.09111E-4 1.40022E-4 1.18944E-4 7.7586E-5 1.01098E-4 8.2271E-5 8.167E-5 8.7466E-5 1.03099E-4 9.8553E-5 8.742E-5 8.0663E-5 1.13755E-4 9.8944E-5 1.2186E-4 1.11834E-4 1.09642E-4 1.19394E-4 1.17457E-4 1.09051E-4 1.55771E-4 1.19984E-4 1.11862E-4 8.861E-5 8.2795E-5 1.14494E-4 1.0402E-4 1.98359E-4 1.97535E-4 9.2372E-5 1.15621E-4 1.18082E-4 1.0507E-4 1.11415E-4 1.04597E-4 1.0996E-4 1.00811E-4 8.1265E-5 8.2927E-5 1.15941E-4 8.4111E-5 7.5497E-5 7.4858E-5 1.35362E-4 1.15664E-4 1.06756E-4 1.1785E-4 1.13584E-4 1.04417E-4 9.9632E-5 8.4919E-5 1.18817E-4 9.9345E-5 1.26935E-4 1.45233E-4 1.17774E-4 1.83636E-4 1.68265E-4 1.56239E-4 1.12566E-4 1.12863E-4 1.05069E-4 8.8065E-5 1.03827E-4 1.00736E-4 1.035E-4 1.01988E-4 9.2923E-5 1.10854E-4 1.11648E-4 1.20973E-4 1.22983E-4 1.11209E-4 1.20925E-4 1.76727E-4 1.69811E-4 1.68749E-4 1.69304E-4 1.24674E-4 1.4869E-4 1.36979E-4 1.97205E-4 1.40883E-4 1.70917E-4 1.61938E-4 1.54048E-4 1.68269E-4 1.451E-4 1.82262E-4 1.70132E-4 1.49427E-4 1.34133E-4 1.61476E-4 1.24449E-4 1.23242E-4 1.33917E-4 1.28108E-4 1.06761E-4 1.34052E-4 1.66001E-4 1.41011E-4 1.2076E-4 1.898E-4 1.97487E-4 1.84608E-4 9.8439E-5 1.00049E-4 1.019E-4 1.15017E-4 1.08828E-4 8.5528E-5 1.36489E-4 1.4443E-4 1.44283E-4 1.83791E-4 3.57171E-4 1.68436E-4 1.84901E-4 1.20712E-4 1.0489E-4 1.14133E-4 1.35303E-4 1.65207E-4 1.27454E-4 9.9687E-5 1.81058E-4 1.07633E-4 1.73984E-4 1.23037E-4 1.1973E-4 1.27778E-4 2.23253E-4 1.38143E-4 1.01458E-4 9.8609E-5 1.04145E-4 1.07734E-4 8.7668E-5 9.5139E-5 1.27161E-4 9.5605E-5 1.26665E-4 8.3214E-5 1.10253E-4 1.16317E-4 2.32293E-4 1.39694E-4 1.01044E-4 9.9749E-5 9.8921E-5 8.4113E-5 1.08557E-4 8.4021E-5 1.16108E-4 9.9148E-5 1.00316E-4 1.0243E-4 8.4493E-5 1.0633E-4 9.4443E-5 9.5701E-5 9.8306E-5 8.5588E-5 9.2752E-5 8.7499E-5 1.16473E-4 9.024E-5 8.549E-5 9.5677E-5 1.10441E-4 1.14744E-4 9.2309E-5 9.6834E-5 1.1718E-4 1.1643E-4 9.8025E-5 9.4637E-5 1.02749E-4 1.09668E-4 1.61822E-4 1.61548E-4 1.61675E-4 1.40499E-4 1.51197E-4 1.18622E-4 1.0095E-4 1.07906E-4 1.52799E-4 1.4363E-4 1.18227E-4 9.6787E-5 1.09355E-4 1.24757E-4 1.07192E-4 9.6789E-5 1.08865E-4 9.4372E-5 1.04155E-4 9.5264E-5 1.09314E-4 9.7531E-5 1.07076E-4 9.9987E-5 1.50525E-4 1.37533E-4 1.38105E-4 1.32788E-4 1.11251E-4 1.11534E-4 1.72196E-4 1.00924E-4 1.0395E-4 1.39774E-4 9.8374E-5 1.07968E-4 1.3465E-4 1.66526E-4 1.50416E-4 1.17946E-4 1.03807E-4 1.19082E-4 1.09993E-4 1.20333E-4 1.10666E-4 2.08396E-4 3.43007E-4 1.38777E-4 1.1418E-4 1.03362E-4 8.6909E-5 1.0142E-4 1.12368E-4 1.15077E-4 1.01957E-4 1.13987E-4 1.09991E-4 1.07015E-4 1.05018E-4 9.1756E-5 1.14894E-4 8.4844E-5 8.5028E-5 7.9496E-5 1.07804E-4 1.08339E-4 1.05026E-4 1.00486E-4 9.3855E-5 8.8289E-5 9.4918E-5 8.9221E-5 1.89113E-4 8.5371E-5 1.2856E-4 1.44438E-4 1.34006E-4 1.30064E-4 1.1784E-4 1.73365E-4 1.46937E-4 1.06681E-4 1.11881E-4 9.6835E-5 1.53899E-4 1.06767E-4 1.17421E-4 8.784E-5 9.5861E-5 1.29832E-4 2.04105E-4 1.523E-4 1.04518E-4 1.33651E-4 1.4739E-4 1.20183E-4 1.12092E-4 1.08619E-4 1.53657E-4 1.56548E-4 1.22641E-4 8.7404E-5 1.11233E-4 8.4611E-5 1.80597E-4 1.56555E-4 1.18242E-4 1.05459E-4 9.6064E-5 1.13602E-4 1.02702E-4 9.2055E-5 8.9678E-5 1.46678E-4 1.19281E-4 9.0248E-5 1.03795E-4 8.7553E-5 9.7421E-5 7.7176E-5 1.0062E-4 8.4882E-5 1.03944E-4 8.4525E-5 7.2802E-5 1.19849E-4 9.6905E-5 1.24795E-4 1.04019E-4 1.20562E-4 1.13809E-4 8.8657E-5 7.7229E-5 1.17885E-4 9.262E-5 1.03292E-4 1.06843E-4 1.28246E-4 1.79878E-4 1.12684E-4 9.9369E-5 7.6108E-5 1.10638E-4 1.26843E-4 1.07599E-4 9.0706E-5 1.0246E-4 1.38802E-4 1.30942E-4 1.92225E-4 1.69412E-4 1.66E-4 1.27841E-4 9.1627E-5 8.9356E-5 9.5822E-5 1.15269E-4 9.824E-5 7.7669E-5 8.2328E-5 1.23459E-4 9.1671E-5 8.4887E-5 8.544E-5 1.1162E-4 1.08849E-4 1.02164E-4 9.8335E-5 9.5647E-5 1.05231E-4 1.00944E-4 8.6349E-5 1.09564E-4 7.7196E-5 1.14308E-4 1.66638E-4 1.3813E-4 1.1133E-4 9.7541E-5 1.12542E-4 1.00358E-4 1.11367E-4 1.66058E-4 1.57009E-4 1.09483E-4 1.01187E-4 1.04715E-4 9.8871E-5 9.0796E-5 1.01296E-4 9.656E-5 1.18968E-4 9.7594E-5 1.13252E-4 1.16849E-4 1.02952E-4 9.6528E-5 8.6904E-5 1.1138E-4 9.9158E-5 1.35704E-4 1.20176E-4 1.38017E-4 1.15744E-4 1.75801E-4 1.6121E-4 1.22728E-4 1.3919E-4 8.7694E-5 1.18417E-4 1.24845E-4 1.04493E-4 8.0191E-5 1.1198E-4 1.58799E-4 1.43154E-4 1.9164E-4 1.28125E-4 1.17941E-4 9.8032E-5 1.60409E-4 1.47987E-4 1.28931E-4 1.15434E-4 9.9079E-5 1.43605E-4 1.41532E-4 9.5995E-5 9.1166E-5 9.907E-5 9.3253E-5 7.7002E-5 7.7395E-5 1.36582E-4 1.16481E-4 1.2252E-4 1.17639E-4 1.37234E-4 1.2368E-4 9.9538E-5 8.9944E-5 1.07384E-4 1.47679E-4 1.16357E-4 8.7857E-5 7.318E-5 9.8025E-5 8.7054E-5 9.7038E-5 8.4463E-5 7.6712E-5 9.8251E-5 1.13027E-4 1.28064E-4 1.01513E-4 1.04393E-4 1.10486E-4 1.09214E-4 8.206E-5 8.2725E-5 1.17282E-4 9.0244E-5 7.3965E-5 7.6081E-5 1.01107E-4 1.06272E-4 1.29768E-4 1.13307E-4 1.10122E-4 1.04005E-4 1.52619E-4 1.17318E-4 1.11117E-4 1.41228E-4 1.76306E-4 2.48774E-4 2.33225E-4 1.3449E-4 1.14894E-4 1.36558E-4 1.29675E-4 1.21425E-4 1.00627E-4 8.2757E-5 9.262E-5 8.8616E-5 9.8074E-5 8.6121E-5 9.5825E-5 1.0433E-4 9.2523E-5 1.07267E-4 9.048E-5 9.6268E-5 1.10159E-4 9.9062E-5 9.4233E-5 8.3154E-5 1.38201E-4 9.4166E-5 1.08181E-4 9.4523E-5 1.16473E-4 9.2867E-5 1.24919E-4 1.13816E-4 1.05017E-4 1.0376E-4 9.7926E-5 1.95345E-4 1.70811E-4 1.57972E-4 1.10449E-4 1.31532E-4 1.36607E-4 1.15632E-4 1.23512E-4 1.18289E-4 1.26361E-4 9.1992E-5 1.31785E-4 1.39742E-4 1.34926E-4 1.13895E-4 1.00651E-4 1.80099E-4 2.43642E-4 1.88137E-4 1.24552E-4 1.30064E-4 1.17418E-4 1.05173E-4 8.8188E-5 1.16835E-4 9.4162E-5 1.06745E-4 1.12278E-4 1.22233E-4 1.18885E-4 1.06112E-4 8.5701E-5 7.3486E-5 1.01049E-4 1.08839E-4 1.36844E-4 8.8291E-5 1.26131E-4 1.43745E-4 1.53862E-4 1.64401E-4 2.21143E-4 1.47412E-4 1.40643E-4 9.6304E-5 9.9782E-5 1.27059E-4 1.15081E-4 9.8392E-5 9.3073E-5 1.17337E-4 1.56398E-4 1.172E-4 9.1514E-5 9.2039E-5 1.12186E-4 1.31645E-4 1.22709E-4 1.16504E-4 1.52957E-4 2.25327E-4 1.46828E-4 1.00804E-4 1.1487E-4 9.9098E-5 1.42717E-4 1.61416E-4 1.31018E-4 1.42099E-4 1.01218E-4 1.21449E-4 1.41067E-4 1.5307E-4 1.01944E-4 8.4122E-5 9.4713E-5 8.9425E-5 9.786E-5 8.6002E-5 8.3339E-5 9.4814E-5 9.255E-5 1.11351E-4 1.14271E-4 1.33101E-4 1.49419E-4 1.51296E-4 1.44017E-4 1.0892E-4 1.35901E-4 8.4667E-5 1.06484E-4 8.5238E-5 1.06938E-4 7.9439E-5 9.9194E-5 1.03859E-4 1.00525E-4 8.9441E-5 8.0818E-5 1.16247E-4 1.05842E-4 1.01625E-4 1.08824E-4 1.24343E-4 1.13658E-4 1.1127E-4 1.12822E-4 1.10667E-4 1.25198E-4 7.6828E-5 1.19492E-4 1.29339E-4 2.23159E-4 1.9231E-4 9.2257E-5 1.07068E-4 8.4893E-5 8.3381E-5 8.9981E-5 1.03936E-4 9.7305E-5 7.7612E-5 7.4859E-5 1.14284E-4 9.2947E-5 1.23153E-4 1.35768E-4 1.22992E-4 1.23812E-4 9.9966E-5 7.9206E-5 7.0953E-5 1.00981E-4 1.10925E-4 2.07198E-4 9.5326E-5 1.12145E-4 9.9542E-5 1.32544E-4 1.55175E-4 9.7841E-5 1.34085E-4 1.34603E-4 1.28843E-4 1.13995E-4 1.61185E-4 1.34475E-4 1.55838E-4 1.00429E-4 1.02118E-4 1.45344E-4 9.7942E-5 8.0392E-5 1.1901E-4 1.32031E-4 1.82479E-4 1.7867E-4 1.61661E-4 1.5971E-4 1.13322E-4 1.39898E-4 1.18402E-4 1.77058E-4 2.30416E-4 2.46067E-4 1.40924E-4 1.45004E-4 1.18527E-4 1.68641E-4 1.71249E-4 1.61072E-4 1.69934E-4 9.9117E-5 8.753E-5 1.27886E-4 1.34529E-4 1.59701E-4 1.29081E-4 9.3397E-5 1.00145E-4 9.4654E-5 1.17271E-4 1.09923E-4 1.72001E-4 1.52513E-4 1.20038E-4 1.04123E-4 1.4764E-4 1.8519E-4 1.08526E-4 1.08433E-4 8.8663E-5 1.11659E-4 8.215E-5 1.00505E-4 9.574E-5 9.7966E-5 9.3162E-5 8.9351E-5 1.2379E-4 1.10474E-4 9.4978E-5 8.3309E-5 1.16722E-4 1.0327E-4 9.3007E-5 1.10326E-4 8.1788E-5 9.6142E-5 7.0999E-5 1.09121E-4 8.9334E-5 1.10279E-4 9.9428E-5 1.28418E-4 2.22202E-4 1.13854E-4 8.7462E-5 1.09388E-4 1.10774E-4 1.12622E-4 9.8032E-5 1.33354E-4 1.27787E-4 1.0748E-4 1.16413E-4 1.24987E-4 1.26615E-4 2.5495E-4 1.78718E-4 1.33253E-4 1.06051E-4 1.9011E-4 2.54613E-4 1.75196E-4 1.30323E-4 1.56251E-4 1.6397E-4 1.15201E-4 1.26514E-4 1.25299E-4 1.14682E-4 1.23665E-4 1.02973E-4 1.22548E-4 1.1338E-4 1.18188E-4 1.11967E-4 1.20834E-4 9.6058E-5 1.21089E-4 1.10353E-4 8.9853E-5 9.5546E-5 1.1999E-4 1.31966E-4 1.16553E-4 1.05089E-4 1.08597E-4 1.54797E-4 1.59565E-4 1.31838E-4 1.63754E-4 1.38845E-4 1.40117E-4 1.25708E-4 1.15856E-4 1.22852E-4 1.01171E-4 1.52537E-4 1.99281E-4 1.18846E-4 1.03492E-4 1.43465E-4 1.08274E-4 1.02987E-4 1.5401E-4 1.16776E-4 1.05199E-4 2.09212E-4 1.57887E-4 1.48797E-4 1.01078E-4 1.04178E-4 1.33064E-4 1.5027E-4 1.27966E-4 1.34348E-4 1.19961E-4 9.6042E-5 1.27094E-4 1.34624E-4 1.54731E-4 1.60672E-4 1.25986E-4 1.04341E-4 9.6097E-5 1.1142E-4 9.8559E-5 1.29406E-4 1.18199E-4 1.13065E-4 8.5655E-5 1.18826E-4 1.03074E-4 1.06232E-4 1.21612E-4 8.4927E-5 1.00038E-4 7.8579E-5 1.22073E-4 9.0918E-5 1.10823E-4 9.4026E-5 7.6652E-5 1.11027E-4 9.2263E-5 1.13163E-4 1.04731E-4 1.11091E-4 1.44323E-4 1.02017E-4 1.10715E-4 1.78779E-4 1.62811E-4 3.07566E-4 2.12836E-4 1.7729E-4 1.25482E-4 9.9526E-5 7.767E-5 7.6001E-5 1.07975E-4 1.07519E-4 9.1181E-5 8.3602E-5 1.02715E-4 9.8489E-5 1.10262E-4 1.20836E-4 1.13441E-4 1.0627E-4 1.10303E-4 9.6933E-5 9.527E-5 1.09234E-4 1.46353E-4 1.14093E-4 7.8215E-5 1.30693E-4 2.58629E-4 1.99964E-4 2.1277E-4 1.25915E-4 1.05328E-4 1.12227E-4 1.03642E-4 1.08587E-4 8.2035E-5 1.45429E-4 1.55202E-4 1.1282E-4 1.50313E-4 8.796E-5 1.21664E-4 1.11272E-4 1.03521E-4 9.994E-5 8.0351E-5 1.07118E-4 9.5948E-5 1.1122E-4 9.0157E-5 9.8117E-5 1.10367E-4 1.05447E-4 1.18898E-4 1.00005E-4 9.11E-5 1.03127E-4 1.06527E-4 1.28133E-4 1.00629E-4 1.08298E-4 1.2334E-4 1.08116E-4 1.02653E-4 8.6146E-5 1.12658E-4 9.0469E-5 1.09766E-4 9.2084E-5 1.73534E-4 9.7388E-5 1.11823E-4 1.15866E-4 1.01262E-4 9.3089E-5 8.8977E-5 1.18884E-4 1.53826E-4 1.08617E-4 1.17983E-4 1.67566E-4 2.19237E-4 2.80515E-4 1.99273E-4 1.30603E-4 1.84229E-4 1.18967E-4 1.2564E-4 9.1918E-5 1.19867E-4 1.03461E-4 8.9901E-5 1.183E-4 1.05148E-4 9.4143E-5 1.23292E-4 1.16925E-4 1.06952E-4 1.27881E-4 1.179E-4 2.11794E-4 1.6316E-4 1.14998E-4 1.10706E-4 1.09368E-4 1.21621E-4 1.15754E-4 1.08932E-4 8.5252E-5 1.26479E-4 1.18249E-4 9.5676E-5 8.3368E-5 1.39291E-4 1.40162E-4 1.13339E-4 8.7648E-5 9.269E-5 1.01851E-4 1.11293E-4 9.1716E-5 8.8194E-5 9.9647E-5 1.82536E-4 1.25807E-4 9.4113E-5 9.3128E-5 1.37269E-4 9.6885E-5 8.1896E-5 9.0267E-5 1.06369E-4 1.03311E-4 1.05867E-4 1.04794E-4 9.3004E-5 1.27941E-4 1.07601E-4 8.792E-5 1.28099E-4 1.01366E-4 1.10299E-4 9.7433E-5 1.069E-4 1.34862E-4 1.72959E-4 1.93507E-4 2.9846E-4 2.23009E-4 2.15993E-4 1.52479E-4 1.12013E-4 1.05545E-4 1.3191E-4 9.6109E-5 9.9285E-5 1.30992E-4 9.9766E-5 1.37392E-4 1.08836E-4 1.09117E-4 1.44123E-4 1.14304E-4 1.01741E-4 1.15357E-4 1.38086E-4 9.4814E-5 1.8544E-4 1.05876E-4 1.65592E-4 1.50766E-4 1.65911E-4 2.13519E-4 1.07562E-4 9.0366E-5 7.6693E-5 1.12226E-4 1.53065E-4 1.07537E-4 9.8519E-5 1.48907E-4 1.19817E-4 1.0365E-4 1.21198E-4 8.2782E-5 1.06808E-4 8.1006E-5 1.06712E-4 1.0107E-4 1.15002E-4 9.5083E-5 9.137E-5 1.07129E-4 8.5793E-5 8.5404E-5 9.2096E-5 1.07043E-4 1.08187E-4 1.07347E-4 8.3444E-5 1.15833E-4 9.2409E-5 1.10596E-4 1.11589E-4 1.14655E-4 1.18571E-4 1.00708E-4 7.941E-5 7.1167E-5 1.04415E-4 1.12249E-4 1.07426E-4 1.00082E-4 1.19639E-4 9.7629E-5 1.14795E-4 1.12518E-4 1.32375E-4 1.4025E-4 1.24145E-4 9.4297E-5 1.15191E-4 1.01936E-4 1.15347E-4 1.09748E-4 9.4705E-5 1.0038E-4 1.38167E-4 1.01056E-4 9.158E-5 1.16963E-4 1.33166E-4 1.91757E-4 1.62861E-4 1.27163E-4 1.12575E-4 1.17637E-4 9.9919E-5 8.7155E-5 1.20024E-4 1.07598E-4 1.36888E-4 1.17466E-4 1.15743E-4 9.7254E-5 8.4803E-5 1.08205E-4 9.3256E-5 9.7316E-5 9.2538E-5 1.08023E-4 9.8176E-5 8.9452E-5 1.02652E-4 9.9033E-5 9.6361E-5 1.56895E-4 1.79416E-4 1.32879E-4 1.06451E-4 1.12486E-4 1.60708E-4 2.09056E-4 1.97952E-4 1.14766E-4 1.60822E-4 1.40084E-4 1.21048E-4 9.7937E-5 1.15192E-4 8.3662E-5 1.00937E-4 9.8079E-5 9.3564E-5 8.8017E-5 8.6071E-5 1.32982E-4 1.17437E-4 9.5847E-5 9.2013E-5 1.19427E-4 1.09642E-4 1.11113E-4 1.11941E-4 7.4929E-5 9.9879E-5 8.5277E-5 1.05313E-4 8.4516E-5 1.04235E-4 9.1509E-5 7.4254E-5 1.0034E-4 8.2967E-5 8.6148E-5 1.0058E-4 1.05493E-4 9.4933E-5 1.2412E-4 8.4538E-5 1.30213E-4 1.26965E-4 2.35033E-4 1.93917E-4 2.46447E-4 1.2239E-4 1.8937E-4 1.05436E-4 8.1153E-5 1.07176E-4 1.11697E-4 9.9043E-5 8.2048E-5 1.09876E-4 9.1156E-5 9.7663E-5 8.3916E-5 7.8455E-5 9.5901E-5 1.08185E-4 1.47499E-4 1.38339E-4 1.60751E-4 1.75129E-4 1.59433E-4 1.26213E-4 1.35653E-4 2.87402E-4 1.35233E-4 1.18796E-4 1.2136E-4 1.6115E-4 1.59819E-4 1.6287E-4 1.74238E-4 1.53572E-4 1.48861E-4 1.67507E-4 1.5134E-4 1.89431E-4 1.26096E-4 1.67499E-4 1.35389E-4 1.21742E-4 1.0806E-4 9.8088E-5 3.77281E-4 1.71955E-4 1.14525E-4 8.6437E-5 9.099E-5 1.03136E-4 1.56155E-4 1.73474E-4 1.44709E-4 1.40687E-4 1.61679E-4 1.53117E-4 1.84888E-4 1.48831E-4 1.56584E-4 2.00582E-4 1.72576E-4 1.41327E-4 1.31855E-4 1.12685E-4 1.18234E-4 1.86527E-4 1.46914E-4 1.79397E-4 1.28242E-4 1.59846E-4 1.58532E-4 1.59226E-4 1.38676E-4 9.5468E-5 1.35478E-4 2.01723E-4 1.1093E-4 1.10218E-4 1.61917E-4 1.14968E-4 1.05967E-4 1.98185E-4 1.04534E-4 1.19676E-4 1.14291E-4 1.15414E-4 1.4641E-4 1.41301E-4 9.9004E-5 8.2159E-5 1.19529E-4 1.28839E-4 1.42551E-4 1.17041E-4 1.07417E-4 1.10443E-4 9.1825E-5 8.0334E-5 1.41295E-4 1.80261E-4 1.52302E-4 1.20479E-4 1.08668E-4 1.15592E-4 1.32437E-4 1.27943E-4 7.1488E-5 1.00917E-4 1.0931E-4 9.9477E-5 7.6774E-5 1.00244E-4 9.755E-5 1.27304E-4 9.8271E-5 1.29791E-4 1.21254E-4 1.17602E-4 9.732E-5 9.9533E-5 9.7615E-5 1.02332E-4 9.4922E-5 7.7657E-5 7.9466E-5 1.09192E-4 7.9793E-5 8.2631E-5 7.28E-5 9.8592E-5 9.7641E-5 1.1096E-4 1.00724E-4 8.6619E-5 9.444E-5 1.01851E-4 8.3155E-5 1.06352E-4 8.4151E-5 1.16754E-4 1.07441E-4 1.16993E-4 2.03994E-4 2.18453E-4 1.2642E-4 9.5212E-5 9.7844E-5 7.8392E-5 8.1146E-5 9.4156E-5 1.01283E-4 1.54953E-4 1.54058E-4 1.46508E-4 1.03596E-4 9.2424E-5 1.04926E-4 9.2025E-5 9.2216E-5 1.06837E-4 1.58564E-4 1.41739E-4 1.24481E-4 1.45701E-4 1.16087E-4 1.12031E-4 8.727E-5 1.57217E-4 1.18816E-4 1.47216E-4 1.39285E-4 1.08605E-4 1.13899E-4 1.15324E-4 1.27074E-4 1.29578E-4 1.05595E-4 9.4363E-5 1.16124E-4 1.07789E-4 1.1309E-4 1.14265E-4 8.5732E-5 9.5458E-5 7.4837E-5 1.01755E-4 9.6333E-5 1.24067E-4 9.3593E-5 9.0612E-5 1.44211E-4 1.66895E-4 1.47233E-4 1.35164E-4 1.45114E-4 1.00045E-4 7.7425E-5 7.263E-5 1.08125E-4 9.179E-5 1.01819E-4 1.05294E-4 1.0443E-4 1.2587E-4 9.7194E-5 7.5745E-5 6.7386E-5 9.9694E-5 1.0721E-4 8.9622E-5 7.4559E-5 9.7433E-5 8.3954E-5 9.2827E-5 8.2469E-5 7.7256E-5 9.5248E-5 1.05148E-4 8.5758E-5 8.2474E-5 9.3482E-5 1.13441E-4 9.7471E-5 7.7686E-5 8.1823E-5 1.10978E-4 7.8832E-5 6.8803E-5 7.0949E-5 9.9124E-5 9.8235E-5 9.6956E-5 9.4432E-5 6.8885E-5 8.5885E-5 9.3757E-5 9.7052E-5 1.10088E-4 8.4269E-5 1.16039E-4 9.704E-5 8.3065E-5 9.501E-5 8.651E-5 1.13473E-4 9.4805E-5 9.4375E-5 7.6652E-5 8.9827E-5 9.1743E-5 8.7327E-5 1.17599E-4 8.8402E-5 8.8568E-5 9.5417E-5 1.03538E-4 1.2631E-4 2.45314E-4 1.17882E-4 1.28581E-4 1.12147E-4 1.13409E-4 1.16306E-4 1.30017E-4 1.20194E-4 1.17828E-4 8.6336E-5 2.76821E-4 8.6611E-5 1.28643E-4 1.18983E-4 1.14109E-4 1.61137E-4 1.00479E-4 1.30536E-4 1.65236E-4 3.11738E-4 1.45678E-4 1.29819E-4 1.14423E-4 1.26105E-4 1.17345E-4 8.2963E-5 1.01271E-4 8.7254E-5 1.20782E-4 1.11491E-4 1.61689E-4 1.09745E-4 1.03748E-4 1.61018E-4 1.39456E-4 1.69714E-4 1.12613E-4 1.08721E-4 1.04078E-4 8.5722E-5 7.567E-5 1.0984E-4 1.52354E-4 1.53562E-4 1.52023E-4 1.12786E-4 1.18564E-4 9.3512E-5 7.596E-5 6.6873E-5 1.11688E-4 1.21304E-4 8.8338E-5 7.574E-5 1.01404E-4 8.7786E-5 9.5705E-5 9.996E-5 1.03641E-4 1.76899E-4 1.30881E-4 9.0011E-5 8.5438E-5 9.3442E-5 1.03337E-4 1.22103E-4 1.10104E-4 1.6246E-4 1.27091E-4 8.5275E-5 7.9242E-5 9.7351E-5 1.57036E-4 1.34036E-4 1.09707E-4 1.09049E-4 1.41396E-4 1.08112E-4 1.39307E-4 1.2512E-4 1.38594E-4 1.2631E-4 1.26441E-4 1.02916E-4 1.11038E-4 1.07459E-4 8.4563E-5 1.08391E-4 1.08354E-4 9.9738E-5 8.0373E-5 9.3861E-5 1.03655E-4 9.299E-5 1.04455E-4 8.7465E-5 9.7246E-5 9.8095E-5 9.3309E-5 1.07499E-4 9.0076E-5 9.3135E-5 1.10737E-4 1.13044E-4 1.07581E-4 9.4096E-5 1.06547E-4 1.08845E-4 1.0737E-4 9.1983E-5 1.15105E-4 1.01765E-4 1.18461E-4 1.04766E-4 9.5067E-5 8.8156E-5 7.6623E-5 1.11911E-4 1.02706E-4 8.8971E-5 7.9029E-5 1.12939E-4 1.03064E-4 8.9619E-5 1.06711E-4 7.3965E-5 9.1E-5 7.3681E-5 1.03888E-4 8.2969E-5 1.0337E-4 9.9587E-5 8.4364E-5 1.22631E-4 1.39E-4 2.26599E-4 1.12597E-4 1.23681E-4 1.39138E-4 9.594E-5 1.01037E-4 1.43517E-4 1.05954E-4 1.25788E-4 1.90544E-4 1.54077E-4 1.36307E-4 2.18188E-4 2.61257E-4 1.97686E-4 1.16997E-4 1.28087E-4 9.3985E-5 9.2211E-5 1.07371E-4 1.02276E-4 1.01685E-4 9.0568E-5 8.2568E-5 1.45561E-4 2.66047E-4 1.34902E-4 1.01181E-4 1.07295E-4 1.13241E-4 1.01697E-4 9.6991E-5 9.213E-5 1.23361E-4 9.2481E-5 8.3686E-5 8.6961E-5 1.10488E-4 1.07347E-4 1.09293E-4 9.5112E-5 1.08641E-4 1.04846E-4 1.35297E-4 1.65964E-4 1.30553E-4 1.093E-4 1.28316E-4 1.67428E-4 1.32418E-4 1.76395E-4 1.91722E-4 1.68011E-4 1.14204E-4 2.42888E-4 2.21894E-4 1.13688E-4 1.09575E-4 9.6188E-5 1.11776E-4 1.30516E-4 1.17622E-4 1.15715E-4 1.03561E-4 1.52165E-4 2.11146E-4 3.07858E-4 1.83542E-4 1.16468E-4 1.16091E-4 1.14293E-4 1.27687E-4 1.14215E-4 1.3625E-4 1.18434E-4 1.096E-4 8.4706E-5 1.11515E-4 1.57511E-4 1.41328E-4 1.0635E-4 8.0974E-5 1.14668E-4 1.05977E-4 1.15415E-4 1.09215E-4 1.47137E-4 1.39846E-4 2.15755E-4 1.19217E-4 8.5007E-5 1.44997E-4 1.13214E-4 1.12728E-4 9.8701E-5 1.15545E-4 9.1149E-5 7.2151E-5 1.01585E-4 9.9072E-5 8.7289E-5 9.4087E-5 9.9806E-5 1.05091E-4 1.11499E-4 1.17805E-4 1.24478E-4 1.26161E-4 3.70023E-4 3.75668E-4 3.22114E-4 2.65567E-4 2.2716E-4 1.51245E-4 1.27226E-4 1.85337E-4 1.88824E-4 1.57857E-4 1.26291E-4 1.80021E-4 1.49705E-4 1.46517E-4 1.4287E-4 1.4241E-4 2.25991E-4 1.79753E-4 1.60374E-4 5.32935E-4 2.07889E-4 1.77094E-4 1.73191E-4 1.23259E-4 1.40138E-4 1.75843E-4 1.22553E-4 9.6059E-5 1.10144E-4 1.12594E-4 1.10024E-4 1.0171E-4 9.3365E-5 8.2377E-5 1.00272E-4 1.11472E-4 8.7032E-5 1.08179E-4 7.6508E-5 1.59009E-4 1.59786E-4 1.34043E-4 1.56285E-4 1.24107E-4 1.6821E-4 1.52313E-4 1.5828E-4 1.20746E-4 8.5169E-5 1.78866E-4 1.44718E-4 1.1518E-4 9.9009E-5 1.13127E-4 1.0782E-4 1.60601E-4 1.43876E-4 1.06493E-4 1.0682E-4 2.19755E-4 1.66963E-4 1.48488E-4 1.40621E-4 1.62649E-4 1.30435E-4 1.70707E-4 1.3554E-4 1.75119E-4 1.35648E-4 1.65857E-4 1.48339E-4 1.42647E-4 1.45232E-4 1.25949E-4 1.47004E-4 1.51008E-4 1.39932E-4 1.3254E-4 1.80888E-4 1.81396E-4 1.93415E-4 1.71939E-4 1.23402E-4 1.46248E-4 2.01176E-4 1.93584E-4 1.6207E-4 1.28433E-4 1.69951E-4 1.34651E-4 1.47166E-4 3.20412E-4 2.61697E-4 1.12076E-4 1.25336E-4 2.31974E-4 1.50678E-4 1.03943E-4 1.74518E-4 1.70322E-4 4.78173E-4 2.06875E-4 8.82474E-4 2.37365E-4 1.27254E-4 9.5985E-5 8.0171E-5 1.28912E-4 1.74877E-4 1.28598E-4 1.62845E-4 1.67486E-4 1.15955E-4 1.03114E-4 1.74537E-4 1.16032E-4 1.27905E-4 2.69666E-4 1.22071E-4 1.06294E-4 1.1604E-4 1.37504E-4 1.06186E-4 8.4567E-5 8.3343E-5 1.33252E-4 1.2186E-4 1.01022E-4 1.0716E-4 1.20849E-4 1.07073E-4 1.01755E-4 8.8834E-5 9.0218E-5 9.3253E-5 1.2229E-4 8.7541E-5 1.10284E-4 9.1358E-5 1.22726E-4 1.01086E-4 9.1039E-5 1.07435E-4 8.1915E-5 1.2095E-4 1.47215E-4 1.2868E-4 7.8942E-5 8.4025E-5 1.05603E-4 8.7924E-5 1.02755E-4 9.4855E-5 1.38692E-4 9.8498E-5 9.0375E-5 1.80211E-4 1.56851E-4 2.26816E-4 2.74145E-4 1.98997E-4 1.04545E-4 9.7874E-5 1.06551E-4 8.001E-5 1.023E-4 9.5205E-5 1.16026E-4 9.1468E-5 1.06695E-4 1.08115E-4 9.8143E-5 9.6439E-5 9.0736E-5 1.17371E-4 1.06826E-4 1.02742E-4 9.4757E-5 1.24757E-4 1.16884E-4 1.05634E-4 1.21728E-4 8.2551E-5 9.4493E-5 8.9836E-5 1.06208E-4 8.587E-5 1.02607E-4 8.4837E-5 7.3021E-5 1.65177E-4 1.29708E-4 1.49628E-4 1.16797E-4 3.01269E-4 1.69314E-4 1.1007E-4 9.2623E-5 1.2994E-4 1.0667E-4 1.45514E-4 1.56645E-4 1.81773E-4 1.505E-4 1.03815E-4 8.8578E-5 1.34893E-4 1.82231E-4 1.29436E-4 9.8289E-5 8.6928E-5 1.22912E-4 1.03104E-4 1.12158E-4 1.50737E-4 9.5564E-5 1.14578E-4 1.51051E-4 3.58901E-4 2.07618E-4 1.58782E-4 1.68352E-4 2.05258E-4 1.49605E-4 1.31613E-4 1.25283E-4 9.6468E-5 9.1683E-5 8.2572E-5 1.07086E-4 1.06781E-4 1.19516E-4 1.20768E-4 8.8445E-5 9.4257E-5 1.00081E-4 8.5616E-5 1.09089E-4 8.2663E-5 1.29444E-4 1.0054E-4 9.5416E-5 1.03561E-4 8.2705E-5 1.10534E-4 1.06556E-4 1.1671E-4 9.3801E-5 8.5393E-5 9.4494E-5 8.7331E-5 1.11037E-4 9.8266E-5 1.3917E-4 1.16375E-4 1.19323E-4 1.2359E-4 1.0366E-4 9.6967E-5 1.42888E-4 1.52667E-4 9.9692E-5 9.8052E-5 1.0695E-4 8.0342E-5 1.08802E-4 8.6725E-5 1.08808E-4 8.2172E-5 1.14944E-4 1.43712E-4 1.16307E-4 1.17986E-4 8.7581E-5 1.19364E-4 1.25819E-4 9.5999E-5 8.1994E-5 1.16275E-4 1.06096E-4 9.2577E-5 1.12222E-4 7.7953E-5 1.01992E-4 7.9273E-5 1.15752E-4 9.1392E-5 1.06958E-4 8.8697E-5 7.5853E-5 1.04145E-4 8.4216E-5 8.4512E-5 9.2598E-5 1.06034E-4 1.30532E-4 8.9658E-5 8.4315E-5 1.27265E-4 9.827E-5 1.12573E-4 1.26411E-4 1.24041E-4 1.26596E-4 9.6695E-5 9.0271E-5 7.469E-5 1.15396E-4 1.23159E-4 1.02827E-4 9.4223E-5 1.14495E-4 1.029E-4 9.8548E-5 9.8193E-5 8.6556E-5 1.01928E-4 1.13203E-4 9.1182E-5 8.9488E-5 1.0002E-4 1.09695E-4 9.8017E-5 8.1814E-5 8.4024E-5 1.44411E-4 9.9109E-5 8.0018E-5 8.5862E-5 1.07799E-4 1.37756E-4 1.0789E-4 9.6115E-5 1.0375E-4 1.22268E-4 1.08683E-4 1.05868E-4 1.24414E-4 9.1203E-5 1.16686E-4 1.50227E-4 1.00614E-4 1.04417E-4 9.1411E-5 1.39346E-4 1.12206E-4 1.15838E-4 8.9029E-5 1.51923E-4 1.96756E-4 1.87125E-4 1.14022E-4 9.0737E-5 8.9706E-5 2.59422E-4 1.14159E-4 1.2548E-4 1.0541E-4 1.19948E-4 1.91094E-4 1.72957E-4 1.3462E-4 1.45953E-4 1.16622E-4 8.1436E-5 1.79612E-4 1.0313E-4 1.13293E-4 8.7804E-5 1.26722E-4 1.32324E-4 1.28983E-4 9.7235E-5 1.28547E-4 1.70551E-4 1.58867E-4 1.98946E-4 1.18701E-4 1.2502E-4 1.05609E-4 9.4767E-5 1.33655E-4 9.5361E-5 1.05525E-4 9.5233E-5 1.27912E-4 1.01637E-4 1.10498E-4 1.15931E-4 1.264E-4 1.45179E-4 1.07835E-4 9.3632E-5 9.6359E-5 1.07565E-4 1.1405E-4 8.9625E-5 8.4883E-5 1.20324E-4 1.00824E-4 1.43423E-4 1.36464E-4 1.35039E-4 1.32038E-4 9.9107E-5 8.0163E-5 7.2328E-5 1.08117E-4 1.16807E-4 9.0387E-5 7.7615E-5 1.00085E-4 9.0519E-5 9.1307E-5 9.1626E-5 1.07199E-4 1.12401E-4 1.26433E-4 9.1817E-5 9.5124E-5 1.03346E-4 1.20605E-4 1.00079E-4 8.5417E-5 9.8118E-5 1.23561E-4 1.08348E-4 1.29693E-4 9.1079E-5 1.22206E-4 1.21103E-4 1.53901E-4 1.40515E-4 1.07368E-4 1.09716E-4 1.07963E-4 9.9826E-5 1.13264E-4 8.0153E-5 1.11516E-4 1.00188E-4 9.2394E-5 1.1551E-4 9.3437E-5 1.21722E-4 1.14677E-4 1.12657E-4 8.6108E-5 9.497E-5 1.07076E-4 1.47976E-4 1.82725E-4 2.02579E-4 2.09889E-4 1.99039E-4 1.23123E-4 1.7128E-4 1.40178E-4 1.72519E-4 1.83474E-4 3.62181E-4 1.82355E-4 1.78154E-4 1.72259E-4 1.96258E-4 1.36077E-4 9.3517E-5 1.242E-4 1.07727E-4 1.35174E-4 1.14153E-4 1.08321E-4 1.39373E-4 1.00993E-4 1.51603E-4 1.6177E-4 1.32843E-4 1.81549E-4 1.62091E-4 1.34826E-4 1.12628E-4 1.45135E-4 9.4246E-5 1.05875E-4 1.06809E-4 1.96934E-4 1.35093E-4 1.42322E-4 1.06299E-4 1.02333E-4 1.3301E-4 1.31909E-4 1.007E-4 1.41083E-4 2.1486E-4 1.83907E-4 1.03164E-4 9.1159E-5 1.28132E-4 1.20973E-4 1.31888E-4 1.29366E-4 1.19425E-4 1.42335E-4 9.7703E-5 9.4088E-5 7.6298E-5 1.3526E-4 1.43969E-4 1.07845E-4 8.2092E-5 1.0428E-4 1.06995E-4 9.1951E-5 8.7617E-5 8.2008E-5 1.08511E-4 1.16835E-4 1.01159E-4 1.01097E-4 1.18054E-4 1.19621E-4 1.00211E-4 7.9573E-5 8.228E-5 1.14552E-4 9.9544E-5 7.9644E-5 7.925E-5 1.06055E-4 1.01241E-4 9.8546E-5 9.0625E-5 8.511E-5 9.234E-5 1.25829E-4 1.09097E-4 1.09205E-4 7.6703E-5 1.07699E-4 1.17118E-4 1.20476E-4 2.35756E-4 1.59208E-4 1.57412E-4 1.17916E-4 1.32173E-4 8.6505E-5 9.0734E-5 1.12577E-4 9.99E-5 1.25287E-4 9.9744E-5 9.0037E-5 1.01622E-4 9.449E-5 1.12843E-4 9.2203E-5 1.01986E-4 1.20003E-4 1.04539E-4 9.7823E-5 8.5847E-5 1.01471E-4 7.8692E-5 9.9868E-5 8.5505E-5 1.10316E-4 8.1709E-5 1.15631E-4 9.4251E-5 9.1886E-5 8.5893E-5 8.8367E-5 1.44111E-4 1.66549E-4 1.05185E-4 9.4501E-5 1.20079E-4 1.08244E-4 1.49086E-4 1.27681E-4 9.7826E-5 9.9071E-5 8.627E-5 1.27179E-4 1.01979E-4 1.17571E-4 1.08463E-4 8.6712E-5 1.19339E-4 9.2216E-5 9.4886E-5 9.6052E-5 1.25982E-4 2.10583E-4 1.8882E-4 1.9212E-4 1.30011E-4 9.8141E-5 1.13121E-4 1.16154E-4 1.15855E-4 1.35345E-4 1.00122E-4 7.9256E-5 7.275E-5 1.04065E-4 1.12733E-4 1.05224E-4 8.9238E-5 1.08882E-4 9.4246E-5 9.1627E-5 9.6735E-5 8.9314E-5 1.13851E-4 1.15879E-4 9.3602E-5 8.6594E-5 9.8924E-5 1.17286E-4 1.07532E-4 1.02839E-4 9.0446E-5 1.51673E-4 1.01129E-4 7.8349E-5 8.261E-5 1.28239E-4 1.82537E-4 1.79485E-4 1.71566E-4 8.3435E-5 1.01263E-4 1.04105E-4 8.9032E-5 1.10909E-4 8.1711E-5 1.20274E-4 1.08409E-4 1.51863E-4 1.38338E-4 1.10509E-4 1.45501E-4 1.16012E-4 1.34017E-4 1.11372E-4 1.25119E-4 2.27552E-4 1.12661E-4 1.1598E-4 1.22312E-4 1.22355E-4 1.04966E-4 9.5491E-5 1.10813E-4 9.2886E-5 8.924E-5 1.15971E-4 1.05337E-4 9.9737E-5 8.7995E-5 1.25366E-4 9.4795E-5 1.17189E-4 9.8055E-5 1.23753E-4 9.1008E-5 1.05816E-4 1.00219E-4 9.3236E-5 9.4568E-5 8.1154E-5 1.25639E-4 1.09962E-4 9.5564E-5 8.3115E-5 1.3449E-4 1.14677E-4 9.532E-5 1.2376E-4 8.3479E-5 8.4739E-5 7.467E-5 1.08579E-4 8.7228E-5 1.03915E-4 9.2182E-5 9.6936E-5 1.08758E-4 9.3742E-5 8.9436E-5 1.03209E-4 1.04189E-4 1.03041E-4 8.88E-5 8.577E-5 1.36726E-4 1.80433E-4 2.11319E-4 2.26904E-4 1.28349E-4 1.2655E-4 9.3278E-5 7.8486E-5 7.736E-5 1.01741E-4 1.18275E-4 9.8607E-5 9.3608E-5 1.12833E-4 9.1864E-5 8.7475E-5 8.4299E-5 9.241E-5 1.00366E-4 1.0916E-4 8.6911E-5 8.4714E-5 9.4827E-5 1.00152E-4 9.0553E-5 8.0231E-5 7.9515E-5 1.10304E-4 8.0661E-5 7.0104E-5 7.2825E-5 9.7295E-5 1.01421E-4 9.5414E-5 8.5316E-5 8.2519E-5 9.1718E-5 1.73242E-4 1.25847E-4 1.17446E-4 1.16659E-4 1.22504E-4 1.06182E-4 8.5126E-5 9.4904E-5 7.9784E-5 1.04816E-4 9.4802E-5 9.4387E-5 7.2829E-5 8.0491E-5 9.2102E-5 8.4477E-5 9.8297E-5 8.2588E-5 8.2993E-5 9.4399E-5 8.8897E-5 1.07906E-4 8.8959E-5 8.285E-5 1.09609E-4 1.00928E-4 9.3509E-5 8.1189E-5 9.7166E-5 8.6879E-5 1.03268E-4 8.4096E-5 1.07467E-4 7.8954E-5 1.03527E-4 9.4356E-5 8.8488E-5 8.7058E-5 7.5413E-5 1.15076E-4 1.09832E-4 9.5414E-5 9.4102E-5 1.19461E-4 1.33869E-4 2.32172E-4 1.23488E-4 8.631E-5 1.07581E-4 1.02124E-4 1.43376E-4 1.07549E-4 1.17923E-4 9.8712E-5 7.8777E-5 1.15152E-4 9.4019E-5 8.9162E-5 1.10245E-4 1.13004E-4 9.9238E-5 7.95E-5 1.27129E-4 1.25728E-4 1.08012E-4 1.42303E-4 1.95878E-4 2.40049E-4 2.04204E-4 1.07823E-4 8.39E-5 7.1467E-5 1.06597E-4 1.13207E-4 8.8725E-5 7.4928E-5 1.46145E-4 9.5339E-5 1.06478E-4 1.03435E-4 8.5208E-5 1.1502E-4 1.29286E-4 9.2326E-5 8.6766E-5 1.10341E-4 2.02365E-4 1.28476E-4 1.1228E-4 9.64E-5 1.20508E-4 9.4541E-5 7.5405E-5 7.9792E-5 1.15573E-4 1.05214E-4 9.8412E-5 8.8961E-5 8.6572E-5 1.11302E-4 1.20356E-4 1.28351E-4 1.27685E-4 7.8491E-5 1.22229E-4 1.10882E-4 8.893E-5 9.6683E-5 8.4873E-5 1.22762E-4 1.23644E-4 9.7519E-5 7.4642E-5 8.3391E-5 9.9206E-5 1.13061E-4 1.17593E-4 8.7673E-5 8.8177E-5 9.751E-5 9.2642E-5 1.11247E-4 9.0814E-5 9.7859E-5 1.18527E-4 1.50642E-4 1.60871E-4 1.39811E-4 1.16901E-4 8.325E-5 1.03734E-4 8.9686E-5 1.11696E-4 8.2424E-5 1.03192E-4 9.6346E-5 9.0694E-5 9.0015E-5 9.3517E-5 1.19072E-4 1.08538E-4 9.9514E-5 8.0521E-5 1.15407E-4 1.085E-4 9.3096E-5 1.08811E-4 7.6285E-5 8.4179E-5 8.8777E-5 1.11465E-4 9.2824E-5 1.1845E-4 9.0431E-5 7.5806E-5 1.08789E-4 1.02856E-4 1.16251E-4 1.54728E-4 1.5675E-4 1.29933E-4 9.4373E-5 8.1437E-5 2.03043E-4 9.5062E-5 1.20705E-4 1.13872E-4 1.13692E-4 1.26761E-4 1.02227E-4 8.7342E-5 7.8818E-5 1.13517E-4 1.19527E-4 9.1812E-5 8.6896E-5 1.11248E-4 1.00318E-4 9.2409E-5 8.7752E-5 8.0641E-5 1.00483E-4 1.10423E-4 8.8058E-5 8.6724E-5 1.14824E-4 1.37298E-4 1.03789E-4 8.2012E-5 8.2321E-5 1.27839E-4 8.4781E-5 7.3351E-5 7.4448E-5 9.7308E-5 1.05825E-4 9.3913E-5 8.8614E-5 7.5519E-5 9.1927E-5 9.8529E-5 8.4457E-5 1.09405E-4 7.6403E-5 1.10594E-4 9.7677E-5 9.2967E-5 9.5384E-5 8.1619E-5 1.09518E-4 9.7818E-5 9.5103E-5 7.0658E-5 8.3246E-5 9.7153E-5 9.9647E-5 1.1092E-4 1.03664E-4 1.10922E-4 1.10783E-4 1.21477E-4 2.23519E-4 1.24051E-4 9.515E-5 1.32778E-4 1.16099E-4 1.06042E-4 9.1772E-5 1.06367E-4 9.3713E-5 1.14137E-4 8.6361E-5 1.30113E-4 9.0704E-5 1.03647E-4 9.9805E-5 1.03733E-4 1.13429E-4 9.109E-5 2.63655E-4 1.39343E-4 1.63155E-4 1.32427E-4 1.4909E-4 1.26297E-4 1.08834E-4 1.25666E-4 8.7147E-5 1.06861E-4 9.1104E-5 2.27867E-4 1.10703E-4 1.2867E-4 1.12779E-4 9.2092E-5 1.19854E-4 9.2477E-5 1.00006E-4 1.27075E-4 1.10596E-4 1.10083E-4 8.0861E-5 7.6771E-5 1.14238E-4 9.2991E-5 1.19889E-4 1.26999E-4 1.22168E-4 1.16768E-4 9.5474E-5 7.8217E-5 7.0522E-5 1.07694E-4 1.37195E-4 1.15447E-4 8.7366E-5 1.03463E-4 1.03288E-4 9.2042E-5 8.7723E-5 8.5626E-5 1.15885E-4 1.42897E-4 8.8757E-5 1.06571E-4 1.24209E-4 1.02911E-4 9.612E-5 8.1737E-5 1.01194E-4 1.19731E-4 8.3433E-5 7.2857E-5 7.5503E-5 9.7923E-5 1.02895E-4 1.26726E-4 1.36774E-4 1.31583E-4 1.59814E-4 1.10458E-4 1.0304E-4 1.18433E-4 8.2884E-5 1.18354E-4 1.24407E-4 1.0196E-4 1.06332E-4 9.2315E-5 1.25505E-4 1.3466E-4 1.3457E-4 7.6392E-5 8.4575E-5 1.08519E-4 1.10656E-4 1.072E-4 9.7197E-5 1.36409E-4 1.12917E-4 1.09441E-4 1.2293E-4 1.06024E-4 9.6363E-5 1.29781E-4 1.25627E-4 1.0602E-4 8.5909E-5 1.01719E-4 9.2434E-5 1.59819E-4 1.51926E-4 1.28195E-4 9.3584E-5 1.13587E-4 1.17264E-4 1.00257E-4 1.0006E-4 9.0383E-5 2.05469E-4 1.40196E-4 1.64626E-4 1.35208E-4 1.85617E-4 1.73862E-4 1.42533E-4 1.78176E-4 1.20694E-4 1.41403E-4 1.06733E-4 1.66565E-4 1.32388E-4 1.74624E-4 1.46424E-4 1.12066E-4 1.69889E-4 9.704E-5 9.404E-5 9.6523E-5 1.06941E-4 1.0002E-4 9.052E-5 8.1688E-5 1.17614E-4 1.26929E-4 1.50339E-4 1.22937E-4 1.29028E-4 1.62547E-4 1.44775E-4 1.02736E-4 1.1325E-4 1.31324E-4 1.28954E-4 1.10307E-4 1.64674E-4 1.24761E-4 1.14432E-4 1.05207E-4 1.17222E-4 1.05768E-4 1.62485E-4 1.28037E-4 9.5488E-5 1.03749E-4 1.32621E-4 1.05039E-4 1.36046E-4 9.6229E-5 8.7935E-5 1.23041E-4 9.9766E-5 1.20287E-4 1.40689E-4 1.4711E-4 1.63949E-4 1.83481E-4 1.19184E-4 1.14938E-4 9.6368E-5 1.24055E-4 9.9249E-5 1.26556E-4 8.4111E-5 1.22267E-4 1.01865E-4 8.358E-5 1.40593E-4 1.00054E-4 1.13168E-4 9.9643E-5 9.5087E-5 7.4144E-5 8.7917E-5 9.9116E-5 8.7417E-5 1.09219E-4 8.9051E-5 8.6185E-5 9.6915E-5 9.3457E-5 1.07656E-4 8.9739E-5 1.03411E-4 1.17126E-4 1.07609E-4 1.15998E-4 1.0913E-4 1.2153E-4 7.9643E-5 1.0215E-4 8.4751E-5 1.0951E-4 8.0838E-5 1.02776E-4 1.16335E-4 9.0901E-5 9.082E-5 7.7602E-5 1.21332E-4 1.09767E-4 9.4123E-5 8.165E-5 1.2927E-4 1.40084E-4 1.08906E-4 1.13094E-4 7.2551E-5 8.3102E-5 8.8198E-5 1.14466E-4 1.38815E-4 1.27662E-4 1.71127E-4 9.3732E-5 1.1757E-4 9.4482E-5 8.7214E-5 9.1996E-5 1.03762E-4 1.07906E-4 8.3936E-5 7.7612E-5 1.1448E-4 9.2657E-5 1.04764E-4 1.12227E-4 1.12021E-4 1.15243E-4 9.3661E-5 7.5033E-5 6.7825E-5 1.0078E-4 1.27667E-4 1.03163E-4 9.1777E-5 1.11996E-4 9.9071E-5 8.9796E-5 9.623E-5 8.3292E-5 1.01473E-4 1.11498E-4 9.2904E-5 1.0495E-4 1.21033E-4 1.10965E-4 1.06943E-4 9.5588E-5 1.01733E-4 1.26562E-4 9.1323E-5 7.5991E-5 7.7412E-5 9.4335E-5 1.03411E-4 9.1897E-5 8.8325E-5 7.1687E-5 9.4074E-5 1.09509E-4 9.8643E-5 1.18308E-4 8.3432E-5 1.17495E-4 1.15713E-4 9.3703E-5 9.5821E-5 8.8358E-5 1.54279E-4 1.12149E-4 9.2714E-5 7.32E-5 9.0715E-5 9.6736E-5 9.3162E-5 1.07841E-4 9.165E-5 1.01945E-4 1.39412E-4 1.20536E-4 1.19514E-4 1.14061E-4 1.54728E-4 2.26286E-4 1.55532E-4 1.09209E-4 1.09634E-4 1.4236E-4 1.04714E-4 1.1353E-4 9.5247E-5 1.43879E-4 1.29608E-4 1.51844E-4 1.04497E-4 1.02195E-4 1.09654E-4 8.3688E-5 1.18252E-4 1.21749E-4 1.04261E-4 8.8794E-5 3.46086E-4 1.96029E-4 1.02584E-4 1.30595E-4 8.8014E-5 8.9848E-5 1.04604E-4 1.42798E-4 1.06905E-4 1.11176E-4 9.6519E-5 7.6591E-5 1.06999E-4 8.9461E-5 9.0081E-5 9.8715E-5 1.08248E-4 1.36913E-4 9.1209E-5 9.3523E-5 1.40686E-4 1.66064E-4 1.27844E-4 1.16348E-4 1.25036E-4 1.31269E-4 1.03811E-4 8.241E-5 7.2679E-5 1.04979E-4 1.42356E-4 1.08104E-4 8.8924E-5 1.08583E-4 1.17001E-4 9.6335E-5 9.2728E-5 8.294E-5 1.0708E-4 1.16093E-4 8.4311E-5 9.0739E-5 1.15228E-4 6.6378E-5 1.33764E-4 9.721E-5 9.5391E-5 1.29008E-4 9.3456E-5 9.0208E-5 8.7617E-5 1.06786E-4 1.22811E-4 1.02221E-4 1.03049E-4 8.708E-5 9.6151E-5 1.07859E-4 9.9542E-5 1.46972E-4 9.7497E-5 1.28367E-4 1.09987E-4 9.5001E-5 9.078E-5 8.09E-5 1.06639E-4 9.7893E-5 8.9437E-5 8.9106E-5 8.6551E-5 9.8975E-5 8.7408E-5 1.03573E-4 9.8041E-5 9.5767E-5 1.07049E-4 1.04625E-4 1.15314E-4 9.17E-5 8.6191E-5 1.12722E-4 1.03628E-4 9.7277E-5 9.5517E-5 1.04901E-4 8.1869E-5 1.07126E-4 8.8476E-5 1.08989E-4 8.1879E-5 1.18496E-4 1.04598E-4 9.1386E-5 9.1399E-5 8.0368E-5 1.30373E-4 1.87662E-4 1.04954E-4 8.7414E-5 1.28573E-4 1.65666E-4 1.01276E-4 1.66508E-4 1.01517E-4 9.5505E-5 7.5422E-5 1.10767E-4 8.892E-5 1.0523E-4 8.8446E-5 7.4897E-5 1.38519E-4 9.4447E-5 1.02632E-4 1.00665E-4 1.30279E-4 1.1583E-4 9.025E-5 9.8748E-5 1.2547E-4 1.05364E-4 1.23982E-4 1.25861E-4 1.12805E-4 1.30533E-4 1.00715E-4 8.828E-5 7.1568E-5 1.03798E-4 1.12001E-4 9.5146E-5 8.1085E-5 1.05364E-4 1.27492E-4 1.1372E-4 9.0146E-5 8.2877E-5 9.8675E-5 1.11142E-4 8.3497E-5 9.8241E-5 1.16713E-4 1.02755E-4 9.6698E-5 8.3069E-5 8.5275E-5 1.30014E-4 1.05435E-4 9.5883E-5 8.093E-5 9.6672E-5 1.13204E-4 9.8171E-5 1.07142E-4 1.46914E-4 1.37827E-4 1.12613E-4 1.0053E-4 1.15715E-4 1.14284E-4 1.26725E-4 9.9138E-5 8.129E-5 8.8186E-5 7.9717E-5 1.08135E-4 9.77E-5 8.9325E-5 6.9544E-5 8.3889E-5 1.01042E-4 8.9165E-5 1.02818E-4 8.8996E-5 8.7141E-5 1.08586E-4 9.8341E-5 1.2612E-4 1.05999E-4 8.9216E-5 1.23215E-4 1.14421E-4 1.13531E-4 8.7295E-5 1.06297E-4 8.0326E-5 1.03123E-4 8.4352E-5 1.11559E-4 9.1433E-5 1.17219E-4 1.04953E-4 9.8955E-5 1.61544E-4 1.27642E-4 1.37601E-4 1.56118E-4 1.3803E-4 1.50901E-4 2.10584E-4 1.51636E-4 1.12171E-4 1.22005E-4 8.2583E-5 9.5103E-5 7.8939E-5 1.09327E-4 9.7106E-5 1.11247E-4 9.1207E-5 7.6487E-5 1.04874E-4 9.6022E-5 8.732E-5 9.373E-5 1.02253E-4 9.9929E-5 8.0005E-5 7.5551E-5 1.12162E-4 9.1488E-5 1.07176E-4 1.10066E-4 1.10454E-4 1.14113E-4 1.00268E-4 8.2193E-5 7.4622E-5 1.35859E-4 1.21834E-4 1.01553E-4 8.6506E-5 1.11257E-4 1.00227E-4 9.3062E-5 9.7564E-5 8.7708E-5 1.50146E-4 1.30562E-4 9.6E-5 1.10769E-4 1.63326E-4 1.39978E-4 1.08581E-4 1.10395E-4 1.00511E-4 1.47117E-4 9.8935E-5 8.3114E-5 1.03923E-4 1.13029E-4 1.08803E-4 1.02169E-4 1.03376E-4 1.53403E-4 2.28882E-4 1.32176E-4 1.03209E-4 1.18972E-4 1.02968E-4 1.26201E-4 1.22512E-4 9.5857E-5 1.05805E-4 1.02056E-4 1.16216E-4 9.9759E-5 9.2005E-5 1.22062E-4 1.1628E-4 1.3796E-4 1.17353E-4 1.14956E-4 8.926E-5 8.8474E-5 1.27165E-4 1.42329E-4 1.22754E-4 9.6171E-5 1.02325E-4 1.29645E-4 1.82819E-4 1.29076E-4 1.06336E-4 1.23196E-4 1.11137E-4 1.20291E-4 1.07471E-4 1.11772E-4 1.00018E-4 1.4176E-4 1.08647E-4 8.7402E-5 9.2105E-5 8.0204E-5 1.15321E-4 1.07149E-4 9.4797E-5 8.0552E-5 1.17094E-4 1.37852E-4 1.17721E-4 1.33604E-4 8.9363E-5 1.0049E-4 7.8702E-5 1.07948E-4 9.659E-5 1.0912E-4 8.806E-5 8.8198E-5 1.42557E-4 1.11049E-4 9.3414E-5 9.5559E-5 1.03494E-4 1.02283E-4 8.1206E-5 7.7903E-5 1.20984E-4 9.4708E-5 1.09221E-4 1.16131E-4 1.29554E-4 1.18179E-4 9.2767E-5 1.34102E-4 1.72934E-4 2.62126E-4 1.22332E-4 9.285E-5 8.0413E-5 1.03062E-4 1.04528E-4 9.7662E-5 9.7306E-5 9.2443E-5 1.10844E-4 1.95321E-4 2.00351E-4 2.01454E-4 1.83648E-4 2.25086E-4 1.8935E-4 1.39067E-4 1.36612E-4 1.7882E-4 1.40338E-4 1.35429E-4 1.39068E-4 1.52912E-4 1.74026E-4 1.47419E-4 1.50252E-4 9.2157E-5 1.40968E-4 1.06547E-4 1.32971E-4 1.44799E-4 9.7886E-5 2.22136E-4 1.42571E-4 1.34142E-4 1.39027E-4 1.31528E-4 1.77926E-4 1.26266E-4 1.4093E-4 8.5424E-5 1.69286E-4 1.28253E-4 1.17153E-4 1.45797E-4 1.00115E-4 1.09136E-4 1.67508E-4 1.20851E-4 1.28487E-4 1.88301E-4 1.05782E-4 1.19853E-4 1.05981E-4 9.9664E-5 8.5541E-5 1.01345E-4 7.9955E-5 1.15251E-4 8.7346E-5 1.10395E-4 8.1957E-5 1.14071E-4 1.14857E-4 8.7633E-5 9.7662E-5 8.2946E-5 1.24492E-4 1.13148E-4 9.5953E-5 8.2922E-5 1.22562E-4 1.08935E-4 9.2117E-5 1.26142E-4 1.41233E-4 2.78286E-4 2.76574E-4 1.2998E-4 8.8557E-5 1.08963E-4 8.7881E-5 8.3418E-5 1.05437E-4 9.1748E-5 8.6226E-5 1.01359E-4 1.05497E-4 9.9073E-5 7.8983E-5 7.6041E-5 1.21671E-4 1.0443E-4 1.15807E-4 1.19361E-4 1.77756E-4 1.79569E-4 1.12219E-4 8.488E-5 7.1374E-5 1.13395E-4 1.14169E-4 9.0927E-5 7.9267E-5 9.8629E-5 8.8662E-5 1.35292E-4 9.8597E-5 9.1409E-5 1.35552E-4 1.506E-4 8.5408E-5 1.01634E-4 1.08263E-4 9.6469E-5 1.02933E-4 9.1359E-5 9.6556E-5 1.18678E-4 1.04293E-4 7.8638E-5 8.0211E-5 9.364E-5 1.18586E-4 9.4615E-5 9.98E-5 7.6723E-5 9.9139E-5 1.04718E-4 1.01919E-4 1.12535E-4 8.1631E-5 1.22736E-4 1.00356E-4 9.2637E-5 8.3228E-5 8.2074E-5 1.10323E-4 9.7751E-5 7.947E-5 6.9045E-5 8.5097E-5 1.04309E-4 9.4489E-5 1.22992E-4 1.85135E-4 1.59827E-4 2.64565E-4 1.94043E-4 2.01938E-4 1.31183E-4 9.1048E-5 1.16247E-4 1.81832E-4 1.18533E-4 9.3826E-5 1.04734E-4 9.2035E-5 1.35073E-4 1.07037E-4 1.95416E-4 1.1178E-4 1.04641E-4 9.8277E-5 8.0575E-5 9.2447E-5 8.4504E-5 1.21548E-4 1.19563E-4 1.18186E-4 8.5842E-5 1.17135E-4 1.11373E-4 1.29163E-4 1.16896E-4 7.4683E-5 8.2023E-5 8.1791E-5 1.06205E-4 8.7597E-5 1.02327E-4 8.3835E-5 8.9784E-5 1.04506E-4 8.3844E-5 8.2633E-5 8.9607E-5 9.982E-5 9.6145E-5 7.93E-5 9.2933E-5 1.25389E-4 9.1319E-5 1.07591E-4 1.11169E-4 1.08837E-4 1.1304E-4 1.05888E-4 7.4316E-5 7.4797E-5 9.4631E-5 1.00667E-4 1.25773E-4 1.14986E-4 1.08676E-4 9.0945E-5 8.3208E-5 1.49803E-4 1.43248E-4 1.66071E-4 1.74439E-4 1.47804E-4 1.13157E-4 1.0084E-4 9.862E-5 9.8162E-5 8.2071E-5 8.52E-5 1.16386E-4 8.2943E-5 9.2293E-5 8.7309E-5 1.10156E-4 1.44762E-4 9.1179E-5 9.1329E-5 7.6784E-5 9.3972E-5 9.7101E-5 8.3733E-5 1.05573E-4 7.5616E-5 1.07236E-4 9.2065E-5 7.5884E-5 8.6491E-5 8.1819E-5 1.1715E-4 9.7783E-5 8.9181E-5 8.1054E-5 1.05008E-4 9.9621E-5 8.8582E-5 1.15361E-4 1.12865E-4 9.3146E-5 1.02879E-4 9.8996E-5 1.16002E-4 9.8891E-5 8.7027E-5 1.35094E-4 1.71347E-4 1.53741E-4 9.9269E-5 1.19789E-4 2.04664E-4 2.76025E-4 1.3307E-4 1.12523E-4 9.6856E-5 1.12179E-4 9.8819E-5 9.1229E-5 1.0028E-4 8.3158E-5 1.16429E-4 1.02753E-4 9.3686E-5 8.0503E-5 1.24827E-4 1.14811E-4 9.563E-5 1.12356E-4 1.04197E-4 8.4287E-5 8.7926E-5 1.13999E-4 9.1562E-5 1.27941E-4 9.4992E-5 9.1319E-5 1.70335E-4 9.8023E-5 8.8244E-5 9.6057E-5 1.01848E-4 1.01361E-4 9.4506E-5 7.9323E-5 1.15142E-4 9.0625E-5 1.65122E-4 1.63182E-4 1.40909E-4 1.46559E-4 2.33515E-4 1.15751E-4 7.2264E-5 1.09173E-4 1.46858E-4 1.35891E-4 9.5725E-5 1.0487E-4 9.4347E-5 1.02873E-4 1.20764E-4 8.5166E-5 1.00485E-4 1.13031E-4 7.4284E-5 1.03086E-4 1.01436E-4 8.8045E-5 9.3199E-5 1.09789E-4 1.21758E-4 2.3887E-4 1.15452E-4 8.3109E-5 9.6412E-5 1.05425E-4 1.39327E-4 1.04033E-4 1.05757E-4 8.7709E-5 9.8213E-5 1.02404E-4 8.8942E-5 1.28084E-4 8.3756E-5 1.26986E-4 1.08559E-4 7.7219E-5 9.6646E-5 1.33397E-4 2.24752E-4 1.85877E-4 1.08256E-4 7.5536E-5 8.7373E-5 9.6336E-5 8.2362E-5 1.16733E-4 9.5242E-5 9.5228E-5 1.0397E-4 1.03007E-4 1.19134E-4 1.14337E-4 9.0134E-5 1.18633E-4 1.18332E-4 1.02541E-4 8.398E-5 1.1508E-4 8.4615E-5 1.03455E-4 9.8198E-5 1.15977E-4 9.4564E-5 1.06886E-4 9.9912E-5 9.575E-5 1.1211E-4 9.1504E-5 1.1986E-4 1.80889E-4 1.11436E-4 1.24533E-4 1.30667E-4 1.74701E-4 1.28623E-4 1.79255E-4 8.8131E-5 9.0038E-5 8.6072E-5 1.18565E-4 9.1055E-5 1.14705E-4 8.2693E-5 1.50559E-4 1.16862E-4 1.00282E-4 1.13266E-4 1.15065E-4 1.40073E-4 1.91094E-4 2.00879E-4 9.2854E-5 1.24266E-4 1.00862E-4 1.17068E-4 1.34606E-4 2.38018E-4 1.59502E-4 9.4325E-5 8.2924E-5 7.0819E-5 1.08794E-4 1.39224E-4 9.2769E-5 9.6488E-5 1.49379E-4 2.15901E-4 1.2909E-4 9.5986E-5 9.6908E-5 1.42312E-4 1.7022E-4 9.6989E-5 1.59055E-4 2.26263E-4 1.12825E-4 1.02474E-4 9.3923E-5 9.0859E-5 1.28707E-4 9.0611E-5 7.5378E-5 8.7868E-5 9.4186E-5 1.13783E-4 8.7773E-5 8.6709E-5 7.9773E-5 9.7721E-5 1.10463E-4 9.0385E-5 1.14005E-4 8.2298E-5 1.15791E-4 1.09649E-4 9.5071E-5 8.2915E-5 8.3479E-5 1.19935E-4 1.17655E-4 1.53893E-4 1.63953E-4 1.98457E-4 1.6019E-4 9.0618E-5 1.10066E-4 9.5107E-5 9.028E-5 9.9726E-5 1.12324E-4 1.34511E-4 1.09662E-4 1.40805E-4 1.30743E-4 1.11736E-4 1.00206E-4 1.92368E-4 1.54257E-4 9.2925E-5 1.08625E-4 9.1174E-5 1.14245E-4 8.6201E-5 1.05177E-4 9.8835E-5 8.1001E-5 9.3353E-5 8.3772E-5 1.19527E-4 1.05357E-4 1.05827E-4 8.5125E-5 1.35875E-4 1.10755E-4 1.02188E-4 1.26307E-4 8.9736E-5 9.1444E-5 8.5042E-5 1.20952E-4 1.57034E-4 1.78068E-4 1.54211E-4 1.2924E-4 1.74791E-4 1.49634E-4 1.54374E-4 1.67587E-4 1.84591E-4 1.84607E-4 1.72879E-4 1.41532E-4 2.21139E-4 1.41053E-4 1.23799E-4 2.08725E-4 1.23633E-4 1.25659E-4 1.09855E-4 1.03112E-4 9.6757E-5 1.93239E-4 1.46286E-4 9.9084E-5 9.1506E-5 1.03826E-4 1.00781E-4 9.3308E-5 9.0097E-5 9.1487E-5 1.10296E-4 1.246E-4 8.0078E-5 1.28382E-4 1.04979E-4 8.7763E-5 1.01898E-4 9.6993E-5 9.3591E-5 1.30578E-4 9.5711E-5 8.4326E-5 9.153E-5 7.8169E-5 1.22724E-4 9.3576E-5 9.5285E-5 8.65E-5 9.9472E-5 1.29558E-4 1.16935E-4 1.50219E-4 8.2142E-5 1.32389E-4 9.8821E-5 8.5687E-5 9.3584E-5 1.30571E-4 1.37722E-4 1.69831E-4 1.04665E-4 8.4705E-5 9.5552E-5 1.03101E-4 1.20306E-4 1.65693E-4 1.36567E-4 9.9558E-5 1.03734E-4 1.07937E-4 1.13432E-4 9.3994E-5 9.5687E-5 1.44844E-4 1.31947E-4 1.30804E-4 8.2876E-5 1.5976E-4 8.9904E-5 1.22034E-4 1.01962E-4 1.30224E-4 9.5509E-5 1.12029E-4 1.14102E-4 1.12077E-4 1.36579E-4 8.4257E-5 1.1589E-4 1.0443E-4 9.841E-5 1.19925E-4 1.27444E-4 1.13056E-4 9.4968E-5 1.12105E-4 9.8591E-5 1.25831E-4 7.4068E-5 1.08511E-4 8.8769E-5 1.05868E-4 7.8422E-5 7.297E-5 1.02143E-4 8.5563E-5 9.3729E-5 1.06928E-4 1.11055E-4 1.09603E-4 8.5366E-5 7.4939E-5 1.14414E-4 8.4432E-5 1.09397E-4 1.12228E-4 1.1338E-4 1.15284E-4 8.6276E-5 7.6594E-5 8.1686E-5 1.0679E-4 1.21184E-4 8.6016E-5 7.96E-5 1.02945E-4 1.04229E-4 8.5889E-5 8.6962E-5 8.0332E-5 1.04098E-4 1.26133E-4 1.92901E-4 2.30954E-4 1.63016E-4 9.9742E-5 8.9963E-5 8.2192E-5 9.6212E-5 1.24489E-4 8.762E-5 7.2035E-5 7.368E-5 8.5475E-5 1.05577E-4 8.3781E-5 7.9947E-5 7.0549E-5 9.216E-5 9.8361E-5 8.6318E-5 1.0796E-4 7.8795E-5 1.11376E-4 9.5321E-5 7.2103E-5 7.8327E-5 1.23058E-4 1.11558E-4 9.794E-5 8.1579E-5 8.1638E-5 1.41021E-4 1.26129E-4 9.1122E-5 1.08451E-4 8.8782E-5 8.7265E-5 1.09404E-4 1.07975E-4 1.20827E-4 8.7819E-5 9.3753E-5 1.38854E-4 1.24034E-4 1.02625E-4 9.046E-5 1.09513E-4 8.3834E-5 1.0262E-4 8.7122E-5 1.13249E-4 8.2702E-5 1.01878E-4 9.5308E-5 9.1719E-5 1.02421E-4 8.19E-5 1.12997E-4 1.03206E-4 1.0682E-4 8.6012E-5 1.19409E-4 1.1056E-4 9.2047E-5 1.10962E-4 1.44086E-4 7.4756E-5 8.3183E-5 1.3076E-4 1.46994E-4 2.70133E-4 1.44344E-4 8.6508E-5 1.28738E-4 9.4858E-5 8.8572E-5 9.6672E-5 1.08398E-4 1.34952E-4 1.13668E-4 1.20859E-4 1.3329E-4 1.31789E-4 1.18584E-4 1.97749E-4 1.35514E-4 1.27584E-4 8.8537E-5 8.9578E-5 9.8339E-5 1.28561E-4 1.18197E-4 9.2204E-5 1.02017E-4 1.37134E-4 1.12225E-4 9.6584E-5 1.17609E-4 1.32564E-4 1.07419E-4 1.14831E-4 7.4965E-5 8.808E-5 9.8264E-5 8.7841E-5 8.3276E-5 8.2955E-5 1.05746E-4 1.28298E-4 9.0897E-5 7.3899E-5 7.4369E-5 8.4974E-5 1.05348E-4 8.7108E-5 7.7981E-5 7.1319E-5 9.4334E-5 9.718E-5 8.5562E-5 1.10978E-4 8.0233E-5 1.82934E-4 1.31708E-4 8.3505E-5 9.0477E-5 1.04075E-4 1.67025E-4 2.90626E-4 2.4384E-4 9.8529E-5 9.6187E-5 9.5962E-5 5.7658E-5 1.20079E-4 9.8731E-5 9.8813E-5 1.27601E-4 1.18051E-4 1.33878E-4 9.7813E-5 1.25039E-4 1.39606E-4 1.20044E-4 1.31307E-4 9.4453E-5 1.20002E-4 9.9265E-5 1.29943E-4 9.7141E-5 1.3664E-4 9.5039E-5 2.11489E-4 1.73106E-4 1.85109E-4 2.01126E-4 1.06175E-4 1.32386E-4 1.19139E-4 1.15934E-4 1.02493E-4 1.54636E-4 1.28916E-4 1.02773E-4 1.33048E-4 9.9926E-5 9.1631E-5 8.4626E-5 1.24218E-4 1.02792E-4 1.21665E-4 8.3153E-5 7.958E-5 1.16042E-4 9.2899E-5 9.4685E-5 1.0813E-4 1.30571E-4 1.16562E-4 9.5041E-5 8.4467E-5 1.26851E-4 8.6589E-5 1.22592E-4 1.44056E-4 1.42996E-4 1.39037E-4 1.19433E-4 1.05646E-4 2.12892E-4 1.68047E-4 1.65854E-4 9.3905E-5 9.5253E-5 1.16639E-4 1.04064E-4 8.6498E-5 1.22114E-4 1.30014E-4 1.37985E-4 1.63449E-4 1.58734E-4 1.23827E-4 1.28031E-4 1.23936E-4 1.6588E-4 1.24632E-4 1.10045E-4 1.35903E-4 1.18299E-4 9.7959E-5 1.00476E-4 1.00746E-4 1.39619E-4 9.8399E-5 8.7166E-5 

Timer for Syntactic Relevance:: 4.075074537
Timer for solver: 1.352929533
		DELL.SPLX	DELL_C500_0.TESTCASES
			Diag: [mandatory(Dell Laptops/Notebooks, Product Category), mandatory(Dell Laptops/Notebooks, Operating System), mandatory(Dell Laptops/Notebooks, Hard Drive), mandatory(Dell Laptops/Notebooks, Laptop Weight), mandatory(Dell Laptops/Notebooks, Memory), mandatory(Dell Laptops/Notebooks, Processor), mandatory(Dell Laptops/Notebooks, Price), alternative(Product Category, Mini Notebooks, Inspiron Laptops, Studio Laptops, XPS Laptops, Adamo, Studio XPS Laptops), alternative(Operating System, Windows Vista 64 bit, Windows XP Home, Ubuntu Linux, Windows 7, Windows 8), alternative(Hard Drive, 500GB, 320GB, 250GB, 160GB, 128GB Solid State, 120GB, 80GB), excludes(XPS Laptops, Ubuntu Linux), excludes(Studio Laptops, 128GB Solid State), excludes(Inspiron Laptops, Windows Vista 64 bit), excludes(Inspiron Laptops, Ubuntu Linux), excludes(Adamo, CD_DVD +RW), excludes(Mini Notebooks, 500GB), excludes(Mini Notebooks, Windows Vista 64 bit), excludes(Studio XPS Laptops, 120GB)]
			Diag size: 18
The size of Consistency checks: 1256442
The number of Choco Solver calls: 12700
The number of different: 3
The number of INconsistent: 264
The number of union: 243
The number of post constraints: 1256442
The number of consistent: 12436
The number of unpost constraints: 1256442
The number of Consistency checks: 122

Timer for Syntactic Relevance:[thread=1]: 3.902129228
3.902129228 
Timer for solver[thread=1]: 1.340045217
3.11603E-4 7.9487E-5 8.0368E-5 7.889E-5 7.572E-5 9.3092E-5 9.3119E-5 8.9809E-5 6.5307E-5 1.06918E-4 9.7415E-5 1.19984E-4 1.06363E-4 1.20172E-4 2.67821E-4 1.15073E-4 9.8017E-5 3.74922E-4 8.6196E-5 3.98841E-4 2.58225E-4 1.36399E-4 6.3637E-5 1.37262E-4 1.26583E-4 7.176E-5 5.8987E-5 5.4673E-5 5.6393E-5 5.9325E-5 1.37116E-4 1.83033E-4 8.1625E-5 8.7322E-5 1.0435E-4 8.6616E-5 7.591E-5 9.9697E-5 1.10969E-4 9.0049E-5 9.3678E-5 8.6488E-5 8.1329E-5 9.0431E-5 1.28933E-4 9.3134E-5 1.28373E-4 1.38224E-4 9.3816E-5 1.16808E-4 1.13813E-4 6.8587E-5 5.1153E-5 5.0047E-5 4.8393E-5 4.2799E-5 4.0034E-5 4.187E-5 4.5521E-5 7.741E-5 8.7833E-5 8.987E-5 1.05989E-4 1.02089E-4 8.6984E-5 8.3385E-5 9.4878E-5 8.167E-5 7.8702E-5 9.4682E-5 1.12929E-4 1.45591E-4 2.34921E-4 1.60736E-4 2.07282E-4 1.41163E-4 1.34993E-4 1.11839E-4 1.25932E-4 1.02446E-4 1.24689E-4 1.34561E-4 1.17132E-4 1.12133E-4 1.00209E-4 1.04045E-4 1.53146E-4 1.28797E-4 1.04402E-4 1.26106E-4 1.24956E-4 1.49689E-4 1.34612E-4 1.03474E-4 1.81463E-4 1.18014E-4 1.29472E-4 1.3769E-4 1.71929E-4 1.2667E-4 8.813E-5 1.77574E-4 5.0271E-5 3.8884E-5 5.6702E-5 3.7347E-5 3.6838E-5 3.5787E-5 3.5283E-5 3.7574E-5 3.7388E-5 5.8396E-5 7.4916E-5 4.1528E-5 3.7628E-5 3.7209E-5 3.3332E-5 3.6624E-5 3.5173E-5 5.1297E-5 4.2542E-5 4.7E-5 9.658E-5 5.0165E-5 1.71486E-4 1.94796E-4 1.91854E-4 2.66331E-4 1.18235E-4 6.2824E-5 1.25239E-4 9.4686E-5 1.16641E-4 9.3115E-5 8.9975E-5 1.15657E-4 1.17226E-4 9.3594E-5 9.2308E-5 9.1044E-5 9.9336E-5 8.729E-5 1.16901E-4 9.9021E-5 9.9879E-5 9.7966E-5 1.14647E-4 1.45901E-4 1.80385E-4 1.32512E-4 1.09692E-4 8.7503E-5 8.711E-5 1.15523E-4 1.34851E-4 1.04077E-4 9.2801E-5 8.6168E-5 8.5425E-5 7.8145E-5 8.779E-5 9.0753E-5 8.4924E-5 8.6309E-5 7.3139E-5 7.3117E-5 1.14442E-4 1.07035E-4 8.6826E-5 7.8177E-5 1.03571E-4 9.3485E-5 1.10718E-4 1.08075E-4 8.6285E-5 7.5902E-5 7.1201E-5 8.7915E-5 9.3732E-5 8.0251E-5 6.73E-5 8.7965E-5 7.6429E-5 8.7095E-5 8.318E-5 7.7704E-5 7.2913E-5 8.3433E-5 8.4434E-5 9.2264E-5 9.1368E-5 7.5166E-5 7.2741E-5 7.8375E-5 8.2406E-5 1.10138E-4 1.22835E-4 8.4815E-5 8.7707E-5 1.04481E-4 1.04382E-4 1.08298E-4 1.45873E-4 1.11147E-4 1.31915E-4 9.3915E-5 8.453E-5 7.6539E-5 8.2211E-5 8.6148E-5 1.77763E-4 1.34793E-4 8.9025E-5 9.3272E-5 1.03079E-4 1.10879E-4 8.2773E-5 7.6231E-5 1.01748E-4 9.9841E-5 1.36943E-4 1.146E-4 1.05304E-4 1.02218E-4 8.3572E-5 1.50804E-4 1.22352E-4 1.17632E-4 8.7458E-5 7.3627E-5 1.23446E-4 9.9274E-5 8.6319E-5 8.2357E-5 7.0699E-5 9.9666E-5 7.3484E-5 8.265E-5 7.8461E-5 9.5731E-5 8.597E-5 8.9638E-5 8.3078E-5 7.1404E-5 8.4335E-5 8.9922E-5 8.3541E-5 8.5252E-5 7.2138E-5 7.6236E-5 5.6457E-5 3.8623E-5 2.9593E-5 3.3074E-5 3.0029E-5 3.4871E-5 3.1466E-5 3.1589E-5 3.1199E-5 3.2801E-5 3.6769E-5 3.3995E-5 2.9532E-5 7.4742E-5 3.9989E-5 3.9769E-5 5.3905E-5 5.0811E-5 5.3975E-5 8.9872E-5 1.02015E-4 4.4025E-5 3.5936E-5 3.3124E-5 3.2054E-5 3.0754E-5 3.1493E-5 3.1125E-5 2.8972E-5 2.9685E-5 4.3284E-5 4.0785E-5 3.4422E-5 3.28E-5 3.1852E-5 3.2417E-5 4.4273E-5 4.2924E-5 1.12112E-4 5.3595E-5 3.6858E-5 4.5513E-5 4.1805E-5 3.7259E-5 6.7975E-5 3.478E-5 5.746E-5 7.3565E-5 3.7546E-5 3.6826E-5 7.8781E-5 8.4341E-5 7.7971E-5 8.611E-5 7.2055E-5 8.834E-5 9.2508E-5 1.05549E-4 8.2574E-5 8.092E-5 1.0352E-4 7.9618E-5 8.0775E-5 8.5157E-5 8.1819E-5 1.0578E-4 8.9663E-5 1.47678E-4 1.08416E-4 9.6845E-5 8.0301E-5 9.901E-5 8.2946E-5 9.8233E-5 1.14252E-4 8.1357E-5 1.1326E-4 1.13002E-4 8.6133E-5 8.1894E-5 8.9041E-5 1.3796E-4 1.50242E-4 1.67002E-4 1.26577E-4 8.7986E-5 9.1495E-5 9.5616E-5 1.02279E-4 8.8017E-5 8.3994E-5 9.5534E-5 8.2253E-5 8.2291E-5 1.0544E-4 9.2392E-5 1.42573E-4 2.00397E-4 1.1987E-4 9.675E-5 8.4411E-5 9.0293E-5 9.207E-5 1.17341E-4 1.4375E-4 1.09417E-4 1.04592E-4 8.9233E-5 1.28935E-4 1.44009E-4 1.32427E-4 1.24094E-4 1.03186E-4 1.04465E-4 7.9538E-5 1.02643E-4 1.07102E-4 1.11368E-4 1.00338E-4 1.00967E-4 9.5732E-5 1.69835E-4 9.1867E-5 8.774E-5 7.7458E-5 1.03339E-4 1.16753E-4 8.0758E-5 1.11952E-4 9.1295E-5 9.7024E-5 1.00488E-4 1.07661E-4 1.57383E-4 8.3151E-5 8.2592E-5 7.4146E-5 9.8329E-5 7.8676E-5 1.0317E-4 9.384E-5 1.08788E-4 7.9641E-5 8.1661E-5 9.0907E-5 8.048E-5 8.3987E-5 9.8036E-5 9.7443E-5 8.1986E-5 7.5608E-5 1.22525E-4 9.5706E-5 1.12851E-4 1.05911E-4 1.17751E-4 1.19876E-4 1.49143E-4 1.07546E-4 9.3699E-5 7.696E-5 1.01994E-4 8.129E-5 9.4078E-5 8.3422E-5 8.9997E-5 8.0812E-5 8.3069E-5 1.02523E-4 1.6081E-4 1.21892E-4 1.78867E-4 1.34084E-4 1.85878E-4 1.52845E-4 1.16575E-4 1.36428E-4 2.42617E-4 1.33391E-4 1.74177E-4 1.20434E-4 1.98195E-4 1.98916E-4 1.18137E-4 1.15003E-4 9.15E-5 1.19329E-4 1.78494E-4 1.72029E-4 1.58508E-4 1.1846E-4 1.00328E-4 1.19303E-4 1.34839E-4 1.03447E-4 1.21577E-4 1.71168E-4 9.7933E-5 1.02377E-4 2.18118E-4 1.21879E-4 1.06088E-4 1.01883E-4 1.08622E-4 1.4025E-4 8.6259E-5 8.2002E-5 7.8578E-5 7.565E-5 9.9288E-5 1.07326E-4 9.849E-5 7.8379E-5 8.686E-5 8.8583E-5 9.4905E-5 9.6848E-5 7.8362E-5 7.7565E-5 1.1075E-4 9.3512E-5 7.689E-5 8.4751E-5 8.0685E-5 8.9791E-5 8.9382E-5 1.80087E-4 3.24704E-4 1.35297E-4 8.216E-5 9.3362E-5 7.5331E-5 8.4488E-5 7.4512E-5 7.5777E-5 7.8775E-5 1.0224E-4 1.33666E-4 1.06326E-4 1.06436E-4 1.02464E-4 8.1233E-5 8.5131E-5 1.08082E-4 1.00415E-4 1.15307E-4 7.9754E-5 1.04348E-4 9.3747E-5 8.8879E-5 1.14692E-4 9.9289E-5 1.01968E-4 9.8906E-5 9.8468E-5 9.8135E-5 9.8329E-5 9.4847E-5 9.9652E-5 9.8029E-5 9.3111E-5 1.65543E-4 1.02464E-4 9.646E-5 9.6126E-5 9.9947E-5 1.08746E-4 9.7707E-5 9.7318E-5 1.01107E-4 9.9695E-5 1.0682E-4 9.673E-5 9.8156E-5 9.8358E-5 9.8439E-5 1.01487E-4 9.9727E-5 1.27299E-4 1.14707E-4 1.01473E-4 9.457E-5 1.07257E-4 9.8929E-5 1.02845E-4 9.4E-5 9.8525E-5 1.04432E-4 9.9903E-5 9.9428E-5 1.39566E-4 1.32394E-4 1.01646E-4 1.01147E-4 1.01472E-4 1.00587E-4 9.909E-5 1.02719E-4 9.8774E-5 9.8337E-5 1.0658E-4 9.4074E-5 9.994E-5 9.9941E-5 9.9373E-5 9.8831E-5 9.6923E-5 9.9548E-5 9.8099E-5 1.00839E-4 9.9209E-5 9.4723E-5 1.0046E-4 9.7713E-5 9.6945E-5 9.9276E-5 9.8063E-5 1.33186E-4 1.0458E-4 1.04888E-4 1.01083E-4 1.05454E-4 1.01148E-4 1.0921E-4 9.992E-5 9.851E-5 1.02769E-4 1.33603E-4 1.0657E-4 9.6831E-5 1.03343E-4 1.04396E-4 1.06354E-4 1.11345E-4 1.09989E-4 1.11426E-4 1.04986E-4 1.06112E-4 1.14024E-4 1.05027E-4 1.09585E-4 9.5976E-5 9.9796E-5 9.7651E-5 9.3673E-5 9.8318E-5 9.8986E-5 1.03268E-4 9.9039E-5 9.7123E-5 1.00833E-4 9.2415E-5 9.8805E-5 9.6344E-5 9.7119E-5 9.6112E-5 9.7501E-5 2.3771E-5 9.9343E-5 9.3071E-5 1.292E-5 1.6032E-5 9.4732E-5 9.3195E-5 9.0023E-5 9.3505E-5 9.3118E-5 9.5697E-5 9.4625E-5 9.8181E-5 1.61554E-4 1.0092E-4 9.3972E-5 9.3312E-5 9.2563E-5 9.3513E-5 9.7036E-5 9.2792E-5 9.6566E-5 9.0585E-5 9.2063E-5 9.0901E-5 9.336E-5 9.2078E-5 9.5554E-5 9.1348E-5 8.8057E-5 9.4333E-5 9.0412E-5 9.0742E-5 8.7828E-5 9.0677E-5 9.1581E-5 9.3719E-5 9.2358E-5 9.1087E-5 9.5166E-5 9.5122E-5 9.0143E-5 8.7182E-5 8.679E-5 8.4862E-5 1.8159E-5 8.6334E-5 9.0736E-5 8.9576E-5 9.0943E-5 8.7344E-5 8.8324E-5 9.0983E-5 8.6446E-5 1.01078E-4 2.9476E-5 8.7885E-5 1.20651E-4 1.3567E-5 8.6494E-5 9.0638E-5 9.988E-6 9.09E-5 8.8702E-5 9.961E-5 1.11059E-4 9.6876E-5 2.2541E-5 3.3789E-5 1.08587E-4 9.4029E-5 9.3778E-5 9.5451E-5 9.7347E-5 9.0935E-5 9.3757E-5 1.00034E-4 9.8997E-5 9.0743E-5 2.774E-5 9.1367E-5 9.5925E-5 9.2899E-5 9.6273E-5 1.03608E-4 9.8949E-5 1.25707E-4 9.9909E-5 8.9011E-5 8.8193E-5 9.6658E-5 9.4202E-5 9.0595E-5 9.9972E-5 9.1972E-5 9.7455E-5 9.2908E-5 4.2331E-5 1.3386E-5 1.054E-5 9.2387E-5 1.2359E-5 9.2753E-5 8.7528E-5 1.0858E-5 1.51643E-4 9.1488E-5 8.7491E-5 8.8536E-5 9.0516E-5 2.2043E-5 1.3926E-5 9.1613E-5 8.7831E-5 9.124E-5 8.9624E-5 2.247E-5 9.4201E-5 8.9984E-5 9.7919E-5 9.1042E-5 8.8233E-5 8.6348E-5 8.6341E-5 8.662E-5 9.2184E-5 1.18799E-4 1.14644E-4 4.9097E-5 1.6133E-5 9.7952E-5 1.22089E-4 9.5924E-5 9.3209E-5 9.2946E-5 1.0959E-4 9.3102E-5 8.9376E-5 8.9017E-5 8.9862E-5 8.8501E-5 9.2622E-5 3.2239E-5 8.8632E-5 8.7963E-5 8.8956E-5 9.6622E-5 9.1652E-5 8.7811E-5 9.5189E-5 4.9115E-5 1.15824E-4 1.03239E-4 3.1906E-5 9.3997E-5 9.0071E-5 1.2843E-5 1.0781E-5 8.7825E-5 8.7869E-5 9.1293E-5 9.4743E-5 9.3378E-5 1.3202E-5 1.0597E-5 8.9718E-5 8.6676E-5 8.7498E-5 9.413E-6 8.8488E-5 8.6151E-5 8.8149E-5 8.6622E-5 8.7474E-5 8.8971E-5 8.4144E-5 8.7545E-5 1.8708E-5 1.6128E-5 9.0427E-5 8.8077E-5 9.2294E-5 8.9988E-5 8.8188E-5 8.505E-5 1.1807E-5 8.3955E-5 8.47E-5 8.2849E-5 9.9871E-5 9.1702E-5 1.5546E-5 8.5609E-5 1.32975E-4 5.0444E-5 1.09371E-4 9.0658E-5 8.8485E-5 8.8672E-5 8.9032E-5 8.8071E-5 8.7819E-5 9.1296E-5 8.9331E-5 8.8493E-5 8.98E-5 1.734E-5 8.313E-6 1.0575E-5 8.7553E-5 8.8976E-5 8.4649E-5 9.0872E-5 8.6784E-5 8.4669E-5 1.819E-5 8.9947E-5 8.9116E-5 1.6446E-5 9.2787E-5 1.4302E-5 9.4009E-5 9.1024E-5 9.1062E-5 8.664E-5 9.0231E-5 8.8066E-5 9.0379E-5 8.6362E-5 8.9549E-5 9.363E-5 3.6918E-5 1.1947E-5 1.2238E-5 8.664E-6 1.03391E-4 9.2343E-5 9.0202E-5 1.0894E-5 8.8736E-5 9.2221E-5 8.9119E-5 8.7248E-5 8.5281E-5 8.5672E-5 9.0475E-5 8.8283E-5 1.5479E-5 8.9864E-5 8.9899E-5 8.8556E-5 8.7415E-5 8.6737E-5 8.5426E-5 8.877E-5 8.7801E-5 8.5618E-5 8.5656E-5 9.4217E-5 9.5691E-5 2.375E-5 8.4441E-5 8.94E-6 9.3124E-5 9.7427E-5 9.3528E-5 1.0383E-5 9.2719E-5 1.04305E-4 9.6163E-5 2.6271E-5 1.1275E-5 1.2199E-5 8.361E-6 9.2507E-5 1.1346E-5 9.3513E-5 9.887E-5 9.9516E-5 9.0244E-5 9.0514E-5 9.5411E-5 9.1633E-5 8.8439E-5 8.8844E-5 1.4057E-5 8.7568E-5 8.9023E-5 8.7401E-5 8.8004E-5 9.2598E-5 9.2414E-5 8.9143E-5 1.05601E-4 9.376E-5 9.4695E-5 1.12072E-4 9.718E-5 9.6738E-5 1.13536E-4 9.8595E-5 9.9736E-5 1.23214E-4 9.6172E-5 9.8747E-5 9.8446E-5 9.9762E-5 1.30941E-4 1.00648E-4 9.9467E-5 1.03318E-4 1.02112E-4 1.08221E-4 1.03532E-4 1.06939E-4 1.02678E-4 1.02384E-4 1.07012E-4 1.03043E-4 1.2302E-4 1.17742E-4 1.28842E-4 1.81611E-4 1.31258E-4 1.01807E-4 9.9052E-5 1.15212E-4 1.05884E-4 9.5893E-5 9.5485E-5 1.03184E-4 1.02173E-4 1.04399E-4 9.6179E-5 9.7467E-5 9.7016E-5 1.01662E-4 9.8951E-5 1.00043E-4 1.01674E-4 1.01817E-4 1.01279E-4 9.756E-5 9.7491E-5 9.7395E-5 9.8318E-5 9.8913E-5 1.0009E-4 9.6394E-5 1.00013E-4 9.6211E-5 9.9396E-5 9.9402E-5 9.6791E-5 9.8708E-5 9.9579E-5 9.8981E-5 9.521E-5 9.7974E-5 1.00771E-4 9.999E-5 1.00696E-4 1.04705E-4 9.4902E-5 9.8684E-5 1.03055E-4 1.02976E-4 9.9614E-5 1.00005E-4 1.0079E-4 9.7993E-5 1.01705E-4 9.7477E-5 1.01183E-4 1.01722E-4 9.96E-5 1.07364E-4 1.03744E-4 9.7195E-5 1.02446E-4 9.8325E-5 1.0361E-4 1.01449E-4 9.7507E-5 9.922E-5 1.00397E-4 1.02338E-4 9.8847E-5 9.7856E-5 9.9519E-5 1.04257E-4 9.8089E-5 1.03072E-4 1.3384E-4 9.5236E-5 9.8905E-5 1.03168E-4 1.41714E-4 1.11104E-4 1.04664E-4 1.28165E-4 1.38317E-4 1.74451E-4 1.69906E-4 2.44084E-4 1.53906E-4 1.59051E-4 1.19723E-4 3.2328E-5 1.2019E-5 1.03247E-4 1.19E-5 1.04035E-4 1.16001E-4 9.8495E-5 1.10992E-4 1.02651E-4 9.856E-5 1.03392E-4 1.791E-5 9.9486E-5 1.521E-5 1.00524E-4 9.9723E-5 1.06188E-4 1.0593E-4 9.9882E-5 1.01512E-4 1.3012E-5 1.04713E-4 1.01743E-4 9.3543E-5 9.4574E-5 1.07928E-4 1.13447E-4 9.9333E-5 9.9527E-5 9.7366E-5 1.5813E-5 1.00958E-4 9.5987E-5 9.4402E-5 9.9318E-5 9.3845E-5 1.2122E-5 9.5618E-5 9.7907E-5 9.8339E-5 9.7095E-5 1.4777E-5 9.712E-6 9.341E-6 1.2019E-5 9.8357E-5 9.452E-5 1.0862E-5 1.2487E-5 9.7518E-5 9.6425E-5 9.6816E-5 9.7165E-5 9.7664E-5 1.01083E-4 9.8789E-5 1.00426E-4 9.3746E-5 9.3988E-5 9.9567E-5 9.7096E-5 9.8964E-5 9.7646E-5 9.5206E-5 9.6919E-5 2.5567E-5 9.321E-5 9.6328E-5 1.3816E-5 1.02399E-4 9.7756E-5 9.776E-5 9.9196E-5 1.02565E-4 9.7468E-5 9.2195E-5 9.4244E-5 9.6057E-5 9.7754E-5 9.9572E-5 1.7971E-5 1.0116E-4 1.0126E-4 9.6576E-5 9.9119E-5 2.5739E-5 1.09951E-4 1.10773E-4 1.654E-5 9.7098E-5 9.6598E-5 1.23342E-4 1.11163E-4 1.00838E-4 9.7509E-5 9.514E-5 9.8284E-5 1.7013E-5 9.6308E-5 9.4147E-5 1.59377E-4 1.07527E-4 1.04389E-4 1.00218E-4 1.0147E-4 3.2962E-5 1.04031E-4 9.9824E-5 9.724E-5 9.9446E-5 1.04871E-4 1.04449E-4 1.0197E-4 1.01901E-4 1.01574E-4 2.18014E-4 1.49372E-4 1.25941E-4 1.05581E-4 1.02242E-4 1.10348E-4 4.068E-5 1.00661E-4 1.2105E-5 9.5414E-5 9.3357E-5 1.09607E-4 9.8977E-5 2.4983E-5 1.01478E-4 9.8466E-5 1.6134E-5 1.02699E-4 1.6497E-5 9.3532E-5 1.03294E-4 9.9372E-5 2.544E-5 1.235E-5 1.09983E-4 1.2262E-5 1.04138E-4 1.01674E-4 1.00445E-4 1.91428E-4 1.09371E-4 1.11937E-4 2.7016E-5 9.8737E-5 1.0127E-4 9.5672E-5 2.2091E-5 1.6504E-5 1.13124E-4 1.04095E-4 1.13131E-4 1.00095E-4 2.4531E-5 9.8854E-5 9.731E-5 1.00738E-4 1.87E-5 9.5207E-5 1.1725E-5 1.01768E-4 1.05101E-4 2.4699E-5 1.07744E-4 1.04735E-4 1.14187E-4 9.8772E-5 9.7415E-5 2.365E-5 1.09911E-4 1.00014E-4 1.6565E-5 9.823E-5 9.6696E-5 9.7992E-5 1.27247E-4 9.4595E-5 9.9261E-5 1.01294E-4 9.8847E-5 9.8191E-5 1.2529E-4 1.05096E-4 1.04704E-4 1.00514E-4 2.8465E-5 9.4061E-5 9.8934E-5 9.8886E-5 1.01049E-4 1.9582E-5 9.9863E-5 1.04172E-4 1.16064E-4 3.642E-5 1.20963E-4 9.4216E-5 1.4776E-5 1.00581E-4 9.4605E-5 1.02497E-4 1.2611E-5 9.8421E-5 1.1726E-5 1.0103E-4 9.436E-5 9.6209E-5 1.01241E-4 9.4559E-5 1.2181E-5 9.6253E-5 9.927E-6 1.00996E-4 1.0175E-4 1.2196E-5 1.03083E-4 9.2769E-5 9.3334E-5 1.5799E-5 1.05404E-4 1.03094E-4 2.0448E-5 9.8771E-5 1.04844E-4 9.9437E-5 1.05126E-4 9.955E-5 9.7188E-5 9.6129E-5 1.0027E-4 9.5811E-5 2.8939E-5 1.01832E-4 1.32471E-4 1.04106E-4 9.8671E-5 9.7522E-5 9.6512E-5 9.607E-5 1.00124E-4 1.51052E-4 1.42662E-4 3.2231E-5 9.7089E-5 1.02547E-4 1.02534E-4 9.7498E-5 1.2978E-4 1.21135E-4 1.03595E-4 1.06042E-4 1.00495E-4 1.0724E-4 1.02492E-4 1.00261E-4 9.4218E-5 1.01928E-4 9.8309E-5 4.3094E-5 1.01324E-4 1.5931E-5 1.00453E-4 9.7204E-5 1.01386E-4 1.6698E-5 1.01852E-4 1.03784E-4 9.7798E-5 9.465E-5 1.05716E-4 9.6257E-5 2.2328E-5 1.2577E-5 1.05178E-4 1.4558E-5 1.04311E-4 1.5271E-5 9.8616E-5 1.08299E-4 9.9947E-5 9.646E-5 1.11058E-4 9.8865E-5 1.03067E-4 9.7763E-5 1.05017E-4 1.005E-4 9.8087E-5 9.4509E-5 1.02705E-4 9.9126E-5 9.5839E-5 1.09724E-4 9.6151E-5 9.8234E-5 9.8245E-5 1.00637E-4 1.07147E-4 1.09967E-4 1.01104E-4 1.03143E-4 1.0215E-4 1.02574E-4 1.04709E-4 1.06781E-4 4.3164E-5 1.09726E-4 1.12734E-4 2.2249E-5 9.8275E-5 1.4144E-5 1.07733E-4 1.4051E-5 1.00857E-4 9.8568E-5 1.4661E-5 9.815E-5 9.4736E-5 9.8405E-5 9.4973E-5 9.299E-5 9.6713E-5 1.3096E-5 9.4857E-5 9.9198E-5 9.8008E-5 1.37389E-4 1.00583E-4 1.18063E-4 1.33087E-4 1.00681E-4 9.6809E-5 9.8975E-5 9.9566E-5 9.8398E-5 9.7864E-5 2.7518E-5 1.01767E-4 9.698E-5 1.00937E-4 9.4621E-5 1.03418E-4 1.05312E-4 9.7914E-5 9.7015E-5 1.07309E-4 1.9711E-5 3.371E-5 1.35494E-4 1.9541E-5 1.3405E-4 1.44609E-4 1.70823E-4 1.68959E-4 3.0471E-5 1.67709E-4 1.61628E-4 2.496E-5 1.55418E-4 1.59063E-4 1.61381E-4 1.67697E-4 1.71166E-4 1.69663E-4 4.8079E-5 1.69674E-4 1.59097E-4 1.72343E-4 1.72549E-4 1.86937E-4 6.9209E-5 1.67552E-4 1.1316E-4 2.12809E-4 1.71044E-4 1.66885E-4 1.31108E-4 1.67134E-4 1.70613E-4 1.74301E-4 4.3583E-5 1.08907E-4 1.70671E-4 1.60662E-4 1.05645E-4 9.6653E-5 2.5108E-5 9.7338E-5 8.8563E-5 9.1742E-5 9.2274E-5 2.6179E-5 9.4853E-5 1.03143E-4 9.2133E-5 9.3262E-5 9.2966E-5 9.9088E-5 9.552E-5 9.9701E-5 2.6158E-5 9.701E-5 9.874E-5 9.9587E-5 9.5355E-5 9.5015E-5 9.243E-5 9.8994E-5 9.7642E-5 9.6147E-5 1.08073E-4 9.886E-5 2.6012E-5 1.01365E-4 1.12855E-4 1.18236E-4 2.9969E-5 1.09597E-4 1.01665E-4 1.42482E-4 1.21093E-4 5.6604E-5 1.00806E-4 9.7525E-5 9.6585E-5 2.9414E-5 9.8347E-5 9.7803E-5 1.01461E-4 1.06752E-4 1.08244E-4 9.5408E-5 1.01681E-4 1.04496E-4 9.6916E-5 1.12491E-4 9.8676E-5 9.6845E-5 1.06954E-4 9.5172E-5 9.6193E-5 9.3085E-5 1.45693E-4 1.0201E-4 9.3271E-5 4.6215E-5 1.18684E-4 1.313E-4 9.5649E-5 8.6858E-5 1.00241E-4 1.06789E-4 1.10104E-4 1.61591E-4 1.64797E-4 4.5813E-5 1.3668E-4 1.70017E-4 5.2505E-5 1.39454E-4 1.13142E-4 9.608E-5 9.7786E-5 3.0612E-5 1.45207E-4 1.15568E-4 1.00316E-4 3.1567E-5 9.8079E-5 9.3971E-5 9.1717E-5 1.06459E-4 9.1127E-5 9.937E-5 9.2792E-5 3.4642E-5 2.0089E-5 8.7486E-5 1.12635E-4 1.02605E-4 9.7309E-5 1.23418E-4 1.10074E-4 9.8297E-5 1.0296E-4 9.0112E-5 8.877E-5 2.9034E-5 2.0365E-5 8.5372E-5 9.2132E-5 8.935E-5 9.3481E-5 9.5314E-5 9.3083E-5 8.8791E-5 8.8829E-5 9.5264E-5 9.4574E-5 3.0298E-5 9.8794E-5 9.531E-5 2.2779E-5 8.8035E-5 9.0677E-5 9.414E-5 8.9404E-5 9.2196E-5 9.0313E-5 9.7108E-5 1.03225E-4 9.9249E-5 1.15344E-4 3.1572E-5 9.8245E-5 9.9467E-5 8.6052E-5 9.054E-5 1.8229E-5 9.1131E-5 1.01243E-4 9.448E-5 8.9972E-5 1.7202E-5 9.259E-5 8.9991E-5 9.2758E-5 9.4943E-5 9.5167E-5 9.1926E-5 8.3378E-5 8.9664E-5 9.8854E-5 1.07396E-4 1.02469E-4 1.02656E-4 9.1117E-5 9.4625E-5 8.8407E-5 9.2236E-5 9.5122E-5 3.1601E-5 9.306E-5 9.1906E-5 8.8562E-5 1.5889E-5 9.1243E-5 8.6028E-5 2.2246E-5 9.1606E-5 9.5714E-5 8.7956E-5 9.1534E-5 8.8628E-5 8.8871E-5 8.9881E-5 9.2425E-5 9.7185E-5 9.3698E-5 9.4331E-5 8.5865E-5 9.0677E-5 1.06944E-4 9.9588E-5 9.3E-5 9.5346E-5 1.59483E-4 9.7127E-5 1.08924E-4 1.10311E-4 1.88009E-4 1.64268E-4 1.22612E-4 2.61629E-4 1.12092E-4 1.22218E-4 1.04892E-4 1.22617E-4 1.16286E-4 1.2279E-4 1.07632E-4 2.12748E-4 1.39127E-4 1.00215E-4 2.19791E-4 1.69614E-4 1.61761E-4 1.80786E-4 1.78593E-4 1.76367E-4 1.80524E-4 1.7816E-4 1.72149E-4 1.62077E-4 1.62374E-4 1.52751E-4 1.56232E-4 1.63446E-4 1.22385E-4 1.97394E-4 1.61966E-4 1.36532E-4 1.40335E-4 1.44872E-4 1.33955E-4 1.38329E-4 1.36971E-4 1.4213E-4 1.46333E-4 1.38083E-4 1.31904E-4 1.32747E-4 1.35142E-4 1.40817E-4 1.38849E-4 1.43586E-4 1.3082E-4 1.59085E-4 1.43327E-4 1.34747E-4 1.35138E-4 1.3037E-4 1.52557E-4 1.782E-4 1.43205E-4 1.43432E-4 1.47351E-4 1.63358E-4 1.64357E-4 3.01061E-4 2.48639E-4 1.41055E-4 1.33813E-4 1.56841E-4 1.40039E-4 1.33682E-4 1.33186E-4 1.83787E-4 2.1519E-4 1.52744E-4 1.72575E-4 1.75411E-4 1.13489E-4 1.25977E-4 1.14684E-4 1.23443E-4 1.11404E-4 1.00525E-4 9.8245E-5 1.01539E-4 9.9887E-5 1.14144E-4 1.06772E-4 1.25371E-4 9.7335E-5 9.9223E-5 9.818E-5 9.8191E-5 9.4058E-5 9.6392E-5 1.2425E-4 9.6494E-5 9.9198E-5 9.6926E-5 9.6281E-5 1.05138E-4 1.12946E-4 1.02655E-4 9.578E-5 1.95748E-4 1.99672E-4 1.82568E-4 1.89285E-4 1.9285E-4 1.93221E-4 1.84433E-4 1.87714E-4 1.91588E-4 1.96914E-4 2.20301E-4 1.57457E-4 2.21649E-4 2.04094E-4 1.8105E-4 2.97833E-4 1.97374E-4 1.90241E-4 1.42232E-4 1.32151E-4 1.22376E-4 1.25483E-4 1.24712E-4 1.34457E-4 1.20704E-4 1.29793E-4 1.25942E-4 1.25022E-4 1.75003E-4 1.42668E-4 1.58777E-4 1.45322E-4 1.80277E-4 1.41001E-4 1.14109E-4 1.22998E-4 1.33697E-4 1.29164E-4 1.42361E-4 1.38154E-4 1.91033E-4 1.50053E-4 1.23637E-4 1.581E-4 1.4825E-4 2.33092E-4 1.39988E-4 1.74592E-4 1.57633E-4 1.59332E-4 1.32671E-4 1.08211E-4 1.29922E-4 1.28873E-4 1.32161E-4 1.13514E-4 1.27874E-4 1.52925E-4 1.71083E-4 1.69786E-4 1.30377E-4 1.27735E-4 1.27726E-4 1.28044E-4 1.46748E-4 1.29753E-4 1.28741E-4 1.30243E-4 1.22012E-4 1.33632E-4 1.20672E-4 1.2288E-4 1.22307E-4 1.26635E-4 1.24046E-4 1.15953E-4 1.28208E-4 1.32804E-4 1.32089E-4 1.34996E-4 1.26755E-4 1.30499E-4 1.18313E-4 1.24635E-4 1.25729E-4 1.13236E-4 1.22282E-4 1.24741E-4 1.24179E-4 1.23213E-4 1.21881E-4 1.24764E-4 1.24442E-4 1.12397E-4 1.40916E-4 1.2458E-4 1.2777E-4 1.21559E-4 1.20215E-4 1.20476E-4 1.44474E-4 1.47156E-4 1.35096E-4 1.19078E-4 1.23218E-4 1.20666E-4 1.05578E-4 1.2278E-4 1.21714E-4 1.26958E-4 1.24856E-4 1.20807E-4 1.21261E-4 9.5797E-5 1.13323E-4 9.1788E-5 1.13089E-4 9.6438E-5 1.14249E-4 1.13054E-4 1.0633E-4 1.10697E-4 1.1102E-4 1.13235E-4 1.04976E-4 1.12685E-4 1.26603E-4 1.1099E-4 1.07205E-4 1.15472E-4 1.05855E-4 1.16462E-4 9.3459E-5 1.14506E-4 9.3916E-5 1.17717E-4 1.14299E-4 1.06582E-4 1.53903E-4 1.10291E-4 1.10818E-4 1.04328E-4 1.05677E-4 1.15645E-4 1.15813E-4 1.07684E-4 1.13856E-4 1.05855E-4 1.06783E-4 1.1553E-4 1.11609E-4 9.2798E-5 1.06184E-4 1.21E-4 1.1333E-4 9.8036E-5 1.14348E-4 1.05811E-4 1.1232E-4 1.13686E-4 1.05196E-4 1.2098E-4 1.13693E-4 1.05638E-4 1.097E-4 1.10273E-4 1.07798E-4 1.05226E-4 9.2155E-5 1.10197E-4 1.02841E-4 1.06419E-4 1.08682E-4 1.07276E-4 1.05388E-4 9.8984E-5 1.07915E-4 1.21968E-4 1.23741E-4 1.20519E-4 1.1363E-4 1.20584E-4 1.22936E-4 1.264E-4 1.17925E-4 1.09038E-4 1.22789E-4 1.16071E-4 1.21574E-4 1.11245E-4 1.03193E-4 1.07465E-4 1.08546E-4 1.04404E-4 1.09438E-4 1.05814E-4 1.12666E-4 1.04409E-4 1.07389E-4 1.18744E-4 1.2013E-4 1.22224E-4 1.06725E-4 1.06572E-4 1.05167E-4 1.24161E-4 1.00935E-4 1.06371E-4 1.26806E-4 1.13656E-4 1.30385E-4 1.40303E-4 1.4576E-4 9.7267E-5 1.08381E-4 8.3314E-5 1.03076E-4 1.31695E-4 1.07366E-4 9.8809E-5 9.5098E-5 1.66782E-4 1.04386E-4 1.00467E-4 1.00127E-4 1.02005E-4 1.09492E-4 9.7118E-5 9.8653E-5 1.03473E-4 9.6375E-5 1.09495E-4 1.39355E-4 1.17362E-4 8.8747E-5 1.06716E-4 1.04707E-4 1.17655E-4 1.14563E-4 1.08173E-4 1.04227E-4 1.00261E-4 9.8689E-5 9.9119E-5 1.07459E-4 1.08322E-4 1.03451E-4 9.5842E-5 9.8459E-5 1.06365E-4 9.8995E-5 9.266E-5 1.10162E-4 1.20236E-4 1.08919E-4 9.0476E-5 1.12928E-4 1.00502E-4 9.8519E-5 1.69592E-4 1.00556E-4 1.19678E-4 1.19771E-4 1.04569E-4 1.09638E-4 1.11754E-4 1.06152E-4 1.08942E-4 9.2311E-5 1.16167E-4 1.04671E-4 1.0773E-4 1.09192E-4 1.05071E-4 9.3339E-5 8.9797E-5 9.7771E-5 1.10145E-4 1.0356E-4 1.01794E-4 1.27542E-4 1.067E-4 1.04657E-4 1.04944E-4 9.652E-5 9.5711E-5 1.12769E-4 1.11857E-4 9.977E-5 1.54297E-4 1.04315E-4 1.03417E-4 9.9819E-5 9.7403E-5 1.02142E-4 1.00227E-4 1.08046E-4 1.01474E-4 1.03337E-4 1.1065E-4 1.23281E-4 1.16126E-4 1.05679E-4 1.13323E-4 1.01873E-4 1.22755E-4 9.6342E-5 9.7316E-5 1.16134E-4 1.13436E-4 9.7542E-5 1.02212E-4 1.21518E-4 9.7984E-5 1.04909E-4 7.7463E-5 9.1651E-5 7.7902E-5 9.0906E-5 9.2287E-5 1.05296E-4 1.16962E-4 1.07206E-4 1.19405E-4 1.0002E-4 1.01351E-4 1.15773E-4 9.488E-5 8.9987E-5 9.4847E-5 8.6188E-5 9.7331E-5 7.2471E-5 9.4436E-5 8.2324E-5 9.8166E-5 1.00137E-4 1.05524E-4 9.7081E-5 8.5625E-5 8.4393E-5 8.2543E-5 8.013E-5 8.8284E-5 8.9534E-5 8.7317E-5 9.7473E-5 9.9388E-5 8.9137E-5 9.0424E-5 8.5139E-5 7.6683E-5 8.5357E-5 9.6495E-5 1.00553E-4 9.5303E-5 1.03995E-4 9.646E-5 9.2966E-5 9.2947E-5 8.9118E-5 9.2965E-5 9.4532E-5 8.7693E-5 8.7942E-5 8.6998E-5 8.819E-5 8.0776E-5 7.0206E-5 8.1158E-5 7.9864E-5 8.3551E-5 8.632E-5 9.2618E-5 9.3693E-5 9.2933E-5 9.0269E-5 1.02973E-4 8.9963E-5 8.8276E-5 9.5457E-5 9.2113E-5 9.9164E-5 9.4498E-5 8.2701E-5 8.3176E-5 9.9165E-5 1.11937E-4 1.21667E-4 1.28085E-4 1.41025E-4 1.03185E-4 1.02833E-4 9.6665E-5 1.05353E-4 8.6667E-5 9.7826E-5 9.7687E-5 8.9517E-5 9.3449E-5 1.02136E-4 9.8674E-5 8.1504E-5 9.3577E-5 9.1125E-5 1.07257E-4 8.2269E-5 8.368E-5 9.6521E-5 8.9873E-5 8.2989E-5 9.4612E-5 9.9081E-5 7.1011E-5 8.3343E-5 6.428E-5 8.3531E-5 6.9641E-5 8.0708E-5 8.3035E-5 8.964E-5 8.3237E-5 7.7241E-5 7.9091E-5 7.3992E-5 8.4453E-5 9.5934E-5 8.0936E-5 7.609E-5 8.1739E-5 7.6509E-5 8.3679E-5 6.2664E-5 8.2169E-5 7.089E-5 8.4771E-5 7.9685E-5 8.8821E-5 8.8383E-5 8.0943E-5 7.6558E-5 7.3785E-5 7.4171E-5 7.5742E-5 8.4928E-5 7.7554E-5 7.9186E-5 7.5496E-5 7.1975E-5 7.8184E-5 7.4409E-5 6.5242E-5 7.52E-5 1.03914E-4 1.42304E-4 1.14323E-4 1.47205E-4 1.46082E-4 1.34804E-4 1.38824E-4 1.35427E-4 1.47401E-4 1.47414E-4 1.34463E-4 1.28783E-4 1.348E-4 1.33444E-4 1.08081E-4 1.03646E-4 1.24028E-4 9.6567E-5 1.20778E-4 1.32235E-4 1.33684E-4 1.16053E-4 1.13315E-4 1.45376E-4 1.29047E-4 1.73435E-4 1.26547E-4 1.22498E-4 1.31458E-4 1.17284E-4 1.38397E-4 1.28231E-4 1.14723E-4 1.54391E-4 1.13135E-4 1.10987E-4 8.1249E-5 7.7363E-5 7.8203E-5 8.5807E-5 7.9461E-5 8.9141E-5 7.9706E-5 8.6964E-5 9.1119E-5 8.5289E-5 8.3883E-5 9.4836E-5 9.2002E-5 7.7179E-5 8.8422E-5 9.4321E-5 9.9263E-5 7.7942E-5 7.6527E-5 9.3684E-5 8.8656E-5 8.8396E-5 8.9616E-5 1.00795E-4 7.4544E-5 9.0415E-5 6.9396E-5 9.2511E-5 7.2028E-5 8.65E-5 8.3313E-5 1.09222E-4 8.0731E-5 8.1597E-5 1.02969E-4 7.9589E-5 1.16795E-4 1.00154E-4 8.6859E-5 8.3054E-5 8.7904E-5 8.0264E-5 9.2761E-5 7.0643E-5 8.8721E-5 7.644E-5 9.5332E-5 1.12683E-4 1.01991E-4 1.00159E-4 8.3118E-5 8.2982E-5 8.1313E-5 1.40673E-4 9.5669E-5 9.2345E-5 1.48814E-4 9.0611E-5 9.0478E-5 8.2042E-5 8.8291E-5 1.01348E-4 8.0426E-5 9.6584E-5 1.01782E-4 1.0416E-4 9.0563E-5 1.12844E-4 1.00742E-4 9.7558E-5 9.5648E-5 9.1412E-5 1.01514E-4 1.05109E-4 9.1665E-5 8.5198E-5 8.4135E-5 8.3804E-5 8.0299E-5 7.4138E-5 8.1795E-5 1.31045E-4 8.9338E-5 1.08059E-4 1.17195E-4 8.8856E-5 8.9313E-5 9.29E-5 9.575E-5 8.9676E-5 8.9376E-5 9.6566E-5 9.5369E-5 1.00083E-4 9.5375E-5 8.6974E-5 8.2449E-5 1.02216E-4 1.1908E-4 8.34E-5 9.0483E-5 8.1656E-5 8.2788E-5 9.1087E-5 8.2721E-5 9.5298E-5 8.5172E-5 9.2378E-5 9.9542E-5 9.0767E-5 9.2186E-5 1.0332E-4 1.01317E-4 8.3135E-5 9.4414E-5 9.3188E-5 1.05052E-4 8.3842E-5 8.0E-5 9.7013E-5 9.7129E-5 9.4332E-5 9.4489E-5 1.12673E-4 8.117E-5 9.7823E-5 7.0887E-5 1.08176E-4 7.6955E-5 9.4714E-5 1.0667E-4 1.0127E-4 1.09352E-4 1.02987E-4 8.9897E-5 8.1199E-5 9.3371E-5 9.9819E-5 1.07378E-4 9.0924E-5 8.7734E-5 8.0394E-5 9.2573E-5 6.8721E-5 1.02579E-4 7.8238E-5 8.8645E-5 8.6844E-5 9.0433E-5 9.1509E-5 8.1468E-5 8.1384E-5 8.2631E-5 7.7674E-5 8.1221E-5 8.7468E-5 8.1219E-5 8.8772E-5 7.5615E-5 7.3358E-5 8.4765E-5 7.327E-5 6.7157E-5 7.4342E-5 8.9097E-5 8.9868E-5 6.9191E-5 8.7623E-5 9.048E-5 8.7915E-5 9.2412E-5 8.302E-5 8.8341E-5 8.9212E-5 8.155E-5 7.9238E-5 7.9592E-5 8.0506E-5 7.7681E-5 7.4198E-5 8.0918E-5 8.0284E-5 7.7035E-5 7.851E-5 7.7834E-5 7.3091E-5 7.667E-5 8.8129E-5 9.7735E-5 8.827E-5 1.01612E-4 1.08E-4 1.42314E-4 1.4569E-4 1.4387E-4 1.42267E-4 1.04448E-4 1.06732E-4 9.1246E-5 8.0585E-5 9.9949E-5 1.22408E-4 9.0002E-5 9.6186E-5 8.719E-5 9.98E-5 8.4498E-5 9.3778E-5 9.8555E-5 8.9881E-5 9.2696E-5 1.09935E-4 9.9214E-5 9.2951E-5 9.6951E-5 9.5479E-5 1.10194E-4 8.5113E-5 8.0529E-5 9.9811E-5 9.6065E-5 9.3779E-5 1.00536E-4 1.32179E-4 8.0949E-5 1.30531E-4 7.5842E-5 9.4222E-5 7.896E-5 1.0371E-4 1.05086E-4 1.01422E-4 9.4457E-5 8.7201E-5 9.0152E-5 8.5182E-5 9.5146E-5 1.0852E-4 8.8427E-5 8.6195E-5 9.4546E-5 8.2568E-5 9.3114E-5 7.4041E-5 9.2945E-5 8.1766E-5 9.6227E-5 8.9672E-5 1.04141E-4 1.02513E-4 8.935E-5 9.1979E-5 8.8801E-5 9.0499E-5 1.1075E-4 1.08128E-4 9.5015E-5 9.3478E-5 1.29886E-4 1.37503E-4 9.1135E-5 8.269E-5 7.2672E-5 8.0471E-5 1.0228E-4 1.34542E-4 7.7146E-5 9.3404E-5 9.4048E-5 9.3875E-5 9.0971E-5 9.9533E-5 1.04025E-4 1.15909E-4 1.20794E-4 9.6903E-5 1.11453E-4 9.5422E-5 8.5543E-5 7.7804E-5 8.7133E-5 8.8305E-5 8.879E-5 9.2364E-5 9.0862E-5 8.953E-5 8.1238E-5 8.88E-5 9.7136E-5 9.0515E-5 9.0203E-5 9.613E-5 9.6955E-5 1.01038E-4 1.05539E-4 9.5751E-5 8.837E-5 1.11587E-4 1.05534E-4 1.00603E-4 1.51687E-4 1.14607E-4 1.60036E-4 1.40272E-4 9.4874E-5 1.07148E-4 9.0944E-5 1.04384E-4 1.18989E-4 1.74452E-4 1.37723E-4 1.19345E-4 1.08561E-4 8.9801E-5 9.4949E-5 1.0051E-4 1.1609E-4 1.05377E-4 8.6425E-5 9.7655E-5 9.8759E-5 9.5166E-5 9.7721E-5 9.9453E-5 7.5166E-5 9.2092E-5 7.2498E-5 9.1647E-5 7.8425E-5 9.1708E-5 9.0152E-5 9.7218E-5 9.0507E-5 8.4167E-5 9.0947E-5 8.3803E-5 9.528E-5 1.09572E-4 8.6615E-5 9.1752E-5 9.4587E-5 8.709E-5 9.7026E-5 7.5034E-5 9.4175E-5 8.283E-5 9.4742E-5 8.8854E-5 1.01131E-4 1.0477E-4 8.7203E-5 8.5113E-5 8.2608E-5 8.272E-5 8.4442E-5 9.4643E-5 8.5349E-5 9.1845E-5 1.12752E-4 1.01151E-4 9.3714E-5 8.6245E-5 7.8177E-5 7.9062E-5 9.9303E-5 1.02905E-4 9.4491E-5 9.6839E-5 1.03389E-4 9.7371E-5 9.4845E-5 9.6306E-5 1.00005E-4 1.03677E-4 9.382E-5 8.3994E-5 7.962E-5 8.5817E-5 8.0582E-5 7.9269E-5 8.4814E-5 8.9154E-5 8.1921E-5 9.0779E-5 8.6022E-5 8.1561E-5 9.7299E-5 9.0027E-5 1.28403E-4 9.0865E-5 9.2408E-5 9.7496E-5 1.02249E-4 1.07938E-4 1.33631E-4 1.04114E-4 9.414E-5 1.20696E-4 1.83352E-4 1.20806E-4 1.44341E-4 9.8066E-5 9.1763E-5 9.753E-5 8.5013E-5 1.05642E-4 8.4756E-5 9.3445E-5 9.7052E-5 1.19534E-4 1.00799E-4 1.05627E-4 1.00355E-4 8.8304E-5 9.4834E-5 9.705E-5 1.07716E-4 8.7344E-5 7.4857E-5 9.9E-5 9.7312E-5 1.2201E-4 1.41155E-4 1.10295E-4 8.7057E-5 9.9384E-5 7.5692E-5 9.6113E-5 9.9456E-5 9.4245E-5 9.2671E-5 9.7056E-5 9.0245E-5 8.0043E-5 8.9028E-5 8.4279E-5 9.2358E-5 1.09233E-4 1.33946E-4 1.36577E-4 1.52298E-4 1.36549E-4 9.6014E-5 7.1E-5 9.527E-5 7.7236E-5 1.02256E-4 1.52729E-4 1.23881E-4 1.53838E-4 9.972E-5 9.4832E-5 8.6538E-5 8.4834E-5 9.3557E-5 9.4867E-5 8.7287E-5 8.9039E-5 8.2723E-5 8.4028E-5 9.1811E-5 8.7321E-5 7.4461E-5 9.3281E-5 1.38819E-4 1.14665E-4 8.1488E-5 8.9014E-5 1.00266E-4 9.2621E-5 9.203E-5 9.9561E-5 1.78237E-4 1.19981E-4 9.7618E-5 9.3276E-5 8.165E-5 9.4874E-5 8.506E-5 7.7318E-5 9.2484E-5 9.1463E-5 1.74534E-4 1.26088E-4 2.0016E-4 1.5033E-4 9.0579E-5 9.1114E-5 9.9484E-5 9.1669E-5 9.1363E-5 9.5267E-5 1.11486E-4 1.06166E-4 1.0562E-4 8.5803E-5 8.3113E-5 1.02093E-4 9.3852E-5 9.2439E-5 9.6703E-5 9.6865E-5 8.5552E-5 1.3944E-4 8.8101E-5 1.1935E-4 8.9682E-5 1.0347E-4 1.08593E-4 1.00469E-4 1.01667E-4 1.14205E-4 1.00446E-4 8.7095E-5 9.7321E-5 9.8013E-5 1.18033E-4 9.8661E-5 8.9916E-5 1.20203E-4 1.01936E-4 9.5603E-5 9.8648E-5 1.15682E-4 8.7778E-5 9.9517E-5 8.2251E-5 1.11187E-4 9.0527E-5 1.25654E-4 1.29796E-4 1.18664E-4 9.7043E-5 8.3946E-5 1.09566E-4 1.09769E-4 1.63888E-4 1.22419E-4 8.628E-5 8.5043E-5 9.2773E-5 8.4108E-5 9.6626E-5 7.0049E-5 9.1357E-5 8.0121E-5 9.4705E-5 9.0719E-5 1.01445E-4 1.01956E-4 8.8725E-5 8.5173E-5 8.4935E-5 8.4984E-5 1.18328E-4 1.06935E-4 9.1394E-5 8.7957E-5 8.2258E-5 8.3349E-5 9.0945E-5 8.8986E-5 7.4595E-5 7.1398E-5 9.6999E-5 1.01133E-4 8.2351E-5 8.4429E-5 9.798E-5 9.1337E-5 8.9817E-5 9.2314E-5 9.9096E-5 1.03204E-4 8.8747E-5 8.6203E-5 7.6899E-5 8.7493E-5 8.8637E-5 7.6937E-5 8.6902E-5 8.7858E-5 7.8936E-5 8.9376E-5 8.6341E-5 8.3612E-5 8.8019E-5 9.1295E-5 1.13098E-4 1.11868E-4 1.15432E-4 1.1208E-4 1.41285E-4 1.77352E-4 1.97413E-4 1.43854E-4 9.5775E-5 1.07512E-4 9.5084E-5 8.7794E-5 8.7527E-5 8.4056E-5 8.5277E-5 1.3973E-4 9.1787E-5 1.15585E-4 9.0766E-5 1.32697E-4 1.13278E-4 1.02969E-4 1.1002E-4 1.07217E-4 1.02276E-4 9.0074E-5 1.09862E-4 1.03323E-4 1.16278E-4 8.0567E-5 7.4922E-5 1.02594E-4 9.7728E-5 9.8237E-5 1.11334E-4 1.04295E-4 8.016E-5 9.3262E-5 7.3443E-5 1.13538E-4 8.2781E-5 9.4457E-5 9.1123E-5 1.00195E-4 9.4035E-5 7.9348E-5 9.2544E-5 8.4558E-5 9.2467E-5 1.10792E-4 7.8513E-5 9.4149E-5 9.0725E-5 8.5678E-5 9.6692E-5 7.489E-5 9.3766E-5 8.034E-5 9.8225E-5 9.1918E-5 1.0126E-4 9.5963E-5 9.4133E-5 8.4554E-5 8.3552E-5 8.2972E-5 8.4499E-5 9.1567E-5 8.6706E-5 8.8082E-5 7.3059E-5 8.7748E-5 8.7429E-5 8.7864E-5 7.6084E-5 7.1998E-5 9.7657E-5 1.0057E-4 7.799E-5 3.8332E-5 9.8563E-5 9.0707E-5 9.8464E-5 9.2649E-5 9.7895E-5 1.0497E-4 9.3211E-5 8.7582E-5 1.02705E-4 1.80121E-4 1.3585E-4 5.8153E-5 9.5683E-5 9.5721E-5 7.8358E-5 9.5473E-5 8.9077E-5 8.5294E-5 8.018E-5 8.3423E-5 1.0007E-4 9.1792E-5 9.1741E-5 9.5469E-5 9.8299E-5 1.02987E-4 9.8552E-5 8.7571E-5 8.6524E-5 1.04737E-4 9.5294E-5 8.4507E-5 8.6111E-5 8.6616E-5 1.10628E-4 1.01254E-4 8.6708E-5 9.6092E-5 9.3145E-5 9.5598E-5 9.7693E-5 1.00702E-4 1.05877E-4 1.39895E-4 1.2132E-4 9.8625E-5 1.19826E-4 1.18682E-4 1.14252E-4 7.9833E-5 7.245E-5 1.01901E-4 9.5561E-5 9.6779E-5 1.0346E-4 1.09231E-4 8.1935E-5 9.2372E-5 7.3913E-5 9.498E-5 7.588E-5 8.6231E-5 8.581E-5 9.6419E-5 9.001E-5 7.4375E-5 8.7717E-5 8.0493E-5 8.9148E-5 1.04343E-4 7.7034E-5 8.6295E-5 8.6243E-5 7.9874E-5 9.2296E-5 6.808E-5 1.02662E-4 8.845E-5 9.0153E-5 8.5145E-5 9.4073E-5 9.3619E-5 8.3113E-5 8.2842E-5 7.9603E-5 7.7802E-5 8.1665E-5 8.942E-5 8.495E-5 8.6571E-5 6.9258E-5 7.8881E-5 8.3687E-5 7.9306E-5 6.9384E-5 6.6168E-5 9.0574E-5 1.41217E-4 7.9258E-5 8.0628E-5 1.71638E-4 8.8018E-5 8.2843E-5 8.5017E-5 9.0768E-5 9.6434E-5 8.3259E-5 7.8814E-5 7.4249E-5 8.3049E-5 7.8473E-5 1.0562E-4 2.45591E-4 1.84387E-4 9.2605E-5 9.6027E-5 1.02772E-4 8.597E-5 9.2873E-5 7.9754E-5 9.6672E-5 8.943E-5 8.8932E-5 9.6249E-5 9.7165E-5 1.03668E-4 1.00665E-4 9.4033E-5 8.579E-5 1.07515E-4 9.5645E-5 8.356E-5 8.7651E-5 1.0265E-4 8.2133E-5 9.3326E-5 8.1609E-5 9.6225E-5 8.1913E-5 9.0452E-5 9.4059E-5 8.8955E-5 9.1385E-5 1.28237E-4 1.12307E-4 8.9652E-5 1.10082E-4 1.02963E-4 1.1203E-4 7.8151E-5 7.3433E-5 1.10931E-4 9.7486E-5 1.00993E-4 1.17473E-4 2.84728E-4 1.07033E-4 1.15331E-4 1.32027E-4 1.44751E-4 8.4672E-5 1.02346E-4 9.3952E-5 1.19053E-4 1.2422E-4 1.11166E-4 2.15555E-4 1.23551E-4 1.09977E-4 1.11058E-4 8.3766E-5 1.13409E-4 1.31145E-4 1.05844E-4 1.00325E-4 7.6058E-5 9.6934E-5 8.4897E-5 9.8969E-5 1.08838E-4 1.26481E-4 1.21573E-4 9.4615E-5 9.0591E-5 8.8251E-5 8.459E-5 8.599E-5 9.1677E-5 8.6069E-5 8.7148E-5 8.1376E-5 1.08416E-4 9.8659E-5 9.0433E-5 8.2038E-5 7.973E-5 1.03317E-4 1.0444E-4 8.0804E-5 1.33997E-4 1.05968E-4 1.05894E-4 1.0215E-4 9.2768E-5 9.9965E-5 1.00093E-4 9.9253E-5 8.7675E-5 7.5636E-5 8.7101E-5 8.4847E-5 7.0676E-5 8.8307E-5 1.05158E-4 7.5953E-5 9.9871E-5 8.6591E-5 8.3471E-5 7.5459E-5 7.561E-5 1.0957E-4 9.921E-5 9.0946E-5 1.02897E-4 9.3538E-5 1.14414E-4 9.2795E-5 8.2524E-5 7.9985E-5 9.7349E-5 8.4719E-5 7.7962E-5 8.8866E-5 8.2784E-5 8.5917E-5 9.2663E-5 8.1506E-5 9.3937E-5 9.1005E-5 9.3791E-5 9.5545E-5 8.6344E-5 9.0188E-5 9.72E-5 1.07656E-4 8.7645E-5 9.5578E-5 1.03201E-4 1.17527E-4 1.42489E-4 1.03495E-4 1.7066E-4 1.31115E-4 1.36E-4 1.02919E-4 1.03857E-4 7.9031E-5 9.3653E-5 8.1867E-5 1.00733E-4 1.03345E-4 1.26902E-4 1.01453E-4 1.02997E-4 9.1644E-5 7.6043E-5 9.8545E-5 9.6876E-5 9.5453E-5 1.19136E-4 7.8202E-5 8.8817E-5 8.7535E-5 8.2371E-5 8.9982E-5 6.6559E-5 8.7298E-5 7.5498E-5 8.8734E-5 8.7434E-5 9.3017E-5 9.3404E-5 8.2895E-5 8.2669E-5 7.9637E-5 7.877E-5 1.33507E-4 1.00155E-4 9.9179E-5 9.8036E-5 8.4124E-5 1.09637E-4 9.3358E-5 1.12937E-4 8.3716E-5 8.499E-5 1.02235E-4 1.49411E-4 1.16639E-4 8.8455E-5 1.14149E-4 1.03588E-4 9.0239E-5 9.2264E-5 1.11654E-4 1.11619E-4 9.7022E-5 9.4288E-5 9.5533E-5 1.32706E-4 8.8821E-5 8.1853E-5 1.06384E-4 9.6499E-5 9.0453E-5 1.06144E-4 9.3151E-5 1.06096E-4 1.00151E-4 1.10267E-4 1.05565E-4 1.49445E-4 1.63085E-4 2.24779E-4 3.15115E-4 3.37557E-4 1.90952E-4 1.52059E-4 1.37216E-4 1.79505E-4 1.58902E-4 1.5065E-4 1.54748E-4 1.48599E-4 1.4673E-4 1.67767E-4 1.66643E-4 1.47973E-4 1.39131E-4 1.61271E-4 1.71289E-4 1.48921E-4 1.56943E-4 1.80304E-4 1.37797E-4 1.01602E-4 1.0026E-4 1.14067E-4 1.10514E-4 1.04312E-4 7.5439E-5 1.14125E-4 1.12012E-4 1.02268E-4 1.09472E-4 1.41832E-4 1.45544E-4 1.04373E-4 1.12065E-4 1.11712E-4 9.3067E-5 1.30914E-4 1.0508E-4 1.18783E-4 1.06725E-4 1.13641E-4 1.08515E-4 9.9969E-5 1.0888E-4 1.27177E-4 1.0445E-4 1.08835E-4 1.09723E-4 9.8025E-5 1.24887E-4 1.42365E-4 2.15487E-4 9.3247E-5 1.05596E-4 1.03209E-4 1.22243E-4 1.21561E-4 9.7046E-5 9.7711E-5 9.4879E-5 9.7818E-5 9.2269E-5 1.07746E-4 1.19189E-4 1.08618E-4 1.03354E-4 9.041E-5 9.0816E-5 8.2043E-5 8.3486E-5 7.3504E-5 9.7051E-5 1.00477E-4 7.8402E-5 9.4911E-5 1.04777E-4 9.6509E-5 9.3123E-5 1.0043E-4 1.00488E-4 1.12364E-4 8.8911E-5 8.4238E-5 7.4537E-5 8.741E-5 8.1942E-5 7.1783E-5 1.56398E-4 1.03351E-4 8.2493E-5 1.02886E-4 8.8237E-5 8.4835E-5 7.1615E-5 7.1319E-5 9.5641E-5 8.9981E-5 8.9173E-5 1.05081E-4 9.6054E-5 9.9544E-5 9.8022E-5 9.7203E-5 9.6066E-5 1.07057E-4 9.9077E-5 1.19947E-4 9.5537E-5 9.6063E-5 8.8782E-5 9.7583E-5 8.3203E-5 9.7526E-5 9.2689E-5 9.5928E-5 9.739E-5 8.9791E-5 9.3436E-5 1.0387E-4 9.6976E-5 8.4269E-5 9.326E-5 1.05736E-4 1.04641E-4 8.1727E-5 7.6859E-5 1.05054E-4 1.42206E-4 1.37493E-4 9.9812E-5 1.04857E-4 8.1097E-5 9.9293E-5 8.0098E-5 1.09296E-4 1.24529E-4 1.01706E-4 1.0043E-4 1.12856E-4 1.00372E-4 9.0598E-5 9.6001E-5 8.2284E-5 9.5594E-5 1.06318E-4 7.5413E-5 8.5639E-5 8.9682E-5 8.1116E-5 9.271E-5 7.046E-5 9.0389E-5 1.03138E-4 1.06997E-4 1.07808E-4 1.02778E-4 1.11953E-4 9.6893E-5 9.7839E-5 8.8961E-5 1.07766E-4 1.76949E-4 1.92312E-4 2.18283E-4 1.137E-4 8.7101E-5 8.8563E-5 1.01029E-4 8.7361E-5 7.519E-5 7.7872E-5 1.07221E-4 1.01244E-4 8.8588E-5 8.3899E-5 1.02935E-4 1.00914E-4 9.0927E-5 9.3613E-5 1.08077E-4 1.09446E-4 9.1084E-5 1.0078E-4 1.32119E-4 9.6599E-5 9.3663E-5 7.0168E-5 8.8301E-5 9.0301E-5 7.4816E-5 9.0122E-5 8.4483E-5 8.0772E-5 6.9711E-5 7.1662E-5 9.6496E-5 9.0405E-5 9.3426E-5 9.7377E-5 9.7227E-5 1.12371E-4 1.45591E-4 9.2639E-5 1.26138E-4 1.25404E-4 1.02513E-4 1.0336E-4 8.5286E-5 1.11775E-4 9.1067E-5 9.8221E-5 8.5758E-5 1.37318E-4 9.5709E-5 1.036E-4 1.24322E-4 1.03593E-4 1.00226E-4 1.12896E-4 1.01086E-4 8.9021E-5 9.7409E-5 9.8821E-5 2.1648E-4 1.07885E-4 7.7655E-5 1.07336E-4 1.0488E-4 1.13171E-4 1.19574E-4 1.57902E-4 1.60527E-4 1.1438E-4 7.8719E-5 1.03061E-4 8.524E-5 1.0801E-4 9.5398E-5 1.11807E-4 9.8362E-5 9.3473E-5 1.00063E-4 1.01902E-4 1.03307E-4 1.10083E-4 1.02816E-4 1.11833E-4 1.04166E-4 8.9275E-5 9.8589E-5 1.00929E-4 1.72964E-4 1.57658E-4 1.55569E-4 1.76152E-4 1.47819E-4 1.74373E-4 2.63779E-4 1.49802E-4 1.24379E-4 9.9102E-5 9.5235E-5 9.8923E-5 1.11126E-4 1.1393E-4 1.00238E-4 1.03965E-4 9.5195E-5 1.00541E-4 7.9626E-5 9.5997E-5 1.33328E-4 1.77257E-4 1.00315E-4 9.089E-5 1.04128E-4 1.00231E-4 9.2041E-5 9.315E-5 9.2005E-5 1.10601E-4 8.9703E-5 8.97E-5 7.8296E-5 1.17848E-4 1.13205E-4 1.07804E-4 1.06559E-4 9.4778E-5 8.0509E-5 9.4558E-5 1.0016E-4 1.03061E-4 1.36677E-4 1.38294E-4 1.07439E-4 1.12338E-4 1.00624E-4 9.9374E-5 9.8925E-5 1.0399E-4 1.13391E-4 8.7831E-5 9.0165E-5 1.20742E-4 1.06701E-4 1.02508E-4 8.9087E-5 8.4311E-5 1.00262E-4 1.00663E-4 1.24316E-4 1.72365E-4 2.09626E-4 1.94089E-4 2.01718E-4 1.68114E-4 1.0991E-4 1.08568E-4 1.02753E-4 9.9225E-5 1.02911E-4 1.00812E-4 1.06904E-4 7.745E-5 6.9896E-5 1.02434E-4 1.00566E-4 9.4805E-5 9.9082E-5 9.9521E-5 9.9206E-5 9.4249E-5 1.18026E-4 1.1456E-4 8.7267E-5 1.15153E-4 1.07258E-4 1.15636E-4 1.02323E-4 8.8922E-5 9.7721E-5 8.8901E-5 9.8046E-5 1.04741E-4 7.5536E-5 8.9292E-5 9.2588E-5 8.5175E-5 9.6147E-5 7.3335E-5 9.4942E-5 7.924E-5 9.5298E-5 1.06339E-4 1.15269E-4 1.11303E-4 1.0153E-4 1.29556E-4 9.2607E-5 9.9922E-5 9.9925E-5 9.9084E-5 9.1024E-5 9.2618E-5 7.5757E-5 1.01029E-4 1.04814E-4 9.7833E-5 7.9338E-5 8.2359E-5 1.45659E-4 1.79246E-4 1.25741E-4 8.953E-5 1.81021E-4 1.45058E-4 1.77963E-4 2.13845E-4 1.68258E-4 1.57577E-4 1.54081E-4 3.20626E-4 1.74751E-4 2.02017E-4 1.63847E-4 8.7035E-5 2.0085E-4 1.78569E-4 1.1015E-4 2.00218E-4 1.48663E-4 1.77506E-4 1.28795E-4 4.48906E-4 3.92003E-4 1.54385E-4 1.43021E-4 1.1309E-4 1.56786E-4 1.21213E-4 1.18698E-4 9.6157E-5 1.86497E-4 1.46582E-4 1.7786E-4 1.09212E-4 1.60213E-4 1.42389E-4 1.42786E-4 1.1463E-4 1.27877E-4 2.26628E-4 1.34971E-4 1.19142E-4 1.20944E-4 1.54988E-4 1.62727E-4 1.56059E-4 2.33322E-4 1.52028E-4 1.09148E-4 1.31534E-4 1.4821E-4 8.6343E-5 8.4961E-5 1.37884E-4 1.77101E-4 1.17929E-4 1.7743E-4 1.65266E-4 1.28383E-4 1.23424E-4 8.971E-5 9.988E-5 8.0848E-5 1.08585E-4 9.6088E-5 1.74299E-4 1.56264E-4 1.14735E-4 1.88184E-4 1.09097E-4 1.45879E-4 1.46114E-4 8.4048E-5 1.02848E-4 9.4436E-5 8.8418E-5 9.6915E-5 9.8474E-5 1.7187E-4 9.2857E-5 1.12627E-4 9.8071E-5 1.04528E-4 1.01973E-4 9.0875E-5 8.9202E-5 8.7814E-5 8.5834E-5 9.2941E-5 1.23553E-4 1.56761E-4 1.26195E-4 9.8072E-5 1.37759E-4 1.37681E-4 9.6124E-5 9.2481E-5 7.6876E-5 1.17077E-4 1.11521E-4 8.4892E-5 8.2846E-5 1.01922E-4 9.6686E-5 1.12903E-4 1.10417E-4 9.5608E-5 1.20045E-4 9.323E-5 9.4678E-5 9.2866E-5 1.00907E-4 8.9525E-5 7.9648E-5 9.7522E-5 9.3943E-5 8.0015E-5 1.11052E-4 1.01086E-4 9.0329E-5 7.1983E-5 7.3193E-5 9.9782E-5 9.4146E-5 9.4939E-5 1.16994E-4 1.08338E-4 1.23446E-4 1.11263E-4 9.5475E-5 9.0968E-5 1.29397E-4 1.52568E-4 1.79872E-4 1.99296E-4 9.781E-5 8.9084E-5 9.9645E-5 9.9984E-5 1.05405E-4 8.7514E-5 9.7531E-5 9.9172E-5 9.4438E-5 1.00633E-4 1.18248E-4 1.10018E-4 8.861E-5 9.8436E-5 1.09205E-4 1.12908E-4 9.1156E-5 9.3231E-5 1.42016E-4 1.09986E-4 1.01174E-4 1.16002E-4 1.0133E-4 7.9775E-5 1.0086E-4 8.5604E-5 1.00637E-4 8.9263E-5 1.16041E-4 1.69629E-4 1.68876E-4 1.62748E-4 1.34056E-4 1.64893E-4 1.35151E-4 1.38229E-4 1.45782E-4 1.1606E-4 1.49331E-4 1.83207E-4 1.62561E-4 1.53061E-4 1.18672E-4 1.38768E-4 1.28387E-4 1.48273E-4 1.51628E-4 1.6674E-4 1.58705E-4 1.50537E-4 1.33965E-4 1.39662E-4 1.41451E-4 1.43308E-4 1.45067E-4 1.41967E-4 1.45001E-4 8.4244E-5 9.2023E-5 9.0377E-5 9.7273E-5 7.9059E-5 1.17427E-4 1.58462E-4 1.62587E-4 1.28717E-4 9.7266E-5 2.05305E-4 1.30432E-4 1.29047E-4 1.55191E-4 1.05412E-4 1.33763E-4 9.7566E-5 1.01416E-4 1.00848E-4 9.696E-5 9.6534E-5 8.2988E-5 1.02809E-4 1.01807E-4 8.8496E-5 1.08568E-4 1.09751E-4 1.15041E-4 1.14406E-4 1.18194E-4 1.51309E-4 1.14008E-4 1.19041E-4 1.38396E-4 1.08725E-4 1.12152E-4 1.87724E-4 1.62838E-4 9.2165E-5 1.5875E-4 1.0843E-4 9.7022E-5 1.09521E-4 1.14901E-4 1.03895E-4 1.12018E-4 1.0142E-4 1.48742E-4 1.75527E-4 1.06929E-4 1.11813E-4 1.02857E-4 9.6326E-5 1.13887E-4 1.95018E-4 1.05233E-4 1.13277E-4 1.11532E-4 1.08668E-4 1.01968E-4 9.6624E-5 1.16145E-4 9.817E-5 9.3636E-5 9.7377E-5 9.2672E-5 7.7432E-5 8.7795E-5 8.5611E-5 1.00096E-4 1.29695E-4 1.06861E-4 1.01268E-4 1.3139E-4 1.18902E-4 8.5022E-5 1.05955E-4 9.1403E-5 1.02132E-4 1.00698E-4 7.7938E-5 1.20597E-4 1.03314E-4 9.4536E-5 1.04474E-4 8.3643E-5 9.3395E-5 9.8829E-5 1.06792E-4 1.04193E-4 1.11558E-4 1.00109E-4 1.04481E-4 9.4834E-5 8.7035E-5 8.7862E-5 8.8001E-5 8.9928E-5 8.5731E-5 8.6653E-5 7.5837E-5 9.3311E-5 9.2835E-5 8.4956E-5 8.5012E-5 1.12642E-4 1.21201E-4 1.33787E-4 1.4785E-4 1.58775E-4 1.57933E-4 1.10048E-4 9.7255E-5 9.3942E-5 9.0636E-5 1.0377E-4 8.1296E-5 8.7155E-5 7.4824E-5 8.8543E-5 8.1478E-5 6.4525E-5 8.6207E-5 9.9451E-5 7.993E-5 9.4285E-5 8.8197E-5 8.3098E-5 6.8647E-5 6.834E-5 1.46247E-4 9.6999E-5 1.02179E-4 9.9232E-5 1.07171E-4 1.04197E-4 1.07706E-4 1.19971E-4 8.6493E-5 1.21374E-4 1.09564E-4 1.33857E-4 1.25145E-4 1.0109E-4 1.02224E-4 1.14625E-4 1.02432E-4 1.05059E-4 8.8608E-5 9.767E-5 1.11339E-4 9.6274E-5 1.07132E-4 1.11992E-4 1.03676E-4 9.8466E-5 9.8902E-5 9.9369E-5 1.05956E-4 7.6677E-5 6.9299E-5 1.11146E-4 1.00076E-4 9.5151E-5 9.7502E-5 8.5497E-5 7.653E-5 8.7267E-5 8.3156E-5 9.7E-5 1.1172E-4 9.7098E-5 9.1595E-5 1.01426E-4 1.00729E-4 8.5115E-5 9.5111E-5 9.548E-5 9.758E-5 9.4158E-5 8.4055E-5 8.8657E-5 9.0665E-5 8.3272E-5 9.5199E-5 7.073E-5 8.8617E-5 7.8716E-5 9.3969E-5 8.7305E-5 9.7332E-5 9.606E-5 8.7372E-5 8.5669E-5 8.2998E-5 8.1522E-5 8.4461E-5 9.0007E-5 8.5948E-5 1.02286E-4 8.26E-5 9.2808E-5 8.9589E-5 8.3269E-5 8.5916E-5 1.1729E-4 9.7476E-5 1.00714E-4 8.0226E-5 8.1475E-5 1.01737E-4 9.4409E-5 9.283E-5 9.7977E-5 1.60445E-4 1.74141E-4 1.53233E-4 1.13068E-4 1.02803E-4 1.45402E-4 8.7644E-5 7.8265E-5 1.19645E-4 1.44666E-4 9.673E-5 1.07913E-4 9.8534E-5 8.8559E-5 7.19E-5 6.9467E-5 9.7148E-5 9.2655E-5 1.03742E-4 1.39975E-4 1.1077E-4 1.01741E-4 1.1611E-4 1.10929E-4 1.36372E-4 2.11868E-4 1.07645E-4 9.9148E-5 8.722E-5 9.4457E-5 9.6401E-5 1.03581E-4 9.1514E-5 1.21737E-4 9.039E-5 9.8875E-5 1.04568E-4 9.3988E-5 9.5536E-5 1.05121E-4 1.02311E-4 9.5815E-5 1.46431E-4 1.11615E-4 1.06545E-4 7.5654E-5 6.9998E-5 1.0485E-4 9.8887E-5 9.5639E-5 9.5465E-5 8.2124E-5 8.7912E-5 1.02589E-4 7.6199E-5 1.05432E-4 8.0375E-5 1.03741E-4 9.0105E-5 1.00939E-4 9.2228E-5 7.4215E-5 9.1194E-5 8.3713E-5 9.3406E-5 8.839E-5 7.1348E-5 8.4491E-5 9.0732E-5 8.3216E-5 9.1684E-5 7.041E-5 8.9014E-5 8.0293E-5 9.3824E-5 1.03297E-4 1.04716E-4 1.19904E-4 9.2155E-5 9.4735E-5 8.7018E-5 1.00889E-4 9.5485E-5 1.06219E-4 9.7723E-5 9.8569E-5 7.6428E-5 1.01868E-4 1.11109E-4 1.12809E-4 1.70066E-4 1.81791E-4 1.90337E-4 1.76102E-4 1.27684E-4 8.5189E-5 1.10501E-4 9.6692E-5 9.0948E-5 9.8774E-5 8.6712E-5 1.03859E-4 7.5084E-5 8.8912E-5 7.5708E-5 8.9839E-5 8.1825E-5 6.5344E-5 8.8847E-5 8.8513E-5 7.4492E-5 9.0344E-5 8.64E-5 8.2437E-5 6.7323E-5 6.8103E-5 9.7986E-5 9.6288E-5 1.27333E-4 1.07021E-4 1.07268E-4 1.05206E-4 9.8478E-5 8.0057E-5 1.13348E-4 1.61786E-4 1.46744E-4 9.3684E-5 9.8386E-5 1.30329E-4 9.3912E-5 1.11248E-4 9.267E-5 1.09016E-4 8.8426E-5 9.5916E-5 9.7947E-5 9.2618E-5 9.4823E-5 1.02296E-4 9.8834E-5 1.75364E-4 1.17627E-4 9.9008E-5 1.0743E-4 8.9066E-5 7.9079E-5 1.04497E-4 9.9739E-5 9.5917E-5 9.6516E-5 8.026E-5 7.625E-5 8.8089E-5 8.7835E-5 1.00026E-4 8.349E-5 9.6063E-5 9.112E-5 1.03011E-4 9.5097E-5 7.8237E-5 1.02349E-4 9.7754E-5 1.27507E-4 9.3763E-5 7.6742E-5 9.7917E-5 1.04843E-4 1.6859E-4 2.8304E-4 2.95239E-4 1.14168E-4 9.4318E-5 1.02794E-4 9.1398E-5 1.14246E-4 1.00065E-4 9.0537E-5 8.8216E-5 8.5236E-5 9.3632E-5 1.00705E-4 1.00503E-4 9.8692E-5 9.5069E-5 8.557E-5 8.9219E-5 9.052E-5 8.6776E-5 7.6865E-5 8.327E-5 1.03395E-4 1.17101E-4 9.0808E-5 9.3505E-5 1.0432E-4 9.4243E-5 1.01663E-4 9.7873E-5 1.21548E-4 1.13107E-4 7.7189E-5 9.4982E-5 7.8933E-5 9.118E-5 1.17989E-4 7.6969E-5 9.0679E-5 9.0615E-5 7.7734E-5 1.03162E-4 1.26743E-4 1.08125E-4 7.5957E-5 7.9649E-5 1.2053E-4 9.1048E-5 1.23829E-4 1.13818E-4 1.04382E-4 1.0319E-4 1.00015E-4 7.4253E-5 6.8657E-5 1.06598E-4 9.6212E-5 8.6048E-5 8.8118E-5 9.8137E-5 1.37573E-4 1.34079E-4 1.19454E-4 1.39253E-4 9.0493E-5 1.06725E-4 1.11619E-4 9.6272E-5 9.7644E-5 1.71421E-4 1.6933E-4 1.14688E-4 1.08251E-4 1.11385E-4 1.11299E-4 7.8349E-5 7.2646E-5 1.61428E-4 9.9621E-5 1.09143E-4 1.06307E-4 1.62718E-4 8.1427E-5 8.9259E-5 7.2484E-5 9.5189E-5 7.8838E-5 9.2226E-5 8.902E-5 9.8942E-5 9.287E-5 7.8035E-5 1.06089E-4 1.39796E-4 1.15102E-4 1.06839E-4 1.08527E-4 1.05795E-4 1.06362E-4 1.26106E-4 1.08659E-4 8.4547E-5 1.01046E-4 8.5393E-5 1.00689E-4 9.5675E-5 1.00963E-4 9.6921E-5 8.8925E-5 8.5496E-5 9.8044E-5 9.0268E-5 8.9671E-5 9.2129E-5 9.1647E-5 9.3789E-5 7.2264E-5 8.9629E-5 8.8932E-5 1.0891E-4 9.7375E-5 7.9111E-5 1.13798E-4 1.19428E-4 8.221E-5 9.4055E-5 1.08677E-4 1.00593E-4 1.015E-4 9.4291E-5 8.0241E-5 1.17718E-4 7.7393E-5 9.4764E-5 8.294E-5 1.01306E-4 1.02953E-4 7.6908E-5 1.01173E-4 1.09783E-4 1.37459E-4 1.05431E-4 9.1085E-5 8.5726E-5 7.0742E-5 8.0171E-5 1.02527E-4 9.2471E-5 9.1147E-5 9.6524E-5 9.4747E-5 1.54578E-4 1.46713E-4 1.06768E-4 9.9574E-5 1.58437E-4 1.3784E-4 1.20593E-4 1.1888E-4 8.9981E-5 1.01587E-4 1.02286E-4 8.7704E-5 1.14299E-4 9.8817E-5 9.9662E-5 1.57669E-4 1.60061E-4 1.64793E-4 1.75525E-4 1.72664E-4 1.44574E-4 1.60855E-4 1.60424E-4 1.80847E-4 1.26467E-4 1.17837E-4 1.42568E-4 1.60441E-4 1.64181E-4 1.5806E-4 1.25444E-4 1.19689E-4 9.009E-5 1.20252E-4 9.6275E-5 1.24073E-4 1.50768E-4 8.8904E-5 1.58744E-4 1.47815E-4 8.3994E-5 1.41604E-4 1.13019E-4 1.04188E-4 9.3487E-5 8.1752E-5 9.2732E-5 9.3996E-5 8.9411E-5 1.00888E-4 7.6957E-5 9.6946E-5 7.8201E-5 9.8503E-5 9.7322E-5 1.00473E-4 1.01443E-4 8.7532E-5 9.4994E-5 1.25698E-4 9.1878E-5 1.27105E-4 1.78517E-4 9.3805E-5 9.4875E-5 8.5436E-5 9.5939E-5 9.465E-5 8.2334E-5 9.3298E-5 8.3827E-5 1.06384E-4 1.03614E-4 8.1495E-5 8.1314E-5 1.16613E-4 1.20093E-4 1.0809E-4 1.16058E-4 9.3535E-5 1.2036E-4 8.2457E-5 1.32688E-4 1.08965E-4 9.9068E-5 8.6739E-5 1.0055E-4 1.15051E-4 1.54909E-4 1.87511E-4 2.03828E-4 2.23756E-4 1.00778E-4 7.5566E-5 7.0378E-5 9.8188E-5 1.08322E-4 9.7E-5 9.6827E-5 9.8008E-5 1.03236E-4 1.00537E-4 7.1504E-5 9.3481E-5 1.22035E-4 1.00832E-4 8.9516E-5 9.1134E-5 8.578E-5 8.7298E-5 9.7264E-5 8.4584E-5 1.10956E-4 1.07976E-4 1.06278E-4 1.17799E-4 1.08512E-4 1.10717E-4 1.13997E-4 1.06113E-4 1.03147E-4 1.21426E-4 1.34015E-4 1.48502E-4 9.5345E-5 1.24837E-4 1.1103E-4 9.8461E-5 1.23358E-4 1.09054E-4 8.9914E-5 8.2654E-5 1.01637E-4 1.13781E-4 1.05893E-4 1.1995E-4 1.28332E-4 9.294E-5 1.16317E-4 1.06346E-4 8.9773E-5 9.774E-5 1.0496E-4 1.19676E-4 9.1866E-5 7.8571E-5 8.7106E-5 1.02859E-4 8.9211E-5 9.8429E-5 8.3475E-5 1.07091E-4 9.2194E-5 1.02622E-4 9.2324E-5 1.02755E-4 1.01018E-4 8.9161E-5 8.6174E-5 8.728E-5 9.4171E-5 1.08834E-4 9.7187E-5 9.5541E-5 9.7886E-5 7.4395E-5 8.7125E-5 8.7724E-5 8.5157E-5 8.0963E-5 1.15926E-4 1.09474E-4 1.0348E-4 8.0556E-5 7.9291E-5 1.00046E-4 9.4452E-5 9.1574E-5 9.3981E-5 8.0273E-5 1.0393E-4 7.3622E-5 9.102E-5 9.057E-5 1.06437E-4 1.04978E-4 1.10427E-4 9.4046E-5 9.1557E-5 7.7166E-5 9.8331E-5 8.9662E-5 8.545E-5 6.9344E-5 7.0033E-5 9.7834E-5 9.2384E-5 9.1665E-5 9.8416E-5 9.5404E-5 1.00664E-4 9.7653E-5 7.0896E-5 6.6148E-5 1.06687E-4 9.5989E-5 8.5285E-5 8.5851E-5 8.3108E-5 8.546E-5 9.7111E-5 8.6546E-5 1.15499E-4 8.7243E-5 1.09746E-4 1.10926E-4 9.9276E-5 1.09111E-4 1.09363E-4 1.36804E-4 1.45817E-4 1.15426E-4 1.04199E-4 1.1187E-4 8.7072E-5 7.5782E-5 1.04104E-4 1.05492E-4 1.03568E-4 1.02112E-4 8.7532E-5 8.7326E-5 9.3727E-5 7.6522E-5 9.8437E-5 7.9442E-5 1.05183E-4 1.04897E-4 1.11614E-4 9.8063E-5 7.9096E-5 9.5445E-5 8.5227E-5 9.4832E-5 8.692E-5 7.5243E-5 8.5635E-5 9.0963E-5 8.7484E-5 9.6504E-5 8.5375E-5 9.8484E-5 8.4119E-5 1.36909E-4 1.03052E-4 1.09201E-4 1.07952E-4 9.4688E-5 8.9868E-5 8.8221E-5 8.8E-5 9.0728E-5 1.03882E-4 9.8295E-5 9.3524E-5 7.7474E-5 9.9274E-5 9.309E-5 8.8449E-5 7.651E-5 7.2254E-5 9.987E-5 9.8872E-5 8.0996E-5 7.674E-5 1.0113E-4 9.3727E-5 9.0755E-5 1.03778E-4 8.3854E-5 1.05516E-4 8.1615E-5 1.01976E-4 8.8481E-5 9.7754E-5 9.2814E-5 7.5375E-5 9.3943E-5 9.1903E-5 7.7691E-5 1.01804E-4 9.5963E-5 9.5024E-5 7.333E-5 8.0867E-5 1.06169E-4 9.7947E-5 1.62197E-4 1.122E-4 1.11306E-4 1.77131E-4 1.28141E-4 1.31361E-4 9.0639E-5 1.33096E-4 1.23997E-4 1.01847E-4 9.309E-5 9.9775E-5 9.6181E-5 1.06252E-4 1.91879E-4 1.99877E-4 1.0576E-4 1.17068E-4 1.79831E-4 1.15636E-4 1.10142E-4 1.12519E-4 1.78821E-4 9.9952E-5 1.00203E-4 1.06172E-4 1.06804E-4 8.687E-5 7.7569E-5 1.07626E-4 1.07947E-4 1.18196E-4 1.0742E-4 1.83619E-4 1.73345E-4 1.82905E-4 1.33079E-4 1.23496E-4 1.44597E-4 1.42511E-4 1.18491E-4 1.18644E-4 1.10625E-4 1.00713E-4 1.30788E-4 1.12889E-4 1.01507E-4 1.0176E-4 9.0474E-5 9.3353E-5 9.6465E-5 1.01785E-4 1.02735E-4 7.8043E-5 9.7279E-5 9.482E-5 1.02265E-4 9.9064E-5 1.083E-4 1.15281E-4 9.8149E-5 9.1397E-5 8.9862E-5 1.00448E-4 1.04625E-4 1.01036E-4 9.58E-5 9.7091E-5 8.7304E-5 1.0365E-4 1.10493E-4 1.01376E-4 9.0178E-5 7.7939E-5 1.06686E-4 1.04716E-4 8.5066E-5 7.8994E-5 1.03906E-4 9.7156E-5 9.4311E-5 1.02322E-4 8.8839E-5 1.07716E-4 9.0368E-5 1.91767E-4 1.02191E-4 1.16464E-4 1.48844E-4 1.68876E-4 1.35594E-4 1.29267E-4 1.9449E-4 1.609E-4 1.16068E-4 1.34635E-4 1.15256E-4 1.11193E-4 2.33816E-4 1.12777E-4 1.13355E-4 1.10011E-4 1.05885E-4 1.12203E-4 1.09064E-4 7.897E-5 7.5461E-5 1.14611E-4 9.8782E-5 9.2526E-5 9.2006E-5 8.8129E-5 1.06086E-4 1.15498E-4 1.02432E-4 1.13058E-4 9.2731E-5 1.13314E-4 1.03525E-4 9.6014E-5 1.20951E-4 1.21641E-4 1.16972E-4 9.8122E-5 9.9336E-5 1.16933E-4 1.1096E-4 7.4148E-5 8.7168E-5 1.15718E-4 1.04432E-4 1.03306E-4 1.13292E-4 1.20028E-4 9.1639E-5 1.03291E-4 1.1255E-4 1.58308E-4 8.9688E-5 1.00574E-4 9.482E-5 1.05503E-4 9.5463E-5 7.8542E-5 9.7669E-5 9.0044E-5 1.10354E-4 9.4068E-5 9.1134E-5 9.324E-5 1.0889E-4 9.8745E-5 1.01008E-4 7.9155E-5 1.05554E-4 8.7469E-5 1.01896E-4 1.04018E-4 1.17757E-4 1.11011E-4 9.7747E-5 1.19613E-4 1.4588E-4 2.62668E-4 1.53434E-4 1.58843E-4 1.54037E-4 1.64334E-4 1.19094E-4 1.31029E-4 1.47035E-4 1.15782E-4 1.14608E-4 1.15684E-4 1.56883E-4 2.31403E-4 1.48076E-4 1.42779E-4 1.77547E-4 1.66736E-4 1.59352E-4 1.69506E-4 1.32823E-4 1.88736E-4 1.23119E-4 1.52621E-4 1.24562E-4 1.52867E-4 9.6799E-5 8.233E-5 1.07175E-4 1.03896E-4 9.6648E-5 1.10113E-4 1.08009E-4 9.4448E-5 8.4837E-5 8.6616E-5 1.13871E-4 1.04161E-4 1.11038E-4 1.0714E-4 1.16331E-4 1.14254E-4 1.80348E-4 1.27325E-4 8.9753E-5 1.48109E-4 1.64463E-4 1.13675E-4 1.24968E-4 1.08659E-4 1.39872E-4 1.55403E-4 1.08007E-4 1.43444E-4 1.09292E-4 1.13125E-4 1.134E-4 1.18239E-4 1.1513E-4 1.23018E-4 1.63778E-4 1.05244E-4 2.31397E-4 1.14499E-4 1.09681E-4 1.00299E-4 1.10492E-4 1.30299E-4 1.15437E-4 1.14132E-4 1.18987E-4 1.44164E-4 9.7782E-5 9.6443E-5 9.0308E-5 1.15308E-4 8.8406E-5 1.10699E-4 1.10847E-4 1.44569E-4 1.00508E-4 8.0601E-5 1.00122E-4 1.09568E-4 1.18661E-4 9.9919E-5 7.8735E-5 9.0647E-5 9.4838E-5 9.0718E-5 9.7979E-5 7.7419E-5 9.324E-5 8.3088E-5 9.8213E-5 9.789E-5 1.19297E-4 1.10047E-4 1.06744E-4 1.01678E-4 9.4158E-5 9.5176E-5 9.0154E-5 9.7145E-5 9.3725E-5 9.5706E-5 9.1465E-5 1.04793E-4 9.8258E-5 1.04186E-4 8.3932E-5 7.7929E-5 1.06626E-4 1.03436E-4 8.4542E-5 7.8714E-5 1.06243E-4 9.6535E-5 9.3057E-5 9.6697E-5 8.4066E-5 1.12424E-4 7.8681E-5 1.00555E-4 8.4412E-5 9.6078E-5 8.8046E-5 8.0958E-5 1.09618E-4 1.04263E-4 8.9848E-5 1.08627E-4 1.08418E-4 1.06855E-4 1.33485E-4 1.16219E-4 1.4422E-4 1.80036E-4 1.34737E-4 1.1342E-4 1.04642E-4 1.08258E-4 1.18189E-4 7.8481E-5 8.1309E-5 1.13148E-4 1.02388E-4 9.0326E-5 8.9665E-5 9.6726E-5 9.275E-5 1.02651E-4 8.9328E-5 9.9811E-5 8.9788E-5 1.0054E-4 1.02994E-4 9.4522E-5 9.8225E-5 1.07976E-4 1.04928E-4 8.7804E-5 9.5126E-5 1.64536E-4 1.15496E-4 7.5829E-5 8.6936E-5 1.16729E-4 1.07614E-4 1.05036E-4 1.02612E-4 9.2866E-5 8.4748E-5 1.05717E-4 8.1451E-5 1.01465E-4 9.5746E-5 1.12034E-4 1.52121E-4 1.13493E-4 1.07334E-4 8.3346E-5 1.10224E-4 9.0603E-5 1.11121E-4 9.3983E-5 8.9644E-5 8.8658E-5 9.0257E-5 8.7502E-5 9.5064E-5 7.6725E-5 1.05101E-4 8.6824E-5 9.755E-5 1.00711E-4 1.0212E-4 9.9882E-5 9.323E-5 8.7489E-5 8.7477E-5 8.6846E-5 9.1676E-5 9.684E-5 8.7678E-5 9.2672E-5 1.20418E-4 1.0967E-4 1.62128E-4 2.82423E-4 1.92044E-4 1.04251E-4 1.0522E-4 1.05065E-4 1.01345E-4 9.2981E-5 1.08228E-4 1.00131E-4 9.5741E-5 9.8285E-5 8.3423E-5 1.11491E-4 7.8815E-5 9.5438E-5 8.2363E-5 1.71863E-4 1.01937E-4 8.144E-5 9.8267E-5 1.17431E-4 9.0566E-5 1.00195E-4 9.6635E-5 8.8168E-5 7.2793E-5 7.3799E-5 1.02088E-4 1.08714E-4 1.07045E-4 1.08049E-4 1.02576E-4 1.051E-4 1.1222E-4 7.9368E-5 7.2204E-5 1.07512E-4 1.00457E-4 8.9795E-5 8.4934E-5 9.9294E-5 9.2572E-5 1.03578E-4 1.03889E-4 1.06162E-4 9.5378E-5 1.29211E-4 1.26411E-4 1.14261E-4 1.21724E-4 1.21774E-4 1.20002E-4 9.1717E-5 9.6364E-5 1.09173E-4 9.4E-5 7.0109E-5 8.5649E-5 1.13841E-4 1.03653E-4 1.03289E-4 1.03353E-4 8.3618E-5 8.5608E-5 1.07521E-4 8.3357E-5 1.05662E-4 8.0618E-5 1.00813E-4 1.03747E-4 1.12195E-4 1.08571E-4 8.0793E-5 1.16143E-4 1.11261E-4 1.03252E-4 8.8702E-5 8.1494E-5 9.8112E-5 9.5425E-5 9.9058E-5 1.55624E-4 1.07089E-4 1.10547E-4 9.7619E-5 1.04312E-4 9.7052E-5 1.19383E-4 1.10288E-4 1.06028E-4 9.467E-5 9.6005E-5 9.2312E-5 1.12696E-4 1.01497E-4 9.751E-5 1.10351E-4 8.7036E-5 9.6139E-5 9.5658E-5 1.24097E-4 9.7409E-5 7.619E-5 1.02335E-4 1.00661E-4 8.5014E-5 7.6778E-5 1.0387E-4 9.1725E-5 8.9515E-5 9.4144E-5 8.0874E-5 1.05371E-4 7.3952E-5 9.341E-5 1.14091E-4 1.07591E-4 9.2939E-5 7.3328E-5 9.5626E-5 9.6233E-5 8.1991E-5 9.0965E-5 8.8987E-5 8.7549E-5 7.2385E-5 7.2671E-5 1.00392E-4 9.5949E-5 9.4614E-5 9.7904E-5 9.9347E-5 1.03724E-4 9.9539E-5 7.4216E-5 7.1251E-5 1.03996E-4 9.6189E-5 8.8266E-5 8.2006E-5 8.7837E-5 8.4968E-5 1.69929E-4 1.03194E-4 1.08402E-4 9.4651E-5 1.12519E-4 1.17572E-4 1.00082E-4 1.08692E-4 1.10724E-4 1.03091E-4 1.00151E-4 1.0198E-4 1.08046E-4 1.58442E-4 7.5253E-5 8.9505E-5 1.20924E-4 1.1103E-4 1.40379E-4 1.46918E-4 1.60639E-4 8.2831E-5 9.3483E-5 7.5094E-5 9.7657E-5 7.3878E-5 9.5838E-5 1.07975E-4 1.05903E-4 9.706E-5 7.7514E-5 9.8827E-5 8.717E-5 9.7733E-5 8.6585E-5 7.66E-5 8.7497E-5 8.9102E-5 8.6433E-5 8.9489E-5 7.3442E-5 8.9122E-5 8.1009E-5 9.4775E-5 9.2683E-5 1.00543E-4 9.7638E-5 9.0251E-5 8.4241E-5 8.5698E-5 8.5436E-5 8.1814E-5 9.4034E-5 9.1418E-5 9.454E-5 7.2392E-5 9.0436E-5 8.9359E-5 8.7491E-5 7.8738E-5 7.2361E-5 1.00359E-4 9.8177E-5 8.3733E-5 7.7395E-5 1.02593E-4 9.4133E-5 8.8064E-5 9.7174E-5 8.0942E-5 1.22975E-4 7.7314E-5 9.736E-5 8.0514E-5 9.673E-5 8.5655E-5 6.7129E-5 9.0344E-5 1.08834E-4 9.5085E-5 1.67104E-4 1.55483E-4 1.30098E-4 8.5019E-5 9.0296E-5 1.09153E-4 9.6723E-5 9.497E-5 1.09496E-4 1.02223E-4 1.15262E-4 2.60978E-4 1.23329E-4 1.00405E-4 1.05547E-4 9.7124E-5 9.0968E-5 8.1869E-5 8.9167E-5 8.5482E-5 9.9449E-5 8.2105E-5 9.0428E-5 8.6919E-5 1.1704E-4 1.09886E-4 1.04043E-4 1.14078E-4 1.11789E-4 1.18573E-4 9.534E-5 9.4659E-5 1.12839E-4 9.2771E-5 7.0079E-5 8.6147E-5 1.09296E-4 1.11947E-4 1.10513E-4 1.04454E-4 8.7369E-5 8.4106E-5 9.2869E-5 7.7423E-5 1.02395E-4 8.6148E-5 1.05275E-4 9.4473E-5 1.1473E-4 9.9238E-5 9.1174E-5 1.57377E-4 9.4733E-5 1.08821E-4 9.5062E-5 9.8871E-5 9.568E-5 1.16133E-4 9.8662E-5 1.04631E-4 7.9604E-5 1.04834E-4 1.01537E-4 1.09516E-4 1.42014E-4 1.39399E-4 1.13184E-4 1.04303E-4 9.255E-5 1.00211E-4 9.0935E-5 8.4189E-5 9.506E-5 9.1588E-5 9.3435E-5 7.474E-5 1.03606E-4 1.05256E-4 1.04288E-4 8.3898E-5 7.7764E-5 1.25423E-4 1.03533E-4 8.5823E-5 7.8738E-5 1.04433E-4 9.5191E-5 4.3195E-5 1.07674E-4 8.6368E-5 1.19837E-4 7.8956E-5 9.5814E-5 8.9681E-5 1.06126E-4 9.2825E-5 7.204E-5 9.3633E-5 9.3154E-5 7.9548E-5 8.8362E-5 9.2101E-5 9.1242E-5 7.3871E-5 7.3584E-5 1.02737E-4 1.1514E-4 1.0435E-4 1.11949E-4 1.1341E-4 1.24052E-4 1.48005E-4 9.7811E-5 1.11764E-4 1.15225E-4 1.12592E-4 9.6295E-5 8.1446E-5 8.9345E-5 8.1288E-5 1.00813E-4 8.087E-5 9.3757E-5 9.1885E-5 1.00624E-4 1.01516E-4 9.4199E-5 9.0181E-5 1.08439E-4 1.05129E-4 2.0152E-4 1.24721E-4 1.12449E-4 9.5895E-5 7.5559E-5 7.5757E-5 1.05149E-4 9.8094E-5 1.15103E-4 1.06745E-4 8.1165E-5 7.9925E-5 8.8416E-5 8.4788E-5 1.02511E-4 7.3433E-5 9.7007E-5 9.1017E-5 1.02884E-4 1.03786E-4 8.9032E-5 1.03901E-4 9.2452E-5 9.7681E-5 8.8278E-5 8.1122E-5 8.6057E-5 9.1351E-5 8.7987E-5 8.9918E-5 7.4492E-5 9.0074E-5 8.389E-5 1.09555E-4 9.9415E-5 1.06677E-4 9.9848E-5 9.8752E-5 9.8519E-5 9.2864E-5 1.23551E-4 8.6114E-5 9.6072E-5 1.03335E-4 1.09284E-4 8.6559E-5 1.02277E-4 1.0016E-4 9.1168E-5 8.9791E-5 8.6663E-5 1.12443E-4 1.16251E-4 1.48393E-4 1.2809E-4 1.72707E-4 1.57675E-4 1.44237E-4 1.71025E-4 1.41874E-4 1.80188E-4 1.2849E-4 1.38527E-4 1.31145E-4 1.65669E-4 1.48873E-4 1.1015E-4 1.61342E-4 1.81306E-4 1.23042E-4 1.71026E-4 1.72416E-4 1.62939E-4 1.26229E-4 1.27486E-4 1.9515E-4 1.87611E-4 1.65578E-4 1.57597E-4 1.69894E-4 1.59446E-4 1.08428E-4 8.7027E-5 9.9135E-5 1.31201E-4 1.04066E-4 1.48413E-4 1.0496E-4 1.14805E-4 9.8285E-5 1.4395E-4 1.26401E-4 1.18573E-4 1.3782E-4 1.25369E-4 1.07241E-4 1.08167E-4 9.2473E-5 1.5283E-4 1.1496E-4 9.3619E-5 1.10156E-4 1.12657E-4 2.36514E-4 7.8435E-5 8.9629E-5 1.20519E-4 1.11692E-4 1.30426E-4 1.27223E-4 1.50352E-4 1.41855E-4 1.06722E-4 8.1726E-5 1.03799E-4 7.6628E-5 9.973E-5 9.1215E-5 1.04417E-4 9.7955E-5 8.5118E-5 1.77944E-4 1.23637E-4 1.66697E-4 1.12362E-4 9.1271E-5 8.9902E-5 9.1682E-5 1.03477E-4 9.9601E-5 9.7421E-5 1.07682E-4 9.5233E-5 1.11789E-4 1.01405E-4 1.07093E-4 1.21753E-4 2.32631E-4 1.06625E-4 1.08423E-4 1.01876E-4 9.7051E-5 1.06901E-4 1.05845E-4 1.08762E-4 9.3972E-5 1.02575E-4 1.05042E-4 1.05383E-4 9.4304E-5 8.8701E-5 1.15845E-4 1.12689E-4 1.05869E-4 9.4285E-5 1.17078E-4 1.0936E-4 1.32713E-4 1.1482E-4 9.4983E-5 1.15191E-4 8.6588E-5 9.8697E-5 8.7062E-5 1.17911E-4 1.90844E-4 1.13222E-4 1.20079E-4 1.28865E-4 9.4994E-5 8.8111E-5 9.2431E-5 9.0263E-5 7.7709E-5 7.7457E-5 1.04822E-4 9.7046E-5 9.5678E-5 1.02435E-4 1.0038E-4 1.19835E-4 1.08931E-4 9.9673E-5 7.3994E-5 9.5211E-5 1.00973E-4 9.0299E-5 8.1419E-5 8.9414E-5 8.0029E-5 9.9833E-5 8.1211E-5 8.6697E-5 1.00746E-4 1.02839E-4 1.05391E-4 1.056E-4 9.0583E-5 1.11671E-4 1.06112E-4 8.9046E-5 9.757E-5 1.04074E-4 9.2894E-5 7.289E-5 7.354E-5 1.48907E-4 1.13528E-4 1.20883E-4 1.2514E-4 1.63991E-4 9.0892E-5 9.9868E-5 8.3695E-5 1.13134E-4 8.2184E-5 1.08554E-4 1.23472E-4 1.16848E-4 1.06808E-4 8.1322E-5 1.00014E-4 9.9151E-5 1.12159E-4 1.01041E-4 8.2439E-5 9.7965E-5 9.1318E-5 1.00641E-4 9.1831E-5 7.7622E-5 9.4701E-5 8.8955E-5 9.8427E-5 9.6243E-5 1.21673E-4 1.04912E-4 1.01481E-4 9.0567E-5 8.9319E-5 8.8885E-5 8.0435E-5 9.3977E-5 9.0349E-5 9.2642E-5 7.5416E-5 1.03893E-4 9.5263E-5 9.0271E-5 8.0137E-5 7.4076E-5 1.0414E-4 1.03527E-4 8.6984E-5 8.0893E-5 1.07306E-4 9.4712E-5 8.4799E-5 9.7883E-5 8.416E-5 1.23391E-4 8.1912E-5 1.67233E-4 1.52336E-4 1.31149E-4 1.0407E-4 8.3441E-5 9.8671E-5 9.3118E-5 9.3498E-5 8.6117E-5 1.01866E-4 9.1147E-5 7.5333E-5 7.6096E-5 1.04621E-4 9.6802E-5 1.08231E-4 1.02833E-4 1.01626E-4 1.04123E-4 1.04463E-4 7.3421E-5 6.9712E-5 9.5739E-5 9.6279E-5 8.914E-5 7.9707E-5 9.6883E-5 8.6252E-5 1.14351E-4 8.2151E-5 8.972E-5 8.9595E-5 9.9025E-5 1.02565E-4 1.04055E-4 8.9102E-5 1.08738E-4 1.02199E-4 8.8846E-5 9.2984E-5 1.21377E-4 1.06277E-4 7.6772E-5 8.7543E-5 1.5808E-4 1.47098E-4 1.14698E-4 1.2708E-4 1.40614E-4 1.28207E-4 9.6491E-5 7.6863E-5 1.12877E-4 8.0691E-5 1.0127E-4 9.3015E-5 1.04446E-4 9.6633E-5 8.1682E-5 9.7038E-5 8.8866E-5 1.02038E-4 8.9095E-5 8.0223E-5 1.10553E-4 1.45241E-4 9.9712E-5 9.9834E-5 8.759E-5 9.9837E-5 1.32712E-4 1.56872E-4 1.05842E-4 1.08075E-4 1.03151E-4 9.3656E-5 9.0383E-5 1.02734E-4 1.27804E-4 9.7666E-5 9.8209E-5 9.2953E-5 9.571E-5 7.4162E-5 9.1277E-5 9.1051E-5 9.1764E-5 8.1536E-5 7.4756E-5 1.11577E-4 1.0678E-4 8.9235E-5 8.0293E-5 1.0558E-4 9.4486E-5 8.6966E-5 1.10433E-4 9.6814E-5 1.2148E-4 8.9115E-5 9.9295E-5 8.2319E-5 9.5878E-5 8.6609E-5 6.8183E-5 9.2369E-5 9.0973E-5 7.8236E-5 8.3992E-5 9.264E-5 8.6207E-5 7.3903E-5 7.3972E-5 1.02021E-4 9.567E-5 9.4301E-5 9.9312E-5 1.14116E-4 1.14928E-4 1.06888E-4 7.9213E-5 7.1527E-5 9.5766E-5 9.994E-5 8.9681E-5 7.9769E-5 8.9403E-5 8.0454E-5 1.13491E-4 8.2067E-5 8.959E-5 8.9496E-5 9.9932E-5 1.12455E-4 9.5895E-5 9.1956E-5 1.11083E-4 1.09614E-4 8.8743E-5 9.1297E-5 1.01657E-4 1.23017E-4 1.26053E-4 1.18588E-4 1.40391E-4 1.46212E-4 1.476E-4 1.42344E-4 1.0269E-4 8.5874E-5 1.92136E-4 1.1663E-4 1.19495E-4 7.594E-5 1.42637E-4 1.06914E-4 1.17011E-4 1.61345E-4 8.264E-5 1.06985E-4 9.8921E-5 1.02433E-4 1.02402E-4 8.7264E-5 9.9421E-5 1.02451E-4 9.2319E-5 9.3727E-5 7.7278E-5 9.3277E-5 8.5602E-5 1.1005E-4 1.00439E-4 1.10871E-4 1.051E-4 9.2528E-5 8.8258E-5 8.7349E-5 8.9869E-5 8.0718E-5 9.6129E-5 9.2915E-5 1.12258E-4 8.2276E-5 1.01322E-4 1.00824E-4 9.2737E-5 8.3506E-5 1.00282E-4 1.08312E-4 1.01507E-4 1.20509E-4 8.9284E-5 1.227E-4 1.16233E-4 1.07476E-4 1.33545E-4 1.08566E-4 1.58951E-4 1.18934E-4 1.07351E-4 8.365E-5 1.06986E-4 9.745E-5 8.1572E-5 9.831E-5 9.3168E-5 8.0124E-5 8.5993E-5 9.492E-5 1.01479E-4 7.7976E-5 7.4884E-5 1.02889E-4 9.841E-5 9.6389E-5 1.03719E-4 1.02732E-4 1.08471E-4 1.0502E-4 7.536E-5 7.0274E-5 1.07159E-4 1.02426E-4 9.1238E-5 7.9745E-5 9.0938E-5 8.0791E-5 1.01725E-4 7.7274E-5 8.5668E-5 8.9568E-5 9.8907E-5 1.01218E-4 9.4231E-5 8.6358E-5 1.09193E-4 1.01957E-4 8.856E-5 9.4605E-5 1.02989E-4 9.0018E-5 7.0919E-5 7.3682E-5 1.02732E-4 9.6289E-5 1.02621E-4 1.11037E-4 8.6566E-5 9.174E-5 9.5058E-5 8.005E-5 1.01844E-4 7.2705E-5 1.30314E-4 9.7385E-5 1.10416E-4 1.03104E-4 9.5523E-5 1.12816E-4 1.02983E-4 1.09018E-4 9.7253E-5 8.3806E-5 9.7577E-5 1.69416E-4 1.17222E-4 1.38865E-4 9.073E-5 1.09681E-4 9.1573E-5 1.0143E-4 1.00667E-4 1.06148E-4 1.0435E-4 9.2851E-5 8.7717E-5 8.8088E-5 8.8757E-5 9.9165E-5 1.13723E-4 1.16273E-4 1.20886E-4 1.12924E-4 1.02955E-4 1.06472E-4 9.6184E-5 8.0381E-5 8.5705E-5 1.09372E-4 1.22057E-4 8.9684E-5 8.061E-5 1.05405E-4 1.08574E-4 1.7332E-4 1.37737E-4 9.0378E-5 1.10647E-4 7.6789E-5 9.5943E-5 8.144E-5 9.6147E-5 8.8898E-5 6.892E-5 9.4294E-5 9.5638E-5 8.1968E-5 8.4259E-5 9.6823E-5 8.7527E-5 7.3089E-5 7.3628E-5 1.02471E-4 9.8232E-5 1.0908E-4 1.23132E-4 1.04744E-4 1.0606E-4 1.18915E-4 7.815E-5 7.3375E-5 9.5621E-5 1.00067E-4 9.5487E-5 8.0559E-5 8.8893E-5 7.9966E-5 1.203E-4 8.3834E-5 9.6678E-5 9.5772E-5 1.03942E-4 1.05896E-4 9.8472E-5 9.1665E-5 1.1346E-4 1.04442E-4 9.1867E-5 9.4888E-5 1.13601E-4 9.7232E-5 7.4885E-5 7.6902E-5 1.17959E-4 9.9793E-5 1.02839E-4 1.02773E-4 8.9392E-5 8.464E-5 1.10231E-4 8.0151E-5 1.00943E-4 7.2571E-5 9.9897E-5 1.06311E-4 1.07007E-4 1.07633E-4 8.6772E-5 1.08574E-4 9.9545E-5 1.01948E-4 9.0715E-5 1.35148E-4 1.28253E-4 1.32966E-4 1.3628E-4 1.31973E-4 1.14922E-4 1.40109E-4 1.25241E-4 1.43472E-4 1.48834E-4 1.14857E-4 1.03312E-4 9.3287E-5 8.851E-5 8.9638E-5 8.925E-5 8.0093E-5 9.6125E-5 9.0894E-5 1.1859E-4 1.28585E-4 1.37287E-4 1.4225E-4 1.02879E-4 9.2353E-5 9.4597E-5 1.14854E-4 1.04714E-4 9.6719E-5 9.0127E-5 1.15355E-4 1.0878E-4 9.4095E-5 1.10655E-4 1.00234E-4 1.23308E-4 8.0946E-5 1.05517E-4 8.6023E-5 1.13629E-4 1.03965E-4 1.09988E-4 2.6391E-4 2.70013E-4 1.72092E-4 1.35212E-4 2.78031E-4 6.0127E-4 1.68139E-4 1.18067E-4 1.52031E-4 1.68049E-4 1.53588E-4 1.69495E-4 1.65331E-4 1.60587E-4 1.75743E-4 1.34687E-4 1.54119E-4 1.56668E-4 1.53054E-4 1.6427E-4 1.32702E-4 1.11258E-4 1.14952E-4 1.17878E-4 8.3172E-5 8.8218E-5 1.0274E-4 1.16493E-4 1.09783E-4 1.02198E-4 9.0889E-5 1.23301E-4 1.83075E-4 9.4084E-5 1.09161E-4 1.1558E-4 1.01649E-4 8.8078E-5 8.4382E-5 1.21495E-4 1.21392E-4 1.57189E-4 1.30486E-4 1.20002E-4 9.661E-5 1.05209E-4 9.5031E-5 1.10461E-4 7.4594E-5 1.16553E-4 1.75721E-4 1.73626E-4 1.3987E-4 1.25544E-4 1.13257E-4 1.23021E-4 1.17842E-4 1.01747E-4 1.05409E-4 1.02579E-4 1.05773E-4 1.04083E-4 9.9682E-5 8.1142E-5 1.25323E-4 1.3127E-4 1.45587E-4 1.10969E-4 1.15557E-4 1.06201E-4 9.4087E-5 9.9768E-5 1.21742E-4 1.09453E-4 8.7536E-5 1.04683E-4 1.01127E-4 9.7567E-5 7.5167E-5 9.3471E-5 9.4979E-5 1.05252E-4 1.08958E-4 7.9768E-5 1.05318E-4 1.01393E-4 8.5972E-5 7.911E-5 1.05499E-4 1.07084E-4 9.0298E-5 1.11864E-4 9.2608E-5 1.10607E-4 8.7514E-5 1.02915E-4 9.366E-5 1.01148E-4 8.9515E-5 8.0708E-5 9.8957E-5 9.4356E-5 8.0912E-5 8.4576E-5 9.6145E-5 8.9075E-5 7.5203E-5 7.538E-5 1.03957E-4 9.4941E-5 9.6391E-5 1.06193E-4 1.02053E-4 1.0541E-4 1.03337E-4 7.591E-5 8.9744E-5 1.03678E-4 1.08441E-4 9.5837E-5 7.909E-5 1.20981E-4 9.2687E-5 1.21855E-4 9.3716E-5 1.0345E-4 1.09788E-4 1.20766E-4 1.33613E-4 1.81751E-4 1.07607E-4 1.13234E-4 1.04592E-4 8.9842E-5 9.3894E-5 1.05468E-4 9.2716E-5 7.075E-5 7.6667E-5 1.06218E-4 9.6955E-5 1.25376E-4 1.14718E-4 1.16499E-4 9.5653E-5 1.03275E-4 8.9212E-5 1.08248E-4 7.3171E-5 1.0204E-4 9.1646E-5 1.12766E-4 1.0017E-4 7.7411E-5 1.04103E-4 8.8787E-5 9.626E-5 8.8286E-5 7.6167E-5 8.793E-5 1.00641E-4 9.1204E-5 9.7996E-5 8.1357E-5 1.80849E-4 8.7103E-5 1.09272E-4 1.07174E-4 1.1423E-4 1.30982E-4 1.00751E-4 1.06831E-4 9.7554E-5 9.7535E-5 2.13739E-4 1.14176E-4 1.03386E-4 1.17608E-4 8.5362E-5 9.8686E-5 1.1079E-4 9.5024E-5 9.5699E-5 1.06508E-4 1.3975E-4 1.26207E-4 9.3362E-5 9.0156E-5 1.64744E-4 2.37497E-4 2.80514E-4 1.17709E-4 9.2308E-5 1.16798E-4 7.9533E-5 1.05554E-4 8.3921E-5 1.00001E-4 9.9839E-5 7.9073E-5 1.163E-4 1.06001E-4 8.6732E-5 9.2861E-5 1.04037E-4 9.3908E-5 7.7124E-5 7.4812E-5 1.04108E-4 9.723E-5 1.42601E-4 1.10031E-4 1.06602E-4 1.06995E-4 1.07826E-4 8.1738E-5 8.5335E-5 9.7573E-5 1.07616E-4 1.16416E-4 9.9399E-5 1.15539E-4 1.2809E-4 2.06226E-4 1.7159E-4 9.4579E-5 9.4825E-5 1.14476E-4 1.07496E-4 1.12262E-4 9.4747E-5 1.20835E-4 1.15229E-4 1.0939E-4 1.00205E-4 1.33439E-4 1.02783E-4 8.8152E-5 7.7045E-5 1.18961E-4 1.09586E-4 1.43446E-4 1.06456E-4 8.7223E-5 8.365E-5 9.4703E-5 8.4575E-5 1.22438E-4 8.4029E-5 1.09179E-4 9.2114E-5 1.07108E-4 1.33637E-4 1.20394E-4 1.05568E-4 1.09644E-4 1.21804E-4 9.8178E-5 8.8452E-5 1.29712E-4 1.18958E-4 1.03915E-4 1.00771E-4 8.1333E-5 9.3337E-5 8.5018E-5 1.05505E-4 1.56039E-4 1.461E-4 1.71559E-4 1.23037E-4 9.4735E-5 9.1923E-5 9.5486E-5 8.2748E-5 1.00377E-4 9.5349E-5 9.8335E-5 7.7498E-5 9.674E-5 9.5277E-5 9.3087E-5 8.268E-5 7.8498E-5 1.02168E-4 1.01565E-4 1.11081E-4 8.0625E-5 1.19928E-4 1.04472E-4 1.05427E-4 1.13238E-4 8.8807E-5 1.16136E-4 9.4596E-5 9.8487E-5 8.1606E-5 1.29041E-4 1.18454E-4 1.39997E-4 1.4492E-4 1.7518E-4 9.2947E-5 8.6616E-5 9.6574E-5 8.9998E-5 7.2701E-5 7.3909E-5 1.04677E-4 9.5568E-5 1.14172E-4 1.15292E-4 1.15305E-4 1.17067E-4 1.09856E-4 1.02593E-4 8.3236E-5 1.07185E-4 1.11829E-4 1.02184E-4 8.2508E-5 1.05502E-4 9.3612E-5 1.16768E-4 8.3142E-5 8.9096E-5 1.0017E-4 1.10813E-4 1.05639E-4 1.00739E-4 9.3667E-5 1.17178E-4 1.09675E-4 9.191E-5 9.819E-5 1.0692E-4 9.8941E-5 6.8657E-5 7.2811E-5 1.04968E-4 9.8214E-5 1.00624E-4 1.02166E-4 9.1272E-5 8.443E-5 1.02283E-4 8.6128E-5 1.06876E-4 7.6744E-5 1.04023E-4 9.0213E-5 1.00947E-4 9.4371E-5 7.3303E-5 9.4583E-5 8.6444E-5 9.8314E-5 1.13845E-4 8.3442E-5 9.1414E-5 9.307E-5 9.5482E-5 9.7329E-5 7.8697E-5 1.13596E-4 1.11752E-4 1.89792E-4 1.22864E-4 1.2665E-4 1.15319E-4 9.4169E-5 1.02253E-4 9.7034E-5 1.00486E-4 8.9551E-5 1.06133E-4 1.05048E-4 1.07378E-4 7.7036E-5 1.05648E-4 1.11734E-4 1.61471E-4 1.36709E-4 9.6514E-5 1.14285E-4 1.10201E-4 9.5024E-5 8.7709E-5 1.46361E-4 1.41317E-4 9.5559E-5 1.17084E-4 9.0547E-5 1.03897E-4 7.7021E-5 9.591E-5 1.21308E-4 1.22303E-4 1.06957E-4 7.989E-5 9.7686E-5 9.3038E-5 8.0817E-5 1.01261E-4 1.13022E-4 8.8602E-5 7.1525E-5 7.6904E-5 1.03433E-4 9.1092E-5 9.523E-5 9.9078E-5 9.7106E-5 1.0591E-4 1.01066E-4 8.8434E-5 1.5303E-4 1.43235E-4 2.28661E-4 1.65502E-4 1.11116E-4 1.07539E-4 9.5834E-5 1.45269E-4 1.25909E-4 9.1046E-5 1.0625E-4 1.11654E-4 1.03791E-4 1.00746E-4 9.1041E-5 1.12398E-4 1.03055E-4 8.7238E-5 9.222E-5 1.14686E-4 9.7619E-5 6.9183E-5 6.9348E-5 1.20556E-4 9.6528E-5 9.9407E-5 9.6825E-5 1.0571E-4 8.0301E-5 1.35321E-4 8.8691E-5 1.30209E-4 1.04645E-4 1.1977E-4 1.0325E-4 1.27068E-4 1.08644E-4 8.4239E-5 1.02E-4 1.19294E-4 1.02713E-4 9.9557E-5 8.6777E-5 9.2525E-5 9.1679E-5 8.9108E-5 8.6223E-5 7.4374E-5 1.02953E-4 8.869E-5 1.02361E-4 9.8842E-5 1.00548E-4 1.15703E-4 9.7793E-5 9.0083E-5 8.3699E-5 9.0373E-5 8.0565E-5 9.2457E-5 9.3012E-5 9.6018E-5 7.2757E-5 9.1421E-5 9.0002E-5 9.0251E-5 8.4334E-5 7.1692E-5 1.01442E-4 9.5345E-5 8.0698E-5 7.5231E-5 1.04244E-4 9.77E-5 1.63003E-4 1.56574E-4 1.09848E-4 1.15529E-4 8.1224E-5 1.04991E-4 9.1265E-5 1.42827E-4 9.4122E-5 8.1792E-5 1.05208E-4 1.08077E-4 8.9813E-5 9.6475E-5 1.33048E-4 1.37299E-4 1.3401E-4 7.8747E-5 1.15051E-4 1.41475E-4 1.24747E-4 1.13369E-4 1.07326E-4 1.33193E-4 1.31292E-4 1.3305E-4 8.4517E-5 1.35228E-4 1.13088E-4 9.8089E-5 1.02072E-4 9.3872E-5 9.4466E-5 1.00743E-4 7.9373E-5 8.2586E-5 9.7319E-5 1.2629E-4 1.48256E-4 1.11286E-4 9.0767E-5 1.1119E-4 9.8298E-5 8.7375E-5 9.5279E-5 1.05599E-4 9.6418E-5 6.9243E-5 7.532E-5 1.15097E-4 9.7617E-5 9.9859E-5 9.7684E-5 1.09339E-4 8.4776E-5 9.0785E-5 8.7343E-5 1.01285E-4 6.9907E-5 9.9689E-5 8.8273E-5 9.3553E-5 9.5184E-5 8.8982E-5 1.02217E-4 9.1776E-5 9.8873E-5 9.9579E-5 8.2636E-5 9.085E-5 9.0149E-5 9.1905E-5 8.9411E-5 7.7044E-5 8.9599E-5 8.3513E-5 9.8897E-5 8.7844E-5 9.6271E-5 1.04568E-4 9.3437E-5 9.0064E-5 8.5554E-5 9.8323E-5 7.9714E-5 9.3734E-5 1.29348E-4 9.7804E-5 8.7137E-5 1.47798E-4 1.48712E-4 1.41431E-4 1.44428E-4 8.2619E-5 1.11771E-4 1.0049E-4 8.3206E-5 8.4787E-5 1.09979E-4 9.6802E-5 1.37785E-4 1.02229E-4 1.43382E-4 1.11881E-4 8.3035E-5 1.02341E-4 8.8905E-5 1.42183E-4 1.06233E-4 7.3546E-5 9.8542E-5 1.07455E-4 8.7353E-5 8.8977E-5 1.03223E-4 9.9365E-5 8.3456E-5 7.6159E-5 1.05978E-4 8.9036E-5 1.07829E-4 1.39835E-4 1.52942E-4 1.55932E-4 1.24709E-4 1.11115E-4 8.1217E-5 9.4369E-5 1.00152E-4 8.3382E-5 1.26923E-4 1.48275E-4 9.0922E-5 1.06311E-4 9.5449E-5 9.6289E-5 1.03524E-4 1.17079E-4 1.21244E-4 1.18368E-4 1.01597E-4 1.30992E-4 1.07792E-4 1.03165E-4 1.08787E-4 1.48651E-4 1.87305E-4 1.16132E-4 9.8257E-5 3.28386E-4 2.44983E-4 1.75642E-4 1.60395E-4 1.25391E-4 1.35622E-4 1.54637E-4 1.45978E-4 1.72176E-4 1.24787E-4 2.519E-4 1.01928E-4 1.09334E-4 1.08923E-4 8.8885E-5 1.10039E-4 1.00862E-4 1.14726E-4 1.00321E-4 1.17719E-4 1.01051E-4 9.4382E-5 1.02744E-4 1.02128E-4 1.04743E-4 1.00983E-4 9.3535E-5 1.10088E-4 9.5609E-5 1.07989E-4 1.23834E-4 1.60831E-4 1.21277E-4 1.11433E-4 1.23469E-4 1.52208E-4 2.24614E-4 1.85615E-4 1.20107E-4 9.6496E-5 1.05889E-4 1.12329E-4 2.17282E-4 1.26174E-4 9.0395E-5 1.17654E-4 1.12411E-4 8.7143E-5 9.02E-5 1.81984E-4 1.58128E-4 2.28192E-4 1.37127E-4 9.9894E-5 1.30195E-4 9.3475E-5 1.09266E-4 1.11673E-4 1.10858E-4 8.437E-5 7.8938E-5 9.742E-5 9.2814E-5 7.8321E-5 9.9257E-5 1.38554E-4 1.15328E-4 9.807E-5 7.5859E-5 1.05387E-4 8.8376E-5 9.9437E-5 1.06807E-4 1.00359E-4 1.04935E-4 8.6679E-5 7.6739E-5 7.2014E-5 9.0531E-5 9.8669E-5 8.2072E-5 8.1394E-5 8.8451E-5 8.2109E-5 9.7226E-5 7.7445E-5 8.0274E-5 1.0208E-4 1.14022E-4 1.07337E-4 9.856E-5 1.12885E-4 1.27393E-4 9.7202E-5 1.08544E-4 1.22593E-4 2.07979E-4 1.91258E-4 1.01148E-4 7.6793E-5 1.09609E-4 9.9106E-5 1.00085E-4 9.3951E-5 9.0734E-5 8.9486E-5 9.7445E-5 8.1161E-5 1.39494E-4 8.0621E-5 1.08551E-4 1.03683E-4 9.7226E-5 9.6144E-5 8.5139E-5 1.10217E-4 9.5814E-5 1.13203E-4 9.3786E-5 8.0204E-5 1.06643E-4 8.846E-5 1.04807E-4 9.3468E-5 8.0021E-5 9.319E-5 8.7071E-5 1.09507E-4 8.8116E-5 1.04828E-4 1.15281E-4 9.4003E-5 9.0415E-5 8.0275E-5 9.2631E-5 7.7377E-5 9.4481E-5 8.8319E-5 9.6179E-5 7.2754E-5 8.9298E-5 8.9855E-5 1.03926E-4 8.502E-5 8.3314E-5 1.17246E-4 1.30356E-4 8.9257E-5 9.3762E-5 1.1808E-4 9.8736E-5 9.6382E-5 1.02831E-4 8.5453E-5 1.60936E-4 8.7062E-5 1.48544E-4 1.13969E-4 2.61687E-4 2.31824E-4 8.087E-5 1.07153E-4 1.05662E-4 8.7862E-5 9.2562E-5 1.14142E-4 1.14923E-4 8.9301E-5 8.9564E-5 1.39139E-4 1.01727E-4 1.09921E-4 1.26632E-4 1.1666E-4 1.18199E-4 9.1016E-5 8.0036E-5 7.2296E-5 1.10024E-4 1.26744E-4 1.13401E-4 8.067E-5 9.3345E-5 7.9789E-5 9.1606E-5 7.8829E-5 9.4046E-5 9.7813E-5 1.08899E-4 1.26572E-4 1.66211E-4 9.2473E-5 1.1505E-4 1.22559E-4 1.51816E-4 1.02109E-4 1.14384E-4 9.4182E-5 7.6911E-5 7.1422E-5 1.05917E-4 9.7551E-5 9.9382E-5 9.4027E-5 1.02193E-4 8.2714E-5 9.7855E-5 7.8487E-5 1.00162E-4 7.1894E-5 9.9922E-5 9.1244E-5 1.10984E-4 1.01353E-4 7.5154E-5 9.9611E-5 9.0412E-5 1.03328E-4 1.06021E-4 8.2472E-5 9.0276E-5 8.7166E-5 9.2172E-5 8.2345E-5 7.6497E-5 9.2342E-5 1.00712E-4 1.03495E-4 8.7668E-5 1.06667E-4 1.08461E-4 9.3738E-5 8.9656E-5 8.64E-5 9.1362E-5 7.419E-5 1.26153E-4 1.04414E-4 1.29752E-4 1.13177E-4 1.12093E-4 1.27851E-4 1.26927E-4 9.2633E-5 7.2884E-5 1.10494E-4 1.06128E-4 9.3014E-5 7.6099E-5 1.06244E-4 9.3121E-5 8.4874E-5 1.8134E-4 8.8171E-5 1.09142E-4 9.1449E-5 1.06769E-4 8.1594E-5 9.7844E-5 8.2632E-5 6.6909E-5 9.1901E-5 8.6543E-5 7.7634E-5 8.1371E-5 1.43873E-4 1.63322E-4 1.13284E-4 9.9337E-5 1.13442E-4 9.8449E-5 1.04024E-4 1.14471E-4 1.04628E-4 1.0899E-4 9.8377E-5 7.9154E-5 7.2326E-5 9.2344E-5 1.00467E-4 9.5909E-5 1.17703E-4 9.7541E-5 8.2967E-5 9.1796E-5 7.7662E-5 7.7948E-5 1.02948E-4 1.08625E-4 1.03115E-4 9.1453E-5 9.7686E-5 1.16491E-4 9.6834E-5 8.4152E-5 8.7127E-5 1.23073E-4 2.07056E-4 8.0752E-5 9.0712E-5 1.28747E-4 1.23241E-4 1.2099E-4 1.56075E-4 1.67512E-4 9.6188E-5 1.04984E-4 8.9064E-5 1.41848E-4 7.7573E-5 1.08329E-4 9.3426E-5 9.6853E-5 1.22941E-4 1.02395E-4 1.36935E-4 1.01714E-4 1.58597E-4 1.1513E-4 8.352E-5 1.0309E-4 9.3486E-5 1.01477E-4 8.3782E-5 7.7581E-5 9.127E-5 8.7473E-5 1.03213E-4 9.4249E-5 1.08985E-4 1.15847E-4 1.19814E-4 9.4415E-5 9.3766E-5 9.5999E-5 7.7355E-5 9.95E-5 8.6825E-5 1.01424E-4 7.4978E-5 1.05712E-4 9.1077E-5 9.0266E-5 1.58833E-4 1.01327E-4 1.27605E-4 1.06957E-4 8.6751E-5 7.3736E-5 1.09455E-4 9.6151E-5 8.5894E-5 9.9085E-5 8.3431E-5 9.5954E-5 7.4614E-5 1.01342E-4 8.5266E-5 9.8264E-5 8.0943E-5 6.7402E-5 1.06837E-4 8.7891E-5 7.8775E-5 8.4475E-5 9.4153E-5 8.9489E-5 7.2547E-5 7.0139E-5 1.04803E-4 8.5807E-5 9.6422E-5 1.03721E-4 1.00748E-4 1.04692E-4 8.6632E-5 7.3723E-5 7.2384E-5 9.9481E-5 1.18666E-4 8.6195E-5 1.16479E-4 1.4519E-4 9.2959E-5 9.7486E-5 1.4812E-4 1.21071E-4 1.35766E-4 1.7129E-4 2.13268E-4 1.93624E-4 1.07357E-4 1.2342E-4 1.00257E-4 9.2665E-5 9.8512E-5 1.17287E-4 9.2691E-5 7.1278E-5 7.2715E-5 1.08851E-4 1.12096E-4 1.20269E-4 1.30548E-4 1.00128E-4 8.7966E-5 9.5321E-5 7.8838E-5 1.01482E-4 7.1393E-5 1.01806E-4 9.063E-5 1.46988E-4 1.08486E-4 1.23547E-4 1.13562E-4 9.9191E-5 1.69832E-4 1.00888E-4 8.506E-5 1.33521E-4 1.22319E-4 1.20568E-4 1.25126E-4 1.19518E-4 1.24402E-4 1.13324E-4 1.03317E-4 8.6607E-5 9.1123E-5 1.0116E-4 9.3052E-5 9.3726E-5 9.4668E-5 1.00346E-4 7.668E-5 1.02401E-4 9.4267E-5 1.06063E-4 7.7873E-5 9.1366E-5 9.2612E-5 1.08114E-4 9.3627E-5 7.4175E-5 1.10348E-4 1.06248E-4 9.3598E-5 7.9739E-5 1.09442E-4 9.7137E-5 8.7218E-5 9.8807E-5 8.5513E-5 9.6095E-5 7.5546E-5 9.5002E-5 8.0896E-5 9.6681E-5 8.1682E-5 8.0767E-5 1.08217E-4 8.8301E-5 8.1084E-5 8.5322E-5 9.6654E-5 9.1763E-5 8.3762E-5 8.0726E-5 1.06708E-4 8.8733E-5 9.6531E-5 1.09099E-4 1.03193E-4 1.05137E-4 8.7548E-5 9.9627E-5 8.8532E-5 9.7595E-5 1.11624E-4 1.02965E-4 9.2497E-5 1.05382E-4 8.7541E-5 1.07959E-4 9.9817E-5 9.4964E-5 1.02677E-4 1.54298E-4 1.09299E-4 8.8762E-5 1.14715E-4 1.14489E-4 1.08059E-4 8.5361E-5 9.6395E-5 1.17752E-4 9.738E-5 8.0308E-5 1.00152E-4 1.23255E-4 2.07679E-4 1.19613E-4 1.07004E-4 1.73075E-4 1.01673E-4 1.05291E-4 8.546E-5 1.13833E-4 7.5928E-5 1.04742E-4 9.6131E-5 9.7084E-5 1.06873E-4 5.1112E-5 9.9398E-5 9.0095E-5 1.18963E-4 1.36019E-4 8.2682E-5 1.00275E-4 9.5971E-5 9.4926E-5 8.1556E-5 7.659E-5 8.8791E-5 8.5789E-5 1.00849E-4 1.08946E-4 1.0753E-4 1.18968E-4 1.17159E-4 9.3947E-5 9.8219E-5 9.829E-5 7.2702E-5 9.4707E-5 8.0977E-5 9.6144E-5 7.5475E-5 9.1921E-5 8.8341E-5 9.0179E-5 8.0301E-5 6.9556E-5 1.03096E-4 9.7208E-5 8.3016E-5 8.3129E-5 1.15706E-4 1.03575E-4 9.4227E-5 1.10851E-4 9.5768E-5 1.04191E-4 8.1615E-5 9.5962E-5 8.0258E-5 9.8268E-5 8.1917E-5 8.0129E-5 1.0137E-4 8.2973E-5 7.8223E-5 8.4201E-5 9.5419E-5 8.9862E-5 8.2614E-5 7.219E-5 1.14079E-4 8.8944E-5 1.0565E-4 1.12258E-4 1.23574E-4 1.25083E-4 1.0995E-4 1.33047E-4 8.6693E-5 1.08473E-4 1.12035E-4 1.12803E-4 8.8751E-5 1.03979E-4 9.2776E-5 1.17064E-4 8.9669E-5 8.6195E-5 1.08584E-4 1.89158E-4 1.9566E-4 1.5302E-4 1.57834E-4 2.00829E-4 3.86567E-4 2.51327E-4 7.4048E-5 1.79132E-4 1.44878E-4 1.11029E-4 1.14526E-4 3.5347E-4 1.92341E-4 3.2224E-4 2.98454E-4 1.24388E-4 1.04776E-4 1.1552E-4 9.5439E-5 1.19612E-4 9.2603E-5 1.12715E-4 1.00916E-4 1.03107E-4 1.08551E-4 9.9323E-5 1.12068E-4 1.03427E-4 1.12447E-4 1.03727E-4 9.1364E-5 9.5784E-5 1.16318E-4 1.02573E-4 9.1634E-5 8.3401E-5 2.1656E-4 9.851E-5 1.24989E-4 1.49223E-4 1.26328E-4 1.88492E-4 2.0926E-4 1.34439E-4 1.05651E-4 1.20146E-4 8.4278E-5 1.13693E-4 1.18008E-4 1.22821E-4 9.5166E-5 1.24371E-4 1.07643E-4 9.9062E-5 8.6592E-5 9.364E-5 1.59527E-4 1.32802E-4 1.13727E-4 1.12454E-4 2.17615E-4 1.21887E-4 1.01113E-4 1.05748E-4 9.4825E-5 1.20757E-4 1.02115E-4 1.05952E-4 9.7399E-5 1.03176E-4 8.7258E-5 8.3634E-5 1.23903E-4 1.26409E-4 8.556E-5 8.7922E-5 9.8804E-5 9.3085E-5 7.6821E-5 7.3326E-5 1.0806E-4 8.8971E-5 1.02468E-4 1.16249E-4 1.08831E-4 1.13274E-4 9.2222E-5 7.9413E-5 7.5705E-5 9.8143E-5 1.0555E-4 8.4955E-5 7.3544E-5 1.09166E-4 8.3922E-5 9.5449E-5 8.0429E-5 7.3803E-5 9.2989E-5 1.01779E-4 1.10057E-4 8.691E-5 8.771E-5 1.74735E-4 1.13904E-4 9.5288E-5 1.01518E-4 1.30955E-4 1.0647E-4 9.3795E-5 1.56511E-4 1.26452E-4 1.81262E-4 2.30065E-4 1.46689E-4 9.9652E-5 8.6508E-5 9.5526E-5 9.111E-5 1.09644E-4 7.6147E-5 1.04779E-4 9.0113E-5 1.07014E-4 1.03546E-4 7.7276E-5 1.02583E-4 1.03974E-4 1.06106E-4 9.4939E-5 8.0924E-5 8.9326E-5 1.09141E-4 1.07021E-4 8.9169E-5 9.3092E-5 1.03433E-4 1.15893E-4 1.12327E-4 9.7458E-5 1.01827E-4 1.32436E-4 1.33854E-4 1.01254E-4 9.2547E-5 1.04407E-4 8.9126E-5 9.761E-5 9.4671E-5 1.05693E-4 8.1755E-5 9.6014E-5 8.9551E-5 1.2214E-4 9.4196E-5 9.0229E-5 1.25346E-4 1.4045E-4 9.3113E-5 7.8901E-5 1.2582E-4 1.86139E-4 2.23861E-4 2.08657E-4 1.113E-4 1.03353E-4 8.3749E-5 1.01164E-4 9.7996E-5 1.09796E-4 9.2619E-5 7.2852E-5 1.06504E-4 8.643E-5 8.0339E-5 9.5782E-5 1.01393E-4 1.00651E-4 8.9538E-5 7.8759E-5 1.79551E-4 1.00925E-4 1.04388E-4 1.10755E-4 1.18604E-4 1.12618E-4 1.51198E-4 8.4808E-5 7.6567E-5 1.08246E-4 1.22939E-4 9.8481E-5 1.30039E-4 1.70891E-4 1.36188E-4 1.31469E-4 1.12798E-4 8.0952E-5 9.7275E-5 1.12603E-4 1.08704E-4 8.6857E-5 9.1729E-5 1.21402E-4 1.0402E-4 8.6162E-5 1.25913E-4 1.17797E-4 8.8704E-5 7.391E-5 7.0941E-5 1.1482E-4 1.18074E-4 1.04021E-4 9.5555E-5 8.7777E-5 8.6969E-5 9.5992E-5 9.9914E-5 1.41317E-4 1.29404E-4 1.14466E-4 9.9405E-5 1.30315E-4 1.14793E-4 9.0462E-5 1.07435E-4 9.4427E-5 1.04186E-4 1.485E-4 1.10319E-4 1.04841E-4 9.7209E-5 1.01639E-4 8.9106E-5 8.2884E-5 9.2539E-5 9.2002E-5 1.40978E-4 1.27005E-4 1.07133E-4 1.37382E-4 1.05826E-4 9.7997E-5 8.4779E-5 9.9467E-5 7.8148E-5 9.6512E-5 8.402E-5 1.03388E-4 7.7186E-5 9.6713E-5 9.2464E-5 1.09602E-4 9.1703E-5 7.8909E-5 1.23277E-4 1.06996E-4 1.00072E-4 7.8438E-5 1.07281E-4 1.06142E-4 9.0156E-5 1.04124E-4 9.484E-5 1.04321E-4 7.6607E-5 1.0741E-4 9.5776E-5 1.44051E-4 1.52919E-4 1.20444E-4 1.47595E-4 9.1794E-5 8.1927E-5 8.7055E-5 9.7333E-5 9.4873E-5 1.11257E-4 8.025E-5 1.19582E-4 9.3812E-5 1.03673E-4 1.09251E-4 2.16695E-4 1.36473E-4 1.00901E-4 8.9474E-5 7.9428E-5 1.00805E-4 1.10893E-4 8.5946E-5 7.1373E-5 1.03267E-4 8.5918E-5 9.5966E-5 8.1007E-5 7.6777E-5 9.2122E-5 1.02078E-4 1.19082E-4 8.6067E-5 9.9348E-5 1.17895E-4 1.10488E-4 8.4162E-5 8.2851E-5 1.08153E-4 8.1708E-5 7.1272E-5 8.4875E-5 1.15457E-4 1.01085E-4 1.05322E-4 9.7759E-5 9.3385E-5 8.7558E-5 1.01993E-4 8.5941E-5 1.05422E-4 7.0598E-5 1.04004E-4 8.7108E-5 9.3875E-5 9.589E-5 7.5138E-5 9.7324E-5 9.1115E-5 1.87281E-4 1.0491E-4 8.5332E-5 1.20421E-4 9.8722E-5 1.14048E-4 9.0401E-5 1.07046E-4 1.45991E-4 1.32384E-4 1.30671E-4 1.02488E-4 1.07983E-4 1.11759E-4 9.9223E-5 9.1894E-5 8.261E-5 9.5271E-5 8.6285E-5 1.01369E-4 8.4729E-5 1.17669E-4 1.1622E-4 1.67536E-4 1.23705E-4 1.06709E-4 9.7675E-5 8.5257E-5 1.12314E-4 1.4967E-4 1.28744E-4 8.7801E-5 1.19548E-4 9.8778E-5 8.6093E-5 1.03093E-4 8.9326E-5 9.6305E-5 8.1233E-5 9.9841E-5 9.2543E-5 1.00441E-4 8.33E-5 7.0756E-5 9.9644E-5 1.10152E-4 9.2596E-5 8.3768E-5 9.4266E-5 8.9757E-5 7.2809E-5 7.0947E-5 1.02544E-4 8.6727E-5 9.7117E-5 1.00755E-4 1.02928E-4 1.46843E-4 1.12663E-4 9.5204E-5 1.7904E-4 1.23471E-4 1.21529E-4 1.26319E-4 2.08391E-4 1.09417E-4 8.7693E-5 1.02829E-4 8.471E-5 7.9217E-5 9.4329E-5 1.07469E-4 1.25086E-4 8.747E-5 9.4413E-5 1.23715E-4 1.07801E-4 7.6787E-5 8.3652E-5 1.08996E-4 8.052E-5 7.0321E-5 7.2279E-5 1.13908E-4 1.01334E-4 1.02198E-4 1.34577E-4 1.41197E-4 1.24878E-4 1.13082E-4 9.4929E-5 1.15632E-4 7.6113E-5 1.02171E-4 1.01733E-4 1.01949E-4 1.09011E-4 8.0533E-5 1.0316E-4 9.9739E-5 1.03027E-4 9.3365E-5 1.34617E-4 9.6341E-5 9.3655E-5 1.01997E-4 9.1645E-5 8.8936E-5 9.2026E-5 9.7684E-5 1.13119E-4 9.7763E-5 1.03635E-4 1.08088E-4 9.631E-5 1.00315E-4 8.5163E-5 9.6223E-5 7.4475E-5 1.07701E-4 8.375E-5 1.04902E-4 7.7465E-5 9.4579E-5 9.226E-5 9.3006E-5 8.3725E-5 8.7618E-5 1.13466E-4 1.01152E-4 8.7365E-5 5.8379E-5 1.13678E-4 1.00462E-4 8.8604E-5 1.17201E-4 9.513E-5 1.05419E-4 1.11857E-4 1.08796E-4 9.1268E-5 1.1191E-4 1.18064E-4 7.382E-5 1.07338E-4 8.8761E-5 8.4234E-5 8.5445E-5 9.4374E-5 9.1576E-5 7.5043E-5 7.1643E-5 1.05665E-4 1.19494E-4 1.21439E-4 1.15492E-4 1.09586E-4 1.92328E-4 1.79559E-4 1.40539E-4 1.54004E-4 1.40485E-4 1.27555E-4 1.07511E-4 7.2308E-5 9.5855E-5 8.4096E-5 9.6121E-5 9.1547E-5 7.694E-5 1.35712E-4 1.24051E-4 1.23577E-4 8.163E-5 1.057E-4 1.24069E-4 1.10018E-4 1.0329E-4 1.23143E-4 1.33007E-4 7.896E-5 8.1031E-5 8.184E-5 1.36557E-4 1.50016E-4 1.11135E-4 9.3833E-5 8.401E-5 8.2003E-5 9.1904E-5 8.1884E-5 1.02994E-4 7.449E-5 1.04979E-4 9.688E-5 9.2609E-5 9.58E-5 7.553E-5 1.07896E-4 1.1134E-4 1.07145E-4 8.9477E-5 7.7925E-5 8.6366E-5 8.4364E-5 9.248E-5 7.7921E-5 7.905E-5 8.8241E-5 8.3803E-5 9.8535E-5 8.8484E-5 1.08775E-4 1.14164E-4 9.9506E-5 1.02567E-4 8.9397E-5 9.8481E-5 7.3667E-5 1.02984E-4 8.0679E-5 1.01543E-4 7.6881E-5 9.3905E-5 8.814E-5 9.3326E-5 8.4874E-5 7.2079E-5 1.04862E-4 9.7445E-5 8.8674E-5 8.4662E-5 1.08515E-4 9.6017E-5 1.17556E-4 1.04274E-4 1.37435E-4 2.49739E-4 2.38105E-4 2.04281E-4 8.6217E-5 9.6692E-5 8.3033E-5 6.9945E-5 1.15128E-4 8.1794E-5 9.0266E-5 1.2389E-4 1.48363E-4 1.01884E-4 8.2729E-5 9.6687E-5 1.07174E-4 8.8896E-5 9.8212E-5 1.05608E-4 1.24598E-4 1.22938E-4 1.43289E-4 8.8118E-5 7.9392E-5 1.14242E-4 1.13979E-4 9.3513E-5 8.085E-5 1.18664E-4 1.41348E-4 1.15651E-4 9.6373E-5 9.0361E-5 1.43595E-4 1.17774E-4 1.18999E-4 9.121E-5 1.68358E-4 1.26637E-4 1.18317E-4 9.0186E-5 8.1758E-5 1.56631E-4 1.41024E-4 8.6235E-5 2.43346E-4 4.12513E-4 2.17126E-4 2.00609E-4 1.41753E-4 1.55347E-4 1.45241E-4 1.56726E-4 1.219E-4 1.62372E-4 1.00291E-4 1.68304E-4 1.50879E-4 1.59182E-4 1.65697E-4 1.23807E-4 1.69394E-4 1.02245E-4 1.12284E-4 1.04425E-4 9.0293E-5 1.13292E-4 9.5602E-5 1.08526E-4 9.3501E-5 8.5619E-5 1.16209E-4 1.10775E-4 1.15969E-4 1.36842E-4 1.88354E-4 1.32398E-4 1.13847E-4 1.08849E-4 9.2737E-5 1.11396E-4 9.0979E-5 1.17291E-4 9.072E-5 2.40005E-4 1.33236E-4 9.9032E-5 1.01055E-4 1.14028E-4 1.15803E-4 9.1779E-5 1.16714E-4 1.24329E-4 2.17994E-4 9.8017E-5 1.18518E-4 1.08762E-4 1.52181E-4 1.36934E-4 1.07829E-4 1.12512E-4 9.8478E-5 1.34661E-4 1.01223E-4 1.02249E-4 8.4938E-5 6.9314E-5 9.4438E-5 7.778E-5 7.5924E-5 8.2784E-5 9.7005E-5 8.9567E-5 9.7191E-5 8.5392E-5 1.08863E-4 1.07254E-4 1.04054E-4 1.09402E-4 1.04688E-4 1.10374E-4 9.1438E-5 7.7995E-5 7.2395E-5 9.2662E-5 1.00441E-4 8.2365E-5 7.0336E-5 9.2306E-5 8.1988E-5 9.1385E-5 7.9641E-5 7.0726E-5 8.9271E-5 9.9962E-5 1.00212E-4 9.5244E-5 1.01687E-4 1.20696E-4 1.01306E-4 8.3161E-5 1.09619E-4 1.21152E-4 8.701E-5 8.054E-5 9.9425E-5 1.18415E-4 1.00982E-4 1.14056E-4 9.826E-5 9.3179E-5 8.7807E-5 1.22621E-4 8.4733E-5 1.37748E-4 7.8344E-5 1.12803E-4 1.02588E-4 1.02954E-4 1.34052E-4 8.9697E-5 1.05558E-4 9.6254E-5 1.04121E-4 9.3425E-5 1.07837E-4 9.9519E-5 9.1896E-5 1.01078E-4 9.3475E-5 8.3683E-5 1.10389E-4 8.7624E-5 1.0027E-4 8.7074E-5 9.3134E-5 1.10393E-4 9.8461E-5 9.1046E-5 1.09776E-4 1.04661E-4 8.5969E-5 1.29325E-4 1.03843E-4 1.17014E-4 1.12713E-4 1.96245E-4 1.03471E-4 1.06972E-4 9.7709E-5 7.7403E-5 1.18151E-4 1.03822E-4 8.9518E-5 7.7505E-5 1.1347E-4 1.11605E-4 1.3988E-4 1.25557E-4 1.03169E-4 1.1213E-4 8.3537E-5 1.06554E-4 8.3895E-5 1.14201E-4 8.8804E-5 7.1242E-5 9.8524E-5 8.0979E-5 7.8695E-5 8.4991E-5 9.9247E-5 9.2611E-5 7.3956E-5 7.2252E-5 1.07854E-4 8.9821E-5 9.9942E-5 1.0734E-4 1.06769E-4 1.20092E-4 9.4555E-5 7.8571E-5 7.4596E-5 9.4661E-5 1.05298E-4 8.5256E-5 8.3983E-5 1.04129E-4 8.8551E-5 9.7406E-5 8.1545E-5 7.4987E-5 9.5705E-5 1.05551E-4 1.00888E-4 8.1321E-5 9.2453E-5 1.13835E-4 9.8945E-5 8.6215E-5 8.3384E-5 1.12037E-4 8.8041E-5 7.4365E-5 7.2962E-5 1.4693E-4 1.13796E-4 1.13562E-4 1.00291E-4 9.4997E-5 8.7706E-5 1.07175E-4 8.6002E-5 1.06513E-4 7.5719E-5 1.0923E-4 1.01627E-4 1.04842E-4 1.03264E-4 7.9105E-5 1.01753E-4 9.3743E-5 1.01885E-4 9.952E-5 8.1322E-5 9.0886E-5 1.10224E-4 1.01671E-4 8.8811E-5 9.4997E-5 1.26074E-4 1.06141E-4 1.23931E-4 1.17585E-4 9.9509E-5 1.07754E-4 9.8553E-5 9.1874E-5 8.5649E-5 1.07908E-4 8.297E-5 1.06908E-4 8.3577E-5 1.04192E-4 7.683E-5 9.9115E-5 9.2489E-5 1.10662E-4 9.1427E-5 7.6605E-5 1.1193E-4 1.12201E-4 9.3327E-5 7.8565E-5 1.24069E-4 1.59079E-4 9.5436E-5 1.16806E-4 9.3712E-5 1.04634E-4 8.99E-5 1.0199E-4 8.6079E-5 1.05546E-4 8.7433E-5 7.1123E-5 9.7488E-5 8.3946E-5 1.07717E-4 1.15081E-4 1.49265E-4 1.19874E-4 9.8347E-5 1.50823E-4 1.6404E-4 1.27912E-4 1.0567E-4 1.20693E-4 1.13563E-4 1.1755E-4 9.5734E-5 9.1866E-5 9.4907E-5 1.71447E-4 1.28474E-4 1.02453E-4 7.3258E-5 9.8134E-5 8.5052E-5 9.4684E-5 1.07718E-4 7.8479E-5 9.9076E-5 1.25371E-4 1.23792E-4 8.8013E-5 9.3232E-5 1.18108E-4 9.8029E-5 9.2225E-5 1.27861E-4 1.64913E-4 1.2235E-4 8.3072E-5 8.3586E-5 1.71751E-4 1.22001E-4 1.57831E-4 1.06412E-4 9.1023E-5 9.6209E-5 9.9727E-5 8.9865E-5 1.39436E-4 8.7378E-5 1.14418E-4 1.04944E-4 1.06505E-4 1.02548E-4 7.8227E-5 1.05619E-4 9.3149E-5 1.20497E-4 1.0317E-4 8.242E-5 9.3014E-5 8.4829E-5 1.02918E-4 1.00429E-4 9.5568E-5 1.04515E-4 1.01523E-4 1.24066E-4 9.9897E-5 1.08226E-4 1.13017E-4 1.00685E-4 9.3877E-5 8.3373E-5 1.08969E-4 8.4197E-5 1.01598E-4 9.4255E-5 1.11353E-4 8.8839E-5 1.48094E-4 1.12135E-4 1.18095E-4 1.27035E-4 1.29906E-4 1.53451E-4 1.17307E-4 9.8147E-5 8.5442E-5 1.12302E-4 1.35733E-4 9.5783E-5 1.09179E-4 8.7762E-5 9.824E-5 8.1597E-5 1.00974E-4 8.3856E-5 1.1543E-4 9.7496E-5 7.3993E-5 9.7631E-5 8.1514E-5 7.7798E-5 8.5499E-5 1.01343E-4 9.401E-5 1.03073E-4 1.09938E-4 1.38771E-4 1.15957E-4 1.24871E-4 1.15063E-4 1.22235E-4 1.16872E-4 9.6703E-5 8.2665E-5 7.5619E-5 1.08834E-4 1.13754E-4 8.9414E-5 7.4E-5 1.10222E-4 9.1645E-5 1.01541E-4 9.2052E-5 7.9187E-5 9.7715E-5 1.07866E-4 8.7852E-5 9.3232E-5 9.8092E-5 1.1829E-4 1.0713E-4 8.5267E-5 8.3243E-5 1.1236E-4 8.1218E-5 8.2159E-5 7.6099E-5 1.10734E-4 9.985E-5 1.02455E-4 1.45578E-4 1.03742E-4 1.2488E-4 1.19511E-4 9.7467E-5 1.25559E-4 1.15864E-4 1.67528E-4 1.48891E-4 1.04259E-4 1.01159E-4 7.8659E-5 1.17891E-4 1.04368E-4 1.15845E-4 1.00559E-4 8.6407E-5 9.4507E-5 9.1209E-5 2.19577E-4 1.04479E-4 9.3882E-5 9.9311E-5 1.44196E-4 1.39895E-4 9.6699E-5 9.7681E-5 1.10422E-4 1.13925E-4 1.19268E-4 1.09048E-4 1.1516E-4 7.7599E-5 9.8634E-5 8.0544E-5 1.06675E-4 7.8073E-5 9.802E-5 9.5703E-5 1.00628E-4 9.196E-5 7.6072E-5 1.14771E-4 1.02687E-4 9.0155E-5 7.6099E-5 1.14663E-4 1.62533E-4 1.02947E-4 1.07479E-4 8.9941E-5 9.8452E-5 7.8736E-5 9.9423E-5 8.0677E-5 9.8532E-5 8.4758E-5 6.8951E-5 1.15926E-4 8.7283E-5 8.3583E-5 9.5403E-5 1.02962E-4 9.4214E-5 7.8273E-5 8.6735E-5 1.1342E-4 9.3534E-5 1.28738E-4 1.26418E-4 1.09639E-4 1.1485E-4 1.0015E-4 8.0496E-5 9.2763E-5 1.01901E-4 1.9795E-4 1.34295E-4 8.6358E-5 1.25206E-4 1.50874E-4 1.51538E-4 1.37114E-4 1.66705E-4 1.3526E-4 1.28558E-4 1.18946E-4 1.10366E-4 1.01763E-4 1.85057E-4 1.17522E-4 8.9912E-5 9.3306E-5 1.19525E-4 1.23522E-4 8.6881E-5 9.0674E-5 1.79256E-4 1.12656E-4 1.24934E-4 1.31967E-4 1.06671E-4 1.01568E-4 1.11105E-4 9.7518E-5 1.15888E-4 8.1652E-5 1.21369E-4 1.28414E-4 1.07195E-4 1.92267E-4 1.10558E-4 1.49641E-4 1.91811E-4 1.87888E-4 1.24911E-4 1.00154E-4 1.07084E-4 1.00436E-4 1.1377E-4 9.5908E-5 1.0836E-4 1.04532E-4 1.06181E-4 1.19702E-4 1.2175E-4 1.36E-4 1.18477E-4 1.14473E-4 1.60542E-4 1.41757E-4 1.57511E-4 1.25257E-4 1.57024E-4 1.37964E-4 1.84874E-4 1.36832E-4 1.64694E-4 1.47799E-4 1.31861E-4 1.43165E-4 1.25705E-4 1.82822E-4 1.69087E-4 1.46464E-4 1.27908E-4 1.63542E-4 1.58929E-4 1.46552E-4 1.14951E-4 9.3312E-5 1.10987E-4 8.749E-5 1.07781E-4 9.4473E-5 1.0808E-4 1.46797E-4 1.1049E-4 1.35433E-4 8.4047E-5 1.29365E-4 1.49247E-4 1.61399E-4 1.06459E-4 8.3346E-5 7.724E-5 1.25673E-4 9.7563E-5 1.47116E-4 1.56504E-4 1.15956E-4 1.17342E-4 1.0751E-4 8.3049E-5 7.6136E-5 9.9166E-5 1.09449E-4 9.7695E-5 8.2789E-5 1.18352E-4 1.59407E-4 1.25567E-4 1.12784E-4 9.1561E-5 1.14456E-4 1.38336E-4 1.02229E-4 1.19437E-4 1.08217E-4 1.27745E-4 1.1514E-4 1.02053E-4 8.5828E-5 1.13269E-4 8.1074E-5 7.1954E-5 7.1953E-5 1.08002E-4 1.00778E-4 9.9395E-5 9.7367E-5 1.05503E-4 1.06193E-4 1.55775E-4 1.24021E-4 1.1812E-4 1.02117E-4 1.12084E-4 1.06207E-4 1.25859E-4 1.40757E-4 9.4734E-5 1.20157E-4 9.9361E-5 1.07962E-4 1.07456E-4 9.6915E-5 1.039E-4 1.00618E-4 1.0758E-4 9.3094E-5 1.06006E-4 1.09252E-4 1.05946E-4 1.31908E-4 1.05508E-4 1.12122E-4 1.22241E-4 1.39812E-4 1.62791E-4 1.34731E-4 1.46832E-4 9.1173E-5 1.29873E-4 9.4571E-5 1.21967E-4 8.1332E-5 1.00112E-4 1.05382E-4 9.7007E-5 8.7616E-5 7.5901E-5 1.10377E-4 1.12829E-4 9.5819E-5 9.2405E-5 1.24506E-4 1.12676E-4 9.8591E-5 1.10824E-4 8.9756E-5 9.9101E-5 8.2863E-5 1.14318E-4 8.6648E-5 1.09996E-4 1.06121E-4 7.4445E-5 1.01085E-4 8.2308E-5 8.0567E-5 8.6979E-5 9.9333E-5 9.4471E-5 7.5876E-5 7.3726E-5 1.07521E-4 9.0672E-5 9.946E-5 1.07784E-4 1.09665E-4 1.12221E-4 9.3211E-5 8.0126E-5 7.3639E-5 9.5289E-5 1.05374E-4 8.6982E-5 7.3391E-5 1.49668E-4 8.8992E-5 1.46516E-4 9.1974E-5 8.5928E-5 1.01142E-4 1.20771E-4 1.228E-4 1.44861E-4 1.24022E-4 1.31197E-4 1.07346E-4 8.155E-5 8.3554E-5 1.12943E-4 9.2228E-5 8.1361E-5 8.7454E-5 1.10762E-4 1.02713E-4 9.9823E-5 9.7237E-5 1.01131E-4 9.3248E-5 9.7877E-5 8.8014E-5 1.1732E-4 7.846E-5 1.12868E-4 9.5413E-5 9.7747E-5 9.7717E-5 7.7176E-5 1.14849E-4 1.36755E-4 1.08143E-4 1.13674E-4 1.14136E-4 1.1923E-4 1.39355E-4 1.80848E-4 1.29189E-4 9.2102E-5 1.1174E-4 1.03599E-4 1.19119E-4 1.01489E-4 1.23975E-4 1.38613E-4 1.1905E-4 1.18256E-4 1.00442E-4 1.10971E-4 8.9599E-5 1.42253E-4 1.01757E-4 1.31658E-4 1.43961E-4 1.53573E-4 1.10685E-4 9.6161E-5 8.7753E-5 7.5142E-5 1.13319E-4 1.26703E-4 1.09197E-4 1.4616E-4 1.275E-4 1.05147E-4 9.6629E-5 1.42966E-4 1.00566E-4 9.8323E-5 8.1502E-5 1.02733E-4 8.3887E-5 1.00318E-4 8.3887E-5 6.9485E-5 9.7952E-5 8.3042E-5 9.3784E-5 9.1538E-5 1.04945E-4 9.6517E-5 7.867E-5 7.5545E-5 1.13208E-4 9.3366E-5 1.03309E-4 1.10723E-4 1.09991E-4 1.11475E-4 9.517E-5 8.1355E-5 7.4533E-5 9.8856E-5 1.18882E-4 1.0313E-4 7.5445E-5 9.7324E-5 1.15709E-4 1.12543E-4 1.77986E-4 2.49524E-4 1.54402E-4 1.21002E-4 9.3645E-5 9.5663E-5 1.525E-4 1.4404E-4 1.10818E-4 8.0834E-5 9.284E-5 1.1545E-4 8.3654E-5 7.6449E-5 8.5343E-5 1.13102E-4 1.1101E-4 1.00316E-4 1.0648E-4 9.4922E-5 8.883E-5 1.06554E-4 9.0297E-5 1.07601E-4 7.3574E-5 1.07463E-4 9.2312E-5 9.6672E-5 9.6691E-5 7.7683E-5 1.03333E-4 9.5483E-5 9.6425E-5 9.3995E-5 8.0952E-5 9.2092E-5 9.0186E-5 9.87E-5 9.3267E-5 9.3669E-5 9.6804E-5 9.3786E-5 1.06378E-4 9.145E-5 1.09246E-4 1.23463E-4 1.02907E-4 9.6233E-5 8.515E-5 9.8645E-5 7.6772E-5 9.7458E-5 8.1416E-5 1.05793E-4 7.9356E-5 9.8671E-5 9.368E-5 9.2249E-5 1.47705E-4 9.0069E-5 1.1864E-4 1.22336E-4 1.01194E-4 8.228E-5 1.1632E-4 1.28767E-4 1.01739E-4 1.24143E-4 1.13515E-4 1.22868E-4 1.1836E-4 1.21954E-4 1.1658E-4 1.22629E-4 1.05589E-4 7.7873E-5 1.01979E-4 8.3945E-5 1.42823E-4 1.20139E-4 1.0448E-4 1.59139E-4 1.11092E-4 1.36295E-4 2.34974E-4 1.65464E-4 1.1262E-4 1.29514E-4 1.37724E-4 1.35039E-4 2.45413E-4 2.00826E-4 8.6788E-5 1.23275E-4 1.21489E-4 8.9269E-5 1.13351E-4 1.77825E-4 1.62978E-4 1.1404E-4 9.1145E-5 8.9188E-5 1.07229E-4 1.45063E-4 1.05691E-4 1.11072E-4 1.33722E-4 1.7574E-4 1.07678E-4 7.9141E-5 9.3699E-5 1.1542E-4 8.7706E-5 1.1775E-4 1.0429E-4 1.06071E-4 1.05898E-4 9.9092E-5 1.00763E-4 9.2584E-5 1.02122E-4 1.24982E-4 1.01757E-4 1.17686E-4 9.2558E-5 1.11899E-4 9.7113E-5 9.8965E-5 9.7894E-5 7.9921E-5 1.08264E-4 9.5092E-5 9.6885E-5 9.5842E-5 8.1505E-5 9.1601E-5 8.7736E-5 9.7743E-5 8.2933E-5 8.3882E-5 9.4709E-5 1.0267E-4 1.15732E-4 9.4025E-5 1.12172E-4 1.25851E-4 1.08663E-4 9.9245E-5 8.6593E-5 9.9613E-5 7.5756E-5 9.9948E-5 8.3887E-5 1.06084E-4 7.8693E-5 9.793E-5 9.3818E-5 9.2889E-5 8.9982E-5 7.8676E-5 1.11434E-4 1.01428E-4 9.9081E-5 9.2246E-5 1.207E-4 1.15255E-4 1.10456E-4 1.28595E-4 1.2301E-4 1.17802E-4 1.04086E-4 1.17186E-4 1.09237E-4 1.14615E-4 1.02039E-4 1.38659E-4 1.80111E-4 1.99778E-4 1.37724E-4 1.61519E-4 3.60274E-4 2.31587E-4 1.16938E-4 1.24779E-4 1.82538E-4 1.54375E-4 1.81081E-4 1.81104E-4 1.12569E-4 1.89072E-4 1.4968E-4 1.0329E-4 9.4492E-5 1.01792E-4 1.6308E-4 9.9794E-5 8.303E-5 1.46744E-4 1.6639E-4 1.29986E-4 9.5133E-5 9.0999E-5 1.12061E-4 1.15976E-4 1.02057E-4 9.8213E-5 1.08135E-4 1.0945E-4 1.08755E-4 8.4557E-5 9.5712E-5 1.25402E-4 9.5167E-5 1.11427E-4 8.6654E-5 1.06973E-4 1.03563E-4 1.03654E-4 1.08229E-4 1.25077E-4 8.8813E-5 1.03004E-4 8.4967E-5 1.16425E-4 8.2549E-5 1.19105E-4 1.67525E-4 1.31582E-4 1.42855E-4 1.56993E-4 2.45837E-4 1.02251E-4 1.17487E-4 1.13579E-4 9.2391E-5 9.5789E-5 9.2374E-5 1.06867E-4 1.06149E-4 1.38114E-4 1.14889E-4 1.06025E-4 1.21936E-4 1.19117E-4 1.35899E-4 1.24924E-4 1.0613E-4 9.9134E-5 9.888E-5 1.35226E-4 1.20745E-4 1.05286E-4 8.2205E-5 1.04041E-4 7.9838E-5 9.8343E-5 9.7101E-5 1.04651E-4 9.0216E-5 8.5932E-5 1.1056E-4 1.01308E-4 1.06698E-4 1.01004E-4 1.27982E-4 1.07315E-4 1.03891E-4 1.14589E-4 9.0277E-5 1.0094E-4 7.7236E-5 1.0293E-4 8.5227E-5 1.17404E-4 9.4722E-5 7.7235E-5 1.01484E-4 9.1E-5 8.356E-5 8.9923E-5 1.00267E-4 9.4641E-5 7.59E-5 7.4433E-5 1.12571E-4 9.0582E-5 1.01395E-4 1.11049E-4 1.1044E-4 1.15641E-4 9.3874E-5 8.0221E-5 8.4555E-5 1.06101E-4 2.37289E-4 1.54238E-4 9.925E-5 1.27412E-4 1.90716E-4 1.81767E-4 1.91809E-4 1.58066E-4 1.34971E-4 1.19699E-4 1.0081E-4 8.6652E-5 1.42798E-4 1.125E-4 1.10426E-4 8.4309E-5 8.5821E-5 1.30041E-4 8.8246E-5 1.07669E-4 8.9954E-5 1.1623E-4 1.64358E-4 1.52956E-4 1.39426E-4 1.24308E-4 1.25612E-4 1.07216E-4 8.5273E-5 1.24252E-4 7.5891E-5 1.07823E-4 9.5922E-5 1.01636E-4 1.14474E-4 8.061E-5 1.93809E-4 1.23854E-4 1.48442E-4 2.60906E-4 1.26225E-4 1.0786E-4 1.01974E-4 1.05855E-4 1.00719E-4 9.5828E-5 1.11833E-4 1.05698E-4 1.24809E-4 9.9101E-5 1.06866E-4 1.1698E-4 2.20634E-4 1.14829E-4 9.7374E-5 1.05755E-4 7.937E-5 1.17655E-4 9.3945E-5 1.12693E-4 9.5765E-5 1.11787E-4 9.9379E-5 9.482E-5 9.2533E-5 7.7885E-5 1.13994E-4 1.0698E-4 9.3003E-5 8.2258E-5 1.23286E-4 1.05334E-4 9.3286E-5 1.07453E-4 8.7746E-5 1.0811E-4 8.6306E-5 1.05949E-4 9.3068E-5 1.15286E-4 8.971E-5 7.5341E-5 1.07928E-4 1.47298E-4 1.17068E-4 9.4381E-5 1.20794E-4 1.04029E-4 7.8179E-5 7.9552E-5 1.08825E-4 1.25558E-4 1.4409E-4 1.44225E-4 1.2297E-4 1.2269E-4 1.04867E-4 1.23166E-4 1.47934E-4 1.2141E-4 1.20836E-4 9.8351E-5 8.0794E-5 1.01341E-4 9.3571E-5 1.00023E-4 8.5599E-5 8.2241E-5 9.3744E-5 1.06107E-4 8.7445E-5 1.10188E-4 1.08764E-4 1.01435E-4 9.1881E-5 7.6737E-5 7.9008E-5 1.09674E-4 7.9962E-5 7.1377E-5 7.247E-5 9.8155E-5 9.6895E-5 1.20905E-4 1.07892E-4 1.05292E-4 1.02042E-4 9.618E-5 8.5194E-5 1.08299E-4 7.311E-5 1.02963E-4 9.1498E-5 9.7204E-5 9.333E-5 7.822E-5 1.03166E-4 9.1693E-5 1.06604E-4 9.1955E-5 9.946E-5 1.06611E-4 8.7925E-5 9.8526E-5 1.00037E-4 8.4626E-5 9.2689E-5 1.05377E-4 1.29335E-4 9.0788E-5 1.10476E-4 1.18125E-4 1.45932E-4 1.47141E-4 1.18529E-4 1.25023E-4 9.9736E-5 1.0842E-4 8.4029E-5 1.038E-4 7.8657E-5 9.7061E-5 1.03855E-4 9.4384E-5 8.6736E-5 7.4479E-5 1.15712E-4 1.12127E-4 9.6291E-5 8.7852E-5 1.10665E-4 1.1388E-4 9.7537E-5 1.05711E-4 8.5378E-5 9.6282E-5 7.2226E-5 1.0E-4 8.2507E-5 1.00123E-4 9.5014E-5 7.3838E-5 9.9515E-5 9.199E-5 8.1155E-5 8.6634E-5 9.7835E-5 9.1714E-5 7.5723E-5 7.2914E-5 1.06855E-4 9.8624E-5 1.04638E-4 1.18726E-4 1.67603E-4 1.31826E-4 1.00336E-4 8.1516E-5 7.0802E-5 9.7657E-5 1.16419E-4 1.00495E-4 7.6657E-5 9.7639E-5 8.7673E-5 9.7275E-5 8.2645E-5 7.485E-5 9.4642E-5 1.07018E-4 8.5504E-5 8.2257E-5 9.1904E-5 1.01858E-4 1.04846E-4 8.4689E-5 8.6239E-5 1.13832E-4 8.308E-5 7.2667E-5 7.2414E-5 9.6071E-5 9.4851E-5 9.3994E-5 9.3869E-5 7.7053E-5 8.2769E-5 9.1749E-5 7.9622E-5 1.00536E-4 7.208E-5 1.02362E-4 8.8571E-5 9.1928E-5 9.0992E-5 7.514E-5 9.9211E-5 1.00517E-4 9.1897E-5 8.518E-5 7.7784E-5 8.7805E-5 8.411E-5 9.291E-5 8.7359E-5 9.3631E-5 1.72373E-4 9.9254E-5 1.20409E-4 9.3591E-5 1.0318E-4 1.08979E-4 1.00575E-4 9.3372E-5 8.2073E-5 1.07966E-4 7.8928E-5 9.9521E-5 8.1878E-5 1.02283E-4 9.2092E-5 1.02066E-4 9.4816E-5 9.1417E-5 8.9483E-5 8.1425E-5 1.08999E-4 1.01253E-4 1.03215E-4 1.18081E-4 2.08574E-4 2.0152E-4 1.22475E-4 1.23339E-4 9.6062E-5 1.01903E-4 8.1816E-5 1.0637E-4 8.8697E-5 1.0997E-4 9.6007E-5 8.5092E-5 1.07885E-4 9.703E-5 9.3021E-5 9.8864E-5 1.11484E-4 9.8198E-5 8.5777E-5 9.435E-5 1.21418E-4 1.01156E-4 1.13483E-4 1.19801E-4 1.54787E-4 1.1698E-4 9.7279E-5 8.6129E-5 7.6687E-5 1.03094E-4 1.10864E-4 1.49133E-4 1.47675E-4 1.35539E-4 1.11121E-4 1.02578E-4 8.5169E-5 7.7592E-5 9.5659E-5 1.0735E-4 8.6464E-5 8.3265E-5 8.9914E-5 1.0097E-4 1.03587E-4 9.5906E-5 9.1199E-5 1.34716E-4 1.19633E-4 9.6261E-5 8.7869E-5 1.11837E-4 1.12753E-4 1.08578E-4 1.35712E-4 1.04513E-4 1.01843E-4 9.6465E-5 8.4812E-5 1.121E-4 1.16711E-4 1.25241E-4 1.2546E-4 1.00725E-4 9.6756E-5 7.8515E-5 1.05932E-4 9.3678E-5 9.6952E-5 9.0663E-5 8.7408E-5 1.19695E-4 1.04024E-4 1.13245E-4 9.6546E-5 8.6992E-5 1.06102E-4 9.5072E-5 1.08569E-4 9.1603E-5 9.423E-5 1.06646E-4 9.8084E-5 1.32055E-4 9.3908E-5 1.0067E-4 7.7378E-5 1.00442E-4 8.3365E-5 1.04745E-4 8.212E-5 9.6543E-5 9.3111E-5 9.1844E-5 8.5542E-5 8.6789E-5 1.12981E-4 1.04374E-4 1.06695E-4 8.6292E-5 1.14243E-4 1.01779E-4 1.04105E-4 1.32161E-4 1.10732E-4 1.08481E-4 9.5398E-5 1.27462E-4 1.06619E-4 1.18403E-4 9.3073E-5 7.8276E-5 9.9339E-5 9.3856E-5 9.6272E-5 9.9083E-5 1.1061E-4 1.06645E-4 8.0981E-5 7.5902E-5 1.10953E-4 9.8869E-5 1.04279E-4 1.07213E-4 1.06028E-4 1.21826E-4 1.02533E-4 7.6976E-5 7.0268E-5 9.8045E-5 1.05848E-4 8.5119E-5 7.2739E-5 9.5793E-5 8.4601E-5 9.4853E-5 9.1797E-5 7.8455E-5 9.7255E-5 1.07219E-4 8.5401E-5 8.1419E-5 9.286E-5 1.01966E-4 9.2888E-5 7.6153E-5 1.0312E-4 1.41819E-4 9.7288E-5 8.3259E-5 8.354E-5 1.03465E-4 1.10145E-4 1.00489E-4 1.06993E-4 5.2557E-5 9.0456E-5 9.5491E-5 8.2176E-5 1.06337E-4 7.3801E-5 1.06752E-4 9.271E-5 9.4449E-5 9.6639E-5 8.5657E-5 1.04391E-4 9.2897E-5 1.02472E-4 8.4083E-5 8.0315E-5 1.01247E-4 9.0429E-5 9.6446E-5 8.1426E-5 7.9672E-5 9.0698E-5 8.5876E-5 1.02075E-4 8.7573E-5 9.1376E-5 1.06572E-4 9.5122E-5 9.0873E-5 7.5003E-5 9.1143E-5 7.0166E-5 9.204E-5 7.5058E-5 9.7435E-5 7.2619E-5 9.0294E-5 8.4688E-5 8.431E-5 8.0654E-5 6.8811E-5 1.01952E-4 9.5734E-5 8.1929E-5 7.2451E-5 1.00706E-4 8.9747E-5 8.9326E-5 1.08235E-4 7.3024E-5 8.8637E-5 6.3252E-5 9.2553E-5 7.8202E-5 9.3242E-5 9.0346E-5 7.5657E-5 9.2195E-5 7.4172E-5 7.4509E-5 7.9866E-5 8.9364E-5 8.4703E-5 6.8034E-5 6.7171E-5 9.8416E-5 7.7948E-5 9.0432E-5 9.5276E-5 9.7883E-5 1.0343E-4 8.3556E-5 6.2292E-5 7.044E-5 1.02676E-4 1.1258E-4 8.5728E-5 9.071E-5 1.48119E-4 1.27253E-4 1.02213E-4 1.09218E-4 1.19685E-4 2.08985E-4 2.68155E-4 1.27257E-4 9.7243E-5 1.06667E-4 1.15337E-4 1.00939E-4 7.8305E-5 8.1304E-5 1.14537E-4 8.324E-5 8.6425E-5 8.5978E-5 1.06699E-4 1.10361E-4 1.01608E-4 9.9084E-5 7.86E-5 1.54168E-4 1.04643E-4 9.9231E-5 1.23811E-4 7.7871E-5 1.11421E-4 9.5603E-5 9.9543E-5 9.8409E-5 9.0326E-5 1.05353E-4 1.05607E-4 9.7675E-5 8.2792E-5 8.6785E-5 9.0486E-5 8.654E-5 9.6346E-5 8.1959E-5 8.3688E-5 9.1482E-5 1.19927E-4 1.55755E-4 1.25763E-4 1.05066E-4 1.21228E-4 1.13699E-4 1.2229E-4 9.767E-5 9.9504E-5 7.7167E-5 9.8414E-5 8.2626E-5 1.05725E-4 8.9853E-5 1.13117E-4 1.02141E-4 1.03539E-4 8.8285E-5 7.6631E-5 1.16422E-4 1.05226E-4 9.3165E-5 9.0195E-5 1.33027E-4 1.17709E-4 1.15195E-4 1.19081E-4 1.17442E-4 1.22831E-4 9.4027E-5 1.09651E-4 8.465E-5 1.0351E-4 8.5062E-5 7.1111E-5 9.684E-5 8.1771E-5 8.0528E-5 8.3948E-5 1.06042E-4 1.06732E-4 1.02373E-4 9.3987E-5 1.24104E-4 9.2451E-5 1.07748E-4 1.08814E-4 1.1038E-4 1.08996E-4 9.2476E-5 7.7188E-5 7.0185E-5 9.4535E-5 1.05125E-4 8.4523E-5 7.3229E-5 1.00719E-4 1.00146E-4 1.02359E-4 8.4439E-5 7.8328E-5 1.05643E-4 1.16602E-4 9.1227E-5 8.4583E-5 9.3642E-5 1.02114E-4 9.3012E-5 8.4932E-5 8.1738E-5 1.11769E-4 8.4258E-5 7.7386E-5 8.4078E-5 1.00348E-4 1.61794E-4 1.10711E-4 1.25523E-4 1.11838E-4 1.03831E-4 1.10683E-4 1.39881E-4 1.18204E-4 7.6139E-5 1.08187E-4 9.5245E-5 1.06934E-4 1.05545E-4 1.03635E-4 1.16354E-4 1.04237E-4 1.01299E-4 9.6787E-5 1.26083E-4 1.51962E-4 1.41155E-4 1.60454E-4 1.28423E-4 1.37847E-4 1.54737E-4 1.66884E-4 1.75165E-4 1.38277E-4 1.25781E-4 1.74907E-4 1.41826E-4 2.0944E-4 1.76835E-4 1.75305E-4 1.3281E-4 1.07605E-4 9.1684E-5 1.28538E-4 1.618E-4 1.2737E-4 1.62289E-4 1.23391E-4 1.0674E-4 9.1767E-5 1.26076E-4 1.27924E-4 1.09975E-4 1.01345E-4 1.23809E-4 1.08899E-4 1.06687E-4 1.18485E-4 8.3751E-5 1.37269E-4 8.9517E-5 1.5414E-4 1.1122E-4 1.55715E-4 1.56033E-4 1.95974E-4 1.39286E-4 1.41318E-4 1.21361E-4 9.888E-5 1.88961E-4 1.11231E-4 9.185E-5 8.448E-5 1.15907E-4 1.03246E-4 1.17328E-4 1.25554E-4 1.2678E-4 1.25479E-4 1.00936E-4 7.5113E-5 6.9888E-5 9.781E-5 1.08579E-4 8.8415E-5 7.36E-5 1.01517E-4 8.6002E-5 9.4259E-5 8.2717E-5 1.08899E-4 9.9315E-5 1.0949E-4 8.8105E-5 8.6551E-5 1.02214E-4 1.25448E-4 1.07486E-4 7.6444E-5 8.173E-5 1.09758E-4 7.7458E-5 1.04177E-4 7.7454E-5 1.00807E-4 1.06529E-4 9.9754E-5 9.7114E-5 9.4586E-5 1.042E-4 1.02784E-4 8.109E-5 1.0655E-4 7.4509E-5 1.09473E-4 9.6131E-5 1.0545E-4 9.8444E-5 8.2293E-5 1.51578E-4 1.01574E-4 9.7314E-5 8.2209E-5 1.16617E-4 1.25719E-4 1.06145E-4 1.0593E-4 9.4523E-5 9.1132E-5 1.00582E-4 9.269E-5 1.17325E-4 9.7074E-5 9.881E-5 1.15502E-4 1.0055E-4 9.9429E-5 8.3051E-5 1.02468E-4 7.4159E-5 1.03922E-4 8.2284E-5 1.11658E-4 8.7839E-5 9.4686E-5 9.2662E-5 8.6839E-5 7.916E-5 6.9162E-5 1.01379E-4 9.5695E-5 8.1207E-5 7.0056E-5 9.9255E-5 8.7776E-5 7.8308E-5 9.4192E-5 6.5286E-5 8.3275E-5 6.4228E-5 9.0727E-5 7.5405E-5 9.224E-5 8.5455E-5 6.9182E-5 9.1142E-5 7.3092E-5 7.2463E-5 8.9075E-5 9.7014E-5 8.6717E-5 6.982E-5 7.3626E-5 1.05364E-4 8.1186E-5 9.5344E-5 1.03748E-4 1.05269E-4 1.02534E-4 9.975E-5 7.6452E-5 8.4365E-5 1.00934E-4 1.07341E-4 9.0076E-5 6.9786E-5 9.094E-5 7.7657E-5 8.8984E-5 7.7827E-5 7.0307E-5 1.00907E-4 1.02853E-4 8.6059E-5 7.68E-5 8.655E-5 1.03743E-4 8.9465E-5 8.3129E-5 7.7543E-5 1.13022E-4 1.08545E-4 6.9172E-5 8.6798E-5 1.40989E-4 1.19933E-4 1.69584E-4 1.60243E-4 1.01258E-4 9.6895E-5 9.8706E-5 9.4181E-5 1.15219E-4 7.7361E-5 1.09761E-4 9.2965E-5 9.0845E-5 9.2889E-5 7.9267E-5 1.23743E-4 1.58004E-4 1.33766E-4 1.08862E-4 1.47152E-4 1.06354E-4 1.5285E-4 1.22573E-4 1.17223E-4 1.39867E-4 1.61007E-4 1.88074E-4 1.13309E-4 9.3491E-5 9.6958E-5 1.0902E-4 9.7908E-5 9.3443E-5 8.2933E-5 9.6348E-5 7.7294E-5 9.9176E-5 8.2287E-5 1.18846E-4 8.5465E-5 9.6935E-5 9.5158E-5 1.03337E-4 8.9034E-5 8.5193E-5 1.21257E-4 1.06752E-4 9.0669E-5 7.8386E-5 1.25783E-4 1.09779E-4 9.8352E-5 1.24629E-4 1.37383E-4 1.25061E-4 7.899E-5 1.15306E-4 9.1931E-5 1.05439E-4 9.7081E-5 7.96E-5 1.14354E-4 8.7644E-5 8.3264E-5 9.2699E-5 9.9874E-5 9.2251E-5 7.6268E-5 7.372E-5 1.74271E-4 1.12123E-4 1.03359E-4 1.07502E-4 1.08367E-4 1.10582E-4 9.2679E-5 7.2407E-5 6.6004E-5 9.8018E-5 1.04153E-4 8.4428E-5 8.9053E-5 1.11713E-4 9.0381E-5 9.8128E-5 9.341E-5 8.1671E-5 9.7519E-5 1.08229E-4 8.6239E-5 8.1942E-5 9.4092E-5 1.0395E-4 9.3638E-5 7.6841E-5 8.0454E-5 1.07896E-4 7.8539E-5 7.2743E-5 7.8207E-5 1.06295E-4 1.11543E-4 1.06511E-4 9.9057E-5 8.0062E-5 1.11543E-4 9.8646E-5 8.2773E-5 1.13018E-4 8.505E-5 1.39518E-4 9.486E-5 9.205E-5 1.00642E-4 7.9476E-5 1.03988E-4 9.4551E-5 9.8619E-5 1.18649E-4 1.24977E-4 1.36427E-4 1.21616E-4 1.39169E-4 1.68039E-4 1.07472E-4 1.04803E-4 1.01783E-4 1.11271E-4 9.8747E-5 1.62534E-4 1.79068E-4 1.6564E-4 1.549E-4 1.31106E-4 1.93644E-4 1.40747E-4 1.85068E-4 1.31124E-4 1.72282E-4 1.19434E-4 1.41362E-4 2.51408E-4 1.81386E-4 1.6856E-4 1.32941E-4 1.90658E-4 2.18492E-4 1.96055E-4 1.18864E-4 1.47968E-4 1.41548E-4 1.47653E-4 2.30297E-4 1.28264E-4 1.6147E-4 1.37268E-4 1.6113E-4 9.9185E-5 1.14505E-4 1.26003E-4 8.4015E-5 1.86606E-4 1.33906E-4 1.55291E-4 1.24895E-4 1.91947E-4 1.30761E-4 1.16418E-4 8.9774E-5 1.22419E-4 1.06533E-4 1.21115E-4 1.19683E-4 1.46596E-4 1.54781E-4 1.13366E-4 8.7145E-5 7.8684E-5 1.03101E-4 1.17651E-4 9.7931E-5 8.3223E-5 1.01437E-4 8.555E-5 9.3658E-5 8.4928E-5 7.7815E-5 1.39723E-4 1.09877E-4 8.6777E-5 8.3184E-5 9.3394E-5 1.04017E-4 1.1286E-4 8.5127E-5 9.8067E-5 1.29439E-4 9.0214E-5 7.8207E-5 1.21161E-4 1.14211E-4 9.9094E-5 1.11311E-4 1.07575E-4 1.26506E-4 9.0878E-5 9.5704E-5 8.2262E-5 1.06893E-4 7.4487E-5 1.06101E-4 1.09173E-4 8.9449E-5 9.7859E-5 8.1245E-5 1.05178E-4 1.03726E-4 1.11719E-4 9.7032E-5 8.9589E-5 1.07382E-4 1.01378E-4 1.04831E-4 9.6545E-5 8.7775E-5 9.4133E-5 9.2176E-5 1.23787E-4 9.7314E-5 9.2658E-5 1.33966E-4 1.13989E-4 1.33882E-4 1.22334E-4 1.34486E-4 1.04789E-4 1.0738E-4 8.1728E-5 1.04973E-4 8.963E-5 1.07192E-4 1.05362E-4 1.01383E-4 9.5693E-5 1.12195E-4 1.21E-4 1.09504E-4 1.02196E-4 8.8348E-5 1.195E-4 1.08411E-4 8.9626E-5 1.1501E-4 8.2786E-5 9.0074E-5 8.6125E-5 1.05424E-4 8.762E-5 1.14956E-4 9.0301E-5 7.2797E-5 9.9179E-5 8.3781E-5 8.5959E-5 9.0139E-5 9.9788E-5 9.5369E-5 7.9054E-5 7.2825E-5 1.09764E-4 9.1524E-5 1.03557E-4 1.06253E-4 1.07853E-4 1.14707E-4 1.03066E-4 8.4429E-5 7.7426E-5 1.0842E-4 1.23598E-4 1.20257E-4 8.23E-5 1.01272E-4 1.40476E-4 1.1394E-4 9.117E-5 8.1301E-5 1.06367E-4 1.21599E-4 1.11882E-4 1.4925E-4 2.0336E-4 3.20119E-4 1.54628E-4 1.20193E-4 1.30851E-4 1.13124E-4 8.0775E-5 8.1794E-5 8.6E-5 1.17689E-4 1.08188E-4 1.40997E-4 1.28957E-4 9.6988E-5 1.31301E-4 1.74876E-4 9.9604E-5 1.17723E-4 7.7372E-5 1.08196E-4 1.05453E-4 9.0365E-5 1.01729E-4 8.0591E-5 1.14972E-4 9.5403E-5 9.6861E-5 8.0299E-5 2.08678E-4 1.20989E-4 1.00269E-4 1.30496E-4 1.09459E-4 9.3832E-5 9.9543E-5 9.6264E-5 1.24579E-4 1.3594E-4 1.51678E-4 1.98393E-4 1.12297E-4 1.04381E-4 9.0666E-5 1.02373E-4 7.721E-5 9.9817E-5 8.1289E-5 1.05221E-4 7.8934E-5 1.29771E-4 9.873E-5 1.03219E-4 9.3919E-5 8.8108E-5 1.12538E-4 1.02949E-4 1.01422E-4 8.188E-5 1.21822E-4 1.01642E-4 1.24963E-4 1.12061E-4 8.0159E-5 1.38042E-4 8.6994E-5 1.35433E-4 1.20782E-4 1.6145E-4 1.34388E-4 8.2885E-5 1.00401E-4 8.4414E-5 8.3906E-5 9.0767E-5 1.47053E-4 1.05245E-4 8.4405E-5 9.8192E-5 1.18223E-4 9.1833E-5 1.0697E-4 1.3911E-4 1.18439E-4 1.15591E-4 9.9782E-5 8.5778E-5 7.6777E-5 1.10326E-4 1.17252E-4 1.09681E-4 1.115E-4 1.43672E-4 1.38432E-4 1.44909E-4 1.34398E-4 1.25034E-4 1.3846E-4 1.09192E-4 1.66017E-4 1.38607E-4 1.55956E-4 1.90497E-4 1.57302E-4 1.34201E-4 1.4874E-4 1.88502E-4 1.7791E-4 1.46934E-4 1.05314E-4 1.10707E-4 1.0167E-4 1.17176E-4 9.6862E-5 9.2419E-5 9.7856E-5 1.83395E-4 1.6372E-4 1.51785E-4 1.88201E-4 2.57729E-4 1.25331E-4 1.08813E-4 1.19573E-4 9.6417E-5 1.19701E-4 1.20483E-4 1.19839E-4 9.8041E-5 1.101E-4 1.11171E-4 9.6391E-5 1.07243E-4 9.0043E-5 8.6132E-5 1.26164E-4 1.17081E-4 1.18392E-4 1.05659E-4 1.12131E-4 1.40394E-4 1.31862E-4 1.18462E-4 8.8191E-5 1.01223E-4 7.8065E-5 1.01966E-4 8.562E-5 1.07349E-4 8.3437E-5 1.07055E-4 1.37684E-4 1.25555E-4 9.831E-5 8.2935E-5 1.20021E-4 1.50289E-4 1.65802E-4 1.21372E-4 1.27583E-4 1.09247E-4 1.04139E-4 1.18445E-4 7.7816E-5 9.4219E-5 7.7948E-5 1.09412E-4 8.4969E-5 1.05422E-4 8.8169E-5 7.4138E-5 1.02136E-4 8.4244E-5 8.3576E-5 9.0232E-5 1.03241E-4 9.6929E-5 8.0484E-5 7.7969E-5 1.11354E-4 9.0821E-5 1.13917E-4 1.11783E-4 1.10226E-4 1.15149E-4 9.5544E-5 1.03673E-4 8.5177E-5 1.06879E-4 1.38429E-4 9.9534E-5 9.4951E-5 1.35515E-4 1.33934E-4 1.47739E-4 1.35214E-4 1.31694E-4 1.20868E-4 1.17139E-4 9.9026E-5 9.6996E-5 1.08044E-4 1.42874E-4 1.16489E-4 9.3302E-5 9.4525E-5 1.25932E-4 9.3932E-5 7.6863E-5 8.2232E-5 1.0523E-4 1.16286E-4 1.03766E-4 1.02778E-4 7.9311E-5 1.01793E-4 1.08304E-4 9.1024E-5 1.35279E-4 7.8532E-5 1.16822E-4 9.5474E-5 1.22775E-4 1.02252E-4 8.6539E-5 1.16345E-4 1.05889E-4 1.05364E-4 7.9521E-5 9.0365E-5 1.01131E-4 8.6919E-5 1.00678E-4 8.3728E-5 8.1819E-5 9.4119E-5 8.8685E-5 1.05461E-4 8.8428E-5 9.1056E-5 1.05545E-4 1.03557E-4 9.3573E-5 8.0897E-5 9.5199E-5 7.7228E-5 9.9028E-5 8.0772E-5 1.46644E-4 9.6417E-5 1.04367E-4 1.0061E-4 1.01332E-4 8.9309E-5 8.7953E-5 1.15055E-4 1.05365E-4 9.1304E-5 7.8623E-5 1.11916E-4 1.00015E-4 8.8567E-5 1.07242E-4 7.395E-5 8.7341E-5 7.2883E-5 1.01259E-4 8.6462E-5 1.09487E-4 8.3809E-5 7.1212E-5 1.16145E-4 8.721E-5 9.1603E-5 9.9389E-5 1.1644E-4 1.04014E-4 1.66345E-4 1.09801E-4 1.1083E-4 9.7539E-5 1.05105E-4 1.08016E-4 1.06257E-4 1.11326E-4 9.0901E-5 7.663E-5 6.6656E-5 9.5367E-5 1.04904E-4 8.3632E-5 7.3158E-5 9.5514E-5 8.4566E-5 8.2964E-5 7.9003E-5 8.8628E-5 9.8942E-5 1.13312E-4 8.8243E-5 8.4196E-5 9.5054E-5 1.03581E-4 9.4829E-5 7.6677E-5 8.9364E-5 1.11179E-4 9.406E-5 9.2828E-5 7.8538E-5 1.01896E-4 9.9964E-5 9.7317E-5 8.4896E-5 6.9511E-5 8.9175E-5 9.4339E-5 8.0961E-5 9.8826E-5 7.1239E-5 1.01896E-4 8.8288E-5 7.8017E-5 9.0211E-5 7.4114E-5 9.4041E-5 8.5792E-5 9.0974E-5 7.1001E-5 7.2098E-5 8.2068E-5 7.4017E-5 8.972E-5 8.7163E-5 7.9009E-5 9.3735E-5 9.5068E-5 1.08554E-4 8.3595E-5 8.422E-5 1.13338E-4 9.4798E-5 8.7905E-5 7.7693E-5 8.8672E-5 7.0701E-5 9.0972E-5 7.525E-5 1.24423E-4 7.4004E-5 9.0621E-5 8.64E-5 8.4085E-5 9.1734E-5 7.4351E-5 1.10448E-4 1.02382E-4 8.6744E-5 8.2647E-5 1.12347E-4 9.6736E-5 1.03762E-4 1.02618E-4 7.026E-5 8.5526E-5 7.109E-5 1.08868E-4 8.8672E-5 9.8097E-5 1.29995E-4 8.0049E-5 1.06983E-4 8.8564E-5 8.9429E-5 1.05073E-4 1.64873E-4 2.39136E-4 1.94376E-4 1.20147E-4 1.15907E-4 9.1607E-5 1.04291E-4 1.09334E-4 1.0912E-4 1.14085E-4 8.9912E-5 7.6914E-5 1.07521E-4 1.15935E-4 1.40041E-4 9.1882E-5 7.645E-5 9.8107E-5 8.9322E-5 8.5539E-5 8.1771E-5 7.6599E-5 9.5341E-5 1.17316E-4 9.6936E-5 8.9036E-5 1.07493E-4 1.02174E-4 9.2601E-5 7.751E-5 8.5287E-5 1.11732E-4 7.8936E-5 9.2294E-5 1.57794E-4 1.23842E-4 1.18762E-4 1.34243E-4 1.12419E-4 7.6676E-5 9.0896E-5 9.611E-5 8.286E-5 1.06995E-4 7.8791E-5 1.09759E-4 9.7595E-5 9.9879E-5 1.15872E-4 8.6299E-5 1.08651E-4 9.9198E-5 1.27007E-4 1.031E-4 8.2829E-5 9.2675E-5 8.5396E-5 1.00297E-4 1.20716E-4 8.6638E-5 9.4856E-5 8.9581E-5 1.24083E-4 1.67895E-4 1.09128E-4 1.36302E-4 1.18041E-4 1.16387E-4 8.6916E-5 1.036E-4 8.3707E-5 1.20771E-4 1.1088E-4 1.20579E-4 8.6779E-5 1.07436E-4 9.8779E-5 1.32194E-4 9.571E-5 8.1806E-5 1.13837E-4 1.05605E-4 9.5189E-5 8.2037E-5 1.1845E-4 1.02825E-4 9.1992E-5 1.08765E-4 7.5997E-5 9.0067E-5 7.465E-5 1.08734E-4 9.591E-5 1.06393E-4 8.6202E-5 1.27035E-4 1.08721E-4 9.9679E-5 1.48866E-4 1.16895E-4 1.10452E-4 9.8981E-5 7.8028E-5 9.0528E-5 1.18374E-4 1.04759E-4 1.14692E-4 1.4686E-4 1.18807E-4 1.36769E-4 1.21433E-4 8.3884E-5 8.2937E-5 1.14071E-4 1.12708E-4 9.4289E-5 7.8657E-5 1.13039E-4 9.5733E-5 9.1401E-5 8.7236E-5 8.1708E-5 1.00559E-4 1.0946E-4 9.9046E-5 8.8506E-5 9.6973E-5 1.06165E-4 1.00056E-4 8.3334E-5 8.5674E-5 1.40409E-4 8.6865E-5 7.4192E-5 7.5301E-5 1.41161E-4 1.61988E-4 1.24148E-4 1.07011E-4 9.0906E-5 9.9848E-5 1.04288E-4 9.6319E-5 1.13685E-4 7.8462E-5 1.11994E-4 9.8276E-5 1.09346E-4 1.1484E-4 1.05458E-4 1.30452E-4 1.19414E-4 1.31902E-4 2.08718E-4 2.19241E-4 1.0411E-4 9.1816E-5 1.20597E-4 9.0784E-5 9.9441E-5 1.1172E-4 1.12251E-4 2.02502E-4 2.02287E-4 1.00455E-4 1.20307E-4 1.05157E-4 9.6214E-5 8.8013E-5 1.19844E-4 8.2674E-5 1.04253E-4 8.5537E-5 1.26503E-4 8.2247E-5 1.18206E-4 1.26786E-4 1.02694E-4 8.6133E-5 7.417E-5 1.07376E-4 1.18852E-4 1.07812E-4 8.9097E-5 1.20631E-4 1.04339E-4 1.20484E-4 1.07295E-4 7.3798E-5 9.4687E-5 1.14785E-4 1.34126E-4 1.42251E-4 1.13067E-4 8.6504E-5 1.21757E-4 1.9634E-4 9.6286E-5 1.66272E-4 1.02487E-4 1.08288E-4 1.07976E-4 9.0675E-5 8.7436E-5 1.14929E-4 9.2674E-5 1.05518E-4 1.1176E-4 1.08811E-4 1.15436E-4 9.0794E-5 7.4753E-5 6.8166E-5 1.13911E-4 1.20942E-4 1.06878E-4 1.06483E-4 1.13813E-4 8.9717E-5 9.2391E-5 1.06552E-4 1.4738E-4 1.50319E-4 1.62502E-4 1.16926E-4 8.5596E-5 9.4179E-5 1.01681E-4 9.1648E-5 7.8191E-5 7.9248E-5 1.09121E-4 7.7609E-5 6.9156E-5 7.1667E-5 9.7994E-5 9.8653E-5 9.7368E-5 8.5026E-5 7.8843E-5 9.2849E-5 9.4954E-5 8.3463E-5 1.46848E-4 8.5499E-5 1.5994E-4 1.08804E-4 9.1072E-5 1.08454E-4 9.1469E-5 1.19445E-4 9.9202E-5 9.9565E-5 7.4025E-5 8.0617E-5 9.4938E-5 8.5268E-5 1.16539E-4 9.7169E-5 9.0348E-5 1.0488E-4 9.5717E-5 1.38766E-4 9.9716E-5 9.8591E-5 1.12282E-4 1.001E-4 9.3962E-5 8.9859E-5 9.7258E-5 7.6167E-5 9.9569E-5 9.4327E-5 1.09932E-4 9.1131E-5 1.06868E-4 9.7846E-5 1.53076E-4 9.3334E-5 8.0519E-5 1.28621E-4 1.91148E-4 1.0279E-4 9.1003E-5 1.36382E-4 1.03546E-4 8.9394E-5 1.19611E-4 9.9179E-5 1.19736E-4 9.8353E-5 1.37219E-4 9.5525E-5 1.16725E-4 8.8348E-5 8.1721E-5 1.15394E-4 8.3861E-5 8.4156E-5 9.115E-5 1.02592E-4 1.01167E-4 1.01118E-4 9.699E-5 1.47697E-4 1.06451E-4 1.08845E-4 1.14684E-4 1.11907E-4 1.14269E-4 9.2772E-5 7.7516E-5 6.6989E-5 1.05538E-4 1.08279E-4 8.4916E-5 7.3333E-5 9.7772E-5 9.9586E-5 1.12393E-4 8.3139E-5 7.627E-5 9.3557E-5 1.07668E-4 8.5105E-5 8.5489E-5 9.2963E-5 1.02713E-4 9.3618E-5 7.8503E-5 8.2589E-5 1.10801E-4 7.8801E-5 7.294E-5 7.5119E-5 9.9669E-5 1.15324E-4 1.02282E-4 9.1064E-5 6.9508E-5 8.8093E-5 9.6808E-5 8.33E-5 1.09744E-4 7.4727E-5 2.01811E-4 1.0549E-4 8.8368E-5 1.0583E-4 8.0152E-5 1.07775E-4 1.03851E-4 1.14059E-4 7.8336E-5 8.6045E-5 9.4009E-5 8.817E-5 1.02567E-4 9.066E-5 1.75713E-4 2.32331E-4 2.8253E-4 1.80244E-4 1.01685E-4 1.09484E-4 1.4885E-4 1.10767E-4 9.9926E-5 8.5849E-5 9.8154E-5 8.567E-5 1.77865E-4 9.5481E-5 1.17637E-4 8.7784E-5 1.12857E-4 1.00708E-4 9.5283E-5 8.6848E-5 7.6691E-5 1.12871E-4 1.05862E-4 1.08681E-4 8.4239E-5 1.16286E-4 1.39396E-4 1.20062E-4 1.17061E-4 7.6661E-5 1.61354E-4 8.6703E-5 1.30323E-4 1.78838E-4 1.73235E-4 1.87571E-4 8.9545E-5 1.16088E-4 1.41841E-4 9.8655E-5 9.9641E-5 1.22474E-4 1.13265E-4 9.5618E-5 8.8908E-5 1.27631E-4 1.02328E-4 1.20117E-4 1.22227E-4 1.14315E-4 1.19832E-4 9.6485E-5 9.8572E-5 7.5312E-5 1.04061E-4 1.09875E-4 1.16862E-4 8.2702E-5 1.04302E-4 1.00625E-4 9.7755E-5 8.8762E-5 8.3476E-5 1.07578E-4 1.32509E-4 1.04301E-4 9.2924E-5 1.00305E-4 1.10108E-4 1.1341E-4 9.1677E-5 9.2862E-5 1.18523E-4 8.4303E-5 7.5037E-5 7.7982E-5 1.02128E-4 1.01974E-4 1.00704E-4 9.3414E-5 7.4338E-5 9.1087E-5 1.05041E-4 1.49146E-4 2.09418E-4 1.43206E-4 1.34908E-4 1.41885E-4 1.94965E-4 1.68976E-4 9.0064E-5 1.23834E-4 1.21226E-4 1.24199E-4 1.02037E-4 1.1589E-4 1.17447E-4 1.57613E-4 1.16782E-4 1.02909E-4 9.1454E-5 9.9177E-5 9.2976E-5 1.11008E-4 9.2088E-5 8.6719E-5 1.14405E-4 1.38782E-4 1.17098E-4 9.4196E-5 1.1768E-4 1.01384E-4 1.0575E-4 8.9969E-5 1.11712E-4 8.5051E-5 1.03203E-4 1.00457E-4 1.11068E-4 1.0238E-4 8.6003E-5 1.65197E-4 1.10938E-4 9.468E-5 7.9166E-5 1.15182E-4 1.10672E-4 1.03201E-4 1.14253E-4 7.6736E-5 8.4641E-5 7.9049E-5 1.13854E-4 8.8157E-5 1.03737E-4 9.1038E-5 8.3756E-5 1.01239E-4 9.3623E-5 1.09204E-4 1.02293E-4 1.27553E-4 1.34122E-4 1.06898E-4 9.4738E-5 1.4457E-4 1.00686E-4 1.08197E-4 1.10538E-4 1.08472E-4 1.18108E-4 1.03186E-4 8.4075E-5 7.8333E-5 1.0542E-4 1.16781E-4 9.7777E-5 1.338E-4 1.73686E-4 1.38547E-4 1.56162E-4 1.21723E-4 1.37159E-4 1.80773E-4 1.77445E-4 1.35422E-4 1.4535E-4 1.60615E-4 1.72246E-4 1.51406E-4 1.26681E-4 1.29366E-4 1.86039E-4 2.40852E-4 8.3248E-5 8.9037E-5 1.35834E-4 1.12588E-4 1.10718E-4 1.0162E-4 1.157E-4 1.00776E-4 1.77732E-4 1.14861E-4 1.4425E-4 1.85058E-4 1.64872E-4 1.14533E-4 9.5633E-5 1.1673E-4 9.2748E-5 1.74472E-4 1.84112E-4 1.16234E-4 9.0395E-5 1.12619E-4 1.59569E-4 1.47116E-4 1.33419E-4 1.06314E-4 1.47899E-4 1.16207E-4 1.0414E-4 1.19979E-4 9.2568E-5 8.6748E-5 1.14481E-4 1.23935E-4 1.04407E-4 8.9415E-5 9.9862E-5 9.2002E-5 1.25822E-4 1.12778E-4 1.08468E-4 8.0403E-5 1.00791E-4 9.5647E-5 8.9652E-5 8.7049E-5 7.4777E-5 1.09837E-4 1.04179E-4 1.06352E-4 8.5247E-5 1.20587E-4 1.02926E-4 9.2462E-5 1.06351E-4 7.3978E-5 8.4028E-5 7.1493E-5 1.03238E-4 8.6134E-5 1.037E-4 8.3468E-5 7.3429E-5 1.01411E-4 8.5785E-5 8.1359E-5 8.8966E-5 1.03316E-4 1.01781E-4 7.6979E-5 9.4211E-5 1.58911E-4 2.23102E-4 2.12254E-4 1.82048E-4 1.24889E-4 1.22947E-4 9.3555E-5 8.6515E-5 6.9506E-5 9.9873E-5 1.08703E-4 9.4671E-5 7.561E-5 9.7029E-5 8.7613E-5 8.5014E-5 8.1973E-5 7.7864E-5 9.6712E-5 1.2356E-4 1.29309E-4 1.04863E-4 1.13279E-4 1.12868E-4 9.7738E-5 8.0914E-5 8.2216E-5 1.1207E-4 8.1353E-5 7.1314E-5 8.0792E-5 1.49917E-4 1.14692E-4 1.2602E-4 1.27832E-4 8.4269E-5 1.37529E-4 1.27039E-4 1.0124E-4 1.24584E-4 1.12802E-4 1.46238E-4 1.20322E-4 9.4513E-5 1.87956E-4 1.03494E-4 1.43234E-4 2.43609E-4 3.61893E-4 1.0722E-4 8.9713E-5 1.06259E-4 1.01334E-4 1.0773E-4 1.01841E-4 1.01655E-4 1.08042E-4 1.03889E-4 1.15256E-4 1.02896E-4 1.02268E-4 1.21327E-4 1.09398E-4 9.9166E-5 8.6888E-5 1.26121E-4 8.6764E-5 1.20932E-4 1.11576E-4 1.34766E-4 1.03695E-4 1.44267E-4 1.44534E-4 1.64338E-4 1.18501E-4 9.3873E-5 1.24593E-4 1.09243E-4 1.16146E-4 1.2858E-4 1.43704E-4 1.19803E-4 1.094E-4 1.23076E-4 1.04879E-4 1.10672E-4 8.1204E-5 1.12999E-4 9.7724E-5 1.16857E-4 1.21692E-4 1.10642E-4 1.15444E-4 8.7871E-5 1.01392E-4 9.5705E-5 1.85756E-4 1.74525E-4 1.18096E-4 1.03187E-4 1.39E-4 1.03083E-4 1.19091E-4 2.05105E-4 1.78992E-4 1.60982E-4 1.0086E-4 8.0849E-5 7.5468E-5 1.07275E-4 1.28406E-4 9.8483E-5 8.081E-5 1.04319E-4 9.2198E-5 8.9858E-5 8.795E-5 8.3272E-5 1.00165E-4 1.12507E-4 9.1895E-5 8.6778E-5 9.8535E-5 1.20275E-4 1.07339E-4 1.44861E-4 9.8988E-5 1.56185E-4 1.00878E-4 1.21591E-4 1.38432E-4 1.95896E-4 1.19384E-4 1.09676E-4 9.5432E-5 7.8886E-5 9.7695E-5 1.12211E-4 9.697E-5 1.13443E-4 8.1737E-5 1.26596E-4 1.12804E-4 9.622E-5 1.06585E-4 9.3129E-5 1.22257E-4 1.12236E-4 1.27102E-4 8.8022E-5 1.37323E-4 1.68831E-4 1.45361E-4 1.70531E-4 1.51705E-4 1.4964E-4 1.55339E-4 1.61542E-4 1.91821E-4 1.26211E-4 1.24733E-4 1.7905E-4 1.69662E-4 1.7224E-4 1.54783E-4 1.66934E-4 1.29404E-4 1.11099E-4 8.9626E-5 1.49916E-4 9.2105E-5 1.07556E-4 9.9734E-5 1.1043E-4 9.9132E-5 1.06217E-4 1.72892E-4 1.71223E-4 1.58056E-4 1.25255E-4 1.69296E-4 1.76527E-4 2.08841E-4 2.0937E-4 1.03787E-4 1.04954E-4 8.3809E-5 1.80012E-4 1.47397E-4 1.21062E-4 9.8162E-5 8.7086E-5 1.22826E-4 9.8742E-5 9.6514E-5 1.03153E-4 1.48368E-4 1.97102E-4 1.12685E-4 7.9815E-5 1.14169E-4 9.0108E-5 1.06497E-4 1.14487E-4 1.20408E-4 1.31965E-4 1.33833E-4 8.8654E-5 7.26E-5 1.1868E-4 1.79395E-4 1.11287E-4 1.25121E-4 1.10381E-4 9.1468E-5 8.748E-5 1.1609E-4 8.498E-5 1.00941E-4 1.21158E-4 1.08923E-4 9.7915E-5 1.13175E-4 1.0094E-4 9.4966E-5 8.0027E-5 8.114E-5 1.32033E-4 1.03881E-4 7.4841E-5 7.5274E-5 9.8135E-5 1.03458E-4 9.5052E-5 1.00639E-4 7.9289E-5 1.02492E-4 1.0658E-4 8.7947E-5 1.18999E-4 8.6629E-5 1.14855E-4 9.8779E-5 9.0438E-5 1.02811E-4 8.0167E-5 1.13636E-4 1.02518E-4 1.77578E-4 1.12707E-4 1.08299E-4 1.20794E-4 1.21915E-4 1.1031E-4 8.6786E-5 8.7256E-5 1.08744E-4 1.00352E-4 1.08832E-4 1.01644E-4 8.6524E-5 1.11897E-4 1.01062E-4 9.5878E-5 8.476E-5 9.9828E-5 7.6845E-5 1.00213E-4 8.2307E-5 1.04836E-4 9.215E-5 1.05304E-4 9.8186E-5 1.43955E-4 1.16601E-4 8.8059E-5 1.33828E-4 1.14135E-4 9.8827E-5 8.406E-5 1.17735E-4 1.04985E-4 9.1023E-5 1.10061E-4 7.5633E-5 8.7111E-5 7.2994E-5 1.08806E-4 1.03094E-4 1.13853E-4 9.0806E-5 7.7267E-5 1.05E-4 8.7564E-5 9.9876E-5 9.9619E-5 1.17439E-4 1.1172E-4 8.5346E-5 1.38265E-4 1.27883E-4 1.11631E-4 1.15729E-4 1.17739E-4 1.12555E-4 1.42225E-4 1.14742E-4 1.30472E-4 9.2831E-5 1.29852E-4 1.2773E-4 1.04525E-4 1.02524E-4 1.56299E-4 1.05048E-4 1.1674E-4 1.2725E-4 1.90142E-4 2.26429E-4 1.40143E-4 1.02361E-4 1.09911E-4 1.12214E-4 1.02871E-4 9.7268E-5 9.3491E-5 9.5283E-5 1.20809E-4 9.3557E-5 8.181E-5 8.6879E-5 1.13616E-4 1.20629E-4 1.0521E-4 1.03258E-4 1.24963E-4 1.12104E-4 1.1818E-4 1.51457E-4 1.76063E-4 1.07573E-4 1.35554E-4 1.03587E-4 1.00608E-4 1.08763E-4 9.7924E-5 1.15578E-4 1.38197E-4 1.28844E-4 1.10305E-4 1.01293E-4 1.14634E-4 1.00043E-4 1.25579E-4 1.18024E-4 9.3127E-5 1.03582E-4 1.13933E-4 1.40599E-4 1.30962E-4 9.0924E-5 1.22748E-4 1.1516E-4 1.14385E-4 1.07823E-4 1.08343E-4 9.9703E-5 1.05956E-4 8.7987E-5 1.24328E-4 1.68907E-4 1.20291E-4 1.15898E-4 1.03808E-4 1.05367E-4 8.9974E-5 1.7738E-4 1.29787E-4 1.14894E-4 9.1766E-5 1.5053E-4 1.1545E-4 9.4833E-5 1.50767E-4 8.5794E-5 9.5074E-5 8.8265E-5 1.16416E-4 1.07717E-4 1.23797E-4 1.0415E-4 8.7841E-5 1.11344E-4 9.615E-5 1.07889E-4 9.9585E-5 1.11904E-4 1.16371E-4 1.4472E-4 1.38076E-4 1.72507E-4 1.10111E-4 1.09237E-4 1.08653E-4 1.10682E-4 1.25753E-4 9.79E-5 1.05338E-4 7.3455E-5 1.12456E-4 1.13893E-4 9.0125E-5 8.8915E-5 1.10637E-4 1.26959E-4 9.7824E-5 9.8038E-5 9.0737E-5 1.73075E-4 1.83983E-4 1.33579E-4 1.41059E-4 1.51036E-4 1.59202E-4 1.5941E-4 1.19187E-4 1.38808E-4 1.91253E-4 1.27047E-4 1.18063E-4 1.26929E-4 1.55922E-4 1.68113E-4 1.39069E-4 9.1333E-5 8.0518E-5 9.4831E-5 1.75116E-4 9.7831E-5 1.39789E-4 1.03072E-4 1.25949E-4 1.08374E-4 9.3185E-5 1.00738E-4 9.1844E-5 1.63314E-4 1.10327E-4 1.07184E-4 7.817E-5 9.9353E-5 1.08413E-4 1.00067E-4 1.14714E-4 9.5822E-5 9.9723E-5 1.08662E-4 1.13349E-4 1.3101E-4 1.1947E-4 1.10128E-4 2.93242E-4 1.49997E-4 1.17747E-4 1.05864E-4 1.16531E-4 8.9121E-5 1.12226E-4 1.13918E-4 1.18217E-4 8.6434E-5 1.06709E-4 1.09279E-4 9.0552E-5 9.0517E-5 8.6695E-5 1.18708E-4 1.13714E-4 1.01237E-4 8.8061E-5 1.17616E-4 1.03668E-4 9.0372E-5 1.06737E-4 8.1791E-5 8.8351E-5 7.3936E-5 1.21314E-4 9.7824E-5 1.22837E-4 1.06375E-4 8.961E-5 1.22368E-4 1.27994E-4 1.37218E-4 1.25734E-4 1.2257E-4 1.26788E-4 9.3614E-5 9.1752E-5 2.09355E-4 2.09839E-4 2.16019E-4 1.36996E-4 1.18015E-4 1.32703E-4 1.07868E-4 8.4955E-5 9.8486E-5 1.17841E-4 1.24865E-4 9.5792E-5 8.4738E-5 1.32401E-4 1.32961E-4 1.69259E-4 1.12593E-4 9.5648E-5 1.27247E-4 1.46161E-4 1.10744E-4 1.16273E-4 1.12746E-4 1.13212E-4 1.02368E-4 8.5595E-5 8.5875E-5 1.20287E-4 8.3827E-5 7.2325E-5 7.6793E-5 9.5316E-5 1.04447E-4 9.3767E-5 1.02774E-4 7.8998E-5 9.7623E-5 1.07086E-4 8.9716E-5 1.1275E-4 9.3238E-5 1.28566E-4 1.0346E-4 8.4432E-5 9.6176E-5 1.03341E-4 1.22053E-4 1.03034E-4 9.0243E-5 7.3973E-5 8.6113E-5 9.848E-5 9.0566E-5 1.04917E-4 8.9354E-5 8.8145E-5 9.9594E-5 9.5442E-5 1.10076E-4 9.566E-5 8.9386E-5 1.15912E-4 1.04193E-4 9.7884E-5 1.0048E-4 1.16661E-4 1.24585E-4 1.61991E-4 9.4475E-5 1.18041E-4 8.7515E-5 1.25701E-4 1.19E-4 1.21603E-4 1.06157E-4 1.19162E-4 1.27894E-4 1.51158E-4 1.23117E-4 1.58587E-4 1.54578E-4 1.26631E-4 1.11491E-4 1.32211E-4 9.2348E-5 9.3941E-5 8.0051E-5 1.15102E-4 9.2583E-5 1.27422E-4 9.0845E-5 9.0388E-5 1.11521E-4 9.64E-5 9.1043E-5 1.53782E-4 1.32112E-4 1.72104E-4 1.18475E-4 1.05541E-4 1.41979E-4 1.20742E-4 1.6229E-4 1.53008E-4 2.14865E-4 1.97259E-4 1.25669E-4 1.09586E-4 8.9553E-5 1.27969E-4 1.50188E-4 1.41551E-4 1.31813E-4 1.15936E-4 1.25558E-4 1.08527E-4 1.21274E-4 1.1856E-4 1.25402E-4 1.34979E-4 1.04507E-4 1.48037E-4 1.54206E-4 6.0882E-5 1.16642E-4 9.0661E-5 9.2933E-5 1.27342E-4 9.7018E-5 8.6791E-5 9.4458E-5 1.01611E-4 1.11168E-4 9.8719E-5 1.11254E-4 1.02238E-4 1.05747E-4 1.12199E-4 1.04031E-4 1.21101E-4 8.4539E-5 1.15642E-4 1.36414E-4 1.04645E-4 1.04815E-4 9.9754E-5 1.22069E-4 1.52812E-4 1.02988E-4 9.0564E-5 1.04306E-4 1.09486E-4 9.7156E-5 1.07621E-4 9.7309E-5 1.0795E-4 1.78324E-4 2.20746E-4 1.18835E-4 9.342E-5 9.0893E-5 1.16373E-4 1.07169E-4 1.0014E-4 8.8339E-5 1.02351E-4 8.1084E-5 1.05933E-4 8.6741E-5 1.13872E-4 8.3852E-5 1.03809E-4 1.0045E-4 9.014E-5 9.0832E-5 8.0088E-5 1.1547E-4 1.06286E-4 9.4603E-5 8.4449E-5 1.19188E-4 1.06534E-4 9.4404E-5 1.1056E-4 7.6903E-5 8.4109E-5 7.2824E-5 1.07802E-4 8.8975E-5 2.06217E-4 3.34177E-4 1.77301E-4 2.32716E-4 1.58092E-4 1.50729E-4 1.6473E-4 1.84674E-4 1.75713E-4 1.37604E-4 1.28244E-4 2.08444E-4 1.80639E-4 1.24564E-4 1.29743E-4 1.22603E-4 1.27005E-4 1.04839E-4 8.4942E-5 9.9955E-5 1.16834E-4 1.79575E-4 2.66725E-4 1.52691E-4 1.53928E-4 1.10489E-4 1.18387E-4 1.208E-4 1.07151E-4 1.20419E-4 1.30037E-4 9.4109E-5 1.49223E-4 1.12605E-4 1.09979E-4 1.08451E-4 1.37258E-4 1.08213E-4 1.27444E-4 9.5333E-5 8.253E-5 9.3019E-5 1.02294E-4 1.04837E-4 9.3841E-5 1.03141E-4 7.4521E-5 1.15622E-4 1.28816E-4 8.6897E-5 1.09118E-4 7.7213E-5 1.07544E-4 9.722E-5 8.0884E-5 8.6411E-5 7.9593E-5 1.09443E-4 1.11843E-4 1.00393E-4 7.3247E-5 8.4918E-5 9.7933E-5 9.1643E-5 1.14642E-4 9.8313E-5 9.1403E-5 9.7845E-5 9.3736E-5 1.22652E-4 9.3572E-5 8.6876E-5 1.1534E-4 1.06971E-4 1.07597E-4 8.4015E-5 1.00457E-4 1.6823E-4 1.48173E-4 2.41602E-4 2.35897E-4 1.68349E-4 1.12415E-4 1.12098E-4 8.9045E-5 9.0522E-5 7.822E-5 1.13963E-4 1.05486E-4 9.1906E-5 8.1052E-5 1.15595E-4 1.05536E-4 9.3173E-5 1.11785E-4 7.3665E-5 9.5533E-5 7.89E-5 1.21094E-4 9.2194E-5 1.09442E-4 8.8864E-5 7.5818E-5 1.0265E-4 8.7723E-5 8.4806E-5 1.01451E-4 1.04783E-4 1.03395E-4 8.2111E-5 1.09542E-4 1.2234E-4 9.8359E-5 1.10646E-4 1.30577E-4 1.18527E-4 1.41499E-4 1.05676E-4 9.4068E-5 8.1731E-5 1.16139E-4 1.13414E-4 9.598E-5 7.9331E-5 1.0428E-4 9.1936E-5 8.6946E-5 8.7821E-5 8.2469E-5 1.06063E-4 1.35527E-4 1.28757E-4 1.25293E-4 1.3282E-4 9.6431E-5 1.05029E-4 8.1798E-5 8.4336E-5 1.41333E-4 8.8261E-5 7.3741E-5 7.623E-5 9.2694E-5 1.03029E-4 9.0225E-5 8.7191E-5 6.8993E-5 9.2023E-5 1.11973E-4 8.9632E-5 1.09714E-4 7.7865E-5 1.114E-4 9.7606E-5 8.1722E-5 8.4173E-5 8.0952E-5 1.07177E-4 9.6598E-5 8.7639E-5 7.0154E-5 8.3828E-5 9.5604E-5 8.693E-5 1.08793E-4 8.6698E-5 8.5211E-5 1.02231E-4 9.5248E-5 1.11112E-4 9.1666E-5 9.1409E-5 1.14029E-4 1.03775E-4 1.00439E-4 1.17491E-4 1.25218E-4 9.2367E-5 1.14029E-4 9.8869E-5 1.0959E-4 9.1094E-5 1.08798E-4 1.06084E-4 8.6655E-5 9.1057E-5 8.1479E-5 1.20545E-4 1.16268E-4 1.04858E-4 9.5182E-5 1.27684E-4 1.06317E-4 1.04488E-4 1.18162E-4 7.7983E-5 8.7258E-5 8.7016E-5 1.19176E-4 1.08992E-4 1.15901E-4 8.9809E-5 7.8449E-5 1.16433E-4 1.05262E-4 9.5953E-5 1.08161E-4 1.08069E-4 1.47151E-4 1.11465E-4 8.1852E-5 1.68154E-4 3.14791E-4 3.27728E-4 1.45031E-4 1.28239E-4 1.23977E-4 1.02216E-4 7.9114E-5 8.5976E-5 1.13782E-4 1.21441E-4 9.7355E-5 1.89433E-4 1.13755E-4 1.05018E-4 1.01685E-4 9.6658E-5 8.8614E-5 1.04472E-4 1.18024E-4 1.27659E-4 1.00494E-4 1.1236E-4 1.03279E-4 1.20756E-4 9.7074E-5 9.8637E-5 2.04255E-4 1.37108E-4 1.08802E-4 8.8299E-5 1.04545E-4 1.1018E-4 9.6769E-5 9.374E-5 8.0615E-5 1.19079E-4 1.11682E-4 1.03933E-4 1.48685E-4 1.03123E-4 1.19128E-4 1.13315E-4 9.3961E-5 8.4884E-5 9.0177E-5 1.20826E-4 1.01308E-4 9.3351E-5 7.7232E-5 1.37346E-4 1.75336E-4 9.5629E-5 1.07259E-4 9.1346E-5 9.19E-5 1.07114E-4 1.26012E-4 1.64688E-4 1.66371E-4 1.12156E-4 1.38972E-4 1.56004E-4 1.28359E-4 9.6152E-5 1.17567E-4 8.5604E-5 1.10166E-4 8.94E-5 1.1248E-4 8.5895E-5 1.22717E-4 1.2098E-4 9.6182E-5 1.01716E-4 1.092E-4 1.22908E-4 1.14935E-4 9.8467E-5 8.9435E-5 1.20379E-4 1.07301E-4 9.6203E-5 1.27185E-4 8.3961E-5 9.2325E-5 7.6516E-5 1.10736E-4 9.1514E-5 1.16405E-4 8.9315E-5 8.1014E-5 1.10146E-4 8.7822E-5 8.7387E-5 1.10021E-4 1.20683E-4 1.04757E-4 8.5462E-5 8.4445E-5 1.24088E-4 9.5966E-5 1.62777E-4 1.39643E-4 1.86173E-4 1.76401E-4 1.57861E-4 9.2966E-5 8.1326E-5 1.19785E-4 1.22211E-4 9.4643E-5 8.1239E-5 1.18808E-4 9.0652E-5 8.9987E-5 8.825E-5 9.4828E-5 1.06917E-4 1.26878E-4 7.9165E-5 9.085E-5 1.03571E-4 8.883E-5 9.7862E-5 8.3213E-5 8.675E-5 1.19263E-4 8.4428E-5 7.384E-5 7.9627E-5 8.5516E-5 1.07318E-4 8.3021E-5 8.9915E-5 7.0844E-5 9.9069E-5 1.06977E-4 1.01096E-4 1.24355E-4 9.1909E-5 1.21501E-4 1.08594E-4 8.4455E-5 8.3815E-5 9.8135E-5 1.57027E-4 1.33212E-4 9.8066E-5 7.7281E-5 1.01504E-4 1.03942E-4 9.1645E-5 1.09125E-4 9.4266E-5 9.5126E-5 1.03469E-4 9.9579E-5 1.11461E-4 9.3546E-5 8.6868E-5 1.1238E-4 1.02944E-4 9.6715E-5 8.3219E-5 1.00064E-4 9.307E-5 1.22909E-4 1.02769E-4 1.11291E-4 8.9023E-5 1.04607E-4 1.05669E-4 8.4301E-5 9.3232E-5 9.6345E-5 1.29215E-4 1.19398E-4 1.02534E-4 9.4232E-5 1.28576E-4 1.07666E-4 1.03189E-4 1.20521E-4 8.2858E-5 8.5754E-5 8.1644E-5 1.09105E-4 9.67E-5 1.09752E-4 8.7306E-5 7.5993E-5 1.01103E-4 8.5293E-5 8.4247E-5 9.2028E-5 1.35369E-4 1.03325E-4 1.52629E-4 1.03975E-4 1.25697E-4 1.04892E-4 1.80742E-4 1.49796E-4 1.41304E-4 1.41607E-4 9.9528E-5 9.2871E-5 8.1929E-5 1.13554E-4 1.37929E-4 1.01543E-4 8.1087E-5 1.53438E-4 9.4272E-5 1.2225E-4 9.936E-5 1.14047E-4 1.61653E-4 1.91507E-4 1.03322E-4 9.7221E-5 9.9828E-5 8.7911E-5 9.4105E-5 8.2655E-5 8.8262E-5 1.19633E-4 8.7642E-5 7.8765E-5 7.6783E-5 1.05945E-4 1.66959E-4 1.03824E-4 8.9811E-5 7.6525E-5 1.085E-4 1.02883E-4 1.09515E-4 1.27321E-4 8.3316E-5 1.2401E-4 1.08205E-4 9.0825E-5 8.1994E-5 8.2439E-5 1.1124E-4 9.8867E-5 8.1062E-5 6.8763E-5 8.4178E-5 9.369E-5 8.2527E-5 1.03145E-4 8.5774E-5 9.9819E-5 1.07382E-4 9.9328E-5 1.12654E-4 1.03388E-4 1.18275E-4 3.60852E-4 3.89898E-4 1.74645E-4 1.20862E-4 1.25371E-4 9.8085E-5 1.17381E-4 1.0001E-4 1.1716E-4 1.09869E-4 1.10425E-4 1.10941E-4 8.6876E-5 9.845E-5 9.1995E-5 1.19422E-4 1.08696E-4 9.8469E-5 8.0775E-5 1.16234E-4 1.14109E-4 1.10939E-4 1.20299E-4 8.4725E-5 8.3909E-5 7.8984E-5 1.12818E-4 1.27766E-4 1.70027E-4 1.13948E-4 8.7941E-5 1.41197E-4 9.4095E-5 9.9547E-5 1.00135E-4 1.58474E-4 1.07213E-4 9.3584E-5 8.8498E-5 1.2393E-4 9.9383E-5 2.01305E-4 2.25129E-4 1.75662E-4 1.82218E-4 1.36315E-4 1.42691E-4 1.05738E-4 1.81024E-4 1.92412E-4 1.42075E-4 1.35366E-4 1.69173E-4 1.47538E-4 1.40011E-4 1.3769E-4 1.24014E-4 1.52296E-4 1.23132E-4 1.1563E-4 1.10355E-4 1.2055E-4 9.6707E-5 1.03505E-4 8.9146E-5 1.25156E-4 1.21437E-4 9.9896E-5 1.0453E-4 1.14156E-4 1.89265E-4 1.32164E-4 9.839E-5 1.06933E-4 8.7052E-5 1.07923E-4 1.28716E-4 1.06824E-4 1.18744E-4 9.2375E-5 1.40995E-4 1.03287E-4 8.1658E-5 7.9709E-5 8.2629E-5 1.10204E-4 9.8072E-5 8.1502E-5 7.3325E-5 1.07722E-4 1.06777E-4 8.476E-5 1.05374E-4 8.8879E-5 8.9428E-5 1.1149E-4 1.06833E-4 1.11964E-4 8.5944E-5 8.0712E-5 1.16199E-4 1.03824E-4 9.4243E-5 7.9745E-5 1.03245E-4 8.2485E-5 1.00362E-4 9.4276E-5 1.11214E-4 9.3635E-5 1.31242E-4 1.18259E-4 8.5299E-5 9.2215E-5 8.5206E-5 1.15201E-4 1.05712E-4 9.4901E-5 8.0503E-5 1.17079E-4 1.01027E-4 1.06267E-4 1.13218E-4 7.455E-5 8.1651E-5 8.0764E-5 1.08829E-4 8.908E-5 1.0797E-4 8.9675E-5 7.8761E-5 1.05293E-4 8.876E-5 1.00407E-4 1.0174E-4 1.08999E-4 9.9791E-5 8.0894E-5 7.4862E-5 1.1528E-4 1.12363E-4 1.18557E-4 1.42474E-4 1.17733E-4 1.29273E-4 1.12468E-4 1.02919E-4 8.7177E-5 1.31383E-4 1.3505E-4 1.16322E-4 7.9843E-5 1.00774E-4 1.31589E-4 9.2553E-5 8.8684E-5 9.6105E-5 1.36815E-4 1.3425E-4 8.4474E-5 9.2716E-5 1.00571E-4 9.7356E-5 9.667E-5 8.4523E-5 8.4812E-5 1.12939E-4 8.3997E-5 7.0622E-5 7.2607E-5 9.2951E-5 1.04942E-4 8.3534E-5 8.3094E-5 7.1176E-5 9.299E-5 1.04209E-4 8.7123E-5 1.08299E-4 7.9017E-5 1.14322E-4 9.5172E-5 7.8804E-5 9.1343E-5 8.4439E-5 1.12019E-4 1.12004E-4 8.6967E-5 7.9374E-5 1.34983E-4 1.69396E-4 1.38027E-4 1.79521E-4 1.47949E-4 1.46139E-4 1.67828E-4 1.06091E-4 1.8893E-4 1.45703E-4 1.59449E-4 1.56216E-4 1.57213E-4 1.744E-4 1.00781E-4 1.29565E-4 8.9621E-5 1.56615E-4 1.10379E-4 1.23952E-4 1.16483E-4 1.55292E-4 1.31373E-4 2.25634E-4 1.46013E-4 1.50379E-4 1.7704E-4 1.25584E-4 1.05219E-4 9.7437E-5 1.2957E-4 1.17909E-4 1.01735E-4 1.18643E-4 7.8621E-5 8.4182E-5 7.1956E-5 1.33546E-4 1.044E-4 1.12263E-4 8.5239E-5 7.7934E-5 1.29242E-4 1.02317E-4 9.5294E-5 1.09406E-4 1.07515E-4 1.02599E-4 9.2163E-5 9.5003E-5 1.27081E-4 8.9111E-5 1.13275E-4 1.80138E-4 1.44509E-4 1.21166E-4 9.0847E-5 8.6056E-5 6.9611E-5 1.02737E-4 1.15885E-4 9.0935E-5 8.0777E-5 1.08685E-4 8.9555E-5 9.5514E-5 1.35219E-4 1.03235E-4 1.1127E-4 1.20091E-4 8.0191E-5 9.1149E-5 9.9044E-5 8.7237E-5 8.9498E-5 8.7128E-5 8.4441E-5 1.1582E-4 8.401E-5 6.9792E-5 7.5934E-5 6.9831E-5 1.16736E-4 8.8903E-5 8.5368E-5 7.5591E-5 9.7445E-5 1.17445E-4 9.1064E-5 1.13975E-4 8.1248E-5 1.10978E-4 9.8572E-5 8.5075E-5 8.3212E-5 9.1565E-5 1.17428E-4 9.9683E-5 8.0656E-5 7.8081E-5 9.6415E-5 1.49924E-4 1.26412E-4 1.44108E-4 1.12586E-4 9.9692E-5 1.10215E-4 1.06841E-4 1.14017E-4 8.6983E-5 7.9506E-5 1.14564E-4 1.14099E-4 1.05925E-4 1.29937E-4 1.76591E-4 1.45551E-4 1.7259E-4 1.47923E-4 1.90169E-4 1.41958E-4 1.69348E-4 1.52859E-4 1.32959E-4 1.54637E-4 1.37509E-4 1.90031E-4 1.71307E-4 1.55375E-4 1.31063E-4 1.29732E-4 1.29196E-4 9.9517E-5 1.25611E-4 1.18428E-4 8.802E-5 8.5389E-5 1.16992E-4 1.25783E-4 1.24686E-4 9.4838E-5 9.9493E-5 1.47315E-4 1.5519E-4 1.44928E-4 1.45341E-4 1.19121E-4 1.11857E-4 1.02159E-4 8.5508E-5 2.39661E-4 1.7526E-4 1.49884E-4 1.23343E-4 1.57298E-4 1.42758E-4 1.0E-4 8.2116E-5 1.08498E-4 1.82149E-4 1.19027E-4 8.5042E-5 7.8423E-5 1.02403E-4 9.6015E-5 8.5997E-5 8.879E-5 8.8496E-5 1.03429E-4 1.11092E-4 8.9542E-5 1.27452E-4 1.06823E-4 8.8172E-5 8.5701E-5 8.2162E-5 8.4889E-5 1.14575E-4 8.3964E-5 8.1682E-5 8.4685E-5 8.7643E-5 1.08645E-4 8.3946E-5 8.0432E-5 7.2837E-5 9.5576E-5 1.00429E-4 8.8943E-5 1.08286E-4 8.0635E-5 1.12412E-4 9.6467E-5 7.2174E-5 8.7246E-5 8.4845E-5 1.0683E-4 9.8235E-5 8.7676E-5 9.9392E-5 1.58425E-4 2.28942E-4 1.35974E-4 1.06735E-4 9.9702E-5 8.9731E-5 1.00154E-4 1.01844E-4 1.07984E-4 8.1982E-5 7.5725E-5 1.14151E-4 1.02908E-4 9.5902E-5 7.5203E-5 1.0146E-4 7.8863E-5 1.00018E-4 8.5165E-5 1.11562E-4 8.1834E-5 1.0284E-4 9.4788E-5 7.9784E-5 9.1153E-5 7.8286E-5 1.10977E-4 9.9642E-5 9.3022E-5 7.9491E-5 1.15129E-4 1.00156E-4 1.03E-4 1.14967E-4 7.5881E-5 7.401E-5 7.326E-5 2.16694E-4 1.19462E-4 1.25421E-4 8.5158E-5 7.5684E-5 1.04606E-4 8.6408E-5 9.9712E-5 9.49E-5 1.04434E-4 1.03618E-4 8.1928E-5 8.1531E-5 1.13159E-4 9.6716E-5 1.14465E-4 1.28572E-4 1.14367E-4 1.2225E-4 8.6623E-5 8.0937E-5 9.4125E-5 1.46894E-4 1.49976E-4 1.04494E-4 8.9352E-5 1.05297E-4 1.00391E-4 8.0852E-5 8.7046E-5 8.2009E-5 1.00336E-4 1.08816E-4 7.4011E-5 8.6728E-5 9.8588E-5 8.8396E-5 8.3326E-5 8.2295E-5 8.3365E-5 1.13105E-4 8.3525E-5 6.9257E-5 8.3505E-5 9.2522E-5 1.11067E-4 9.1053E-5 8.6432E-5 7.1481E-5 9.5022E-5 9.8444E-5 8.6667E-5 1.18597E-4 9.0425E-5 1.14698E-4 9.6334E-5 7.1657E-5 8.0682E-5 8.0127E-5 1.08647E-4 9.7062E-5 8.1785E-5 7.6384E-5 8.7923E-5 1.01542E-4 5.6256E-5 1.20507E-4 9.8991E-5 9.803E-5 1.12436E-4 1.06596E-4 1.20114E-4 8.8783E-5 8.0921E-5 1.30312E-4 1.18306E-4 1.08507E-4 8.0533E-5 1.15675E-4 8.8747E-5 1.13926E-4 9.6086E-5 1.25724E-4 9.1294E-5 1.1617E-4 1.08114E-4 8.7944E-5 1.10587E-4 9.0498E-5 1.38153E-4 1.19532E-4 1.07566E-4 8.904E-5 1.29779E-4 1.16644E-4 1.01194E-4 1.21002E-4 8.1425E-5 7.7761E-5 8.8185E-5 1.24058E-4 1.03608E-4 1.31146E-4 8.7709E-5 8.1494E-5 1.18264E-4 9.5283E-5 1.11049E-4 1.09311E-4 1.48711E-4 1.75628E-4 1.03537E-4 1.0551E-4 1.35422E-4 9.3382E-5 1.24495E-4 1.32276E-4 1.287E-4 1.28934E-4 8.8341E-5 8.4155E-5 7.4515E-5 1.16362E-4 1.25955E-4 9.0072E-5 8.5164E-5 1.11879E-4 1.03889E-4 8.366E-5 9.335E-5 9.2028E-5 1.2248E-4 1.41312E-4 9.5666E-5 1.07462E-4 1.17863E-4 1.08514E-4 1.12048E-4 1.44116E-4 1.18882E-4 1.67135E-4 1.00873E-4 9.6472E-5 9.3436E-5 9.7329E-5 1.18138E-4 9.5009E-5 1.5344E-4 

Timer for Syntactic Relevance:: 3.902129228
Timer for solver: 1.340045217
		DELL.SPLX	DELL_C500_0.TESTCASES
			Diag: [mandatory(Dell Laptops/Notebooks, Product Category), mandatory(Dell Laptops/Notebooks, Operating System), mandatory(Dell Laptops/Notebooks, Hard Drive), mandatory(Dell Laptops/Notebooks, Laptop Weight), mandatory(Dell Laptops/Notebooks, Memory), mandatory(Dell Laptops/Notebooks, Processor), mandatory(Dell Laptops/Notebooks, Price), alternative(Product Category, Mini Notebooks, Inspiron Laptops, Studio Laptops, XPS Laptops, Adamo, Studio XPS Laptops), alternative(Operating System, Windows Vista 64 bit, Windows XP Home, Ubuntu Linux, Windows 7, Windows 8), alternative(Hard Drive, 500GB, 320GB, 250GB, 160GB, 128GB Solid State, 120GB, 80GB), excludes(XPS Laptops, Ubuntu Linux), excludes(Studio Laptops, 128GB Solid State), excludes(Inspiron Laptops, Windows Vista 64 bit), excludes(Inspiron Laptops, Ubuntu Linux), excludes(Adamo, CD_DVD +RW), excludes(Mini Notebooks, 500GB), excludes(Mini Notebooks, Windows Vista 64 bit), excludes(Studio XPS Laptops, 120GB)]
			Diag size: 18
The size of Consistency checks: 1256442
The number of Choco Solver calls: 12700
The number of different: 3
The number of INconsistent: 264
The number of union: 243
The number of post constraints: 1256442
The number of consistent: 12436
The number of unpost constraints: 1256442
The number of Consistency checks: 122

Timer for Syntactic Relevance:[thread=1]: 4.249105541
4.249105541 
Timer for solver[thread=1]: 1.382227973
3.37648E-4 1.06814E-4 8.4172E-5 8.1037E-5 1.07319E-4 9.1621E-5 8.7941E-5 7.0508E-5 5.0265E-5 8.8904E-5 7.7597E-5 8.7E-5 1.07479E-4 8.4808E-5 1.5212E-4 1.15078E-4 1.72471E-4 4.60686E-4 7.7892E-5 9.4147E-5 1.32889E-4 9.3427E-5 4.4158E-5 1.01287E-4 8.6092E-5 4.0818E-5 3.3403E-5 5.2252E-5 4.9184E-5 4.7302E-5 1.75184E-4 2.55549E-4 9.3459E-5 8.872E-5 1.25056E-4 8.5662E-5 8.5861E-5 9.63E-5 1.09607E-4 1.14956E-4 9.9867E-5 9.9027E-5 9.7417E-5 1.08332E-4 1.8075E-4 9.8463E-5 1.34276E-4 9.934E-5 9.1179E-5 9.6608E-5 7.2416E-5 6.7483E-5 5.5152E-5 6.3919E-5 9.1561E-5 9.446E-5 7.5732E-5 5.0821E-5 4.9201E-5 7.6223E-5 8.6751E-5 1.04023E-4 1.35546E-4 2.28051E-4 8.4969E-5 1.03108E-4 1.1489E-4 1.63011E-4 9.2496E-5 1.06184E-4 1.27307E-4 1.40862E-4 1.42124E-4 9.2983E-5 1.0425E-4 9.4276E-5 1.02068E-4 9.9902E-5 1.19645E-4 8.1412E-5 9.4645E-5 1.12723E-4 1.65513E-4 1.09959E-4 8.8499E-5 8.852E-5 9.6262E-5 1.00918E-4 9.8851E-5 1.05283E-4 7.2923E-5 9.1347E-5 1.0462E-4 9.0062E-5 1.56921E-4 1.18723E-4 1.11871E-4 1.1886E-4 9.8545E-5 9.928E-5 5.5701E-5 6.6045E-5 3.5306E-5 3.2561E-5 5.7333E-5 6.1527E-5 3.9798E-5 4.6227E-5 4.5137E-5 6.8352E-5 7.2188E-5 7.6414E-5 1.87794E-4 4.721E-5 3.5112E-5 3.3064E-5 3.1011E-5 3.4331E-5 3.1573E-5 3.125E-5 3.0511E-5 3.0832E-5 5.8983E-5 3.2597E-5 8.7784E-5 4.343E-5 3.5577E-5 4.7495E-5 3.333E-5 3.6407E-5 9.0714E-5 6.6696E-5 7.676E-5 6.301E-5 6.4641E-5 8.0421E-5 8.5023E-5 6.4915E-5 6.7604E-5 6.6705E-5 7.5065E-5 6.5992E-5 1.37802E-4 7.4792E-5 9.008E-5 7.3318E-5 8.6332E-5 8.634E-5 1.04601E-4 1.07635E-4 1.06577E-4 6.8207E-5 7.1884E-5 9.4361E-5 9.3285E-5 9.55E-5 9.3672E-5 7.7152E-5 9.5422E-5 8.9491E-5 6.9989E-5 1.06759E-4 2.14161E-4 1.8419E-4 7.3342E-5 7.5228E-5 1.02893E-4 9.7376E-5 7.7105E-5 6.7961E-5 8.7579E-5 7.4115E-5 1.06953E-4 9.3062E-5 7.7325E-5 6.4007E-5 7.2694E-5 8.5506E-5 9.5997E-5 7.8129E-5 6.6086E-5 8.1747E-5 7.444E-5 7.8362E-5 7.4112E-5 7.1262E-5 9.5165E-5 1.13121E-4 1.36964E-4 7.5831E-5 8.2216E-5 7.2941E-5 6.7766E-5 7.2222E-5 1.27077E-4 9.3811E-5 9.6348E-5 6.8667E-5 7.3099E-5 6.599E-5 8.7045E-5 1.10838E-4 7.233E-5 6.4014E-5 6.2791E-5 8.4826E-5 1.12851E-4 9.8483E-5 6.6056E-5 6.5677E-5 7.8362E-5 9.6366E-5 7.8702E-5 8.871E-5 8.5728E-5 1.41752E-4 9.9903E-5 6.8845E-5 7.3072E-5 6.6133E-5 8.0668E-5 1.04352E-4 1.01973E-4 8.349E-5 9.3352E-5 9.5127E-5 1.14978E-4 7.7417E-5 1.08475E-4 7.2165E-5 8.7874E-5 9.1682E-5 8.0127E-5 7.8505E-5 8.2215E-5 1.01641E-4 7.4989E-5 8.1789E-5 7.8451E-5 1.03462E-4 7.3814E-5 8.3155E-5 8.6037E-5 9.9529E-5 7.3376E-5 8.3557E-5 1.07376E-4 7.8838E-5 6.6821E-5 9.1828E-5 1.00024E-4 1.01436E-4 1.18978E-4 4.0876E-5 2.9512E-5 3.2032E-5 3.8354E-5 4.5335E-5 3.6685E-5 3.3759E-5 3.0062E-5 3.1204E-5 2.8211E-5 3.0743E-5 2.9945E-5 2.8752E-5 2.9935E-5 2.9268E-5 2.8799E-5 4.2952E-5 3.7803E-5 3.9988E-5 4.2713E-5 6.0228E-5 5.0924E-5 5.4671E-5 5.2363E-5 4.7382E-5 4.7315E-5 5.0577E-5 4.8385E-5 5.4788E-5 5.1474E-5 5.2418E-5 4.5333E-5 4.5679E-5 5.113E-5 4.3124E-5 6.3799E-5 3.9105E-5 4.1913E-5 4.3582E-5 3.4672E-5 4.3737E-5 7.0918E-5 4.5648E-5 5.8949E-5 6.1016E-5 3.6423E-5 4.8083E-5 7.7441E-5 7.9694E-5 8.332E-5 8.5982E-5 8.9281E-5 1.04842E-4 1.20142E-4 1.05935E-4 8.2609E-5 8.8174E-5 1.12704E-4 9.874E-5 7.5528E-5 9.7297E-5 8.0605E-5 1.0797E-4 9.6511E-5 1.07453E-4 1.0358E-4 9.9556E-5 7.0435E-5 7.5606E-5 1.00158E-4 8.9818E-5 1.10328E-4 1.1054E-4 4.38534E-4 1.04092E-4 7.7525E-5 8.2939E-5 7.3695E-5 1.05055E-4 7.1285E-5 8.1956E-5 8.323E-5 6.9906E-5 7.9838E-5 8.8407E-5 9.8549E-5 8.7079E-5 9.9723E-5 9.8211E-5 1.07171E-4 1.14446E-4 1.46645E-4 8.6498E-5 1.05843E-4 7.8343E-5 1.88545E-4 1.22718E-4 7.7701E-5 7.548E-5 1.04446E-4 1.06555E-4 1.27515E-4 1.06139E-4 1.10242E-4 1.49297E-4 7.9173E-5 9.7769E-5 8.1734E-5 9.9976E-5 8.9815E-5 9.3415E-5 8.8133E-5 7.859E-5 9.452E-5 1.05989E-4 9.3906E-5 9.7977E-5 7.6888E-5 9.3567E-5 7.5965E-5 1.10294E-4 8.1539E-5 8.2874E-5 9.1371E-5 7.8965E-5 1.00693E-4 8.095E-5 7.5743E-5 1.06785E-4 1.05909E-4 1.37334E-4 1.14885E-4 8.5447E-5 7.9031E-5 9.7845E-5 8.6765E-5 1.05967E-4 9.8095E-5 1.0373E-4 8.2518E-5 8.527E-5 8.0764E-5 7.6152E-5 8.7949E-5 9.5863E-5 9.1434E-5 7.8288E-5 8.5015E-5 9.7098E-5 1.0179E-4 1.15905E-4 9.4623E-5 8.9311E-5 9.6752E-5 1.05474E-4 9.0402E-5 9.2923E-5 7.8812E-5 9.5999E-5 8.0249E-5 9.6111E-5 7.5576E-5 8.88E-5 7.2381E-5 7.4449E-5 9.5959E-5 9.5942E-5 8.2059E-5 1.5132E-4 8.6841E-5 8.0307E-5 9.9921E-5 9.6207E-5 9.8614E-5 2.40945E-4 9.4682E-5 8.9027E-5 9.3516E-5 1.1698E-4 1.19319E-4 1.38047E-4 1.24895E-4 9.7208E-5 9.7035E-5 1.39077E-4 1.31873E-4 8.4817E-5 1.07266E-4 1.10448E-4 1.19159E-4 1.20321E-4 8.8522E-5 9.2793E-5 1.02625E-4 1.08697E-4 1.20162E-4 1.62601E-4 8.8149E-5 1.10756E-4 1.00058E-4 8.8249E-5 1.10777E-4 9.2186E-5 8.9031E-5 9.3033E-5 8.3064E-5 1.23465E-4 1.22822E-4 9.5742E-5 7.3932E-5 8.6355E-5 8.5636E-5 9.6363E-5 9.5659E-5 7.8005E-5 8.6215E-5 9.708E-5 8.3101E-5 9.1568E-5 3.04072E-4 3.19467E-4 1.21432E-4 9.322E-5 1.14376E-4 9.4408E-5 8.8838E-5 8.6325E-5 9.8398E-5 8.3894E-5 9.4037E-5 8.4106E-5 8.4782E-5 8.3467E-5 8.6573E-5 9.5579E-5 9.3497E-5 1.27218E-4 1.06376E-4 8.0974E-5 9.7121E-5 1.58661E-4 1.51549E-4 1.58168E-4 1.00336E-4 1.09968E-4 1.1052E-4 9.8343E-5 1.24772E-4 1.01989E-4 1.25182E-4 9.8482E-5 9.5437E-5 9.8721E-5 9.8048E-5 9.7699E-5 1.0027E-4 1.00496E-4 9.6265E-5 9.9963E-5 9.3326E-5 1.00807E-4 9.8056E-5 9.8273E-5 1.00955E-4 9.9756E-5 9.6186E-5 1.05354E-4 9.9191E-5 9.8209E-5 9.7814E-5 9.722E-5 9.5097E-5 9.8166E-5 1.00983E-4 9.9474E-5 9.8026E-5 9.8861E-5 9.5953E-5 9.6398E-5 9.6512E-5 1.00436E-4 9.8544E-5 9.6933E-5 9.6745E-5 1.01819E-4 1.01364E-4 1.09676E-4 9.6385E-5 9.9801E-5 9.4346E-5 1.02089E-4 9.5417E-5 1.02519E-4 1.00417E-4 9.7254E-5 9.9723E-5 9.4592E-5 9.42E-5 9.9044E-5 9.5517E-5 9.8651E-5 9.8478E-5 1.01186E-4 1.15588E-4 1.01882E-4 9.7417E-5 1.07409E-4 9.9495E-5 1.10204E-4 1.03541E-4 9.6639E-5 9.9466E-5 9.7787E-5 9.7068E-5 9.867E-5 9.3355E-5 1.02923E-4 9.4253E-5 1.01756E-4 9.7436E-5 9.8164E-5 9.6944E-5 9.7215E-5 9.5845E-5 9.5825E-5 9.6241E-5 9.6612E-5 9.7949E-5 1.56028E-4 1.04199E-4 1.05582E-4 1.05597E-4 1.00906E-4 9.9214E-5 9.8739E-5 1.02538E-4 1.02168E-4 9.7712E-5 9.8824E-5 1.01406E-4 1.00887E-4 1.10796E-4 1.09836E-4 1.19473E-4 1.08297E-4 9.9827E-5 1.15125E-4 1.13013E-4 9.6433E-5 1.0366E-4 1.02251E-4 9.9702E-5 9.729E-5 9.7658E-5 2.5195E-5 9.9565E-5 9.9323E-5 3.2008E-5 1.0839E-5 1.25432E-4 1.15604E-4 9.1316E-5 9.6832E-5 9.976E-5 1.30522E-4 9.9219E-5 1.07629E-4 9.4426E-5 9.593E-5 9.3016E-5 9.2878E-5 9.712E-5 1.04897E-4 1.31041E-4 9.8509E-5 1.01797E-4 9.782E-5 9.868E-5 9.8327E-5 1.00711E-4 9.8072E-5 1.02881E-4 1.01136E-4 1.03355E-4 1.11129E-4 1.06306E-4 9.9955E-5 9.4422E-5 9.8395E-5 9.6737E-5 1.06265E-4 9.8345E-5 9.8226E-5 1.0303E-4 1.02451E-4 9.5215E-5 9.7828E-5 9.9321E-5 9.7371E-5 3.6847E-5 9.7863E-5 1.05233E-4 1.08E-4 9.5605E-5 9.2164E-5 9.1958E-5 9.8492E-5 9.9045E-5 9.5629E-5 4.9204E-5 1.12885E-4 1.03894E-4 1.7224E-5 9.8281E-5 9.6022E-5 1.3151E-5 9.9123E-5 9.6321E-5 9.8585E-5 9.3155E-5 9.4762E-5 1.0747E-5 1.8309E-5 9.8932E-5 9.4808E-5 9.9127E-5 9.4029E-5 9.6176E-5 9.6128E-5 1.00231E-4 9.6716E-5 1.02178E-4 9.6145E-5 3.1107E-5 9.8564E-5 1.00356E-4 9.8857E-5 9.5827E-5 1.00606E-4 9.7481E-5 9.4024E-5 9.6292E-5 9.4297E-5 9.6242E-5 1.00612E-4 9.4621E-5 9.6415E-5 1.0522E-4 9.7359E-5 9.9619E-5 9.7318E-5 4.2646E-5 1.0031E-5 1.1373E-5 9.882E-5 1.2475E-5 9.8323E-5 9.3617E-5 9.531E-6 9.5751E-5 9.8097E-5 9.7599E-5 9.6009E-5 9.4235E-5 1.3713E-5 8.961E-6 1.01003E-4 9.9458E-5 9.6534E-5 9.4711E-5 1.5837E-5 1.05534E-4 1.02383E-4 1.15873E-4 1.27084E-4 1.48908E-4 1.28475E-4 1.17093E-4 1.26983E-4 1.29288E-4 1.24048E-4 1.18057E-4 4.5334E-5 1.2341E-5 1.06892E-4 9.4277E-5 9.531E-5 9.0808E-5 9.3785E-5 9.4532E-5 9.6112E-5 9.4355E-5 9.3483E-5 1.02721E-4 9.4226E-5 9.8608E-5 1.4112E-5 9.4417E-5 9.4193E-5 9.5687E-5 9.7142E-5 1.00259E-4 9.6605E-5 9.9319E-5 1.017E-5 9.3525E-5 9.7011E-5 1.0118E-5 9.7904E-5 9.3733E-5 1.0105E-5 8.976E-6 9.5311E-5 9.7738E-5 9.6058E-5 9.5171E-5 1.00471E-4 1.0003E-5 1.0977E-5 9.5131E-5 9.1556E-5 9.5754E-5 9.351E-6 9.6551E-5 9.4012E-5 9.7104E-5 9.3894E-5 1.12804E-4 9.3659E-5 9.0892E-5 8.6887E-5 1.2069E-5 8.43E-6 9.1753E-5 8.9138E-5 9.5333E-5 9.3023E-5 9.2891E-5 9.0913E-5 9.708E-6 9.0305E-5 9.2295E-5 9.0654E-5 9.0791E-5 9.4246E-5 9.675E-6 9.2965E-5 9.8205E-5 1.4835E-5 9.3212E-5 8.8429E-5 8.9489E-5 8.984E-5 9.0581E-5 8.9601E-5 8.9176E-5 1.28674E-4 9.5516E-5 1.09133E-4 1.36483E-4 3.0391E-5 1.1683E-5 1.448E-5 1.67686E-4 1.04637E-4 9.4637E-5 1.00713E-4 9.6375E-5 9.6024E-5 2.0686E-5 9.8202E-5 9.8977E-5 1.5541E-5 1.16815E-4 1.3301E-5 1.02977E-4 9.8607E-5 1.03714E-4 9.9215E-5 9.7517E-5 9.9452E-5 1.03218E-4 9.4813E-5 9.8702E-5 1.03458E-4 4.4519E-5 1.2793E-5 1.266E-5 9.102E-6 1.00369E-4 9.6879E-5 9.7858E-5 1.3479E-5 1.02146E-4 9.9983E-5 1.02964E-4 1.63839E-4 1.57693E-4 1.80505E-4 1.63618E-4 1.63682E-4 3.2299E-5 1.52046E-4 1.63645E-4 1.73011E-4 1.53661E-4 1.63374E-4 1.62378E-4 1.66598E-4 2.20513E-4 2.69575E-4 3.61573E-4 2.315E-4 1.63448E-4 3.9661E-5 1.65288E-4 2.4007E-5 1.56676E-4 1.67342E-4 1.58763E-4 2.8609E-5 1.21131E-4 1.23797E-4 1.24461E-4 2.3743E-5 1.4512E-5 1.2787E-5 1.2419E-5 1.68148E-4 1.7523E-5 1.02449E-4 1.07628E-4 1.07688E-4 1.00062E-4 1.08338E-4 1.69873E-4 1.2567E-4 1.20596E-4 1.21578E-4 2.8678E-5 9.5539E-5 9.4544E-5 9.2998E-5 9.4573E-5 9.9733E-5 9.8924E-5 9.4284E-5 1.23015E-4 9.947E-5 1.06292E-4 1.0334E-4 1.25801E-4 1.02875E-4 9.8876E-5 1.00067E-4 9.7422E-5 1.02404E-4 9.7568E-5 1.005E-4 9.7544E-5 1.06718E-4 9.6349E-5 9.8481E-5 9.9215E-5 1.03962E-4 9.9229E-5 1.06786E-4 9.8989E-5 1.01463E-4 9.9213E-5 9.8962E-5 9.9277E-5 1.06218E-4 1.08417E-4 1.1447E-4 1.13812E-4 1.06685E-4 1.07557E-4 1.0594E-4 1.03483E-4 1.02154E-4 1.03519E-4 9.5916E-5 9.6338E-5 9.7017E-5 9.7071E-5 9.5529E-5 9.4695E-5 9.637E-5 9.5911E-5 1.00944E-4 9.7192E-5 1.02224E-4 1.03145E-4 1.13509E-4 1.00449E-4 9.8328E-5 1.19163E-4 1.03357E-4 1.01455E-4 1.00756E-4 1.12537E-4 1.05578E-4 1.01364E-4 9.723E-5 1.03827E-4 1.00682E-4 9.5429E-5 1.04061E-4 9.9667E-5 9.8131E-5 9.5079E-5 9.6632E-5 9.9937E-5 1.03078E-4 9.7166E-5 1.01188E-4 9.7345E-5 9.9698E-5 9.8525E-5 9.9938E-5 9.9049E-5 9.7844E-5 9.9707E-5 9.8766E-5 1.02418E-4 1.01867E-4 1.05848E-4 1.05577E-4 9.9343E-5 9.8173E-5 1.03706E-4 9.6647E-5 9.6711E-5 9.4573E-5 1.02816E-4 1.0128E-4 1.01243E-4 9.8831E-5 1.00347E-4 9.8678E-5 9.7306E-5 1.00115E-4 9.9854E-5 1.03771E-4 1.07049E-4 1.03984E-4 1.1042E-4 9.2187E-5 1.02438E-4 9.773E-5 1.02746E-4 1.21996E-4 1.33017E-4 1.03742E-4 1.12861E-4 9.9588E-5 9.9865E-5 9.9531E-5 9.4299E-5 9.8147E-5 9.7224E-5 2.919E-5 1.0845E-5 9.7936E-5 1.0554E-5 9.9968E-5 9.3481E-5 1.00763E-4 9.6245E-5 9.7862E-5 9.6595E-5 9.736E-5 2.6736E-5 9.8479E-5 1.5201E-5 9.5754E-5 9.5896E-5 1.03269E-4 1.00408E-4 1.01245E-4 1.01877E-4 2.4182E-5 9.3749E-5 1.01097E-4 9.2713E-5 9.9178E-5 9.5416E-5 9.9051E-5 9.9815E-5 9.8786E-5 9.6839E-5 1.6646E-5 1.00479E-4 9.8503E-5 9.4713E-5 9.964E-5 9.3992E-5 1.3799E-5 9.7158E-5 9.6766E-5 9.7551E-5 9.7046E-5 1.3402E-5 9.53E-6 9.439E-6 1.0155E-5 9.8047E-5 9.7205E-5 1.4308E-5 1.5313E-5 9.5256E-5 9.6076E-5 9.7615E-5 9.6984E-5 9.479E-5 1.01368E-4 9.8181E-5 9.9751E-5 9.6011E-5 9.2628E-5 9.9014E-5 9.648E-5 1.00801E-4 9.4931E-5 9.8612E-5 9.1394E-5 1.429E-5 9.8743E-5 9.6807E-5 1.3701E-5 1.05577E-4 9.7302E-5 9.6523E-5 9.7294E-5 1.01875E-4 9.7417E-5 9.1316E-5 9.4352E-5 1.07446E-4 9.7977E-5 9.8828E-5 1.4086E-5 9.8407E-5 1.0088E-4 1.00803E-4 9.708E-5 3.3879E-5 1.04756E-4 1.03857E-4 1.5462E-5 9.9942E-5 9.5664E-5 9.5866E-5 9.4679E-5 9.824E-5 1.01419E-4 9.6033E-5 9.653E-5 2.4182E-5 9.9074E-5 9.3746E-5 9.3767E-5 9.7747E-5 1.05943E-4 9.8726E-5 1.02478E-4 1.8125E-5 9.8097E-5 9.6582E-5 9.5499E-5 9.5903E-5 9.7171E-5 9.6046E-5 9.7096E-5 9.8874E-5 9.6214E-5 9.681E-5 9.1529E-5 9.7998E-5 9.9593E-5 9.8186E-5 9.7313E-5 1.672E-5 1.00554E-4 1.357E-5 1.00943E-4 9.5152E-5 9.8407E-5 1.00737E-4 1.203E-5 9.6283E-5 9.4615E-5 1.0239E-5 1.00555E-4 1.2557E-5 9.6279E-5 9.8043E-5 9.299E-5 1.1522E-5 1.1901E-5 9.6335E-5 9.722E-6 1.0E-4 9.489E-5 9.7778E-5 9.6005E-5 9.3027E-5 9.5599E-5 1.2877E-5 9.3923E-5 9.3307E-5 9.6225E-5 1.3858E-5 9.136E-6 9.7009E-5 9.7587E-5 9.8382E-5 9.9237E-5 1.5796E-5 9.2874E-5 9.5363E-5 9.9141E-5 1.2569E-5 9.5277E-5 1.019E-5 9.5496E-5 1.02353E-4 2.2417E-5 1.11422E-4 1.40045E-4 1.14262E-4 1.00123E-4 1.40849E-4 2.8319E-5 1.1166E-4 1.05077E-4 2.2133E-5 1.073E-4 1.03574E-4 1.05435E-4 1.06785E-4 1.01389E-4 1.04713E-4 1.35096E-4 1.11268E-4 1.00634E-4 1.15847E-4 9.8899E-5 1.01344E-4 9.6799E-5 2.9435E-5 9.7374E-5 9.8258E-5 9.8211E-5 9.8042E-5 1.5147E-5 9.6461E-5 1.01944E-4 9.6765E-5 1.2274E-5 1.01366E-4 9.4537E-5 1.0899E-5 9.9513E-5 9.5578E-5 1.0269E-4 1.3224E-5 9.7078E-5 9.939E-6 9.3666E-5 9.6778E-5 9.764E-5 1.01064E-4 9.4026E-5 1.029E-5 9.7359E-5 1.3118E-5 9.4447E-5 1.02001E-4 1.2969E-5 1.0094E-4 9.9665E-5 9.2649E-5 1.3119E-5 9.4416E-5 9.8777E-5 1.3011E-5 9.5222E-5 1.04541E-4 9.7496E-5 9.8577E-5 9.6918E-5 9.5894E-5 1.02271E-4 9.9688E-5 1.70378E-4 2.742E-5 1.02317E-4 1.00932E-4 9.7265E-5 9.4332E-5 9.7463E-5 9.9026E-5 9.6802E-5 9.9172E-5 9.8415E-5 9.5992E-5 2.6627E-5 9.5958E-5 9.9559E-5 9.8175E-5 9.4355E-5 9.428E-5 9.4303E-5 9.4003E-5 1.01185E-4 9.8827E-5 1.01635E-4 9.5779E-5 9.6626E-5 9.2259E-5 9.781E-5 9.5983E-5 1.5203E-5 9.8625E-5 1.0502E-5 9.9263E-5 9.6097E-5 9.9962E-5 1.4522E-5 1.02875E-4 9.9951E-5 9.7793E-5 9.1709E-5 1.00371E-4 9.443E-5 1.1827E-5 9.173E-6 9.6521E-5 9.932E-6 9.7458E-5 1.282E-5 9.5668E-5 1.0274E-4 9.6937E-5 9.5784E-5 1.08023E-4 9.8284E-5 1.0244E-4 9.6056E-5 1.00887E-4 9.6109E-5 9.7981E-5 9.7149E-5 1.0119E-4 9.8438E-5 9.499E-5 9.8969E-5 9.7546E-5 1.05037E-4 9.6766E-5 9.6496E-5 9.7943E-5 1.01133E-4 9.1886E-5 1.04609E-4 1.27687E-4 1.4301E-4 1.06803E-4 9.9707E-5 3.2757E-5 9.7073E-5 1.01912E-4 1.396E-5 9.8535E-5 1.0368E-5 9.9034E-5 1.054E-5 1.02172E-4 1.00316E-4 1.422E-5 9.8055E-5 9.3673E-5 9.9753E-5 9.2122E-5 9.2638E-5 9.7572E-5 1.4889E-5 9.6671E-5 1.02551E-4 1.00518E-4 1.00327E-4 1.00749E-4 1.0223E-4 9.8402E-5 9.8886E-5 9.7952E-5 9.9241E-5 9.8948E-5 9.8988E-5 9.8661E-5 3.7134E-5 1.06785E-4 9.4925E-5 9.9757E-5 9.6721E-5 9.5258E-5 1.12444E-4 9.8384E-5 1.00336E-4 9.7018E-5 2.9418E-5 1.4404E-5 1.0402E-4 1.7174E-5 1.12207E-4 1.02907E-4 1.07947E-4 1.03709E-4 3.2915E-5 1.0559E-4 1.22714E-4 2.3128E-5 1.00312E-4 9.7469E-5 9.557E-5 9.8666E-5 9.738E-5 9.1662E-5 1.336E-5 1.03843E-4 9.7069E-5 9.0239E-5 9.3148E-5 1.03837E-4 1.23E-5 9.445E-5 9.4765E-5 1.01688E-4 9.6004E-5 9.7683E-5 9.0354E-5 9.607E-5 1.00507E-4 9.8842E-5 1.7747E-5 1.05846E-4 9.9357E-5 9.9131E-5 1.05898E-4 9.5605E-5 2.6091E-5 9.7299E-5 8.7724E-5 8.7526E-5 9.1708E-5 1.557E-5 9.506E-5 1.02979E-4 8.8496E-5 9.247E-5 9.2471E-5 9.8179E-5 9.695E-5 9.8821E-5 1.6279E-5 9.2936E-5 9.8839E-5 9.5829E-5 9.4608E-5 9.5195E-5 9.2071E-5 9.6782E-5 9.9683E-5 9.4526E-5 9.6798E-5 1.00725E-4 1.7389E-5 9.666E-5 9.4392E-5 1.08135E-4 1.6122E-5 9.6068E-5 9.7247E-5 9.3925E-5 1.00093E-4 1.7316E-5 9.6781E-5 9.2103E-5 9.683E-5 1.4698E-5 9.6468E-5 9.5995E-5 9.802E-5 9.8422E-5 9.725E-5 8.8961E-5 9.117E-5 9.0821E-5 9.1023E-5 1.47585E-4 9.5076E-5 9.5147E-5 9.9528E-5 8.9797E-5 9.5103E-5 9.348E-5 9.8475E-5 9.5675E-5 9.3771E-5 1.6083E-5 9.1968E-5 8.9007E-5 9.3625E-5 8.8551E-5 9.8599E-5 9.2743E-5 9.3644E-5 9.2182E-5 9.237E-5 1.6128E-5 9.235E-5 9.1855E-5 1.6209E-5 9.5892E-5 9.5243E-5 9.2363E-5 9.3446E-5 2.4093E-5 1.05028E-4 1.12136E-4 9.7076E-5 3.0812E-5 9.8352E-5 9.5859E-5 9.428E-5 9.1392E-5 9.0421E-5 9.8412E-5 8.9253E-5 2.6677E-5 1.6846E-5 1.00558E-4 1.03205E-4 9.374E-5 9.3657E-5 1.11137E-4 1.07887E-4 9.9162E-5 1.02176E-4 1.0767E-4 8.6547E-5 2.0817E-5 1.5686E-5 8.6179E-5 8.8437E-5 8.5382E-5 8.8479E-5 9.0796E-5 8.7465E-5 8.47E-5 8.745E-5 8.8342E-5 9.1033E-5 2.2635E-5 8.8379E-5 8.3088E-5 1.4197E-5 8.3602E-5 8.5308E-5 8.6721E-5 8.3343E-5 8.6762E-5 8.1703E-5 8.616E-5 8.839E-5 8.6212E-5 9.7332E-5 1.9717E-5 9.2185E-5 9.4612E-5 8.1813E-5 8.4963E-5 1.7373E-5 9.3906E-5 1.30192E-4 9.8147E-5 9.0256E-5 2.3256E-5 9.3001E-5 8.9173E-5 9.2105E-5 9.4078E-5 9.2269E-5 9.0438E-5 8.3785E-5 8.728E-5 8.3831E-5 9.1851E-5 9.5081E-5 1.01469E-4 8.7637E-5 9.2258E-5 8.5538E-5 8.9092E-5 9.2004E-5 3.9984E-5 9.3197E-5 9.3361E-5 8.757E-5 3.0343E-5 8.9332E-5 8.7223E-5 2.1792E-5 9.0329E-5 9.332E-5 8.7451E-5 9.1697E-5 8.6215E-5 9.0499E-5 8.7607E-5 9.0363E-5 9.1842E-5 8.61E-5 1.18923E-4 1.00524E-4 9.6763E-5 1.09847E-4 9.478E-5 9.152E-5 9.9521E-5 9.9849E-5 9.3033E-5 9.6851E-5 9.578E-5 9.2319E-5 9.8168E-5 8.8512E-5 9.6018E-5 9.9186E-5 9.3245E-5 9.1284E-5 1.01115E-4 1.01977E-4 9.4218E-5 9.8178E-5 1.61564E-4 8.5419E-5 4.0856E-5 9.8003E-5 9.6759E-5 9.8186E-5 9.4684E-5 9.708E-5 9.3732E-5 1.16265E-4 1.13649E-4 1.00883E-4 9.3269E-5 9.2813E-5 1.04657E-4 9.5017E-5 1.02096E-4 1.02382E-4 9.73E-5 1.19983E-4 1.01917E-4 1.01883E-4 9.4868E-5 9.4575E-5 9.6302E-5 9.583E-5 1.11088E-4 9.5757E-5 9.8504E-5 9.7253E-5 9.6278E-5 8.9184E-5 9.6725E-5 9.4486E-5 9.7123E-5 1.11918E-4 1.13518E-4 1.07863E-4 9.3427E-5 9.1564E-5 8.9233E-5 9.0291E-5 9.4591E-5 9.6594E-5 9.7633E-5 9.5702E-5 9.8552E-5 9.7348E-5 9.5116E-5 9.0952E-5 8.9812E-5 8.9195E-5 1.08345E-4 9.6057E-5 9.0595E-5 8.8124E-5 9.3917E-5 1.1725E-4 9.6652E-5 9.3662E-5 1.07975E-4 8.7804E-5 8.9898E-5 8.6035E-5 9.298E-5 8.834E-5 8.9204E-5 8.7135E-5 8.6957E-5 9.0501E-5 1.01177E-4 9.5315E-5 1.36644E-4 8.7208E-5 8.3022E-5 8.8512E-5 8.7949E-5 8.6629E-5 8.6814E-5 8.2713E-5 8.3386E-5 8.5939E-5 8.1774E-5 8.8461E-5 9.24E-5 1.20817E-4 9.2682E-5 8.824E-5 9.4912E-5 1.36612E-4 8.9185E-5 9.4531E-5 9.0179E-5 8.8892E-5 8.9952E-5 8.4809E-5 8.6354E-5 9.6942E-5 1.15609E-4 1.44758E-4 1.41742E-4 1.03606E-4 1.23727E-4 1.05412E-4 1.26475E-4 9.7988E-5 1.17399E-4 1.18879E-4 1.08922E-4 1.16145E-4 1.09233E-4 1.13266E-4 1.07618E-4 1.17058E-4 1.38612E-4 1.17116E-4 1.40293E-4 1.31331E-4 1.14584E-4 1.24403E-4 9.4797E-5 1.14433E-4 9.8202E-5 1.05945E-4 1.18497E-4 1.13288E-4 1.21417E-4 1.142E-4 1.17397E-4 1.09594E-4 1.07091E-4 1.12712E-4 1.18418E-4 1.14419E-4 1.18746E-4 1.1448E-4 1.1866E-4 1.15752E-4 1.13E-4 9.5309E-5 1.09703E-4 1.13685E-4 1.13396E-4 1.21377E-4 1.1569E-4 1.14025E-4 1.1751E-4 1.16388E-4 1.12657E-4 1.31319E-4 1.14653E-4 1.15035E-4 1.13339E-4 1.2118E-4 1.11233E-4 1.08271E-4 9.7109E-5 1.08577E-4 1.17172E-4 1.11444E-4 1.10454E-4 1.13678E-4 1.11148E-4 1.03841E-4 1.08691E-4 1.07653E-4 1.0666E-4 1.10271E-4 1.11739E-4 1.17014E-4 1.07566E-4 1.12395E-4 1.14181E-4 1.05045E-4 1.10397E-4 1.15694E-4 1.10382E-4 1.07242E-4 1.08075E-4 1.11137E-4 1.08594E-4 1.06149E-4 1.24767E-4 1.26622E-4 1.17731E-4 1.10684E-4 1.10604E-4 1.0998E-4 1.20459E-4 1.14815E-4 1.16392E-4 1.07803E-4 1.14707E-4 1.10173E-4 9.4327E-5 1.15675E-4 1.25008E-4 1.21994E-4 1.1969E-4 1.13605E-4 1.44604E-4 9.8993E-5 1.08706E-4 8.9879E-5 1.72843E-4 1.00727E-4 1.0688E-4 1.01774E-4 1.08447E-4 1.03873E-4 1.00643E-4 9.9497E-5 9.5143E-5 1.04791E-4 1.24209E-4 1.05211E-4 1.08279E-4 1.04663E-4 9.7623E-5 1.07287E-4 8.3242E-5 1.06396E-4 8.6308E-5 1.08958E-4 1.07295E-4 9.7031E-5 1.03379E-4 1.00761E-4 1.12584E-4 1.45023E-4 1.616E-4 1.70386E-4 1.68833E-4 1.15459E-4 1.10317E-4 1.09809E-4 9.7583E-5 1.04254E-4 1.02702E-4 8.5107E-5 1.01136E-4 1.16094E-4 1.80441E-4 1.5752E-4 1.75437E-4 1.66705E-4 1.7871E-4 1.87529E-4 1.64445E-4 1.86074E-4 1.76879E-4 1.65883E-4 1.76865E-4 1.76774E-4 1.72986E-4 1.76301E-4 1.29137E-4 1.64243E-4 1.46737E-4 1.64677E-4 1.7032E-4 1.12173E-4 9.8592E-5 9.5917E-5 1.00362E-4 1.15402E-4 1.11556E-4 1.40908E-4 1.19863E-4 1.81883E-4 1.81983E-4 2.04236E-4 1.80535E-4 1.11497E-4 1.19561E-4 1.26042E-4 1.12512E-4 1.1443E-4 1.02418E-4 1.16287E-4 1.79064E-4 1.12539E-4 1.28192E-4 1.15778E-4 1.19206E-4 1.10239E-4 1.12939E-4 1.27254E-4 1.23971E-4 1.5664E-4 1.20223E-4 1.10334E-4 1.03559E-4 1.1616E-4 9.8844E-5 1.04499E-4 1.09533E-4 1.12909E-4 1.05834E-4 1.04945E-4 1.35212E-4 8.7699E-5 1.03026E-4 8.0365E-5 1.00248E-4 8.6689E-5 1.01857E-4 9.9506E-5 9.4034E-5 9.8088E-5 1.03236E-4 1.43907E-4 9.7982E-5 1.04967E-4 1.09269E-4 9.5942E-5 1.1263E-4 1.0673E-4 9.7203E-5 1.07814E-4 8.1982E-5 1.05911E-4 8.2916E-5 9.9806E-5 1.00178E-4 1.09968E-4 1.01577E-4 9.572E-5 1.00158E-4 9.4374E-5 9.2741E-5 9.7324E-5 9.7443E-5 9.787E-5 9.7922E-5 9.3747E-5 9.6861E-5 1.04239E-4 9.7417E-5 8.0657E-5 9.5512E-5 1.08323E-4 9.7832E-5 8.1656E-5 1.08358E-4 1.01345E-4 9.6298E-5 9.9265E-5 8.9484E-5 1.03025E-4 1.05001E-4 9.2692E-5 9.5207E-5 9.6905E-5 9.7828E-5 9.502E-5 7.891E-5 8.8793E-5 8.5439E-5 8.9692E-5 8.9344E-5 9.2216E-5 9.0435E-5 8.6597E-5 9.3662E-5 1.15096E-4 1.0817E-4 1.21151E-4 1.21447E-4 1.09125E-4 1.11497E-4 9.7024E-5 1.12862E-4 9.1239E-5 1.06443E-4 1.00433E-4 9.6628E-5 9.4684E-5 9.8531E-5 1.02896E-4 1.05131E-4 1.04308E-4 9.9818E-5 9.7988E-5 1.14464E-4 1.06628E-4 1.02594E-4 1.07489E-4 1.21849E-4 1.13955E-4 9.8679E-5 1.1239E-4 1.08912E-4 1.35051E-4 9.7026E-5 9.7674E-5 1.12403E-4 1.07108E-4 9.7855E-5 9.7024E-5 1.14359E-4 8.2235E-5 9.7923E-5 7.4779E-5 9.1703E-5 7.6726E-5 9.2621E-5 9.5131E-5 9.6188E-5 9.0784E-5 8.9851E-5 8.9914E-5 8.9739E-5 9.2571E-5 1.13939E-4 9.2248E-5 8.8054E-5 9.4823E-5 8.8425E-5 9.8658E-5 7.4065E-5 9.6083E-5 7.5834E-5 9.8502E-5 9.6171E-5 1.03622E-4 9.7257E-5 9.0951E-5 8.8447E-5 8.9349E-5 8.5025E-5 9.0355E-5 9.3833E-5 9.0871E-5 9.3147E-5 8.8057E-5 8.4466E-5 9.2761E-5 8.8067E-5 7.6339E-5 8.8913E-5 1.01586E-4 1.04869E-4 8.1631E-5 1.36806E-4 1.078E-4 1.02224E-4 9.6214E-5 9.8169E-5 1.05397E-4 1.04949E-4 1.23692E-4 9.4206E-5 1.0016E-4 1.0108E-4 9.6252E-5 8.6297E-5 9.8289E-5 9.4472E-5 1.08084E-4 9.1743E-5 8.8667E-5 8.5985E-5 9.1731E-5 9.9649E-5 1.04141E-4 9.6718E-5 9.8E-5 1.09981E-4 1.04523E-4 1.09492E-4 1.40865E-4 9.4676E-5 9.4581E-5 1.00274E-4 9.675E-5 8.8762E-5 8.8211E-5 8.484E-5 8.6723E-5 9.9284E-5 1.21429E-4 1.0247E-4 8.8642E-5 1.12731E-4 1.09544E-4 9.9511E-5 9.8582E-5 1.08952E-4 1.10242E-4 9.279E-5 1.02213E-4 9.6796E-5 1.13109E-4 8.8233E-5 8.7599E-5 1.05356E-4 1.01709E-4 8.78E-5 1.03147E-4 9.9695E-5 7.862E-5 9.3871E-5 6.9734E-5 9.9346E-5 7.5238E-5 9.1436E-5 8.7241E-5 9.7086E-5 8.9886E-5 8.6696E-5 8.4103E-5 8.0172E-5 9.321E-5 1.05824E-4 9.1213E-5 8.3285E-5 9.0619E-5 8.3843E-5 9.2228E-5 7.332E-5 9.0815E-5 7.8221E-5 9.7767E-5 9.4152E-5 9.7874E-5 9.6183E-5 8.6884E-5 8.7183E-5 8.5465E-5 8.0431E-5 8.2906E-5 8.949E-5 8.291E-5 8.8551E-5 8.744E-5 9.8378E-5 1.00685E-4 9.1149E-5 7.5922E-5 9.1501E-5 9.7659E-5 1.04675E-4 7.9239E-5 1.0099E-4 9.5605E-5 9.7483E-5 9.8585E-5 9.2102E-5 9.8658E-5 9.979E-5 9.1947E-5 8.5248E-5 9.7525E-5 8.3751E-5 7.8963E-5 8.3833E-5 8.3439E-5 8.9153E-5 9.4234E-5 8.5447E-5 1.33558E-4 8.3828E-5 9.0692E-5 1.05298E-4 9.7946E-5 9.647E-5 8.8354E-5 9.3961E-5 9.4493E-5 9.9701E-5 1.13678E-4 9.4706E-5 8.6345E-5 1.18313E-4 1.20586E-4 9.6048E-5 9.5031E-5 9.1605E-5 9.9442E-5 1.41704E-4 1.13472E-4 1.07328E-4 9.0422E-5 9.7266E-5 1.00817E-4 9.2308E-5 9.3579E-5 1.07755E-4 1.00178E-4 8.5699E-5 9.2352E-5 9.4844E-5 1.0577E-4 8.4716E-5 8.6357E-5 1.0252E-4 9.7671E-5 9.2537E-5 9.7857E-5 1.10698E-4 8.0083E-5 9.5456E-5 8.0164E-5 9.7483E-5 7.7346E-5 9.0291E-5 8.7484E-5 1.3864E-4 1.25099E-4 1.0861E-4 9.0571E-5 1.0732E-4 9.9507E-5 1.25461E-4 9.171E-5 8.8702E-5 9.1831E-5 8.2205E-5 9.8856E-5 7.5879E-5 1.04528E-4 7.7E-5 9.7706E-5 8.8647E-5 9.881E-5 1.00268E-4 8.9018E-5 8.7162E-5 8.4207E-5 9.1136E-5 8.9885E-5 9.974E-5 8.9956E-5 8.9084E-5 8.0961E-5 8.4547E-5 8.8382E-5 8.2238E-5 7.6865E-5 9.1658E-5 1.63966E-4 1.30406E-4 9.0221E-5 1.08537E-4 9.7704E-5 1.1415E-4 1.19067E-4 1.11129E-4 1.10879E-4 1.05813E-4 9.0959E-5 8.7865E-5 9.2067E-5 8.615E-5 7.9861E-5 7.4591E-5 8.3047E-5 8.6232E-5 8.5734E-5 8.3742E-5 8.5276E-5 7.8778E-5 8.3904E-5 1.01262E-4 9.3994E-5 8.8763E-5 8.9153E-5 9.5572E-5 1.06226E-4 1.00352E-4 9.6977E-5 8.5803E-5 8.4916E-5 9.9454E-5 9.1063E-5 8.3064E-5 9.4036E-5 1.72033E-4 9.1654E-5 9.5622E-5 8.3431E-5 9.822E-5 8.4644E-5 9.6305E-5 9.5603E-5 9.2674E-5 1.28955E-4 1.0862E-4 1.01389E-4 8.4916E-5 9.5168E-5 9.3885E-5 1.02153E-4 1.06058E-4 8.587E-5 1.02088E-4 9.9987E-5 9.6618E-5 9.7306E-5 9.7813E-5 7.7724E-5 1.07614E-4 7.2968E-5 9.7508E-5 9.0549E-5 9.5574E-5 9.4234E-5 9.7583E-5 9.2204E-5 8.4791E-5 8.725E-5 8.233E-5 9.4142E-5 1.0865E-4 8.4442E-5 8.1736E-5 9.1216E-5 7.9611E-5 9.1346E-5 6.7912E-5 8.7908E-5 7.9334E-5 8.888E-5 8.6216E-5 1.03767E-4 9.4513E-5 8.4792E-5 8.2668E-5 8.5399E-5 8.5907E-5 8.5521E-5 9.4243E-5 8.871E-5 8.7843E-5 8.2545E-5 8.0878E-5 9.73E-5 9.7505E-5 7.8236E-5 8.6474E-5 1.29893E-4 1.58285E-4 8.4496E-5 1.03674E-4 1.38364E-4 1.57694E-4 1.39798E-4 1.47878E-4 1.47545E-4 1.57343E-4 1.01864E-4 1.0124E-4 8.763E-5 8.497E-5 8.0806E-5 7.7425E-5 8.554E-5 8.7391E-5 8.5118E-5 8.8436E-5 8.568E-5 1.39991E-4 1.3513E-4 1.49823E-4 1.57183E-4 1.47468E-4 1.43405E-4 1.50772E-4 1.51129E-4 1.49068E-4 1.58712E-4 1.55198E-4 1.36612E-4 1.77671E-4 1.56869E-4 1.30319E-4 1.43523E-4 1.26562E-4 1.39925E-4 9.8932E-5 1.36008E-4 1.62844E-4 1.38417E-4 9.7733E-5 1.58686E-4 1.50134E-4 1.57051E-4 1.75272E-4 1.64263E-4 1.34007E-4 1.8011E-4 1.37048E-4 1.28218E-4 9.2334E-5 9.4738E-5 1.00238E-4 9.768E-5 9.4496E-5 1.03148E-4 1.07508E-4 7.7344E-5 9.4433E-5 7.1715E-5 9.318E-5 7.6744E-5 1.02606E-4 9.1313E-5 1.56042E-4 9.4201E-5 8.6493E-5 9.0001E-5 8.4606E-5 9.517E-5 1.12915E-4 9.185E-5 8.6043E-5 1.03408E-4 1.14301E-4 1.73532E-4 8.0504E-5 1.01316E-4 1.24455E-4 9.4948E-5 9.239E-5 1.03104E-4 9.8364E-5 1.08949E-4 8.3463E-5 8.847E-5 8.0166E-5 8.2147E-5 1.03926E-4 1.26301E-4 1.0124E-4 8.7739E-5 1.10033E-4 9.0946E-5 8.2353E-5 7.4627E-5 7.9959E-5 1.02352E-4 1.04021E-4 7.3841E-5 9.8684E-5 1.07578E-4 1.09332E-4 9.3711E-5 9.0675E-5 9.2719E-5 9.9969E-5 8.6459E-5 8.6614E-5 8.6668E-5 9.7937E-5 9.3338E-5 7.7745E-5 9.2025E-5 9.2513E-5 8.2347E-5 8.8121E-5 8.7132E-5 8.1357E-5 8.141E-5 8.9165E-5 9.6107E-5 9.1003E-5 9.1862E-5 9.2927E-5 9.6397E-5 1.05233E-4 1.07559E-4 8.4519E-5 8.0704E-5 1.03348E-4 9.1702E-5 9.1071E-5 9.725E-5 9.2136E-5 8.3935E-5 9.4203E-5 8.3392E-5 1.00136E-4 8.6966E-5 9.273E-5 9.5766E-5 8.9625E-5 8.886E-5 1.05464E-4 9.6529E-5 8.1596E-5 9.247E-5 9.1764E-5 1.04552E-4 7.9058E-5 7.9956E-5 9.4643E-5 9.5006E-5 9.0759E-5 1.01378E-4 9.6539E-5 8.372E-5 8.9511E-5 7.0789E-5 9.0841E-5 7.7224E-5 8.7923E-5 8.2672E-5 9.3787E-5 8.7061E-5 8.0848E-5 8.3992E-5 7.7976E-5 8.8524E-5 1.02471E-4 8.4113E-5 8.9546E-5 9.5945E-5 7.895E-5 8.8682E-5 6.877E-5 8.7399E-5 7.5026E-5 8.7184E-5 8.7857E-5 1.02802E-4 1.23109E-4 1.03497E-4 9.7554E-5 9.7403E-5 9.5631E-5 9.3391E-5 1.23666E-4 8.4531E-5 1.19203E-4 7.6516E-5 8.0691E-5 8.4726E-5 7.8876E-5 7.0469E-5 7.459E-5 9.3806E-5 9.921E-5 7.6364E-5 8.614E-5 9.3544E-5 8.7272E-5 8.7277E-5 8.745E-5 9.3328E-5 9.8912E-5 8.9142E-5 8.1241E-5 7.7519E-5 8.1376E-5 7.5625E-5 6.8462E-5 7.8561E-5 8.0718E-5 7.5196E-5 8.1154E-5 7.9018E-5 7.5703E-5 7.6941E-5 8.2236E-5 9.1223E-5 8.2236E-5 8.3446E-5 8.7939E-5 8.7183E-5 1.10932E-4 1.15967E-4 8.6285E-5 9.3893E-5 1.03033E-4 9.5699E-5 8.431E-5 8.3184E-5 8.4436E-5 8.168E-5 8.9861E-5 7.9503E-5 9.1548E-5 7.9719E-5 8.7507E-5 9.1383E-5 8.5734E-5 8.6743E-5 1.02164E-4 9.4141E-5 8.2305E-5 1.01403E-4 1.22393E-4 1.47698E-4 1.22847E-4 1.05464E-4 1.44793E-4 1.3525E-4 1.30895E-4 9.4217E-5 1.0208E-4 7.4493E-5 9.0926E-5 6.6277E-5 8.5557E-5 6.9953E-5 1.07997E-4 9.2929E-5 1.11703E-4 8.7909E-5 7.8153E-5 8.3291E-5 7.8945E-5 9.0876E-5 9.9248E-5 7.6224E-5 8.043E-5 8.5649E-5 7.6593E-5 8.8106E-5 6.5532E-5 8.6246E-5 1.05496E-4 8.8505E-5 1.0973E-4 9.2169E-5 1.08433E-4 8.5363E-5 8.4079E-5 7.9137E-5 8.0376E-5 8.4106E-5 9.0882E-5 8.8116E-5 9.2455E-5 8.2066E-5 9.1223E-5 8.4172E-5 7.972E-5 6.9162E-5 1.03146E-4 1.02175E-4 1.2368E-4 9.3008E-5 1.24307E-4 1.45301E-4 1.5102E-4 1.5295E-4 1.53395E-4 1.02534E-4 1.05682E-4 8.9618E-5 9.0152E-5 7.7903E-5 9.1412E-5 8.4791E-5 7.3333E-5 8.4768E-5 8.7234E-5 7.87E-5 9.1317E-5 8.6129E-5 8.0278E-5 7.694E-5 8.1811E-5 9.6308E-5 8.9461E-5 9.159E-5 9.2003E-5 9.2791E-5 1.03314E-4 9.6598E-5 8.5648E-5 8.0489E-5 9.8156E-5 9.0037E-5 8.2025E-5 8.3091E-5 8.133E-5 8.279E-5 9.229E-5 9.663E-5 1.04296E-4 8.9393E-5 9.6357E-5 9.724E-5 1.15868E-4 1.03149E-4 1.18863E-4 1.11667E-4 1.02532E-4 1.09373E-4 1.07444E-4 1.24946E-4 8.7912E-5 7.8685E-5 1.07553E-4 9.8435E-5 9.0975E-5 9.6929E-5 1.04156E-4 7.8305E-5 9.0575E-5 7.1605E-5 1.13029E-4 1.25644E-4 9.5583E-5 9.0452E-5 1.03604E-4 9.5798E-5 8.1666E-5 9.4402E-5 8.7808E-5 9.2797E-5 1.08457E-4 7.8708E-5 8.1541E-5 8.7701E-5 8.1251E-5 9.0782E-5 6.8277E-5 9.5051E-5 9.2839E-5 1.11553E-4 9.6724E-5 9.6351E-5 9.6353E-5 8.2882E-5 8.1866E-5 8.3202E-5 7.8524E-5 8.2123E-5 8.9769E-5 8.6701E-5 8.619E-5 7.6487E-5 1.09923E-4 9.9168E-5 1.07999E-4 7.6732E-5 7.2045E-5 9.7996E-5 1.04915E-4 8.5192E-5 9.8148E-5 1.03953E-4 1.23023E-4 9.0312E-5 9.0349E-5 9.5008E-5 9.9817E-5 8.7324E-5 8.3456E-5 7.491E-5 8.5733E-5 8.1812E-5 6.7716E-5 8.3069E-5 8.7538E-5 7.4476E-5 1.10611E-4 1.46988E-4 1.05277E-4 8.8217E-5 8.4424E-5 1.00346E-4 9.245E-5 9.28E-5 9.4983E-5 9.4105E-5 9.912E-5 1.21458E-4 8.6922E-5 8.3096E-5 9.9382E-5 9.334E-5 8.3513E-5 8.4649E-5 8.3392E-5 8.3349E-5 9.5092E-5 8.2897E-5 9.7893E-5 1.04237E-4 9.1474E-5 9.4942E-5 8.8441E-5 8.8463E-5 9.8808E-5 9.2677E-5 8.5991E-5 9.488E-5 9.3012E-5 9.619E-5 7.4072E-5 6.9275E-5 9.8187E-5 9.2243E-5 8.8304E-5 9.0885E-5 9.9309E-5 8.1875E-5 8.9213E-5 7.2135E-5 9.2409E-5 7.2901E-5 8.6762E-5 8.4051E-5 9.9304E-5 9.541E-5 8.4161E-5 9.9637E-5 1.12562E-4 9.9811E-5 1.14581E-4 8.074E-5 9.3164E-5 9.0921E-5 8.9518E-5 9.1637E-5 7.0122E-5 8.8584E-5 7.9223E-5 8.8358E-5 8.6227E-5 9.7008E-5 9.3714E-5 8.6408E-5 8.1754E-5 8.2582E-5 8.1029E-5 8.2299E-5 8.8713E-5 8.4317E-5 8.6234E-5 7.4462E-5 8.4107E-5 8.6143E-5 8.188E-5 7.4602E-5 6.925E-5 9.1022E-5 9.8394E-5 7.5273E-5 4.2789E-5 9.3574E-5 8.6258E-5 8.6825E-5 8.9332E-5 9.3103E-5 9.9286E-5 9.0446E-5 8.1371E-5 7.2597E-5 8.3237E-5 9.8118E-5 4.1728E-5 8.7452E-5 8.9597E-5 7.6176E-5 9.0645E-5 8.3691E-5 8.1832E-5 7.5044E-5 7.7114E-5 9.6561E-5 9.0735E-5 8.9946E-5 9.2292E-5 9.3403E-5 9.7709E-5 9.5398E-5 9.8508E-5 8.1977E-5 1.01819E-4 9.2014E-5 8.2032E-5 8.2478E-5 9.4265E-5 8.0784E-5 9.0708E-5 8.0483E-5 9.2942E-5 8.0799E-5 8.9451E-5 9.0559E-5 8.4218E-5 8.5659E-5 9.8855E-5 9.2973E-5 8.056E-5 9.2406E-5 9.3074E-5 9.9495E-5 7.2358E-5 6.5941E-5 9.4401E-5 9.3025E-5 9.187E-5 9.4044E-5 1.29588E-4 1.10903E-4 9.7648E-5 7.5189E-5 9.2215E-5 7.6395E-5 8.7313E-5 9.0345E-5 9.5866E-5 8.9044E-5 9.0022E-5 9.2181E-5 8.3979E-5 9.1835E-5 1.62994E-4 8.6647E-5 1.19969E-4 8.9824E-5 8.0335E-5 8.859E-5 6.8577E-5 8.7817E-5 7.4169E-5 8.5266E-5 8.4269E-5 9.8258E-5 1.0004E-4 8.2885E-5 8.1936E-5 7.8064E-5 7.849E-5 7.8625E-5 8.9455E-5 8.2678E-5 8.3386E-5 7.4673E-5 8.7084E-5 9.0333E-5 8.5137E-5 7.6665E-5 6.7104E-5 9.2937E-5 9.3647E-5 7.3275E-5 7.7579E-5 9.388E-5 8.5593E-5 8.437E-5 8.6165E-5 9.0984E-5 9.9777E-5 8.735E-5 8.1867E-5 7.2705E-5 8.6192E-5 8.5961E-5 6.9371E-5 8.1091E-5 1.54318E-4 9.6075E-5 8.9214E-5 8.229E-5 7.8879E-5 7.1711E-5 7.6272E-5 9.2695E-5 8.416E-5 8.4788E-5 9.0046E-5 9.0569E-5 1.01075E-4 9.4657E-5 8.2689E-5 8.0627E-5 1.1184E-4 8.8557E-5 8.0237E-5 8.1003E-5 9.5879E-5 7.7608E-5 8.8433E-5 7.9196E-5 9.1638E-5 7.9173E-5 8.8105E-5 8.9974E-5 9.2487E-5 8.5907E-5 1.14434E-4 9.3663E-5 7.5774E-5 8.3916E-5 9.4462E-5 1.28149E-4 7.0222E-5 6.2065E-5 8.9854E-5 8.8844E-5 8.4795E-5 8.9479E-5 1.20508E-4 7.9744E-5 8.6713E-5 6.8158E-5 8.8966E-5 7.4729E-5 8.5215E-5 8.3167E-5 9.2273E-5 8.4569E-5 8.7781E-5 9.0415E-5 9.344E-5 9.7609E-5 1.12034E-4 9.3141E-5 8.427E-5 8.4261E-5 7.8056E-5 8.6057E-5 6.6344E-5 8.5547E-5 7.5047E-5 8.6209E-5 8.2358E-5 9.245E-5 8.9025E-5 8.3262E-5 8.4424E-5 8.0997E-5 7.8127E-5 7.9109E-5 8.9149E-5 8.8939E-5 8.3635E-5 7.485E-5 8.4235E-5 8.5547E-5 8.9699E-5 1.1684E-4 7.4953E-5 2.08064E-4 1.20739E-4 9.2373E-5 9.0493E-5 9.3951E-5 8.872E-5 8.5008E-5 1.06705E-4 9.8596E-5 1.0009E-4 8.9894E-5 8.7513E-5 7.5793E-5 8.6541E-5 8.1507E-5 6.6112E-5 8.6522E-5 8.7101E-5 7.6428E-5 9.0301E-5 8.6013E-5 8.0634E-5 8.9612E-5 9.5877E-5 1.5464E-4 1.51639E-4 1.47969E-4 1.621E-4 1.56151E-4 1.67209E-4 1.55915E-4 1.38708E-4 1.43325E-4 1.70344E-4 1.51585E-4 8.8948E-5 1.37474E-4 1.36665E-4 1.40531E-4 1.58568E-4 1.40139E-4 1.6588E-4 1.48074E-4 1.61998E-4 1.12382E-4 1.01635E-4 1.06625E-4 1.05764E-4 1.05208E-4 9.7432E-5 1.04313E-4 9.7699E-5 1.1457E-4 8.9896E-5 1.01328E-4 1.12131E-4 9.9735E-5 1.11105E-4 1.15427E-4 2.3211E-4 1.19312E-4 1.21871E-4 8.6266E-5 1.0876E-4 8.6071E-5 1.07158E-4 1.00153E-4 1.22804E-4 1.02382E-4 9.0506E-5 1.39602E-4 1.17602E-4 1.07447E-4 1.27264E-4 8.6826E-5 1.03577E-4 1.31738E-4 1.05353E-4 1.06945E-4 8.2153E-5 1.08555E-4 9.1224E-5 1.15124E-4 1.16623E-4 1.16753E-4 1.01725E-4 9.0267E-5 9.0048E-5 8.5774E-5 8.7265E-5 8.9561E-5 9.7657E-5 1.09344E-4 1.01146E-4 8.0179E-5 8.6812E-5 9.283E-5 9.5443E-5 7.3023E-5 6.9557E-5 9.6589E-5 1.0193E-4 9.3424E-5 9.858E-5 9.8558E-5 9.4286E-5 8.7222E-5 9.084E-5 9.7957E-5 9.6621E-5 1.06056E-4 8.9184E-5 8.407E-5 9.691E-5 8.2683E-5 7.2437E-5 8.778E-5 9.5171E-5 9.3494E-5 9.5446E-5 8.6206E-5 7.9035E-5 6.8381E-5 7.0681E-5 9.2509E-5 8.8982E-5 8.9467E-5 9.2103E-5 9.2478E-5 9.9706E-5 9.3245E-5 8.1865E-5 7.9243E-5 1.00017E-4 8.95E-5 8.1239E-5 8.0097E-5 7.9782E-5 8.153E-5 9.5371E-5 8.9833E-5 9.298E-5 8.1521E-5 9.1165E-5 9.2854E-5 9.0284E-5 9.436E-5 1.70152E-4 1.26744E-4 8.4887E-5 9.1173E-5 9.5953E-5 9.8952E-5 7.4155E-5 7.8422E-5 9.818E-5 9.6621E-5 9.2301E-5 9.1682E-5 9.2452E-5 7.6448E-5 1.01221E-4 7.7653E-5 9.3095E-5 7.6537E-5 8.7517E-5 8.6316E-5 9.7547E-5 8.9878E-5 7.6081E-5 8.8142E-5 8.1573E-5 8.8467E-5 1.0179E-4 7.3954E-5 8.3535E-5 8.6489E-5 8.2491E-5 8.9799E-5 6.9139E-5 8.7662E-5 7.6906E-5 1.0756E-4 1.06513E-4 1.34892E-4 1.11881E-4 8.6807E-5 8.3414E-5 8.8055E-5 8.2061E-5 8.3658E-5 8.7991E-5 8.8854E-5 9.5453E-5 7.127E-5 7.9777E-5 8.3703E-5 9.1553E-5 7.6666E-5 7.4139E-5 9.9216E-5 9.6118E-5 7.424E-5 7.6913E-5 9.1756E-5 8.7991E-5 8.7206E-5 1.31749E-4 1.03449E-4 9.983E-5 8.4953E-5 8.2003E-5 8.1773E-5 9.179E-5 7.86E-5 6.6945E-5 8.4822E-5 9.1762E-5 7.3346E-5 8.6476E-5 8.1032E-5 7.888E-5 6.8506E-5 6.6213E-5 9.0487E-5 8.5258E-5 8.3947E-5 1.02685E-4 9.0705E-5 1.01354E-4 9.2957E-5 8.207E-5 8.746E-5 1.02419E-4 8.5968E-5 7.7458E-5 7.8386E-5 7.4201E-5 7.8554E-5 8.7592E-5 7.7474E-5 9.4082E-5 7.983E-5 9.7167E-5 9.4894E-5 8.5842E-5 8.8213E-5 9.9895E-5 9.5464E-5 1.08458E-4 8.5425E-5 8.7196E-5 9.151E-5 6.793E-5 6.1093E-5 9.1545E-5 8.7987E-5 9.6288E-5 8.9761E-5 9.4308E-5 7.3283E-5 8.2157E-5 6.5944E-5 8.5427E-5 7.001E-5 8.0978E-5 8.0356E-5 8.7699E-5 8.1934E-5 6.843E-5 8.0246E-5 7.3552E-5 8.5926E-5 9.3312E-5 6.7502E-5 7.7709E-5 8.1706E-5 7.4576E-5 8.5206E-5 6.3821E-5 8.365E-5 7.1616E-5 8.5325E-5 8.0138E-5 8.9365E-5 8.6643E-5 7.5703E-5 8.2501E-5 7.4287E-5 8.655E-5 8.4918E-5 8.2515E-5 7.6603E-5 7.8945E-5 6.5695E-5 7.4914E-5 7.7581E-5 7.2693E-5 6.3822E-5 6.0081E-5 8.344E-5 9.4404E-5 7.7068E-5 7.2139E-5 8.8394E-5 8.0504E-5 7.9223E-5 8.052E-5 9.9699E-5 8.5369E-5 7.398E-5 7.4219E-5 6.211E-5 7.4602E-5 8.4199E-5 5.3858E-5 7.1612E-5 7.4686E-5 6.1214E-5 7.4295E-5 7.8115E-5 8.6751E-5 5.8207E-5 5.8279E-5 7.8913E-5 7.3411E-5 7.1953E-5 7.5465E-5 9.0567E-5 7.8351E-5 7.5679E-5 6.4782E-5 6.2138E-5 9.0723E-5 9.0478E-5 6.6372E-5 6.5105E-5 6.3188E-5 6.4236E-5 7.2635E-5 6.4282E-5 8.929E-5 6.2617E-5 7.1084E-5 7.9357E-5 7.0954E-5 7.0768E-5 8.7559E-5 7.5611E-5 6.2987E-5 6.9352E-5 7.627E-5 7.8194E-5 6.1227E-5 5.0855E-5 8.372E-5 7.3428E-5 7.3013E-5 7.9758E-5 7.8667E-5 6.0162E-5 6.8211E-5 5.4785E-5 7.2261E-5 5.8197E-5 6.754E-5 6.5825E-5 7.2507E-5 6.6646E-5 5.7644E-5 6.853E-5 6.1277E-5 8.1827E-5 7.8685E-5 5.6308E-5 6.6586E-5 6.8809E-5 6.2078E-5 6.9866E-5 5.2879E-5 6.7938E-5 5.9012E-5 6.9956E-5 7.4882E-5 7.7297E-5 8.5506E-5 7.2448E-5 6.7063E-5 6.2818E-5 6.2849E-5 6.3251E-5 6.7105E-5 6.5089E-5 6.6096E-5 5.3689E-5 7.2469E-5 7.0655E-5 1.11813E-4 6.9138E-5 6.2167E-5 7.5689E-5 7.7733E-5 6.8477E-5 6.2379E-5 7.7782E-5 6.9534E-5 6.8818E-5 6.9383E-5 7.8814E-5 8.4542E-5 6.8925E-5 6.7702E-5 5.8524E-5 6.9849E-5 6.3722E-5 5.0345E-5 8.045E-5 7.8743E-5 6.3665E-5 7.2844E-5 6.8707E-5 6.4369E-5 5.4374E-5 5.3854E-5 7.4064E-5 6.8962E-5 6.7442E-5 6.9975E-5 8.2065E-5 8.4944E-5 7.5506E-5 6.2863E-5 5.7953E-5 7.6692E-5 7.0295E-5 6.5988E-5 8.6303E-5 6.8309E-5 6.5627E-5 7.0979E-5 6.3198E-5 7.501E-5 8.216E-5 7.9982E-5 8.1634E-5 7.4501E-5 7.5153E-5 7.646E-5 7.373E-5 6.5179E-5 7.5399E-5 7.0807E-5 8.8155E-5 5.8109E-5 5.273E-5 7.5442E-5 8.0386E-5 7.205E-5 7.2672E-5 7.6809E-5 5.9326E-5 6.7251E-5 5.4776E-5 7.064E-5 5.7984E-5 6.7446E-5 6.5546E-5 7.2047E-5 6.6899E-5 5.4384E-5 6.8443E-5 6.1113E-5 6.8435E-5 7.3221E-5 5.4047E-5 7.8663E-5 7.0977E-5 6.5729E-5 8.7229E-5 6.7194E-5 7.3635E-5 6.0231E-5 7.0625E-5 6.6826E-5 7.6062E-5 8.1519E-5 6.4863E-5 6.3869E-5 7.0709E-5 6.5457E-5 6.612E-5 6.8759E-5 6.493E-5 6.6988E-5 5.4744E-5 6.3873E-5 6.6849E-5 6.748E-5 5.5737E-5 5.3957E-5 7.4765E-5 7.6503E-5 5.8417E-5 6.6564E-5 8.2783E-5 7.253E-5 6.7965E-5 8.1753E-5 9.0532E-5 9.1908E-5 7.081E-5 6.8738E-5 5.5965E-5 6.6446E-5 6.2011E-5 4.8698E-5 6.4548E-5 7.5186E-5 5.8083E-5 6.8652E-5 6.519E-5 6.2187E-5 7.2939E-5 6.0938E-5 7.796E-5 6.8262E-5 6.8838E-5 7.5074E-5 7.939E-5 8.3224E-5 8.1424E-5 6.0938E-5 5.7613E-5 7.7698E-5 6.9468E-5 7.6417E-5 6.8813E-5 7.296E-5 6.5937E-5 7.3376E-5 7.3778E-5 7.9459E-5 6.4526E-5 7.8594E-5 7.4952E-5 6.9542E-5 7.0785E-5 7.5972E-5 8.0407E-5 6.8661E-5 7.513E-5 7.4269E-5 8.1883E-5 5.7092E-5 5.1529E-5 7.6903E-5 7.2054E-5 8.2533E-5 7.1966E-5 7.1155E-5 5.8404E-5 6.5232E-5 6.1093E-5 7.225E-5 5.8838E-5 6.8434E-5 6.641E-5 7.2968E-5 7.4023E-5 5.9094E-5 7.1997E-5 6.743E-5 7.26E-5 8.0421E-5 5.7923E-5 6.769E-5 7.5831E-5 7.1507E-5 7.2819E-5 5.4806E-5 7.2272E-5 6.034E-5 7.2662E-5 7.3227E-5 8.1359E-5 7.7462E-5 6.9071E-5 1.09805E-4 9.3708E-5 7.5201E-5 7.2281E-5 8.1426E-5 6.8078E-5 6.7847E-5 5.5543E-5 6.3851E-5 6.7889E-5 6.2295E-5 5.4373E-5 5.1307E-5 7.1452E-5 7.5651E-5 5.8363E-5 5.8859E-5 8.1819E-5 7.1079E-5 6.8742E-5 6.818E-5 6.7713E-5 8.4058E-5 7.5696E-5 7.5821E-5 6.3981E-5 7.0385E-5 6.4563E-5 4.9455E-5 9.8063E-5 8.544E-5 1.4534E-4 7.3463E-5 8.5227E-5 7.1354E-5 7.2474E-5 6.0346E-5 8.1971E-5 7.6498E-5 7.8083E-5 8.8911E-5 8.4924E-5 9.1258E-5 1.00279E-4 7.3721E-5 7.2529E-5 9.5973E-5 8.4582E-5 7.5973E-5 8.4969E-5 8.4147E-5 8.1921E-5 9.7051E-5 7.9452E-5 9.0394E-5 7.5474E-5 9.6423E-5 9.0457E-5 9.2614E-5 9.4341E-5 9.7292E-5 8.9758E-5 8.3064E-5 8.8187E-5 8.47E-5 9.0401E-5 6.5498E-5 6.118E-5 9.0821E-5 8.6903E-5 8.2707E-5 8.5673E-5 8.6847E-5 6.8668E-5 7.8057E-5 6.3576E-5 8.411E-5 6.7161E-5 7.9552E-5 7.6406E-5 8.5409E-5 7.6675E-5 6.7557E-5 8.073E-5 7.3434E-5 8.029E-5 8.6283E-5 7.4292E-5 8.1395E-5 8.0764E-5 7.4804E-5 9.376E-5 7.3239E-5 8.5786E-5 7.4598E-5 8.4139E-5 8.0646E-5 9.8829E-5 9.9177E-5 8.7644E-5 7.8934E-5 8.5013E-5 7.735E-5 7.9849E-5 1.118E-4 8.5839E-5 8.4452E-5 6.7695E-5 7.9716E-5 8.3763E-5 8.0175E-5 8.0251E-5 7.2111E-5 1.24867E-4 1.24301E-4 7.3606E-5 8.1855E-5 1.06077E-4 8.8246E-5 9.4381E-5 8.7227E-5 8.3084E-5 9.6183E-5 7.5606E-5 7.9497E-5 6.751E-5 7.9811E-5 7.4374E-5 9.9715E-5 1.05731E-4 1.18592E-4 6.8897E-5 1.03947E-4 8.622E-5 8.9929E-5 8.6424E-5 7.4074E-5 9.341E-5 8.265E-5 8.2596E-5 8.6975E-5 8.8236E-5 9.6059E-5 9.3533E-5 7.3284E-5 6.8545E-5 9.502E-5 9.4943E-5 7.9138E-5 7.9406E-5 7.6976E-5 7.6974E-5 9.2477E-5 1.00959E-4 1.10367E-4 7.8851E-5 8.8038E-5 8.8348E-5 8.2097E-5 8.372E-5 9.3994E-5 9.1353E-5 7.7277E-5 8.8802E-5 8.9196E-5 9.5904E-5 7.0306E-5 6.1941E-5 9.2858E-5 9.3855E-5 8.961E-5 9.2034E-5 8.1725E-5 6.9173E-5 7.8779E-5 6.5042E-5 8.9185E-5 7.7285E-5 1.08346E-4 7.9256E-5 8.7649E-5 7.9668E-5 6.5558E-5 8.2094E-5 7.168E-5 8.021E-5 8.0591E-5 6.5048E-5 7.3559E-5 8.4299E-5 7.4943E-5 8.4424E-5 6.4465E-5 7.8702E-5 6.925E-5 8.0874E-5 7.8533E-5 8.8754E-5 9.3479E-5 8.8678E-5 7.8314E-5 7.5086E-5 8.2115E-5 7.8263E-5 7.9863E-5 7.5839E-5 7.8336E-5 6.4687E-5 7.5902E-5 7.7081E-5 8.1552E-5 6.5275E-5 6.2337E-5 8.631E-5 8.8024E-5 7.2525E-5 1.07524E-4 1.01729E-4 8.3841E-5 8.1032E-5 8.2606E-5 7.7669E-5 9.1291E-5 7.2351E-5 7.8674E-5 6.8054E-5 7.8565E-5 7.3363E-5 5.8278E-5 7.7108E-5 8.0597E-5 7.8693E-5 9.6637E-5 8.6179E-5 8.2349E-5 7.5917E-5 8.4783E-5 9.8869E-5 9.1558E-5 1.3706E-4 1.18511E-4 1.07253E-4 1.57913E-4 1.04788E-4 8.1778E-5 7.659E-5 9.9622E-5 8.6754E-5 7.9633E-5 8.0294E-5 7.7146E-5 7.8308E-5 9.743E-5 8.1735E-5 9.1312E-5 9.4248E-5 8.4055E-5 9.6368E-5 8.4221E-5 8.6136E-5 9.1382E-5 8.9474E-5 7.6254E-5 8.3449E-5 8.7034E-5 9.2716E-5 6.6256E-5 6.0717E-5 8.8085E-5 8.5006E-5 8.1642E-5 8.4953E-5 7.4519E-5 6.6848E-5 7.7156E-5 9.1918E-5 9.1826E-5 1.27653E-4 9.0848E-5 8.2515E-5 9.7117E-5 9.3369E-5 7.6065E-5 8.5884E-5 7.672E-5 9.4167E-5 8.7572E-5 6.6812E-5 7.5693E-5 8.0935E-5 8.181E-5 1.02382E-4 6.6341E-5 8.1134E-5 7.2419E-5 9.3442E-5 1.0542E-4 1.03624E-4 1.01801E-4 8.5055E-5 9.288E-5 8.8643E-5 8.1895E-5 8.0186E-5 8.5614E-5 8.1322E-5 8.4837E-5 7.8935E-5 7.9869E-5 8.1875E-5 8.9122E-5 7.5488E-5 7.1858E-5 9.9256E-5 9.4055E-5 7.3725E-5 7.3069E-5 1.05129E-4 1.45288E-4 1.07096E-4 1.43787E-4 1.34273E-4 1.51065E-4 1.20481E-4 1.2676E-4 1.12027E-4 1.75719E-4 3.70858E-4 3.83761E-4 2.30673E-4 1.96974E-4 1.51538E-4 1.47146E-4 1.51894E-4 1.30733E-4 1.19013E-4 1.17383E-4 1.87751E-4 1.62913E-4 1.54485E-4 1.66988E-4 1.58332E-4 1.43345E-4 1.11556E-4 8.5813E-5 7.6304E-5 1.18547E-4 1.10666E-4 9.8261E-5 8.8454E-5 1.01318E-4 9.0013E-5 1.09789E-4 9.7317E-5 1.04491E-4 9.4003E-5 1.08323E-4 1.04393E-4 1.0386E-4 1.02955E-4 1.08503E-4 1.1304E-4 9.2259E-5 1.00984E-4 1.01533E-4 1.04235E-4 9.1904E-5 7.8863E-5 1.15382E-4 1.24258E-4 1.34137E-4 1.14931E-4 9.387E-5 8.6419E-5 9.7319E-5 8.1033E-5 1.07482E-4 8.6832E-5 1.01985E-4 9.4218E-5 1.10059E-4 1.01096E-4 1.10197E-4 1.10819E-4 1.39367E-4 1.27237E-4 9.487E-5 8.2359E-5 9.948E-5 1.07816E-4 1.02771E-4 1.03016E-4 7.2137E-5 9.9233E-5 8.0169E-5 9.1492E-5 8.8176E-5 9.7453E-5 1.02636E-4 1.0056E-4 9.0863E-5 8.8383E-5 9.671E-5 9.8364E-5 9.252E-5 8.8789E-5 9.6665E-5 7.9412E-5 8.7929E-5 8.7982E-5 8.8112E-5 7.4646E-5 7.5439E-5 1.32382E-4 1.05599E-4 8.2736E-5 7.5719E-5 1.15504E-4 9.1063E-5 8.7264E-5 9.0554E-5 8.8046E-5 1.11556E-4 7.8095E-5 8.7956E-5 7.2671E-5 8.7507E-5 7.868E-5 6.2573E-5 8.4698E-5 8.6213E-5 7.3253E-5 8.927E-5 8.2958E-5 7.9744E-5 6.4371E-5 6.612E-5 9.5079E-5 8.9751E-5 1.0329E-4 9.9082E-5 9.3685E-5 9.8004E-5 9.2366E-5 7.1037E-5 6.7975E-5 1.15519E-4 9.7217E-5 8.3425E-5 8.4645E-5 7.9039E-5 8.2388E-5 9.4883E-5 8.0594E-5 9.4461E-5 8.067E-5 8.925E-5 9.2441E-5 8.5482E-5 8.9278E-5 9.807E-5 9.3747E-5 8.0718E-5 1.04602E-4 9.4421E-5 1.01277E-4 7.2831E-5 6.5524E-5 9.2606E-5 8.9443E-5 8.6009E-5 8.8012E-5 8.2653E-5 7.3879E-5 8.0004E-5 6.617E-5 8.5708E-5 7.0565E-5 8.1783E-5 7.8936E-5 8.9455E-5 8.2903E-5 6.7971E-5 8.3851E-5 7.7583E-5 8.5691E-5 9.0753E-5 7.0058E-5 8.0979E-5 9.3294E-5 8.0688E-5 9.1704E-5 6.9266E-5 8.611E-5 7.6829E-5 9.2937E-5 8.2087E-5 9.275E-5 9.1265E-5 8.3232E-5 7.9995E-5 7.7105E-5 8.3606E-5 8.0843E-5 9.9136E-5 8.7991E-5 8.5475E-5 7.127E-5 8.1308E-5 9.3187E-5 8.417E-5 8.3568E-5 6.8324E-5 9.1467E-5 9.7251E-5 7.4309E-5 8.366E-5 9.6084E-5 9.4885E-5 8.5859E-5 8.7288E-5 7.4351E-5 9.5428E-5 7.9668E-5 1.36803E-4 1.03111E-4 1.39681E-4 1.28249E-4 9.8784E-5 1.10845E-4 1.45565E-4 1.16683E-4 1.23476E-4 1.23577E-4 1.29521E-4 9.8985E-5 1.15045E-4 1.55269E-4 1.29309E-4 1.43724E-4 1.20922E-4 1.4361E-4 1.56035E-4 1.47344E-4 1.08801E-4 1.00606E-4 1.60691E-4 1.46267E-4 1.32496E-4 1.33801E-4 9.1681E-5 1.3179E-4 1.52534E-4 8.5183E-5 1.96932E-4 8.841E-5 1.2361E-4 1.25492E-4 1.23371E-4 1.0345E-4 1.07248E-4 1.0443E-4 8.8189E-5 1.00119E-4 1.31763E-4 1.02871E-4 8.1519E-5 6.8646E-5 1.60288E-4 1.03262E-4 1.06815E-4 1.23993E-4 1.50104E-4 9.8644E-5 1.05162E-4 8.3819E-5 9.7918E-5 8.6688E-5 9.3447E-5 1.16757E-4 1.81865E-4 9.2721E-5 9.0446E-5 9.7252E-5 8.9119E-5 9.0201E-5 8.8996E-5 7.8243E-5 9.4967E-5 9.2381E-5 9.45E-5 9.9243E-5 7.6905E-5 8.7843E-5 7.6326E-5 8.5456E-5 8.5317E-5 9.2514E-5 8.8718E-5 8.2025E-5 7.8861E-5 7.7557E-5 8.1348E-5 8.661E-5 8.7027E-5 8.63E-5 8.1861E-5 6.6175E-5 7.934E-5 7.9694E-5 7.701E-5 6.7829E-5 6.3703E-5 8.8987E-5 9.0089E-5 7.2957E-5 7.8525E-5 9.9483E-5 1.3298E-4 1.36514E-4 1.26556E-4 9.7722E-5 1.11812E-4 7.4859E-5 1.00152E-4 9.2293E-5 1.05014E-4 8.0193E-5 6.4652E-5 8.4699E-5 8.6512E-5 9.742E-5 9.6707E-5 8.1941E-5 7.8046E-5 7.5398E-5 7.0149E-5 9.7138E-5 9.7518E-5 9.1314E-5 1.08385E-4 1.23552E-4 9.8645E-5 9.3273E-5 6.725E-5 6.302E-5 1.03044E-4 8.7951E-5 9.3234E-5 8.6369E-5 9.8874E-5 7.8744E-5 9.9521E-5 8.1936E-5 9.4267E-5 7.9904E-5 8.6241E-5 8.9411E-5 8.2377E-5 8.6762E-5 9.3532E-5 9.0754E-5 7.708E-5 1.18977E-4 9.751E-5 1.02056E-4 7.3202E-5 7.2709E-5 9.7414E-5 8.8098E-5 9.1208E-5 9.2076E-5 8.8869E-5 7.9785E-5 9.3925E-5 7.3564E-5 9.7616E-5 7.7597E-5 8.8902E-5 9.0438E-5 1.05467E-4 1.12333E-4 8.4698E-5 1.12316E-4 8.3251E-5 1.06084E-4 8.6491E-5 7.7235E-5 8.9415E-5 8.4201E-5 7.7601E-5 9.5588E-5 6.7967E-5 8.3865E-5 7.6882E-5 8.6155E-5 8.5207E-5 9.3531E-5 8.7717E-5 8.0199E-5 7.8313E-5 7.643E-5 7.6223E-5 7.8653E-5 8.9788E-5 8.0424E-5 8.3474E-5 6.8049E-5 7.772E-5 8.0035E-5 7.7558E-5 6.8156E-5 1.13776E-4 9.9757E-5 1.09674E-4 9.3806E-5 8.7398E-5 9.7767E-5 9.6303E-5 8.9672E-5 8.7359E-5 7.3995E-5 9.7382E-5 7.6149E-5 9.3284E-5 7.2907E-5 9.5155E-5 8.7055E-5 6.9591E-5 9.2824E-5 9.3496E-5 7.9781E-5 8.8399E-5 8.2597E-5 7.7602E-5 6.5391E-5 6.5368E-5 1.02294E-4 9.0331E-5 8.7992E-5 9.7987E-5 9.1725E-5 9.5333E-5 9.2729E-5 7.7486E-5 6.3908E-5 9.8778E-5 8.9518E-5 8.1714E-5 8.4267E-5 7.881E-5 9.2885E-5 9.7692E-5 8.069E-5 9.3554E-5 8.1239E-5 8.9182E-5 9.0112E-5 8.456E-5 8.6806E-5 9.6725E-5 9.2069E-5 7.7362E-5 8.2802E-5 1.00603E-4 9.6336E-5 7.0448E-5 6.6922E-5 9.4841E-5 8.7252E-5 8.9056E-5 1.00943E-4 7.4951E-5 7.2391E-5 8.2167E-5 6.8039E-5 1.78121E-4 8.2103E-5 9.6295E-5 9.0178E-5 9.8627E-5 1.04432E-4 7.9094E-5 9.6323E-5 9.4447E-5 1.08432E-4 8.9476E-5 8.3365E-5 1.03926E-4 1.19135E-4 1.0302E-4 1.10596E-4 8.8312E-5 8.955E-5 8.9088E-5 9.2698E-5 1.02523E-4 1.07537E-4 9.9166E-5 8.4646E-5 7.9472E-5 7.9095E-5 7.8751E-5 8.2149E-5 8.6919E-5 8.3619E-5 8.8571E-5 7.2357E-5 8.0797E-5 8.1717E-5 8.2297E-5 7.5642E-5 6.6469E-5 1.00481E-4 9.3455E-5 7.3519E-5 1.09384E-4 1.05445E-4 1.05014E-4 1.03294E-4 9.9971E-5 8.3748E-5 1.11791E-4 7.519E-5 8.377E-5 7.2067E-5 8.3094E-5 7.6981E-5 6.0801E-5 8.0636E-5 8.3469E-5 7.8051E-5 1.13915E-4 9.6799E-5 8.8471E-5 6.8455E-5 6.7615E-5 8.9514E-5 8.4276E-5 8.3544E-5 9.0655E-5 8.804E-5 9.4095E-5 9.2129E-5 7.2783E-5 6.7842E-5 1.14505E-4 1.05777E-4 8.6351E-5 8.9647E-5 7.9686E-5 7.9661E-5 9.1211E-5 8.0361E-5 9.2533E-5 9.9589E-5 9.3098E-5 9.6732E-5 9.7517E-5 8.804E-5 9.5996E-5 8.7571E-5 7.6561E-5 8.0989E-5 8.8699E-5 8.8999E-5 6.757E-5 6.1847E-5 8.9793E-5 8.2683E-5 8.7568E-5 1.07836E-4 7.3105E-5 7.1107E-5 8.1771E-5 7.1949E-5 1.1732E-4 7.3148E-5 8.5382E-5 8.1885E-5 9.1218E-5 8.5527E-5 6.8577E-5 8.4431E-5 7.6007E-5 9.9974E-5 8.5365E-5 7.3238E-5 8.8706E-5 8.3391E-5 7.8381E-5 8.7369E-5 6.6671E-5 9.8381E-5 7.7026E-5 8.7246E-5 8.3514E-5 1.08085E-4 9.2446E-5 9.576E-5 8.9594E-5 7.8649E-5 7.7767E-5 8.1599E-5 8.5551E-5 8.2456E-5 9.2077E-5 6.9057E-5 8.8971E-5 8.4542E-5 1.1431E-4 7.5703E-5 7.136E-5 1.00724E-4 1.06416E-4 8.4035E-5 9.0417E-5 1.09176E-4 9.7648E-5 9.4544E-5 9.8698E-5 8.36E-5 1.23343E-4 7.9502E-5 8.7616E-5 7.4132E-5 1.06798E-4 8.4586E-5 6.5841E-5 9.0645E-5 8.3775E-5 8.4319E-5 9.233E-5 9.0176E-5 9.0291E-5 7.2191E-5 6.5908E-5 1.01268E-4 8.6882E-5 9.3487E-5 9.0684E-5 8.992E-5 1.12202E-4 1.03956E-4 8.4193E-5 6.458E-5 1.09845E-4 1.00427E-4 8.714E-5 9.215E-5 8.1303E-5 8.9478E-5 1.01874E-4 9.2236E-5 1.03713E-4 8.3723E-5 1.21129E-4 9.3246E-5 8.5429E-5 8.9087E-5 9.7926E-5 8.991E-5 7.7693E-5 8.3186E-5 1.01923E-4 9.4904E-5 6.782E-5 7.1631E-5 9.4941E-5 8.6029E-5 8.7559E-5 9.1315E-5 9.6247E-5 7.3117E-5 7.9468E-5 6.7023E-5 8.6916E-5 8.2658E-5 1.01617E-4 1.05845E-4 1.19019E-4 2.09526E-4 2.70476E-4 1.34275E-4 1.02804E-4 1.09288E-4 9.3073E-5 8.4182E-5 8.5639E-5 1.04587E-4 9.4922E-5 1.00206E-4 8.0496E-5 9.1907E-5 8.9031E-5 9.5829E-5 1.02257E-4 1.48137E-4 1.07821E-4 9.8752E-5 8.4391E-5 8.4068E-5 8.0581E-5 8.566E-5 9.0968E-5 8.5134E-5 9.0107E-5 7.4399E-5 8.5054E-5 8.5359E-5 1.01966E-4 7.938E-5 7.1443E-5 9.8437E-5 9.6637E-5 8.0938E-5 7.4034E-5 9.83E-5 9.0239E-5 8.7737E-5 9.2394E-5 8.953E-5 1.07191E-4 8.3218E-5 9.2578E-5 7.4916E-5 8.8253E-5 8.0909E-5 6.4291E-5 8.3848E-5 8.4638E-5 7.3081E-5 8.978E-5 9.608E-5 8.5804E-5 7.3371E-5 6.9766E-5 1.03552E-4 1.09848E-4 9.3227E-5 9.3384E-5 9.3071E-5 9.6507E-5 9.3597E-5 6.7115E-5 6.206E-5 1.1389E-4 9.4019E-5 8.5056E-5 1.36518E-4 1.43246E-4 9.9267E-5 1.0322E-4 1.03806E-4 1.39655E-4 1.40282E-4 1.43642E-4 1.43443E-4 9.5171E-5 9.5427E-5 1.03109E-4 1.06563E-4 8.6072E-5 9.0459E-5 9.4464E-5 8.7342E-5 1.27678E-4 1.81454E-4 1.48394E-4 1.58675E-4 1.34434E-4 1.37509E-4 1.41569E-4 1.11407E-4 1.40481E-4 9.9353E-5 1.16057E-4 8.521E-5 1.97164E-4 1.52032E-4 1.87015E-4 1.38985E-4 9.407E-5 1.07636E-4 9.2141E-5 9.6841E-5 8.608E-5 7.5953E-5 8.7771E-5 9.4542E-5 8.5933E-5 9.5956E-5 7.8717E-5 9.4894E-5 8.0929E-5 1.04094E-4 9.4868E-5 1.01389E-4 1.03781E-4 9.2636E-5 9.6057E-5 1.00565E-4 1.00117E-4 8.9286E-5 9.078E-5 8.3622E-5 8.9277E-5 7.1326E-5 8.4625E-5 8.781E-5 8.242E-5 7.3075E-5 6.8251E-5 9.7903E-5 9.4341E-5 9.3574E-5 7.8239E-5 1.10255E-4 1.16718E-4 9.9934E-5 1.03137E-4 1.00964E-4 1.36255E-4 7.7607E-5 9.7608E-5 7.5948E-5 8.9759E-5 8.214E-5 6.4462E-5 8.6242E-5 8.6345E-5 7.149E-5 8.7192E-5 8.5006E-5 8.2264E-5 6.8216E-5 6.853E-5 9.9406E-5 9.0341E-5 8.9334E-5 9.3596E-5 9.2404E-5 9.8265E-5 9.5107E-5 6.702E-5 6.1893E-5 9.3136E-5 8.87E-5 1.16625E-4 1.12062E-4 9.5484E-5 8.7054E-5 1.00309E-4 1.06015E-4 1.03815E-4 8.4668E-5 9.3892E-5 1.06966E-4 1.02448E-4 1.18138E-4 1.63644E-4 1.86077E-4 1.61695E-4 1.75172E-4 1.13569E-4 1.01E-4 7.5149E-5 7.4469E-5 1.0282E-4 9.8707E-5 1.07731E-4 1.06135E-4 8.5708E-5 7.8386E-5 9.0767E-5 9.0435E-5 1.14005E-4 8.2263E-5 1.60854E-4 1.37467E-4 1.03712E-4 1.29925E-4 8.6276E-5 1.93016E-4 1.48971E-4 1.48126E-4 9.9539E-5 9.9253E-5 9.5811E-5 9.7394E-5 1.06514E-4 1.07779E-4 8.4783E-5 1.01688E-4 9.8532E-5 9.9983E-5 1.08433E-4 1.14737E-4 1.06586E-4 9.7787E-5 1.09857E-4 1.10237E-4 1.36392E-4 1.32724E-4 1.32762E-4 1.13721E-4 1.27977E-4 9.2545E-5 1.21759E-4 1.20848E-4 1.13599E-4 9.7957E-5 1.05202E-4 1.20682E-4 1.18304E-4 9.7671E-5 8.4261E-5 1.0384E-4 1.0321E-4 1.07148E-4 1.33136E-4 8.875E-5 2.06227E-4 1.0202E-4 1.98703E-4 2.0475E-4 2.60123E-4 1.15729E-4 7.475E-5 1.04276E-4 9.7411E-5 8.2376E-5 1.0359E-4 9.5141E-5 8.8346E-5 8.0513E-5 7.9841E-5 1.09918E-4 1.06446E-4 1.23974E-4 1.1695E-4 1.9345E-4 1.70684E-4 3.40398E-4 1.70449E-4 1.42558E-4 2.1651E-4 1.32438E-4 1.20109E-4 1.13144E-4 1.06159E-4 1.03947E-4 1.12939E-4 1.17331E-4 1.31089E-4 9.4609E-5 1.16267E-4 1.08508E-4 9.7626E-5 1.35025E-4 1.70063E-4 1.35583E-4 9.9554E-5 1.03972E-4 1.14543E-4 1.13618E-4 9.7915E-5 9.5203E-5 1.58713E-4 1.06838E-4 9.9713E-5 1.00806E-4 1.00668E-4 1.22946E-4 1.22495E-4 1.00367E-4 1.13465E-4 7.9469E-5 9.911E-5 9.5955E-5 1.25113E-4 1.31706E-4 9.2726E-5 1.00525E-4 8.7386E-5 1.12642E-4 9.4461E-5 8.1492E-5 8.7508E-5 9.1058E-5 8.8522E-5 9.8703E-5 7.795E-5 1.05686E-4 1.04092E-4 1.03628E-4 1.10371E-4 1.05795E-4 1.06479E-4 1.05065E-4 1.258E-4 1.81331E-4 1.22651E-4 1.003E-4 1.02588E-4 9.2067E-5 1.095E-4 8.0843E-5 1.01584E-4 1.06621E-4 9.5416E-5 8.1683E-5 7.5654E-5 1.02021E-4 1.00984E-4 8.2613E-5 7.7895E-5 1.01104E-4 9.5218E-5 9.0928E-5 9.6016E-5 7.9932E-5 1.07294E-4 7.6767E-5 1.09002E-4 8.5732E-5 1.04176E-4 9.3216E-5 7.4192E-5 1.20346E-4 1.04761E-4 9.416E-5 9.8595E-5 1.0807E-4 1.31861E-4 8.1689E-5 8.8191E-5 1.12672E-4 1.08263E-4 1.00041E-4 1.02992E-4 1.11717E-4 1.09254E-4 1.78483E-4 1.29332E-4 1.13477E-4 1.84935E-4 1.68703E-4 1.54952E-4 1.46371E-4 1.3182E-4 1.3555E-4 2.22477E-4 1.78622E-4 1.91776E-4 1.33881E-4 1.65831E-4 1.6225E-4 1.54241E-4 1.62581E-4 1.80864E-4 1.67971E-4 1.58025E-4 1.43571E-4 1.81459E-4 1.53486E-4 1.1131E-4 1.27849E-4 1.80341E-4 1.29348E-4 1.12975E-4 1.2899E-4 9.2839E-5 9.2736E-5 1.27245E-4 8.9922E-5 1.04554E-4 9.7025E-5 1.10949E-4 1.06767E-4 1.05112E-4 1.12456E-4 8.715E-5 1.10676E-4 9.5797E-5 1.18742E-4 1.10909E-4 1.02946E-4 9.9591E-5 9.9881E-5 1.00461E-4 1.04761E-4 8.8655E-5 1.01914E-4 9.7874E-5 1.00439E-4 1.39493E-4 1.62281E-4 1.78116E-4 1.57188E-4 1.37331E-4 1.34324E-4 1.55095E-4 1.55497E-4 2.47576E-4 1.36449E-4 1.35918E-4 1.34951E-4 1.45361E-4 2.76577E-4 1.93042E-4 1.26235E-4 1.51379E-4 1.8172E-4 1.19486E-4 1.61331E-4 1.38166E-4 2.46336E-4 2.11556E-4 2.94387E-4 1.22035E-4 9.6353E-5 1.22263E-4 9.8199E-5 1.29399E-4 1.28963E-4 1.28284E-4 1.45378E-4 8.8161E-5 1.23074E-4 2.00813E-4 1.1282E-4 1.19453E-4 1.07847E-4 9.2329E-5 7.5831E-5 9.1071E-5 1.0716E-4 1.00265E-4 1.12147E-4 1.58561E-4 1.42833E-4 1.40986E-4 1.33268E-4 8.6515E-5 8.3279E-5 1.22625E-4 1.05179E-4 1.01804E-4 9.2328E-5 1.04124E-4 1.03581E-4 1.12039E-4 9.1306E-5 1.04501E-4 1.13294E-4 1.16821E-4 1.30929E-4 1.45089E-4 1.52649E-4 1.8883E-4 1.28967E-4 9.8456E-5 1.1875E-4 1.37841E-4 1.14217E-4 8.8255E-5 8.3071E-5 1.30883E-4 1.16296E-4 3.12903E-4 2.1692E-4 1.21888E-4 9.0474E-5 1.11432E-4 9.1016E-5 1.10696E-4 8.2615E-5 1.08422E-4 1.12167E-4 1.36627E-4 1.0637E-4 8.5098E-5 1.0056E-4 8.8539E-5 1.06252E-4 1.07929E-4 8.3402E-5 9.5296E-5 1.00014E-4 1.0464E-4 1.01802E-4 8.2331E-5 1.08826E-4 1.08899E-4 1.29226E-4 1.49276E-4 1.69901E-4 2.97653E-4 2.64315E-4 1.49242E-4 9.4856E-5 1.34351E-4 9.025E-5 9.9434E-5 1.05226E-4 1.00255E-4 8.8874E-5 9.7108E-5 9.5972E-5 9.2126E-5 8.1982E-5 8.5627E-5 1.07133E-4 1.05996E-4 8.7373E-5 1.0206E-4 1.17503E-4 1.00563E-4 9.4752E-5 1.19333E-4 9.9573E-5 1.49628E-4 1.30856E-4 1.93488E-4 1.1377E-4 1.29706E-4 1.05984E-4 7.6762E-5 1.06468E-4 1.04769E-4 9.3811E-5 9.7811E-5 1.00277E-4 9.3013E-5 7.9968E-5 7.5858E-5 1.16093E-4 1.09961E-4 1.06788E-4 1.11211E-4 1.03761E-4 1.12964E-4 1.04401E-4 7.783E-5 1.13525E-4 1.34315E-4 1.36461E-4 1.33763E-4 1.02652E-4 1.44244E-4 1.95029E-4 2.09227E-4 1.37963E-4 1.46995E-4 9.7215E-5 1.12568E-4 2.58823E-4 2.07593E-4 1.05599E-4 1.17416E-4 1.06218E-4 1.21337E-4 1.4561E-4 1.39382E-4 1.45516E-4 2.32359E-4 2.15198E-4 1.49706E-4 1.1689E-4 1.12784E-4 1.71309E-4 1.69245E-4 1.0569E-4 9.7891E-5 8.2572E-5 1.19476E-4 1.29546E-4 1.30363E-4 9.469E-5 1.0566E-4 9.9549E-5 7.8879E-5 9.7392E-5 8.8513E-5 9.9185E-5 8.9455E-5 8.2949E-5 8.7273E-5 9.7493E-5 9.2066E-5 9.2843E-5 8.3243E-5 9.3624E-5 8.7261E-5 1.00577E-4 9.8705E-5 1.12712E-4 1.04951E-4 9.3652E-5 8.8221E-5 9.1966E-5 9.2095E-5 8.2619E-5 9.4496E-5 9.6255E-5 9.6138E-5 7.6892E-5 9.279E-5 9.446E-5 1.00546E-4 8.9139E-5 7.6067E-5 1.02796E-4 1.2535E-4 1.09615E-4 1.45133E-4 2.57146E-4 2.43335E-4 2.04768E-4 1.29911E-4 9.1528E-5 1.08851E-4 7.6839E-5 9.6965E-5 8.0872E-5 9.475E-5 1.13397E-4 1.04719E-4 1.02555E-4 1.36507E-4 1.78855E-4 1.20767E-4 1.14355E-4 9.3771E-5 7.5668E-5 9.0022E-5 1.09013E-4 9.7071E-5 1.06779E-4 1.0701E-4 1.11288E-4 1.20461E-4 1.07499E-4 7.6895E-5 7.1668E-5 9.8672E-5 9.8202E-5 8.9906E-5 9.2064E-5 9.8145E-5 9.2867E-5 1.05888E-4 9.2488E-5 9.4149E-5 9.8621E-5 1.03533E-4 1.04663E-4 9.8847E-5 9.2246E-5 1.10303E-4 1.04463E-4 9.0093E-5 9.2327E-5 1.03822E-4 9.2097E-5 9.2175E-5 8.6814E-5 1.14082E-4 1.05056E-4 1.23235E-4 1.1992E-4 9.4297E-5 8.519E-5 1.04723E-4 8.1439E-5 1.16934E-4 8.5292E-5 1.03038E-4 1.25862E-4 1.57093E-4 1.40722E-4 1.20866E-4 1.56305E-4 1.60248E-4 1.39113E-4 1.51065E-4 1.87245E-4 1.66345E-4 2.07074E-4 1.7458E-4 1.28223E-4 1.84914E-4 1.86123E-4 1.71531E-4 1.82693E-4 1.71507E-4 1.88472E-4 2.06506E-4 2.12502E-4 2.23922E-4 1.47915E-4 2.2877E-4 3.38579E-4 2.18855E-4 1.55397E-4 1.74104E-4 9.023E-5 9.7293E-5 1.08382E-4 1.04529E-4 1.26944E-4 9.0649E-5 1.17696E-4 1.15146E-4 1.17063E-4 8.9502E-5 1.19966E-4 1.96545E-4 1.00335E-4 1.13945E-4 9.2895E-5 1.92764E-4 9.5916E-5 1.116E-4 1.22522E-4 1.19723E-4 1.34169E-4 2.46352E-4 3.51902E-4 2.23558E-4 1.74444E-4 1.45603E-4 3.06451E-4 1.88059E-4 8.6064E-5 7.9191E-5 1.05007E-4 1.098E-4 1.03704E-4 1.27879E-4 1.16093E-4 1.53718E-4 2.25343E-4 1.39878E-4 8.604E-5 1.1869E-4 1.24274E-4 1.39124E-4 1.48126E-4 1.62185E-4 1.04902E-4 1.32417E-4 1.807E-4 1.2506E-4 1.05596E-4 1.21691E-4 1.25695E-4 1.04439E-4 1.04422E-4 1.32426E-4 1.76038E-4 2.31654E-4 2.4355E-4 1.61419E-4 1.90428E-4 1.38359E-4 9.7508E-5 1.30588E-4 1.14818E-4 1.12547E-4 1.17165E-4 1.11302E-4 9.6773E-5 1.06817E-4 8.5659E-5 1.18998E-4 7.8802E-5 1.10185E-4 1.01627E-4 1.18938E-4 1.10896E-4 1.08673E-4 1.36487E-4 1.0334E-4 1.30179E-4 9.8438E-5 1.16233E-4 2.0821E-4 1.83024E-4 1.87955E-4 1.03271E-4 8.8993E-5 9.307E-5 8.2846E-5 9.6514E-5 1.10883E-4 1.07644E-4 1.03542E-4 9.3902E-5 8.8158E-5 8.8825E-5 8.9367E-5 8.402E-5 9.6714E-5 9.3556E-5 9.5542E-5 7.4335E-5 9.0913E-5 1.01527E-4 1.07896E-4 8.7953E-5 8.8138E-5 1.08894E-4 1.04235E-4 8.3465E-5 7.8681E-5 1.04817E-4 9.4083E-5 8.9246E-5 1.12088E-4 8.8217E-5 1.24803E-4 8.1684E-5 9.6582E-5 9.0693E-5 1.00277E-4 8.867E-5 6.8299E-5 9.3177E-5 9.2405E-5 7.9321E-5 8.27E-5 1.05509E-4 9.4663E-5 8.1344E-5 8.4817E-5 1.22605E-4 1.06264E-4 1.00944E-4 1.06272E-4 1.02177E-4 1.13538E-4 1.06534E-4 8.1122E-5 7.3616E-5 9.7527E-5 1.04801E-4 1.10675E-4 9.761E-5 1.30676E-4 9.2466E-5 1.13921E-4 1.01058E-4 1.28561E-4 1.13272E-4 1.23947E-4 1.29686E-4 1.30763E-4 1.0456E-4 1.22785E-4 1.10933E-4 9.9733E-5 9.8194E-5 1.05659E-4 1.25699E-4 1.12906E-4 1.05967E-4 1.43536E-4 2.49988E-4 1.90872E-4 1.48847E-4 1.68673E-4 1.05924E-4 1.04562E-4 9.071E-5 1.06415E-4 8.5212E-5 2.07455E-4 1.06516E-4 1.28007E-4 1.38835E-4 1.2205E-4 1.4395E-4 1.73969E-4 1.55456E-4 1.32831E-4 1.3313E-4 1.03622E-4 1.46403E-4 1.43544E-4 1.44821E-4 8.2609E-5 9.5576E-5 9.6631E-5 1.15827E-4 1.17554E-4 1.6965E-4 1.30083E-4 1.38272E-4 1.8152E-4 1.74084E-4 1.06601E-4 8.3294E-5 1.12665E-4 9.5887E-5 1.49314E-4 1.18878E-4 1.48069E-4 1.02619E-4 1.01719E-4 2.0183E-4 1.03435E-4 1.21696E-4 1.26874E-4 1.01435E-4 9.6527E-5 1.27953E-4 1.32903E-4 1.07344E-4 1.17165E-4 8.8994E-5 1.18669E-4 8.6455E-5 1.2813E-4 9.7082E-5 1.07501E-4 9.4477E-5 7.4229E-5 9.8269E-5 9.8602E-5 8.5254E-5 8.7176E-5 1.11697E-4 8.9937E-5 8.4396E-5 8.2854E-5 1.22521E-4 1.06956E-4 1.0847E-4 1.07483E-4 1.07014E-4 1.05902E-4 1.13103E-4 9.4001E-5 8.9583E-5 1.06684E-4 1.08301E-4 1.22615E-4 2.16224E-4 2.05732E-4 1.97213E-4 1.10013E-4 8.4365E-5 9.208E-5 9.3925E-5 1.02515E-4 1.06103E-4 9.7875E-5 8.9204E-5 1.1338E-4 1.06496E-4 9.1908E-5 9.7676E-5 1.03369E-4 9.557E-5 7.2484E-5 7.6577E-5 1.0729E-4 9.9972E-5 1.4676E-4 1.12008E-4 8.5454E-5 9.271E-5 9.3291E-5 7.8343E-5 1.14055E-4 7.7768E-5 1.1142E-4 9.5248E-5 1.07533E-4 1.02139E-4 8.3883E-5 1.13112E-4 1.47662E-4 1.70559E-4 1.44814E-4 1.21364E-4 1.06464E-4 9.779E-5 9.145E-5 9.0765E-5 7.7392E-5 1.07574E-4 9.9529E-5 1.0689E-4 9.9627E-5 1.23511E-4 1.17217E-4 1.01343E-4 1.07466E-4 9.5479E-5 9.2998E-5 8.5047E-5 9.917E-5 9.3232E-5 9.9125E-5 9.0683E-5 9.3043E-5 1.10854E-4 1.05058E-4 8.8072E-5 8.1022E-5 1.22535E-4 1.13033E-4 1.02317E-4 8.9426E-5 1.19677E-4 1.06956E-4 9.5299E-5 1.0268E-4 8.4911E-5 1.08095E-4 7.5773E-5 9.9095E-5 8.307E-5 1.08685E-4 9.6117E-5 8.2486E-5 1.07614E-4 1.00638E-4 8.2472E-5 8.9295E-5 9.9459E-5 8.9544E-5 7.424E-5 8.663E-5 1.09565E-4 1.43386E-4 1.25826E-4 1.23724E-4 1.27431E-4 2.26691E-4 2.84512E-4 1.68533E-4 1.38349E-4 1.07584E-4 2.54982E-4 1.8962E-4 3.00899E-4 1.78047E-4 1.3003E-4 1.38845E-4 1.27744E-4 1.50546E-4 1.63247E-4 1.8632E-4 1.53237E-4 1.17748E-4 1.07889E-4 1.35294E-4 2.79281E-4 1.67528E-4 1.07763E-4 1.17385E-4 9.9142E-5 1.01344E-4 1.76997E-4 2.20611E-4 1.44699E-4 1.21161E-4 1.46943E-4 1.19781E-4 8.7878E-5 9.8606E-5 8.2217E-5 1.24185E-4 8.1599E-5 1.07226E-4 9.4664E-5 1.14914E-4 1.0378E-4 8.3459E-5 1.15222E-4 1.09476E-4 1.11808E-4 9.3714E-5 8.7372E-5 8.9731E-5 9.313E-5 9.5419E-5 9.4469E-5 7.8397E-5 9.5188E-5 9.9424E-5 1.05003E-4 9.6855E-5 1.05715E-4 1.10385E-4 9.8608E-5 9.0073E-5 8.8131E-5 8.9938E-5 1.09187E-4 1.21483E-4 2.34307E-4 1.96515E-4 1.39738E-4 1.09961E-4 1.47554E-4 1.71791E-4 1.99463E-4 1.82614E-4 2.92507E-4 1.97763E-4 1.52524E-4 8.8357E-5 1.12506E-4 9.8531E-5 8.8814E-5 1.01801E-4 9.3969E-5 1.13258E-4 9.0468E-5 1.01916E-4 8.6565E-5 1.0021E-4 9.179E-5 7.1646E-5 1.36458E-4 1.80925E-4 1.53914E-4 1.23379E-4 1.58242E-4 1.4983E-4 8.6608E-5 8.9236E-5 1.11176E-4 1.60116E-4 1.48432E-4 1.58407E-4 1.54152E-4 1.67371E-4 1.61829E-4 9.0896E-5 7.6912E-5 9.7252E-5 1.01497E-4 9.083E-5 8.3071E-5 8.9859E-5 8.1696E-5 1.0232E-4 7.8796E-5 8.8188E-5 1.56162E-4 1.92258E-4 1.36122E-4 1.12919E-4 1.12575E-4 1.27641E-4 1.26341E-4 1.26617E-4 1.07606E-4 1.35294E-4 1.32558E-4 8.9738E-5 9.8625E-5 1.28737E-4 1.14066E-4 1.06168E-4 1.10982E-4 2.18304E-4 3.41169E-4 4.39478E-4 2.22284E-4 1.77443E-4 1.35155E-4 1.78198E-4 1.55723E-4 1.63138E-4 2.11533E-4 1.71597E-4 2.02321E-4 1.87498E-4 2.00177E-4 1.70482E-4 1.3827E-4 1.51393E-4 1.66238E-4 1.59714E-4 1.5107E-4 1.97597E-4 1.12088E-4 9.5399E-5 2.17437E-4 1.26921E-4 1.65487E-4 1.82654E-4 1.6544E-4 1.53196E-4 1.07533E-4 1.52325E-4 1.83054E-4 1.3093E-4 1.75039E-4 1.87756E-4 8.938E-5 9.8548E-5 1.32593E-4 1.08103E-4 1.00957E-4 1.36508E-4 1.2701E-4 1.36884E-4 1.10519E-4 1.42772E-4 2.20664E-4 2.51451E-4 1.48632E-4 2.67535E-4 1.61874E-4 1.25052E-4 1.79897E-4 3.06107E-4 1.15692E-4 1.44133E-4 1.08305E-4 1.46925E-4 1.57288E-4 1.72728E-4 1.08697E-4 1.58231E-4 2.15653E-4 1.70149E-4 9.2143E-5 9.7382E-5 1.33297E-4 1.34279E-4 1.5637E-4 1.55703E-4 1.35931E-4 1.28417E-4 1.29917E-4 1.57714E-4 9.9579E-5 1.18187E-4 1.10676E-4 1.00439E-4 9.7638E-5 9.7577E-5 8.6464E-5 1.09057E-4 8.5578E-5 9.669E-5 1.15648E-4 1.12021E-4 1.13131E-4 1.06695E-4 1.0076E-4 1.20681E-4 1.1164E-4 9.6429E-5 1.04238E-4 1.11154E-4 1.16294E-4 7.8542E-5 8.3011E-5 1.16348E-4 1.02071E-4 1.08037E-4 1.09411E-4 9.7521E-5 8.3445E-5 9.3214E-5 8.3956E-5 1.14682E-4 7.7486E-5 1.01271E-4 1.03014E-4 1.18352E-4 1.3135E-4 1.36905E-4 2.03644E-4 2.9766E-4 1.76006E-4 1.12672E-4 8.3862E-5 1.04721E-4 1.00281E-4 9.5186E-5 1.02972E-4 8.7815E-5 1.11125E-4 9.8518E-5 1.07833E-4 1.02125E-4 1.10769E-4 1.06697E-4 9.6414E-5 8.901E-5 8.8884E-5 8.9364E-5 8.0519E-5 1.45834E-4 1.03814E-4 1.37558E-4 1.42989E-4 1.15732E-4 1.03858E-4 1.55901E-4 9.0365E-5 7.8691E-5 1.17885E-4 1.08814E-4 2.02E-4 8.5813E-5 1.53148E-4 1.23015E-4 1.56074E-4 1.24433E-4 1.207E-4 1.23023E-4 1.25118E-4 1.0128E-4 8.3834E-5 9.988E-5 1.88798E-4 2.04499E-4 1.50683E-4 1.1682E-4 9.7415E-5 1.08283E-4 1.17311E-4 1.0434E-4 9.4076E-5 9.8458E-5 1.36346E-4 1.2083E-4 1.22434E-4 1.2914E-4 1.18039E-4 1.21854E-4 1.80038E-4 1.30382E-4 8.9147E-5 1.53004E-4 3.69545E-4 4.49184E-4 1.47081E-4 1.57254E-4 1.26449E-4 1.85946E-4 1.76798E-4 1.53426E-4 1.67404E-4 1.92609E-4 1.86381E-4 1.98707E-4 1.95541E-4 2.34369E-4 2.20838E-4 1.91363E-4 2.04069E-4 1.8199E-4 1.76946E-4 1.28484E-4 1.17261E-4 1.27023E-4 1.20764E-4 1.43951E-4 1.16173E-4 1.00839E-4 1.01571E-4 1.47836E-4 9.3341E-5 1.21474E-4 8.9397E-5 1.07612E-4 1.12535E-4 1.21799E-4 1.18476E-4 8.8695E-5 1.13591E-4 1.05102E-4 1.18508E-4 1.14548E-4 1.20825E-4 1.21614E-4 1.24298E-4 1.21926E-4 1.0146E-4 1.39948E-4 1.77217E-4 1.24754E-4 1.07765E-4 1.11869E-4 1.53133E-4 1.9301E-4 1.61905E-4 1.10013E-4 1.07107E-4 1.01614E-4 9.2436E-5 1.22237E-4 1.14841E-4 1.24087E-4 1.03064E-4 1.45354E-4 1.52388E-4 1.33546E-4 9.3511E-5 8.0212E-5 1.16788E-4 1.1178E-4 9.0632E-5 8.4524E-5 1.13825E-4 1.05087E-4 9.598E-5 1.03175E-4 1.02272E-4 1.13863E-4 9.4705E-5 1.02568E-4 8.9884E-5 1.25872E-4 1.15983E-4 8.0159E-5 9.6446E-5 9.3841E-5 8.0372E-5 8.6873E-5 1.00591E-4 9.4048E-5 8.8574E-5 8.3414E-5 1.08481E-4 9.9516E-5 1.03141E-4 1.30015E-4 1.17446E-4 1.18265E-4 1.2866E-4 9.6577E-5 7.6945E-5 9.5475E-5 1.05791E-4 9.4919E-5 8.0709E-5 9.0737E-5 8.3719E-5 1.03274E-4 7.7812E-5 8.1603E-5 8.9119E-5 1.01764E-4 1.26218E-4 1.07007E-4 1.11266E-4 1.51076E-4 1.16839E-4 1.02105E-4 1.31623E-4 1.6592E-4 1.12999E-4 8.0873E-5 7.7885E-5 1.09336E-4 1.02902E-4 1.04899E-4 1.12542E-4 9.2847E-5 8.7808E-5 9.7385E-5 7.9063E-5 1.00093E-4 7.5142E-5 1.10078E-4 9.51E-5 1.05512E-4 1.02466E-4 9.127E-5 1.0564E-4 8.8122E-5 1.62287E-4 1.33979E-4 2.71195E-4 1.92587E-4 1.34229E-4 1.04632E-4 1.0483E-4 9.318E-5 1.14989E-4 1.02814E-4 1.14175E-4 1.13161E-4 1.19821E-4 1.16447E-4 1.16296E-4 9.6976E-5 1.05378E-4 1.04795E-4 9.1616E-5 1.13319E-4 1.03957E-4 1.13053E-4 8.5198E-5 1.05684E-4 1.06642E-4 1.04659E-4 1.00304E-4 8.6233E-5 1.09819E-4 1.0927E-4 1.34653E-4 1.0168E-4 1.15901E-4 1.6832E-4 1.05557E-4 1.68774E-4 1.86652E-4 1.44878E-4 9.4526E-5 1.09758E-4 1.055E-4 1.20375E-4 1.04701E-4 8.1606E-5 1.03826E-4 9.8839E-5 8.836E-5 1.11631E-4 1.1478E-4 1.00312E-4 9.3108E-5 1.06321E-4 1.22669E-4 1.33789E-4 1.5494E-4 1.36836E-4 2.36392E-4 2.33742E-4 2.48084E-4 1.48006E-4 1.16416E-4 1.7379E-4 1.11645E-4 1.11483E-4 1.90831E-4 1.51676E-4 9.3951E-5 1.29144E-4 8.4968E-5 1.00742E-4 1.27283E-4 1.22863E-4 1.47588E-4 2.25126E-4 1.99484E-4 1.39748E-4 1.18453E-4 1.24163E-4 1.62203E-4 1.41933E-4 1.22012E-4 1.85029E-4 1.4107E-4 1.33664E-4 1.08732E-4 1.05311E-4 1.05399E-4 1.15557E-4 9.9694E-5 1.1119E-4 8.6896E-5 1.03827E-4 7.1417E-5 1.07319E-4 9.9672E-5 1.25044E-4 1.0512E-4 9.1318E-5 1.00765E-4 9.3162E-5 1.12482E-4 9.4361E-5 7.86E-5 9.7707E-5 1.18099E-4 9.4647E-5 9.4191E-5 9.6149E-5 1.32973E-4 2.09024E-4 2.71083E-4 2.47962E-4 1.31808E-4 1.14996E-4 1.06483E-4 9.5652E-5 1.02484E-4 1.38665E-4 1.7315E-4 1.55255E-4 9.9974E-5 1.05675E-4 8.6281E-5 1.0365E-4 9.3792E-5 9.314E-5 8.3199E-5 8.4331E-5 1.05079E-4 1.08904E-4 9.42E-5 8.76E-5 1.39115E-4 1.06435E-4 9.3135E-5 1.00823E-4 8.5048E-5 1.06411E-4 8.6797E-5 1.0913E-4 9.2089E-5 1.05136E-4 1.25952E-4 1.05394E-4 1.33653E-4 1.21911E-4 1.13845E-4 1.17368E-4 1.27129E-4 1.32889E-4 9.4641E-5 1.1324E-4 1.62872E-4 2.21538E-4 1.42081E-4 1.344E-4 4.81359E-4 3.13213E-4 2.27867E-4 1.65594E-4 1.30195E-4 1.50517E-4 1.78691E-4 1.99201E-4 1.43603E-4 1.58634E-4 1.46879E-4 1.67411E-4 1.47364E-4 1.81253E-4 1.742E-4 1.38705E-4 1.21309E-4 1.05784E-4 1.07552E-4 1.3649E-4 1.20213E-4 1.05242E-4 1.08554E-4 1.17145E-4 9.984E-5 8.0581E-5 8.7702E-5 1.24943E-4 1.36456E-4 1.48858E-4 2.70874E-4 2.04592E-4 1.93148E-4 1.53472E-4 2.80051E-4 2.06147E-4 7.5924E-5 1.01936E-4 9.0518E-5 1.03432E-4 1.44549E-4 1.39875E-4 2.41188E-4 1.46752E-4 1.22332E-4 9.2793E-5 1.10326E-4 1.91563E-4 1.69128E-4 1.12619E-4 1.61761E-4 1.71187E-4 1.02659E-4 8.8098E-5 1.03587E-4 9.4011E-5 1.02452E-4 1.02396E-4 9.1089E-5 8.9147E-5 1.12963E-4 1.17326E-4 1.13602E-4 1.21174E-4 1.09629E-4 1.00059E-4 8.8517E-5 9.5566E-5 9.8112E-5 9.2368E-5 8.7483E-5 7.4058E-5 1.02394E-4 1.00625E-4 9.6866E-5 7.8854E-5 1.05043E-4 9.4082E-5 9.4428E-5 1.0368E-4 9.1821E-5 1.04847E-4 8.5507E-5 9.8514E-5 8.0975E-5 1.06474E-4 9.426E-5 7.9726E-5 1.03024E-4 1.02859E-4 8.6945E-5 9.3465E-5 1.00587E-4 9.4211E-5 8.1388E-5 7.9642E-5 1.1238E-4 1.12167E-4 1.59564E-4 1.67655E-4 1.60331E-4 1.68409E-4 1.50351E-4 1.38586E-4 1.30597E-4 1.6136E-4 1.74113E-4 1.54264E-4 1.32283E-4 1.50624E-4 1.70946E-4 1.84917E-4 1.79614E-4 1.50681E-4 2.09964E-4 1.83936E-4 1.86098E-4 1.44603E-4 1.91841E-4 1.95681E-4 2.25648E-4 2.77902E-4 1.87533E-4 1.68168E-4 1.50425E-4 2.42701E-4 8.4929E-5 1.20829E-4 1.11522E-4 1.11016E-4 1.09579E-4 1.05037E-4 9.3524E-5 9.3853E-5 8.8186E-5 1.09851E-4 8.2641E-5 1.13086E-4 9.3927E-5 1.15413E-4 1.44286E-4 1.32573E-4 1.17495E-4 1.00153E-4 1.12157E-4 9.8496E-5 1.08193E-4 1.67397E-4 1.03019E-4 1.10647E-4 1.27619E-4 1.07157E-4 1.08045E-4 9.6103E-5 1.17484E-4 1.03394E-4 1.27321E-4 1.45717E-4 1.26965E-4 1.13608E-4 1.08168E-4 1.03029E-4 8.6212E-5 1.41018E-4 1.18749E-4 2.85217E-4 1.5064E-4 1.38792E-4 1.28177E-4 1.15813E-4 1.04519E-4 8.5772E-5 1.40321E-4 1.27319E-4 1.14428E-4 8.6774E-5 1.0985E-4 9.7559E-5 1.12736E-4 1.04298E-4 9.5791E-5 1.10136E-4 1.26829E-4 1.18995E-4 9.3707E-5 1.0855E-4 1.01571E-4 7.2233E-5 9.4485E-5 9.2191E-5 7.7315E-5 8.6863E-5 1.07951E-4 8.9425E-5 7.195E-5 6.7807E-5 1.01929E-4 9.2982E-5 9.8732E-5 1.32235E-4 1.33537E-4 1.2582E-4 9.8217E-5 7.4996E-5 6.991E-5 9.0502E-5 9.9323E-5 9.788E-5 1.17818E-4 1.10321E-4 9.5793E-5 1.78855E-4 1.79593E-4 9.8896E-5 9.4288E-5 1.07062E-4 1.17176E-4 1.07899E-4 8.9607E-5 1.12499E-4 9.9353E-5 8.8881E-5 1.12305E-4 1.18394E-4 1.67812E-4 7.6117E-5 6.978E-5 1.08743E-4 9.8671E-5 9.8285E-5 1.1044E-4 8.5414E-5 9.1898E-5 1.02489E-4 8.8066E-5 1.11647E-4 7.498E-5 1.30743E-4 9.5222E-5 1.02019E-4 1.04962E-4 7.9693E-5 1.13125E-4 1.01228E-4 1.09231E-4 9.1426E-5 7.8798E-5 8.8878E-5 8.7826E-5 9.2231E-5 8.8282E-5 7.706E-5 9.2973E-5 8.2576E-5 9.6995E-5 8.6946E-5 1.01136E-4 1.12307E-4 9.2129E-5 8.5865E-5 1.26376E-4 1.09781E-4 2.15807E-4 1.77834E-4 1.81189E-4 1.01542E-4 8.8296E-5 9.5756E-5 8.9659E-5 9.3265E-5 9.2868E-5 8.2383E-5 1.13588E-4 1.15697E-4 9.3848E-5 7.8946E-5 1.08561E-4 1.36319E-4 9.4861E-5 1.0079E-4 8.636E-5 1.01238E-4 8.0317E-5 9.4615E-5 7.715E-5 9.4497E-5 8.1553E-5 6.5761E-5 9.228E-5 1.05547E-4 9.0379E-5 8.8034E-5 1.04394E-4 9.4308E-5 7.2325E-5 6.7828E-5 1.01372E-4 1.03864E-4 1.0808E-4 1.06969E-4 1.03815E-4 1.26393E-4 9.6142E-5 8.7652E-5 7.5571E-5 9.3226E-5 1.00074E-4 8.4041E-5 8.7362E-5 1.068E-4 8.2633E-5 1.04077E-4 8.2063E-5 8.1467E-5 9.4992E-5 1.42838E-4 1.21868E-4 1.18576E-4 1.04433E-4 1.5337E-4 1.00926E-4 1.00302E-4 9.6434E-5 1.01634E-4 9.1489E-5 6.8376E-5 7.0642E-5 1.11647E-4 1.89999E-4 1.73374E-4 1.53058E-4 3.02049E-4 2.75273E-4 1.0988E-4 9.229E-5 1.23234E-4 8.1768E-5 1.18088E-4 1.80141E-4 1.54211E-4 1.20222E-4 8.9451E-5 1.03339E-4 1.01978E-4 1.48484E-4 1.06899E-4 8.0833E-5 8.9532E-5 8.3929E-5 9.2162E-5 9.2777E-5 8.5043E-5 1.1368E-4 1.02193E-4 1.21117E-4 8.5711E-5 9.3436E-5 1.01363E-4 9.0941E-5 8.8E-5 7.8917E-5 9.1437E-5 9.0063E-5 1.05819E-4 1.04781E-4 1.23814E-4 9.7889E-5 9.7539E-5 9.2761E-5 9.2429E-5 1.0652E-4 1.06532E-4 1.20788E-4 1.16008E-4 8.6772E-5 7.8639E-5 1.06227E-4 9.5365E-5 8.4161E-5 9.9008E-5 8.4077E-5 9.3215E-5 7.5771E-5 9.2132E-5 7.6389E-5 1.2538E-4 8.7442E-5 6.7591E-5 9.1535E-5 8.9491E-5 7.3797E-5 7.8912E-5 9.0207E-5 8.5591E-5 6.733E-5 6.4129E-5 9.5215E-5 8.0432E-5 9.2522E-5 9.6427E-5 9.3269E-5 9.8896E-5 8.2249E-5 7.2279E-5 6.525E-5 8.5754E-5 9.0626E-5 7.7518E-5 8.8758E-5 8.7851E-5 7.6732E-5 8.859E-5 8.59E-5 1.0187E-4 8.4414E-5 9.4183E-5 9.3171E-5 2.07932E-4 1.32485E-4 1.34446E-4 1.15008E-4 1.39565E-4 1.70816E-4 1.46061E-4 9.3381E-5 6.9177E-5 6.7021E-5 1.38596E-4 9.5738E-5 1.25746E-4 1.28068E-4 1.08767E-4 8.3538E-5 8.6306E-5 8.4942E-5 9.8822E-5 7.8856E-5 1.00244E-4 9.9976E-5 1.0059E-4 1.04209E-4 8.0497E-5 9.7289E-5 9.3679E-5 9.8254E-5 8.6368E-5 7.23E-5 8.7065E-5 9.1494E-5 1.01563E-4 8.9403E-5 8.0275E-5 8.8733E-5 9.0657E-5 9.6404E-5 8.078E-5 9.705E-5 1.03649E-4 8.9417E-5 8.3889E-5 7.4552E-5 8.7042E-5 7.2026E-5 8.8394E-5 8.4788E-5 9.3081E-5 6.8986E-5 8.6235E-5 1.2307E-4 9.6212E-5 8.8359E-5 7.4926E-5 1.08647E-4 1.03267E-4 9.6137E-5 7.5017E-5 1.04747E-4 9.1577E-5 8.1061E-5 1.09632E-4 8.8134E-5 1.02581E-4 8.1921E-5 9.5271E-5 8.3569E-5 1.0156E-4 8.5178E-5 6.5935E-5 8.909E-5 9.4169E-5 7.7247E-5 8.4477E-5 8.9993E-5 8.3967E-5 6.898E-5 1.41725E-4 1.02346E-4 9.4278E-5 1.4723E-4 1.34855E-4 1.21183E-4 1.21125E-4 1.60286E-4 1.89526E-4 1.62491E-4 1.04813E-4 1.05681E-4 8.4591E-5 9.8302E-5 8.6602E-5 7.6807E-5 8.6839E-5 8.1194E-5 8.8094E-5 1.16914E-4 1.03192E-4 1.41948E-4 1.04757E-4 8.7933E-5 1.11349E-4 1.07009E-4 9.3042E-5 1.05301E-4 1.11822E-4 8.8723E-5 6.6557E-5 6.537E-5 9.8994E-5 9.1274E-5 9.3299E-5 1.14899E-4 1.80124E-4 9.7362E-5 9.0768E-5 7.5431E-5 9.7875E-5 6.9521E-5 1.03694E-4 9.8829E-5 1.16555E-4 9.6256E-5 7.8994E-5 1.06049E-4 9.701E-5 1.91285E-4 1.1397E-4 8.5776E-5 8.8984E-5 8.4396E-5 8.8339E-5 8.0973E-5 7.3369E-5 8.703E-5 8.0022E-5 9.3867E-5 9.4971E-5 1.02828E-4 1.00331E-4 9.0253E-5 9.645E-5 7.8188E-5 8.9598E-5 7.3698E-5 9.0814E-5 8.2639E-5 9.2963E-5 6.9623E-5 8.4344E-5 8.4854E-5 8.4363E-5 7.5057E-5 6.6008E-5 9.5179E-5 8.9255E-5 7.7359E-5 6.797E-5 9.6193E-5 8.4688E-5 7.7239E-5 8.8715E-5 7.8733E-5 9.5901E-5 7.4881E-5 8.7329E-5 7.1559E-5 1.03281E-4 9.7512E-5 1.06847E-4 1.48258E-4 1.42077E-4 2.26783E-4 2.58171E-4 2.10308E-4 1.82498E-4 9.0969E-5 8.4429E-5 1.11241E-4 9.1427E-5 1.02214E-4 1.03151E-4 1.14183E-4 1.18735E-4 9.1084E-5 7.5677E-5 7.3293E-5 9.191E-5 1.04433E-4 8.1293E-5 7.1796E-5 9.0682E-5 8.3388E-5 9.09E-5 9.4034E-5 8.078E-5 9.7533E-5 1.13143E-4 1.07147E-4 9.9592E-5 1.18264E-4 1.2103E-4 1.18698E-4 1.04374E-4 1.5168E-4 1.86311E-4 1.80232E-4 9.9547E-5 7.2619E-5 1.2175E-4 1.05564E-4 1.14002E-4 9.8072E-5 9.434E-5 8.5895E-5 1.06244E-4 8.9147E-5 1.11381E-4 8.2592E-5 1.11671E-4 1.47428E-4 1.66817E-4 1.66877E-4 1.27499E-4 1.76064E-4 1.48759E-4 1.45676E-4 1.60192E-4 1.32906E-4 1.3905E-4 1.39277E-4 1.44578E-4 1.0301E-4 1.28379E-4 1.52553E-4 1.28884E-4 1.54735E-4 1.42935E-4 1.47322E-4 1.81094E-4 1.61347E-4 1.49522E-4 1.39903E-4 1.48237E-4 8.7698E-5 1.01848E-4 8.7245E-5 9.8606E-5 7.9919E-5 9.5252E-5 1.01616E-4 1.03069E-4 1.34857E-4 7.2489E-5 1.15496E-4 1.69469E-4 9.2299E-5 1.18769E-4 1.18358E-4 9.7612E-5 8.5445E-5 1.06806E-4 1.35317E-4 1.20882E-4 1.07278E-4 1.0564E-4 8.6329E-5 9.9612E-5 8.1344E-5 7.7679E-5 1.04661E-4 1.08201E-4 1.0828E-4 1.04555E-4 1.34814E-4 1.1644E-4 2.17076E-4 2.47682E-4 1.23784E-4 1.16762E-4 1.16184E-4 1.08094E-4 1.16018E-4 2.11862E-4 1.22555E-4 1.03838E-4 8.8717E-5 1.03346E-4 1.0452E-4 9.3358E-5 8.6567E-5 1.15901E-4 8.4112E-5 9.1817E-5 8.3656E-5 8.9142E-5 1.59244E-4 1.79783E-4 1.32872E-4 1.06854E-4 1.00104E-4 1.15208E-4 1.07567E-4 9.5561E-5 1.10556E-4 1.38028E-4 9.8064E-5 8.3943E-5 7.5626E-5 1.0857E-4 9.6185E-5 1.01968E-4 1.12153E-4 1.10907E-4 8.2021E-5 9.3585E-5 7.7673E-5 9.8289E-5 7.0894E-5 1.00205E-4 8.6284E-5 1.08786E-4 9.2425E-5 8.2109E-5 9.4913E-5 9.9984E-5 1.03198E-4 9.9558E-5 7.7879E-5 9.5773E-5 8.9784E-5 9.1255E-5 7.8735E-5 7.6993E-5 8.7548E-5 9.3623E-5 1.10195E-4 9.0907E-5 9.2284E-5 1.10093E-4 9.0767E-5 8.831E-5 7.6476E-5 8.5634E-5 6.8551E-5 8.8641E-5 8.387E-5 9.6035E-5 1.00273E-4 8.8999E-5 8.5507E-5 1.14721E-4 9.9179E-5 9.5663E-5 1.41586E-4 1.59601E-4 2.02119E-4 1.36894E-4 1.15958E-4 9.6351E-5 8.3616E-5 9.5928E-5 8.1708E-5 9.2223E-5 7.5334E-5 1.02024E-4 1.45098E-4 1.5052E-4 9.8007E-5 7.3952E-5 1.08716E-4 9.0229E-5 8.7079E-5 8.53E-5 9.3766E-5 8.8271E-5 7.2244E-5 7.0278E-5 1.13319E-4 8.9019E-5 9.5635E-5 1.11145E-4 1.63463E-4 1.12898E-4 1.14361E-4 8.5674E-5 7.7707E-5 1.15898E-4 1.02175E-4 9.0377E-5 7.9074E-5 9.1634E-5 8.981E-5 9.5027E-5 7.9927E-5 9.2373E-5 1.02947E-4 1.10064E-4 1.1388E-4 9.5888E-5 9.0366E-5 1.14788E-4 1.19877E-4 8.3085E-5 9.3665E-5 1.45969E-4 8.915E-5 7.5977E-5 6.8271E-5 1.10879E-4 1.20814E-4 1.40412E-4 1.06877E-4 1.39037E-4 9.9292E-5 1.04953E-4 1.00532E-4 1.09908E-4 7.4059E-5 1.24314E-4 1.11659E-4 1.1176E-4 1.15979E-4 5.6068E-5 1.4346E-4 1.61564E-4 2.21278E-4 1.64456E-4 1.73081E-4 9.4568E-5 9.8196E-5 9.9213E-5 8.1128E-5 7.7418E-5 9.0901E-5 8.5393E-5 1.01671E-4 8.753E-5 1.46473E-4 1.13743E-4 9.9628E-5 9.1201E-5 8.0365E-5 9.4507E-5 8.3772E-5 1.1237E-4 9.6145E-5 1.17905E-4 9.5191E-5 1.0651E-4 1.15732E-4 1.00578E-4 1.18418E-4 1.37769E-4 1.46361E-4 1.42225E-4 8.9632E-5 7.4386E-5 1.18156E-4 1.10104E-4 9.5353E-5 1.1083E-4 9.0023E-5 1.03008E-4 1.02745E-4 1.28128E-4 1.51104E-4 1.14547E-4 1.25659E-4 8.1932E-5 1.3075E-4 9.3753E-5 9.2312E-5 1.0817E-4 1.13023E-4 9.3296E-5 7.4714E-5 7.0519E-5 1.0483E-4 8.8684E-5 9.7585E-5 1.29876E-4 1.29736E-4 1.22626E-4 9.2341E-5 7.9747E-5 7.2427E-5 9.1162E-5 1.00642E-4 8.423E-5 7.1051E-5 1.00398E-4 8.7966E-5 1.19285E-4 8.8082E-5 8.8084E-5 9.8059E-5 1.05114E-4 1.09131E-4 1.21074E-4 1.68797E-4 1.36803E-4 1.06241E-4 9.038E-5 5.7809E-5 1.26294E-4 9.1222E-5 7.8278E-5 7.6836E-5 1.2202E-4 1.10713E-4 1.17698E-4 1.38645E-4 1.29254E-4 9.2844E-5 9.5825E-5 8.0708E-5 1.35174E-4 9.6007E-5 1.33292E-4 1.16076E-4 1.27067E-4 1.11832E-4 8.8938E-5 1.1884E-4 1.01716E-4 1.12534E-4 1.02403E-4 8.297E-5 8.7445E-5 8.7319E-5 9.9752E-5 9.6635E-5 8.1561E-5 9.2614E-5 8.9301E-5 1.02555E-4 8.9883E-5 1.03531E-4 1.56709E-4 1.20964E-4 9.1345E-5 1.3067E-4 1.16375E-4 1.35694E-4 2.18592E-4 2.37769E-4 1.30936E-4 8.0261E-5 9.538E-5 9.4624E-5 9.3628E-5 8.5359E-5 7.2574E-5 1.05049E-4 9.5626E-5 8.471E-5 7.4163E-5 1.05634E-4 9.6498E-5 8.4384E-5 9.7352E-5 1.00031E-4 1.02518E-4 8.595E-5 1.10945E-4 8.9126E-5 1.65139E-4 1.46074E-4 1.2037E-4 1.65225E-4 1.33167E-4 1.21746E-4 2.97179E-4 1.80095E-4 1.15334E-4 8.5169E-5 1.19643E-4 1.59585E-4 1.35591E-4 1.62669E-4 1.61468E-4 1.56651E-4 1.56244E-4 1.83818E-4 1.33983E-4 1.64271E-4 1.17265E-4 1.68128E-4 1.42084E-4 1.13181E-4 1.4424E-4 1.20576E-4 1.46972E-4 1.34934E-4 1.37085E-4 1.44119E-4 1.59932E-4 1.49826E-4 2.40062E-4 1.23617E-4 1.78819E-4 3.25531E-4 3.83118E-4 1.17409E-4 1.20925E-4 9.5811E-5 1.37106E-4 1.01694E-4 1.21622E-4 1.1125E-4 1.13805E-4 9.8716E-5 9.8485E-5 9.5249E-5 1.08215E-4 8.3623E-5 1.1651E-4 8.3304E-5 1.13652E-4 1.01943E-4 1.07583E-4 1.12375E-4 8.6715E-5 1.16205E-4 1.04274E-4 1.14231E-4 1.05813E-4 8.4518E-5 1.02901E-4 9.8992E-5 1.36294E-4 9.2602E-5 8.5921E-5 1.0744E-4 9.7624E-5 1.06472E-4 8.8732E-5 9.5309E-5 1.06348E-4 1.00395E-4 9.0233E-5 9.3402E-5 9.8543E-5 7.6513E-5 1.0547E-4 8.4607E-5 1.09777E-4 8.1171E-5 1.04741E-4 1.30227E-4 1.09892E-4 9.6474E-5 8.6714E-5 1.20841E-4 1.19476E-4 1.04476E-4 8.4651E-5 1.30667E-4 1.10596E-4 1.23882E-4 1.5548E-4 1.31189E-4 1.74007E-4 1.04859E-4 1.06943E-4 1.09084E-4 1.30105E-4 1.00754E-4 7.1323E-5 1.06499E-4 9.7675E-5 1.60019E-4 1.1493E-4 1.26718E-4 1.09325E-4 7.9433E-5 7.3396E-5 1.06689E-4 9.9327E-5 1.01232E-4 1.12131E-4 1.36726E-4 1.92816E-4 1.19628E-4 1.26593E-4 8.3873E-5 1.04627E-4 1.3748E-4 1.48444E-4 2.25013E-4 1.71493E-4 3.56E-4 2.2468E-4 1.50313E-4 1.32089E-4 1.69409E-4 4.20448E-4 2.43503E-4 1.97666E-4 1.70819E-4 2.32091E-4 1.61578E-4 1.34411E-4 1.46768E-4 1.93923E-4 1.37085E-4 1.16641E-4 1.12883E-4 1.72299E-4 1.51945E-4 1.45406E-4 1.65588E-4 1.59693E-4 2.04254E-4 2.93434E-4 1.33783E-4 1.19437E-4 8.4499E-5 1.14911E-4 9.3297E-5 1.06556E-4 1.08797E-4 8.7652E-5 1.04107E-4 1.03269E-4 1.04295E-4 1.00313E-4 9.0226E-5 9.9395E-5 8.7594E-5 1.04435E-4 8.4546E-5 8.0916E-5 8.976E-5 8.6237E-5 1.00276E-4 8.5972E-5 9.2052E-5 1.02792E-4 9.3556E-5 8.8389E-5 8.259E-5 9.3826E-5 7.1429E-5 9.3588E-5 8.0245E-5 1.00364E-4 7.5044E-5 9.4289E-5 9.2497E-5 1.69284E-4 2.07217E-4 2.65628E-4 1.46372E-4 1.23686E-4 9.8115E-5 9.3317E-5 1.65938E-4 1.26713E-4 1.45055E-4 1.6707E-4 1.13394E-4 1.21567E-4 1.13262E-4 1.77873E-4 1.7299E-4 1.70223E-4 2.13332E-4 1.53842E-4 1.88694E-4 2.36084E-4 1.55868E-4 2.19182E-4 5.19821E-4 2.2177E-4 1.44485E-4 1.43128E-4 2.70057E-4 2.12046E-4 2.34738E-4 2.40306E-4 1.71196E-4 1.79231E-4 1.55289E-4 1.29662E-4 9.4962E-5 1.10888E-4 1.13934E-4 9.8593E-5 8.7158E-5 1.0606E-4 9.5961E-5 1.08359E-4 9.7652E-5 1.05712E-4 1.11184E-4 1.18635E-4 1.13594E-4 9.599E-5 1.05854E-4 1.18483E-4 1.13477E-4 9.2847E-5 9.9749E-5 1.3661E-4 1.2437E-4 1.06124E-4 1.61413E-4 2.38703E-4 1.71504E-4 3.41054E-4 4.24929E-4 2.66716E-4 1.59295E-4 1.21541E-4 1.31631E-4 1.51443E-4 1.36134E-4 6.7892E-4 1.46575E-4 1.10191E-4 2.3196E-4 2.74253E-4 1.32086E-4 1.23582E-4 3.81567E-4 1.21454E-4 1.0349E-4 9.3861E-5 8.8903E-5 9.5349E-5 8.229E-5 8.2682E-5 9.2956E-5 8.7684E-5 1.4672E-4 1.46209E-4 1.96554E-4 2.69279E-4 1.34305E-4 1.02566E-4 9.6015E-5 1.01886E-4 9.3736E-5 1.25186E-4 9.7173E-5 1.13426E-4 9.6874E-5 1.08997E-4 1.10403E-4 1.17143E-4 1.0538E-4 7.6544E-5 1.22797E-4 1.04917E-4 1.06452E-4 9.0747E-5 1.31313E-4 1.18308E-4 1.12428E-4 1.77859E-4 1.14551E-4 1.08696E-4 8.9111E-5 1.10283E-4 1.1467E-4 1.2095E-4 9.7317E-5 8.7711E-5 1.94104E-4 2.82268E-4 1.25146E-4 8.9768E-5 1.44032E-4 1.03579E-4 8.7331E-5 8.9329E-5 1.21766E-4 9.2903E-5 1.02086E-4 1.12539E-4 1.05407E-4 1.07641E-4 9.0151E-5 9.0527E-5 7.5544E-5 9.5267E-5 1.12434E-4 8.4866E-5 7.1365E-5 9.343E-5 8.114E-5 9.0969E-5 7.8703E-5 9.0143E-5 1.03521E-4 1.18899E-4 1.07713E-4 8.1643E-5 9.0167E-5 1.16085E-4 9.7166E-5 7.3967E-5 7.7644E-5 1.19048E-4 8.1975E-5 7.1712E-5 7.2421E-5 1.07626E-4 9.7983E-5 1.06243E-4 1.09291E-4 1.58227E-4 9.3659E-5 1.07094E-4 8.2904E-5 1.10564E-4 7.5129E-5 1.1511E-4 1.04621E-4 1.10833E-4 1.05407E-4 9.392E-5 1.16191E-4 1.11563E-4 1.15316E-4 9.9909E-5 8.573E-5 9.3516E-5 9.5342E-5 9.9596E-5 8.5992E-5 8.3802E-5 9.495E-5 9.1047E-5 1.29908E-4 9.7957E-5 1.02697E-4 1.22533E-4 1.06671E-4 9.2832E-5 9.2659E-5 1.0009E-4 7.6231E-5 9.7512E-5 7.8692E-5 1.33387E-4 9.8978E-5 1.52516E-4 1.41638E-4 1.51506E-4 2.04044E-4 2.08372E-4 1.95416E-4 1.86577E-4 1.24876E-4 2.7389E-4 2.43503E-4 1.27719E-4 1.04068E-4 1.09223E-4 1.03679E-4 1.49404E-4 1.00476E-4 1.49771E-4 1.91497E-4 2.38651E-4 2.2505E-4 1.16619E-4 1.44111E-4 9.8726E-5 2.57875E-4 1.48423E-4 1.29638E-4 2.48047E-4 1.36707E-4 9.2448E-5 1.18823E-4 1.04742E-4 1.17783E-4 1.1441E-4 1.13545E-4 1.22615E-4 1.1693E-4 1.06433E-4 1.40856E-4 1.79607E-4 1.43619E-4 2.28635E-4 8.4679E-5 1.6773E-4 1.27464E-4 1.12595E-4 1.56683E-4 1.40791E-4 1.11214E-4 5.65488E-4 2.05655E-4 1.5187E-4 1.13043E-4 1.3135E-4 1.18323E-4 9.0956E-5 9.2319E-5 1.14331E-4 9.5924E-5 9.3571E-5 8.8197E-5 1.39421E-4 1.17142E-4 1.15477E-4 1.12526E-4 1.00648E-4 1.06351E-4 1.15505E-4 8.4551E-5 1.04648E-4 9.83E-5 1.24782E-4 2.00837E-4 2.92249E-4 1.37871E-4 8.3966E-5 1.19835E-4 1.08366E-4 1.14504E-4 1.00086E-4 8.7395E-5 1.02922E-4 9.2322E-5 1.16535E-4 9.5611E-5 9.0097E-5 1.06095E-4 1.1872E-4 1.12737E-4 1.07158E-4 1.10158E-4 1.20821E-4 1.13571E-4 1.13288E-4 9.3811E-5 1.11148E-4 8.5175E-5 1.12469E-4 1.30412E-4 1.7837E-4 1.2065E-4 1.41472E-4 1.64335E-4 1.48413E-4 1.44674E-4 1.39887E-4 1.89896E-4 1.79938E-4 1.55302E-4 1.32307E-4 1.85577E-4 1.63797E-4 1.4939E-4 1.61724E-4 2.72373E-4 2.06797E-4 1.38977E-4 3.08263E-4 1.65685E-4 1.39113E-4 1.26671E-4 8.4921E-5 1.14736E-4 9.838E-5 1.17984E-4 1.16102E-4 1.2724E-4 1.16404E-4 1.43842E-4 1.33643E-4 1.97171E-4 1.24931E-4 1.19922E-4 1.23546E-4 1.19514E-4 1.24937E-4 1.10341E-4 1.07866E-4 1.18868E-4 1.28084E-4 1.20887E-4 1.00192E-4 8.4598E-5 1.09876E-4 8.7413E-5 9.9775E-5 1.2277E-4 8.8125E-5 9.8718E-5 1.2524E-4 1.31101E-4 1.56163E-4 1.48284E-4 1.46569E-4 1.08305E-4 8.5433E-5 9.9162E-5 1.71839E-4 1.14729E-4 1.03955E-4 8.9129E-5 1.21983E-4 1.24092E-4 1.39435E-4 1.21088E-4 1.3258E-4 9.6688E-5 9.5148E-5 8.1391E-5 1.06553E-4 7.3522E-5 1.07582E-4 9.3528E-5 1.11097E-4 1.07368E-4 8.1378E-5 1.05914E-4 1.05301E-4 1.08316E-4 9.5685E-5 8.2197E-5 9.139E-5 8.8097E-5 9.681E-5 8.3175E-5 8.4425E-5 9.4017E-5 9.0159E-5 1.06041E-4 8.9313E-5 9.6162E-5 1.07652E-4 9.7821E-5 9.2376E-5 8.4979E-5 9.8585E-5 7.8082E-5 9.8253E-5 8.1178E-5 1.38843E-4 9.229E-5 1.51966E-4 1.49329E-4 1.29779E-4 1.46427E-4 1.10586E-4 1.59548E-4 1.21996E-4 1.00894E-4 7.8617E-5 1.12091E-4 9.9869E-5 9.0198E-5 1.05901E-4 8.6838E-5 1.71613E-4 1.34524E-4 1.23375E-4 8.6566E-5 1.04402E-4 1.21059E-4 8.0315E-5 1.03765E-4 8.3804E-5 8.6675E-5 1.02297E-4 1.33439E-4 1.02342E-4 8.7124E-5 7.7352E-5 1.19494E-4 9.5043E-5 1.12715E-4 1.20031E-4 1.10521E-4 1.14883E-4 9.4425E-5 8.2254E-5 7.5296E-5 9.5697E-5 1.05535E-4 9.5926E-5 7.6948E-5 9.8146E-5 8.6896E-5 1.05042E-4 9.188E-5 8.8598E-5 1.01768E-4 1.06674E-4 1.08625E-4 8.2993E-5 1.00372E-4 1.31535E-4 1.06061E-4 8.4774E-5 9.3328E-5 1.19264E-4 9.3405E-5 1.14108E-4 8.497E-5 1.31569E-4 1.05912E-4 1.2359E-4 1.11142E-4 1.27257E-4 1.1187E-4 1.44932E-4 1.32322E-4 2.17045E-4 1.94107E-4 2.06868E-4 1.13474E-4 1.03094E-4 1.33825E-4 9.2554E-5 1.10418E-4 1.23817E-4 1.1247E-4 1.05375E-4 9.529E-5 1.18292E-4 1.05153E-4 1.14102E-4 9.2938E-5 9.59E-5 9.8254E-5 1.02806E-4 1.13732E-4 1.26973E-4 1.26263E-4 1.21777E-4 1.33663E-4 1.41246E-4 1.18734E-4 1.15732E-4 1.16684E-4 1.21311E-4 1.34941E-4 1.98612E-4 1.34764E-4 1.07305E-4 9.9933E-5 1.02869E-4 8.9342E-5 7.4931E-5 1.24925E-4 1.11659E-4 9.8823E-5 8.5414E-5 2.03947E-4 1.76026E-4 1.36825E-4 1.59193E-4 1.00974E-4 1.02246E-4 8.4241E-5 1.03601E-4 1.01365E-4 1.91478E-4 1.13152E-4 8.7485E-5 1.06089E-4 1.02627E-4 2.21327E-4 1.92031E-4 1.18865E-4 1.17309E-4 1.58171E-4 1.33812E-4 1.32201E-4 1.05782E-4 1.16517E-4 1.22973E-4 1.13005E-4 1.20125E-4 1.00131E-4 9.947E-5 1.06286E-4 1.1931E-4 1.27944E-4 1.08162E-4 8.6357E-5 1.02483E-4 9.176E-5 1.03584E-4 8.6944E-5 7.6684E-5 9.8529E-5 1.08788E-4 1.05406E-4 1.23973E-4 1.19892E-4 1.64015E-4 1.09659E-4 1.22351E-4 1.0132E-4 1.16775E-4 9.2362E-5 8.0426E-5 8.8398E-5 1.17154E-4 1.08539E-4 1.50369E-4 1.04614E-4 1.10537E-4 1.39153E-4 1.716E-4 1.50392E-4 1.57458E-4 7.9739E-5 1.09203E-4 9.3505E-5 9.5945E-5 1.00697E-4 7.9331E-5 1.02615E-4 9.2656E-5 1.15959E-4 1.03646E-4 9.5178E-5 9.4855E-5 1.19381E-4 1.05363E-4 9.0158E-5 9.4484E-5 1.12311E-4 9.7153E-5 1.16825E-4 1.04904E-4 1.14865E-4 1.16055E-4 1.12103E-4 1.08197E-4 8.9372E-5 1.64249E-4 1.33145E-4 1.66776E-4 1.38169E-4 1.79382E-4 1.26742E-4 1.71835E-4 1.62056E-4 1.70689E-4 1.34399E-4 1.65135E-4 1.59987E-4 3.83352E-4 1.86493E-4 1.32329E-4 1.9781E-4 1.7196E-4 1.51507E-4 1.78446E-4 1.16736E-4 1.08574E-4 1.06234E-4 1.33009E-4 1.37032E-4 1.28179E-4 1.23507E-4 1.09492E-4 1.16273E-4 9.5883E-5 9.7287E-5 1.01457E-4 1.1829E-4 1.71357E-4 1.01864E-4 1.24719E-4 1.94658E-4 2.20586E-4 1.86821E-4 1.93433E-4 1.20029E-4 1.82861E-4 1.11046E-4 1.02956E-4 1.05478E-4 1.32395E-4 1.47009E-4 1.64117E-4 1.17409E-4 1.45215E-4 1.03814E-4 1.37577E-4 1.22142E-4 1.19049E-4 1.15979E-4 1.48424E-4 1.39942E-4 1.3075E-4 1.15902E-4 1.32059E-4 1.13266E-4 9.1461E-5 1.08106E-4 1.47113E-4 1.01977E-4 9.1478E-5 8.281E-5 1.28209E-4 1.46843E-4 1.55807E-4 1.50469E-4 1.25582E-4 1.03953E-4 1.21534E-4 1.79308E-4 1.72338E-4 9.8214E-5 1.12919E-4 1.56963E-4 2.19377E-4 1.31869E-4 1.2892E-4 1.54101E-4 1.41411E-4 1.52528E-4 1.97447E-4 1.1971E-4 1.25598E-4 1.00549E-4 1.03512E-4 9.7341E-5 9.504E-5 1.32847E-4 1.01016E-4 1.22251E-4 1.09632E-4 1.07723E-4 1.74987E-4 1.59883E-4 1.29375E-4 9.8662E-5 1.09471E-4 8.6581E-5 1.98608E-4 9.6814E-5 1.54092E-4 1.0057E-4 1.25803E-4 1.3392E-4 1.0664E-4 1.09763E-4 1.50475E-4 1.48659E-4 1.14486E-4 9.7871E-5 1.36532E-4 2.60713E-4 1.27994E-4 1.17606E-4 1.54723E-4 1.48384E-4 1.46239E-4 1.35874E-4 1.23602E-4 9.9761E-5 1.12274E-4 9.1396E-5 8.3315E-5 1.07055E-4 9.2689E-5 8.1507E-5 8.8675E-5 1.14308E-4 9.86E-5 7.9885E-5 7.4229E-5 1.25584E-4 1.01205E-4 1.11391E-4 1.29357E-4 1.35531E-4 1.4602E-4 1.21956E-4 1.20607E-4 9.8604E-5 1.1047E-4 1.11012E-4 1.10657E-4 9.2701E-5 1.28964E-4 1.16E-4 1.16249E-4 9.4711E-5 1.27006E-4 1.61678E-4 1.12282E-4 1.13224E-4 1.2945E-4 1.56871E-4 1.74997E-4 1.54699E-4 2.57867E-4 1.10713E-4 1.38591E-4 1.30097E-4 1.44038E-4 1.38966E-4 2.09159E-4 2.68581E-4 2.29784E-4 1.14046E-4 1.02949E-4 9.9699E-5 1.06186E-4 9.8946E-5 1.35752E-4 8.0138E-5 1.26016E-4 1.75507E-4 1.67811E-4 1.25629E-4 1.13292E-4 1.38433E-4 1.00531E-4 1.19359E-4 1.06253E-4 9.2358E-5 1.28751E-4 1.32723E-4 1.54794E-4 9.1872E-5 9.8485E-5 1.0522E-4 1.03355E-4 1.25648E-4 1.26029E-4 1.29136E-4 1.38805E-4 1.4202E-4 1.21404E-4 1.07244E-4 1.60944E-4 1.17304E-4 1.04032E-4 8.3166E-5 1.0842E-4 7.867E-5 9.8734E-5 9.3004E-5 9.5809E-5 8.7467E-5 7.4246E-5 1.46977E-4 1.20478E-4 1.02912E-4 9.3901E-5 1.19524E-4 1.00657E-4 8.634E-5 1.0245E-4 9.1338E-5 9.9197E-5 7.9547E-5 9.7927E-5 7.9761E-5 1.13818E-4 8.8172E-5 7.234E-5 1.11555E-4 8.3824E-5 7.9081E-5 9.7276E-5 1.09481E-4 9.2473E-5 7.5305E-5 7.1488E-5 1.08467E-4 8.8535E-5 1.00538E-4 1.04404E-4 1.20304E-4 1.14999E-4 9.5011E-5 1.07077E-4 8.7552E-5 9.6135E-5 1.03555E-4 1.42677E-4 1.00368E-4 1.54226E-4 1.26806E-4 1.51779E-4 1.47863E-4 8.9843E-5 9.7206E-5 1.04656E-4 8.5979E-5 8.105E-5 9.2733E-5 1.13613E-4 9.5214E-5 8.8627E-5 9.4714E-5 1.59152E-4 9.1869E-5 9.4589E-5 8.5256E-5 1.74545E-4 1.59717E-4 1.14581E-4 1.20128E-4 1.0748E-4 1.01059E-4 1.50181E-4 1.38025E-4 1.76428E-4 1.23449E-4 1.74548E-4 1.47596E-4 1.59527E-4 2.07929E-4 2.11164E-4 2.13719E-4 1.82243E-4 1.74682E-4 1.5306E-4 1.4311E-4 1.48934E-4 1.54896E-4 1.73166E-4 1.43815E-4 1.46735E-4 1.12023E-4 1.06834E-4 1.81037E-4 1.84696E-4 1.5878E-4 1.34787E-4 1.88525E-4 1.27281E-4 9.6451E-5 1.31727E-4 1.51772E-4 2.38221E-4 1.50946E-4 2.21187E-4 2.10099E-4 1.22091E-4 9.9797E-5 1.31557E-4 1.03104E-4 1.04674E-4 1.88704E-4 1.85997E-4 1.15105E-4 2.05965E-4 2.05423E-4 2.18449E-4 1.19816E-4 1.96299E-4 1.41936E-4 1.3362E-4 1.38537E-4 1.39482E-4 1.09466E-4 1.06792E-4 1.10518E-4 7.1991E-5 1.18583E-4 8.3692E-5 9.418E-5 1.71749E-4 1.31598E-4 9.8873E-5 8.0923E-5 1.11698E-4 2.50495E-4 1.94548E-4 1.42843E-4 1.75012E-4 1.62657E-4 1.462E-4 1.14936E-4 1.21941E-4 1.67162E-4 2.12041E-4 1.92577E-4 1.6849E-4 1.26669E-4 1.59697E-4 1.53223E-4 1.66607E-4 3.04643E-4 1.69763E-4 1.42523E-4 1.28025E-4 1.01978E-4 9.5485E-5 1.07209E-4 1.41644E-4 1.49738E-4 1.3973E-4 9.4018E-5 1.57297E-4 1.00646E-4 7.744E-5 8.6741E-5 1.33031E-4 1.152E-4 1.15913E-4 1.10531E-4 1.15566E-4 1.00443E-4 1.22958E-4 8.8632E-5 1.20116E-4 8.83E-5 1.64207E-4 1.08265E-4 1.23912E-4 1.95877E-4 2.2969E-4 1.68017E-4 1.13527E-4 1.14802E-4 1.10538E-4 9.5833E-5 1.05062E-4 9.0888E-5 1.0026E-4 8.4563E-5 1.29679E-4 1.08692E-4 1.32699E-4 1.39227E-4 1.13631E-4 1.17193E-4 1.26363E-4 1.18373E-4 1.08544E-4 9.9773E-5 1.14876E-4 8.2577E-5 1.21587E-4 1.23639E-4 1.29096E-4 9.1742E-5 1.1862E-4 1.18527E-4 1.09291E-4 1.06393E-4 8.3154E-5 1.14297E-4 1.17154E-4 9.9237E-5 8.0497E-5 1.142E-4 1.06631E-4 9.3219E-5 1.40874E-4 1.03869E-4 1.00747E-4 1.04736E-4 1.39628E-4 9.5464E-5 1.04818E-4 1.15585E-4 9.9919E-5 2.23861E-4 2.16428E-4 1.5711E-4 1.03836E-4 3.0575E-4 1.46914E-4 8.9791E-5 1.43333E-4 1.43396E-4 1.19557E-4 1.09208E-4 1.34829E-4 1.29634E-4 1.33071E-4 1.95917E-4 1.4237E-4 1.24574E-4 1.36034E-4 1.17141E-4 1.86346E-4 1.12213E-4 1.55821E-4 1.54247E-4 1.12898E-4 1.27197E-4 1.51299E-4 1.10851E-4 1.21875E-4 1.8964E-4 2.14371E-4 1.26604E-4 1.2323E-4 1.18211E-4 9.7622E-5 9.8748E-5 1.26111E-4 8.7781E-5 7.5804E-5 7.4851E-5 1.06597E-4 1.03717E-4 1.02668E-4 9.9666E-5 9.61E-5 8.8832E-5 9.9356E-5 9.2661E-5 1.03106E-4 7.4883E-5 1.27457E-4 1.45235E-4 1.0353E-4 9.5327E-5 9.1418E-5 1.0771E-4 9.4396E-5 9.7116E-5 9.4506E-5 8.2128E-5 9.1661E-5 1.02756E-4 1.01511E-4 9.4373E-5 8.4798E-5 9.522E-5 9.0638E-5 1.07589E-4 9.9785E-5 1.00246E-4 1.12427E-4 9.9055E-5 9.2532E-5 8.263E-5 9.4971E-5 7.6539E-5 1.06237E-4 8.148E-5 1.08026E-4 1.14555E-4 9.9905E-5 9.3696E-5 9.5819E-5 8.8955E-5 9.834E-5 2.46903E-4 3.77076E-4 1.57587E-4 9.3178E-5 1.22079E-4 1.04106E-4 1.43376E-4 1.08593E-4 1.2242E-4 9.7009E-5 8.1417E-5 9.9347E-5 8.674E-5 1.56252E-4 9.6262E-5 8.0568E-5 1.13223E-4 8.3378E-5 8.1683E-5 8.5627E-5 9.8133E-5 9.2103E-5 8.6178E-5 8.073E-5 1.1042E-4 9.1499E-5 1.02176E-4 1.0828E-4 1.04057E-4 1.075E-4 9.1779E-5 7.853E-5 9.8377E-5 9.6818E-5 1.07041E-4 9.4346E-5 8.3286E-5 9.9898E-5 8.627E-5 9.8363E-5 8.3842E-5 8.8204E-5 9.675E-5 1.15172E-4 8.7731E-5 8.1448E-5 9.1727E-5 1.03713E-4 9.7723E-5 7.4707E-5 7.8543E-5 1.0607E-4 7.978E-5 8.1112E-5 1.38041E-4 1.33849E-4 1.18035E-4 1.14823E-4 1.56876E-4 2.38967E-4 1.07812E-4 1.06916E-4 1.0868E-4 1.21771E-4 1.43998E-4 1.38252E-4 1.61901E-4 2.85177E-4 3.96586E-4 1.17808E-4 1.2742E-4 1.59554E-4 1.15322E-4 2.15351E-4 1.81182E-4 1.93408E-4 1.58747E-4 1.77912E-4 1.54585E-4 1.53588E-4 1.60906E-4 1.5584E-4 1.77942E-4 1.61417E-4 1.61651E-4 1.86986E-4 1.65632E-4 1.67606E-4 1.40139E-4 1.06691E-4 8.3603E-5 1.13614E-4 9.3206E-5 1.13329E-4 1.16603E-4 1.54505E-4 1.52894E-4 1.03939E-4 9.7187E-5 1.49496E-4 1.74758E-4 1.58446E-4 2.11765E-4 1.43338E-4 1.76128E-4 1.69284E-4 1.28599E-4 1.61115E-4 1.12703E-4 1.22235E-4 9.68E-5 1.43241E-4 1.2879E-4 1.71974E-4 2.5166E-4 9.1846E-5 1.02937E-4 9.2212E-5 8.4735E-5 1.02019E-4 1.13839E-4 1.12851E-4 8.672E-5 8.7386E-5 1.12229E-4 9.0541E-5 1.00608E-4 1.05304E-4 1.06811E-4 1.1063E-4 9.2404E-5 7.7122E-5 9.4648E-5 1.05779E-4 1.09761E-4 8.9872E-5 1.06929E-4 1.51302E-4 8.9886E-5 9.4203E-5 8.5587E-5 7.7566E-5 9.3041E-5 1.04556E-4 8.3776E-5 8.4276E-5 1.05697E-4 1.49523E-4 1.3711E-4 1.16984E-4 8.7178E-5 1.16052E-4 8.5727E-5 7.5958E-5 7.3196E-5 1.00405E-4 1.02166E-4 9.6046E-5 9.8181E-5 9.8733E-5 9.404E-5 9.2911E-5 9.318E-5 1.06589E-4 7.373E-5 1.08528E-4 1.19428E-4 1.13853E-4 1.04086E-4 8.5704E-5 1.50037E-4 1.09694E-4 1.11346E-4 1.22652E-4 2.25425E-4 2.29216E-4 1.04074E-4 1.05475E-4 8.8342E-5 8.7926E-5 9.8048E-5 1.02162E-4 1.15689E-4 9.1525E-5 1.06003E-4 1.12682E-4 1.27374E-4 9.7941E-5 1.05543E-4 1.48203E-4 1.02006E-4 1.1776E-4 9.6398E-5 1.14517E-4 8.5667E-5 9.8791E-5 9.2661E-5 8.9312E-5 9.725E-5 8.5496E-5 1.19688E-4 1.02746E-4 8.6673E-5 8.7555E-5 1.1232E-4 9.9823E-5 8.7378E-5 1.05037E-4 8.9148E-5 1.06025E-4 8.2463E-5 1.00055E-4 8.3259E-5 9.9381E-5 8.3538E-5 7.0563E-5 1.11095E-4 7.6738E-5 7.6022E-5 8.1748E-5 9.4558E-5 8.7985E-5 7.1047E-5 6.9021E-5 1.03795E-4 8.6697E-5 9.928E-5 1.02789E-4 1.1613E-4 1.0286E-4 9.4729E-5 8.2016E-5 8.0273E-5 1.05976E-4 1.39572E-4 9.4456E-5 8.0525E-5 1.19445E-4 1.4596E-4 1.15481E-4 9.9941E-5 1.17557E-4 1.04959E-4 1.14211E-4 1.14527E-4 8.551E-5 9.0851E-5 1.14758E-4 1.08937E-4 8.2693E-5 8.9394E-5 1.32778E-4 1.09795E-4 8.4271E-5 1.01389E-4 1.10782E-4 1.85965E-4 1.93156E-4 1.49813E-4 8.9882E-5 8.6818E-5 1.04669E-4 8.5294E-5 1.07908E-4 7.4E-5 1.15916E-4 1.03679E-4 9.9919E-5 9.5538E-5 7.9116E-5 1.14442E-4 1.07024E-4 1.2516E-4 1.37662E-4 1.77304E-4 1.36279E-4 1.35412E-4 1.29857E-4 1.13824E-4 9.4318E-5 9.6544E-5 9.3569E-5 1.14902E-4 9.9966E-5 9.7362E-5 1.20408E-4 9.7876E-5 9.2799E-5 1.41307E-4 1.43263E-4 1.11478E-4 1.01465E-4 9.2318E-5 1.13945E-4 8.6712E-5 1.03333E-4 9.4327E-5 8.967E-5 8.5287E-5 7.6207E-5 1.08078E-4 9.9651E-5 8.9862E-5 7.6608E-5 1.0739E-4 1.00808E-4 9.38E-5 1.23225E-4 8.5863E-5 9.9429E-5 1.03903E-4 1.35815E-4 8.9817E-5 1.23487E-4 1.05374E-4 8.4497E-5 1.26162E-4 1.87398E-4 1.98721E-4 1.26503E-4 1.16421E-4 9.8784E-5 9.319E-5 7.8912E-5 1.169E-4 1.30591E-4 1.07523E-4 1.1214E-4 1.14912E-4 1.14236E-4 9.2294E-5 8.3165E-5 9.0133E-5 1.14977E-4 1.20482E-4 9.0559E-5 7.5072E-5 9.873E-5 1.03852E-4 9.7286E-5 8.2622E-5 9.9238E-5 2.66477E-4 1.49133E-4 9.0809E-5 8.2527E-5 9.2832E-5 1.01659E-4 9.8849E-5 7.6021E-5 7.79E-5 1.10791E-4 8.0071E-5 8.7106E-5 7.6759E-5 9.9076E-5 9.9303E-5 9.621E-5 1.02334E-4 9.3302E-5 9.5791E-5 1.05093E-4 8.6525E-5 1.08677E-4 1.23674E-4 1.76219E-4 1.60605E-4 1.57735E-4 1.57567E-4 1.27505E-4 1.72427E-4 1.54405E-4 1.60898E-4 1.54264E-4 1.51037E-4 1.32743E-4 1.36415E-4 1.51258E-4 1.30968E-4 1.27602E-4 1.33966E-4 1.27985E-4 1.44469E-4 1.36938E-4 1.58006E-4 1.32869E-4 1.06931E-4 9.6906E-5 8.5905E-5 1.01871E-4 8.0199E-5 1.10378E-4 1.00601E-4 1.14423E-4 9.07E-5 1.34387E-4 1.04255E-4 1.00868E-4 9.6535E-5 8.674E-5 1.1805E-4 1.1144E-4 9.8958E-5 8.8074E-5 1.81783E-4 1.13132E-4 1.05235E-4 1.40096E-4 2.8524E-4 1.57355E-4 1.78613E-4 2.47225E-4 2.12093E-4 1.33045E-4 1.01664E-4 1.31867E-4 1.17392E-4 1.43632E-4 1.24592E-4 9.7014E-5 1.05009E-4 1.09875E-4 8.6986E-5 8.978E-5 1.17259E-4 9.2726E-5 1.04606E-4 1.15153E-4 1.15535E-4 1.17688E-4 1.01342E-4 1.34679E-4 8.2886E-5 1.00341E-4 1.11496E-4 8.8742E-5 7.4038E-5 9.6219E-5 8.6663E-5 1.00741E-4 1.04377E-4 8.6013E-5 1.02286E-4 1.10024E-4 1.04017E-4 9.2092E-5 9.8019E-5 1.04128E-4 9.7174E-5 7.8873E-5 8.2321E-5 1.13085E-4 8.4953E-5 8.7675E-5 8.3829E-5 1.08111E-4 1.12465E-4 1.01466E-4 1.22695E-4 2.04765E-4 2.32688E-4 4.0326E-4 1.07592E-4 1.16008E-4 8.8158E-5 1.66527E-4 1.25795E-4 1.42385E-4 1.14314E-4 9.3178E-5 1.17778E-4 9.9557E-5 1.06764E-4 1.05972E-4 9.7214E-5 1.03123E-4 9.8464E-5 1.03213E-4 9.9305E-5 8.8683E-5 9.7409E-5 9.3189E-5 1.07841E-4 9.3196E-5 9.9052E-5 1.22978E-4 1.15899E-4 1.01381E-4 8.8016E-5 1.0254E-4 7.6437E-5 1.00348E-4 8.4701E-5 1.17501E-4 8.9891E-5 1.05654E-4 1.09648E-4 9.8449E-5 9.3299E-5 9.0405E-5 1.50272E-4 1.79866E-4 1.67877E-4 1.49164E-4 1.14408E-4 1.82874E-4 1.10431E-4 1.56833E-4 2.78315E-4 1.66001E-4 1.0117E-4 1.2396E-4 1.01959E-4 1.22833E-4 1.01986E-4 1.22035E-4 1.11803E-4 1.00229E-4 9.367E-5 1.00569E-4 1.11369E-4 1.04208E-4 8.5221E-5 8.7111E-5 1.72173E-4 1.09557E-4 1.04231E-4 1.08009E-4 1.26982E-4 1.40838E-4 1.46246E-4 1.0065E-4 1.67278E-4 1.20226E-4 1.24406E-4 1.22573E-4 2.06794E-4 1.89337E-4 1.41901E-4 1.32477E-4 9.5052E-5 8.7392E-5 1.14887E-4 1.31866E-4 9.6666E-5 1.08868E-4 1.08897E-4 1.09055E-4 9.6398E-5 8.7527E-5 1.04842E-4 1.59464E-4 8.9613E-5 7.7052E-5 8.1506E-5 1.29811E-4 1.61592E-4 1.20588E-4 1.14153E-4 8.7906E-5 9.6885E-5 9.9447E-5 9.1648E-5 1.4465E-4 1.60336E-4 1.17377E-4 9.7902E-5 9.7685E-5 9.6601E-5 8.8522E-5 1.1495E-4 1.19932E-4 9.9196E-5 9.3372E-5 9.6608E-5 1.23394E-4 9.4332E-5 9.5437E-5 9.8575E-5 8.7967E-5 9.393E-5 8.9518E-5 1.04687E-4 9.2468E-5 1.44138E-4 1.32935E-4 1.14643E-4 9.7827E-5 8.6718E-5 1.01061E-4 7.754E-5 9.7735E-5 8.341E-5 1.0297E-4 7.766E-5 9.6782E-5 9.2206E-5 9.2098E-5 8.5905E-5 7.4362E-5 1.13946E-4 1.16978E-4 9.1027E-5 1.23756E-4 1.31134E-4 1.61898E-4 1.77623E-4 2.92854E-4 1.01659E-4 9.3953E-5 7.3626E-5 1.01281E-4 8.7497E-5 1.01491E-4 8.4213E-5 7.1196E-5 9.787E-5 8.1064E-5 7.8862E-5 8.4787E-5 9.6942E-5 9.3647E-5 1.0703E-4 1.26133E-4 1.27965E-4 9.5605E-5 1.13657E-4 1.10373E-4 1.069E-4 1.12091E-4 9.2442E-5 7.5767E-5 8.2848E-5 1.02765E-4 1.10973E-4 8.9964E-5 8.4553E-5 1.07653E-4 9.4325E-5 1.08198E-4 9.0797E-5 8.6818E-5 1.0428E-4 1.18E-4 9.381E-5 9.5398E-5 1.03386E-4 1.06323E-4 1.66231E-4 1.26358E-4 1.88075E-4 2.01294E-4 1.86438E-4 1.57957E-4 1.80532E-4 1.99386E-4 1.85578E-4 1.89414E-4 2.15149E-4 2.83007E-4 1.32956E-4 1.29332E-4 1.11052E-4 1.55626E-4 1.43076E-4 2.24654E-4 1.42195E-4 1.04792E-4 1.09359E-4 8.9174E-5 1.18567E-4 1.05146E-4 1.19692E-4 9.7252E-5 8.8087E-5 1.07568E-4 1.06739E-4 1.25333E-4 1.20931E-4 1.94466E-4 2.37694E-4 1.15077E-4 1.24587E-4 1.27494E-4 1.09162E-4 1.61363E-4 1.26193E-4 2.59708E-4 9.9689E-5 1.02169E-4 7.7299E-5 1.10529E-4 1.04616E-4 1.21943E-4 9.0839E-5 2.02338E-4 1.14679E-4 1.04836E-4 9.8298E-5 7.8844E-5 1.23164E-4 1.16086E-4 1.02713E-4 8.8982E-5 1.22805E-4 1.11562E-4 1.04458E-4 1.10249E-4 8.6106E-5 9.5119E-5 8.4403E-5 1.27303E-4 9.8784E-5 1.15432E-4 1.55621E-4 1.33266E-4 1.15303E-4 9.3986E-5 8.9108E-5 8.9919E-5 1.01568E-4 9.4639E-5 7.7049E-5 7.3177E-5 1.40287E-4 1.11485E-4 1.16614E-4 1.15537E-4 1.18528E-4 1.15187E-4 9.5957E-5 7.7018E-5 1.29948E-4 1.11475E-4 1.20151E-4 9.0785E-5 7.534E-5 1.00106E-4 1.19714E-4 1.11327E-4 8.6927E-5 8.0687E-5 1.06621E-4 1.1064E-4 8.7815E-5 8.4439E-5 9.7399E-5 1.23331E-4 9.4789E-5 7.9936E-5 8.1302E-5 1.09897E-4 8.0982E-5 7.6085E-5 7.827E-5 9.8085E-5 1.54437E-4 1.13732E-4 1.43086E-4 1.16764E-4 1.27067E-4 9.8811E-5 8.0762E-5 1.06343E-4 8.58E-5 1.19081E-4 9.7056E-5 9.6509E-5 1.12719E-4 8.7361E-5 1.12118E-4 1.36325E-4 1.07141E-4 9.3171E-5 9.058E-5 9.3518E-5 9.6982E-5 1.06724E-4 9.6431E-5 9.1832E-5 1.06778E-4 9.8768E-5 1.23289E-4 1.04583E-4 1.01995E-4 1.1308E-4 1.00833E-4 1.06615E-4 8.2967E-5 9.8849E-5 8.0493E-5 1.40397E-4 1.52821E-4 1.48085E-4 9.7335E-5 1.07862E-4 1.04642E-4 1.05285E-4 9.8073E-5 8.6682E-5 1.35422E-4 1.11435E-4 9.1704E-5 8.8347E-5 1.23376E-4 1.02654E-4 8.996E-5 1.06428E-4 7.7078E-5 9.2955E-5 6.8367E-5 1.01918E-4 1.28797E-4 1.29771E-4 1.14858E-4 9.7053E-5 1.25535E-4 1.14391E-4 1.43473E-4 1.61625E-4 1.66739E-4 2.10756E-4 9.8446E-5 1.04265E-4 1.99632E-4 1.44187E-4 1.22096E-4 1.15366E-4 1.14048E-4 1.33544E-4 1.08167E-4 8.9471E-5 1.0176E-4 1.24101E-4 1.45596E-4 1.18869E-4 7.9299E-5 9.9686E-5 8.8324E-5 1.15477E-4 9.3086E-5 9.1235E-5 1.06756E-4 1.12833E-4 1.00275E-4 9.5674E-5 1.00607E-4 1.37283E-4 1.08053E-4 8.319E-5 8.5329E-5 1.12468E-4 8.3496E-5 8.5162E-5 7.7874E-5 1.03069E-4 1.02978E-4 1.57475E-4 1.11795E-4 8.4746E-5 9.1856E-5 9.7264E-5 8.4444E-5 1.08825E-4 7.8545E-5 1.25387E-4 1.03495E-4 1.0396E-4 1.08851E-4 8.5334E-5 1.09563E-4 9.8014E-5 9.893E-5 8.8148E-5 8.6447E-5 9.2758E-5 9.0003E-5 1.00661E-4 8.7217E-5 8.4667E-5 9.6348E-5 9.4787E-5 1.14043E-4 1.12168E-4 1.81779E-4 1.47349E-4 2.33436E-4 2.17845E-4 3.02218E-4 1.38087E-4 1.02907E-4 1.36315E-4 9.6456E-5 1.25765E-4 8.8787E-5 1.13624E-4 1.61734E-4 1.01966E-4 1.01133E-4 8.9509E-5 1.23504E-4 1.16648E-4 9.6463E-5 8.1705E-5 1.25913E-4 1.0852E-4 1.01885E-4 1.10229E-4 8.3408E-5 1.00314E-4 7.5783E-5 1.05988E-4 8.7648E-5 1.07208E-4 8.653E-5 7.3849E-5 1.00057E-4 9.5919E-5 8.6494E-5 9.9252E-5 1.07409E-4 1.06039E-4 9.0432E-5 8.6589E-5 1.24059E-4 1.00075E-4 1.18933E-4 1.22801E-4 1.85833E-4 1.45274E-4 1.0761E-4 8.6351E-5 7.5254E-5 1.14455E-4 1.20198E-4 1.08831E-4 1.54557E-4 1.83104E-4 1.83888E-4 1.96697E-4 1.69784E-4 1.40795E-4 1.82909E-4 1.97831E-4 1.49142E-4 3.15503E-4 1.92299E-4 5.10482E-4 2.27417E-4 1.43922E-4 1.43858E-4 1.89129E-4 9.9359E-5 8.8221E-5 1.11088E-4 1.14451E-4 1.15489E-4 1.21548E-4 1.20825E-4 8.1184E-5 9.8047E-5 1.11763E-4 1.01289E-4 1.36068E-4 1.27819E-4 1.20015E-4 1.57923E-4 1.02203E-4 1.09101E-4 1.63206E-4 1.69572E-4 2.77152E-4 1.59829E-4 1.45626E-4 1.61372E-4 2.01201E-4 1.18557E-4 1.20295E-4 1.20463E-4 1.21766E-4 1.15827E-4 1.15478E-4 2.12289E-4 1.16604E-4 1.02642E-4 1.17508E-4 1.03612E-4 9.8862E-5 9.1757E-5 1.06648E-4 9.1822E-5 1.15908E-4 9.8597E-5 1.2245E-4 9.5487E-5 1.06123E-4 1.00535E-4 9.5691E-5 9.0227E-5 8.3075E-5 1.15904E-4 1.14786E-4 1.36764E-4 1.0521E-4 1.20462E-4 1.05317E-4 9.2771E-5 1.09325E-4 7.5808E-5 1.17851E-4 1.19013E-4 1.18505E-4 1.01988E-4 1.12403E-4 9.1982E-5 1.04937E-4 1.08796E-4 9.0963E-5 8.9131E-5 1.04103E-4 1.1299E-4 1.04399E-4 8.5426E-5 7.9038E-5 1.16019E-4 1.08601E-4 1.20771E-4 1.18844E-4 1.16915E-4 1.2982E-4 1.24896E-4 1.27245E-4 8.6618E-5 1.50278E-4 2.30895E-4 1.55239E-4 8.1926E-5 1.04595E-4 9.0822E-5 1.16009E-4 9.8691E-5 8.5436E-5 1.03206E-4 1.14357E-4 9.3386E-5 9.3241E-5 1.03186E-4 1.1476E-4 1.01882E-4 1.27205E-4 1.31992E-4 1.31082E-4 9.8719E-5 1.00246E-4 8.5274E-5 1.09899E-4 1.27074E-4 1.10284E-4 1.70266E-4 9.7741E-5 1.14696E-4 1.2053E-4 9.3847E-5 1.23074E-4 8.3305E-5 1.35188E-4 1.1432E-4 1.25715E-4 1.71777E-4 1.19339E-4 1.42746E-4 1.20574E-4 1.33045E-4 8.8843E-5 8.9647E-5 1.12205E-4 1.5907E-4 1.18008E-4 9.6056E-5 1.24053E-4 1.0927E-4 9.9924E-5 1.3013E-4 1.90966E-4 2.36284E-4 1.6074E-4 1.13004E-4 1.06019E-4 9.0593E-5 1.15644E-4 8.4137E-5 1.08914E-4 8.868E-5 1.46729E-4 1.02497E-4 1.17912E-4 1.22109E-4 1.32881E-4 2.05679E-4 2.15011E-4 1.39429E-4 1.53134E-4 1.01813E-4 8.1942E-5 1.30946E-4 1.86579E-4 1.29074E-4 1.14905E-4 8.2729E-5 9.5227E-5 8.9341E-5 1.46558E-4 1.12592E-4 1.13937E-4 1.01678E-4 1.39392E-4 1.62835E-4 9.1709E-5 8.4068E-5 8.8328E-5 1.049E-4 9.5714E-5 8.1517E-5 7.7331E-5 1.09785E-4 8.9455E-5 1.05543E-4 1.09495E-4 1.12409E-4 1.18143E-4 1.676E-4 9.5977E-5 7.7074E-5 1.13856E-4 1.18862E-4 9.483E-5 1.15898E-4 1.79522E-4 9.7059E-5 1.14047E-4 9.5303E-5 8.3613E-5 1.01042E-4 1.15897E-4 1.10344E-4 2.08108E-4 1.6566E-4 1.34653E-4 1.31053E-4 9.3728E-5 8.4988E-5 1.27757E-4 9.2151E-5 7.6748E-5 8.1838E-5 1.21856E-4 1.22794E-4 1.0844E-4 1.00802E-4 1.04451E-4 9.6467E-5 1.00374E-4 9.4039E-5 1.32385E-4 7.9582E-5 1.24389E-4 1.27028E-4 2.90389E-4 1.36142E-4 1.27625E-4 1.19519E-4 1.01319E-4 1.00512E-4 7.9154E-5 7.9749E-5 9.9861E-5 9.0632E-5 9.8554E-5 9.7542E-5 9.0277E-5 1.08206E-4 1.04791E-4 1.13381E-4 1.04499E-4 1.06472E-4 1.22407E-4 1.14391E-4 1.67793E-4 1.4513E-4 1.66561E-4 1.28561E-4 1.54287E-4 1.51427E-4 1.87202E-4 1.33239E-4 1.53165E-4 1.73451E-4 1.56303E-4 1.42562E-4 1.34338E-4 1.74501E-4 1.77618E-4 1.59314E-4 1.27112E-4 1.75614E-4 1.2885E-4 1.05744E-4 1.58102E-4 8.6325E-5 9.5602E-5 1.22403E-4 1.26288E-4 1.60235E-4 1.70064E-4 1.50689E-4 9.0268E-5 1.16386E-4 8.7621E-5 9.451E-5 1.02268E-4 1.41896E-4 1.05502E-4 8.3174E-5 8.4807E-5 1.52013E-4 1.00041E-4 1.3896E-4 1.68137E-4 1.93835E-4 1.64585E-4 1.77854E-4 8.6752E-5 1.69972E-4 1.40917E-4 1.25931E-4 1.02463E-4 1.22189E-4 1.26514E-4 2.15444E-4 1.90886E-4 1.07702E-4 8.4219E-5 1.08821E-4 1.43673E-4 1.05115E-4 1.35511E-4 1.08268E-4 1.21515E-4 1.01645E-4 8.0723E-5 8.5435E-5 1.24603E-4 8.4741E-5 7.4719E-5 9.4212E-5 1.04165E-4 1.03729E-4 1.28072E-4 9.9183E-5 6.8601E-5 8.7605E-5 1.11248E-4 9.0933E-5 1.10781E-4 7.5709E-5 1.19548E-4 1.01104E-4 9.3099E-5 9.3385E-5 7.8274E-5 1.06461E-4 9.1041E-5 9.4961E-5 7.677E-5 8.0933E-5 1.02779E-4 8.5321E-5 1.00712E-4 1.62878E-4 8.9113E-5 9.8131E-5 1.23158E-4 2.68988E-4 2.51754E-4 1.85156E-4 1.2956E-4 1.03635E-4 1.03679E-4 8.6804E-5 1.15018E-4 1.28382E-4 1.49338E-4 1.00454E-4 1.12076E-4 8.8152E-5 1.00858E-4 9.6425E-5 9.2203E-5 8.5033E-5 7.4356E-5 1.05906E-4 9.9574E-5 8.8389E-5 7.5788E-5 1.10386E-4 9.9151E-5 1.02992E-4 1.08848E-4 7.3767E-5 8.7891E-5 7.3124E-5 1.01284E-4 8.4287E-5 1.01157E-4 8.5137E-5 6.9566E-5 9.6871E-5 8.0556E-5 8.0693E-5 9.9322E-5 1.15499E-4 1.05186E-4 8.6431E-5 1.00334E-4 1.44443E-4 1.98831E-4 1.17923E-4 1.22759E-4 1.25308E-4 2.07297E-4 1.12294E-4 1.03251E-4 9.9039E-5 1.36733E-4 1.25953E-4 1.24817E-4 8.0274E-5 1.18751E-4 1.23403E-4 1.15814E-4 1.03156E-4 1.16538E-4 1.2353E-4 1.14216E-4 1.23927E-4 2.93953E-4 2.89695E-4 1.15222E-4 1.07276E-4 8.324E-5 8.9207E-5 1.21791E-4 8.2557E-5 8.1135E-5 7.772E-5 1.0181E-4 9.9751E-5 9.8084E-5 9.7538E-5 7.729E-5 1.10077E-4 1.02298E-4 8.9605E-5 1.18957E-4 8.1107E-5 1.3025E-4 1.27747E-4 1.80485E-4 1.57609E-4 1.29704E-4 1.16084E-4 1.16847E-4 1.03617E-4 9.3636E-5 9.8692E-5 1.06452E-4 1.00069E-4 1.03189E-4 1.18417E-4 1.74117E-4 1.13118E-4 9.8282E-5 1.22899E-4 1.04004E-4 1.04851E-4 1.10698E-4 1.00332E-4 9.4441E-5 8.211E-5 9.5794E-5 7.4334E-5 9.9201E-5 1.34574E-4 1.08611E-4 1.37163E-4 1.61299E-4 1.67253E-4 1.45212E-4 1.52532E-4 1.22291E-4 1.94854E-4 1.70914E-4 1.36443E-4 8.9012E-5 1.16674E-4 1.05209E-4 9.5249E-5 1.06039E-4 7.2121E-5 8.886E-5 7.3196E-5 1.03873E-4 1.01884E-4 1.46679E-4 9.6037E-5 7.9666E-5 1.02183E-4 8.4714E-5 9.8321E-5 9.6365E-5 1.03951E-4 9.4646E-5 9.1464E-5 1.26372E-4 1.13937E-4 1.05589E-4 2.33701E-4 1.84335E-4 1.17654E-4 1.23348E-4 9.7058E-5 8.6237E-5 7.7385E-5 1.05996E-4 1.09683E-4 9.1851E-5 7.4553E-5 9.6733E-5 9.4916E-5 1.03196E-4 9.0195E-5 9.0951E-5 1.04827E-4 1.13025E-4 9.7397E-5 9.0141E-5 1.02427E-4 1.1242E-4 1.58946E-4 1.20751E-4 1.28917E-4 1.8088E-4 1.3077E-4 1.09373E-4 1.18918E-4 1.62851E-4 1.59753E-4 1.65317E-4 1.51911E-4 2.98386E-4 1.73367E-4 1.60071E-4 1.32879E-4 1.81483E-4 1.06243E-4 1.46995E-4 1.17159E-4 9.4422E-5 1.0705E-4 8.2316E-5 1.09912E-4 1.00019E-4 1.06995E-4 1.09157E-4 8.9112E-5 1.00703E-4 9.6335E-5 1.105E-4 9.2867E-5 8.9934E-5 1.03896E-4 1.78883E-4 1.5621E-4 1.37386E-4 1.46199E-4 1.87046E-4 1.41408E-4 1.41428E-4 8.7775E-5 1.59283E-4 2.159E-4 1.13958E-4 9.373E-5 1.55788E-4 1.44329E-4 1.23498E-4 2.20785E-4 1.3704E-4 1.02189E-4 8.0707E-5 1.23466E-4 1.16316E-4 1.00378E-4 8.8683E-5 1.20658E-4 1.02812E-4 9.0625E-5 1.05744E-4 7.3326E-5 8.994E-5 7.0654E-5 1.01155E-4 8.3448E-5 1.02135E-4 8.9056E-5 7.1497E-5 9.8542E-5 1.03468E-4 1.18941E-4 9.0088E-5 9.8735E-5 9.3966E-5 8.9658E-5 7.7345E-5 1.09735E-4 9.0208E-5 1.2247E-4 1.17649E-4 1.11335E-4 1.25253E-4 9.6026E-5 7.7719E-5 6.8568E-5 1.00085E-4 1.17186E-4 9.0249E-5 7.5374E-5 9.7201E-5 8.4951E-5 9.0068E-5 8.4239E-5 8.6672E-5 1.02967E-4 1.09812E-4 9.8098E-5 8.4805E-5 9.1135E-5 1.41011E-4 2.57238E-4 2.60044E-4 4.03973E-4 2.32984E-4 9.2159E-5 8.3618E-5 7.7919E-5 1.10217E-4 1.03954E-4 1.00551E-4 1.01405E-4 7.9227E-5 8.9169E-5 9.4508E-5 8.1395E-5 1.03444E-4 7.8943E-5 1.07201E-4 9.413E-5 7.971E-5 9.5721E-5 7.7616E-5 1.18792E-4 1.06109E-4 1.05759E-4 8.668E-5 8.9372E-5 9.2153E-5 8.5902E-5 1.0135E-4 1.07837E-4 8.9396E-5 9.4931E-5 1.15747E-4 1.26971E-4 1.3624E-4 1.22929E-4 1.64575E-4 1.47436E-4 1.34537E-4 1.06138E-4 1.21017E-4 8.7013E-5 1.10882E-4 9.4502E-5 1.20134E-4 8.2063E-5 1.09628E-4 1.03502E-4 1.08839E-4 9.9851E-5 1.06872E-4 1.32695E-4 1.34002E-4 1.04531E-4 1.61673E-4 2.62862E-4 1.57833E-4 1.01679E-4 1.93559E-4 8.3393E-5 9.4139E-5 7.6958E-5 1.04384E-4 8.4871E-5 1.04812E-4 8.681E-5 7.392E-5 9.566E-5 8.0664E-5 7.9647E-5 8.5733E-5 9.8868E-5 9.3452E-5 9.9592E-5 1.24041E-4 1.17758E-4 1.01951E-4 1.41764E-4 1.16707E-4 1.21101E-4 1.34601E-4 1.06601E-4 8.0452E-5 6.9073E-5 1.12267E-4 1.15079E-4 9.8845E-5 8.162E-5 1.02089E-4 8.9335E-5 8.6995E-5 8.7606E-5 8.1743E-5 1.47384E-4 1.17352E-4 1.01415E-4 1.37726E-4 1.14295E-4 1.18489E-4 9.8841E-5 8.7599E-5 8.3919E-5 1.27471E-4 8.5961E-5 7.2105E-5 7.525E-5 1.12548E-4 1.11603E-4 1.17706E-4 1.07937E-4 2.11918E-4 2.01185E-4 1.56503E-4 1.73946E-4 1.27506E-4 1.00284E-4 1.30288E-4 1.29847E-4 1.22075E-4 1.38597E-4 1.61302E-4 1.34187E-4 1.08095E-4 1.41997E-4 1.81802E-4 1.02106E-4 1.10883E-4 9.0617E-5 1.04904E-4 8.7163E-5 8.6644E-5 9.8315E-5 9.2435E-5 1.23947E-4 9.7515E-5 9.4737E-5 1.11879E-4 1.00825E-4 9.685E-5 8.3162E-5 1.00539E-4 7.7512E-5 1.04346E-4 9.1735E-5 1.1321E-4 7.9555E-5 1.0193E-4 1.08142E-4 1.30892E-4 9.3737E-5 7.708E-5 1.14975E-4 1.05636E-4 9.4105E-5 8.0267E-5 1.14054E-4 1.01778E-4 9.1057E-5 1.42516E-4 8.5016E-5 9.3196E-5 7.4076E-5 1.14176E-4 8.8006E-5 1.06163E-4 8.5071E-5 7.2012E-5 9.7997E-5 9.8266E-5 8.836E-5 9.0691E-5 9.9545E-5 9.4559E-5 8.7475E-5 7.6868E-5 1.09754E-4 9.1011E-5 1.18467E-4 1.10933E-4 1.06995E-4 1.17886E-4 1.08658E-4 1.22624E-4 1.13223E-4 1.94231E-4 2.51026E-4 1.63214E-4 1.16442E-4 1.21585E-4 9.6883E-5 8.9315E-5 9.6376E-5 8.7127E-5 9.6789E-5 1.06782E-4 1.10946E-4 9.7049E-5 1.0063E-4 1.08426E-4 1.06239E-4 8.4861E-5 1.0978E-4 1.20715E-4 8.6854E-5 7.2453E-5 7.5069E-5 9.894E-5 9.8051E-5 9.7104E-5 8.5421E-5 7.6666E-5 1.43669E-4 1.56849E-4 9.5693E-5 1.0936E-4 8.238E-5 1.08905E-4 9.5272E-5 2.23051E-4 1.38192E-4 1.03153E-4 1.1656E-4 1.05413E-4 1.32351E-4 1.00611E-4 9.4945E-5 1.33489E-4 9.4043E-5 1.1251E-4 1.56715E-4 1.51703E-4 1.7016E-4 2.40494E-4 1.80717E-4 1.81348E-4 3.63793E-4 2.41764E-4 1.77748E-4 1.64556E-4 1.56029E-4 1.4605E-4 1.06612E-4 1.71637E-4 1.47756E-4 1.52616E-4 1.11469E-4 1.13065E-4 1.14065E-4 1.27345E-4 9.7732E-5 8.167E-5 1.32007E-4 1.05961E-4 1.05849E-4 1.19801E-4 1.2291E-4 1.18366E-4 1.0099E-4 1.26393E-4 1.83701E-4 1.5281E-4 8.8171E-5 1.82886E-4 1.58201E-4 2.09159E-4 2.60846E-4 1.53304E-4 1.2141E-4 8.9128E-5 8.8715E-5 9.4517E-5 1.04988E-4 9.4443E-5 9.8883E-5 1.47997E-4 1.23259E-4 1.09444E-4 1.15596E-4 1.37239E-4 1.21283E-4 1.21917E-4 1.29921E-4 1.62329E-4 7.4662E-5 1.0794E-4 1.17435E-4 1.01704E-4 8.3938E-5 9.8775E-5 8.7448E-5 8.474E-5 8.1617E-5 7.7335E-5 9.5395E-5 1.06808E-4 8.5653E-5 8.2918E-5 9.3926E-5 9.9831E-5 9.2982E-5 7.6525E-5 7.8358E-5 1.10685E-4 9.1388E-5 7.0138E-5 7.1998E-5 1.02531E-4 1.23448E-4 1.37766E-4 9.412E-5 8.62E-5 1.00306E-4 1.06768E-4 1.21906E-4 1.2905E-4 1.26431E-4 1.77271E-4 1.13912E-4 9.8056E-5 1.14694E-4 8.3003E-5 1.05103E-4 9.7934E-5 1.14663E-4 8.4119E-5 8.4817E-5 9.7936E-5 8.6907E-5 1.00502E-4 8.3542E-5 8.3266E-5 9.2955E-5 9.5603E-5 1.05551E-4 1.11699E-4 1.12057E-4 1.19133E-4 1.091E-4 1.07344E-4 1.30284E-4 1.62943E-4 8.8744E-5 1.44377E-4 1.46179E-4 1.50047E-4 1.34739E-4 1.69892E-4 1.39935E-4 1.0494E-4 8.9811E-5 7.8101E-5 1.08086E-4 1.13144E-4 9.9949E-5 8.7065E-5 1.32549E-4 1.12837E-4 1.00412E-4 1.07757E-4 7.5949E-5 9.3413E-5 8.2268E-5 1.15424E-4 1.06543E-4 1.07657E-4 9.4382E-5 8.818E-5 1.05453E-4 1.44622E-4 1.18907E-4 1.003E-4 1.01943E-4 1.22549E-4 8.2982E-5 1.38527E-4 2.07367E-4 1.11745E-4 1.09682E-4 1.1792E-4 1.20443E-4 1.25963E-4 9.5453E-5 7.7294E-5 7.0991E-5 1.01451E-4 1.14925E-4 8.7642E-5 7.5735E-5 9.8285E-5 8.762E-5 9.1374E-5 9.9677E-5 9.3773E-5 1.26002E-4 1.40523E-4 2.29117E-4 2.56937E-4 1.16842E-4 1.34677E-4 9.5823E-5 8.1859E-5 8.6554E-5 1.21283E-4 9.6978E-5 7.4785E-5 9.4798E-5 1.0E-4 1.00901E-4 9.7934E-5 8.6822E-5 9.2286E-5 1.03449E-4 1.04273E-4 1.02326E-4 1.51609E-4 1.03413E-4 1.12963E-4 9.6854E-5 8.1757E-5 1.09071E-4 8.2781E-5 1.06577E-4 9.5536E-5 9.7093E-5 7.2982E-5 7.7479E-5 8.7001E-5 8.1008E-5 9.5289E-5 8.173E-5 7.8905E-5 1.06009E-4 9.3554E-5 1.04828E-4 9.494E-5 9.9027E-5 1.11308E-4 1.031E-4 1.73601E-4 1.12371E-4 1.44141E-4 8.7536E-5 1.08571E-4 8.7583E-5 1.03714E-4 7.7399E-5 9.8729E-5 9.3361E-5 9.1278E-5 8.4764E-5 7.3754E-5 1.04438E-4 9.8398E-5 8.76E-5 7.3262E-5 1.07132E-4 9.6787E-5 8.5097E-5 1.01361E-4 6.9422E-5 8.0423E-5 6.8102E-5 9.3938E-5 7.8709E-5 9.161E-5 8.3774E-5 6.7924E-5 8.9013E-5 7.6386E-5 7.8953E-5 1.00766E-4 1.58318E-4 3.17586E-4 2.98973E-4 1.49054E-4 1.95369E-4 9.7482E-5 1.1325E-4 2.16017E-4 1.49032E-4 1.38923E-4 1.07612E-4 8.487E-5 7.8792E-5 1.11692E-4 1.20957E-4 9.8792E-5 1.10191E-4 1.08987E-4 9.6752E-5 1.16382E-4 9.3898E-5 8.2722E-5 1.07319E-4 1.10405E-4 8.6886E-5 8.383E-5 9.4963E-5 1.13376E-4 9.5272E-5 8.0617E-5 8.0555E-5 1.1186E-4 8.0749E-5 6.9828E-5 7.306E-5 9.8806E-5 1.00232E-4 9.846E-5 9.7972E-5 7.7859E-5 9.993E-5 1.11517E-4 9.2467E-5 1.5749E-4 1.25707E-4 1.75766E-4 1.55723E-4 1.36161E-4 1.71172E-4 1.32864E-4 1.77484E-4 1.52196E-4 1.64673E-4 1.32721E-4 1.46278E-4 1.52387E-4 1.47934E-4 1.85353E-4 2.022E-4 1.54472E-4 1.48771E-4 1.02549E-4 1.20369E-4 1.1389E-4 1.09767E-4 1.5433E-4 1.25523E-4 1.25837E-4 3.51697E-4 1.40238E-4 8.3344E-5 1.12983E-4 9.5379E-5 1.11503E-4 8.1318E-5 1.1177E-4 1.08885E-4 1.09298E-4 1.00757E-4 8.7897E-5 1.21644E-4 1.84026E-4 9.8122E-5 1.21338E-4 2.00126E-4 1.14863E-4 1.4161E-4 1.94265E-4 1.59391E-4 1.73888E-4 1.60311E-4 1.34402E-4 1.01656E-4 1.09386E-4 1.53106E-4 1.41604E-4 1.99963E-4 1.36623E-4 1.32692E-4 1.43142E-4 1.3061E-4 1.01516E-4 7.8461E-5 7.3387E-5 1.11229E-4 9.2012E-5 1.8876E-4 1.42618E-4 1.34283E-4 1.25712E-4 9.331E-5 8.0327E-5 7.1766E-5 1.01472E-4 1.0821E-4 8.605E-5 7.3655E-5 9.7758E-5 8.7218E-5 1.066E-4 1.22504E-4 2.13497E-4 1.17833E-4 1.1148E-4 1.10756E-4 9.862E-5 1.11763E-4 1.99978E-4 2.25604E-4 1.22365E-4 1.11299E-4 1.33917E-4 1.2632E-4 1.0357E-4 8.3693E-5 1.16283E-4 1.06918E-4 1.15859E-4 9.2285E-5 1.02791E-4 1.0308E-4 1.26267E-4 1.0362E-4 1.25816E-4 8.8479E-5 1.14469E-4 9.9826E-5 8.7297E-5 1.02978E-4 8.2835E-5 1.21404E-4 1.0996E-4 1.22499E-4 8.9038E-5 9.0608E-5 1.09395E-4 1.47643E-4 2.93736E-4 1.31742E-4 9.5009E-5 1.10334E-4 1.24015E-4 1.23957E-4 1.02235E-4 9.8524E-5 1.18164E-4 1.16233E-4 1.12086E-4 9.5753E-5 1.12871E-4 8.7812E-5 1.74544E-4 1.38504E-4 1.88157E-4 1.37336E-4 1.68942E-4 1.64845E-4 1.61629E-4 1.48649E-4 1.25994E-4 1.9547E-4 1.81073E-4 1.59453E-4 1.32605E-4 1.97615E-4 1.64639E-4 1.46295E-4 1.83177E-4 1.36394E-4 1.72756E-4 1.41578E-4 1.36628E-4 1.18578E-4 1.21523E-4 1.00165E-4 8.3335E-5 1.28328E-4 9.8092E-5 9.4864E-5 1.05611E-4 1.18739E-4 1.11466E-4 9.2143E-5 9.2236E-5 1.24518E-4 1.04464E-4 1.55198E-4 1.27907E-4 1.24345E-4 1.44238E-4 1.3906E-4 2.50672E-4 1.21812E-4 1.25789E-4 1.2836E-4 1.01881E-4 8.3717E-5 1.16865E-4 1.08218E-4 1.14402E-4 1.25856E-4 9.3948E-5 1.31688E-4 1.35863E-4 1.85233E-4 2.67327E-4 1.13068E-4 1.17726E-4 1.02568E-4 1.24082E-4 2.88073E-4 1.33869E-4 1.3783E-4 1.60641E-4 8.6966E-5 1.22166E-4 1.16126E-4 1.08864E-4 9.8183E-5 8.1203E-5 1.17477E-4 9.6537E-5 8.5838E-5 1.08401E-4 7.5601E-5 1.06747E-4 1.02003E-4 9.8478E-5 9.8079E-5 8.9383E-5 1.31208E-4 2.08313E-4 2.28386E-4 2.00905E-4 9.7044E-5 9.7338E-5 8.7304E-5 1.02979E-4 8.7365E-5 8.61E-5 1.05828E-4 1.42853E-4 1.69975E-4 1.0814E-4 1.08694E-4 1.24293E-4 1.0433E-4 1.08757E-4 8.8698E-5 1.10013E-4 8.035E-5 1.0413E-4 9.0464E-5 1.12745E-4 8.9472E-5 1.00587E-4 9.6389E-5 9.36E-5 8.6487E-5 7.6148E-5 1.11055E-4 1.02619E-4 9.0454E-5 7.8315E-5 1.10606E-4 9.9668E-5 9.0409E-5 1.15675E-4 7.5244E-5 8.4413E-5 7.3396E-5 1.03503E-4 8.5203E-5 1.01568E-4 1.19488E-4 9.2054E-5 1.13129E-4 9.4159E-5 9.4599E-5 1.01913E-4 1.06439E-4 1.22988E-4 9.0454E-5 7.9002E-5 1.15066E-4 9.2599E-5 1.27772E-4 1.26051E-4 1.2811E-4 1.32665E-4 1.17974E-4 9.9047E-5 8.3971E-5 1.95749E-4 1.28794E-4 1.65495E-4 2.9879E-4 1.42746E-4 9.3905E-5 9.6732E-5 1.44925E-4 1.30654E-4 1.68919E-4 1.80882E-4 1.47711E-4 1.33402E-4 1.59808E-4 1.09276E-4 1.5604E-4 1.35428E-4 1.47294E-4 1.87932E-4 1.36021E-4 1.14666E-4 1.10699E-4 1.73142E-4 1.11043E-4 1.11421E-4 9.9282E-5 7.8089E-5 1.00037E-4 1.07499E-4 8.9477E-5 1.83896E-4 1.26804E-4 1.32831E-4 1.3618E-4 1.2582E-4 1.77669E-4 1.44556E-4 1.29194E-4 1.14806E-4 1.10062E-4 8.8114E-5 9.6068E-5 1.07181E-4 9.8752E-5 1.13428E-4 1.02345E-4 9.8326E-5 1.31959E-4 9.8749E-5 1.09517E-4 9.1569E-5 8.4328E-5 1.23797E-4 1.09758E-4 1.09597E-4 1.402E-4 1.96301E-4 1.60725E-4 1.28474E-4 9.7588E-5 1.22017E-4 9.4411E-5 1.06433E-4 1.11241E-4 1.05124E-4 9.734E-5 1.0225E-4 1.30469E-4 1.15498E-4 1.47773E-4 1.26422E-4 1.31467E-4 1.05686E-4 1.27958E-4 2.18005E-4 1.49903E-4 9.7087E-5 7.4949E-5 1.04262E-4 9.0618E-5 1.0803E-4 9.348E-5 9.5444E-5 1.32973E-4 8.7279E-5 8.3867E-5 1.14466E-4 1.44061E-4 1.00175E-4 9.0039E-5 7.7796E-5 1.19041E-4 9.7182E-5 1.08184E-4 1.15705E-4 1.19342E-4 1.20067E-4 9.9625E-5 8.3848E-5 8.1034E-5 1.12378E-4 1.14628E-4 9.0082E-5 7.674E-5 1.00913E-4 8.8365E-5 8.6455E-5 8.6184E-5 8.0052E-5 9.8728E-5 1.08534E-4 1.0221E-4 8.5256E-5 1.05647E-4 1.24232E-4 1.63151E-4 2.59117E-4 3.07402E-4 1.25655E-4 8.5934E-5 7.2905E-5 9.128E-5 1.0797E-4 1.1155E-4 1.27567E-4 9.1445E-5 7.9958E-5 1.03539E-4 1.29095E-4 9.7864E-5 1.21687E-4 8.3661E-5 1.22765E-4 1.04074E-4 9.4122E-5 1.06241E-4 8.209E-5 1.08605E-4 9.6017E-5 9.8615E-5 8.6647E-5 9.1159E-5 1.40682E-4 1.50942E-4 1.18535E-4 8.9537E-5 8.7483E-5 1.06475E-4 9.6963E-5 1.10802E-4 1.00459E-4 8.4238E-5 1.2182E-4 1.15351E-4 1.17528E-4 1.15568E-4 1.50501E-4 8.2642E-5 1.29044E-4 1.93134E-4 3.45385E-4 1.30381E-4 1.14731E-4 1.03895E-4 1.0363E-4 1.22189E-4 8.1952E-5 1.24842E-4 1.06532E-4 9.1929E-5 8.0689E-5 1.21135E-4 1.08737E-4 9.4477E-5 1.07886E-4 7.3609E-5 9.2967E-5 7.4698E-5 1.05347E-4 8.5866E-5 1.48009E-4 1.01573E-4 8.2157E-5 1.0861E-4 9.8253E-5 1.20623E-4 1.68127E-4 1.80331E-4 1.38796E-4 9.8403E-5 9.8367E-5 1.2743E-4 1.08541E-4 1.65753E-4 1.44003E-4 1.16269E-4 1.20394E-4 9.2864E-5 7.6841E-5 8.5088E-5 1.05334E-4 1.11641E-4 9.0281E-5 7.9521E-5 1.38129E-4 1.45156E-4 9.3783E-5 8.2851E-5 7.8526E-5 1.02995E-4 2.57451E-4 2.67085E-4 1.35008E-4 1.32108E-4 1.15389E-4 1.05884E-4 8.9577E-5 8.8338E-5 1.47289E-4 1.2694E-4 9.4977E-5 1.11658E-4 1.07604E-4 1.14413E-4 9.9978E-5 9.0195E-5 7.0075E-5 9.0378E-5 9.6365E-5 8.3103E-5 1.04593E-4 8.5175E-5 1.20259E-4 1.04266E-4 8.3435E-5 9.134E-5 8.7693E-5 1.19957E-4 1.0023E-4 1.04322E-4 8.2004E-5 9.2054E-5 1.00808E-4 9.7936E-5 1.10184E-4 9.5475E-5 1.35967E-4 2.2567E-4 1.63654E-4 1.92611E-4 1.46583E-4 1.62507E-4 1.98401E-4 1.88256E-4 1.41253E-4 1.40512E-4 1.56243E-4 1.29117E-4 1.63596E-4 1.49209E-4 1.83248E-4 1.37019E-4 1.26351E-4 1.07357E-4 9.9956E-5 9.9583E-5 1.2347E-4 1.28196E-4 1.18097E-4 1.06382E-4 9.3791E-5 1.28999E-4 1.07907E-4 1.043E-4 1.20237E-4 8.5079E-5 1.15847E-4 8.3099E-5 1.15379E-4 2.0513E-4 2.08805E-4 1.05085E-4 8.5628E-5 1.16762E-4 9.5971E-5 8.8844E-5 1.01405E-4 1.81587E-4 1.12089E-4 8.3313E-5 1.34048E-4 1.75063E-4 1.73399E-4 1.88355E-4 1.87811E-4 1.83479E-4 1.88254E-4 1.54394E-4 1.26396E-4 1.1558E-4 1.7659E-4 1.83771E-4 1.49522E-4 9.9352E-5 1.0995E-4 1.00325E-4 9.7042E-5 9.6123E-5 9.2458E-5 1.45946E-4 1.22843E-4 9.8436E-5 1.9237E-4 1.23572E-4 1.19038E-4 1.14144E-4 8.865E-5 1.12014E-4 1.3246E-4 8.9617E-5 9.0835E-5 9.1087E-5 1.35757E-4 1.39527E-4 1.00072E-4 1.2486E-4 2.99283E-4 1.29314E-4 1.04505E-4 1.04079E-4 1.33918E-4 9.0418E-5 1.25513E-4 1.15833E-4 1.08929E-4 1.21006E-4 9.4634E-5 1.24752E-4 1.18662E-4 1.4511E-4 1.09601E-4 1.01057E-4 1.90159E-4 1.50764E-4 1.41501E-4 9.9267E-5 1.06929E-4 1.03483E-4 9.9098E-5 1.81678E-4 2.5227E-4 1.14445E-4 1.35473E-4 1.19805E-4 1.52473E-4 9.5894E-5 2.37478E-4 1.12353E-4 1.40572E-4 1.38582E-4 1.32964E-4 1.02214E-4 1.10425E-4 1.3213E-4 1.6032E-4 9.5216E-5 8.1994E-5 1.58028E-4 1.97741E-4 1.73001E-4 1.32707E-4 2.11349E-4 1.85366E-4 1.18469E-4 1.30486E-4 8.2E-5 1.12211E-4 1.21279E-4 1.23508E-4 1.36721E-4 1.21818E-4 9.7997E-5 1.2875E-4 1.36025E-4 2.34215E-4 2.54063E-4 4.24596E-4 1.18317E-4 1.08169E-4 8.8769E-5 8.7115E-5 1.22271E-4 1.02272E-4 1.18046E-4 1.19591E-4 1.82586E-4 1.22065E-4 1.07291E-4 1.04049E-4 9.8138E-5 1.23019E-4 1.75912E-4 1.57025E-4 1.17219E-4 1.12733E-4 1.14282E-4 9.3891E-5 8.5359E-5 8.8406E-5 1.07675E-4 1.2634E-4 9.6576E-5 9.4749E-5 9.6844E-5 1.10666E-4 9.6956E-5 9.0941E-5 1.09515E-4 1.16637E-4 8.2755E-5 7.6091E-5 8.4116E-5 1.3503E-4 1.52221E-4 1.00215E-4 8.8594E-5 7.915E-5 1.07383E-4 1.17472E-4 9.343E-5 1.14706E-4 7.7629E-5 1.14743E-4 1.45787E-4 1.08327E-4 9.6232E-5 9.3927E-5 1.08792E-4 1.00619E-4 1.19047E-4 7.9278E-5 8.4306E-5 9.4371E-5 8.6334E-5 1.0123E-4 8.4969E-5 8.3065E-5 9.6942E-5 9.2622E-5 1.08687E-4 8.953E-5 8.403E-5 1.22576E-4 1.06578E-4 1.01542E-4 9.0351E-5 1.1109E-4 8.8816E-5 1.04971E-4 8.7465E-5 1.11452E-4 9.1766E-5 1.11059E-4 1.07975E-4 9.7932E-5 9.4862E-5 8.4525E-5 1.23481E-4 1.15208E-4 1.64167E-4 1.34059E-4 2.00184E-4 1.77066E-4 1.45638E-4 1.85108E-4 1.20496E-4 1.39974E-4 1.17772E-4 1.75146E-4 2.05212E-4 1.88418E-4 1.69536E-4 1.31624E-4 1.15514E-4 8.8855E-5 9.6042E-5 1.01639E-4 1.15069E-4 1.0873E-4 8.8881E-5 8.9187E-5 2.02623E-4 1.09754E-4 1.2203E-4 1.43342E-4 1.3002E-4 1.34773E-4 1.83335E-4 1.44386E-4 1.23536E-4 1.81603E-4 2.06407E-4 1.41106E-4 1.94494E-4 1.75421E-4 1.76697E-4 1.45117E-4 1.39365E-4 1.32583E-4 1.60118E-4 1.23501E-4 8.9857E-5 9.789E-5 1.07476E-4 1.06089E-4 1.049E-4 9.0521E-5 9.251E-5 1.25587E-4 8.5288E-5 8.2805E-5 8.2972E-5 1.04195E-4 1.12197E-4 9.6978E-5 9.0092E-5 7.93E-5 9.5206E-5 9.9496E-5 9.811E-5 1.08978E-4 7.5116E-5 1.07572E-4 9.674E-5 7.9316E-5 8.503E-5 8.5776E-5 1.06612E-4 9.4766E-5 8.8918E-5 6.8758E-5 8.0643E-5 9.1273E-5 8.2499E-5 1.04813E-4 8.3405E-5 8.0846E-5 1.02654E-4 8.3584E-5 9.5603E-5 8.1057E-5 7.6193E-5 9.9543E-5 9.2036E-5 8.6775E-5 7.571E-5 8.9652E-5 6.959E-5 9.3178E-5 1.4136E-4 1.19695E-4 9.2064E-5 9.6169E-5 8.9734E-5 7.9613E-5 8.0577E-5 7.0578E-5 1.03257E-4 1.08373E-4 8.8198E-5 7.4536E-5 1.05086E-4 9.3168E-5 8.1957E-5 9.903E-5 6.6174E-5 7.4301E-5 6.573E-5 9.5366E-5 7.8265E-5 9.6032E-5 7.9496E-5 8.2045E-5 8.8882E-5 7.3623E-5 7.33E-5 7.8832E-5 8.8617E-5 8.448E-5 6.9068E-5 6.6043E-5 9.8502E-5 7.993E-5 9.1144E-5 9.9492E-5 9.8336E-5 1.0076E-4 8.1724E-5 8.9987E-5 6.2188E-5 8.9602E-5 9.5662E-5 7.6687E-5 6.5645E-5 8.4395E-5 7.5537E-5 7.6723E-5 7.3806E-5 6.8956E-5 8.5977E-5 9.5779E-5 7.0592E-5 7.8012E-5 8.4919E-5 1.35549E-4 1.76638E-4 9.0737E-5 8.8277E-5 1.42256E-4 1.36861E-4 8.7652E-5 9.8193E-5 1.2661E-4 1.10207E-4 1.11763E-4 1.36727E-4 1.77151E-4 1.17213E-4 1.08143E-4 9.1991E-5 1.11361E-4 9.1243E-5 1.12461E-4 9.7659E-5 9.3795E-5 9.2928E-5 8.4055E-5 1.62977E-4 1.0745E-4 9.4692E-5 8.2593E-5 9.6629E-5 1.05232E-4 1.80922E-4 2.0481E-4 1.46425E-4 9.0706E-5 1.04027E-4 1.0285E-4 1.08625E-4 9.4097E-5 8.8902E-5 1.28729E-4 1.2001E-4 1.04778E-4 1.65345E-4 2.1978E-4 9.3717E-5 1.17573E-4 1.38848E-4 1.83994E-4 8.7975E-5 1.04337E-4 9.9337E-5 8.7904E-5 9.7E-5 1.13913E-4 1.36465E-4 1.17345E-4 9.8061E-5 8.6018E-5 1.65032E-4 1.12023E-4 9.4234E-5 1.22483E-4 7.6781E-5 8.4239E-5 7.3716E-5 1.06377E-4 9.55E-5 1.2148E-4 1.05497E-4 8.5356E-5 1.42672E-4 1.11173E-4 9.7642E-5 9.7996E-5 1.13301E-4 1.3454E-4 1.24731E-4 9.2854E-5 1.25499E-4 9.4062E-5 1.1964E-4 1.29881E-4 1.29029E-4 1.6077E-4 1.04154E-4 8.5612E-5 1.30615E-4 1.13551E-4 1.36572E-4 1.41722E-4 9.7358E-5 3.99452E-4 1.26715E-4 1.05502E-4 1.23405E-4 9.3957E-5 1.0684E-4 1.31531E-4 9.3362E-5 9.4674E-5 1.04443E-4 6.3457E-5 1.05011E-4 1.21929E-4 9.9552E-5 1.42542E-4 9.7362E-5 1.09892E-4 8.4948E-5 1.08251E-4 1.20137E-4 1.01704E-4 1.05033E-4 1.24933E-4 1.58762E-4 1.67075E-4 1.49096E-4 1.85567E-4 9.766E-5 1.94159E-4 1.70502E-4 1.27932E-4 1.38499E-4 1.73232E-4 2.4776E-4 1.70954E-4 1.56478E-4 8.6397E-5 1.38326E-4 1.17923E-4 1.04179E-4 1.23968E-4 1.03836E-4 9.9919E-5 1.96568E-4 1.17225E-4 1.7287E-4 1.40479E-4 2.13546E-4 1.69959E-4 1.5681E-4 1.38406E-4 1.72224E-4 1.22775E-4 8.3998E-5 1.2254E-4 1.32979E-4 1.7383E-4 1.23414E-4 3.18312E-4 1.56777E-4 1.05816E-4 1.0876E-4 1.25306E-4 1.43225E-4 1.15963E-4 9.6935E-5 1.059E-4 1.86321E-4 1.16087E-4 9.5069E-5 1.11642E-4 7.4386E-5 8.4087E-5 8.815E-5 1.16291E-4 1.00204E-4 1.20981E-4 9.9731E-5 8.0121E-5 1.13099E-4 1.05322E-4 9.3389E-5 1.06986E-4 1.14457E-4 1.03848E-4 8.4521E-5 8.1594E-5 1.18174E-4 9.5845E-5 1.15125E-4 1.34532E-4 1.14564E-4 1.29812E-4 1.09992E-4 1.45166E-4 1.5919E-4 2.09109E-4 2.43421E-4 1.08242E-4 8.4881E-5 1.06067E-4 1.10949E-4 1.1531E-4 1.31532E-4 1.04906E-4 1.45793E-4 1.61297E-4 1.15489E-4 1.06361E-4 1.14591E-4 1.11998E-4 1.06124E-4 8.8234E-5 9.4962E-5 1.34481E-4 9.6714E-5 8.0326E-5 8.0308E-5 9.8513E-5 1.02726E-4 1.43824E-4 1.22983E-4 2.18863E-4 1.39368E-4 1.41643E-4 1.09893E-4 1.96811E-4 1.58716E-4 2.25864E-4 2.31852E-4 1.71053E-4 1.62614E-4 1.21708E-4 1.8681E-4 1.82619E-4 1.65997E-4 1.2609E-4 1.49011E-4 1.69771E-4 1.52264E-4 1.81429E-4 1.53928E-4 1.61538E-4 1.1042E-4 1.31435E-4 1.23778E-4 1.05908E-4 1.02671E-4 1.42646E-4 1.46789E-4 1.42321E-4 1.54399E-4 2.18908E-4 1.56265E-4 1.76539E-4 1.5097E-4 1.68221E-4 1.1652E-4 1.31198E-4 1.45579E-4 1.18769E-4 1.05763E-4 1.72422E-4 2.02959E-4 1.2562E-4 1.20077E-4 1.20171E-4 1.42424E-4 1.20519E-4 1.15794E-4 1.61846E-4 1.34597E-4 9.1979E-5 7.654E-5 1.13331E-4 9.175E-5 1.11656E-4 9.1919E-5 7.7933E-5 1.28101E-4 1.29454E-4 1.10365E-4 1.14714E-4 1.0959E-4 1.2054E-4 8.7637E-5 8.0571E-5 1.18804E-4 9.5419E-5 1.23791E-4 1.18291E-4 1.56902E-4 1.37207E-4 1.07438E-4 9.0861E-5 1.01011E-4 1.26903E-4 1.46971E-4 1.10909E-4 8.2045E-5 1.05364E-4 1.01668E-4 9.3711E-5 9.96E-5 9.1535E-5 1.01443E-4 1.12691E-4 8.2773E-5 9.7736E-5 1.20275E-4 1.38704E-4 1.00986E-4 1.14506E-4 1.52182E-4 2.0993E-4 1.29291E-4 8.7334E-5 9.2453E-5 1.06532E-4 1.20012E-4 1.06898E-4 1.0553E-4 1.20221E-4 2.26269E-4 2.2086E-4 1.62183E-4 1.82232E-4 1.34251E-4 1.93342E-4 1.36044E-4 1.35147E-4 1.47049E-4 1.43325E-4 1.85479E-4 2.09631E-4 1.21231E-4 1.04986E-4 1.38932E-4 1.59268E-4 1.38084E-4 2.17512E-4 1.59866E-4 1.06688E-4 1.02139E-4 1.05791E-4 1.21969E-4 1.60218E-4 1.21053E-4 1.81046E-4 1.8488E-4 1.50891E-4 1.17748E-4 1.13597E-4 2.02998E-4 1.55456E-4 2.16045E-4 1.41287E-4 1.23964E-4 2.28439E-4 1.49335E-4 1.62156E-4 1.68E-4 1.07732E-4 2.11937E-4 1.28872E-4 1.10222E-4 9.1558E-5 1.1901E-4 1.03619E-4 9.7035E-5 1.13557E-4 8.7143E-5 9.0317E-5 7.5469E-5 1.18618E-4 1.0278E-4 1.12298E-4 8.926E-5 7.6991E-5 1.03797E-4 8.7453E-5 9.5468E-5 9.4689E-5 1.04025E-4 1.07999E-4 1.00152E-4 7.8003E-5 1.38705E-4 1.22547E-4 2.15619E-4 2.44998E-4 1.99991E-4 1.24513E-4 9.4018E-5 7.5927E-5 6.8578E-5 9.9443E-5 1.26002E-4 9.4733E-5 8.8604E-5 1.15206E-4 9.7401E-5 9.6662E-5 8.9708E-5 8.521E-5 9.9276E-5 1.17218E-4 7.8885E-5 8.9742E-5 1.10504E-4 9.573E-5 9.6255E-5 8.3032E-5 9.5237E-5 1.17827E-4 9.1989E-5 7.5125E-5 7.7017E-5 8.9826E-5 1.01937E-4 8.7841E-5 8.7545E-5 6.9616E-5 9.231E-5 1.00106E-4 1.71247E-4 2.34906E-4 1.01277E-4 1.89926E-4 2.27605E-4 1.57086E-4 1.62767E-4 1.35989E-4 1.91451E-4 1.70464E-4 1.3848E-4 1.3279E-4 2.71881E-4 1.99394E-4 3.70923E-4 3.34487E-4 1.59808E-4 1.53078E-4 1.15834E-4 1.082E-4 1.24453E-4 1.06707E-4 1.01955E-4 1.26053E-4 1.60628E-4 1.10419E-4 9.1638E-5 1.23488E-4 9.0389E-5 1.1705E-4 9.7139E-5 1.19469E-4 1.0161E-4 1.51779E-4 1.50809E-4 1.61441E-4 1.1952E-4 1.04383E-4 1.305E-4 1.95031E-4 2.77845E-4 1.12312E-4 1.32182E-4 1.35494E-4 1.02218E-4 1.22489E-4 1.72744E-4 9.3999E-5 8.4631E-5 1.24501E-4 1.0289E-4 1.21264E-4 9.3755E-5 8.2207E-5 1.05075E-4 9.0611E-5 1.27868E-4 1.13675E-4 1.03906E-4 9.7851E-5 7.858E-5 7.6419E-5 1.14924E-4 9.3668E-5 1.33552E-4 2.01555E-4 1.23382E-4 1.3107E-4 1.0146E-4 7.8632E-5 8.0851E-5 1.06691E-4 1.12424E-4 8.9435E-5 8.7113E-5 1.0283E-4 9.8359E-5 9.0474E-5 8.7445E-5 8.0829E-5 9.8981E-5 1.07392E-4 7.1999E-5 8.441E-5 1.16984E-4 9.737E-5 1.02685E-4 8.5362E-5 9.3426E-5 1.18637E-4 8.9532E-5 7.284E-5 7.559E-5 8.1613E-5 1.01017E-4 7.9947E-5 8.6361E-5 9.2843E-5 1.03826E-4 1.02761E-4 8.9242E-5 1.21852E-4 8.524E-5 1.16858E-4 1.0645E-4 9.4677E-5 8.8828E-5 8.9276E-5 1.16168E-4 1.04833E-4 7.9591E-5 7.1281E-5 9.3559E-5 9.9554E-5 1.2412E-4 1.22044E-4 9.9192E-5 9.4145E-5 9.7047E-5 1.02649E-4 1.36008E-4 9.8027E-5 8.7959E-5 1.28504E-4 1.12416E-4 1.18202E-4 8.4996E-5 1.13245E-4 8.563E-5 1.03269E-4 9.7453E-5 1.33262E-4 1.59074E-4 3.28594E-4 1.20668E-4 8.683E-5 9.42E-5 8.1868E-5 1.13934E-4 1.03208E-4 9.3611E-5 8.1105E-5 1.1544E-4 1.0269E-4 9.2588E-5 1.08667E-4 7.3693E-5 8.0315E-5 7.204E-5 1.0822E-4 8.8265E-5 1.06433E-4 8.6889E-5 7.5889E-5 1.02493E-4 8.6371E-5 1.43477E-4 1.30757E-4 1.17431E-4 1.15329E-4 8.5321E-5 8.5449E-5 1.20228E-4 9.2285E-5 1.09637E-4 1.11059E-4 1.10181E-4 1.13929E-4 9.0594E-5 7.4862E-5 6.775E-5 1.04079E-4 1.10115E-4 8.7091E-5 7.6918E-5 9.8707E-5 8.7501E-5 8.4094E-5 8.3199E-5 7.9665E-5 1.0192E-4 1.21632E-4 7.5523E-5 1.04911E-4 1.09559E-4 9.7925E-5 9.9423E-5 8.3037E-5 1.38131E-4 1.4675E-4 8.63E-5 7.4449E-5 7.5063E-5 9.3141E-5 1.08886E-4 8.6289E-5 8.8458E-5 7.3839E-5 9.3623E-5 1.00288E-4 9.0317E-5 1.11035E-4 7.7826E-5 1.11003E-4 9.7251E-5 9.0503E-5 8.0086E-5 1.01683E-4 1.22869E-4 1.26687E-4 1.16414E-4 1.00705E-4 1.0362E-4 1.21878E-4 8.912E-5 1.04789E-4 8.6761E-5 8.6479E-5 9.6199E-5 9.3384E-5 1.10667E-4 8.7456E-5 9.7253E-5 1.15021E-4 1.03459E-4 9.5723E-5 8.8339E-5 1.18368E-4 8.4518E-5 1.00155E-4 8.5772E-5 1.10181E-4 8.5973E-5 1.14063E-4 1.05905E-4 8.8749E-5 9.2666E-5 8.0841E-5 1.15791E-4 9.9945E-5 9.3657E-5 7.7547E-5 1.15064E-4 1.003E-4 8.9519E-5 1.08746E-4 7.2371E-5 7.7958E-5 7.1804E-5 1.05491E-4 8.8373E-5 1.06191E-4 8.5585E-5 7.3144E-5 1.03024E-4 8.3779E-5 8.8373E-5 1.38853E-4 1.74781E-4 1.21593E-4 9.3543E-5 7.9596E-5 1.485E-4 1.47088E-4 1.56276E-4 1.75609E-4 1.27105E-4 1.29233E-4 1.03379E-4 8.9196E-5 7.3701E-5 1.06929E-4 1.12633E-4 9.1296E-5 8.0692E-5 1.02141E-4 1.02429E-4 8.7134E-5 9.2733E-5 8.7227E-5 1.00927E-4 1.21486E-4 7.6215E-5 8.9282E-5 1.05725E-4 8.8698E-5 1.02425E-4 8.5378E-5 1.01793E-4 2.3225E-4 1.59725E-4 1.30854E-4 2.13324E-4 2.32284E-4 1.96994E-4 1.26923E-4 1.2034E-4 1.43386E-4 1.64604E-4 1.61242E-4 1.25134E-4 1.25774E-4 1.576E-4 1.33159E-4 1.09254E-4 8.4382E-5 8.8445E-5 1.15623E-4 1.30041E-4 1.00558E-4 8.142E-5 7.1015E-5 8.3819E-5 9.3208E-5 8.3935E-5 1.07667E-4 9.2217E-5 9.5471E-5 1.06894E-4 1.29893E-4 1.16087E-4 9.0233E-5 8.9953E-5 1.46448E-4 1.07862E-4 9.6097E-5 7.9325E-5 1.04302E-4 8.0515E-5 1.00664E-4 8.5826E-5 1.09453E-4 8.2589E-5 1.01188E-4 1.03757E-4 8.3147E-5 9.1624E-5 1.01722E-4 1.14692E-4 1.04247E-4 9.3537E-5 8.1132E-5 1.1699E-4 1.01467E-4 9.2402E-5 1.08253E-4 7.3948E-5 8.7551E-5 7.544E-5 1.09215E-4 8.8186E-5 1.0768E-4 8.2402E-5 7.7053E-5 1.12891E-4 1.71594E-4 1.23534E-4 1.42647E-4 1.84172E-4 1.5341E-4 2.23009E-4 1.12358E-4 1.44776E-4 1.2655E-4 1.37477E-4 1.87159E-4 1.41166E-4 1.77989E-4 1.01675E-4 9.4925E-5 8.074E-5 1.2037E-4 1.27897E-4 9.8402E-5 8.3973E-5 1.06065E-4 9.5079E-5 8.8042E-5 8.7075E-5 8.4076E-5 1.66255E-4 1.25753E-4 7.7364E-5 9.5572E-5 1.1417E-4 9.2404E-5 9.2424E-5 1.47688E-4 1.46729E-4 2.14723E-4 1.64836E-4 1.08874E-4 1.24525E-4 9.7123E-5 1.20198E-4 1.09886E-4 9.1599E-5 8.6156E-5 1.10053E-4 1.2086E-4 1.04277E-4 1.26537E-4 1.25795E-4 2.01361E-4 1.65687E-4 1.30809E-4 1.30348E-4 1.39093E-4 1.91277E-4 1.86561E-4 1.3238E-4 1.17487E-4 1.4262E-4 1.53825E-4 1.23186E-4 1.637E-4 1.42928E-4 1.32185E-4 1.07603E-4 1.07953E-4 1.15798E-4 9.6902E-5 1.33335E-4 1.37136E-4 1.11555E-4 1.94721E-4 1.96316E-4 1.70443E-4 1.55764E-4 2.10407E-4 2.06553E-4 1.35527E-4 9.8437E-5 1.15157E-4 1.22371E-4 9.9647E-5 1.08972E-4 9.2739E-5 1.26075E-4 1.1475E-4 1.05737E-4 9.2797E-5 1.24963E-4 1.1057E-4 9.9835E-5 1.13483E-4 7.7255E-5 1.18573E-4 8.9667E-5 1.70533E-4 1.2974E-4 1.76327E-4 2.0521E-4 2.12743E-4 1.17395E-4 1.04842E-4 1.07179E-4 1.049E-4 1.32678E-4 1.37241E-4 1.1455E-4 9.9691E-5 1.37786E-4 1.02006E-4 1.60142E-4 1.36009E-4 1.19435E-4 1.50575E-4 1.92104E-4 2.37204E-4 8.1472E-5 1.20513E-4 1.31069E-4 1.14878E-4 1.35731E-4 1.21289E-4 9.2407E-5 8.3233E-5 8.6108E-5 8.1477E-5 9.7279E-5 1.1016E-4 7.208E-5 8.8523E-5 1.13535E-4 9.0074E-5 9.4152E-5 8.2422E-5 8.6055E-5 1.16483E-4 8.6831E-5 7.1152E-5 7.3825E-5 5.7442E-5 2.11808E-4 8.5782E-5 8.3614E-5 1.23927E-4 1.82772E-4 2.38651E-4 1.83628E-4 2.351E-4 1.06413E-4 1.63255E-4 1.6426E-4 1.0601E-4 9.6107E-5 9.584E-5 1.22112E-4 1.14929E-4 9.5602E-5 7.7757E-5 9.7874E-5 1.20616E-4 8.2011E-5 1.04328E-4 8.815E-5 8.8872E-5 1.00432E-4 9.4034E-5 1.83417E-4 9.3651E-5 8.9873E-5 1.25931E-4 1.06078E-4 1.09568E-4 1.03626E-4 1.28657E-4 1.21451E-4 1.18005E-4 1.13311E-4 1.31978E-4 1.26028E-4 1.1955E-4 1.14442E-4 1.38205E-4 2.64148E-4 1.66355E-4 0.001174172 2.20733E-4 1.58921E-4 1.43677E-4 2.14524E-4 1.79129E-4 1.55414E-4 1.87443E-4 1.45654E-4 1.27217E-4 1.20618E-4 1.9229E-4 1.61349E-4 1.90651E-4 1.40043E-4 8.5838E-5 1.16942E-4 9.492E-5 9.7214E-5 1.5686E-4 1.72823E-4 2.05003E-4 1.29769E-4 7.7953E-5 1.96101E-4 1.29404E-4 1.21345E-4 1.23011E-4 1.36189E-4 1.44406E-4 1.85088E-4 1.0499E-4 9.6311E-5 1.89103E-4 1.42197E-4 9.6125E-5 9.1304E-5 1.3269E-4 1.22466E-4 1.41173E-4 1.05392E-4 1.05812E-4 2.84936E-4 1.27405E-4 8.7523E-5 1.00407E-4 1.06126E-4 8.9094E-5 9.2762E-5 9.0443E-5 1.10074E-4 1.31607E-4 1.05073E-4 7.7111E-5 7.4748E-5 8.6235E-5 1.11553E-4 8.6592E-5 8.246E-5 7.4755E-5 9.8547E-5 1.02198E-4 8.7792E-5 1.12661E-4 8.1653E-5 1.12925E-4 1.31145E-4 8.9751E-5 9.0012E-5 8.9002E-5 1.08769E-4 9.8855E-5 8.6949E-5 8.8935E-5 8.4903E-5 1.13602E-4 1.18448E-4 1.80598E-4 1.59248E-4 1.07067E-4 1.07034E-4 1.04795E-4 1.16308E-4 9.3E-5 7.9082E-5 1.16118E-4 1.65784E-4 1.01931E-4 7.6204E-5 1.01869E-4 8.4654E-5 1.00467E-4 9.6519E-5 1.14515E-4 9.1719E-5 1.14975E-4 1.08681E-4 8.6191E-5 1.02651E-4 8.9486E-5 1.22678E-4 1.03965E-4 1.03017E-4 8.1979E-5 1.16415E-4 1.10342E-4 9.0828E-5 1.32972E-4 7.9586E-5 7.5475E-5 7.5049E-5 1.48637E-4 1.09111E-4 1.21214E-4 1.08488E-4 1.67776E-4 1.36371E-4 1.09329E-4 1.04445E-4 1.04856E-4 1.11265E-4 1.03542E-4 8.353E-5 7.5334E-5 1.23234E-4 8.4145E-5 1.0847E-4 1.13008E-4 1.133E-4 1.1608E-4 8.3637E-5 1.03027E-4 7.9532E-5 1.26434E-4 1.37133E-4 2.57372E-4 1.52206E-4 1.19635E-4 1.01408E-4 8.7337E-5 9.7195E-5 8.6953E-5 1.10431E-4 1.3239E-4 9.2078E-5 1.07949E-4 1.22518E-4 1.01376E-4 1.20855E-4 1.22087E-4 1.0201E-4 1.84155E-4 1.12635E-4 9.5437E-5 1.00075E-4 1.09489E-4 1.06612E-4 8.3834E-5 7.721E-5 8.7888E-5 1.13575E-4 1.03896E-4 1.02695E-4 1.12484E-4 7.9372E-5 1.18865E-4 1.38954E-4 7.5706E-5 8.1229E-5 8.1627E-5 1.10105E-4 1.12327E-4 8.5189E-5 7.1562E-5 8.4522E-5 9.3464E-5 6.0525E-5 1.21987E-4 1.01507E-4 9.7421E-5 1.11199E-4 1.06473E-4 1.22774E-4 8.7904E-5 8.0966E-5 1.31405E-4 1.1778E-4 1.09125E-4 8.313E-5 1.153E-4 8.7855E-5 1.13752E-4 9.9376E-5 1.29997E-4 1.22165E-4 1.34502E-4 1.28793E-4 1.38044E-4 1.53049E-4 1.68101E-4 2.50448E-4 1.86944E-4 1.32694E-4 1.00815E-4 1.36092E-4 1.26174E-4 1.12392E-4 1.25943E-4 8.2385E-5 8.5484E-5 8.2489E-5 1.23779E-4 9.9669E-5 1.2072E-4 8.2534E-5 7.8144E-5 1.16594E-4 9.3097E-5 9.5321E-5 1.02051E-4 1.13916E-4 1.12142E-4 8.7061E-5 8.1462E-5 1.26837E-4 8.7518E-5 1.2226E-4 1.30609E-4 1.27642E-4 1.26506E-4 9.7474E-5 1.17721E-4 8.9959E-5 1.30723E-4 1.38136E-4 1.12712E-4 1.31453E-4 1.40445E-4 1.18226E-4 1.14496E-4 1.1617E-4 1.233E-4 1.33687E-4 1.7488E-4 1.03681E-4 1.1334E-4 1.3472E-4 1.46616E-4 9.3332E-5 1.09121E-4 2.34284E-4 3.13982E-4 1.20675E-4 7.9699E-5 8.1811E-5 1.06087E-4 1.28922E-4 9.9101E-5 9.3766E-5 

Timer for Syntactic Relevance:: 4.249105541
Timer for solver: 1.382227973

Syntactic Relevance Evaluation Results:
0.06840251466666666	
0.14003027566666668	
0.239921291	
0.42276054366666665	
0.829638508	
1.9578707576666667	
4.075436435333334	

Syntactic Relevance Evaluation Results - Solver:
0.008549958333333335	
0.02319652033333333	
0.06443274633333333	
0.12212460333333332	
0.246863606	
0.612495335	
1.3584009076666668	
