		WINDOWS8.SPLX	WINDOWS8_C5_0.TESTCASES
			Diag: [((~Option \/ Option1) \/ Option2)]
			Diag size: 1
The size of Consistency checks: 23828
The number of Choco Solver calls: 26
The number of different: 3
The number of INconsistent: 2
The number of union: 41
The number of post constraints: 23828
The number of consistent: 24
The number of unpost constraints: 23828
The number of Consistency checks: 21

Timer for Syntactic Relevance:[thread=1]: 0.594678191
0.594678191 
Timer for solver[thread=1]: 0.051491179
0.005408849 0.003516991 0.001624177 3.29835E-4 0.002841028 0.004310679 0.004624932 0.001346163 0.001656355 0.002655135 0.003985312 0.001606229 0.001742138 0.00273915 6.41251E-4 0.002632768 0.003003916 0.001227792 8.29462E-4 6.09836E-4 5.90793E-4 2.6197E-4 6.89587E-4 8.51911E-4 8.50131E-4 9.14789E-4 

Timer for Syntactic Relevance:: 0.594678191
Timer for solver: 0.051491179
		WINDOWS8.SPLX	WINDOWS8_C5_0.TESTCASES
			Diag: [((~Option \/ Option1) \/ Option2)]
			Diag size: 1
The size of Consistency checks: 23828
The number of Choco Solver calls: 26
The number of different: 3
The number of INconsistent: 2
The number of union: 41
The number of post constraints: 23828
The number of consistent: 24
The number of unpost constraints: 23828
The number of Consistency checks: 21

Timer for Syntactic Relevance:[thread=1]: 0.55022713
0.55022713 
Timer for solver[thread=1]: 0.04490131
0.004474874 0.001460648 0.001033844 8.3943E-4 0.003376731 0.001801513 0.002340103 0.001705924 0.002133539 0.002611304 0.001528893 0.002750829 0.001157923 0.001917779 7.22024E-4 0.001912676 7.74252E-4 0.001788807 0.001339463 8.77522E-4 5.686E-4 8.02925E-4 0.002306112 9.0973E-4 0.003056917 7.08948E-4 

Timer for Syntactic Relevance:: 0.55022713
Timer for solver: 0.04490131
		WINDOWS8.SPLX	WINDOWS8_C5_0.TESTCASES
			Diag: [((~Option \/ Option1) \/ Option2)]
			Diag size: 1
The size of Consistency checks: 23828
The number of Choco Solver calls: 26
The number of different: 3
The number of INconsistent: 2
The number of union: 41
The number of post constraints: 23828
The number of consistent: 24
The number of unpost constraints: 23828
The number of Consistency checks: 21

Timer for Syntactic Relevance:[thread=1]: 0.538831844
0.538831844 
Timer for solver[thread=1]: 0.046200748
0.008371924 0.001488139 0.001409366 6.84589E-4 0.001095392 0.001889166 0.001407641 0.003741317 0.001379631 0.00253119 0.001457976 0.001090723 0.00120468 0.001178224 9.05965E-4 0.002068627 0.0027076 7.15154E-4 5.85191E-4 0.001938995 0.002777043 4.70457E-4 0.003359549 6.51934E-4 5.37527E-4 5.52748E-4 

Timer for Syntactic Relevance:: 0.538831844
Timer for solver: 0.046200748
		WINDOWS8.SPLX	WINDOWS8_C10_0.TESTCASES
			Diag: [(((~Bold \/ Bold1) \/ Bold2) \/ Bold3), ((~Option \/ Option1) \/ Option2)]
			Diag size: 2
The size of Consistency checks: 74546
The number of Choco Solver calls: 82
The number of different: 3
The number of INconsistent: 4
The number of union: 71
The number of post constraints: 74546
The number of consistent: 78
The number of unpost constraints: 74546
The number of Consistency checks: 36

Timer for Syntactic Relevance:[thread=1]: 2.048210309
2.048210309 
Timer for solver[thread=1]: 0.201999992
0.00314434 0.001758263 0.002144831 0.001245357 0.001160068 0.001426335 0.001585423 0.001093776 0.001092624 0.0021466 0.001999719 0.00248102 0.0026664 0.002037883 0.004105207 0.006636024 0.002217582 0.002767377 0.005986799 0.002016682 0.002282299 0.003932771 0.004531754 0.003609214 0.003005139 0.002619324 0.003003069 0.001998826 0.002019441 0.00792585 0.002653536 0.002158467 0.007184285 0.00130987 0.001397914 0.002939642 0.002892737 0.001477465 0.001966047 0.001607686 0.002248079 0.004058632 0.002508264 0.003084435 0.002277158 0.002704282 0.001018722 0.003145113 0.001463802 0.003130207 0.002034552 0.003730436 0.0025787 0.005159394 0.001230641 0.00228981 0.001705778 0.002663544 0.002319042 0.003063272 0.001134311 0.001313077 0.001304074 0.003496987 0.001553788 0.002133579 0.001374203 0.002880725 0.001346694 0.001766831 0.001950992 0.004031306 0.001550099 0.001090364 0.001809021 0.001082413 6.23035E-4 0.001516092 0.001060951 0.001993171 0.00345368 8.9309E-4 

Timer for Syntactic Relevance:: 2.048210309
Timer for solver: 0.201999992
		WINDOWS8.SPLX	WINDOWS8_C10_0.TESTCASES
			Diag: [(((~Bold \/ Bold1) \/ Bold2) \/ Bold3), ((~Option \/ Option1) \/ Option2)]
			Diag size: 2
The size of Consistency checks: 74546
The number of Choco Solver calls: 82
The number of different: 3
The number of INconsistent: 4
The number of union: 71
The number of post constraints: 74546
The number of consistent: 78
The number of unpost constraints: 74546
The number of Consistency checks: 36

Timer for Syntactic Relevance:[thread=1]: 1.931866819
1.931866819 
Timer for solver[thread=1]: 0.206178521
0.0025728 0.003087157 0.001523753 4.65632E-4 0.002070823 0.002728419 0.001424717 0.001646155 8.88397E-4 0.002740668 0.001506037 0.002529676 0.001876547 0.003922703 0.002022438 0.003828236 0.003294862 0.004974991 0.003629072 0.002205439 0.002435478 0.003290123 0.002227617 0.003609684 0.0019201 0.004000692 0.003449851 0.004509321 0.001692437 0.003303314 0.001862038 0.003780013 0.007542544 0.001275953 0.001348066 0.002792183 0.002227096 0.00129187 0.001969242 0.005134377 0.001198484 0.002316046 0.001803135 0.003474486 0.002787012 6.62959E-4 9.08416E-4 0.001810917 0.001665802 0.002461797 0.001406167 0.004450381 5.26379E-4 0.004519774 0.001921377 0.006601514 0.001157847 0.002375234 0.001656827 0.001839739 0.001760153 0.001963251 0.001447075 0.002515588 0.001785192 0.002722691 0.003373429 0.004219463 0.003690264 0.002318906 0.006328191 0.001939204 0.00278209 0.001204152 9.23606E-4 0.001820643 0.001304388 0.002621656 0.001240372 0.003389931 0.001820333 8.63129E-4 

Timer for Syntactic Relevance:: 1.931866819
Timer for solver: 0.206178521
		WINDOWS8.SPLX	WINDOWS8_C10_0.TESTCASES
			Diag: [(((~Bold \/ Bold1) \/ Bold2) \/ Bold3), ((~Option \/ Option1) \/ Option2)]
			Diag size: 2
The size of Consistency checks: 74546
The number of Choco Solver calls: 82
The number of different: 3
The number of INconsistent: 4
The number of union: 71
The number of post constraints: 74546
The number of consistent: 78
The number of unpost constraints: 74546
The number of Consistency checks: 36

Timer for Syntactic Relevance:[thread=1]: 1.850667161
1.850667161 
Timer for solver[thread=1]: 0.210850435
0.00435582 0.009176275 0.001305724 8.69156E-4 0.002612332 0.001937491 0.002809841 0.001784068 5.43E-4 0.001668673 0.002290326 0.002546363 0.007373538 0.001956666 0.001640562 0.008205849 0.002596598 0.003462747 0.004772498 0.002045823 0.004247269 0.001874567 0.002566201 0.002885703 0.002741635 0.003113627 0.002268837 0.002177838 0.001996074 0.002015785 0.006711485 0.004266214 0.003053336 0.00226491 0.002222213 0.006755161 0.001238078 0.001395293 0.00153698 0.00176618 0.001792414 0.00357161 0.002113369 0.003624832 0.002584772 3.48273E-4 0.001251773 0.002234358 0.001323103 0.002141348 0.001021105 0.002416638 2.72207E-4 0.002429964 0.002249418 0.003140708 0.001438845 0.002175241 0.001188589 0.001756157 0.00153255 0.006149353 0.001271714 0.003313642 0.00389067 0.002206006 0.002378939 0.003474824 0.001865322 0.001749206 0.004338882 0.003301386 0.001601621 0.001827424 0.002492611 0.002919229 0.001014316 7.17802E-4 0.001075042 9.79547E-4 0.001581946 0.001042943 

Timer for Syntactic Relevance:: 1.850667161
Timer for solver: 0.210850435
		WINDOWS8.SPLX	WINDOWS8_C25_0.TESTCASES
			Diag: [(((~Bold \/ Bold1) \/ Bold2) \/ Bold3), ((~Option \/ Option1) \/ Option2), ((~Microphone \/ Microphone1) \/ Microphone2), ((~Advanced \/ Advanced1) \/ Advanced2)]
			Diag size: 4
The size of Consistency checks: 273401
The number of Choco Solver calls: 305
The number of different: 3
The number of INconsistent: 10
The number of union: 111
The number of post constraints: 273401
The number of consistent: 295
The number of unpost constraints: 273401
The number of Consistency checks: 56

Timer for Syntactic Relevance:[thread=1]: 7.79712536
7.79712536 
Timer for solver[thread=1]: 1.359155879
0.00182223 0.001991561 0.002034997 9.43528E-4 0.001699894 0.004212801 0.001203705 0.001154091 5.99738E-4 0.002129482 5.30602E-4 0.003035446 0.002860752 0.001322838 0.008533228 0.002597624 0.004865868 0.002959033 0.001041554 0.002849012 0.003868323 7.82061E-4 1.59532E-4 0.00101623 0.001300801 0.005142674 0.003082395 0.004474544 0.001591954 0.00158232 0.002999038 0.002491103 0.003301944 0.001949221 0.003897982 0.001694756 0.002162295 0.002652319 0.002559076 0.003845844 0.003236441 0.003350135 0.00927674 0.003555549 0.0034062 0.005041883 0.004739969 0.004275489 0.00994585 0.004375835 0.005304945 0.003497975 0.004508782 0.005833916 0.007559732 0.011256124 0.009416753 0.013503111 0.010431714 0.008711779 0.016322937 0.003190033 0.010447777 0.002761388 0.00891697 0.003079514 0.003494036 0.004105072 0.003326849 0.003020748 0.00337933 0.003687374 0.004966272 0.006262532 0.004523861 0.003247637 0.002915945 0.002872743 0.003627457 0.003264794 0.00410923 0.003041966 0.003536727 0.003784386 0.005436419 0.003126577 0.00540584 0.003587373 0.005256759 0.008660847 0.002968903 0.004090471 0.00342332 0.005400458 0.004037227 0.004021896 0.005157962 0.003809122 0.002683325 0.006839739 0.007765905 0.003389617 0.003313962 0.002678793 0.005427404 0.005792275 0.001310815 0.002624968 0.002869869 0.003596252 0.001338628 0.00173272 0.004750408 0.003533792 0.003654589 0.005657716 0.002927687 0.004496923 0.002933598 0.002673449 0.00162656 0.001528462 0.003499937 0.005551378 0.00904343 0.001380225 0.002148862 0.003399343 0.005948057 0.003690227 0.005440764 0.001478183 0.003146409 0.003818106 0.003235718 0.001057802 0.003878444 0.006623297 0.003285766 0.005306361 0.001076099 0.001501197 0.003384144 0.003826472 0.002393607 0.00108066 0.001877433 0.002339673 0.009763985 0.00469682 9.97957E-4 9.9625E-4 0.004253204 0.011852973 0.002160117 9.78782E-4 0.001926893 0.004075007 0.003707503 0.002926528 0.002255134 0.001278295 0.003908959 0.004564032 0.002866291 0.002938929 0.001117627 0.004053359 0.00471047 0.004561555 0.001191756 0.002959352 0.005884832 0.004062375 0.0038081 0.001624803 0.003814277 0.002179215 0.007120311 0.003494662 0.002497831 0.001906122 0.009445084 0.004216607 0.002810794 7.57759E-4 8.28485E-4 0.003848205 0.007659235 0.004682565 0.001563355 9.50142E-4 0.001943395 0.003764714 0.002072882 9.78045E-4 2.87744E-4 0.004650745 0.007595923 0.001894111 9.2702E-4 0.001744487 0.004857531 0.004094673 0.005501121 9.74797E-4 9.2025E-4 0.002780252 0.003914066 0.004265195 0.001379947 0.006129346 0.002142399 0.003985768 0.004569914 0.001185424 0.001357381 0.003182642 0.006612198 0.004792628 9.14459E-4 0.00289449 0.003794153 0.004990134 0.006972682 0.005375518 0.001687428 0.004994657 0.011871035 0.002539692 0.001398759 0.003618318 0.003026538 0.010980186 0.003941944 0.001168695 0.002822085 0.010331502 0.01077866 0.009295209 0.001146525 0.005199717 0.004259039 0.010615585 0.009411522 0.002714037 0.004489621 0.00839787 0.012919467 0.009399635 0.003820251 0.003600704 0.008532664 0.010072753 0.012943739 0.001226921 0.001299 0.008068383 0.016626961 0.012485344 0.002196452 0.003802321 0.011779197 0.013744602 0.006108049 0.001234541 0.004080885 0.015891223 0.009176918 0.010049352 0.00147956 0.006041697 0.011371358 0.011933652 0.007400514 0.002440714 0.007325901 0.008922213 0.00997561 0.005761383 0.004823986 0.00182464 0.006687668 0.008120481 0.010261828 0.002254569 0.002114344 5.08755E-4 0.012264784 0.007049249 8.69812E-4 0.003673664 0.011993064 0.008353896 0.005243761 0.006528983 0.001425046 0.004289818 5.43332E-4 2.33648E-4 0.0015553 0.004704967 0.007629393 0.012833166 0.004625446 

Timer for Syntactic Relevance:: 7.79712536
Timer for solver: 1.359155879
		WINDOWS8.SPLX	WINDOWS8_C25_0.TESTCASES
			Diag: [(((~Bold \/ Bold1) \/ Bold2) \/ Bold3), ((~Option \/ Option1) \/ Option2), ((~Microphone \/ Microphone1) \/ Microphone2), ((~Advanced \/ Advanced1) \/ Advanced2)]
			Diag size: 4
The size of Consistency checks: 273401
The number of Choco Solver calls: 305
The number of different: 3
The number of INconsistent: 10
The number of union: 111
The number of post constraints: 273401
The number of consistent: 295
The number of unpost constraints: 273401
The number of Consistency checks: 56

Timer for Syntactic Relevance:[thread=1]: 8.196435216
8.196435216 
Timer for solver[thread=1]: 1.429964935
0.005173467 0.00171002 0.001449077 5.27214E-4 0.009456423 0.001260335 0.001067527 0.002460434 6.99505E-4 0.003574658 0.001243215 0.004839428 0.001806501 0.001560582 0.003059208 0.002977956 0.008176351 0.001482837 2.17066E-4 0.001410464 0.00249863 0.001510234 4.41622E-4 0.001289312 0.003648253 0.004578593 0.003326388 0.001802538 0.001804265 0.006655865 0.003078531 0.003433535 0.004251491 0.002846851 0.002031635 0.00218231 0.003322081 0.002797806 0.002892417 0.002844675 0.005610779 0.002673576 0.004488183 0.007809501 0.003924011 0.00449298 0.00479408 0.005001041 0.006390823 0.006710881 0.00364396 0.004206526 0.007108871 0.006907577 0.006094393 0.006580451 0.006091034 0.011850426 0.009631264 0.017478298 0.016237503 0.002603422 0.003048858 0.003361615 0.008222322 0.004675386 0.002684118 0.004770622 0.005708083 0.003139515 0.008479626 0.002992349 0.00613485 0.005506909 0.002953059 0.003789818 0.004129874 0.00501476 0.005420308 0.005385499 0.003276397 0.004622407 0.011682935 0.004936605 0.004605831 0.007564885 0.003415491 0.006038944 0.004931983 0.003720141 0.004406514 0.004377109 0.003545571 0.006723992 0.002879206 0.004762891 0.006996822 0.009677496 0.003355438 0.012324367 0.004025975 0.003305201 0.005075136 0.005696132 0.003459947 0.002404138 0.001450992 0.003050241 0.003922173 0.003978422 0.001572623 0.001602709 0.004400334 0.004578178 0.004733311 0.001550446 0.005935577 0.003301865 0.006207941 0.004752189 0.002950327 0.004633796 0.004451459 0.003747642 0.00790044 0.001220832 0.00209208 0.004431085 0.004320044 0.004346691 0.001514489 0.002496235 0.004573989 0.004438175 0.003002176 0.00140165 0.004245971 0.011180666 0.00522264 0.004445426 0.003173518 0.0017655 0.004687716 0.003872221 0.002589672 0.001354336 0.003737111 0.008283407 0.003850859 0.005084303 9.63096E-4 8.40853E-4 0.002979331 0.004126653 0.004437569 0.003007999 0.004179079 0.003716139 0.004599058 0.003528065 8.57365E-4 0.001126752 0.0042378 0.010100969 0.002304359 0.002036665 0.002529473 0.006419341 0.00824462 0.006880766 0.001189485 0.001478123 0.003114777 0.005995369 0.005183629 0.001563728 0.001552101 0.002353131 0.011561471 0.005250158 0.001230667 0.003830759 0.003006876 0.004634319 0.005599955 9.19421E-4 0.001005415 0.00382692 0.004711388 0.003098987 0.001315753 0.001937557 0.00408232 0.005033645 0.003704543 9.72693E-4 3.70096E-4 0.002767128 0.010263219 0.003843329 0.001308017 0.001534741 0.003786161 0.004574887 0.007475852 0.001064705 0.001189232 0.00398308 0.00550485 0.005533156 0.001136098 0.004563753 0.002318851 0.00825994 0.005906007 0.003277005 0.00149366 0.002828017 0.004590008 0.005991693 5.23076E-4 0.001750424 0.004421429 0.006686364 0.006452713 0.004932039 0.001551681 0.008416209 0.005039655 0.00434238 0.001342598 0.00268521 0.003166075 0.010674857 0.00427548 0.001439609 0.003920914 0.012839275 0.008561701 0.00706206 0.003204094 0.005313898 0.005348117 0.013591869 0.007242169 0.002730816 0.008237353 0.009248668 0.008905086 0.014988038 0.001427541 0.001398385 0.005649292 0.008750536 0.01596641 0.001190699 0.001453701 0.014666617 0.011207883 0.01230672 0.002043251 0.003727368 0.009663258 0.012116494 0.00347755 0.001875764 0.00297931 0.01232728 0.00834825 0.00815384 0.002207369 0.008183335 0.004498527 0.008895369 0.009604032 0.00172595 0.002008041 0.009535255 0.017918288 0.003139731 0.001527293 0.001459455 0.004730602 0.00978942 0.010043226 0.002100581 0.002272655 3.52232E-4 0.015408273 0.00460295 0.001163742 0.004793906 0.009896601 0.011507548 0.005548888 0.001153173 0.001709781 0.005106936 4.16449E-4 0.002552814 0.002662122 0.003155621 0.007660124 0.015253861 0.00392469 

Timer for Syntactic Relevance:: 8.196435216
Timer for solver: 1.429964935
		WINDOWS8.SPLX	WINDOWS8_C25_0.TESTCASES
			Diag: [(((~Bold \/ Bold1) \/ Bold2) \/ Bold3), ((~Option \/ Option1) \/ Option2), ((~Microphone \/ Microphone1) \/ Microphone2), ((~Advanced \/ Advanced1) \/ Advanced2)]
			Diag size: 4
The size of Consistency checks: 273401
The number of Choco Solver calls: 305
The number of different: 3
The number of INconsistent: 10
The number of union: 111
The number of post constraints: 273401
The number of consistent: 295
The number of unpost constraints: 273401
The number of Consistency checks: 56

Timer for Syntactic Relevance:[thread=1]: 7.852328758
7.852328758 
Timer for solver[thread=1]: 1.376079378
0.002956503 0.001731169 0.004465533 7.4249E-4 0.003506592 0.004008808 0.003676249 0.001668071 6.73223E-4 0.004303321 2.09717E-4 0.002153461 0.001713959 0.002604988 0.00783357 0.001136631 0.001932474 0.002217859 5.4608E-4 0.004593825 0.001768223 0.001095287 0.001034205 0.001391575 0.001650271 0.004778851 0.002031279 0.001612904 0.001779885 0.003423883 0.003495585 0.001866087 0.001605323 0.002364192 0.00350721 0.002250523 0.002870624 0.004297755 0.002743215 0.002911895 0.004789554 0.006422298 0.0032013 0.003651664 0.004583262 0.003296303 0.007729265 0.00340351 0.003873679 0.004408906 0.004822385 0.004443067 0.006327675 0.006291666 0.00463536 0.005199963 0.011253475 0.010612363 0.016200548 0.007796292 0.011699618 0.002999215 0.00633887 0.004690495 0.003052008 0.006488495 0.004534366 0.0050415 0.003266512 0.003307942 0.004664519 0.00599183 0.002644458 0.003600261 0.004123819 0.003586659 0.004913584 0.007502259 0.004034261 0.003693884 0.008001054 0.003832361 0.006684456 0.003496702 0.003551988 0.010438246 0.003123031 0.003701998 0.003690972 0.006051339 0.003188846 0.004281571 0.003699403 0.002920789 0.005444448 0.003696715 0.005311485 0.003374301 0.004703537 0.009248728 0.003453665 0.004604478 0.006087753 0.002996483 0.009054375 0.001764469 0.002204844 0.003813195 0.003392848 0.005315664 0.004128632 0.001298273 0.00310369 0.003534363 0.003301697 0.00277943 0.004936536 0.00595778 0.00550145 0.006362471 0.00239747 0.001493038 0.003665531 0.003480172 0.01098632 0.001650713 0.002237856 0.006630566 0.005475395 0.003768897 0.002109451 0.002261637 0.004966838 0.006918264 0.003253882 0.001071572 0.002818421 0.003108872 0.004326799 0.004145704 0.003769206 0.004627703 0.00453803 0.003683426 0.00894597 0.003301233 0.002117956 0.003629878 0.004248575 0.004178767 9.11541E-4 7.99835E-4 0.00359203 0.005831054 0.008199598 0.001074942 0.001772853 0.004662824 0.005986926 0.00350715 8.23198E-4 0.001263319 0.004967276 0.00578834 0.004716686 0.001647297 0.001392601 0.009240506 0.003320374 0.003651221 0.002489515 0.002539274 0.004527181 0.004791883 0.006763049 0.001663306 0.001257146 0.007656395 0.004120515 0.003637697 0.002064271 0.001563865 0.003052763 0.005266771 0.006598405 8.91213E-4 0.00103966 0.003590742 0.004541007 0.002319689 0.002893874 9.76908E-4 0.002574283 0.003623929 0.006249437 0.002412 9.35959E-4 0.004320647 0.005091338 0.002640715 0.003436113 0.001491469 0.003312971 0.00437499 0.006061126 0.004570516 0.002270451 0.008193163 0.004082416 0.003838893 0.001618421 0.001642153 0.004986064 0.009432159 0.004186012 0.00200628 0.005903493 0.004388256 0.004706951 0.003324939 2.93736E-4 0.00140818 0.004355021 0.00618597 0.005943469 0.001058642 0.002436239 0.005893905 0.005593539 0.003470479 0.005961861 0.002808946 0.003244292 0.008180099 0.006137935 9.32172E-4 0.002072229 0.008435743 0.010941858 0.008483676 0.0052972 0.004630765 0.003825335 0.011368534 0.008153109 0.001786756 0.003654404 0.013856793 0.007847866 0.007972976 0.00287321 0.003496235 0.00496217 0.007934375 0.007764458 0.002195883 0.001691141 0.008098557 0.011846208 0.007754389 0.00163578 0.005282373 0.01014609 0.009628829 0.004524587 0.002455435 0.001438757 0.014663399 0.012527802 0.016806395 0.001066418 0.003310811 0.008140977 0.01251501 0.007912967 0.001272425 0.001728562 0.006718723 0.017064293 0.003788011 0.001144362 0.001524672 0.006267306 0.01234065 0.006513018 0.001669362 0.002642508 3.46241E-4 0.009239572 0.006478091 0.001014444 0.003935677 0.016472905 0.010430135 0.004753214 0.00282656 0.00308473 0.00748646 2.56026E-4 1.98325E-4 0.002483881 0.004773026 0.009983436 0.008663571 0.00689277 

Timer for Syntactic Relevance:: 7.852328758
Timer for solver: 1.376079378
		WINDOWS8.SPLX	WINDOWS8_C50_0.TESTCASES
			Diag: [mandatory(MakeTheKeyboardEasierToUse, MakeItEasierToType1), (((~Bold \/ Bold1) \/ Bold2) \/ Bold3), ((~Microphone \/ Microphone1) \/ Microphone2), ((~Advanced \/ Advanced1) \/ Advanced2)]
			Diag size: 4
The size of Consistency checks: 750484
The number of Choco Solver calls: 850
The number of different: 3
The number of INconsistent: 19
The number of union: 159
The number of post constraints: 750484
The number of consistent: 831
The number of unpost constraints: 750484
The number of Consistency checks: 80

Timer for Syntactic Relevance:[thread=1]: 27.900016065
27.900016065 
Timer for solver[thread=1]: 6.401252104
0.007143741 0.002168782 0.001150338 9.13588E-4 0.006700681 0.002052524 0.001850633 0.001313013 4.92283E-4 0.003488722 2.57261E-4 0.002321923 0.009547555 0.001800171 0.00501499 0.00143641 0.004335592 0.00278721 0.002540611 0.001593101 0.002383587 0.001381587 2.37323E-4 0.001309073 0.001319468 3.03017E-4 7.32854E-4 0.001424661 7.00605E-4 2.22033E-4 0.002388787 0.002226753 0.003009189 0.001211549 6.94665E-4 0.00297225 0.003117921 0.004381597 0.002824517 0.001714501 0.001049914 0.001178289 0.001525131 0.004733491 0.002272829 0.003163908 0.001707574 7.90381E-4 0.002442157 0.001498579 0.001913862 0.003121755 0.005897152 0.001798502 0.002034026 0.001594314 0.002574595 0.00277455 0.003990094 0.002529405 0.008036258 0.002674479 0.0055194 0.004154216 0.003603202 0.00521828 0.00919293 0.006642435 0.003317763 0.011422373 0.004349387 0.004995328 0.004831771 0.006409562 0.013126275 0.006738804 0.014005812 0.007131466 0.008547006 0.006682515 0.007295271 0.010000117 0.008539326 0.008969317 0.007336451 0.005827331 0.007111536 0.009456602 0.006295203 0.007926733 0.014251001 0.005280684 0.009683586 0.002939801 0.005736182 0.005266301 0.003126769 0.006766946 0.003397216 0.005798129 0.007551269 0.003725073 0.003800791 0.008333458 0.003667054 0.00422943 0.004105313 0.009518601 0.003902333 0.009279313 0.005180494 0.004937854 0.005787843 0.004083323 0.004495059 0.004195485 0.003738741 0.004336064 0.006732459 0.0054727 0.002950749 0.006489195 0.003888446 0.006441425 0.008849862 0.00425998 0.004283167 0.00685548 0.008267327 0.003744798 0.003553179 0.004551153 0.003991968 0.005286157 0.008413493 0.004877596 0.008516745 0.005283714 0.00319707 0.004300994 0.004016576 0.006288733 0.009298579 0.003233702 0.005047069 0.003602825 0.004240319 0.006098111 0.00449381 0.003212556 0.005233462 0.005614806 0.004639088 0.005552486 0.004302873 0.004969733 0.011937508 0.006739485 0.004569189 0.005805735 0.007989429 0.008035333 0.013478316 0.00629002 0.005809688 0.005803611 0.006369914 0.007295862 0.007249768 0.004430418 0.004872256 0.006142368 0.004953081 0.007872229 0.004549611 0.005213519 0.014270926 0.005310092 0.005723568 0.006770359 0.005377135 0.006067577 0.00510047 0.00594411 0.006994534 0.004988611 0.004522648 0.008554011 0.007231071 0.006211447 0.005560787 0.010534817 0.006205965 0.006756018 0.006710371 0.010591892 0.006771924 0.00610558 0.01542452 0.007152445 0.015065831 0.011282412 0.010022721 0.014374432 0.012018436 0.013695213 0.009941061 0.011616505 0.009842283 0.015043669 0.015200369 0.017503032 0.010026554 0.010348055 0.013215237 0.012003829 0.012617368 0.014023109 0.014254099 0.015348583 0.013908302 0.011150177 0.016904251 0.010042743 0.009881708 0.011366341 0.010614978 0.014516 0.009785831 0.011258932 0.008574176 0.002933156 0.006712549 0.015325477 0.007661986 0.003042276 0.009843988 0.011100906 0.008733815 0.004062821 0.003934216 0.005237949 0.009029202 0.011905093 0.007090346 0.00392958 0.008068688 0.017103266 0.009174553 0.010874143 0.004662919 0.003817991 0.010399997 0.0155947 0.007498784 0.004586344 0.008967869 0.012085909 0.017556517 0.004803082 0.007649426 0.003290092 0.008772301 0.016703559 0.012899716 0.007072768 0.013450069 0.018174417 0.013119046 0.006977572 0.004667365 0.008605456 0.01100033 0.017125774 0.019248906 0.005378635 0.0095179 0.019207814 0.016230276 0.005196894 0.005432129 0.004671333 0.010800279 0.015587649 0.012423442 0.007443462 0.019316356 0.016718435 0.021182772 0.005710913 0.008353996 0.010089405 0.015590559 0.013469661 0.013828971 0.007361307 0.016054301 0.018989021 0.011895539 0.009913002 0.007218777 0.011144254 0.016459708 0.014727869 0.015920926 0.008370318 0.013222472 0.01789227 0.01615974 0.009021713 0.005463674 0.008447015 0.020537015 0.015264446 0.02032414 0.007079572 0.018159433 0.022287297 0.013677105 0.006279463 0.005359722 0.007271685 0.013380111 0.013118278 0.012456361 0.005142764 0.009065687 0.001267059 0.01120803 0.005396681 0.006868736 0.007708916 0.019678088 0.01230178 0.012726374 0.008195146 0.012005705 0.024282682 0.011955513 0.006511372 0.008226815 0.012100674 0.018137447 0.022878199 0.018573828 0.01090944 0.016571588 0.029672817 0.014815423 0.01099267 0.007886911 0.007240691 0.021422902 0.01675669 0.01707266 0.007541486 0.021245497 0.018903025 0.021078128 0.006012739 0.006088428 0.011599884 0.012306323 0.021122192 0.014965347 0.009077828 0.017578233 0.017448427 0.013502473 0.013230315 0.005579074 0.006480793 0.018767953 0.017116151 0.017248166 0.009321623 0.014680968 0.027265441 0.016681451 0.012807845 0.007997187 0.010207531 0.012777857 0.022254235 0.01506454 0.009714736 0.018335359 0.018843901 0.018035723 0.009293351 0.005571939 0.006216616 0.020811135 0.018393172 0.020293837 0.004557876 0.013995364 0.017690981 0.017373752 0.015271091 0.006904511 0.011203736 0.017411373 0.023725276 0.015734183 0.012961935 0.019223688 0.025547905 0.016460329 0.008671225 0.008736382 0.012237697 0.015411204 0.019699841 0.020016324 0.008859255 0.01806047 0.020982066 0.018291748 0.014591467 0.006642629 0.007911891 0.018083198 0.019030459 0.016828034 0.007435169 0.026941792 0.022616004 0.021762814 0.006972547 0.010273644 0.009182661 0.021851455 0.019591608 0.023699366 0.007725358 0.019202423 0.020344146 0.01572627 0.005636152 0.006506654 0.01361173 0.018901046 0.019932299 0.017432437 0.009648326 0.017178158 0.028548374 0.01483283 0.007760961 0.005951484 0.012342796 0.016728341 0.0202197 0.01606135 0.01384313 0.015943188 0.020778072 0.013817975 0.007089619 0.010169443 0.008154016 0.015332249 0.01870338 0.013037026 0.005758705 0.014674327 0.03154876 0.015832636 0.009263571 0.005886876 0.00808095 0.018012012 0.027870078 0.014801977 0.007750283 0.016486108 0.02416679 0.016600564 0.009151718 0.006651605 0.011699785 0.017081999 0.022022655 0.019188497 0.008662618 0.022319033 0.024717732 0.016056944 0.00691383 0.009770011 0.005712232 0.014707833 0.01931632 0.014515466 0.007775966 0.016552751 0.02575557 0.016266239 0.009724202 0.009394427 0.011938475 0.015257063 0.025050789 0.014659974 0.004794601 0.019611867 0.019194825 0.020150767 0.008326525 0.005158413 0.003808001 0.00776204 0.017363965 0.012051918 0.004504588 0.011680156 0.01555442 0.012948039 0.004110935 0.004419129 0.006425593 0.01107199 0.013089809 0.011049135 0.00477114 0.012818407 0.015100389 0.010029259 0.003071515 0.003700513 0.005344373 0.008282322 0.013600761 0.009254814 0.003384936 0.009798422 0.019595547 0.009240265 0.003552703 0.00312944 4.74849E-4 0.011875977 0.012241162 0.010133428 4.39858E-4 0.017116548 0.01555572 0.010358372 7.5732E-4 0.003915654 0.004385917 0.010467818 0.014578889 0.004608215 0.001928651 0.003642129 0.004741304 0.003448363 0.001416822 0.002824449 0.001865481 0.003671064 0.003188419 0.005117432 0.002223547 0.003371504 0.00447254 0.003904399 0.001905096 0.003439832 0.001952547 0.003614883 0.007365684 0.007431618 0.001661377 0.003133179 0.006725013 0.002879398 0.001485466 0.003577267 0.002744755 0.003422341 0.004338102 0.003517115 0.002080022 0.002652657 0.004081681 0.005568074 0.00586088 0.001900173 0.001574527 0.004517171 0.005395433 0.003183052 0.001510557 0.004710952 0.009748498 0.003114249 0.001466201 0.003911107 0.001946613 0.002748247 0.00315874 0.006730933 0.005882144 0.002745513 0.004381649 0.005381727 0.001047841 0.00156749 0.001380697 0.002895303 0.003390841 0.002632752 0.00145704 0.003150445 0.004595201 0.002719704 0.001034812 0.002180904 0.001159426 0.002991845 0.003139036 0.00354133 0.002032735 0.003103862 0.005769682 0.002761666 0.001824606 0.001965655 0.001139827 0.002629531 0.00373327 0.005729182 0.00129759 0.002842091 0.004381377 0.002331864 0.001185776 0.001561033 0.001300726 0.002443146 0.003448496 0.002198853 0.003072146 0.002759291 0.003867799 0.003177101 0.001463357 0.002081574 0.001251402 0.003502323 0.002941452 0.004489798 0.001267941 0.003037389 0.007013977 0.003694719 0.00163994 0.001855771 0.004656895 0.003038959 0.004607567 0.005793339 0.00154409 0.003440925 0.004018082 0.003807502 0.003022017 0.00258063 0.004832696 0.00394534 0.003225002 0.003190369 0.001882688 0.003517154 0.004168481 0.003219129 0.002151907 0.003403151 0.001271024 0.002631947 0.004365287 0.002867558 0.00108914 0.003803978 0.004054221 0.005231269 0.001373719 0.001823717 0.001088655 0.003673106 0.005066028 0.003608189 0.001017118 0.003664629 0.00492443 0.003332362 0.001196551 0.002092936 0.002590468 0.003112202 0.004623933 0.002872814 0.001903843 0.004296018 0.00500833 0.002920028 0.002305166 0.001712082 0.001809702 0.002763726 0.006434457 0.003532291 0.001186195 0.003716682 0.004171353 0.009548461 0.00120962 0.002663527 0.002795056 0.003145947 0.004049022 0.003348733 0.002465456 0.003702938 0.004442047 0.006091185 0.001125712 0.002032948 0.001920986 0.004611078 0.0034209 0.002493058 0.002379884 0.00452413 0.005812851 0.003197016 0.001919936 0.001985872 0.00253942 0.003351283 0.003206689 0.004221944 0.002445609 0.003720716 0.003962473 0.005257439 0.001909918 0.001639063 0.002202906 0.002688839 0.005080395 0.002230988 0.001692411 0.00422755 0.004273059 0.004598337 0.001582051 0.001827999 0.001662291 0.002659 0.003473594 0.003111489 9.29796E-4 0.00337613 0.007350182 0.006262924 0.001133832 0.002424948 0.002675266 0.008038852 0.004320079 0.003105281 0.001566125 0.002386509 0.004171561 0.004405533 0.001526329 0.001485188 0.00106418 0.002998182 0.004820578 0.004133098 9.59174E-4 0.0024533 0.00361557 0.004670071 0.001100294 0.002778191 0.001481974 3.72826E-4 0.004842444 0.001847822 0.001093999 5.12041E-4 0.002364604 0.003353271 0.002085747 0.001352505 9.24311E-4 0.005780185 0.001982845 0.001702413 0.001320678 0.002472339 0.002639696 0.002047158 0.001683149 0.002476376 0.001024758 0.003062901 0.002288176 0.004318226 9.87309E-4 0.001877723 0.003077942 0.002999388 0.001314407 0.001495078 0.001071002 0.001563183 1.8522E-4 1.70223E-4 6.55935E-4 0.002549125 0.004895379 2.83466E-4 0.00107873 0.001701439 0.001294528 0.002851548 0.002178483 0.004329745 0.001216857 0.003634232 0.002778078 0.002128169 7.87414E-4 0.002470359 0.002228628 0.001791424 0.002274555 0.002450456 0.002727763 0.00207486 0.004217481 0.00210719 0.001137363 

Timer for Syntactic Relevance:: 27.900016065
Timer for solver: 6.401252104
		WINDOWS8.SPLX	WINDOWS8_C50_0.TESTCASES
			Diag: [mandatory(MakeTheKeyboardEasierToUse, MakeItEasierToType1), (((~Bold \/ Bold1) \/ Bold2) \/ Bold3), ((~Microphone \/ Microphone1) \/ Microphone2), ((~Advanced \/ Advanced1) \/ Advanced2)]
			Diag size: 4
The size of Consistency checks: 750484
The number of Choco Solver calls: 850
The number of different: 3
The number of INconsistent: 19
The number of union: 159
The number of post constraints: 750484
The number of consistent: 831
The number of unpost constraints: 750484
The number of Consistency checks: 80

Timer for Syntactic Relevance:[thread=1]: 27.353345681
27.353345681 
Timer for solver[thread=1]: 6.129593527
0.00375401 0.001699402 0.001049616 2.11654E-4 0.001110683 0.001914652 0.001679379 0.001466923 0.001022861 0.005552621 2.01439E-4 0.002217734 0.002418745 0.002731338 0.002524879 0.001224061 0.002164479 0.001605987 9.81513E-4 0.001811851 0.001479304 0.002442927 2.151E-4 0.001002814 0.001166064 3.58442E-4 1.96084E-4 1.0669E-4 9.40354E-4 0.001048524 0.002830009 0.001547458 0.001416967 0.002158317 8.00689E-4 0.002791832 0.001387618 0.003877739 0.002911685 0.002192691 0.00179716 0.001415843 0.001443057 0.001710819 0.00219389 0.003853271 0.002477693 8.50908E-4 0.00854598 0.001148058 0.004452514 0.003830737 0.002062466 0.002779772 0.00186426 0.002380552 0.002392491 0.002323283 0.002593112 0.004400257 0.005197905 0.002442662 0.004749545 0.003274895 0.005366946 0.002307453 0.002548678 0.003110906 0.004863998 0.005259445 0.012302045 0.004260667 0.010517932 0.004390382 0.006250281 0.007964881 0.00931301 0.005397756 0.00703128 0.009146643 0.007376183 0.006280799 0.007677137 0.006163727 0.005854681 0.00519281 0.006855023 0.009670524 0.008923407 0.005732069 0.01019718 0.003345416 0.00362492 0.003186081 0.010163387 0.003342621 0.005023188 0.007054052 0.006229721 0.002833065 0.003822997 0.006252495 0.003616672 0.012506963 0.003659844 0.00667331 0.003604408 0.003087891 0.004072448 0.006469472 0.003027958 0.0032345 0.004115264 0.00347065 0.004148963 0.003254735 0.00378811 0.007236437 0.004809497 0.003609076 0.002950013 0.004563401 0.002929572 0.00630666 0.00534012 0.003755876 0.004240396 0.004518493 0.004837941 0.004852778 0.006799709 0.004636226 0.005584396 0.006917928 0.010666245 0.004092895 0.006077649 0.011648928 0.005688639 0.004813677 0.00473894 0.005367175 0.009060627 0.004484782 0.005854945 0.004492087 0.005761892 0.007567285 0.004269014 0.005409682 0.007946841 0.004598119 0.005825292 0.006645407 0.005729219 0.006888526 0.009464971 0.004811163 0.004877987 0.008463852 0.004266368 0.004675073 0.005805261 0.005046699 0.006326565 0.00615844 0.00420646 0.005686343 0.007068441 0.005171003 0.004655559 0.004818546 0.007542342 0.004581761 0.005305208 0.007651978 0.005101293 0.006242106 0.003684796 0.004846359 0.007095528 0.004586668 0.004700215 0.010628886 0.004119428 0.005704728 0.003345 0.005620493 0.012859458 0.007529844 0.007508199 0.006548141 0.006203987 0.004849749 0.004722713 0.009430803 0.004425142 0.006111382 0.008828219 0.004592089 0.007042847 0.010317807 0.010616486 0.010935832 0.009535117 0.017428401 0.012745819 0.015881233 0.010681523 0.012331028 0.014466718 0.021268296 0.014813072 0.018282933 0.013442007 0.012394594 0.012913507 0.014368593 0.012083932 0.013716381 0.014777053 0.011768994 0.015174874 0.011786187 0.015630567 0.013036338 0.010028108 0.011822755 0.011326751 0.011583652 0.004304249 0.005843673 0.009866579 0.009482574 0.009721963 0.005914838 0.011798246 0.012904882 0.017692984 0.004422586 0.004448045 0.01448834 0.014048441 0.014783705 0.016623468 0.007655179 0.011861933 0.020726701 0.012456761 0.009310091 0.007044775 0.005126292 0.017782948 0.012544541 0.013427673 0.006635081 0.012971998 0.015081791 0.013105153 0.006300317 0.005317875 0.006469619 0.01329261 0.012990844 0.015472555 0.006346656 0.011724002 0.015391164 0.012855478 0.00610769 0.005507522 0.004266111 0.010845521 0.013082256 0.012688461 0.005895079 0.011634945 0.014051302 0.012255024 0.00758272 0.005696792 0.007716505 0.01175181 0.021501379 0.012583574 0.007155125 0.015742634 0.019893458 0.015430408 0.00888372 0.006126695 0.007295634 0.017455862 0.012984311 0.020030359 0.005726298 0.01417152 0.02368202 0.011323264 0.007282049 0.006121098 0.006137088 0.013027405 0.010522646 0.013557181 0.007092303 0.01397117 0.015215437 0.016013994 0.005715034 0.007748304 0.00950681 0.011230806 0.015457245 0.010487515 0.007476386 0.009679096 0.014384882 0.011366696 0.004504822 0.005951144 0.006467667 0.013429311 0.012188578 0.01269299 0.005692837 0.01291106 3.35508E-4 0.01432735 0.008535624 0.007247446 0.009057945 0.014014243 0.01105795 0.014340152 0.006295115 0.014044048 0.024899017 0.016174443 0.005679433 0.008280426 0.006891008 0.014886014 0.016001138 0.014598615 0.006968714 0.013350797 0.018633607 0.012780513 0.007359528 0.004721349 0.006071987 0.014763995 0.012915731 0.014146227 0.006580528 0.015145255 0.016409194 0.013703609 0.005857795 0.005671293 0.008325348 0.015801573 0.02070766 0.01477207 0.008462372 0.01522407 0.019027584 0.014428892 0.005910484 0.006376914 0.007335864 0.012581172 0.024167172 0.016046733 0.009975735 0.015101592 0.028326088 0.016159281 0.01146012 0.00652113 0.00798685 0.019803593 0.017632028 0.018732468 0.005882243 0.014212732 0.019755574 0.015026105 0.008082763 0.00556355 0.007389886 0.014784335 0.01502537 0.016414219 0.006601265 0.015819658 0.01653919 0.01968382 0.008133166 0.008956554 0.008421185 0.023302555 0.015458093 0.021915583 0.006978243 0.016127081 0.0190528 0.017586319 0.006506613 0.005686104 0.007590524 0.014001361 0.017131632 0.016443921 0.008894056 0.016456897 0.020713005 0.018489443 0.006962248 0.008260509 0.010765385 0.014749294 0.021873212 0.01716127 0.012212672 0.022004172 0.0310862 0.018754428 0.011294233 0.007200897 0.015262557 0.015813725 0.023104893 0.015239004 0.01122073 0.017317866 0.020565656 0.016246087 0.007152229 0.008536737 0.007887219 0.017827246 0.019976824 0.018995071 0.008406936 0.023316558 0.025191203 0.014156644 0.006234796 0.005468107 0.009055807 0.015486858 0.017787713 0.014833088 0.009230154 0.017601714 0.023689247 0.013796779 0.007876353 0.005529157 0.006407507 0.016195485 0.01906087 0.013280216 0.00671328 0.014900922 0.024138712 0.014659412 0.008307507 0.005345448 0.006873023 0.013756286 0.018943444 0.013579326 0.007427882 0.014150134 0.026853281 0.014849948 0.012012517 0.006173215 0.005635291 0.016162208 0.019719357 0.020247899 0.005544949 0.014808354 0.023450415 0.015116574 0.004864164 0.00481413 0.007589935 0.016062543 0.026690635 0.015230501 0.007636171 0.01584225 0.029866502 0.014480313 0.010344346 0.008430369 0.007177773 0.013900631 0.018233275 0.015985573 0.005744291 0.01697162 0.024500048 0.015199357 0.00787231 0.003271807 0.004188753 0.009788742 0.011015229 0.010943325 0.005316681 0.010850289 0.015457019 0.009357805 0.004000773 0.003459162 0.004494898 0.009442652 0.013950397 0.009535899 0.00492419 0.011449731 0.013031137 0.011556351 0.003116543 0.003231863 0.003411242 0.013116216 0.012234885 0.012478887 0.005420654 0.014360304 0.015448039 0.009366797 0.003076474 0.002801092 4.27595E-4 0.014628438 0.0103126 0.007402113 3.85408E-4 0.009677248 0.014998706 0.012711795 3.24854E-4 0.002993486 0.004784496 0.009359489 0.011708639 0.002263151 0.00160671 0.002720096 0.007056628 0.002973386 0.001288915 0.002366973 0.001475348 0.003445469 0.002983427 0.00412342 0.001402019 0.00367234 0.004466713 0.004714511 0.001338115 0.001191207 0.002796872 0.004191052 0.004391886 0.003497885 0.001190907 0.002392078 0.009713622 0.002668897 0.003385457 0.001712651 0.002593053 0.002682048 0.004679252 0.004823548 0.002058865 0.002443865 0.006340492 0.002502991 0.002955047 0.003498525 0.001217373 0.003714661 0.003438158 0.003047317 0.001802756 0.00244828 0.004018244 0.003587224 0.002640356 0.003318439 0.001211254 0.002418967 0.003526354 0.00310974 0.001478544 0.00471382 0.007190373 0.004153977 0.001603735 0.001574922 0.002149081 0.002300635 0.003953931 0.002596335 0.003013806 0.002749768 0.006238245 0.002316762 0.001391808 0.006113685 0.001724656 0.003581105 0.004368136 0.004506275 0.001772089 0.003982536 0.004489638 0.002679127 0.001321954 0.002867129 0.001128084 0.003671424 0.005898159 0.004043915 0.001922706 0.003079027 0.004854099 0.002710276 0.002032645 0.002326138 0.001394162 0.004403206 0.00271617 0.002454603 0.001700543 0.004617434 0.009541913 0.002422757 0.001015519 0.001925462 0.002456209 0.002717549 0.004589257 0.0028837 0.002372186 0.002593853 0.003638047 0.003954077 0.001387118 0.001801194 0.001365921 0.002584753 0.003845235 0.003586037 0.002020472 0.003460587 0.004596837 0.004303745 0.001715269 0.00265085 0.001429164 0.002984912 0.004571266 0.002956424 0.002486142 0.003090945 0.005444407 0.003060391 0.001559325 0.003240202 0.001784378 0.003592612 0.003011429 0.004668266 0.001701391 0.003145396 0.003457665 0.004978484 0.001327172 0.00174675 0.00279241 0.002931341 0.003646669 0.002665354 0.001708403 0.002636699 0.004445599 0.003407534 0.001561835 0.002107837 0.001736263 0.00453367 0.003410629 0.003085821 0.001092399 0.003503079 0.004844921 0.002632208 0.002004556 0.002568197 0.001446077 0.002417738 0.003390327 0.004358156 0.001547439 0.003114581 0.003806793 0.003413795 0.002901528 0.002006932 0.001725497 0.002869874 0.005228716 0.004374853 0.001119093 0.003006237 0.006500892 0.003533568 0.001374198 0.001770591 0.001302446 0.003259469 0.00396125 0.002325371 9.86803E-4 0.002712018 0.004554222 0.00251261 0.001334391 0.001527633 0.001967265 0.003834385 0.002834152 0.00245012 0.00233173 0.003669255 0.004107959 0.003432962 0.00196837 0.002147393 0.001076618 0.002523792 0.00467353 0.002276055 0.001968873 0.003054066 0.004025011 0.002894544 0.001028737 0.003651648 0.003759352 0.002784032 0.003561984 0.005621586 9.61408E-4 0.002844735 0.003955542 0.00744282 0.001274335 0.00192675 0.001953276 0.005133683 0.010139824 0.00307984 0.001018097 0.002855998 0.004791381 0.002586506 0.002778731 0.002261335 0.001081641 0.002520151 0.002736816 0.004169928 0.001447575 0.005385709 0.004976038 0.003109172 0.001006391 0.002632686 0.007193844 3.14557E-4 0.003902053 0.003208699 0.001388774 8.82177E-4 0.005415318 0.003218397 0.002116529 0.001728958 0.001274233 0.004387465 0.005559713 0.002761263 0.001753372 0.003515111 0.004690059 0.002742165 0.00356996 0.001748234 0.001534793 0.002586873 0.00555545 0.003030706 0.001839334 0.002717251 0.007970567 0.003723542 0.002116642 0.00171046 0.003939201 0.003874826 8.95044E-4 4.32555E-4 9.65416E-4 0.004557756 0.00792938 3.20726E-4 0.00161028 0.001878918 0.006062147 0.002704925 0.004707378 0.003353823 0.001645639 0.002881162 0.005979067 0.004057948 0.001810248 0.001599625 0.003841264 0.004140741 0.004723181 0.002684639 0.001843518 0.005416446 0.005418281 0.003387451 0.002189606 

Timer for Syntactic Relevance:: 27.353345681
Timer for solver: 6.129593527
		WINDOWS8.SPLX	WINDOWS8_C50_0.TESTCASES
			Diag: [mandatory(MakeTheKeyboardEasierToUse, MakeItEasierToType1), (((~Bold \/ Bold1) \/ Bold2) \/ Bold3), ((~Microphone \/ Microphone1) \/ Microphone2), ((~Advanced \/ Advanced1) \/ Advanced2)]
			Diag size: 4
The size of Consistency checks: 750484
The number of Choco Solver calls: 850
The number of different: 3
The number of INconsistent: 19
The number of union: 159
The number of post constraints: 750484
The number of consistent: 831
The number of unpost constraints: 750484
The number of Consistency checks: 80

Timer for Syntactic Relevance:[thread=1]: 27.151751739
27.151751739 
Timer for solver[thread=1]: 6.187674887
0.00283805 0.002199143 0.00170928 3.74472E-4 0.001947935 0.003244412 0.001828643 0.003106612 4.86186E-4 0.004692147 0.002278336 0.004694036 0.002872465 0.001971017 0.00408306 0.002522106 0.002513327 0.00205571 8.29272E-4 0.00402999 0.005207477 0.001182207 2.65124E-4 0.001540722 0.002566566 2.82447E-4 4.12195E-4 1.81801E-4 3.69441E-4 0.001537119 0.006146699 0.002360091 0.003327098 0.00246456 0.003726391 0.003024767 0.002508342 0.003660178 0.005018416 0.002144751 0.002419559 0.002050088 0.001407292 0.003729047 0.00335139 0.003315023 0.002312181 0.001536676 0.003228398 0.001798566 0.002310445 0.006832529 0.00240674 0.003178325 0.002743075 0.00553228 0.009190444 0.00302098 0.003143415 0.003747205 0.00645152 0.003266592 0.003231751 0.003303743 0.003774141 0.003575559 0.005242893 0.007922547 0.003903712 0.007385252 0.006247628 0.006915986 0.005323518 0.00708499 0.008348384 0.009742184 0.007109339 0.009075762 0.01554902 0.00723492 0.009100473 0.007838132 0.009047395 0.008009238 0.009777538 0.007228555 0.008748652 0.013406687 0.014002636 0.009856927 0.018319084 0.004036977 0.005276602 0.004016161 0.004038616 0.008184037 0.004148461 0.004119806 0.006007323 0.004034676 0.005385547 0.004273193 0.00460472 0.006161708 0.006957418 0.004671489 0.004549294 0.005555582 0.006655888 0.007073951 0.00439734 0.005310026 0.005039894 0.006820246 0.004579082 0.005098928 0.004572157 0.005965569 0.005673724 0.010067995 0.008633903 0.005862828 0.005028136 0.004373561 0.004465643 0.00606605 0.006531607 0.004249783 0.010883639 0.004539668 0.003912677 0.004472515 0.008239519 0.004234128 0.004472408 0.004121494 0.006885941 0.004465527 0.005060496 0.004719383 0.005319465 0.006903822 0.007029053 0.004688594 0.005493087 0.010532621 0.006822295 0.00616255 0.008021622 0.007124375 0.004606143 0.004851699 0.008399452 0.004598581 0.004525332 0.005696261 0.004902307 0.004826749 0.005213305 0.004623738 0.005445077 0.007279925 0.010000823 0.004662686 0.004690335 0.00723407 0.005107496 0.005284049 0.004337197 0.004502634 0.004550022 0.006079208 0.007632551 0.00492081 0.004981513 0.004323664 0.004197773 0.00521575 0.005222086 0.007417548 0.005602891 0.004818164 0.004849441 0.004657895 0.005120728 0.006481898 0.004556525 0.005296981 0.011283677 0.008957706 0.00613634 0.006927053 0.007298306 0.006072678 0.007919567 0.009095352 0.005728051 0.007045582 0.00825459 0.010119595 0.007212852 0.019786148 0.010037476 0.009861008 0.015016937 0.012991428 0.01995078 0.012494088 0.010946485 0.014872692 0.011496693 0.020131188 0.009858393 0.015109394 0.009220179 0.012168362 0.012057801 0.011874105 0.011092053 0.013198236 0.012436855 0.01480135 0.009709104 0.01849953 0.012613991 0.020670996 0.012391961 0.013509143 0.011180719 0.010180298 0.009916403 0.004420696 0.00938385 0.016269901 0.008556028 0.004256448 0.010696761 0.015409804 0.013177232 0.005150014 0.00446351 0.005715877 0.010693626 0.019491737 0.009767944 0.004535236 0.010264585 0.017503071 0.010103569 0.00610553 0.00525948 0.006059412 0.012972511 0.0128096 0.00967018 0.006741762 0.011544605 0.012367671 0.017060493 0.006683429 0.011991192 0.004636831 0.01158057 0.011588638 0.013906699 0.004569091 0.011088197 0.02165877 0.010307436 0.006336363 0.006467974 0.005555075 0.010260449 0.011384682 0.010792354 0.00532724 0.013227144 0.015549149 0.015509752 0.004146507 0.004902826 0.006338589 0.01709006 0.011366995 0.017683609 0.006421708 0.009480853 0.013405087 0.012874658 0.006406621 0.005119639 0.010876274 0.013306702 0.012933592 0.022089407 0.005239227 0.011957856 0.020455392 0.013770106 0.006526167 0.004854119 0.00804694 0.014753048 0.012750789 0.01471838 0.004688644 0.012869625 0.01618346 0.015182026 0.006511242 0.005718201 0.006485349 0.012582844 0.0135113 0.011691009 0.005737002 0.013406293 0.015340748 0.013347214 0.007083122 0.006078647 0.006845149 0.018011732 0.013256129 0.012566451 0.007878687 0.013045447 4.70612E-4 0.015860941 0.005369463 0.004856865 0.008629044 0.014911192 0.018745486 0.010810065 0.009607267 0.014940501 0.028150169 0.015578415 0.009753661 0.006028332 0.009385578 0.015224499 0.020304489 0.015490115 0.010977189 0.017583864 0.017974952 0.018157844 0.010010461 0.009274089 0.006760328 0.01610648 0.016862847 0.018054577 0.007824404 0.014452373 0.016699024 0.013495903 0.008069163 0.006098568 0.008069344 0.013014466 0.016872571 0.016301969 0.00699638 0.015143025 0.019819784 0.013002985 0.009719724 0.004718725 0.007175472 0.013628576 0.012931369 0.015369745 0.007172011 0.016894287 0.017851192 0.016163462 0.005903065 0.006302138 0.0064181 0.016340432 0.016725098 0.013170487 0.007851652 0.013402147 0.017518819 0.012281981 0.007463099 0.004566752 0.006737756 0.018138566 0.012486806 0.013398574 0.005801772 0.015709703 0.015886172 0.014070649 0.00765231 0.006372098 0.007539189 0.019676164 0.017648661 0.01573037 0.013270129 0.016144248 0.022042013 0.0175435 0.007708616 0.010582361 0.007690723 0.016827492 0.015799584 0.01914245 0.007136086 0.017604161 0.018694951 0.01990828 0.008836289 0.005740005 0.010497523 0.015624992 0.015753918 0.014847386 0.007199392 0.018631461 0.020274624 0.020266341 0.008519939 0.007497317 0.009047664 0.017072841 0.016680427 0.017340087 0.010847489 0.018961112 0.020953574 0.018859183 0.00828199 0.008819523 0.00837426 0.016749396 0.022898168 0.01858319 0.01282906 0.019027983 0.025470786 0.018798882 0.008091462 0.006991604 0.01056797 0.018954922 0.024173841 0.017269695 0.012253571 0.019419491 0.025096917 0.0168826 0.007915123 0.006151256 0.007736458 0.013962231 0.019052577 0.014156686 0.006871861 0.014722632 0.026324512 0.017144963 0.00826258 0.004976143 0.007881941 0.016479279 0.018434597 0.012568699 0.008591901 0.013869017 0.028779392 0.014402886 0.005955144 0.007558505 0.006649041 0.014821255 0.021889277 0.015009871 0.008049584 0.014041244 0.027296894 0.015410071 0.005945423 0.007465755 0.005909998 0.013692686 0.024655477 0.011006691 0.011142192 0.015759275 0.019446941 0.019870637 0.00796032 0.008340485 0.006131045 0.012407755 0.017426004 0.01193589 0.00603505 0.014853325 0.023944933 0.014702911 0.006146855 0.004557351 0.005421534 0.010204892 0.011503956 0.009397353 0.004608295 0.011136245 0.013933022 0.012113455 0.004396187 0.003664223 0.006310327 0.010632828 0.013539672 0.011202506 0.004004251 0.012993829 0.013111153 0.010747262 0.00367547 0.0037825 0.004531414 0.012242939 0.01383328 0.010430042 0.003450052 0.010582171 0.014184999 0.01367675 0.003806464 0.003705503 7.6925E-4 0.009285717 0.019818221 0.008536967 0.001033366 0.019526765 0.013647213 0.009571689 4.8464E-4 0.002898505 0.003423471 0.008061392 0.019657409 0.002536834 0.001226706 0.002913814 0.010499303 0.004630831 0.001575365 0.001080307 0.001258082 0.003285823 0.005112761 0.004524377 0.002405579 0.004234209 0.004744165 0.003453002 0.001015399 0.001231217 0.001345003 0.005266895 0.005603735 0.002530238 0.001968731 0.004793578 0.005727652 0.002717005 0.00306691 0.002371303 0.001029625 0.003313951 0.004880565 0.005763535 0.001268031 0.002364606 0.005767982 0.002087354 9.28051E-4 0.001856543 0.001248548 0.002858734 0.002680834 0.004424069 0.003880347 0.003046172 0.003614883 0.002252869 0.001184004 0.002533955 0.001440212 0.002641753 0.003714935 0.003627916 0.001470876 0.00246857 0.004424964 0.003942244 0.003512128 0.004782243 0.001926554 0.003260166 0.0035087 0.003665531 0.002533244 0.00353702 0.004877533 0.004325497 0.001528188 0.002843622 0.001762347 0.002495086 0.0039401 0.002962409 0.001226896 0.003454607 0.00453594 0.00476655 0.001458923 0.002092941 0.001634701 0.003714248 0.003555727 0.003724877 0.00229036 0.002813776 0.004353557 0.003144714 0.001662695 0.001892429 0.00149101 0.002811015 0.004607003 0.002664708 0.002798029 0.003241274 0.004418056 0.003172851 0.001271584 0.002108884 0.001996384 0.002955178 0.004954346 0.003457061 0.001742318 0.002465055 0.004261924 0.002418625 0.001245721 0.002562436 0.002766749 0.002424016 0.003676174 0.003489274 0.001192769 0.002599914 0.004196247 0.004035175 0.001317593 0.00168999 0.001544557 0.003124501 0.005086923 0.002778693 0.001227932 0.003557619 0.006334009 0.003934205 0.001232539 0.001947533 0.001187386 0.004860894 0.004230136 0.002367828 0.001117883 0.003306653 0.004838777 0.003069417 0.001532494 0.00198886 0.003211623 0.005465003 0.003376107 0.003513749 0.001611565 0.003815215 0.005507623 0.002636728 0.002653264 0.002687803 0.001141621 0.003594363 0.004002995 0.004189181 0.001035811 0.002564351 0.004663124 0.003173881 0.003759119 0.001757553 0.001869424 0.00283662 0.003220077 0.002782039 0.002065856 0.002904527 0.00449621 0.004316303 0.005126642 0.001620487 0.001046398 0.003332871 0.00425609 0.002748903 0.001010455 0.002864997 0.004326739 0.002870799 0.001176289 0.002072663 0.001442867 0.002672437 0.003264911 0.002544045 0.002411905 0.002721343 0.004313366 0.002698068 0.001202329 0.002998994 0.001472189 0.002536281 0.004411707 0.005792537 9.30079E-4 0.002657882 0.00416361 0.004264352 0.001033974 0.001509838 0.002260766 0.002755096 0.005361055 0.00272966 9.98338E-4 0.002896434 0.003267082 0.002680592 0.001065748 0.001720581 0.001800331 0.002486028 0.003319507 0.00269206 9.73944E-4 0.008311549 0.003853729 0.003434319 0.002851782 0.003422237 0.002674375 0.002150181 0.003265431 0.002462473 0.00141263 0.008647644 0.003648599 0.004165595 0.001071461 0.001852791 0.001013205 0.006548073 0.003730794 0.004642348 0.0014329 0.004091779 0.005163985 0.004266017 0.001474722 0.001858928 0.002243063 3.20726E-4 0.004682931 0.002892367 0.002301072 9.31198E-4 0.004412873 0.003911014 0.002522597 0.00151579 0.001480358 0.002205155 0.005958541 0.004773478 0.002001547 0.002766199 0.00608308 0.005293629 0.001310016 0.003319418 9.90413E-4 0.0024857 0.002591468 0.002771397 0.00309003 0.003813309 0.004192493 0.002984498 0.00181605 0.001720716 0.002053361 0.00426068 4.04404E-4 2.63716E-4 0.001042739 0.003082806 0.005172486 3.2955E-4 0.001202091 0.002358862 0.001183265 0.002771473 0.003125726 0.002655175 0.00111315 0.003332855 0.003798115 0.002784499 0.001249119 0.002643455 0.001058791 0.002998001 0.005325073 0.007018448 0.001146306 0.004211455 0.006595263 0.003032148 0.001962162 

Timer for Syntactic Relevance:: 27.151751739
Timer for solver: 6.187674887
		WINDOWS8.SPLX	WINDOWS8_C100_0.TESTCASES
			Diag: [mandatory(MakeTheKeyboardEasierToUse, MakeItEasierToType1), requires(TurnOnNarrator3, TurnOnNarrator), (((~Bold \/ Bold1) \/ Bold2) \/ Bold3), ((~Microphone \/ Microphone1) \/ Microphone2), requires(SetupMouseKeys1, SetupMouseKeys), ((~Advanced \/ Advanced1) \/ Advanced2)]
			Diag size: 6
The size of Consistency checks: 2010564
The number of Choco Solver calls: 2320
The number of different: 3
The number of INconsistent: 39
The number of union: 221
The number of post constraints: 2010564
The number of consistent: 2281
The number of unpost constraints: 2010564
The number of Consistency checks: 111

Timer for Syntactic Relevance:[thread=1]: 53.360808411
53.360808411 
Timer for solver[thread=1]: 7.913634139
0.001926016 0.002456845 0.003304518 7.22299E-4 0.001521554 0.001746476 0.001603037 0.001797173 4.11121E-4 0.002949518 8.81249E-4 0.005845176 0.002143016 0.001977851 0.002874964 0.002668167 0.00342985 0.002062969 6.25324E-4 0.002794025 0.003312048 0.002783863 2.81195E-4 0.001659487 0.003766804 5.96782E-4 9.85363E-4 2.10148E-4 2.59323E-4 3.13571E-4 0.005481527 0.002914575 0.002123266 0.001858326 0.001373122 0.003806572 0.001387986 0.003640866 0.005635534 0.004663587 0.001425263 0.001352569 0.001735994 0.002525547 0.003734271 0.002930185 0.002461433 7.94897E-4 0.003879055 0.002106471 4.96346E-4 2.21915E-4 2.69031E-4 3.72924E-4 3.70387E-4 2.8732E-4 2.55196E-4 2.11248E-4 2.06739E-4 2.56082E-4 0.002135417 0.004294716 0.003891122 0.003270071 0.001807412 0.002007542 0.002380405 0.003165427 0.001739822 0.005061352 0.001525971 0.002107037 0.004161451 0.003983812 0.004469164 0.002043994 0.005338916 0.002826837 0.002346024 0.002453479 0.003329149 0.00411322 0.002667837 0.003170508 0.00389508 0.004033482 0.001778149 0.003128393 0.00213512 0.00245002 0.003977412 0.002159159 0.00765379 0.002434908 0.002860967 9.68904E-4 0.002159604 0.0037556 0.004331467 0.002848239 0.003205401 0.005163716 0.00322275 0.003974277 0.002818139 0.005576549 0.002774443 0.003161007 0.002683706 0.007403309 0.004689774 0.002959626 0.003017065 0.003509224 0.004238684 0.008407817 0.003118652 0.002943283 0.003481283 0.00368352 0.003824993 0.003302537 0.003623826 0.002725411 0.002724595 0.005119776 0.004382039 0.005131064 0.003646099 0.003263417 0.003744078 0.006401935 0.004390912 0.005109709 0.003094376 0.005916303 0.004547886 0.003894584 0.003628772 0.004078434 0.003414105 0.003261022 0.006302284 0.009493111 0.004014791 0.004956044 0.003609903 0.004054838 0.007377385 0.006559415 0.005433431 0.006454923 0.005623596 0.005527218 0.004832081 0.004842848 0.004949068 0.008368247 0.004779013 0.005509885 0.004830486 0.005986309 0.007225689 0.005563038 0.005273186 0.005505127 0.007408361 0.007543113 0.005424293 0.008807842 0.005372373 0.005661733 0.006968971 0.00449321 0.009587536 0.004599289 0.004682247 0.008944269 0.00702707 0.006161181 0.006763806 0.004617542 0.007113263 0.007617625 0.005217003 0.004752799 0.005054525 0.012085227 0.005766359 0.006502668 0.005791505 0.006047408 0.005306332 0.007026787 0.006186946 0.007811251 0.007669056 0.010588948 0.005253602 0.007398465 0.00605564 0.005052877 0.0079781 0.010419935 0.005818695 0.006651479 0.012001312 0.00602804 0.005667954 0.006735992 0.007464071 0.00620487 0.005313308 0.005131342 0.004110011 0.011446552 0.00441303 0.010629242 0.005233285 0.005028106 0.011608026 0.004037035 0.011288039 0.007715731 0.00450553 0.005225782 0.006980114 0.012631143 0.003644988 0.003837628 0.004340111 0.004905636 0.00521825 0.012911399 0.00432249 0.010934195 0.003816028 0.004868509 0.006020368 0.007007812 0.00414442 0.004990626 0.005566962 0.004962663 0.009667056 0.003997692 0.006524673 0.003671618 0.004136043 0.003457857 0.007070818 0.006378751 0.006167149 0.006637307 0.012470496 0.004001203 0.005447698 0.004914814 0.004560294 0.009502311 0.005015622 0.006739236 0.003936068 0.006531372 0.004740232 0.005604124 0.007135217 0.004576216 0.006317386 0.004360246 0.005765776 0.007569543 0.006671041 0.004278165 0.004964606 0.00904678 0.006541467 0.004718068 0.005108046 0.011369048 0.007179098 0.006160137 0.005430025 0.007387524 0.004185605 0.007282092 0.007873462 0.006428166 0.005142287 0.006554197 0.007982275 0.007216108 0.00450127 0.006926597 0.006703417 0.006606051 0.010134667 0.006733095 0.005439468 0.007886556 0.004737905 0.006299731 0.009274229 0.007153681 0.006316308 0.007335331 0.007740595 0.00696075 0.00588965 0.007435591 0.008881658 0.008788668 0.008770191 0.008276725 0.007347065 0.006590298 0.007302293 0.007446446 0.006656077 0.00599094 0.006978252 0.007400996 0.006558673 0.008048847 0.007376807 0.00987644 0.008163844 0.005613515 0.00760471 0.006804118 0.006681854 0.006461368 0.00618313 0.005832369 0.007138059 0.006548634 0.00495176 0.007603171 0.006844031 0.008024651 0.009638242 0.004674789 0.006140968 0.009358595 0.00598476 0.004866163 0.005462816 0.006128165 0.014495837 0.006344989 0.006910571 0.008548894 0.007491762 0.009386371 0.006591521 0.006757199 0.009139264 0.006971131 0.006987648 0.012367092 0.008071602 0.007965409 0.007993269 0.006324179 0.003670719 0.005285235 0.007546899 0.002708647 0.002430408 0.003493265 0.002941685 0.00286974 0.004261307 0.002849765 0.002947608 0.002698834 0.002562508 0.002795353 0.003330567 0.003436889 0.002981255 0.004031291 0.002984581 0.002759699 0.002589208 0.002532134 0.002857216 0.003290177 0.002425977 0.002399806 0.002718644 0.003464963 0.002573317 0.003430532 0.002860699 0.004966232 0.002638558 0.002741933 0.002636647 0.003283642 0.002439943 0.002315029 0.00289073 0.002491456 0.00255455 0.002579554 0.003360995 0.004043544 0.005201308 0.002259123 0.004038551 0.003785631 0.007834228 0.002244736 0.003176546 0.002389883 0.003543816 0.002867811 0.004380071 0.002854196 0.003251879 0.003577377 0.009859049 0.004539893 0.004407485 0.004479245 0.003061888 0.003122082 0.003622426 0.003567016 0.005256725 0.003035735 0.004049875 0.003541776 0.004320087 0.003209917 0.002543099 0.005182768 0.003348799 0.002468778 0.00375714 0.003778865 0.004241507 0.002534035 0.003070283 0.003426629 0.005385563 0.002459167 0.005093611 0.002980733 0.004341711 0.002492382 0.004205875 0.003396862 0.003339331 0.002496145 0.003909413 0.004187033 0.003719939 0.0031759 0.002529915 0.002913795 0.003246255 0.005302119 0.008414391 0.002774943 0.003343313 0.005964436 0.002404268 0.002238044 0.002329714 0.002857902 0.004630392 0.009163414 0.00271378 0.002173116 0.002347676 0.002434093 0.00995054 0.002202659 0.003409367 0.002586971 0.00370654 0.004340593 0.00378416 0.003997374 0.00295492 0.002907914 0.002241431 0.002250493 0.003906853 0.004822338 0.004621972 0.002907156 0.005127639 0.003802705 0.00275472 0.003163916 0.002976351 0.004758025 0.002677087 0.004127617 0.003809184 0.002969427 0.002049028 0.003063625 0.003865799 0.002541408 0.003441236 0.006365396 0.002209967 0.003052324 0.003632179 0.003900942 0.003578498 0.004170931 0.003734863 0.003756406 0.003578258 0.003825353 0.003207768 0.003971312 0.003179004 0.002117346 0.002251499 0.004032375 0.003087453 0.003418071 0.002197086 0.004798169 0.003990293 0.003988223 0.002990285 0.002015103 0.002852866 0.005070224 0.002244304 0.002696984 0.003221861 0.002684366 0.003803717 0.002163083 0.002638219 0.00223152 0.003250414 0.002392382 0.003776737 0.003246833 0.002512419 0.004769852 0.001870523 0.001963365 0.001752042 0.002012577 0.001834606 0.00324205 0.001753095 0.00227606 0.001823163 0.002148647 0.0016303 0.001694975 0.002418102 0.002018258 0.002099168 0.002384376 0.002681733 0.002392051 0.001918341 0.001752701 0.002191911 0.002466841 0.002556106 0.001898705 0.003346002 0.006127291 0.00189263 0.001465368 0.002298902 0.005873069 0.00217646 0.00274547 0.001936632 0.001865221 0.002184587 0.001675719 0.004900097 0.002497755 0.002168409 0.002160538 0.001940038 0.002372234 0.001967724 0.003272877 0.002029158 0.002737287 0.003714963 0.002393892 0.004301715 0.001927632 0.002847525 0.001879179 0.007703568 0.003912219 0.002170325 0.002000722 0.003572886 0.003787424 0.003841631 0.002734737 0.004174078 0.003467825 0.00210453 0.003612977 0.00258296 0.003052133 0.001967195 0.002212439 0.003774561 0.002622422 0.002551128 0.001860804 0.002349443 0.003318808 0.002359142 0.002057252 0.002516279 0.004252295 0.001904996 0.001882142 0.002127226 0.002976348 0.003009878 0.002005384 0.001994968 0.002812615 0.002991616 0.009642198 0.002172877 0.001776744 0.001873678 0.001647713 0.002228654 0.002537436 0.003447994 0.002357164 0.003582732 0.00297124 0.002748482 0.002032084 0.002024919 0.005891039 0.002553493 0.002897758 0.00218209 0.002544052 0.002046014 0.0019337 0.004206017 0.003143513 0.00212341 0.004352774 0.001786598 0.001965866 0.001878482 0.008728227 0.00213665 0.002430629 0.003495952 0.0018376 0.002791735 0.002372137 0.004649923 0.006299492 0.001798155 0.003528377 0.002874609 0.001923672 0.002254653 0.002000146 0.001557277 0.002558399 0.002118701 0.002317416 0.001984663 0.001860153 0.004286356 0.002700793 0.003067863 0.001713083 0.001768519 0.003473901 0.001966442 0.002754472 0.001860422 0.003114635 0.002396533 0.002065913 0.001815058 0.001608876 0.001439267 0.001884774 0.003132354 0.001745666 0.002023157 0.001810839 0.003585304 0.003509899 0.002366006 0.003429884 0.003852287 0.004947338 0.002281864 0.003849202 0.003098373 0.003378882 0.002213181 0.001982644 0.00366001 0.002963941 0.002231862 0.003267908 0.002466153 0.002273211 0.00307754 0.00195057 0.003131897 0.00307286 0.003433188 0.002355501 0.002722559 0.00353944 0.002348145 0.003152897 0.002446497 0.002677963 0.002115082 0.004875258 0.002142257 0.00211228 0.007113112 0.001777856 0.002595477 0.003900723 0.002900846 0.002283036 0.002186362 4.05421E-4 0.003787121 0.00274801 0.002068789 0.00434553 0.003389204 0.001952422 0.002217972 0.004963044 0.004297076 0.004767472 0.002877637 0.001802487 0.001788177 0.002564945 0.00214798 0.002247099 0.002260541 0.004054295 0.002093498 0.002513547 0.003789557 0.002175395 0.002652595 0.002605943 0.002270978 0.00382055 0.004114697 0.00265574 0.002693905 0.009611834 0.003900986 0.002236867 0.004310828 0.001851694 0.002104083 0.002744019 0.00256568 0.002043674 0.003644307 0.005457157 0.003646446 0.002350045 0.003153326 0.00801456 0.002355473 0.002019504 0.002199349 0.003438818 0.002407096 0.00151558 0.002577216 0.001774702 0.001664466 0.001624429 0.002615435 0.002077597 0.002024824 0.001582226 0.002189175 0.002566647 0.002450351 0.001705428 0.001776959 0.003490386 0.002188396 0.002021043 0.001874033 0.004226873 0.004163761 0.00177485 0.002108639 0.001594549 0.002883849 0.003859006 0.001742519 0.002014212 0.001921707 0.004073506 0.001984724 0.002962034 0.004879575 0.002176222 0.003344533 0.002320968 0.002176007 0.003354441 0.002146768 0.002673171 0.003561118 0.002563827 0.001872163 0.001646803 0.001871339 0.001843015 0.002000127 0.002517455 0.002250973 0.001602306 0.0018648 0.002431494 0.001944782 0.002985319 0.001714812 0.002452667 0.004246213 0.001825899 0.001797286 0.003488767 0.006420736 0.001949949 0.003126671 0.002386372 8.97903E-4 0.001233861 0.002702531 0.003650234 0.00410981 0.006089688 0.002295528 0.002936916 0.003477893 0.001893582 0.002491407 0.00344591 0.00288186 0.003341516 0.002794306 0.004016645 0.004290468 0.001591432 0.003469021 0.001379282 0.001255152 0.001288375 0.002624748 0.003438856 0.003090378 0.001876238 0.003532243 0.00510615 0.004301285 0.001509525 0.004238253 0.003880317 0.004801977 0.00371893 0.006041042 0.004976258 0.003902557 0.002287597 0.004043336 0.002258489 0.00134895 0.001901634 0.003043982 0.002689693 0.003741411 0.002039475 0.004886439 0.003680718 0.003810135 0.001842697 0.003386151 0.00474043 0.003443137 0.003493002 0.003247843 0.004848627 0.004169812 0.003874532 0.0034 0.002063872 0.001807356 0.002679895 0.00653662 0.002379004 0.005934548 0.001524306 0.005895299 0.00482296 0.00661801 0.001864407 0.00440261 0.005491342 0.004647541 0.003047582 0.003606364 0.005743382 0.007392836 0.001732783 0.00289549 0.002403616 0.001667028 0.001261221 0.002927585 0.003853792 0.003727973 0.001705266 0.003185487 0.003068262 0.003838017 0.00365788 0.002200369 0.005680669 0.00957786 0.004849982 0.003267767 0.00426935 0.003354981 0.001765392 0.003191653 0.001674159 0.001303551 0.001416678 0.00373678 0.003465752 0.003088339 0.003646072 0.003021248 0.004977298 0.005078773 0.002184582 0.005674754 0.00557837 0.004961005 0.004981921 0.004093588 0.003783266 0.005600355 0.003059165 0.004253629 0.001627534 0.00175563 0.001564109 0.003219277 0.003660241 0.00575965 0.004885592 0.003115243 0.004319257 0.002767812 0.001379396 0.002981389 0.006594518 0.002262088 0.002181201 0.003276344 0.004549268 0.002840125 0.002711686 0.004874781 0.0016557 0.001417692 0.001631726 0.004443662 0.002631003 0.003102197 0.002575258 0.006424032 0.009283517 0.0030495 0.001314618 0.003174959 0.004770213 0.005242234 0.004923227 0.003591253 0.003718894 0.002990878 0.00149156 0.003216516 0.001950339 0.001469945 0.001215969 0.003735189 0.004393998 0.002477131 0.002288219 0.003172111 0.005123137 0.006710031 0.001683267 0.004020149 0.003430758 0.002801157 0.002870105 0.002900897 0.004586658 0.003101573 0.001647569 0.003997781 0.001495619 0.00175391 0.001796805 0.003995152 0.004637816 0.005130568 0.001668574 0.003450072 0.005297453 0.004300207 0.003954325 0.003525772 0.005190857 0.002998778 0.002816141 0.00425045 0.005717876 0.00443549 0.006925786 0.003189274 0.002233344 0.002500623 0.004342699 0.005151101 0.00514106 0.003903685 0.001857678 0.00392833 0.004089875 0.002959729 0.001637418 0.004629579 0.003674383 0.004436681 0.003332722 0.003059216 0.006481818 0.002113606 0.002034461 0.003406432 0.00290141 0.001264213 0.001676933 0.003667037 0.006188286 0.007730072 0.001612062 0.002678058 0.004565389 0.002553868 0.001349641 0.00211969 0.004906491 0.004854029 0.004179145 0.002790699 0.00374484 0.002508866 0.003131878 0.005216276 0.001877343 0.002174944 0.002788496 0.005686475 0.003998011 0.003382779 0.001635337 0.003848514 0.003924637 0.002666016 0.002125366 0.002447191 0.004319419 0.002649946 0.004016229 0.003805418 0.003504729 0.002487151 0.001426418 0.00365104 0.00111473 0.002162072 0.001209219 0.001908153 0.002806078 0.002389763 0.001086324 0.002142612 0.003582972 0.003967804 0.003340677 0.002066239 0.002415273 0.001772055 0.001806929 0.007011141 0.0025932 0.002271886 0.002005165 0.001999369 0.001254989 9.14554E-4 0.001086147 0.001716174 0.005853712 0.00192121 8.90737E-4 0.002430919 0.003058133 0.001752298 0.001167113 0.002589343 0.004415633 0.004035557 0.002641916 0.002110673 0.002442948 0.001774443 0.001020069 0.002207272 0.001163402 0.001715041 0.001431301 0.001925069 0.003169896 0.003021094 8.47861E-4 0.006417341 0.005634808 0.001775947 0.002019581 0.003678568 0.004083088 0.002567551 0.003339409 0.003328646 0.003332608 0.002146432 0.002377108 0.003771535 0.001299368 0.00154823 0.002785206 0.004267214 0.004499781 0.002097988 0.001948511 0.002943533 0.003103465 0.002024385 0.001443391 0.002526992 0.006034475 0.002195718 0.002161393 0.002585784 0.004611837 0.002195951 0.001252865 0.003425477 0.001653854 0.001212768 0.001225436 0.001908818 0.004473451 0.002576418 0.002782771 0.002135721 0.005272125 0.002601945 0.001651832 0.002142278 8.39847E-4 0.004086998 0.003297579 0.002335568 0.003121588 0.002336875 0.001584595 0.002323721 0.001126883 0.001697348 0.001208912 0.003457865 0.003005534 0.002148187 0.001156913 0.002357967 0.004088162 0.002623601 0.001252337 0.001830572 0.00426747 0.002513565 0.003077244 0.002175518 0.00451243 0.002112134 0.001192029 0.00215286 0.00135725 0.001941363 0.00345496 0.002117694 0.004046958 0.002274138 0.001930709 0.00450523 0.003498729 0.002653689 0.001090315 0.001700157 0.008145456 0.002008204 0.002820441 0.002433899 0.003402391 0.002952933 0.002426978 0.002492839 0.001189213 0.00268482 0.001458195 0.00350597 0.003497277 0.001886454 0.001014632 0.003890565 0.005099984 0.006847821 0.001127798 0.001899009 0.003135084 0.003172906 0.002067852 0.003413301 0.002716589 0.001999948 0.001237894 0.002421648 0.001045158 0.001012762 0.002304094 0.002064286 0.003311449 0.001801588 0.005812702 0.00204527 0.003884028 0.00192156 9.07751E-4 0.006986595 0.00257325 0.004367877 0.001937495 0.002178644 0.003724934 0.002503195 0.001007299 0.00713377 0.001206196 0.001053693 0.001052415 0.002098307 0.003120456 0.002907035 0.001216118 0.00264715 0.004274762 0.003066335 0.001233877 0.002580277 0.003676729 0.003119828 0.003835135 0.002034967 0.00306644 0.003309188 0.001593549 0.003113291 0.001312436 0.001318095 6.0902E-4 0.002048297 0.005328147 0.00205843 3.04257E-4 0.002149765 0.005326978 0.002015825 2.49804E-4 0.00161137 0.003891578 0.00186148 0.003063026 0.002272043 0.002811034 0.00220937 7.96157E-4 0.004733651 4.51483E-4 0.001083902 0.001046008 0.002275021 0.00320916 0.002012292 0.00120906 0.002247854 0.003319395 0.002347536 0.001244961 0.002133178 0.00330975 0.002056149 0.00283365 0.003198295 0.002369297 0.002856604 0.002044696 0.001902861 0.001567466 0.001047505 0.002716131 0.003531124 0.002459061 0.002199737 9.57409E-4 0.003022129 0.003490925 0.003319382 0.001682038 0.001642805 0.002346097 0.005574335 0.001906543 0.002147212 0.002308517 0.001757379 0.001028379 0.00210051 0.001116024 0.001774627 9.21536E-4 0.001617631 0.002710742 0.001749409 9.65751E-4 0.002284159 0.003575025 0.001825712 0.001086594 0.001636454 0.004264057 0.004235249 0.001991611 0.001821673 0.00256483 0.001765572 0.001199412 0.001841603 9.91625E-4 0.00291498 0.001209411 0.002296427 0.004114914 0.003919885 0.001547413 0.00259401 0.003595678 0.001740736 8.33024E-4 0.001517975 0.002319165 0.002575066 0.003629792 0.002870434 0.003311021 0.00381167 0.001054421 0.001917334 0.00278811 0.001021879 0.00306605 0.003767158 0.002496263 0.001864621 0.006239602 0.001899754 0.003170121 0.002655948 9.89138E-4 0.001833846 0.002334956 0.002685748 0.001818177 0.006733168 0.002267281 0.001761119 0.0016487 0.001896497 9.24157E-4 0.001061139 8.89944E-4 0.002850198 0.004044444 0.001895238 0.001952128 0.001767912 0.00298514 0.001995657 0.001109466 0.002308277 0.005452472 0.002246746 0.002234723 0.002235309 0.004004914 0.002086284 0.001198227 0.002036347 9.51912E-4 0.001298092 0.001072399 0.001683187 0.002724369 0.001863757 0.002446481 0.003965212 0.002958469 0.002329185 8.97521E-4 0.00242376 0.002476819 0.002356899 0.00188361 0.001663796 0.00234847 0.001814623 0.001537931 0.003115252 0.001121306 8.14026E-4 6.38838E-4 0.00230621 0.001892109 0.003370146 9.37628E-4 0.002142018 0.002744351 0.001483798 0.001286027 0.001721846 0.002598047 0.001844123 0.001606181 0.001388281 0.005809331 0.005595376 7.87874E-4 0.001302488 7.49648E-4 8.25888E-4 7.96608E-4 0.001469669 0.0028504 0.001395052 7.22903E-4 0.0022471 0.003366874 0.002845532 0.00127127 0.001523679 0.003057045 0.00179855 0.003252911 0.001776786 0.004082808 0.004146204 0.001617736 0.007060472 0.001170357 0.001312852 0.001413383 0.004586797 0.002775495 0.002598732 0.001153672 0.005403939 0.005140033 0.002987081 0.001283971 0.001736146 0.003849295 0.001998888 0.002132219 0.002127427 0.003586595 0.001980813 0.0013688 0.00331253 0.001034636 0.001274239 0.002109348 0.001746177 0.006432199 0.003383044 9.23752E-4 0.001885731 0.003112874 0.001966768 0.002370805 0.002293603 0.002369281 0.003289336 0.001836271 0.003374203 0.00522873 0.004183198 0.001831931 0.001896212 0.00149067 0.001113019 8.43742E-4 0.001838746 0.003044187 0.004265364 0.005463647 0.002096659 0.0030378 0.002829247 0.001974353 0.00185674 0.003480771 0.00220114 0.004767374 0.00279589 0.003340224 0.003236906 0.001504953 0.003103048 0.001300428 0.002521747 0.00248241 0.002684465 0.003388074 0.00234515 0.001102087 0.002716475 0.006913777 0.003928141 0.001374733 0.004058697 0.003876597 0.002705871 0.003297438 0.004096719 0.00369193 0.003256171 0.001428721 0.003957209 0.001689549 0.002765385 0.001585432 0.002916468 0.003459365 0.004158583 0.001396499 0.004144402 0.004332108 0.003177171 0.002606978 0.002637828 0.005820109 0.0028701 0.002884771 0.00345978 0.006363648 0.00468489 0.002607818 0.003246642 0.001923071 0.002020406 0.001070088 0.002458008 0.004445928 0.002604205 0.001197115 0.00371544 0.003695722 0.002307197 0.003069821 0.003598819 0.00501775 0.003265855 0.003644517 0.002331649 0.005677113 0.005272607 0.002867556 0.004010422 0.001161109 0.001616376 0.001105454 0.002746631 0.003629041 0.002490851 0.001209642 0.0054911 0.005561766 0.002684684 0.002588615 0.00662813 0.004986622 0.003137053 0.006314899 0.004221981 0.005072867 0.004250899 0.00207938 0.004305756 0.001716193 0.001832013 0.002696962 0.006445785 0.003749034 0.004696734 0.001728587 0.004908897 0.004748059 0.00408424 0.002747294 0.004366479 0.00432343 0.005257102 0.003756453 0.002872927 0.009950331 0.004398783 0.001202025 0.004431829 0.001948478 0.001428313 0.001189175 0.003230784 0.006698151 0.002593367 0.002258415 0.005836978 0.006676109 0.005200681 0.002647693 0.003121976 0.003063375 0.003574078 0.004064246 0.004277843 0.004658005 0.003867045 0.002842175 0.003380784 0.002115817 0.00240721 0.001119147 0.00276898 0.003122209 0.00242274 0.001034986 0.003117951 0.003832465 0.002702845 0.001041131 0.002982912 0.003015132 0.002655319 0.003407525 0.003145342 0.004449847 0.00274248 0.001248921 0.002585477 0.00202939 0.002134438 0.001237663 0.002667912 0.003437175 0.002520427 0.001126015 0.003528419 0.004365331 0.002793325 0.001988225 0.002436459 0.003738752 0.004759931 0.00463766 0.004026198 0.00662635 0.00219628 0.00103178 0.002454182 0.00110005 0.001561454 0.001999423 0.004048484 0.003434965 0.004073489 9.64437E-4 0.002435247 0.003577759 0.007689956 0.001175438 0.003221304 0.005874454 0.004517232 0.004507019 0.003266744 0.005971881 0.004757547 0.001782709 0.005754112 0.002695635 0.002720907 0.001974461 0.003361981 0.006417548 0.003182487 0.002095225 0.002842538 0.004489466 0.00318339 0.001399224 0.004678846 0.003688047 0.004908485 0.00622445 0.004367973 0.004294155 0.00666164 0.001333172 0.004406652 0.00247646 0.002371706 0.00281797 0.00368341 0.00642526 0.004260224 0.001581383 0.006435647 0.00582729 0.003971621 0.003551771 0.003422902 0.005481936 0.003834864 0.004844501 0.003201339 0.004270249 0.002990677 0.004715515 0.002875612 0.002304875 0.002035821 0.001321526 0.00427661 0.003276767 0.002954627 0.004723458 0.003655324 0.010656572 0.002996152 0.001781267 0.003881639 0.004315874 0.004210948 0.00329937 0.003551459 0.004112719 0.005151829 0.001855555 0.004155681 0.001635876 0.002208287 0.003023493 0.003722466 0.009417 0.002892009 0.001411304 0.005275373 0.006290607 0.00446468 0.001342107 0.00296567 0.005012738 0.00294935 0.002948011 0.003033354 0.008757601 0.003902272 0.003299092 0.003443453 0.001758581 0.006384882 0.001057402 0.003261418 0.002837187 0.00959118 0.001273455 0.004729112 0.009536846 0.003243384 0.002543083 0.003686997 0.003367642 0.002314475 0.003783229 0.003565655 0.004519397 0.00234662 0.001688726 0.004403771 0.002529506 0.002136114 0.001889182 0.004563144 0.004772786 0.002997061 0.001300425 0.004287141 0.005731016 0.003493889 0.001912909 0.003276083 0.005527441 0.003332669 0.00299114 0.002373529 0.003901966 0.004179679 0.003988991 0.004056929 0.001602653 0.001799849 0.001282243 0.003776572 0.003424169 0.005425787 0.002021656 0.003797441 0.007299358 0.003267622 0.001189307 0.004803625 0.004028262 0.003523972 0.004076988 0.002725931 0.003767803 0.005719569 0.001778265 0.0037019 0.002527388 0.001954801 0.001469585 0.003004542 0.008727881 0.004518384 0.001750234 0.007495128 0.004728756 0.002619316 0.001869795 0.005369624 0.004074102 0.003973504 0.002686534 0.003637309 0.00589608 0.004158733 0.001538533 0.003647941 0.001374245 0.001620336 0.004758231 0.003335693 0.005548797 0.00255884 0.005746497 0.002371274 0.005737113 0.005202763 0.001354707 0.00391051 0.004710147 0.003986338 0.002809975 0.002372533 0.009354259 0.003595571 0.001391109 0.004304474 0.006541241 0.001138524 0.00141554 0.004058821 0.00958291 0.003563063 0.001339075 0.004447947 0.008991153 0.002577816 0.001971418 0.004747906 0.005089191 0.003219335 0.003965119 0.003580519 0.004248317 0.002738544 0.001524201 0.004289885 0.001568009 0.002332556 0.001479445 0.003433537 0.004345039 0.002548521 0.002109317 0.002839134 0.005703411 0.002745076 0.001458978 0.002883604 0.003964662 0.003687619 0.002835465 0.002869094 0.00480509 0.002443113 0.002802608 0.003162263 0.002937227 0.001893977 0.001198708 0.002964962 0.004868093 0.002602566 0.001575395 0.002952492 0.00501177 0.004602455 0.002573905 0.002756991 0.003061666 0.003435078 0.003827507 0.007018589 0.003626633 0.00248761 0.001314894 0.003917659 0.001289992 0.001559213 0.001165382 0.005464751 0.007991055 0.002576426 9.10296E-4 0.002344762 0.007390331 0.002763284 0.001284332 0.003484946 0.004836137 0.003173397 0.005060823 0.004874176 0.005517406 0.002239209 0.001191339 0.003031088 0.00201068 0.004070129 0.001520437 0.002606451 0.004458946 0.003231305 0.002036699 0.003627999 0.005315326 0.005445895 0.001082668 0.005060564 0.003518122 0.00662205 0.003113163 0.004847095 0.003561373 0.004962229 0.003082822 0.003442599 0.001825399 0.001557462 0.001570613 0.004669285 0.006382957 0.006601273 0.001166381 0.005013327 0.005058099 0.002914562 0.001128819 0.003981718 0.00427035 0.003863136 0.00291977 0.003051633 0.004550548 0.004011236 0.001253331 0.003366765 0.00185219 0.00297422 0.001209583 0.003870993 0.007316404 0.002384274 0.001541492 0.002816364 0.006368116 0.00258324 0.002547891 0.006827125 0.003752979 0.002501633 0.004823073 0.002605343 0.004837544 0.002987741 0.002534952 0.004766865 0.001215273 0.002362153 0.002116664 0.004041393 0.003524767 0.009323239 9.2386E-4 0.002925552 0.004700794 0.003640358 0.002389187 0.003891521 0.004102787 0.003208044 0.004456493 0.003066234 0.004394965 0.004233176 0.001546056 0.003568036 0.002813872 0.001794227 0.002148567 0.00356175 0.00471541 0.002668106 0.001120243 0.007303624 0.004273125 0.00287082 0.001071303 0.003151364 0.004661237 0.004912779 0.002753085 0.002915096 0.006726135 0.007138733 0.001298578 0.002648308 0.001269453 0.003482814 9.76064E-4 0.002615796 0.003845913 0.004906724 0.001234212 0.002583283 0.00428642 0.005607526 0.00610815 0.00254902 0.003274359 0.00229375 0.002817818 0.00226724 0.003046834 0.002845319 0.00232338 0.002956987 0.002133202 0.001977256 0.001065191 0.002380278 0.002999731 0.002997546 0.001539607 0.003869178 0.00471538 0.003087839 9.90424E-4 0.002496609 0.003472471 0.004328787 0.004000442 0.002600893 0.003306642 0.004054158 0.001639204 0.003255781 0.001445146 0.00168918 0.001301806 9.73898E-4 0.003536232 0.003037019 0.00118859 5.91633E-4 0.004240783 0.003097674 0.001236974 0.002792979 0.004216627 4.76616E-4 3.44036E-4 0.003747928 0.004370967 5.94186E-4 0.001076568 0.002395925 0.002780579 0.00244178 0.001570178 0.002700555 0.005439596 0.005254238 0.001621813 0.005172834 0.006285119 0.006852704 0.001012075 0.002944868 0.003109807 0.002394683 0.007448248 0.002248382 0.005430015 0.002930888 0.001405955 0.005844646 0.001595181 0.001790939 0.002296611 0.0056679 0.008501761 0.002417526 9.45861E-4 0.00253727 0.007145577 0.002427794 0.002030566 0.002692602 0.005009211 0.002364589 0.00373164 0.002369764 0.00420526 0.002510388 0.001035386 0.002529482 0.00126878 0.001340622 0.001250387 0.004858102 0.002940398 0.002311259 9.77453E-4 0.003638065 0.003715043 0.004410027 0.001386255 0.002743259 0.004025822 0.003904063 0.002714206 0.00280268 0.003011384 0.002276567 0.001239337 0.002661534 0.001355192 0.002445926 0.001850136 0.002485076 0.003608127 0.004703579 0.002851167 0.003007964 0.003992837 0.002749453 0.001757472 0.002777784 0.003441467 0.002836136 0.002638881 0.002937467 0.001176593 0.003182702 0.001139391 0.00273628 0.001185053 0.001834549 0.002803913 0.004400035 3.05068E-4 2.45484E-4 0.002040524 0.0026125 0.003729259 0.001113733 0.001303987 5.62343E-4 0.003552016 0.002621857 0.002662974 5.48414E-4 0.004263637 0.004499555 0.001275835 0.001825871 0.001632148 0.003998991 0.001087668 0.002472167 0.003436441 0.006933302 9.69658E-4 0.002712581 0.003619682 0.00335989 0.002769691 0.005447369 0.003373845 0.002452215 0.002459537 0.003745715 0.003401888 0.00514649 0.001260448 0.006727952 0.001268581 0.0020545 9.45518E-4 0.002476298 0.00697842 0.002337037 0.001508326 0.007982512 0.003878905 0.002469729 0.003500419 0.00907846 0.003114321 0.002263534 0.002907752 0.00302662 0.002957953 0.002994711 0.001012725 0.002310841 0.001415016 

Timer for Syntactic Relevance:: 53.360808411
Timer for solver: 7.913634139
		WINDOWS8.SPLX	WINDOWS8_C100_0.TESTCASES
			Diag: [mandatory(MakeTheKeyboardEasierToUse, MakeItEasierToType1), requires(TurnOnNarrator3, TurnOnNarrator), (((~Bold \/ Bold1) \/ Bold2) \/ Bold3), ((~Microphone \/ Microphone1) \/ Microphone2), requires(SetupMouseKeys1, SetupMouseKeys), ((~Advanced \/ Advanced1) \/ Advanced2)]
			Diag size: 6
The size of Consistency checks: 2010564
The number of Choco Solver calls: 2320
The number of different: 3
The number of INconsistent: 39
The number of union: 221
The number of post constraints: 2010564
The number of consistent: 2281
The number of unpost constraints: 2010564
The number of Consistency checks: 111

Timer for Syntactic Relevance:[thread=1]: 46.198367575
46.198367575 
Timer for solver[thread=1]: 6.442650074
0.002609514 0.004875348 0.00136842 4.11179E-4 0.002772864 0.001696259 0.001365753 0.001426258 3.06841E-4 0.002269218 3.47668E-4 0.002872124 0.003483049 0.002145503 0.002120862 0.002400227 0.002126216 0.002192728 5.77107E-4 0.00150184 0.001294227 7.08714E-4 1.575E-4 0.001022102 0.00114639 1.68198E-4 1.42553E-4 4.21952E-4 5.21654E-4 3.96454E-4 0.002355653 0.001778912 0.001301519 0.001674034 6.54244E-4 0.002162194 0.00124531 0.002116889 0.003487803 0.0012632 0.001920819 0.00168212 0.001899003 0.00214716 0.001710879 0.004492377 0.002853029 6.22931E-4 0.005132484 0.004941859 2.31588E-4 1.41987E-4 1.55111E-4 1.67425E-4 1.73054E-4 1.73043E-4 1.63414E-4 1.67439E-4 3.49949E-4 2.76607E-4 0.0052491 0.002136097 0.002056721 0.003865504 0.002891302 0.002741948 0.002998239 0.011017608 8.52082E-4 0.002297552 0.001222482 0.002728771 0.005873487 0.003918773 0.00347535 0.001391961 0.002379508 0.002528751 0.004057306 0.001701081 0.003096036 0.004191433 0.004710986 0.001956087 0.006028376 0.00448882 0.001157229 0.001535614 0.003143426 0.002627781 0.004875212 0.002203721 0.002247891 0.00279319 0.00245811 0.001824063 0.007209687 0.004058347 0.002154422 0.002349869 0.003810689 0.004927996 0.003587281 0.002775281 0.003005835 0.003177793 0.002805944 0.006032007 0.004291151 0.004562767 0.003366237 0.004406829 0.002811104 0.003739024 0.003120226 0.00395269 0.004127427 0.00460575 0.005431903 0.004525844 0.002857737 0.004263201 0.003743387 0.003262752 0.004431711 0.007702878 0.002849477 0.003114621 0.004063789 0.004436602 0.005240608 0.003424492 0.003833281 0.003489297 0.004310946 0.003149351 0.004900345 0.003276903 0.003578456 0.003323771 0.004332117 0.007909856 0.003649886 0.006139916 0.006584309 0.006099466 0.003838614 0.006466128 0.005902874 0.004805138 0.005148935 0.006950705 0.00673282 0.004892372 0.006952959 0.005925152 0.004835723 0.006380943 0.004667045 0.005980541 0.006651181 0.004749195 0.005363061 0.005502031 0.007959682 0.004380667 0.0038475 0.004536102 0.003842723 0.004518125 0.003532932 0.004667524 0.003905897 0.003562554 0.00356929 0.010957912 0.005362516 0.006464102 0.005598731 0.005904682 0.007726155 0.005954844 0.004665996 0.008571605 0.003515231 0.004008059 0.00464849 0.00454457 0.004532297 0.008611627 0.003618203 0.004752062 0.010987481 0.007522496 0.003800413 0.004265409 0.004561806 0.003659202 0.012578733 0.003717605 0.004893655 0.003750455 0.00568311 0.005094481 0.005093693 0.005076746 0.006762241 0.004124824 0.00428666 0.004382682 0.012415528 0.005260201 0.008384616 0.003645228 0.004414654 0.003810933 0.007601017 0.003798339 0.005032442 0.005336505 0.004359341 0.006691122 0.004015902 0.00810517 0.005775468 0.00517579 0.003824697 0.004050922 0.004251045 0.003972754 0.004467265 0.004154395 0.009283213 0.00647874 0.006444253 0.009757937 0.005978361 0.009568231 0.00366587 0.003956834 0.004216443 0.00638989 0.007113668 0.003760909 0.004717572 0.005820206 0.005288287 0.006722278 0.005499911 0.003688621 0.007249286 0.006025712 0.004570452 0.010256333 0.005771356 0.004081598 0.008690062 0.003974821 0.00420121 0.004353657 0.005227014 0.004144083 0.009827706 0.006118157 0.011705551 0.006741193 0.007116583 0.008822434 0.009923139 0.004307545 0.004440502 0.004988359 0.007983253 0.007332704 0.00507685 0.005444354 0.005424275 0.005603326 0.006087262 0.004741551 0.00560105 0.008938364 0.006906792 0.004415069 0.009980272 0.005989 0.005303865 0.011614147 0.006717301 0.006321015 0.006757457 0.006645761 0.004605952 0.008012845 0.007660499 0.004493554 0.007772313 0.004471854 0.006947304 0.004591139 0.007384029 0.004904531 0.005024602 0.005626012 0.006044564 0.004490639 0.005037496 0.005520113 0.00511196 0.010056659 0.003999111 0.00612983 0.007013262 0.005846429 0.004101945 0.003698565 0.004067555 0.004379242 0.003867141 0.004522416 0.005370192 0.003607611 0.004002454 0.006040146 0.004203527 0.007922402 0.005815985 0.003806504 0.007244834 0.004438599 0.004198728 0.005287241 0.005786716 0.004526516 0.006044508 0.006002963 0.005190163 0.005864619 0.00448849 0.007584634 0.003573544 0.003487673 0.004390768 0.006311895 0.009922011 0.004127504 0.006036483 0.007017406 0.004039541 0.004453959 0.006081635 0.006841527 0.003343358 0.004813097 0.006329065 0.003953314 0.006895699 0.006422473 0.006615544 0.007578473 0.006002413 0.006434365 0.005323531 0.007997205 0.002576308 0.002680831 0.003097752 0.00224107 0.002064171 0.001966943 0.005191872 0.002619931 0.005574309 0.003610696 0.0036836 0.001927967 0.002000305 0.002836153 0.003604258 0.004201561 0.003694591 0.002826205 0.004636551 0.002669729 0.00213733 0.006208164 0.001874847 0.001596228 0.001864537 0.004943395 0.002201464 0.002000423 0.001590735 0.003346196 0.002503447 0.003558311 0.003507088 0.002634708 0.004114821 0.003358465 0.002785923 0.001976795 0.004040175 0.002518305 0.003838617 0.0027978 0.001960343 0.002191988 0.004543373 0.005154664 0.001754097 0.001709655 0.00195525 0.002707678 0.002626959 0.001915818 0.001791972 0.003190256 0.002429168 0.002137481 0.002092209 0.002259288 0.002849625 0.002569896 0.001831224 0.002764986 0.003611672 0.001747213 0.001664164 0.004108758 0.005839214 0.003700956 0.003550277 0.001625143 0.002835994 0.004345405 0.002216232 0.003063829 0.004550823 0.001528341 0.001648666 0.001605614 0.001607135 0.003463956 0.00161034 0.00680627 0.001566859 0.001669979 0.001635 0.002145788 0.003165355 0.00201449 0.00180906 0.001877186 0.002020871 0.002583143 0.002418121 0.001850054 0.002628876 0.002745384 0.00205849 0.001796791 0.001790765 0.004112101 0.004924555 0.001744978 0.00190978 0.002572246 0.00281482 0.006979204 0.003971363 0.002501828 0.001878388 0.007579253 0.00199728 0.00247726 0.003926924 0.003242011 0.003586997 0.004705536 0.002340309 0.002196992 0.003964577 0.001997475 0.00218743 0.002043456 0.001674763 0.001863702 0.002928736 0.002800167 0.001773062 0.001712306 0.001710994 0.00157006 0.002366737 0.002136115 0.002240939 0.003939462 0.003538832 0.006523014 0.001997663 0.002982955 0.005833761 0.001412604 0.001296335 0.001557366 0.00189228 0.00449479 0.003271174 0.001745226 0.004558316 0.003002726 0.004373045 0.003932147 0.003641438 0.002905145 0.001410974 0.002834803 0.005355579 0.001723605 0.001692198 0.00159026 0.001926369 0.002152088 0.001830662 0.001632651 0.001544033 0.003403256 0.001926513 0.002491165 0.00198815 0.001971491 0.00208582 0.002124284 0.001775419 0.002154668 0.001773039 0.001640039 0.001463848 0.003522696 0.001686712 0.001501815 0.001848995 0.00303134 0.004037825 0.002715531 0.001717892 0.002864353 0.001680041 0.001497535 0.001460674 0.001815939 0.00213919 0.005691232 0.001899716 0.003922443 0.001623084 0.002225412 0.001518651 0.002086565 0.001732219 0.001230686 0.001899126 0.00267642 0.002722661 0.007551816 0.001463722 0.002086711 0.003776503 0.001761055 0.003531292 0.003871313 0.001721108 0.001323168 0.001292925 0.001759455 0.001542121 0.001979418 0.001399231 0.001269418 0.001267452 0.001407905 0.002807152 0.001585555 0.0025298 0.002757017 0.005028939 0.001510553 0.001257345 0.001745884 0.002213023 0.003491865 0.00255018 0.001460763 0.002651147 0.002197937 0.001306888 0.001277766 0.001292327 0.001792563 0.001875774 0.002394334 0.001355889 0.001303034 0.001425625 0.001358176 0.001867757 0.0029885 0.001883973 0.00158734 0.001751937 0.001592942 0.001342356 0.002754001 0.001402813 0.007502129 0.001401391 0.002654036 0.001249976 0.001054144 0.002611449 0.002212647 0.003168471 0.002355901 0.003462749 0.002698645 0.003391463 0.002522117 0.004749922 0.0019762 0.006012511 0.001827323 0.001472465 0.007555946 0.001652998 0.002778399 0.003290734 0.003021694 0.001491631 0.001186668 0.001136695 0.001262305 0.002118339 0.00178884 0.001551567 0.002233421 0.001630052 0.004164156 0.001348646 0.001287445 0.00326351 0.005693769 0.002987165 0.001411961 0.002316907 0.002705903 0.002731967 0.001289179 0.002453343 0.001941345 0.001301666 0.001360016 0.001775921 0.002287223 0.0066267 0.002440448 0.001384834 0.001701591 0.00368507 0.002027275 0.001282084 0.002335578 0.001972344 0.001400936 0.001250523 0.002520235 0.001355233 0.001925612 0.005969103 0.001137442 0.001230853 0.002424814 0.003714608 0.003419227 0.00303139 0.001860054 0.002305257 0.001709281 0.001321021 0.001117685 0.001191835 0.002728522 0.001512143 0.00154672 0.003057044 0.005429967 0.001285952 0.001072882 0.001544081 0.001656909 0.002367103 0.001218462 0.001519392 0.002298403 0.00318078 0.003054398 0.001701309 0.003052509 0.001365978 0.001176804 0.001223368 0.001922298 0.003555878 0.005511465 0.001451223 0.001976575 0.001374379 0.002165336 0.002228821 0.001462767 0.001223161 0.001220603 0.001923315 0.002238901 0.002417822 0.001650445 0.002922019 0.003155407 0.002618422 0.0044323 0.00152097 0.001623151 0.001312741 0.001791386 0.003552714 0.003957863 0.001475024 0.001265785 0.00153878 0.001981658 0.001458172 0.003272463 0.001812482 0.002545185 0.001544573 0.001334276 0.001936821 8.99153E-4 0.00445697 0.001409817 0.001212988 0.001727598 0.001582071 0.001636705 0.001760328 0.003075128 0.002816483 0.001860916 0.001385247 0.001094184 0.002658001 0.00750436 0.00298032 0.001813949 0.002194811 0.001271248 0.001473454 0.002135771 0.002034036 0.003319796 0.001264926 0.002219774 0.001766327 0.002170915 0.002225723 0.00166524 0.00216844 0.001966534 0.001568989 0.003278206 0.00162409 0.002022941 0.002144297 0.00195177 0.002675205 0.002458376 0.001339332 0.001488566 0.001936393 0.002868501 0.002351822 0.002954341 0.001493684 0.00156545 0.002909768 0.005432711 0.001906071 0.001394081 0.002479014 0.001206707 0.001044737 0.001032366 0.00139046 0.003750999 0.002929103 0.001096725 0.001296305 0.00159577 0.001971806 0.001339672 0.001180532 0.002778161 0.001446795 0.001389566 0.001455908 0.002459512 0.004666335 0.001761082 0.00165083 0.001350176 0.001954813 0.00178761 0.001447122 0.00189154 0.001510616 0.002056419 0.002363164 0.001940859 0.001501012 0.002814678 0.00153469 0.003514295 0.001665182 0.001647082 0.002131966 0.001794676 0.001649571 0.00162283 0.003501338 0.002856125 0.001136467 0.001207265 0.001481661 0.001886514 0.002092997 0.001662553 0.001569738 0.001610628 0.001560778 0.001295453 0.00218089 0.00164984 0.001475601 0.003030904 0.002642564 0.003970571 0.001510263 0.001978741 0.001396049 0.001202129 6.96466E-4 0.001147267 0.001567237 0.003365233 0.003000154 8.47251E-4 0.002231785 0.00252337 0.001950819 0.002131804 0.001697771 0.003865923 0.001729429 0.001723973 0.002222933 0.002964184 0.00254925 0.001012919 0.002624484 0.00262138 0.003936774 8.34543E-4 0.001546727 0.002715515 0.003400926 0.001453855 0.004071176 0.003030439 0.001804153 8.45629E-4 0.002697499 0.004152573 0.006261827 0.003863148 0.002907024 0.004286474 0.002599282 0.00142332 0.002478125 0.002055209 0.001624381 0.001371318 0.002818305 0.002402564 0.004525208 0.001171956 0.004408015 0.005296803 0.002238241 0.001024592 0.002385254 0.002191953 0.004658842 0.003686886 0.004475953 0.002944519 0.004094506 0.001704072 0.00364222 0.001557368 0.001071331 0.00161803 0.00211791 0.004374813 0.007409139 9.48317E-4 0.002069776 0.003443711 0.002712501 0.001994066 0.002255503 0.002422698 0.005075628 0.002137503 0.003201731 0.003121398 0.002600486 0.002157524 0.003381989 0.003083344 0.002048774 0.00177156 0.00384456 0.002569118 0.002839769 0.002644945 0.003619305 0.010229884 0.002288682 0.001129561 0.001704543 0.002906018 0.00489577 0.002282743 0.003986858 0.005932643 0.002418942 0.003222122 0.002527705 0.003895242 0.002236545 0.001024683 0.001707722 0.002859919 0.003519355 9.7996E-4 0.004217872 0.005443585 0.002180812 9.9179E-4 0.00230185 0.004043149 0.001954041 0.002808505 0.00364577 0.004680519 0.002441637 0.003055968 0.003812006 0.004393664 9.80977E-4 0.001970216 0.003364412 0.003181316 0.00447864 0.00275336 0.003916752 0.002761956 0.002974814 0.002326812 0.005320215 0.004128852 0.001594309 0.001647961 0.003194213 0.007432217 0.003947901 0.004013054 0.00223087 9.95145E-4 0.002051986 0.002347481 0.003377115 0.002175966 0.00417387 0.001107055 0.002241576 0.003077504 0.003098659 0.002942622 0.007493199 0.002230887 0.002134655 0.002766955 0.002677045 0.002940081 0.002072077 0.001865603 0.005169272 0.001491552 0.001565819 0.001486799 0.003660406 0.003323795 0.0017876 0.001594395 0.002117096 0.010821309 0.002035721 8.46985E-4 0.00702057 0.004365474 0.002138517 0.002409989 0.001689865 0.001853886 0.001932638 0.001121747 0.003179909 0.001286959 0.001147627 0.001328454 0.002177882 0.006752102 0.002938071 0.006418127 0.00206313 0.003550485 0.003140756 0.001305135 0.003673342 0.002510324 0.002827697 0.003644588 0.00246501 0.002717995 0.004699433 0.002563894 0.001955405 9.77544E-4 9.71715E-4 9.04952E-4 0.001854215 0.003693489 0.001783337 0.001241816 0.004977081 0.005396922 0.001522628 8.45056E-4 0.00180828 0.002246625 0.003285417 0.003028744 0.003769912 0.003337407 0.001801471 0.001979806 0.001624367 0.001561083 0.005303948 0.001849185 0.001831086 0.002596439 0.002804037 0.002349243 0.001574875 0.002964969 0.001723721 9.24723E-4 0.001482891 0.003715088 0.001491896 0.002054153 0.001746653 0.00360869 0.001999592 0.001047811 0.003725609 8.33068E-4 0.001129265 0.001675136 0.001685024 0.002970664 0.002595668 0.001312857 0.003830247 0.002946268 0.004677041 0.001084274 0.004159553 0.002795742 0.002802838 0.001899818 0.001755463 0.002446767 0.002228677 0.005810223 0.002246077 0.001365809 0.001198751 6.39981E-4 0.001190072 0.001751936 0.001118152 0.001308345 0.004268228 0.003805459 0.001326022 7.39754E-4 0.001733919 0.003272309 0.002097891 0.002627383 0.001683013 0.002870529 0.001630382 8.02491E-4 0.001644713 9.05939E-4 0.001161922 0.003470465 0.001232501 0.001865383 0.001500843 9.00137E-4 0.004480993 0.003407377 0.001235326 6.3246E-4 0.001144392 0.002506925 0.001896945 0.001695103 0.001469259 0.002719743 0.004002 9.58619E-4 0.003279542 0.001462377 0.003847064 8.65451E-4 0.003028861 0.001644007 0.001496854 0.001394198 0.002114264 0.002577059 0.001512817 0.002954872 0.001339098 0.001724215 0.001268625 0.001254627 0.001400958 0.004741521 0.006116641 7.48346E-4 0.00203183 0.001132277 6.4757E-4 5.4718E-4 0.001180325 0.002398118 0.003767221 0.001104939 0.001924434 0.003876044 0.004315235 8.3026E-4 0.001270972 0.002643646 0.001810524 0.005842337 0.00130892 0.001568503 0.001332397 0.001310081 0.002329728 0.002051857 8.07917E-4 7.08345E-4 0.004673435 0.001846963 0.002311636 0.001207547 0.00141053 0.005325263 0.001903045 5.90932E-4 0.001915187 2.2292E-4 0.003310566 0.002060718 0.002286912 0.00178931 0.001175002 6.42827E-4 0.001654579 9.05924E-4 0.00145271 8.06495E-4 0.001815971 0.003411382 0.001840743 0.001615873 0.001657986 0.00485013 0.001300356 7.77073E-4 0.001439135 0.001857334 0.003653068 0.002032429 0.00165959 0.00184624 0.003102129 7.58362E-4 0.001295459 7.09027E-4 0.001028538 8.43971E-4 0.002310807 0.002193267 0.0012956 0.003757121 0.001778271 0.002363004 0.001627584 0.001503459 0.002340868 0.001640377 0.001235722 0.002367253 0.001568843 0.002326906 0.001378242 7.63222E-4 0.001293627 0.00148097 8.5035E-4 0.001392703 0.002926395 0.002503503 0.008083145 7.25856E-4 0.001299699 0.00468984 0.001565883 0.002601581 0.001482988 0.003119703 0.001972128 0.001531725 0.001333255 0.002091815 0.00133658 0.001224069 0.002292546 7.93817E-4 0.001002374 0.004658506 0.001774414 0.005620562 0.001636801 0.005842541 0.001456117 0.002838627 0.002041217 0.001323915 0.002281422 0.003137048 0.003582811 0.001300771 0.001372619 0.004267859 0.003052537 7.71672E-4 0.001447959 8.1181E-4 8.8294E-4 8.81926E-4 0.003421199 0.002355876 0.002401889 8.4667E-4 0.001914904 0.005104521 0.001354526 0.001064691 0.006979584 0.002003825 0.002336969 0.002019104 0.001955685 0.004673234 0.002075858 0.001450201 0.006670997 7.41273E-4 7.29726E-4 3.47405E-4 0.00183711 0.003650179 0.001677224 0.001582806 0.002770796 0.008532191 0.001360277 2.6134E-4 0.001177423 0.003104563 0.001976443 0.002265224 0.002161849 0.009301592 0.001220642 2.44594E-4 0.001316176 5.89429E-4 8.97998E-4 0.001827684 0.00133455 0.002440098 0.001621235 0.001576939 0.001430349 0.002178646 0.003906687 0.002985689 0.001165345 0.001660985 0.001333237 0.001875922 0.002252919 0.00202555 0.002304657 0.003589986 0.003914289 7.47806E-4 6.40663E-4 6.88781E-4 0.001883575 0.001603123 0.003116346 0.001724619 0.001559335 0.002184065 0.00121578 7.64641E-4 0.002046869 0.002991711 0.001831682 0.002076547 0.001778428 0.00170443 0.001436927 0.002120596 0.00194548 8.30664E-4 7.61855E-4 8.37713E-4 0.001755714 0.002435418 0.001724989 7.68114E-4 0.002037297 0.002371359 0.001575503 0.001043397 0.001295429 0.002540114 0.003741802 0.002635417 0.001285793 0.001540345 0.001848451 7.99132E-4 0.002367479 0.00328113 7.78572E-4 0.002482949 0.001295334 0.002065211 0.002276898 0.002348015 0.001367358 0.002442582 0.002662754 0.001282768 0.002608904 0.002897371 0.001852884 0.001432991 0.001439798 0.002188249 0.001424089 0.004682141 0.001297918 7.77475E-4 8.88426E-4 0.001044144 0.002529523 0.001840819 0.001594431 8.79459E-4 0.006106607 0.002451941 0.00125695 0.004307897 0.001341102 0.003247596 0.001534415 0.00246614 0.00180861 0.00269109 0.003823165 8.13402E-4 0.00128545 8.85888E-4 6.76991E-4 9.1995E-4 0.002993533 0.002165832 0.002453119 0.001125916 0.004324463 0.003103251 0.001238473 0.001278167 0.003590597 0.002642782 0.001502494 0.002277692 0.003064009 0.002729441 0.004804948 0.001076288 0.001253827 0.001186321 0.002882795 0.00100421 0.001417545 0.001843449 0.002818223 0.001560669 0.002911727 0.003440162 0.001925653 0.001764459 0.002776336 0.001851963 0.002907369 0.005847445 0.001335326 0.001724003 0.002014626 7.96153E-4 0.007000061 0.001254631 9.17575E-4 0.001510793 0.006992173 0.003461294 0.002182368 9.74559E-4 0.001376753 0.002387998 0.001440978 0.001622696 0.003239183 0.001733797 0.001360514 0.00140174 0.001876136 0.002852614 0.002995659 0.003339083 0.003505864 8.81653E-4 0.002401797 0.001289424 0.002588356 0.00162521 0.001279829 0.001859977 0.002333292 0.006900807 0.001587347 0.001134846 0.002438306 0.002787498 0.002288121 0.001762465 0.00400619 0.001967839 0.001384287 0.001160514 0.004343399 7.45256E-4 8.78658E-4 6.83717E-4 0.001544612 0.003302852 0.002293974 0.001540186 0.001590458 0.002298439 0.001990399 0.002598509 0.001571307 0.001907528 0.005617737 0.004345348 0.001263528 0.001732854 0.003842223 0.001167296 0.002495866 0.006273639 0.001384375 0.001221969 0.001618301 0.001845544 0.001714813 7.29595E-4 0.001974221 0.00300067 0.001290793 7.6854E-4 0.001621997 0.001670585 0.004498254 0.001961191 0.001404648 0.002754943 0.001851322 0.001393062 0.001576041 0.001422943 0.00145805 0.002950207 0.001467675 0.002939247 0.006131716 7.11883E-4 0.001297124 0.00270942 0.001573178 0.007575568 0.001754102 0.002547757 0.003515535 0.003207012 0.001579772 0.002452398 0.0017604 0.001106402 0.001425824 0.001735279 0.001107691 7.61763E-4 0.001429008 0.001976061 0.002112814 0.001282389 0.002177342 0.002793398 0.001516004 7.6842E-4 0.001427958 0.001883708 0.001927144 0.002506783 0.002030125 0.004275188 0.004303659 9.22396E-4 0.001679916 0.001082047 0.002234151 0.003382517 0.002748417 0.004367959 0.003668084 0.00135977 0.004705453 0.004028038 0.003651875 8.24262E-4 0.001717968 0.00336425 0.0027337 0.002774214 0.00174146 0.002499599 0.002396778 0.001258031 0.008370275 8.96889E-4 0.001312444 8.19468E-4 0.002390412 0.002845907 0.002307289 0.00346752 0.004898352 0.004455899 0.004031391 0.001032659 0.008647023 0.002628669 0.003185118 0.002010022 0.002743422 0.003912329 0.003264539 9.76715E-4 0.002054992 0.00117207 0.001529235 0.001793798 0.002363265 0.003590018 0.003709782 8.15908E-4 0.001869938 0.003269138 0.00313542 0.003565507 0.002557205 0.00594118 0.001842643 0.002442097 0.003878933 0.002744448 0.003614169 0.001963585 0.001689827 0.001421839 0.001360502 0.001436935 0.008073518 0.002098383 0.001866174 0.001620351 0.002787386 0.003281723 0.002651661 0.00104183 0.002289063 0.002933174 0.003658013 0.002167449 0.002627281 0.003209976 0.002706119 0.001678789 0.002999047 8.55822E-4 0.001673701 8.31627E-4 0.00181465 0.001977602 0.002101437 0.001604639 0.001928741 0.002485688 0.001523661 6.66628E-4 0.001865034 0.003263393 0.002696174 0.001737204 0.00215913 0.003582148 0.001657889 0.001168563 0.006150856 0.001039628 0.002940751 0.002074764 0.002884354 0.003591397 0.002554282 8.5807E-4 0.001922829 0.003466802 0.001872886 0.004866477 0.001789635 0.002181727 0.002055297 0.002324596 0.003265466 0.003657927 0.004692456 8.80877E-4 0.002910669 0.001293401 0.005689749 0.001242552 0.001831416 0.002781096 0.002481467 0.002516243 0.001771681 0.004515073 0.001610723 8.03118E-4 0.001831063 0.003046434 0.005200968 0.001716781 0.001846495 0.002628733 0.002772871 0.00132566 0.002255116 9.41788E-4 0.001628711 0.004615768 0.00188127 0.003857769 0.00191519 8.63594E-4 0.003033272 0.003288585 0.001800153 0.002809217 0.002169642 0.003218892 0.004393081 0.005396568 0.001681148 0.002120727 0.001656462 0.001057007 0.002166622 0.002158547 0.003663817 0.001208753 0.001630345 0.003558093 0.002178805 0.002272187 0.003396773 0.004770282 0.007714021 0.001038331 0.002680855 0.00250156 0.002323234 0.003675811 0.001918503 0.003138059 0.001603534 7.35638E-4 0.002092756 0.001166419 0.001763505 8.13856E-4 0.002138104 0.003348947 0.001632348 7.00913E-4 0.001673669 0.004126642 0.004861743 0.001362672 0.002227964 0.002153045 0.002009692 0.005493209 0.001714951 0.002613823 0.003786812 0.00266658 0.003896987 0.002337213 0.001203068 7.32762E-4 0.001845443 0.002158439 0.001943841 7.5524E-4 0.001736596 0.002471037 0.001806001 0.001344133 0.002435644 0.003234558 0.004399368 0.004215858 0.001606611 0.001988939 0.003688021 0.003291388 0.002439912 9.33333E-4 0.001408871 0.002769913 0.002388174 0.004210587 0.002774686 0.004015892 0.003433754 0.004429495 0.00170905 7.90577E-4 0.002788118 0.004944886 0.003139452 0.002431195 0.001685942 0.002308008 0.001570143 8.78617E-4 0.00470208 0.001080649 0.002461952 7.79978E-4 0.001884715 0.003323461 0.002746307 9.52936E-4 0.002661716 0.002861371 0.002668746 7.48497E-4 0.011666061 0.002042952 0.00252213 0.003055555 0.001587567 0.002122518 0.007390969 8.42082E-4 0.002450326 0.002182808 0.002949479 0.001242175 0.002333868 0.00400347 0.001927376 7.64074E-4 0.002513003 0.008786482 0.001742577 7.44834E-4 0.001807306 0.002623055 0.002152536 0.001958517 0.002220785 0.002733885 0.001628746 7.33922E-4 0.001667817 0.001350888 0.001775301 0.001794091 0.001796095 0.003315826 0.001989129 7.80031E-4 0.002125094 0.003367697 0.004865617 0.00364234 0.001759252 0.002666279 0.001883407 0.001754843 0.001990659 0.002116792 0.004250898 0.001269246 0.001841321 8.55736E-4 0.001426166 0.001914229 0.00173435 0.003223412 0.003608482 7.17262E-4 0.005830093 0.004679213 0.00251558 0.002265789 0.004067909 0.002415935 0.001654632 0.004169445 0.001971743 0.00493073 0.008008596 7.79092E-4 0.001899329 0.001110656 9.6777E-4 6.78088E-4 0.001550171 0.00242633 0.003929269 0.001659576 0.002702602 0.003128311 0.00232067 0.001251073 0.001887583 0.003253231 0.002853774 0.007822894 0.001506532 0.002302097 0.001814673 0.001040779 0.003827672 8.89957E-4 9.43744E-4 0.001457523 0.002466489 0.00263544 0.004112307 0.003767673 0.00173984 0.003104229 0.002810076 7.85517E-4 0.00558636 0.003957565 0.002215298 0.002339073 0.002565536 0.002596509 0.00164597 8.52965E-4 0.003949101 0.001273006 0.004762506 8.72736E-4 0.00160512 0.002141447 0.001567999 7.5796E-4 0.001861584 0.003681981 0.00334214 9.80858E-4 0.001729708 0.002013465 0.002674644 0.003089146 0.002778453 0.002452417 0.003151602 0.001047878 0.002195061 0.001935319 0.001000134 7.13282E-4 0.001638043 0.003641548 0.00368153 0.004998168 0.001716371 0.003072772 0.002179009 0.001206899 0.003208634 0.00247039 0.002312841 0.001586248 0.00153892 0.002699092 0.001598309 0.004979858 0.001679184 8.2161E-4 0.001412001 0.001342341 0.003787886 0.002459921 0.001864004 0.002084201 0.002150498 0.003485151 0.001958386 0.005050435 0.00193477 0.002341276 0.002518622 0.002448635 0.001966474 0.004228513 0.00186489 0.002163286 0.004001038 9.68338E-4 0.007173284 8.49662E-4 0.001661404 0.004115673 0.001841846 0.001408984 0.00316409 0.005080309 0.002385659 0.002837705 0.005499534 0.002563988 0.001670333 0.001639192 0.001663831 0.004595039 0.00187488 7.99179E-4 0.00176528 8.6699E-4 0.001427492 0.001026407 0.00270912 0.004232255 0.003567805 8.37007E-4 0.003457982 0.008840878 0.001735851 9.96849E-4 0.005722608 0.00247514 0.002130608 0.00171145 0.003023263 0.00267779 0.003123843 0.002034029 0.002801178 0.001175159 0.00116187 0.002447098 0.002176781 0.002130692 0.002021107 0.00219868 0.003372297 0.003661229 0.003287839 0.001348041 0.00287983 0.008871837 0.00159846 0.001796792 0.002657844 0.002598186 0.00271394 7.97532E-4 0.002221573 0.002502019 0.002756351 0.002492387 0.001760452 0.002607782 0.00474825 7.09209E-4 0.00175113 0.003381375 0.005960568 7.93111E-4 0.002167866 0.00311948 0.002052243 0.003559199 0.001762603 0.003666146 0.001926591 0.001231593 0.004811736 8.63091E-4 0.002003396 0.001103752 0.002402916 0.002830355 0.002440102 0.001273923 0.002750878 0.003255506 0.006072327 0.001413232 0.003813955 0.002212912 0.003539763 0.004545509 0.003257095 0.002064015 0.003049254 7.65252E-4 0.001632758 7.84511E-4 9.51276E-4 0.001671484 0.002217822 0.002336449 0.004421188 0.001770107 0.001661902 0.002496277 0.001897987 0.002899294 0.002583697 0.005348633 0.003569055 0.004031112 0.004529819 0.009115019 0.001695717 7.57115E-4 0.00168958 9.66507E-4 0.001415746 7.97408E-4 0.002549994 0.004624281 0.003205088 6.7689E-4 0.001609329 0.003339807 0.001656711 0.002865846 0.003392389 0.00314837 0.001627049 0.001674177 0.001649204 0.002013468 0.001992834 0.001114929 0.001789378 8.69934E-4 0.001158733 9.90382E-4 0.002457801 0.002355321 0.002119443 7.95885E-4 3.03358E-4 0.004377713 0.002721808 0.003275983 0.005266876 0.002035535 3.08893E-4 2.45254E-4 0.001961575 0.002629021 6.91393E-4 9.98442E-4 0.004307605 7.96499E-4 0.001281322 0.001126801 0.001712363 0.002247488 0.002754948 6.98595E-4 0.001679339 0.002653753 0.001947799 0.002778794 0.003911536 0.004192374 0.00324667 0.001598185 0.001457367 0.001724432 0.002197026 0.002752902 0.0039411 0.001636166 0.001576292 8.63665E-4 0.002004025 0.004128779 0.004571747 0.001116144 0.0067393 0.002435351 0.001522121 6.86408E-4 0.001772359 0.005122766 0.00277645 0.001835355 0.002512038 0.00706989 0.001757648 0.00156845 0.003475034 0.002667721 0.001037764 9.64568E-4 0.001723737 0.003749239 0.002242996 9.83184E-4 0.008965331 0.003627232 0.002250512 0.001180673 0.002450421 0.003127055 0.002882413 0.003026268 0.002256747 0.00285083 0.002935766 0.001241283 0.003429502 0.002172215 0.001642602 0.001504205 0.002167715 0.002455856 0.002049765 0.00120599 0.004803737 0.002910254 0.008725808 9.92078E-4 0.001762194 0.002519821 0.003033506 0.002531883 0.004074262 3.70473E-4 0.001846143 8.18049E-4 0.002510695 9.35331E-4 0.003320431 0.001770176 0.002653453 5.65653E-4 4.44868E-4 0.002871058 0.003346036 0.00306742 5.82283E-4 0.002710021 2.94296E-4 0.002718667 0.004182917 0.002765047 4.05702E-4 0.00540509 0.001616791 8.18129E-4 1.90911E-4 0.001165473 0.001637579 0.003380675 0.002325582 0.003913444 0.004221511 8.30343E-4 0.001912091 0.008300704 0.002777527 0.001412022 0.0050906 0.00369664 0.004014499 0.003750777 0.002247121 0.003022719 0.005009396 0.001821115 0.003383465 0.001088502 0.002267634 0.002316017 0.004694102 0.002920512 0.003114086 9.45346E-4 0.009756313 0.004003949 0.002748733 9.39439E-4 0.002852788 0.0042503 0.006003349 0.00505194 0.002311497 0.002816013 0.00231197 0.00126072 0.004752846 0.001090944 

Timer for Syntactic Relevance:: 46.198367575
Timer for solver: 6.442650074
		WINDOWS8.SPLX	WINDOWS8_C100_0.TESTCASES
			Diag: [mandatory(MakeTheKeyboardEasierToUse, MakeItEasierToType1), requires(TurnOnNarrator3, TurnOnNarrator), (((~Bold \/ Bold1) \/ Bold2) \/ Bold3), ((~Microphone \/ Microphone1) \/ Microphone2), requires(SetupMouseKeys1, SetupMouseKeys), ((~Advanced \/ Advanced1) \/ Advanced2)]
			Diag size: 6
The size of Consistency checks: 2010564
The number of Choco Solver calls: 2320
The number of different: 3
The number of INconsistent: 39
The number of union: 221
The number of post constraints: 2010564
The number of consistent: 2281
The number of unpost constraints: 2010564
The number of Consistency checks: 111

Timer for Syntactic Relevance:[thread=1]: 50.299657979
50.299657979 
Timer for solver[thread=1]: 7.326755004
0.002797324 0.002051499 0.001392255 7.79364E-4 0.002552252 0.003365325 0.001249959 0.00180827 3.01546E-4 0.002733905 4.18074E-4 0.003396325 0.002209433 0.001593203 0.002997879 0.002999494 0.00268278 0.002906596 3.46788E-4 0.00347198 0.002387634 0.001333471 3.72088E-4 0.001539674 0.001938549 2.84974E-4 2.82216E-4 2.12277E-4 4.80482E-4 5.29961E-4 0.004111285 0.00220114 0.001946828 0.001902115 0.001065021 0.00478798 0.001337394 0.002650755 0.003690738 0.001388411 0.001784592 0.001596967 0.001675183 0.002497605 0.002609036 0.002916527 0.003344235 0.001331637 0.003691892 0.002777724 3.13055E-4 4.12858E-4 6.39055E-4 7.40434E-4 0.001275927 6.0703E-4 3.61256E-4 4.05898E-4 5.48942E-4 9.32632E-4 0.002476488 0.003077062 0.003290816 0.004479506 0.007298163 0.001267445 0.002841621 0.003805799 0.001712448 0.003927004 0.001680539 0.003338221 0.005124544 0.003582157 0.003911298 0.00309992 0.009433384 0.003190015 0.004538575 0.001896001 0.002480081 0.00435536 0.003083793 0.003348714 0.004111848 0.005302627 0.002254955 0.003335834 0.005101569 0.002468746 0.005642277 0.001422748 0.002595025 0.002897762 0.004562365 0.001057787 0.004897763 0.00448069 0.002104436 0.002599567 0.004001355 0.003660626 0.004218622 0.003291876 0.008749273 0.002902959 0.003440117 0.004525429 0.005374664 0.003934642 0.003127166 0.00350427 0.002814506 0.003910941 0.003349912 0.002855606 0.006806903 0.003428894 0.006149665 0.007166332 0.005475079 0.003067412 0.005163446 0.003677512 0.006102702 0.00527691 0.005898158 0.006368614 0.004995403 0.003409343 0.005067507 0.005522368 0.004450912 0.003855479 0.004227739 0.006819248 0.004912371 0.003528571 0.005467859 0.006378957 0.004110036 0.004594665 0.003675801 0.005358825 0.006672686 0.00444376 0.004512139 0.01209581 0.00712435 0.00543658 0.012699573 0.008630922 0.013900841 0.004858124 0.006683832 0.008679513 0.008015914 0.006707829 0.008289169 0.006161527 0.00697014 0.013364772 0.008537685 0.012751455 0.007741577 0.008165377 0.005392995 0.007478045 0.007157634 0.005223711 0.007901477 0.006738155 0.006327001 0.007302673 0.009147851 0.005028432 0.00723881 0.008028072 0.005576662 0.008120404 0.00988396 0.005148297 0.007641386 0.007296807 0.007078705 0.008983281 0.007536919 0.005214002 0.007970233 0.011154644 0.006297149 0.005813787 0.008415224 0.011140334 0.005196946 0.006050358 0.013549551 0.006440352 0.006412091 0.006736937 0.009213745 0.008648741 0.006678707 0.006712612 0.013590112 0.008121436 0.006727917 0.007359583 0.006572685 0.007131153 0.006611558 0.006348985 0.007814831 0.006332657 0.006284626 0.00811119 0.008029825 0.006902898 0.013708412 0.007145035 0.00690811 0.008204195 0.006235517 0.009759238 0.006299919 0.005780179 0.005952109 0.006680452 0.007684221 0.009258171 0.004985897 0.006663319 0.010002625 0.006333276 0.006514046 0.006664015 0.007085073 0.006094549 0.007639178 0.007241814 0.007711158 0.009566366 0.006569089 0.006407279 0.006992885 0.004806611 0.006109249 0.007519746 0.008275209 0.005342604 0.007845779 0.00749113 0.006135739 0.009107811 0.005064764 0.005825632 0.006651185 0.007461346 0.008378605 0.008168322 0.008599556 0.007282681 0.0080683 0.00890692 0.007633859 0.008305835 0.007267794 0.007690786 0.008143995 0.007474402 0.007559147 0.006863096 0.007778995 0.007478361 0.008207357 0.006671491 0.00770529 0.006465163 0.007214549 0.007528701 0.006749087 0.007432861 0.006703158 0.008291056 0.00647168 0.007540987 0.007198285 0.008351689 0.006285851 0.006637917 0.008991816 0.009116214 0.005818505 0.007484231 0.00702759 0.007669207 0.007698153 0.011594344 0.005928421 0.006805559 0.013630626 0.008628318 0.007775946 0.005515733 0.012010977 0.005223324 0.005575303 0.014967452 0.009846981 0.010150651 0.010019831 0.010239831 0.006022672 0.006104917 0.010421542 0.00631637 0.00675975 0.010640518 0.006071319 0.00653397 0.013971232 0.005729077 0.005965793 0.00792716 0.005715335 0.008228126 0.010345909 0.006487559 0.006818503 0.009927473 0.007572436 0.005266377 0.008030777 0.006463209 0.006290285 0.009529554 0.007637894 0.007028063 0.010076051 0.006645305 0.008006606 0.009506961 0.005292351 0.006185231 0.007497261 0.00539817 0.005135572 0.006850508 0.006591555 0.007009299 0.006854792 0.007927688 0.007793307 0.006999728 0.006121013 0.006905868 0.007415931 0.005593072 0.005795994 0.005489051 0.006044221 0.006149305 0.005588093 0.006536067 0.002356569 0.002313556 0.002264048 0.004001733 0.002992529 0.002943379 0.004085515 0.002994573 0.003852488 0.002091709 0.002269897 0.002183436 0.005153717 0.002932418 0.003561551 0.006281742 0.002760542 0.004044846 0.003544872 0.003135647 0.002486829 0.002602413 0.002891196 0.002150526 0.002217683 0.002489097 0.005070678 0.004079248 0.003247076 0.003154135 0.004445585 0.003873235 0.003483548 0.008249899 0.002606585 0.003042751 0.003254866 0.002824519 0.002556063 0.003816289 0.002635686 0.002939181 0.002481551 0.003218542 0.004453605 0.003945389 0.004308256 0.002462569 0.002910381 0.002573579 0.003364927 0.003789578 0.002442971 0.003786848 0.003201094 0.003506886 0.004480154 0.002885859 0.002589713 0.002697696 0.003702987 0.002582866 0.002488263 0.003203446 0.0048495 0.00779246 0.002639189 0.002433006 0.002999386 0.002473842 0.002742649 0.00310015 0.003932556 0.002347813 0.003085942 0.002294462 0.003969272 0.00279731 0.002700015 0.00435086 0.005374828 0.002255249 0.002927756 0.002750994 0.003684521 0.002996276 0.003129821 0.003358812 0.002930383 0.002954695 0.003826736 0.006334912 0.002201315 0.002590047 0.002331433 0.002636299 0.002651872 0.003691178 0.00524026 0.00347752 0.004178614 0.002192647 0.005274802 0.002356332 0.002975598 0.004835685 0.003639254 0.008207832 0.002591039 0.002725154 0.003535704 0.003196547 0.002883477 0.004289273 0.002984206 0.0028312 0.003026424 0.002568987 0.002700145 0.002834432 0.003696678 0.003112983 0.0027547 0.003632834 0.003163757 0.002550558 0.002553504 0.003366526 0.003041255 0.002634929 0.003107603 0.004261935 0.005217139 0.003635652 0.002703553 0.00253434 0.002889382 0.003796801 0.0059218 0.002078067 0.002846685 0.002600461 0.003404254 0.003412423 0.003453595 0.003083056 0.002061551 0.004043064 0.003193846 0.003440768 0.003651438 0.002750064 0.002285051 0.003049775 0.00368597 0.002763529 0.002935386 0.004314987 0.009048606 0.002265924 0.002240401 0.002377794 0.00678323 0.002412054 0.002211845 0.002927498 0.002427005 0.002981445 0.00376609 0.003475748 0.002149813 0.004257605 0.003505758 0.003181476 0.003526882 0.002681331 0.003592431 0.002965823 0.002264688 0.001994907 0.002376936 0.003665301 0.00437234 0.002446689 0.002348624 0.003001689 0.003126157 0.002136837 0.002609002 0.001870768 0.00203639 0.002444877 0.003368378 0.00445741 0.002592506 0.002696662 0.001809974 0.003747001 0.004554642 0.00183946 0.001999738 0.00169923 0.003267467 0.006450042 0.002181509 0.00186974 0.002029096 0.005045925 0.002976703 0.001971208 0.002402772 0.002265884 0.001932173 0.001705104 0.002638109 0.001821463 0.001613573 0.001769638 0.00243772 0.002246729 0.002462437 0.002527907 0.003412315 0.002801062 0.004224265 0.002666008 0.001953346 0.002415865 0.003251848 0.002596958 0.001933936 0.002352673 0.002066633 0.002881071 0.001823286 0.001586319 0.001670152 0.006708859 0.001796523 0.001879137 0.001902522 0.002045259 0.001647976 0.002148797 0.002166304 0.004355845 0.002517498 0.004761616 0.002246265 0.001932444 0.001891918 0.002226334 0.001774659 0.003225366 0.003448368 0.00147176 0.001550269 0.001905538 0.003442965 0.001772033 0.001911616 0.00311184 0.00362179 0.002147637 0.001582837 0.001808436 0.001877583 0.003142442 0.002283297 0.003236682 0.003739287 0.003250221 0.003136422 0.002164802 0.003022192 0.001755437 0.00191689 0.002999571 0.004054755 0.002204802 0.002182488 0.002033551 0.003021305 0.002313015 0.001866225 0.001918294 0.001942312 0.002386273 0.002050402 0.002020205 0.003014106 0.002470538 0.001943042 0.002003144 0.003320231 0.001956683 0.001556756 0.002857553 0.002588049 0.002377751 0.002284368 0.001498343 0.00205668 0.002169708 0.001698521 0.001523276 0.003195121 0.007918482 0.002160613 0.002042821 0.001818397 0.00223987 0.002166417 0.006029129 0.002128155 0.001700369 0.001643089 0.00138799 0.001989721 0.003697148 0.00185353 0.001425886 0.003362002 0.003039446 0.003471484 0.007543573 0.003072337 0.00315174 0.002910877 0.00193346 0.002300563 0.0044146 0.001736888 0.001539336 0.002152638 0.003729352 0.001574187 0.002410262 0.002227934 0.004204207 0.002952749 0.002833963 0.003479267 0.004346723 0.00302445 0.001639113 0.005671103 0.00243252 0.002288674 0.002485165 0.001920774 0.002408921 0.001854393 0.001735177 0.002593326 0.002300993 0.001772937 0.003300946 0.006788961 0.002001441 0.001749146 0.001603663 0.002522394 0.005103303 0.001771335 0.001375697 0.001553392 0.003213824 0.002654552 0.002053489 0.002966496 0.003344551 0.003488379 0.002133671 0.001831571 0.001425948 0.001514899 0.001617142 0.002624724 0.002837967 0.001945939 0.001561174 0.00194754 2.24163E-4 0.002164782 0.001679969 0.002155859 0.003788521 0.00181869 0.002116869 0.002173729 0.007993232 0.002293858 0.003023062 0.002691692 0.002546403 0.00210478 0.001629624 0.001887513 0.002977205 0.001949954 0.001662314 0.002095612 0.002433434 0.001341204 0.001110519 0.001087817 0.003452604 0.003562995 0.003368247 0.001281596 0.00180964 0.002932359 0.002025946 0.00247442 0.003398035 0.004177668 0.001019301 0.001274103 0.0012608 0.001215313 0.001394762 0.001778306 0.001817002 0.002938324 0.0014184 0.004506246 0.001586549 0.001322397 0.001558226 0.001901895 0.003620162 0.002100158 0.002372884 0.003025311 0.003439621 0.002716616 0.001625678 0.001310356 0.001282914 0.002158795 0.001933318 0.002140323 0.003898251 0.002432288 0.001674017 0.00132647 0.001661395 0.001286695 0.001290165 0.001178378 0.0015319 0.00175192 0.002431398 0.001356927 0.001792542 0.002043453 0.001486923 0.001666259 0.001350775 0.001835801 0.003163876 0.001365449 0.001789206 0.002321625 0.001386414 0.00177563 0.002017721 0.001823695 0.002444082 0.001305671 0.00166006 0.001317582 0.001270105 0.001589951 0.001411743 0.001194717 0.00181882 0.002889105 0.001777036 0.005442787 0.00119304 0.001263695 0.002267231 0.002254693 0.003986881 0.001335442 0.001857213 0.001331914 0.004633001 0.00163939 0.001656741 0.001372353 0.001747733 0.007264592 0.001448434 8.91197E-4 8.07994E-4 0.002665113 0.002299158 0.001976624 8.67928E-4 0.002906217 0.007570396 0.00310762 0.001118912 0.001479407 0.001828494 0.002640397 0.001971127 0.002634383 0.003366711 0.001559671 0.004955088 0.003374165 9.58418E-4 6.98446E-4 0.001482652 0.002198745 0.001836368 0.002646518 0.002400784 0.001665623 0.001951233 0.001655613 0.001684698 0.001884938 0.004166419 0.005197401 0.002012604 0.002059064 0.002543839 0.003374098 0.00135065 0.003294871 0.001942408 0.002687367 0.001192814 0.001626282 0.001452541 0.002278426 0.002091196 0.003786519 0.003752988 0.008508888 0.001142775 0.002015175 0.004884355 0.003969451 0.002692905 0.005070754 0.009043461 0.001699624 0.001406123 0.002519783 0.001436958 0.001313235 0.002351068 0.002086291 0.002047951 0.009476716 9.36134E-4 0.001998885 0.002289033 0.002482334 0.001863653 0.002226057 0.00217784 0.002612706 0.002673814 0.002111169 0.002390932 0.00348945 0.001169541 0.002937334 0.00523022 0.001147715 0.001519398 0.006641439 0.002511672 0.001974379 0.001195824 0.002057622 0.002127339 0.002917741 0.001812518 0.002341822 0.002320765 0.001939236 0.002711845 0.00222115 0.003930608 0.001788126 0.001132673 0.006708741 0.002647328 0.001124127 0.001087685 0.001566538 0.002216164 0.002763933 0.002332002 0.00221754 0.002913481 0.009033469 7.76548E-4 0.001953476 0.009727595 0.002131237 0.002309147 0.002319914 0.002967923 0.002443563 0.001035744 0.00509999 0.001515591 0.002886336 0.001612641 0.002629687 0.002062228 0.00216968 0.001006417 0.002631275 0.002771991 0.003182813 0.001034888 0.002032578 0.002954467 0.001675901 0.001858895 0.003061066 0.007818259 0.002242227 0.001272434 0.005296666 0.001031094 8.67593E-4 0.00104749 0.001711502 0.001828749 0.00218567 0.002239555 0.002731104 0.008762042 0.002036951 0.001053607 0.003807736 0.002276873 0.002942706 0.003885476 0.002833959 0.002434039 0.003849785 0.002006099 0.002455741 0.001257816 0.00287444 0.001756541 0.001764926 0.002155234 0.001571831 0.001316797 0.004097598 0.003059255 0.002572756 0.002632384 0.001904555 0.00849419 0.001797331 0.001779857 0.002102947 0.001995637 0.00276546 0.005805994 0.002310805 0.002155643 9.05272E-4 0.00159118 0.002991076 0.002343059 0.001879387 9.43713E-4 0.002226379 0.007190642 0.001706618 0.00106685 0.001718885 0.002307387 0.001971549 0.002176845 0.0016014 0.003588681 0.002173956 0.002765882 0.005160569 0.00127492 0.001050604 0.001232483 0.008874889 0.002364756 0.001817294 0.002041897 0.002610952 0.005048868 0.001537901 0.001412175 0.002117192 0.003556475 0.002800925 0.001788136 0.002912544 0.002461649 0.001988846 0.001153043 0.001656466 0.002600527 0.00151709 0.001241169 0.002809519 0.001895192 0.00196699 0.001420148 0.002624277 0.003987714 0.001861262 0.001238353 0.002638289 0.002036281 0.001431017 0.003349605 0.002795885 0.00586906 0.001980194 0.00140726 0.003557877 0.002444398 0.001709723 0.00138493 0.002191915 0.002307425 0.002878479 0.001245907 0.003643664 0.004154515 0.007399131 0.002686402 0.002187969 0.002883521 0.001742759 0.001886602 0.002342077 0.002796314 0.003142293 0.00217898 0.002471117 0.001213004 7.4558E-4 5.55965E-4 0.001580142 0.001703493 0.001843644 6.87941E-4 0.001446443 0.006720457 0.004250656 7.51767E-4 0.001175088 0.001522791 0.001497241 0.002174122 0.001950303 0.002115429 0.00123013 8.07351E-4 0.001298919 0.002800693 7.77191E-4 7.17782E-4 0.001797491 0.002551849 0.003399045 9.44709E-4 0.003768475 0.004253081 0.001345783 0.001078271 0.001061281 0.005543661 0.001221432 0.001829338 0.001496723 0.002245462 0.001217929 6.30144E-4 0.001238427 6.7854E-4 0.001015474 0.001923419 0.002336459 0.002507884 0.002209983 7.55036E-4 0.001442804 0.002905608 0.00133307 0.005259463 0.001570945 0.003861076 0.001296663 0.001902686 0.002650289 0.001867781 0.002380663 9.39565E-4 0.001315146 0.004561159 7.16605E-4 8.44197E-4 0.001513278 0.001673055 0.002811549 0.001153358 0.002491063 0.005165182 0.001721093 8.82834E-4 0.002108955 0.002726007 0.006593437 0.001403524 0.001414333 0.00171191 0.002297369 0.001139532 0.001691887 0.00120646 0.00659786 9.91793E-4 0.001234861 0.001656282 0.002385076 0.001270579 0.002543549 0.003045325 0.001232036 5.75227E-4 0.00157917 4.34741E-4 0.001286679 0.00115201 0.001280084 0.002283609 0.001324208 8.70118E-4 0.005082853 8.49033E-4 0.001585678 0.001213068 0.004786524 0.001668467 0.001246346 0.00157501 0.001309541 0.002003662 0.001554372 0.002123205 0.001602297 0.002004858 0.00370876 0.001722394 0.00147239 0.002531717 0.001980019 0.001342437 0.007083634 7.51003E-4 6.99009E-4 7.22372E-4 0.001303766 0.00471048 0.001346099 0.002834688 0.00241625 0.0031248 0.00295608 0.001501678 0.001190508 0.001630841 0.002100641 0.001252396 0.001121301 0.001508772 0.001356396 7.31136E-4 0.002673047 0.001542631 0.001284846 0.001037074 0.002252572 0.001611572 0.00119347 7.01666E-4 0.00187078 0.003074242 0.001757957 0.001948762 0.001466311 0.003760012 0.003380209 0.001273839 0.001167866 0.002175822 0.001181746 0.002416629 0.001364847 0.001013878 9.69523E-4 0.001523381 0.001180554 0.001561971 0.001277952 6.8769E-4 0.001517819 0.003672638 0.001506987 0.002178934 0.002116312 0.001869708 0.002242721 0.007528835 0.001513198 0.003615223 0.003092428 0.001111193 0.003493014 0.00131305 9.45667E-4 7.14955E-4 0.001369219 0.00168812 0.005490532 0.001223216 0.002005134 0.005382922 0.001337936 8.31742E-4 0.003412007 0.002482023 0.009162359 0.001388055 0.001209462 0.001999268 0.002307408 8.97825E-4 0.001823733 0.001566555 0.001016826 2.46545E-4 0.001167321 0.001687269 0.001331285 2.2441E-4 0.00180203 0.002782118 0.001737894 2.97645E-4 0.00203324 0.002220027 0.001722113 0.001801744 0.002171359 0.004168347 0.001246181 1.92748E-4 0.00122469 2.18498E-4 0.001633554 0.002238093 0.001430232 0.003241426 0.001846908 0.00151013 0.001874523 0.002467762 0.001548266 8.26644E-4 0.006118005 0.001696782 0.001461427 0.002009024 0.002722112 0.001760606 0.001240734 0.001149501 0.002643511 0.001705626 0.001253538 0.001101685 0.003077023 0.002885952 0.002580963 0.002003631 0.002668598 0.004751446 0.001943008 0.002375631 0.001479513 0.002419476 0.002307124 0.005426817 0.003523405 0.002634858 0.004063961 0.001765643 0.001915206 0.002821905 0.00110342 0.001105459 0.001774116 0.004331786 0.003348927 0.001265907 0.003065748 0.009194439 0.001692094 8.55373E-4 0.001815036 0.003687524 0.00567122 0.001978504 0.00210041 0.00285654 0.00265275 0.001970388 0.001840724 0.001378635 0.002233899 0.001970118 0.001730959 0.002522857 0.001815874 0.002861822 0.003648651 0.004399054 0.001843227 9.60684E-4 0.002333692 0.002526448 0.002299255 0.002209279 0.001993838 0.002389033 0.001826358 0.001517514 0.003120763 0.001317688 0.001176888 0.001454375 0.00197564 0.002710312 0.001805585 0.001025622 0.001702832 0.003144711 0.0027061 0.00134696 0.002436368 0.002365884 0.001944565 0.001794126 0.0033612 0.002345173 0.001758638 0.001177115 0.002588136 9.5976E-4 0.001748546 0.001023157 0.002931732 0.003666033 0.001967455 0.001540665 0.001813356 0.009157569 0.001720776 0.001179301 0.002551752 0.002704713 0.002452406 0.003635989 0.003732095 0.00604935 0.002756793 0.002842567 0.002222913 0.001202052 0.002108876 0.001061026 0.002177333 0.003254704 0.002001089 0.001400129 0.002572448 0.007439439 0.006304335 0.001635104 0.003173454 0.004588146 0.003786639 0.002638314 0.002581511 0.004634989 0.003519634 0.001387321 0.003670274 0.001176206 0.001723908 0.001946235 0.002654036 0.002779835 0.002225239 0.002392762 0.002976442 0.00441399 0.002003209 9.83227E-4 0.003809712 0.003593949 0.002678382 0.002130371 0.002117258 0.003836123 0.002637468 0.001969689 0.002095286 0.001636768 0.001808824 0.002624294 0.001842184 0.002641672 0.002003261 0.002064454 0.002215189 0.00408463 0.002568401 9.19017E-4 0.001628618 0.003067553 0.001855092 0.005388193 0.001856279 0.002726096 0.003304965 0.001119987 0.002303281 0.001486686 0.001242875 0.001204709 0.002107542 0.003184277 0.002457995 0.002207091 0.002261321 0.003631629 0.002049046 0.001090961 0.001888923 0.002351239 0.005038669 0.001985376 0.003815427 0.002623189 0.002808268 0.001760755 0.00196262 9.73379E-4 0.001334309 0.005442952 0.003574621 0.003186854 0.002294697 0.002472238 0.002665648 0.004400726 0.001728128 0.001250153 0.003180218 0.006769097 0.002084885 0.001829072 0.00192216 0.002183514 0.002162572 0.001618549 0.003160772 0.001035676 0.001253424 0.001446713 0.002537235 0.002475561 0.001669229 8.93819E-4 0.004162738 0.009927901 0.001900724 8.72832E-4 0.001524425 0.004550849 0.001917714 0.00179786 0.003374738 0.002169953 0.003089673 0.001736704 0.002220814 0.001183997 0.002952048 0.001783412 0.003226343 0.004570166 0.003931249 0.001925955 0.003018648 0.004153935 0.003775774 0.002665957 0.003854987 0.004016459 0.003491321 0.00224243 0.003012156 0.005578663 0.003919616 0.00153843 0.003967797 0.001584068 0.003740714 0.001337629 0.004474715 0.004888617 0.004303655 0.00116961 0.004540953 0.008705577 0.002944024 0.001196319 0.003107337 0.010310448 0.004055186 0.003960292 0.003520983 0.004313157 0.005258539 0.001410057 0.002834099 0.002762121 0.001897357 0.001862434 0.002232641 0.00374801 0.004053314 0.001742117 0.004909047 0.005703066 0.003928773 0.001880197 0.003411683 0.004267546 0.002998014 0.003719634 0.003589649 0.004197323 0.005210706 0.002311601 0.005123929 0.001363907 0.001279247 0.001451343 0.003871444 0.004778316 0.005252875 0.001873962 0.003795967 0.00641701 0.002632975 0.001838537 0.003662041 0.005610456 0.003055074 0.003826126 0.005421556 0.002913968 0.005559737 0.002107533 0.003617865 0.001318622 0.002401497 0.001338723 0.004082773 0.004899072 0.00325389 0.001395899 0.004606344 0.005053673 0.002752155 0.002004279 0.004875336 0.004388112 0.003224382 0.004011052 0.004040234 0.006537436 0.004146615 0.001787995 0.003382074 0.001814113 0.001605 0.002675518 0.003095162 0.005329572 0.002718168 9.95804E-4 0.003084657 0.00586677 0.002094759 0.001149297 0.004243455 0.004489394 0.002457534 0.002765114 0.002248389 0.003979207 0.00353777 0.001056923 0.002585984 0.003114253 0.001671206 0.001256442 0.00216427 0.003850996 0.002473466 0.001364647 0.004119652 0.003973673 0.002383666 0.001038302 0.006176581 0.007602387 0.002453735 0.00215486 0.002289739 0.005354668 0.002270963 0.001134574 0.004673011 0.001372375 0.00170626 0.001136367 0.002934365 0.002675412 0.002208054 0.001061144 0.002899504 0.005344037 0.003863817 0.00131133 0.003007009 0.005010806 0.00216205 0.002069318 0.002259899 0.005333648 0.002505021 0.00118279 0.003016352 0.001205019 0.001421266 0.001243961 0.0023869 0.00619264 0.00277407 0.001119623 0.002745521 0.005849193 0.002437493 0.001228145 0.005805857 0.003517248 0.003559328 0.002809359 0.003834611 0.003595291 0.003273555 0.001632878 0.003076355 0.001470685 0.001890525 0.001178889 0.003377827 0.004020188 0.002798393 0.001153056 0.003537119 0.004455406 0.002648731 0.001161973 0.005864287 0.00351869 0.002814165 0.003442629 0.002463774 0.00402572 0.002988961 0.001236094 0.003638082 0.001133078 0.003510055 0.001260758 0.002742498 0.003450451 0.004509406 0.001459656 0.003037079 0.003593556 0.004363853 0.005002674 0.002538228 0.003173756 0.004238182 0.002447495 0.002895544 0.003824444 0.003603895 0.001013028 0.002912156 0.001287603 0.003211128 9.97715E-4 0.004132379 0.003319456 0.002519194 0.001235519 0.002840904 0.003826774 0.002344053 0.001166155 0.003079862 0.003803955 0.004512447 0.005062598 0.003878179 0.004432055 0.002415822 0.001697154 0.002435515 0.001158791 0.001539249 0.003609325 0.002667421 0.003299887 0.006464828 0.002009221 0.003629797 0.00377433 0.003548592 0.001232556 0.002690041 0.007630736 0.002649595 0.002657213 0.002649617 0.007459641 0.002233568 0.001127208 0.002849613 0.001511119 0.001964909 0.001077533 0.002222808 0.003619184 0.003037774 0.001350122 0.003878275 0.009817429 0.002247775 9.32576E-4 0.002194172 0.00447199 0.006848762 0.004259163 0.003775952 0.005700802 0.003893461 0.001505977 0.003030513 0.001743021 0.002378368 0.001333395 0.003586686 0.004363844 0.002367382 0.001337155 0.003025436 0.004157913 0.002375776 0.002640189 0.003503718 0.003210505 0.002439287 0.005348761 0.008108168 0.003019265 0.002226254 0.001366207 0.002666559 0.001478103 0.003210954 0.001161205 0.003405814 0.003850058 0.002996633 0.001120291 0.002434769 0.004412455 0.003263427 0.001028713 0.004415292 0.005531518 0.002931522 0.004571411 0.003934347 0.004783456 0.00234224 0.00248946 0.012185539 0.00103807 0.001518061 0.001439964 0.005642919 0.003242312 0.002760842 0.002919364 0.004966933 0.003584538 0.002698432 0.00258945 0.003384982 0.002884829 0.002168582 0.00265018 0.00229084 0.003161181 0.004056699 0.001280402 0.002297688 0.001019866 0.001546813 0.001853389 0.008047863 0.002911304 0.004684091 0.001406067 0.004601747 0.004837475 0.003233017 0.001101319 0.004036661 0.004948395 0.003443206 0.002191238 0.001982523 0.003336657 0.003582504 0.00137717 0.003125188 0.002846742 0.001210155 0.001774032 0.003975128 0.005045333 0.002203332 9.59555E-4 0.003762131 0.003384227 0.002537409 0.003046084 0.005346513 0.002675803 0.001844955 0.001969476 0.001772986 0.007195834 0.004589023 8.59737E-4 0.001646375 7.71274E-4 0.001817348 9.78964E-4 0.003209598 0.004301975 0.00903206 6.91003E-4 0.00149284 0.002692747 0.001766163 0.001736409 0.002700504 0.002057814 0.009997413 0.002296884 0.002952557 0.002053021 0.001936536 7.71053E-4 0.003073499 0.001393299 0.001088904 0.003511635 0.003136683 0.004536747 0.001683781 8.38916E-4 0.003683305 0.00524136 0.002193111 7.49327E-4 0.006658579 0.003093192 0.00174491 0.001594457 0.005361976 0.005084538 0.004378194 7.59935E-4 0.001525293 7.45948E-4 0.001048515 0.001279481 0.004664405 0.003789644 0.001784916 6.52657E-4 0.001525942 0.002811923 0.002166109 0.001258295 0.001650188 0.00342897 0.0016229 0.001523875 0.0014979 0.00240389 0.002110094 9.14697E-4 0.001759804 9.97691E-4 0.002648672 0.001307809 0.004349123 0.004346212 0.001912643 0.001170445 0.002550562 0.002562881 0.001558354 8.75487E-4 0.002277107 0.002422599 0.003058113 0.003472055 0.002036228 0.004201705 0.00309976 8.01444E-4 0.00176391 9.46357E-4 9.07808E-4 0.001983827 0.00195271 0.002377801 0.002374519 0.001274446 0.001832062 0.003351494 0.006565117 0.001261904 0.004705364 0.002052569 0.001746137 0.001989298 0.002288913 0.002404266 0.001723309 0.002709345 0.004593477 8.1964E-4 0.001021248 9.70507E-4 0.002151049 0.003175179 0.003268142 0.001028083 0.00455881 0.004393562 0.0017444 0.001476943 0.007866618 0.002366152 0.001776739 0.002163669 0.001771346 0.002670136 0.001645491 0.001494274 0.008417554 0.00101169 0.001011666 6.7073E-4 0.001563461 0.005238616 0.002324501 7.63604E-4 0.002799258 0.002814817 0.001643203 0.001210375 0.009027032 0.002001338 0.001695688 0.001769695 0.001695136 0.006564583 0.002348993 9.44723E-4 0.001981996 0.00238066 0.001586446 7.23152E-4 0.001553195 0.002031565 0.00153199 0.004618372 0.001978272 0.009147824 0.001676003 6.35488E-4 0.002126255 0.002396013 0.002262035 0.002694299 0.003648977 0.002902976 0.002695904 0.003056835 0.00213752 0.001347501 0.004788083 7.40289E-4 0.001492485 0.001996862 0.002291261 9.57653E-4 0.002285889 0.002482383 0.002508652 0.002719278 0.001971054 0.003274627 0.002878275 0.001769383 0.0018629 0.004001941 0.001534521 6.909E-4 0.001649676 7.54187E-4 9.76931E-4 7.86601E-4 0.001663373 0.003595314 0.001788161 0.001562037 0.001729128 0.002744762 0.002110808 0.001406937 0.007166195 0.007561937 0.003045419 0.002992319 0.002315847 0.002784704 0.004293781 0.005796809 0.002678683 0.001180883 0.00330226 0.001566172 3.62435E-4 0.003600309 0.005332896 0.001200166 3.71798E-4 0.003561258 0.002558679 0.001483229 0.002855115 0.004475041 6.5726E-4 3.92523E-4 0.003214332 0.005202705 3.58022E-4 0.001953811 0.00355416 0.001978652 0.002176736 9.7194E-4 0.002027275 0.002811037 0.002733383 0.003497217 0.002445997 0.005953302 0.00260027 0.005566446 0.003794039 0.004142031 0.002027001 0.001850764 0.002159967 0.001710579 0.006450016 8.55726E-4 0.001834469 0.001269116 0.001278866 0.001986998 0.001545515 0.002140204 0.002124407 0.002445359 0.002434297 0.00332742 0.010399412 7.64172E-4 0.001710507 0.003083588 0.006023399 0.004465034 0.003185755 0.00263026 0.002091813 0.001175944 0.005795214 0.001429766 0.001605679 0.001968289 0.004643367 0.002735993 0.005076405 0.001140801 0.002818792 0.002504514 0.00161593 9.59559E-4 0.004177633 0.002775285 0.002134519 0.002056308 0.001646493 0.007462205 0.001797206 0.001907327 0.004159272 8.04103E-4 0.001798265 0.001371868 0.0018926 0.003181996 0.00449576 0.002002356 0.004306365 0.007269951 0.002911498 0.001093072 0.001750714 0.001962299 0.001641705 0.002681919 0.003085011 2.18426E-4 0.003259448 0.00206876 0.005366837 0.001385532 0.001228546 0.00175419 0.002653345 0.00163688 9.88409E-4 8.44874E-4 0.001856359 0.003677319 3.50084E-4 9.83882E-4 7.9732E-4 0.002239437 0.001672261 0.001816473 0.001257005 0.005946095 0.002253001 0.001044274 2.59953E-4 0.002101867 0.002875289 0.001113257 0.003525041 0.003646863 0.005674405 6.61948E-4 0.00159956 0.002341133 0.002621748 0.00296823 0.003564989 0.005012121 0.004860932 0.002277794 0.001954665 0.002237905 0.002523197 0.004737066 0.003146814 8.89368E-4 0.001329975 9.27049E-4 0.002742469 0.002713015 0.002158075 0.00113644 0.001713596 0.002477363 0.00226309 8.56603E-4 0.003550748 0.003557351 0.001708669 0.002441007 0.002107148 0.002844769 0.003030752 0.001205482 0.004882874 0.004590985 

Timer for Syntactic Relevance:: 50.299657979
Timer for solver: 7.326755004
		WINDOWS8.SPLX	WINDOWS8_C250_0.TESTCASES
			Diag: [mandatory(MakeTheKeyboardEasierToUse, MakeItEasierToType1), requires(TurnOnNarrator3, TurnOnNarrator), (((~Bold \/ Bold1) \/ Bold2) \/ Bold3), ((~TurnOnMouseKeys \/ TurnOnMouseKeys1) \/ TurnOnMouseKeys2), ((~Microphone \/ Microphone1) \/ Microphone2), requires(SetupMouseKeys1, SetupMouseKeys), ((~Advanced \/ Advanced1) \/ Advanced2)]
			Diag size: 7
The size of Consistency checks: 6018789
The number of Choco Solver calls: 7050
The number of different: 3
The number of INconsistent: 98
The number of union: 271
The number of post constraints: 6018789
The number of consistent: 6952
The number of unpost constraints: 6018789
The number of Consistency checks: 136

Timer for Syntactic Relevance:[thread=1]: 158.449053249
158.449053249 
Timer for solver[thread=1]: 23.7219877
0.009073778 0.001462892 0.001107977 2.60518E-4 0.001139265 0.001225144 0.001861566 0.001326945 2.54532E-4 0.002662154 8.121E-4 0.002132885 0.001519171 0.002145063 0.004085223 0.001194193 0.001805258 0.00242379 2.3449E-4 0.001448256 0.001411511 9.97185E-4 2.03225E-4 0.001902823 0.003649956 3.40276E-4 1.67889E-4 1.30592E-4 7.65605E-4 1.8928E-4 0.004515691 0.00615907 0.002308467 0.001714369 6.88881E-4 0.002176354 0.001694631 0.002399654 0.005894944 0.001151782 0.001885914 0.001523012 0.00136545 0.003526513 0.001853337 0.003465687 0.003523834 8.94105E-4 0.003379335 0.002417722 3.47847E-4 3.76274E-4 3.74174E-4 9.3378E-4 2.04984E-4 1.41186E-4 1.69261E-4 2.44967E-4 1.99492E-4 1.84797E-4 0.002223068 0.003396289 0.003340582 0.005177415 0.002630956 0.001613866 0.004263455 0.003150512 0.001254944 0.003584145 0.001663203 0.005143062 0.003708755 0.004954909 0.005115846 0.00203029 0.006518812 0.008365497 0.002462786 0.001697484 0.002376314 0.003245299 0.002640087 0.004438157 0.006278678 0.00491235 0.001358165 0.005599108 0.002407555 0.002962642 0.00400506 0.006004716 0.003583488 0.003478666 0.00327739 8.06799E-4 0.001819188 0.003264008 0.001629311 0.001376182 4.45286E-4 2.46515E-4 3.40907E-4 1.47744E-4 2.87619E-4 0.002611938 2.55419E-4 1.94145E-4 1.94412E-4 2.85263E-4 4.81551E-4 9.25801E-4 2.48734E-4 9.34112E-4 2.53973E-4 2.32838E-4 2.72192E-4 4.41611E-4 3.13116E-4 7.94948E-4 4.00071E-4 6.68145E-4 3.3501E-4 2.67706E-4 2.59385E-4 6.04678E-4 2.45841E-4 2.81284E-4 2.25923E-4 3.30616E-4 0.001830356 0.005838886 0.001552286 0.003185498 0.002920642 0.007708769 0.002229856 0.003475047 0.00402665 0.011786637 0.001365728 0.001801232 0.002592431 0.002543853 0.00422673 0.002134418 0.00379674 0.003694876 0.003396402 0.002098025 0.00165084 0.003972242 0.004543034 8.8479E-4 0.002431735 0.00472849 0.005493627 8.46458E-4 0.002414656 0.002077755 0.001666898 0.003386531 0.001301944 0.004952914 0.002471885 0.004805378 0.001543541 0.008092383 0.002800685 0.004603425 0.002415396 0.00119223 0.003244348 0.00434957 0.005299534 0.002390663 0.001139664 0.005547443 0.001695719 0.002989707 0.010504749 0.004114355 0.005273711 0.004005255 6.34697E-4 0.002710264 0.005090002 0.003114556 0.005815921 0.008552293 0.001439986 0.003558678 0.007028205 0.006602711 0.002658746 0.002082532 0.003015306 0.003294245 0.004501339 0.005299263 0.008396792 0.00297165 0.004550317 0.006277367 0.006117004 0.004803019 0.003809506 0.011788459 0.004318319 0.007657291 0.00450698 0.003765769 0.003806418 0.003525 0.007249553 0.007651571 0.006162888 0.004142218 0.002784243 0.008769869 0.005652848 0.003528604 0.009390216 0.006801383 0.006447762 0.006421578 0.005055194 0.006403456 0.003633257 0.003064461 0.010235604 0.00670594 0.003250267 0.008062935 0.006689395 0.003619192 0.008531945 0.006092013 0.007893939 0.010061053 0.002923682 0.001236177 0.003671664 0.007073332 0.002932627 0.005025258 0.008460241 0.004090758 0.002309816 0.005147182 0.008343363 0.016768549 0.010392946 0.013251676 0.008598868 0.010444717 0.007384471 0.00571492 0.008500017 0.011342914 0.007316794 0.008535409 0.011533664 0.01008348 0.006814456 0.005764219 0.010632915 0.009450785 0.008060697 0.006331747 0.009790922 0.009323244 0.013973992 0.007918815 0.005763284 0.009010116 0.008586853 0.006115584 0.008853531 0.009158119 0.009177611 0.009279068 0.007838656 0.011078603 0.007423158 0.007906027 0.015855158 0.009915304 0.010096299 0.008186738 0.009835295 0.00918448 0.014039675 0.011070948 0.00796765 0.011075095 0.00920392 0.00903035 0.011057465 0.011915835 0.010278806 0.009306663 0.011182114 0.012356108 0.008312138 0.007292911 0.007955672 0.012467348 0.006466344 0.003602053 0.003215409 0.003552047 0.004363522 0.005161082 0.004564838 0.006477789 0.005480248 0.007399082 0.003487641 0.003669242 0.004065313 0.004475301 0.003436078 0.004109899 0.005521908 0.003182978 0.004669111 0.010162223 0.004996931 0.010328592 0.008167386 0.009350001 0.012493576 0.008645879 0.010759457 0.017033103 0.011804753 0.009508217 0.011769956 0.007463282 0.008804706 0.010497463 0.011117243 0.009446858 0.016629008 0.009015413 0.010173259 0.011999174 0.009617201 0.017889099 0.010011247 0.013167261 0.012097445 0.010361701 0.016978379 0.011532263 0.011420237 0.017103168 0.012461672 0.013613696 0.002639199 0.002450428 0.002781851 0.003298472 0.006141146 0.003693374 0.002498425 0.002499999 0.002614839 0.003405787 0.002783741 0.00277664 0.002921622 0.007425285 0.005126762 0.00555812 0.002494382 0.002798184 0.00345188 0.010312443 0.002667395 0.003412627 0.0024735 0.003578081 0.004666031 0.005608456 0.00480969 0.004035977 0.004864021 0.005572974 0.003986648 0.003634334 0.004641659 0.004853561 0.003673083 0.003741775 0.003006459 0.003488906 0.006226468 0.006678629 0.003685673 0.003555786 0.003303692 0.00866696 0.002677802 0.003874296 0.003526118 0.004281266 0.003294038 0.002651365 0.003663098 0.004411158 0.00335326 0.00358887 0.006522841 0.006567757 0.002951594 0.005052581 0.005548311 0.002589698 0.002877371 0.003457537 0.002791577 0.003818489 0.008523605 0.003305863 0.00591527 0.003040065 0.004800439 0.005491347 0.006264161 0.004742453 0.005470544 0.004138471 0.005960103 0.007087271 0.004189364 0.005914442 0.005591634 0.006191672 0.006527418 0.006764452 0.003566777 0.004048461 0.00511139 0.004105055 0.005518058 0.004751959 0.006774651 0.006243326 0.003488945 0.005125829 0.006361701 0.004561371 0.003966153 0.011368188 0.004825206 0.003530375 0.00515625 0.004006559 0.003681927 0.006628912 0.004201078 0.004066581 0.006179214 0.009497255 0.003354552 0.005802045 0.005627961 0.004913147 0.003534518 0.004314119 0.00514824 0.004175571 0.003955595 0.005661974 0.004007481 0.005025895 0.00347688 0.004623472 0.01041876 0.004317897 0.00670569 0.00833777 0.004885925 0.004901492 0.004353156 0.010992789 0.003854486 0.006291628 0.006313155 0.006525169 0.004383715 0.005874854 0.008415754 0.003976488 0.004742667 0.00865801 0.006089244 0.004441683 0.008410038 0.003808468 0.00581218 0.005513643 0.006864967 0.004805731 0.006928837 0.004786326 0.004095421 0.003695628 0.007813496 0.00535772 0.004454125 0.005305103 0.00531248 0.005165081 0.004923449 0.005898749 0.011444153 0.004614008 0.003804864 0.009303023 0.005493119 0.004530805 0.006026546 0.006145328 0.005553141 0.008406084 0.005249539 0.004882155 0.004881441 0.005793867 0.006305088 0.005755416 0.007818198 0.005843786 0.004600704 0.010884871 0.006937493 0.004940508 0.006508417 0.004776975 0.005562391 0.011483723 0.003570591 0.003531161 0.004468049 0.009992726 0.008037671 0.005235525 0.004237525 0.003975616 0.005118088 0.00374657 0.005727951 0.003593672 0.004098438 0.005737497 0.004120686 0.006109621 0.006675927 0.009444339 0.004091806 0.005931595 0.008443313 0.003555173 0.004971698 0.008958865 0.005743135 0.004028353 0.005786084 0.004311587 0.005367143 0.00371535 0.005133507 0.004501213 0.006267948 0.006958981 0.006202966 0.004932653 0.005383026 0.004732064 0.006757087 0.006339472 0.006786228 0.008754743 0.003858109 0.006061579 0.007332003 0.004083696 0.007059785 0.005906861 0.006838256 0.005705284 0.007403097 0.006297162 0.004845862 0.007531393 0.00469252 0.007745972 0.00827514 0.005089959 0.005051236 0.005950189 0.004821808 0.005742257 0.004583508 0.00698039 0.004392126 0.004961127 0.010507307 0.00630176 0.004323052 0.006858643 0.006203547 0.005484932 0.008287643 0.006779001 0.005404788 0.006420122 0.004942283 0.004953506 0.004210344 0.007030587 0.005101328 0.004890515 0.004134989 0.006377494 0.005733608 0.004906555 0.004267199 0.004744153 0.005546937 0.004592401 0.005334395 0.004323105 0.00716366 0.003769558 0.004839639 0.009770917 0.006524413 0.003635481 0.005166726 0.003778388 0.005433072 0.00358791 0.003797489 0.00394784 0.007780984 0.003658492 0.003727993 0.010285323 0.004355632 0.004656705 0.00359813 0.005667134 0.003418766 0.004762044 0.004550562 0.006165315 0.003451908 0.003936226 0.003589825 0.00511596 0.010510994 0.002821858 0.005234147 0.002933735 0.003457934 0.003799621 0.004646657 0.003503543 0.010204102 0.004789579 0.003275184 0.005496148 0.004328854 0.004547884 0.003934189 0.004597544 0.004430143 0.004944439 0.006501467 0.004987063 0.004569118 0.002969658 0.003547623 0.004545053 0.004168773 0.003402767 0.003529852 0.004746546 0.003899101 0.004528434 0.00295231 0.003966651 0.006389286 0.003874837 0.002927107 0.004268297 0.004039335 0.003594792 0.002846685 0.004052012 0.005755152 0.003734072 0.003070195 0.003003657 0.00336219 0.004604426 0.004161769 0.003131355 0.004369245 0.004881827 0.003204783 0.004842546 0.004904228 0.004296626 0.003006732 0.004206459 0.00437167 0.00477112 0.003672983 0.004785664 0.005532636 0.004670569 0.003397642 0.005736319 0.004707372 0.004147495 0.003692839 0.004933643 0.007029173 0.003701342 0.004444885 0.003905324 0.008959642 0.003667297 0.003469914 0.008953065 0.004851833 0.004115188 0.00597678 0.003744759 0.004548025 0.003804856 0.004274942 0.004765554 0.004873934 0.004065012 0.004949756 0.00454211 0.004535491 0.004290222 0.003797451 0.004863988 0.004390593 0.011509206 0.005085942 0.00393987 0.005158299 0.004570968 0.004885291 0.003945436 0.006378133 0.004111294 0.005484809 0.005476973 0.005129194 0.008686714 0.002978087 0.003097299 0.003208871 0.007128873 0.003668696 0.002793445 0.004974646 0.006339601 0.003151243 0.003593564 0.004038258 0.00382146 0.004792782 0.002776374 0.003871108 0.004164517 0.004357087 0.003156115 0.004347377 0.004164645 0.00395918 0.003297765 0.003263768 0.005065809 0.005257957 0.004232607 0.005659875 0.004188257 0.003747839 0.004317791 0.005785808 0.008058673 0.003146887 0.004440375 0.007120464 0.00492833 0.003599321 0.004018895 0.003998628 0.006808986 0.003118975 0.004478967 0.004662636 0.004455253 0.003272595 0.003378959 0.004164936 0.00397748 0.005134991 0.003078576 0.004099465 0.003108637 0.004005716 0.003414183 0.003109063 0.005000491 0.003876382 0.003787429 0.002853553 0.005319022 0.003940686 0.004413062 0.003000937 0.004439041 0.003693943 0.003718116 0.003854203 0.003466011 0.004063939 0.004630692 0.00447083 0.003198172 0.003986766 0.006963974 0.004631079 0.006231963 0.006744911 0.004630644 0.003694468 0.004662655 0.005125349 0.005213486 0.004127675 0.005415799 0.003971433 0.003158025 0.011203427 0.004918714 0.004332465 0.006168114 0.003765044 0.004565545 0.003481516 0.004994465 0.004739182 0.004633483 0.004168198 0.004491731 0.004172351 0.004449444 0.003833054 0.005570393 0.003912162 0.004864405 0.003795984 0.004583159 0.003877014 0.005437551 0.002903203 0.009639682 0.004624992 0.00395471 0.004531703 0.004146445 0.00556381 0.003980732 0.004264552 0.005138605 0.003607323 0.005002522 0.002941015 0.007855402 0.003059656 0.005147776 0.003008602 0.002925737 0.009274472 0.002915846 0.004023081 0.003264446 0.004181091 0.00453324 0.004291999 0.00421711 0.003338216 0.004596092 0.003575202 0.005536719 0.005211013 0.005853569 0.004210141 0.00439254 0.004501992 0.004788238 0.004448367 0.005218301 0.004079171 0.004706782 0.00463546 0.005401838 0.0032983 0.005079928 0.005111377 0.004130292 0.003786562 0.003515864 0.003619175 0.003213696 0.009762655 0.003035885 0.003585762 0.003814803 0.006420162 0.003273104 0.005270223 0.004196829 0.005018309 0.003234208 0.004321885 0.002963718 0.003802069 0.003206009 0.005032011 0.00847912 0.002873846 0.003064077 0.002890736 0.01171203 0.00279104 0.004541743 0.005024674 0.005844983 0.004491433 0.00608633 0.005013254 0.003089029 0.00391906 0.005575773 0.005428504 0.00358484 0.003947677 0.004546267 0.005046586 0.003750182 0.009976785 0.00463303 0.003844974 0.005985623 0.003707143 0.004980547 0.004267492 0.005617703 0.003782245 0.004670869 0.002878321 0.007739942 0.00356526 0.003686151 0.004859766 0.004860175 0.005183867 0.004209606 0.004445932 0.00431758 0.004784339 0.004812615 0.004806572 0.004071408 0.004884235 0.00475476 0.004648818 0.006464593 0.003738972 0.003403322 0.005700052 0.003747945 0.004832455 0.005020655 0.004243087 0.003487256 0.0048163 0.004709219 0.004723676 0.00334509 0.003741729 0.004539069 0.004567229 0.003282067 0.005150749 0.004041523 0.003771674 0.004346396 0.00448522 0.003999022 0.00391843 0.005631505 0.004507712 0.003014466 0.003922814 0.006051516 0.003878748 0.003395505 0.003071607 0.003846772 0.006484247 0.002752204 0.003636861 0.004857215 0.003453 0.003934585 0.005737277 0.003076341 0.003328182 0.004485037 0.002925904 0.003190877 0.003138026 0.00568443 0.008618979 0.003603443 0.003398224 0.003108213 0.005403455 0.003570067 0.007098358 0.003927563 0.008323411 0.004374573 0.008508619 0.003296778 0.003772373 0.005010813 0.003286518 0.003067791 0.005535182 0.002960023 0.004650543 0.006158102 0.003435946 0.003451692 0.003902089 0.005898562 0.004306046 0.003492035 0.004847469 0.005746293 0.002894934 0.003809907 0.002985851 0.004333004 0.008036681 0.003506784 0.005793154 0.00802192 0.002799712 0.003394351 0.003689922 0.003892905 0.004323726 0.004836391 0.005671031 0.003849258 0.004794708 0.002997913 0.006131172 0.002966889 0.003412298 0.004825773 0.00496281 0.005397651 0.004885237 0.003642624 0.006362123 0.004651327 0.003525313 0.003504692 0.006868836 0.007749026 0.00339918 0.003490937 0.006307369 0.004947772 0.003826316 0.003812655 0.003804221 0.004206065 0.005897126 0.003722685 0.003272242 0.003942151 0.003952945 0.006086601 0.003544876 0.003347162 0.003584622 0.004619615 0.003105795 0.0042371 0.003412426 0.003683315 0.003053716 0.004023363 0.006252729 0.004980006 0.005505908 0.003384733 0.004503702 0.003415774 0.004797866 0.003995502 0.007246751 0.002877208 0.003211796 0.003447278 0.004884928 0.007570502 0.005542391 0.003503319 0.006472531 0.007794532 0.004523982 0.003664821 0.008271362 0.004855533 0.003761967 0.004794891 0.003897341 0.003340326 0.003232528 0.004135101 0.009332683 0.003103669 0.005534458 0.003391025 0.00452647 0.003312151 0.00394531 0.003729994 0.003120767 0.00656598 0.003690648 0.003589353 0.003815005 0.004098638 0.004240818 0.003424666 0.003585667 0.00378646 0.00313158 0.004569426 0.005908698 0.003694876 0.005214243 0.004076023 0.005485424 0.003650062 0.003761211 0.004771076 0.010637121 0.004451659 0.003274375 0.009799358 0.004106386 0.004050004 0.002903478 0.003647954 0.003096153 0.005800124 0.005993608 0.003911348 0.003494658 0.007723783 0.002999571 0.004857765 0.008243883 0.007472449 0.003463709 0.003292474 0.003693722 0.007808653 0.003606752 0.003860848 0.005109998 0.006374977 0.003386851 0.003252321 0.003804524 0.003006802 0.003168438 0.003789497 0.006373576 0.004485297 0.003848205 0.003794902 0.004629667 0.003026385 0.00496448 0.002948152 0.004734021 0.003281222 0.003410362 0.004602993 0.005565623 0.004590017 0.003026895 0.003937754 0.00298745 0.00362923 0.003319222 0.004507097 0.006471709 0.00289091 0.004345378 0.004649118 0.004504465 0.002922959 0.004305852 0.003646341 0.004437937 0.006611059 0.005091268 0.004882769 0.003624013 0.004600176 0.004247785 0.002934657 0.003989418 0.003858949 0.003861595 0.002912256 0.003223531 0.006172308 0.008562533 0.003486062 0.003609252 0.003001471 0.007875353 0.003166255 0.003391964 0.004369594 0.005738265 0.009084888 0.003588284 0.003153675 0.002891805 0.004148707 0.003301248 0.00532946 0.003832296 0.003476986 0.004455885 0.003819568 0.003704399 0.005132413 0.00326012 0.003101258 0.003670876 0.003609767 0.003518734 0.004143528 0.005821336 0.004786895 0.004332135 0.004472339 0.005044229 0.003461719 0.004292433 0.003492026 0.004259993 0.003675069 0.00342446 0.003268147 0.003664325 0.003239053 0.00383894 0.003961521 0.004342902 0.005085808 0.003409461 0.004925312 0.004428495 0.004774734 0.003233583 0.005088031 0.004064037 0.00453679 0.006576082 0.002968762 0.004048514 0.003898762 0.005635217 0.003512027 0.004365711 0.00406681 0.004425576 0.004275455 0.005458583 0.003770162 0.003548622 0.005469627 0.005377987 0.003043965 0.003645445 0.006493983 0.002802329 0.002808256 0.002834436 0.003286742 0.004066783 0.003168838 0.002831877 0.003564698 0.002887995 0.004455831 0.003203247 0.004614334 0.003348612 0.011136665 0.003130668 0.004063591 0.005444639 0.003304557 0.002991068 0.003715283 0.005205407 0.004635957 0.00297118 0.003845194 0.004380018 0.005715827 0.003167496 0.006175606 0.004104015 0.004092468 0.002993397 0.003598073 0.002810775 0.003190521 0.003420658 0.002731261 0.005582871 0.005271479 0.006100198 0.004254631 0.007149643 0.007542325 0.00371639 0.003575806 0.004149014 0.00513191 0.003414612 0.004599913 0.00368197 0.004857547 0.007979869 0.003429531 0.003572575 0.005536692 0.004585752 0.003800088 0.003402936 0.004553083 0.00340292 0.004109311 0.002946203 0.004194195 0.010615771 0.004837584 0.004671906 0.007218483 0.003527471 0.005216955 0.002909459 0.007871568 0.002928261 0.005417947 0.00614949 0.004530622 0.003955295 0.004570104 0.004680843 0.004164737 0.004265662 0.004527566 0.00423895 0.005433978 0.005119587 0.003263845 0.003939524 0.004408728 0.004754755 0.002782137 0.004491358 0.005547981 0.00445466 0.003134916 0.004359428 0.003830287 0.004724416 0.003680946 0.003498833 0.005132454 0.004738919 0.003088232 0.004893224 0.003666587 0.005918163 0.003057179 0.004562377 0.004667754 0.004277379 0.003272466 0.005725187 0.003128004 0.003370332 0.003042661 0.004687487 0.007576681 0.003590091 0.003183904 0.003773455 0.005165369 0.009146677 0.003187414 0.004671041 0.003174112 0.003988417 0.003348015 0.003216234 0.003576163 0.003139135 0.004070104 0.004786673 0.004730656 0.002878828 0.003007869 0.004329427 0.006009219 0.004428963 0.004798184 0.003369643 0.003966488 0.002975488 0.003160431 0.00311251 0.005765533 0.004867616 0.003233393 0.006104142 0.004605317 0.004067066 0.003193235 0.004644721 0.002967928 0.00281929 0.003336269 0.005077715 0.007263196 0.002827288 0.002741973 0.003527011 0.003102996 0.00447563 0.00309915 0.004052398 0.00414281 0.003175248 0.002983177 0.003364377 0.00403353 0.003122486 0.004000681 0.004204552 0.00471096 0.003774924 0.004754188 0.003911283 0.004414925 0.003392745 0.005684588 0.004081732 0.003991172 0.003443967 0.003508753 0.004120774 0.004442393 0.003817125 0.005564335 0.003970204 0.004328587 0.003626332 0.005255898 0.003748935 0.006064154 0.004549749 0.004350215 0.006632606 0.00470232 0.003997332 0.004039992 0.003009264 0.003620295 0.003578047 0.003687432 0.00346474 0.004381305 0.00396865 0.003280604 0.003775615 0.003249887 0.004179796 0.003250872 0.003979129 0.004010307 0.005109479 0.00454068 0.003639722 0.004399342 0.00608404 0.005067827 0.003891175 0.003414441 0.004988699 0.004748416 0.003854634 0.003486928 0.003831578 0.003704764 0.002923439 0.003974391 0.003724195 0.005967948 0.003617653 0.003399739 0.003334316 0.003358244 0.003325084 0.003463049 0.003321223 0.003906516 0.004515558 0.006429057 0.003487461 0.004965753 0.002853541 0.005222818 0.002853835 0.003215423 0.002530329 0.00713629 0.004898681 0.004316919 0.004536287 0.0036845 0.004810683 0.003184354 0.007314366 0.004612805 0.004310788 0.002554375 0.00859579 0.0041221 0.004430072 0.004262406 0.004210407 0.004539924 0.00450741 0.004246698 0.005249966 0.004580316 0.00421634 0.004151255 0.004174207 0.0025304 0.003877801 0.00376395 0.003145271 0.003339347 0.003803711 0.002618468 0.003259777 0.005304064 0.003521368 0.002374182 0.002665311 0.002865776 0.003563492 0.004945965 0.00378487 0.002748098 0.002704197 0.002939044 0.003275335 0.004085482 0.002908135 0.003245843 0.00261574 0.00513615 0.008877103 0.00302967 0.002811056 0.003409865 0.003938973 0.003340372 0.003716298 0.005482325 0.004831282 0.00439553 0.003693029 0.004589627 0.004307599 0.002989615 0.008548597 0.004520148 0.002622297 0.006987121 0.002995983 0.003992683 0.004213667 0.003344886 0.003273888 0.00449842 0.003815486 0.00645007 0.002691864 0.004023582 0.003045074 0.003752301 0.003908853 0.002647174 0.005405023 0.004284815 0.003513979 0.003210664 0.003610582 0.004144782 0.00383519 0.003238831 0.003785725 0.004892043 0.003188926 0.012949208 0.003960285 0.003790809 0.002829622 0.005077498 0.004103747 0.005528872 0.002676408 0.00314775 0.003244656 0.005155968 0.007749874 0.003243795 0.003016476 0.003258306 0.003074759 0.004717459 0.006119807 0.003325183 0.004173513 0.004515281 0.003890416 0.003327232 0.004523477 0.007680326 0.002913028 0.004378956 0.003513688 0.003161082 0.00314813 0.008029461 0.002759908 0.002761181 0.003014164 0.00551126 0.003010283 0.00313904 0.003256067 0.003262058 0.002519263 0.001429626 0.002629317 0.002999504 0.002929015 0.002063196 0.003829317 0.005390858 0.006310516 0.001294759 0.00401865 0.002548567 0.007859807 0.004429246 0.003985189 0.006566392 0.004659599 0.001330637 0.002965894 0.001821197 0.004351048 0.00379035 0.00149767 0.004438631 0.003577645 0.00450014 0.001327874 0.003078429 0.004055267 0.003463296 0.002698665 0.001055238 0.002764318 0.005374865 0.003936754 0.003930913 0.001168649 0.003691157 0.003234475 0.005395718 0.003842925 0.00134412 0.001060658 0.005315 0.002022866 0.001144283 0.00347794 0.003107479 0.001897983 0.002984034 0.001260918 0.002393509 0.004542215 0.004132318 0.003882645 0.00117907 0.004468349 0.00522188 0.002501435 0.001350754 0.002944326 0.003594603 0.005534579 0.008449985 0.002952729 0.003447175 0.00304788 0.00219397 0.002552718 0.001248121 0.00416109 0.00591571 0.001284247 0.003802295 0.002727778 0.003930875 0.002027394 0.008159072 0.002778413 0.003391246 0.001791229 0.001908502 0.003691595 0.004579528 0.003529423 0.004693179 0.00172088 0.003049378 0.003953652 0.002981555 0.002727557 0.002346781 0.001154396 0.003373724 0.001207487 0.001240687 0.003179071 0.002906803 0.002095369 0.0047123 0.001398819 0.001062506 0.00269884 0.003404204 0.007107704 0.001140434 0.002382084 0.003458122 0.002588662 0.001298217 0.003600146 0.004340074 0.003598465 0.00345739 0.003150218 0.004369482 0.004215735 0.001186405 0.002592948 0.001797841 0.003731539 0.003966758 0.001225479 0.004209384 0.004269441 0.003342524 0.002566832 0.003126085 0.003482904 0.003998365 0.001996713 0.001427397 0.002702385 0.004286827 0.002316735 0.002520667 0.001072768 0.003526614 0.003483994 0.00279695 0.003537527 0.00219939 0.001009483 0.002258427 9.53352E-4 0.001454297 0.003373854 0.0061159 0.001064021 0.003152544 0.001049322 0.00109154 0.002841439 0.003255978 0.00289304 0.001204287 0.002763679 0.003097468 0.002677218 0.003105187 0.002823702 0.003264437 0.002588406 0.002490033 0.003560763 0.004177493 0.002617656 0.001088914 0.002844658 0.001248583 0.00317657 0.003581287 0.001498161 0.003568351 0.003344923 0.003939864 0.001910841 0.005132921 0.003273813 0.003500418 0.001701215 0.001013241 0.003662573 0.004168736 0.003490627 0.002820232 0.00100481 0.003232099 0.004141443 0.005165702 0.002457253 0.00101626 9.26312E-4 0.002485393 0.0012587 0.003154846 0.002920851 0.003217133 0.00116292 0.002734179 0.002023553 0.002760777 0.002605319 0.003108713 0.002380869 0.001020939 0.002360726 0.004287422 0.003975014 0.002854188 0.003632555 0.003750175 0.002386832 0.002311277 0.003642439 0.00347959 0.003236234 0.002656533 0.003470767 0.001442578 0.005061837 0.003298526 0.001182108 0.003303376 0.005214224 0.008323162 0.001281341 0.003348267 0.002979172 0.00475351 0.001179504 0.001424851 0.003052961 0.004164882 0.003681977 0.005582247 0.001669715 0.008517439 0.003928176 0.003368015 0.003126598 0.002175651 0.002436329 0.004419828 0.001189301 0.001075403 0.002738566 0.003328111 0.002240576 0.002458216 0.001069914 0.001036974 0.003038996 0.002754939 0.002517602 0.001113815 0.004487937 0.005261161 0.002783434 0.001714733 0.002527229 0.005047145 0.007812037 0.002499158 0.002531387 0.006291698 0.004248871 0.001518507 0.003041684 0.001963627 0.003791879 0.002746714 0.001072621 0.002844639 0.003097936 0.00281521 0.001158209 0.003561559 0.002967073 0.002566559 0.001374658 0.002099208 0.002648542 0.003282618 0.00339689 0.002830299 0.001044125 0.004054698 0.005312227 0.003247563 0.003678196 0.001667283 0.001221764 0.002205711 9.9837E-4 0.001067088 0.003232479 0.003966615 0.001168084 0.002239261 0.002370736 0.001194595 0.002739187 0.002714795 0.002642428 0.00153238 0.003209175 0.004307853 0.004818305 0.001259431 0.00389395 0.003219368 0.003083453 0.004277204 0.005110652 0.003056883 0.004354002 0.001876841 0.002705591 0.00113775 0.007017229 0.006821739 0.001170304 0.002732899 0.002346154 0.002457941 0.003808201 0.002972344 0.002795382 0.00270831 0.002129057 0.001466783 0.00282985 0.003956699 0.004323327 0.002885628 0.001318317 0.003145701 0.004752163 0.003926155 0.002762165 0.00155528 0.001220908 0.004164093 0.004518614 0.002489072 0.003004651 0.002754409 0.002028629 0.003522158 0.001367367 0.002611835 0.003247574 0.002606595 0.002860614 0.001131996 0.002754652 0.002790596 0.002465293 0.001809999 0.004392659 0.002854048 0.002759446 0.003541455 0.002687711 0.003162491 0.003025138 0.001676281 0.002411243 0.001223144 0.003340718 0.004925758 0.005773176 0.003100989 0.003139882 0.002479593 0.001143624 0.004809777 0.004316691 0.003593587 0.001101516 8.30788E-4 0.002455161 0.003229327 0.002629925 0.008963863 0.001124244 0.004286307 0.003108966 0.003521148 0.002343366 0.001657815 0.001830051 0.005469854 0.002142005 9.9879E-4 0.003449896 0.003100925 0.003708999 0.002516598 0.002249362 0.001310504 0.006738975 0.004156645 0.003474946 0.001109636 0.00238144 0.004456729 0.006006971 0.001173749 0.002270848 0.002540681 0.0024545 0.002666838 0.002698339 0.002992201 0.002544565 0.001539414 0.0028968 0.001701921 0.004689082 0.005581544 0.001368188 0.005074881 0.002651119 0.002397716 0.005158253 0.003310138 0.004249112 0.00404562 0.00271224 0.001353795 0.003132189 0.002822213 0.00269406 0.002592466 0.001272543 0.006538172 0.004392183 0.002673662 0.002322906 0.00111422 0.001445701 0.002642456 0.001135125 0.001615812 0.004117744 0.003545249 0.001072183 0.003584534 0.001160265 0.001065363 0.004170041 0.003723239 0.002770598 0.003437766 0.00362257 2.56247E-4 0.004920285 0.001631943 0.00223605 0.003056372 0.002703836 0.004453739 0.007467057 0.002943053 0.002601973 0.001237165 0.002696899 0.001016905 0.003719059 0.004765297 0.001222863 0.003025915 0.002638496 0.002475574 0.001284441 0.003326427 0.003272975 0.002465824 0.001910524 0.001547184 0.004570447 0.003789206 0.003009846 0.002833943 0.001798379 0.007961332 0.00475796 0.003130911 0.004360823 0.002324686 9.89064E-4 0.002514937 0.001252627 0.001512265 0.004792614 0.003519496 0.00144239 0.004102624 0.001192117 0.001066703 0.002837382 0.004067769 0.002271749 0.003474741 0.002390947 0.002785068 0.002728616 0.001583845 0.002663721 0.004329015 0.002502485 0.004536363 0.003736165 0.00440033 0.003658577 0.002681737 0.002324592 0.001024516 0.003610971 0.005591507 0.002034826 0.003034365 0.002504767 0.003895723 0.001302685 0.002826058 0.004240534 0.002558379 0.001688432 8.65321E-4 0.00251597 0.003586947 0.002471264 0.003050028 0.002008007 0.004066409 0.003368718 0.012080179 0.0036864 0.001396306 0.001222787 0.002359006 0.001081362 9.99019E-4 0.002823839 0.003503218 0.001985865 0.002527544 0.001116814 9.52694E-4 0.002544946 0.002490092 0.006692718 0.001374924 0.002722777 0.003313031 0.003516166 0.001168981 0.002206623 0.005472022 0.003121828 0.003091767 0.002346777 0.003323594 0.004705923 0.001334945 0.002670896 0.002167665 0.004200298 0.005665922 0.002515689 0.005484775 0.004483045 0.002667981 0.001501206 0.002893107 0.002767717 0.003492371 0.002209349 8.77014E-4 0.002505686 0.002999689 0.002509735 0.002802906 0.001891311 0.003174406 0.003144264 0.002724194 0.002654465 0.001173881 9.5383E-4 0.002210286 0.00119212 0.001381145 0.010356902 0.002564302 0.002874803 0.00201231 8.18589E-4 0.002782482 0.002000915 0.003868296 0.00190966 8.64099E-4 0.002940926 0.002156354 0.002516946 8.36825E-4 0.003491091 0.002872989 0.00480832 0.007203661 0.001615098 0.00207884 0.001989995 8.43045E-4 0.003917365 7.15419E-4 0.001908084 0.003202359 0.003710859 0.001841023 0.001638152 0.001724595 7.50331E-4 0.00335882 0.005934293 0.003808124 0.001054361 5.81946E-4 0.002096507 0.003270716 0.003526583 0.004693159 0.001541856 0.00495449 0.00299343 0.002806647 0.00208739 0.002586793 0.001686104 0.002420696 0.001194935 0.001532931 0.002998924 0.003416901 0.001193824 0.006104224 0.00252186 0.001512757 0.003031857 0.002442693 0.00247982 0.001483134 0.003964933 0.002827869 0.002293519 0.001257202 0.003904962 0.002922067 0.003185369 0.002488095 0.003042993 0.004995767 0.003022829 0.001015057 0.002296638 0.001277199 0.00244098 0.003790457 9.0789E-4 0.002951918 0.003936862 0.003028473 0.001907563 0.003305845 0.004509165 0.004389261 0.001145395 8.58895E-4 0.003585823 0.00472497 0.002518369 0.002322141 8.28587E-4 0.002296825 0.002500265 0.002593634 0.001744946 9.40182E-4 8.12751E-4 0.00280626 0.001161863 0.002030098 0.002953656 0.001913705 7.94613E-4 0.001822546 7.13876E-4 6.68645E-4 0.001889647 0.001869826 0.001819502 0.003093026 0.00415459 0.002170308 0.002552975 0.005170344 0.00371293 0.002627608 0.001953348 0.001746212 0.001629872 0.00197134 0.001667714 0.002023409 0.002996712 8.50905E-4 0.002118116 0.003875473 0.001613201 0.003564356 0.002782333 0.003877525 8.29079E-4 0.001792409 0.002045171 0.002625573 9.3106E-4 5.9222E-4 0.001760467 0.002316802 0.00245821 0.00335808 7.70604E-4 0.002324489 0.002730775 0.002098905 0.001647866 9.47966E-4 0.001837933 0.002975863 0.001553704 0.001983403 0.002149131 0.00193926 0.002467726 0.004957473 7.80484E-4 9.24256E-4 0.002922673 0.001745129 0.001673716 7.67556E-4 0.001655024 0.002364823 0.002204749 8.78273E-4 0.002316817 0.00278495 0.005281398 0.001919572 0.001676983 0.004068519 0.002135639 7.37789E-4 0.002194056 0.002032913 0.004359808 0.003836341 9.37574E-4 0.002321444 0.002492417 0.003657524 0.001287831 0.004210693 0.002535862 0.002597525 0.001541903 7.49491E-4 0.001893347 0.008750587 0.001898897 0.002172729 8.69272E-4 0.00745959 0.002840266 0.002039799 0.002075092 0.004466679 7.65363E-4 0.002287194 0.001120838 9.922E-4 0.001963652 0.003498273 8.6612E-4 0.003975596 0.002463472 8.0607E-4 0.002568243 0.002022802 0.002430088 0.001054895 0.001787641 0.004548948 0.002962317 8.36853E-4 0.001621165 0.002169421 0.007414556 0.001722799 0.001874531 0.005971993 0.001907089 6.68343E-4 0.002488644 8.49633E-4 0.003192657 0.00272308 0.001330777 0.002941415 0.001814488 0.001636581 7.88839E-4 0.002648647 0.005372465 0.001835806 9.51091E-4 7.36504E-4 0.004461115 0.003331858 0.001791463 0.003037714 0.002938737 0.004168042 0.001881853 0.002033884 0.001419391 0.001107753 0.001164835 0.00188475 0.001260483 6.95455E-4 0.002448532 0.00341553 9.67824E-4 0.003383223 0.001215148 8.87093E-4 0.001645471 0.001844365 0.001812642 8.32034E-4 0.002317185 0.003864569 0.00267874 0.001147436 0.002419664 0.003061838 0.003150277 0.003708273 0.002500499 0.005186401 0.003778199 0.001139744 0.002490516 0.002709648 0.002509177 0.003294088 0.001593021 0.002491457 0.001855207 0.002152079 0.001998963 0.004468072 0.002788988 0.001823078 7.20617E-4 6.67577E-4 0.001913048 0.002775968 0.006127043 0.001904142 8.70409E-4 0.002371117 0.003168696 0.001996324 0.001452495 0.001078846 7.59188E-4 0.001739199 8.07696E-4 7.19332E-4 0.001841862 0.007557729 9.14132E-4 0.003366078 0.001348306 7.42201E-4 0.00164264 0.001874423 0.001744164 9.71053E-4 0.001850347 0.002940786 0.001813166 9.36919E-4 0.001581193 0.00838956 0.002128032 0.002917109 0.006369803 0.00281954 0.003897982 0.001039774 0.001776023 6.81077E-4 0.001674671 0.003290979 8.84978E-4 0.001986043 0.001637207 0.001704587 7.22639E-4 0.002467794 0.003118376 0.001826763 0.001331572 0.001527245 0.0042639 0.00237538 0.002139321 0.00266202 0.003328677 0.004490346 0.004306408 0.003079405 0.001493747 8.32936E-4 5.92356E-4 0.001695283 7.14295E-4 7.38079E-4 0.002136487 0.002143731 9.95312E-4 0.002394861 0.003519056 0.001137609 0.001687407 0.001642223 0.002881942 8.02525E-4 0.005864451 0.002905569 0.002794635 8.21625E-4 0.001515742 0.001909085 0.00169384 0.001851376 0.002529312 0.002413673 0.001648465 0.001025503 0.005904437 0.001772364 0.002429906 0.002621829 9.46551E-4 0.003171969 0.004224585 0.004201436 0.001430378 0.004728148 0.002839633 0.00232442 0.001236791 0.001197282 0.00525687 0.002818542 0.002555725 0.002959086 9.29848E-4 0.0029176 0.003674618 0.002812297 0.002325424 0.00125 9.28765E-4 0.002272849 9.50907E-4 0.001669112 0.004541851 0.003004283 0.001145636 0.003048551 0.001050204 0.002462622 0.00261324 0.002808869 0.005133103 0.001686453 0.004041973 0.002945683 0.002882409 0.002368322 0.001919115 0.002680386 0.00239318 0.003164067 0.002358781 0.003445901 0.003249101 0.001653984 0.003727792 0.005242196 0.002229343 0.003431438 0.001069713 0.002725161 0.003029925 0.003068548 0.002009135 0.0027635 0.003141297 0.002631402 0.001267771 9.41993E-4 0.003189023 0.003029835 0.002367873 0.002788373 0.002519744 0.004127109 0.003050478 0.003791527 0.002304492 0.00112873 0.001300687 0.003573663 0.00163159 0.001878286 0.002823965 0.00225256 0.001242125 0.003636518 9.57049E-4 9.66132E-4 0.00222965 0.002396659 0.003222877 8.77807E-4 0.002487479 0.002757961 0.002376359 0.001008405 0.002291429 0.004066952 0.001784747 0.004869734 0.001918641 0.002489882 0.002577634 8.45852E-4 0.001725125 7.3882E-4 0.001755275 0.001602443 0.002544935 0.002446608 0.002801893 0.002902374 8.11215E-4 0.001878173 0.001870894 0.001647343 9.10771E-4 0.001747466 0.002846013 0.005183477 0.004079262 0.002803262 0.001045055 0.003060418 0.005074198 0.003744858 0.002061462 0.001206454 0.001108845 0.003012376 0.001225924 0.001616647 0.005145313 0.002624701 0.001873943 0.00282794 0.001628954 0.002818027 0.002427306 0.004004979 0.003786069 0.002599388 0.003358896 0.00339795 0.00677212 0.001106628 0.002174587 0.003498051 0.00351361 0.004475854 0.003730674 0.004409833 0.002348963 0.001073948 0.003858721 0.001836591 0.005916998 0.002568195 0.001196594 0.003388236 0.008389747 0.00241219 9.69388E-4 0.003649203 0.006583173 0.004013975 0.001224749 9.34699E-4 0.003223918 0.005232235 0.003521585 0.003365132 0.003139051 0.003342672 0.003254312 0.005234099 0.0024392 0.001352949 9.88794E-4 0.003103922 0.001691535 0.001060615 0.003463386 0.004092274 0.001381452 0.002864441 0.001110573 0.001353947 0.002539483 0.002857451 0.002780704 0.002782346 0.005194804 0.003641734 0.003742175 8.79409E-4 0.00237023 0.004897319 0.006078227 0.003284514 0.008855247 0.007687635 0.002436983 0.001799896 0.003000256 0.001016854 0.003303982 0.003412482 8.73772E-4 0.002408082 0.00283045 0.003226209 0.001311084 0.004777835 0.003340495 0.004681898 0.001919202 0.001297925 0.003476313 0.004219694 0.00315005 0.004759353 0.001559629 0.005351601 0.00515523 0.004084164 0.004230111 0.001136425 9.2167E-4 0.004630121 0.002327363 0.001593803 0.003071162 0.002826369 0.001577825 0.00509991 0.002482819 0.001102902 0.002352381 0.005503464 0.002694059 0.00152143 0.002632255 0.00558185 0.002338637 9.15043E-4 0.00336047 0.005935415 0.002278319 0.004938086 0.004180816 0.003971176 0.003822532 0.001916545 0.004280037 0.001409526 0.00308243 0.002981588 0.002140166 0.005145641 0.002142041 0.002271642 0.001951355 0.002538034 0.00343453 0.004590732 0.001769827 0.001095815 0.003801134 0.005275952 0.00308388 0.003392876 0.002030656 0.002695693 0.003881019 0.004318578 0.002773679 0.001108159 9.21253E-4 0.005459492 0.002256495 9.58684E-4 0.00282882 0.00283705 0.003029398 0.004672312 8.70552E-4 8.16692E-4 0.004050656 0.009876987 0.002837144 0.001340352 0.002334519 0.005072322 0.002270568 9.79488E-4 0.002282414 0.006749507 0.002818456 0.002604661 0.003198624 0.004532079 0.003433297 0.001674964 0.002068525 0.00159506 0.003425759 0.002462673 0.001092698 0.005212694 0.00368565 0.002183896 9.52455E-4 0.005319237 0.004273379 0.003413795 0.00105198 6.70229E-4 0.002663989 0.002325809 0.004926721 0.002505942 9.34115E-4 0.004416273 0.003879125 0.00341262 0.003313811 0.001423286 0.00113241 0.003623968 0.001273244 0.002061126 0.002899643 0.003050645 0.001876109 0.00562803 0.001734506 0.001359655 0.002565177 0.004527352 0.003458923 0.004228424 0.002203589 0.005483414 0.00194509 0.001521646 0.001938703 0.003048942 0.002705459 0.00704639 0.002920894 0.004683628 0.004157113 0.001597956 0.00278721 0.002184702 0.00534756 0.004130257 0.001387872 0.004180164 0.003670197 0.008335127 0.001029595 0.002781894 0.009473554 0.00442497 9.99424E-4 9.9114E-4 0.002561421 0.002559612 0.0024379 0.003242308 0.001668875 0.006291602 0.002889849 0.005891802 0.002928863 0.002615085 0.001364314 0.003249099 0.001537946 0.001837635 0.003083291 0.003373364 0.003048323 0.004489698 0.00234168 0.001417938 0.002144155 0.003507631 0.003532556 9.57488E-4 0.002474005 0.005646071 0.003055542 0.002892719 0.002302441 0.002998379 0.004335528 0.004344021 0.002250366 0.003647038 0.005064403 0.001179636 0.002352419 0.00102368 0.002722083 0.004694175 0.001493628 0.003827534 0.003006757 0.0019709 8.26131E-4 0.004075073 0.003265672 0.003586589 0.001246133 7.52526E-4 0.003501665 0.003646971 0.004290989 0.002539442 9.2534E-4 0.002908299 0.006338591 0.002588403 0.002235974 8.86635E-4 0.001487979 0.003835098 9.89094E-4 0.001032211 0.002627653 0.003170674 0.002019265 0.005081719 9.79981E-4 0.001135175 0.002377311 0.003099517 0.004784309 9.75287E-4 0.003645153 0.003694551 0.004369111 0.00128096 0.001774047 0.002708116 0.00215927 0.00285207 0.002724532 0.002793239 0.002206383 0.001081186 0.002052874 0.001021908 0.002643738 0.004656303 0.002081248 0.003223764 0.002859015 0.002192961 0.001160438 0.00276297 0.002310801 0.00275079 0.001779298 0.001150325 0.003495093 0.003340621 0.004676742 0.004062451 8.93371E-4 0.001995845 0.002462823 0.004850251 0.002234381 0.002477956 0.001245631 0.002737417 8.72268E-4 8.12945E-4 0.002123581 0.002259339 0.00270357 0.002675986 0.001029207 0.001345638 0.002126795 0.002797463 0.002374651 0.001029149 0.003324038 0.005535829 0.002454687 0.001158483 0.002416485 0.00394365 0.002359322 0.005594533 0.0031274 0.003634628 0.0022468 0.001319891 0.002523873 0.002276748 0.002567948 0.003029735 0.00111114 0.003132266 0.00274325 0.002500358 0.00234202 0.003160462 0.003023359 0.003580826 0.002032829 7.38942E-4 0.003001702 0.002933008 0.00272903 0.003682426 0.001311924 0.003118394 0.003498002 0.003661397 0.002549344 0.001108046 0.002417129 0.00340895 0.002526419 9.90863E-4 0.002567618 0.003374131 0.001113932 0.003263724 0.001694759 9.91984E-4 0.00223451 0.003458715 0.002998604 8.01283E-4 0.001989238 0.006242713 0.002456336 0.001410625 0.002093603 0.003353413 0.002451148 0.00264241 0.003056103 0.00283781 0.002256124 0.001246832 0.002580068 0.0010558 0.002556885 0.003264376 0.001493614 0.003249207 0.003677032 0.002605545 0.001161313 0.005100199 0.003537311 0.00280092 0.001138426 0.00130744 0.003254647 0.003280508 0.002429827 0.003444479 0.001709522 0.00404629 0.004207769 0.003004417 0.003186746 0.001835079 0.002966294 0.004447373 0.005688837 0.001003992 0.00386684 0.003013226 0.001030123 0.002967516 0.002107435 0.002328722 0.004350997 0.002750523 0.002171131 0.001343223 0.003938541 0.00705094 0.00443283 0.002381661 0.002903695 0.004285369 0.003747983 0.00340283 0.003514831 0.004436902 0.002112164 0.001070995 0.002319447 0.00107148 0.002669021 0.0025733 0.001352524 0.00488187 0.002466555 0.002341318 0.001584425 0.00397852 0.007121758 0.002832236 0.001030021 7.95516E-4 0.002524914 0.00439443 0.002575373 0.003208346 0.001404674 0.002584645 0.003171839 0.003286872 0.003923239 0.00146579 0.001095392 0.002606355 0.001152295 0.002128689 0.003546638 0.003058082 0.002702864 0.002605585 0.001532206 0.001587719 0.003768826 0.00518312 0.002941014 0.002806274 0.002191628 0.003339907 0.002369301 0.001190899 0.001853107 2.15123E-4 0.00536961 0.002065008 0.001906523 0.002931928 0.002605106 0.001228561 0.002799566 0.001839186 0.00503686 0.003405076 0.001585472 0.002585695 0.003529699 0.002476717 0.001467127 0.002511558 0.006523401 0.002437534 0.001224901 0.001504283 0.003200008 0.002728139 0.00204493 0.004252838 0.002257261 0.003351118 0.003769187 0.002535582 0.002611702 9.1071E-4 0.001468453 0.005104797 0.001233384 0.002151722 0.002829024 0.002578637 0.001137684 0.005133803 0.003698739 0.001277569 0.002338317 0.003034882 0.00603364 0.001194171 0.00237253 0.003793989 0.004737031 9.77839E-4 0.00245316 0.003205623 0.002580797 0.002757964 0.003273665 0.002868809 0.002944355 0.001231872 0.003968216 0.005541491 0.002784198 0.002901726 0.001148123 0.003529475 0.002438947 0.002624523 0.001999997 0.003029745 0.00304778 0.002928767 0.003003194 0.001154441 0.003577821 0.004205132 0.004160191 0.003301403 0.002148794 0.00289431 0.003081605 0.003516536 0.003083874 0.001742798 0.002064055 0.003395531 0.002019737 0.001163151 0.002712436 0.004469099 0.001384048 0.003881046 0.001496687 0.001135206 0.002504054 0.003065853 0.003847502 0.001426428 0.002285182 0.003992279 0.00316933 0.001452598 0.002986139 0.00549381 0.003080694 0.002557381 0.002490629 0.004393284 0.00409679 0.001499006 0.003134279 0.001636362 0.003206688 0.00292435 0.00101083 0.005246788 0.003606851 0.002695502 0.001470531 0.003781271 0.003333753 0.004863046 0.002404202 0.001118644 0.002675336 0.004625463 0.002979523 0.002733877 0.001089322 0.003831299 0.003739854 0.00287452 0.002188529 0.001108757 0.001357633 0.00358612 0.001264512 0.001364804 0.003512289 0.005184359 0.001266963 0.002827984 0.001097727 0.001012977 0.002413115 0.002756019 0.00291005 0.001747674 0.003732744 0.005176551 0.002088564 9.87912E-4 0.003343384 0.002807498 0.003449327 0.003564137 0.002221868 0.002847773 0.002504178 0.002084095 0.002195811 0.001568096 0.002229853 0.007408063 0.001362816 0.004563194 0.00367098 0.008736399 0.00101129 0.002719181 0.003744026 0.002565229 0.001549433 0.001575123 0.003817733 0.002385249 0.002152782 0.002808422 0.002061136 0.002858095 0.002822974 0.002698544 0.002241254 0.001175153 0.001284507 0.003093724 0.001594215 0.001602437 0.00484993 0.003375292 0.0017452 0.003269017 0.001344534 0.001675698 0.002553413 0.003741822 0.002251558 0.001356752 0.003003959 0.005313496 0.002328767 0.001187784 0.003892678 0.003611174 0.003906141 0.002645715 0.004653838 0.003536996 0.002850598 0.001523137 0.002352813 0.002775097 0.003947173 0.005240515 0.001428552 0.005477503 0.003240291 0.002471773 0.001400688 0.003140958 0.00368778 0.003362943 0.001491943 9.27654E-4 0.003056465 0.002920353 0.003324647 0.002664717 0.001232373 0.004034177 0.003555088 0.004427928 0.002534598 0.001195438 0.001046279 0.003282602 0.0019109 0.001061527 0.002967372 0.002936959 0.001154203 0.002700587 0.001316839 0.001643989 0.002771345 0.003852965 0.003683429 0.00115474 0.00363593 0.007844837 0.002957981 0.001541073 0.003190984 0.002693617 0.002191258 0.00339875 0.004376313 0.00383515 0.003066678 0.001777638 0.003979526 0.002144861 0.003718637 0.003686029 0.002645151 0.003277415 0.002133622 0.007236362 0.001249412 0.003306228 0.002549569 0.002927833 0.001885113 0.001222821 0.00294989 0.003062546 0.008716326 0.002813383 0.001039816 0.004004132 0.005752949 0.004015523 0.002038543 0.001117078 0.001968389 0.002550768 0.001032884 0.001359639 0.004681151 0.003440311 0.001093232 0.002431258 0.001025941 0.001421483 0.002212326 0.002530161 0.002072355 0.001202003 0.001930807 0.002836432 0.007043912 9.34437E-4 0.001768297 0.003137467 0.0031644 0.002306551 0.002770717 0.004361017 0.004693643 9.86844E-4 0.001944475 0.001519034 0.003673098 0.007563484 9.86159E-4 0.002819571 0.003166481 0.002285824 0.00181399 0.003043946 0.002785007 0.003148746 0.001256258 9.92209E-4 0.003252371 0.005569791 0.00376894 0.003690787 0.001444664 0.003080935 0.003473968 0.003894971 0.004357098 0.001723366 0.001075282 0.00265918 0.001383212 0.001266033 0.005521344 0.002873472 0.001168368 0.002989452 0.00302899 0.001415567 0.002482727 0.002921745 0.005162779 0.001014115 0.002609466 0.00582373 0.002669959 0.001124577 0.002265745 0.002967427 0.002268221 0.003185061 0.002140748 0.004376831 0.002335017 0.002154486 0.002357335 0.001515629 0.003050998 0.002882431 0.001617741 0.004859398 0.001995752 0.004898957 0.002071301 0.005263193 0.00359915 0.004202143 0.001204039 8.4569E-4 0.003841233 0.004702914 0.0079081 0.002718409 0.001467887 0.003478547 0.002779534 0.003453114 0.00396877 0.001721906 0.002359375 0.003623552 0.00172908 0.002934537 0.004466846 0.002723899 0.001143799 0.003354984 0.00249639 0.006385957 0.002149897 0.002544792 0.002106183 0.001902075 0.002235778 0.003656518 0.002615619 0.001915262 0.002311033 0.003846043 0.003143809 0.002806594 0.00314084 0.002634424 0.002116659 9.81151E-4 0.006402278 0.00100063 0.00227935 0.003456513 0.001629509 0.004712877 0.003677731 0.004842872 0.001143474 0.003379446 0.005425099 0.006124565 0.001080839 7.41131E-4 0.003128707 0.00360759 0.004307942 0.002498824 9.2721E-4 0.002452494 0.003575872 0.002555618 0.002614129 0.001469961 0.001468398 0.002671565 0.00104275 0.003018698 0.00292684 0.008314296 0.002479458 0.003323925 0.001509339 0.001331632 0.002078754 0.002452363 0.002676561 0.002411175 0.003690588 0.003706952 0.002620326 0.003760834 0.001961371 0.003372433 0.002518279 0.008576692 0.003631431 0.004056683 0.004619256 0.001487019 0.00377629 0.001642006 0.002804697 0.004119026 0.001220817 0.003447548 0.003566597 0.003834222 0.001157963 0.006866144 0.002477596 0.004631452 0.001074921 0.001723642 0.004141315 0.003978911 0.003424395 0.003470105 0.0010516 0.003491618 0.002694355 0.005529858 0.002588666 0.002387425 0.00134194 0.002962817 0.001940542 0.00102566 0.003944148 0.005003136 0.001827119 0.003573627 0.001026468 0.001109341 0.003877677 0.003043191 0.003697315 0.002718816 0.004806298 0.005009159 0.002661932 0.001338833 0.003278535 0.002965961 0.002117934 0.002102833 0.002032164 0.002473814 0.002673133 0.001298357 0.005089063 0.001332156 0.002372463 0.003186984 0.002025746 0.004120837 0.002711373 0.00261384 0.0011219 0.002784252 0.003461961 0.003161872 0.001331149 0.001074816 0.002916882 0.003737061 0.00375238 0.004084276 0.001294227 0.003291664 0.003031025 0.006590908 0.002243325 0.001437824 0.001528722 0.008323224 0.001742366 0.001053926 0.003442283 0.002454745 0.001067015 0.004295607 0.003213392 4.06865E-4 0.001995149 0.002514376 0.002131727 3.00424E-4 0.005950695 0.003588406 0.002370061 3.321E-4 0.001699327 0.003783596 0.003650364 0.002093281 0.002000122 0.002422151 0.002279051 0.002577503 0.002209541 2.97142E-4 0.002485781 0.002963146 2.72403E-4 0.002291257 0.002519054 0.002356013 3.39983E-4 0.00250529 0.002248942 0.002238774 2.31094E-4 8.30009E-4 0.00265466 0.006417435 0.002815858 0.002969371 2.95698E-4 0.002475782 0.002911327 0.002650516 0.008819167 3.09542E-4 2.35695E-4 0.002655515 5.48578E-4 2.88385E-4 0.002510936 0.0025044 4.66507E-4 0.00426284 0.001073387 9.57154E-4 0.002286221 0.003136595 0.002138065 0.001123784 0.002381566 0.003718756 0.002319011 9.9125E-4 0.001959174 0.002817932 0.003129791 0.002982176 0.002110117 0.004803072 0.002722921 0.00185611 0.002464575 0.001927284 0.002267201 0.003067033 0.002123975 0.003039585 0.002937564 0.003481243 0.001103816 0.002589216 0.003084951 0.002926856 0.001259952 8.52736E-4 0.002480553 0.003665517 0.00312232 0.00515551 0.001043166 0.003016304 0.002892298 0.002462338 0.002409945 0.001009572 0.001390972 0.003562912 0.001090735 0.001958193 0.002994791 0.002795748 0.001610625 0.002692389 9.73909E-4 9.70796E-4 0.002492924 0.008062741 0.002507383 0.001198015 0.002562668 0.003060955 0.00209739 0.001090125 0.00398437 0.003057565 0.003025666 0.003007279 0.004489268 0.002709389 0.002430072 0.002667608 0.00254525 0.001090646 0.003668883 0.005426446 9.85787E-4 0.002526808 0.002489261 0.002794886 0.005454232 0.003490921 0.002742014 0.002405902 9.65374E-4 0.002214418 0.006126044 0.002608439 0.002412922 0.004733335 0.001021042 0.002552516 0.002644383 0.0045327 0.004406489 0.001001936 8.92219E-4 0.002934102 0.001032278 0.001991032 0.008719271 0.002422353 9.11952E-4 0.002369498 9.26969E-4 0.002445547 0.002187124 0.003068517 0.002243907 0.001165232 0.002117819 0.004398255 0.002684469 0.001714262 0.00198959 0.003255776 0.003515014 0.00248418 0.003220751 0.002710106 0.002180852 0.001761033 0.003409919 0.001870569 0.00473733 0.004415022 0.001224377 0.002953385 0.00255028 0.002920253 0.005533624 0.002497006 0.002534329 0.005316559 0.001038575 6.86535E-4 0.002373984 0.004275723 0.003348096 0.003659655 9.87313E-4 0.002678946 0.00421884 0.002615404 0.002428369 0.002105468 0.001271308 0.004126208 0.001904753 0.00169004 0.002619753 0.003208212 0.001670545 0.006645785 9.74265E-4 9.14711E-4 0.002198947 0.002940392 0.002014552 9.08746E-4 0.003114454 0.003588144 0.002018436 9.86683E-4 0.00200615 0.003292752 0.003250323 0.002977723 0.003301739 0.003793063 0.002721872 0.002040392 0.002369617 0.001135675 0.003198899 0.004808047 0.001857101 0.002797536 0.002089548 0.003031329 0.002885187 0.002987898 0.003204043 0.002826495 0.001639352 5.72233E-4 0.003834842 0.002536053 0.002611032 0.001946854 6.65095E-4 0.001849947 0.001804731 0.002753195 0.001766731 7.63558E-4 7.92013E-4 0.003981482 0.00242558 0.001312509 0.002309214 0.002651341 0.002124568 0.001916585 0.002987912 0.001236977 0.002025399 0.003884527 0.007256447 7.96736E-4 0.001430207 0.003711165 0.001638 0.001422678 0.001662613 0.002734198 0.00288787 0.001515745 0.001362892 0.001800441 0.00212748 0.001574629 0.00186451 8.71967E-4 0.001803665 0.003081819 8.92854E-4 0.003360354 0.001759444 0.001973188 8.41378E-4 0.002656856 0.003336208 0.003704641 0.004332076 6.31828E-4 0.001848993 0.001883394 0.001377602 0.001978305 7.47316E-4 0.007670124 0.002341901 0.003236321 0.001524023 7.47322E-4 8.69775E-4 0.002028374 0.001968407 0.002064206 0.004168459 0.002263262 0.002039136 0.002005961 7.06709E-4 6.13945E-4 0.001414923 0.002148779 0.001505006 9.14348E-4 0.001606628 0.002520866 0.005381437 7.22415E-4 0.001347621 0.002679318 0.002728188 0.001407649 0.00196999 0.001866387 0.002594376 0.001022954 0.002432535 0.001396819 0.001581006 0.001698859 6.7344E-4 0.002065373 0.002728531 0.004206955 0.001593203 0.002793396 0.003438987 0.001947961 7.38895E-4 5.39318E-4 0.002583918 0.00651752 0.001651193 0.002179732 8.15109E-4 0.004913265 0.002015414 0.002260237 0.001437771 0.001477481 0.001258428 0.002069342 0.001528173 0.001619684 0.006854818 0.001713571 6.79249E-4 0.001857128 0.00112036 0.001282497 0.001545348 0.002078203 0.001488061 0.001085404 0.002657322 0.002389932 0.001797062 7.14275E-4 0.001782809 0.003243541 0.00423918 0.002444796 0.002321758 0.001876861 0.001381215 9.7038E-4 0.002079685 0.001787646 0.003199098 0.001874579 6.50913E-4 0.002523084 0.001601244 0.00273999 0.002709538 0.002849503 0.002408113 0.002363673 7.76232E-4 5.41227E-4 0.001814371 0.002853575 0.002134463 0.001967048 0.001217209 0.003796366 0.002551015 0.002266583 0.002265397 7.65248E-4 6.6821E-4 0.002309723 9.0711E-4 0.001736339 0.002025184 0.002669032 7.99445E-4 0.001988267 0.001009986 0.002393202 0.003662079 0.001852393 0.001414131 6.31269E-4 0.001481685 0.002188703 0.001639741 7.0074E-4 0.001439498 0.00217742 0.001854635 0.00173143 0.001710537 0.002606082 0.001423484 6.65445E-4 0.001632323 0.001022738 0.002346105 0.002554831 6.89675E-4 0.003961036 0.002680016 0.001769612 0.001205584 0.002966645 0.004199927 0.002598909 8.93117E-4 0.001114483 0.00183662 0.00529977 0.001499817 0.001788017 7.02025E-4 0.001896764 0.003550963 0.002037375 0.002687191 0.001188869 0.00113973 0.001756602 6.78781E-4 6.41304E-4 0.002311489 0.001866586 0.002442859 0.00297651 0.002491921 0.002548716 0.001602671 0.001993073 0.001932519 7.95469E-4 0.008262391 0.002277325 0.001333225 0.001086063 0.001642837 0.002415837 0.001841292 0.002207504 0.003237638 0.002581415 0.001568961 9.0876E-4 0.00147035 6.94057E-4 0.00170569 0.002185273 0.001613272 0.002540003 0.001766961 0.0019575 9.7492E-4 0.004240367 0.00318495 0.00214128 0.001178525 0.001312404 0.002712952 0.002064804 0.002406816 0.002746797 0.001329109 0.00250415 0.008672415 0.001688078 0.001332932 7.44414E-4 0.001209277 0.002986774 0.003012798 9.9527E-4 0.004678224 0.003108205 7.74498E-4 0.002104099 0.001157288 7.69563E-4 0.001659093 0.001993254 0.002522584 8.9888E-4 0.001426267 0.003199969 0.002403372 9.38229E-4 0.001566681 0.009053029 0.002916281 0.00140414 0.001328928 0.002733628 0.002490029 0.001277082 0.002058926 7.50948E-4 0.003360707 0.00369484 9.41417E-4 0.004542631 0.004277445 0.006873461 7.55212E-4 0.001762592 0.001696057 0.001891364 7.34667E-4 9.17008E-4 0.002815283 0.002729441 0.00177455 0.002047446 0.00113963 0.003480645 0.001925818 0.00249081 0.002677195 0.002353901 7.36452E-4 0.002290855 0.001745666 0.002164365 0.00330145 0.005341429 0.006185354 0.001905633 8.7687E-4 7.55838E-4 0.001853045 0.002350382 0.002997138 0.00111071 0.002196245 0.002450547 0.001510519 0.002132763 0.003124028 0.002369379 0.001832386 0.003203323 0.00156755 0.002175317 0.001843899 0.001219773 0.00194296 0.001170525 0.003851565 0.001889825 6.42818E-4 0.001717451 0.001461277 0.002824021 0.001540071 0.003796284 0.00197583 0.004177888 9.91133E-4 7.65658E-4 0.002193626 0.005633033 0.001576816 0.001791686 6.79849E-4 0.002183686 0.002065543 0.002357892 0.002030839 0.002577402 0.001250621 0.003884295 0.001753826 0.001154901 0.002772265 0.004058409 0.006612074 0.00215322 0.00109454 0.001225851 0.004419599 0.003116089 0.004583497 0.001301296 0.002910576 0.004260628 0.002954442 0.001814103 0.001966991 0.002694926 0.002043731 0.002679937 0.002172668 0.002815651 0.002115747 0.001707835 0.002094636 9.4847E-4 0.002595432 0.00268178 0.002265321 0.004094568 0.002114494 0.002303684 0.001103522 0.002508984 0.002664546 0.002662501 0.003472353 8.97718E-4 0.003059319 0.002783897 0.002207057 0.003381209 0.001056907 0.002743965 0.003495399 0.002391228 0.001783712 9.39405E-4 0.001162794 0.009783587 0.001256981 0.001124237 0.002975381 0.004638682 0.001180489 0.002978647 0.001434678 0.001147259 0.002738446 0.003022988 0.002836172 0.001788889 0.002721431 0.00377969 0.003327652 0.001113611 0.008292795 0.003418611 0.002656694 0.002397081 0.002457445 0.003072529 0.002534637 0.002371084 0.004032179 0.001287873 0.00232645 0.003751917 0.001550887 0.00485616 0.003123865 0.002982568 0.001193492 0.00329525 0.002908021 0.003451152 0.001719206 9.08519E-4 0.008389345 0.003950629 0.003588278 0.003358363 0.001507509 0.002934365 0.004509988 0.005282863 0.002229204 0.001768226 0.001843137 0.003457736 0.001176568 0.001006273 0.003190389 0.005147306 0.002991579 0.00298014 0.001323902 0.001117736 0.003708798 0.003100772 0.00358918 0.002613089 0.002549009 0.003702612 0.002311845 0.001084004 0.003082064 0.010532432 0.003431321 0.004692543 0.00465087 0.004545971 0.004011146 0.001863574 0.002844141 0.001083749 0.002531445 0.00322624 0.001455075 0.003712606 0.002306786 0.00233987 0.001165252 0.003188087 0.003737994 0.002975548 0.001179598 9.28344E-4 0.003370942 0.003493354 0.007820737 0.002931033 0.001553053 0.007855394 0.002413446 0.002112392 0.002701054 0.001802817 0.001117392 0.00319212 8.25385E-4 8.21004E-4 0.003296901 0.003127618 0.00160337 0.00281478 0.003613713 0.002075408 0.00175542 0.001886589 0.001583571 6.71384E-4 0.004402478 0.003619544 0.001899091 8.00799E-4 0.002907979 0.002483006 0.00226012 0.004233535 0.001726602 0.005963469 0.003141391 0.00106816 0.00398409 9.33189E-4 0.001706488 0.002052321 0.001067952 0.002781029 0.002453685 0.001772653 9.81414E-4 0.001973269 0.001991031 0.002396909 9.71042E-4 0.001044175 0.002761952 0.004458219 0.002253776 0.002082175 7.40585E-4 0.002050437 0.002932877 0.005862057 0.003881032 0.002779258 0.001200328 0.002981844 0.001346944 0.00129464 0.009553913 0.005211622 0.001504705 0.004682217 0.001396031 0.001103659 0.003513485 0.009185084 0.00264748 0.001398019 0.002426895 0.00379895 0.003110609 0.00144829 0.002748646 0.00788275 0.002380032 0.00217233 0.002137118 0.003266718 0.002433176 0.001678922 0.003248095 0.001268749 0.002305162 0.003464155 0.002326764 0.005322906 0.002643905 0.002788019 0.001365375 0.004587587 0.00406658 0.003905889 0.002095119 9.13673E-4 0.003270636 0.002782581 0.00322798 0.005726536 0.001818409 0.003484218 0.005188646 0.004527341 0.002487198 0.003089334 0.0021678 0.002899991 0.0014253 0.001986277 0.005927469 0.002791459 0.001205288 0.00321853 0.001491294 0.001136032 0.003594404 0.002988634 0.004393141 9.56071E-4 0.002159357 0.004961249 0.003565976 0.005039691 0.003876196 0.004192149 0.003502187 0.002480139 0.002921679 0.003272601 0.002229006 9.89906E-4 0.003000468 0.002804339 0.00269162 0.002605822 0.001130564 0.003264311 0.002548826 0.002565882 0.001356774 0.004019705 0.005625868 0.002010836 7.22477E-4 5.13049E-4 0.00196852 0.00303247 0.001885471 0.002483076 9.0124E-4 0.008417054 0.002638802 0.009656616 0.003409408 0.001634918 0.001644383 0.002551024 8.23068E-4 0.001650461 0.004496828 0.002437015 8.67053E-4 0.001881687 0.001644433 0.001582906 0.00296659 0.003245824 0.002120661 8.38304E-4 0.00161037 0.002784467 0.001803217 0.001990261 0.001827074 0.004303672 0.001834838 0.002593092 0.002780702 0.002858203 0.002972124 0.002445241 0.001746542 0.001651753 0.002491706 0.002563494 0.001083933 0.004737617 0.005160933 0.003184328 0.001605375 0.002630035 0.003000987 0.002586854 0.00286012 9.3974E-4 0.004480529 0.004038308 0.002321363 0.003093004 0.001947693 0.003015501 0.003527641 0.002857349 0.002435395 0.001196405 0.002428716 0.003105748 0.003073204 0.003011673 0.003962825 0.004173214 0.003138426 0.003308276 0.001373943 0.002868041 0.002883032 0.005603124 0.00462552 0.001108183 0.002692549 0.003741112 0.004912611 0.001208409 0.003999959 0.004991837 0.004292862 0.003886992 0.002247316 0.003445519 0.003241226 0.001109816 0.002297308 0.001350864 0.002690577 0.006194055 0.001063638 0.002962243 0.002605891 0.002686874 0.006035206 0.00277339 0.002615429 0.003600696 0.001174399 8.34365E-4 0.006492817 0.003061013 0.003304462 0.004179602 0.001695503 0.004911996 0.003673908 0.004164051 0.004101544 0.001161808 9.57946E-4 0.003558084 0.00194627 0.001406637 0.005024389 0.003827111 0.002033536 0.002759579 0.002812589 0.001711294 0.002402645 0.003329823 0.003635804 0.001207044 0.003625234 0.004109869 0.003675986 0.001535322 0.002657618 0.004712927 0.002810991 0.002988057 0.003087435 0.002765963 0.002174521 0.001573944 0.002511398 0.002654173 0.004194363 0.003137093 0.001540492 0.003832652 0.002411914 0.00637252 0.001118503 0.002823486 0.002726643 0.003559371 0.001665331 0.002465943 0.005859963 0.002553433 0.002402952 0.003519227 0.001412629 0.006299725 0.003022811 0.00255473 0.003393104 0.001084248 0.00156574 0.004123029 0.001136621 0.001362212 0.002751878 0.004520523 0.001615772 0.002918866 0.00180001 0.001969383 0.00228203 0.003165149 0.002152255 0.001000992 0.008436983 0.005031452 0.003007929 0.001041299 0.002386428 0.003253303 0.004002729 0.004832526 0.002216637 0.003683259 0.00226898 0.001093388 0.00462294 0.001571508 0.003880947 0.003584818 0.001772477 0.002927939 0.002457716 0.003885643 0.002037502 0.00725421 0.002659266 0.002741409 0.00115475 0.001069385 0.003093031 0.0030758 0.002640048 0.004895824 0.001060968 0.002881457 0.002829114 0.004872543 0.002333935 0.001224862 0.002120509 0.005449899 0.001848899 0.001074001 0.003265981 0.00549153 0.001311018 0.003945109 0.001672536 0.001028472 0.001657217 0.002094234 0.003218097 7.67694E-4 0.001616427 0.002862231 0.002492926 0.0012095 0.001801778 0.002890096 0.003951187 0.002539134 0.002797602 0.004983302 0.002974021 0.004647776 0.001694673 7.95596E-4 0.003540627 0.004562151 0.001599565 0.002288072 0.002105318 0.003755369 0.00190727 0.004642725 0.002371041 0.0041534 0.002191688 0.001310062 0.003022424 0.003178743 0.007496756 0.003425412 0.001798738 0.00402851 0.008113751 0.005134408 0.004930613 0.001656104 0.004853828 0.003044043 0.001715141 0.001385152 0.005196478 0.003568033 0.001236275 0.009365592 0.001973346 0.001837088 0.005059156 0.004445149 0.003545879 0.001322345 0.002896435 0.004718669 0.003145053 0.001086861 0.002851801 0.004900342 0.002642972 0.00299954 0.006819072 0.00428588 0.003427407 0.00291036 0.002369355 0.001092736 0.006018269 0.004655086 0.001032777 0.003033829 0.005058418 0.005745444 0.001152519 0.005327692 0.005515795 0.004724936 0.001710629 0.003406117 0.004890351 0.003057074 0.003678472 0.005609552 0.002725952 0.003903763 0.005086774 0.0051873 0.003048701 0.002046298 0.001914216 0.004671116 0.001271192 0.001117663 0.00578259 0.005205523 0.001131514 0.003270114 0.002682529 0.0013281 0.002501711 0.004764012 0.004890954 0.001947184 0.003206851 0.004780039 0.003348394 0.002093327 0.003067305 0.004653996 0.007544268 0.00295095 0.005419431 0.004394381 0.003557356 0.002711171 0.003530174 0.001715387 0.003039377 0.005747439 0.001153355 0.004451548 0.003465403 0.003198931 0.001533389 0.003178643 0.007533507 0.004355717 0.001954499 0.001796165 0.004239113 0.003508998 0.00275364 0.006608438 0.001293951 0.004347029 0.005093432 0.003585938 0.00277352 0.001444878 0.002676034 0.004172875 0.002092098 0.001242632 0.003764648 0.006990076 0.001508845 0.003338079 0.002763612 0.001095452 0.002388135 0.003390213 0.004516261 9.52219E-4 0.002890597 0.00387852 0.008042994 0.001466845 0.003127523 0.002919512 0.003195703 0.003136765 0.004348583 0.003101843 0.00647221 0.002215932 0.00282959 0.001148801 0.003213084 0.005529752 0.001483064 0.002875795 0.003753861 0.004940634 0.00311817 0.00288693 0.00430408 0.005476059 0.001272419 8.27151E-4 0.004398712 0.002674691 0.003100858 0.004807416 0.002468535 0.005441241 0.003669212 0.00270472 0.004838511 0.001139241 0.001226645 0.003611134 0.003844839 0.001735707 0.003828371 0.00484862 0.002510074 0.007168688 0.001665595 0.002216006 0.004774698 0.00343782 0.003250131 0.002080234 0.003328186 0.004538314 0.002722039 0.002078026 0.003342853 0.003805353 0.002838455 0.004019542 0.003486572 0.002987767 0.002365683 0.002114616 0.005701074 0.00135548 0.003711367 0.006259081 0.00119451 0.003467447 0.00259602 0.004531393 0.003464231 0.006147988 0.003352948 0.005232499 0.002377844 8.57572E-4 0.003554334 0.003336149 0.006840938 0.003087503 0.003252412 0.005309515 0.003760157 0.003909865 0.004122201 0.001342939 0.001403304 0.004993444 0.001953404 0.002373248 0.005224482 0.006232769 0.001980037 0.003085234 0.002941709 0.001858136 0.002479507 0.003352975 0.003655485 0.002153595 0.003929149 0.004536876 0.004236628 0.001877918 0.004000407 0.003397633 0.003976161 0.003709067 0.003432654 0.003183018 0.004794533 0.0022536 0.004415853 0.002209297 0.003414198 0.003174905 0.001029989 0.004504454 0.004893368 0.003991663 0.001199993 0.003020501 0.005321602 0.004006905 0.001802571 9.25441E-4 0.003379531 0.004385882 0.002713726 0.003606138 0.001220678 0.00329183 0.004733676 0.00507296 0.003187261 0.00120335 0.001139515 0.005294512 0.001958412 0.001895696 0.004720433 0.007241953 0.006462306 0.005192416 0.008314137 0.001134211 0.003161749 0.004358133 0.004026232 0.001384375 0.002548674 0.006637041 0.002325098 0.001499155 0.003794334 0.003091504 0.002931165 0.002754635 0.002954856 0.004191861 0.004405718 0.001122422 0.002793533 0.003456014 0.004381506 0.002848024 0.002639981 0.005598586 0.002251429 0.002191902 0.001516215 0.005644643 0.003222756 0.003590993 0.00133768 0.001215449 0.00482845 0.003260047 0.00276 0.007299932 0.002584692 0.005798953 0.004959463 0.0031523 0.003102627 0.001659954 0.002068437 0.007565595 0.001419455 0.001406971 0.00530408 0.004585475 0.002155813 0.003590387 0.002522644 0.0026998 0.002930368 0.003471409 0.002944769 0.001955927 0.003691688 0.004107587 0.003190439 0.002157994 0.003926101 0.003659396 0.002999481 0.002571934 0.005645459 0.002932175 0.003167113 0.002796801 0.005389487 0.001408504 0.003726708 0.004802025 0.002746416 0.004019648 0.002820329 0.004233955 0.004088208 0.003538017 0.003700108 0.003300074 0.004242478 0.001264293 0.005037787 0.003748749 0.006221339 0.004241455 0.001605656 0.00927386 0.004858966 0.003643331 0.005257558 0.001385564 0.001285801 0.002869507 0.00186396 0.002455194 0.004433632 0.004405696 0.001860297 0.00625609 0.002034958 0.001412584 0.008300499 0.004597774 0.003194645 0.002051605 0.002919554 0.004396692 0.002285157 0.006569296 0.003819691 0.004338767 0.003817242 0.002902408 0.003143434 0.004445217 0.003951256 0.00120295 0.002587331 0.002581707 0.004294331 0.005698705 0.001851361 0.005770729 0.002467162 0.004135609 0.002074042 0.005163721 0.005833033 0.004428586 0.001616451 0.001209382 0.004826035 0.002685313 0.002497236 0.002926412 0.002133863 0.006555514 0.002853055 0.003702914 0.002318894 0.001111903 0.006292414 0.003457458 0.001226569 0.001446166 0.004685113 0.00554913 0.001473269 0.004942244 0.003817688 0.003569092 0.002679678 0.003954836 0.004006969 0.001673069 0.003005547 0.004732899 0.005675283 0.003775704 0.003473103 0.003889936 0.002782276 0.005693928 0.003544732 0.003527675 0.00264436 0.001388957 0.002620467 0.00336347 0.005534555 0.004775721 0.001337934 0.005410393 0.003004056 0.003659455 0.001678126 0.008949865 0.003671786 0.003628482 0.003122001 0.001124911 0.003437183 0.003537188 0.006003575 0.003117041 0.002757671 0.004126215 0.003372189 0.004258263 0.005703248 0.001977297 0.002150024 0.005173795 0.002316711 0.002112926 0.004589573 0.004444793 0.002841837 0.00458239 0.001959589 0.001613187 0.003506455 0.003895296 0.002647759 0.001333571 0.010501404 0.003488614 0.002783684 0.001942236 0.0057362 0.005111528 0.004056403 0.00319807 0.004410634 0.002986743 0.002237312 9.96186E-4 0.003617932 0.001216973 0.003264278 0.00504974 0.001100313 0.003075669 0.004147937 0.003308102 0.002157913 0.004543027 0.003474542 0.004141648 9.79432E-4 0.001344031 0.003510459 0.006754659 0.005084001 0.003521204 0.002037718 0.00439549 0.004083578 0.002566644 0.003844983 0.00111867 0.00114194 0.003671561 0.002210005 0.001201348 0.002875392 0.003274108 0.006683725 0.004206973 0.001510249 0.00248168 0.003379787 0.003969856 0.003158631 0.001376097 0.009048112 0.003770425 0.002596232 9.99147E-4 0.004963892 0.004311182 0.003337097 0.003266615 0.004112502 0.004283191 0.002554148 0.001492119 0.004778733 0.003733358 0.005078909 0.003332527 0.001823634 0.005019726 0.003323905 0.002773888 0.001917703 0.00557669 0.004021338 0.003217016 0.004210024 0.001743106 0.004406251 0.003053131 0.002974454 0.006767098 0.002179716 0.004656382 0.006826698 0.002604205 0.002529223 0.00136874 0.003055113 0.003094102 0.001098129 0.001057027 0.007795208 0.004661369 0.001606592 0.004684189 0.001229294 0.001983946 0.002789961 0.002748602 0.002607254 0.001161998 0.006578052 0.003843646 0.002637302 0.002098006 0.004673697 0.00488027 0.004536091 0.003911482 0.003979083 0.004714888 0.002234573 0.001015825 0.003217122 0.002881919 0.003041075 0.00384908 0.001287681 0.008690861 0.004152854 0.003307126 0.0031873 0.004357695 0.00315259 0.004547437 0.002106779 9.23044E-4 0.003695756 0.003076854 0.004403546 0.00304418 0.001737178 0.004735945 0.005160507 0.005777275 0.004037404 0.001654699 0.003644448 0.004027595 0.001951058 0.001356611 0.003447372 0.008121952 0.005491278 0.003709076 0.00494733 0.001454154 0.005063854 0.003720965 0.005672007 0.001151388 0.004113463 0.004201168 0.004936276 0.001926025 0.003658212 0.003449009 0.008882885 0.003203839 0.004231019 0.004035874 0.003496438 0.00120524 0.002362688 0.001895554 0.0043194 0.006183136 0.001652773 0.004396301 0.003148243 0.005089796 0.001200144 0.002732625 0.002867485 0.005669877 0.001037824 8.14883E-4 0.004669548 0.004475673 0.004003571 0.005028502 0.001129513 0.004053282 0.005946006 0.004460071 0.003038697 0.002384501 0.002513979 0.003055597 0.001820941 0.001867415 0.004530936 0.003962109 0.002632998 0.004538487 0.001443372 0.001091396 0.004132222 0.005372915 0.002693843 0.001387252 0.002821924 0.004403232 0.002575003 0.001647397 0.004366958 0.003925332 0.003623145 0.002399201 0.00380649 0.008008222 0.005428253 0.001727286 0.004957261 0.001494255 0.00637541 0.006035776 0.002653345 0.005745427 0.004737378 0.003169983 0.001299489 0.003813147 0.006262189 0.003874978 0.001314097 9.7266E-4 0.006410308 2.67482E-4 0.002394329 0.004477144 0.004943598 0.003910815 0.004367919 0.003710091 0.005323106 0.001516248 0.001144689 0.004580046 0.001216818 0.004147816 0.003495773 0.006473545 0.005137541 0.004113668 0.002322536 0.001834212 0.00266711 0.006174446 0.003250324 0.001884216 0.002883192 0.004939512 0.002508803 0.001140231 0.003793069 0.002853076 0.002195101 0.002500006 0.00229796 0.002993958 0.003861056 0.0012419 0.004397041 0.002386752 0.004450141 0.003330205 0.001186396 0.004159558 0.005015522 0.007298013 0.001364926 0.003712678 0.00271004 0.007889251 0.001083295 8.73419E-4 0.004428947 0.006636826 0.004987526 0.003425425 0.002609801 0.003628022 0.00324598 0.004783557 0.003996052 0.001801862 0.002833198 0.004915655 0.001438695 0.001733448 0.004785878 0.004688292 0.001197275 0.005149324 0.001484538 0.001265814 0.002606629 0.007772945 0.002594581 0.001028549 0.002270907 0.005086277 0.004081218 0.001377837 0.006805648 0.006216826 0.004254612 0.008270035 0.004359802 0.004748389 0.00303149 0.001773696 0.002904943 0.002241551 0.004069469 0.00821905 0.001106145 0.002844386 0.004246083 0.006190936 0.001761153 0.003650998 0.00546317 0.004116035 0.001370431 0.001185883 0.004679995 0.003517241 0.002622598 0.002965094 0.002830568 0.002694417 0.005176068 0.00266522 0.003681953 0.001967622 0.001852392 0.004250973 0.001551057 0.001168458 0.00319593 0.004992861 0.001761955 0.007336149 0.003203112 0.002859856 0.00357874 0.004973527 0.002120397 0.00119787 0.002593729 0.007462783 0.004140149 0.001680607 0.004709277 0.004050494 0.00424954 0.003737123 0.003224812 0.005863701 0.004195688 0.001359594 0.004665023 0.001334851 0.003695319 0.005047994 0.003853037 0.009710527 0.002301191 0.002971104 0.00196065 0.003350862 0.003160595 0.003507512 0.002428206 9.62633E-4 0.003654149 0.003057451 0.005497422 0.003735506 0.001536241 0.004820746 0.004083336 0.003875065 0.002510798 0.001797899 0.002223651 0.006114838 0.002120362 0.004039269 0.005255276 0.007691029 0.001261491 0.003110652 0.003178141 0.004324459 0.002792039 0.003441855 0.004365792 0.001079912 0.002784814 0.004497912 0.002789216 0.001295119 0.002403385 0.003272885 0.003873043 0.002662997 0.002693848 0.006118892 0.002769607 0.001351171 0.00325678 0.001464093 0.002929586 0.005339987 0.001353408 0.005181431 0.002492293 0.003529039 0.00145973 0.007538351 0.003079451 0.004892924 0.002256737 8.80423E-4 0.003104666 0.003810438 0.003611477 0.005298346 0.001170463 0.004381071 0.004236959 0.002797275 0.003009688 0.001337193 0.002116895 0.004403848 0.003682341 0.002798126 0.005964499 0.003623299 0.002171985 0.00366522 0.002028383 0.002305625 0.003357358 0.0027499 0.002412892 9.52806E-4 0.005462461 0.003242976 0.002272552 0.00100098 0.002591653 0.005893443 0.004571053 0.003177564 0.003249185 0.003047469 0.002969513 0.001372362 0.00470449 0.001671699 0.005580389 0.004521998 0.001661225 0.002942442 0.003221892 0.002321188 0.001888835 0.005571079 0.005587456 0.002890096 0.001699736 0.002489222 0.002981436 0.003763008 0.00266789 0.004007099 0.001771817 0.006901878 0.005794575 0.003212075 0.0035475 0.001424259 0.002091894 0.004602619 0.003844676 0.001649358 0.005736796 0.004913218 0.002633308 0.006814949 0.002400221 0.001266871 0.00247428 0.003808658 0.005174529 0.004866543 0.002651016 0.004654751 0.004480884 0.001162083 0.002462293 0.004476977 0.005392277 0.003717105 0.003106241 0.004607481 0.004547847 0.001901006 0.002619725 0.001541228 0.004111826 0.003494378 0.001341733 0.005373614 0.005258954 0.003594242 0.001478219 0.003291136 0.005623135 0.004285809 0.00113323 8.01189E-4 0.005420249 0.003824128 0.004768705 0.00447293 0.001215815 0.003058605 0.0051105 0.003875071 0.003233623 0.001285965 0.001011898 0.005939777 0.002674576 0.001982 0.002934327 0.007054976 0.001903422 0.005907419 0.001760909 0.001416761 0.004752249 0.004475907 0.002369496 0.001217289 0.002395727 0.004586923 0.002491047 0.001520977 0.003809228 0.004235128 0.002543928 0.003678259 0.003346368 0.003833343 0.002476256 0.001515377 0.003590003 0.002068347 0.004636411 0.005724964 0.001864809 0.00360719 0.002292409 0.003037642 0.002587675 0.003745067 0.007316144 0.003736256 0.001807883 9.6718E-4 0.003998967 0.004093505 0.002706251 0.003787187 0.002050794 0.004849746 0.003324419 0.003069387 0.003822702 0.001219818 0.005641946 0.006141259 0.00142287 0.001185783 0.009665028 0.003291189 0.001061713 0.004484475 0.002531835 0.001098372 0.002856753 0.003712163 0.004218165 9.91885E-4 0.00248569 0.005861048 0.00355653 0.001040399 0.002589112 0.004532725 0.003407953 0.003105457 0.004102329 0.004057926 0.004347609 0.001230796 0.002760987 0.001516016 0.002964549 0.004475115 0.001382701 0.004024624 0.007226976 0.002849216 0.00132385 0.005272959 0.002950856 0.003926873 0.003668951 0.001176171 0.003910187 0.002955427 0.008630645 0.004976399 0.001256009 0.005423515 0.003174899 0.0045095 0.004899373 0.001441574 0.001186974 0.004257912 0.002256168 0.001797794 0.003861651 0.005784742 0.002279761 0.00493347 0.001801198 0.001547287 0.003602497 0.004418004 0.002431597 0.001022051 0.002819722 0.005801058 0.003777059 0.00130925 0.009697345 0.003698104 0.002950425 0.002591212 0.006652455 0.003447274 0.003212149 0.00330517 0.004263119 0.003224209 0.003838499 0.004353926 0.001134896 0.003568285 0.003400012 0.005402289 0.001572224 0.003691118 0.005400365 0.004561431 0.001591515 0.002601556 0.00429923 0.004978522 0.003268951 0.004089658 0.001540134 0.004740108 0.0036097 0.002612329 0.00251622 0.001411806 0.002260505 0.005061305 0.002708393 0.001249629 0.003941131 0.006162928 0.001694163 0.004911866 0.00185243 0.001218987 0.003928964 0.00396206 0.005604902 0.001398291 0.002559646 0.004116783 0.00350996 0.001139405 0.002760512 0.003296975 0.004086173 0.002592601 0.00254733 0.003986654 0.002533117 0.001715149 0.007458947 0.001722189 0.004493029 0.007566386 0.002310169 0.003842677 0.003401575 0.003395052 0.00212936 0.004994275 0.004496094 0.00436307 0.001998081 0.001535973 0.004837952 0.003098477 0.004036531 0.006882989 0.001382106 0.004732171 0.004649628 0.004370651 0.002764783 0.001846407 0.001238193 0.00374662 0.002467979 0.001147063 0.00396131 0.003716843 0.001732289 0.004061983 0.001613405 0.001235216 0.002518685 0.002886774 0.002978626 0.001246845 0.002784772 0.005686923 0.007891851 0.001010665 0.00257053 0.003426088 0.002137755 0.002197066 0.002189685 0.003449051 0.00220276 0.001836357 0.003454979 0.00187963 0.003212732 0.003706155 0.002171684 0.003389489 0.004299372 0.005068399 0.001789187 0.003201707 0.002885037 0.003349996 0.001292406 0.001958416 0.003318353 0.004558486 0.00494437 0.00329008 0.001197914 0.003794368 0.004511464 0.005743189 0.00274562 0.00162082 0.002516037 0.003694212 0.001764716 0.001122203 0.003274951 0.00398973 0.001404646 0.0037779 0.001538086 0.001302042 0.002185739 0.003102256 0.00263358 0.001354258 0.002704812 0.00510704 0.005052772 0.001393294 0.002749622 0.004661083 0.002926906 0.003121361 0.007562573 0.003237513 0.002696139 0.001887314 0.004425327 0.001345781 0.003044059 0.00303358 0.002457333 0.003173465 0.003308196 0.0038404 0.001393458 0.003277839 0.003582733 0.005441087 0.001483012 9.49423E-4 0.003538272 0.004671807 0.00306691 0.00448546 0.00300069 0.003528926 0.003827274 0.003283361 0.002392578 0.002304803 0.001292125 0.005218523 0.001314221 0.002513639 0.00333655 0.005294914 0.003188929 0.003861911 0.001764363 0.00120566 0.003552747 0.002907246 0.003102565 0.003048514 0.00253578 0.003994786 0.00505683 0.001349969 0.003651583 0.00979997 0.003846306 0.002855289 0.003112379 0.003369948 0.003113597 0.005791067 0.002501863 0.001458753 0.003408933 0.005835521 0.001634917 0.003258043 0.005065796 0.003972195 0.002171871 0.005052497 0.002745497 0.003880585 0.001306804 7.69459E-4 0.003485071 0.004062787 0.003451307 0.004227867 0.00142634 0.003930551 0.003100369 0.004213721 0.003610222 0.001925925 0.002060776 0.004289945 0.001406903 0.001254674 0.004075091 0.009132274 0.002024852 0.003794777 0.001427017 0.002303518 0.002860592 0.002946552 0.002324262 0.00592095 0.002238096 0.00501247 0.003705419 0.002294729 0.004801053 0.004992403 0.002251826 0.002779271 0.003139591 0.004012772 0.003368624 0.001235279 0.003257937 0.001104379 0.004115068 0.003098277 0.002275817 0.004571005 0.002896422 0.002597523 0.002123525 0.004204854 0.004429495 0.003175761 0.002157624 0.002204161 0.002791575 0.003206795 0.002975792 0.004806527 0.001544379 0.005936061 0.003174939 0.003815625 0.004708121 0.001220164 0.001254672 0.003306846 0.004251637 0.002450282 0.005944341 0.00269041 0.00119806 0.006718506 0.004791361 0.001708182 0.004092892 0.005395988 0.002067772 8.6832E-4 0.003879104 0.005809485 0.003054154 0.002068782 0.00415677 0.004537881 0.003917432 0.003540216 0.003981858 0.004059927 0.003196102 0.001544155 0.006109212 0.001223408 0.004492186 0.005844338 0.001507761 0.003837007 0.005561774 0.002673835 0.001280241 0.004620579 0.006516616 0.003506816 0.001141136 0.001149904 0.004558329 0.002675597 0.003174394 0.003819026 0.003689781 0.003256173 0.006426719 0.003333273 0.003061747 0.001634914 0.002900571 0.004553071 0.002382706 0.002149592 0.004164018 0.004143625 0.001524555 0.004229662 0.001298515 0.001485887 0.001249839 0.004595382 0.003151519 0.002209895 4.28822E-4 0.005257323 0.002856304 0.002193096 0.004038612 0.004166029 0.001016122 5.9303E-4 0.002865816 0.004373711 7.13055E-4 0.00202472 0.003274006 0.001162758 0.005484 0.003944552 0.002466482 0.00311937 0.003606044 8.62068E-4 0.001185683 0.002652271 0.006583691 0.005461271 0.001304649 0.001478592 3.04841E-4 0.00653105 0.004626205 0.004594891 0.002640479 0.005280367 0.003426994 0.003672633 0.004635067 0.002465381 0.001321665 5.06093E-4 0.00815099 0.001218166 0.004296026 0.007881868 0.001681552 2.96252E-4 0.004063537 0.001551034 0.004238068 0.003311442 0.003056062 0.001458267 0.002458428 0.005657612 0.005017208 0.001371302 0.002697637 0.006111488 0.003557731 0.002478713 0.002417344 0.004749801 0.003648966 0.002779412 0.002469295 0.001259997 0.003890156 0.004996207 0.0011979 0.003401125 0.002977594 0.002583909 0.00158627 0.002834883 0.004103627 0.004372174 0.001292888 9.65275E-4 0.003293862 0.003534349 0.003888836 0.006589681 0.002528261 0.003986822 0.003943486 0.003556797 0.002778273 0.002578596 0.002469604 0.004210647 0.001343295 0.001318395 0.003469347 0.005103514 0.001860112 0.004252014 0.001489075 0.001108532 0.005209334 0.006793797 0.004058908 0.001226013 0.002453878 0.006385683 0.002135542 9.40612E-4 0.002337287 0.004477525 0.002579282 0.004579134 0.002464984 0.003065465 0.002823505 0.00108695 0.002689138 0.001260839 0.003379364 0.004503429 0.001083473 0.003254992 0.003056485 0.003300007 0.001480607 0.004064905 0.005517728 0.004551389 0.001248572 0.001100783 0.0034352 0.004047988 0.002794463 0.004597832 0.00214235 0.003548383 0.00423626 0.00304366 0.002342066 0.002729704 0.001646026 0.005724049 0.001644341 0.001179808 0.003629618 0.004353261 0.001149266 0.003142386 0.002404698 0.001893642 0.009176028 0.002880945 0.002518618 0.001165522 0.003945652 0.004369712 0.004552896 0.001461813 0.004298117 0.004425332 0.002441279 0.003100466 0.004568196 0.003147576 0.004643832 0.001606269 0.002954474 0.0020618 0.003038348 0.003059858 0.001037182 0.003427549 0.00271695 0.003035791 0.002039147 0.006150848 0.003545554 0.003907852 0.002827097 0.001281291 0.004678543 0.003784942 0.005225095 0.002673223 0.001026262 0.003556254 0.003783101 0.008785362 0.002340529 0.002081081 0.006241363 0.004625289 0.001822462 0.00220359 0.004531933 0.005056893 0.001815577 0.003652007 0.001694015 0.003395238 0.0030478 0.004428517 0.003050136 0.001788642 0.002570744 0.003556405 0.003037915 0.001964377 0.003940918 0.003192871 0.003476758 0.002231391 0.002508371 0.002643966 0.00239511 0.001589617 0.003828934 0.001406379 0.003419106 0.003307337 0.001857966 0.005427975 0.002451143 0.003163969 0.002728173 0.003278638 0.004275317 0.006116314 0.001123717 9.23798E-4 0.005860102 0.003063994 0.0030979 0.003317346 0.001256946 0.003955416 0.004403909 0.002909604 0.002654857 0.001217443 0.001486337 0.003972407 0.001217736 0.001485337 0.00377715 0.00308318 0.002270061 0.003187436 0.004021339 0.001323658 0.002883745 0.002975412 0.003066968 0.001885929 0.004347318 0.003816961 0.004167125 0.001490414 0.003291305 0.004951525 0.003810338 0.004911955 0.005456538 0.002853352 0.003288918 0.001947807 0.002660287 0.001742069 0.002608973 0.002887013 0.001084488 0.005245083 0.008420108 0.002277051 0.00108165 0.003213917 0.002722322 0.003909269 0.001146316 8.89801E-4 0.004715804 0.002454748 0.002201098 0.003796074 0.003227477 0.003812309 0.003665635 0.004954983 0.003247039 0.001187104 0.001077129 0.004414651 0.002578504 0.00195267 0.002880537 0.004128303 0.001147942 0.003681719 0.001405313 0.002302049 0.004506076 0.003254242 0.003732942 0.001257221 0.002634822 0.003801571 0.003307371 0.004101451 0.004096727 0.003115587 0.003982043 0.003430656 0.003179787 2.77111E-4 0.002596496 0.002031652 0.004271997 0.004583996 4.521E-4 5.62001E-4 0.001490156 5.06413E-4 0.006111847 0.002413273 0.001443585 2.5256E-4 0.001725487 0.004432323 0.001565783 0.00211113 0.0060315 0.002714158 0.006731209 7.24789E-4 0.002081393 3.66625E-4 2.38831E-4 2.79579E-4 0.002567773 0.002527203 0.001493591 0.003059325 0.002176177 0.001898204 8.65948E-4 0.003690795 0.001550829 0.004970762 0.001768026 0.001413051 0.003916227 3.00894E-4 3.87388E-4 9.46581E-4 0.005840889 0.005697154 3.75924E-4 0.001028879 4.52298E-4 0.004796608 0.003080809 0.003363567 6.52533E-4 0.002959513 0.003405457 0.002437065 4.07638E-4 0.00106038 0.002811538 0.005095417 0.00124537 0.003849664 6.04122E-4 0.00398133 0.00144771 0.004063377 0.003523674 3.76961E-4 0.001065202 7.48185E-4 0.004034096 0.00317214 3.38859E-4 0.003831425 0.001068643 0.004761356 0.003562616 0.004235906 0.002401613 0.001106295 0.001005843 0.003332924 0.001746492 0.001693446 0.003074375 0.003467949 0.001281099 0.01157739 0.001302891 9.5899E-4 0.002379566 0.003513969 0.002939477 0.001437973 0.003693986 0.005673043 0.003234657 0.001618423 0.006950753 0.004015696 0.003312551 0.004028557 0.002200325 0.002944821 0.002404577 0.002121697 0.003029889 0.001363267 0.003615042 0.002826827 0.001004075 0.00384974 0.004669815 0.002681128 0.003274621 0.004249977 0.005247973 0.003175752 0.001755724 0.001270024 0.006196069 0.005559329 0.003887962 0.004699942 0.001113898 0.004195064 0.007085803 0.004029589 0.003146025 0.001740908 0.001757384 0.002985558 0.00111502 0.002988907 0.004270297 0.0038182 0.001162684 0.004355272 0.001131976 0.001181076 0.002279031 0.00338805 0.003787621 0.00223872 0.002756105 0.004069339 0.003570155 0.001742229 0.003087369 0.003189067 0.00320872 0.004986595 0.002712615 0.00310827 0.002497462 0.006524094 0.003787804 0.001846618 0.003581634 0.004083664 0.001535393 0.003688375 0.003769675 0.005386749 0.001294005 0.003132203 0.004169348 0.004760292 0.001676863 8.8379E-4 0.004741016 0.003407912 0.004253777 0.002992392 0.001919982 0.00303321 0.003934972 0.002952453 0.004077536 0.001406653 0.001562269 0.004435273 0.002226641 0.001075892 0.003242091 0.003446754 0.001436733 0.004252216 0.001612248 0.001166585 0.003046131 0.005768755 0.006979009 9.62627E-4 0.002137487 0.003552917 0.00458901 0.001349573 0.002924267 0.003589742 0.002698055 0.00365455 0.002234269 0.004531883 0.002235198 0.001031826 0.002257176 0.001479728 0.006014173 0.008463564 0.001131379 0.00279052 0.002765728 0.010122782 0.001236626 0.003402143 0.004057242 0.004057522 0.001117363 9.83639E-4 0.004300162 0.003872071 0.003180778 0.005577335 0.002305305 0.00466611 0.004026303 0.004576793 0.002789692 0.003007893 0.002251257 0.003294382 0.001025817 0.001407282 0.006302372 0.006793987 0.001260251 0.004000992 0.001844287 0.001165256 0.004833436 0.002996749 0.002559019 9.17853E-4 0.002541216 0.004436635 0.002881299 0.001250737 0.00344454 0.003211538 0.002392761 0.002529903 0.002492203 0.003232736 0.003580283 0.003959717 0.003396399 0.003925196 0.003006823 0.005446604 0.001495627 0.003552277 0.003771318 0.004306702 0.001111326 0.00275316 0.003893955 0.004301156 0.00117237 9.90003E-4 0.004168395 0.003736469 0.004453747 0.004419594 0.001999696 0.006354786 0.005123618 0.004345711 0.003133164 0.006888201 0.001020165 0.003301119 0.002377378 0.001687822 0.003829772 0.005174835 0.001560238 0.004773663 

Timer for Syntactic Relevance:: 158.449053249
Timer for solver: 23.7219877
		WINDOWS8.SPLX	WINDOWS8_C250_0.TESTCASES
			Diag: [mandatory(MakeTheKeyboardEasierToUse, MakeItEasierToType1), requires(TurnOnNarrator3, TurnOnNarrator), (((~Bold \/ Bold1) \/ Bold2) \/ Bold3), ((~TurnOnMouseKeys \/ TurnOnMouseKeys1) \/ TurnOnMouseKeys2), ((~Microphone \/ Microphone1) \/ Microphone2), requires(SetupMouseKeys1, SetupMouseKeys), ((~Advanced \/ Advanced1) \/ Advanced2)]
			Diag size: 7
The size of Consistency checks: 6018789
The number of Choco Solver calls: 7050
The number of different: 3
The number of INconsistent: 98
The number of union: 271
The number of post constraints: 6018789
The number of consistent: 6952
The number of unpost constraints: 6018789
The number of Consistency checks: 136

Timer for Syntactic Relevance:[thread=1]: 155.912373555
155.912373555 
Timer for solver[thread=1]: 23.382116477
0.001884179 0.002435889 0.003060779 6.57169E-4 0.003713011 0.002460549 0.001737392 0.002679839 0.001346786 0.002327899 3.40409E-4 0.00449621 0.00209123 0.001631077 0.007770345 0.003139789 0.003214694 0.00400417 5.62703E-4 0.002282565 0.002674428 0.002302069 5.90472E-4 0.001576953 0.001813266 7.80675E-4 5.92789E-4 3.76238E-4 8.89298E-4 0.001021727 0.006617176 0.002409979 0.003176863 0.001890848 9.86334E-4 0.005381176 0.002121441 0.00354848 0.003384136 0.001477016 0.001577155 0.001830297 0.002150975 0.002120779 0.002374996 0.002982463 0.002759571 0.001230791 0.004606636 0.004082092 4.05135E-4 4.1508E-4 0.001062359 2.79201E-4 2.49689E-4 2.7119E-4 2.82758E-4 4.00982E-4 4.02742E-4 2.43101E-4 0.002336713 0.00494057 0.011790535 0.002978061 0.002393321 0.003534397 0.002566678 0.004521758 0.001546082 0.005194798 0.002674456 0.002173324 0.004631244 0.009005739 0.003694137 0.002050209 0.003572839 0.004393579 0.003706263 0.00179534 0.002607024 0.004076645 0.006309981 0.002933815 0.004601657 0.006606503 0.001439191 0.003563553 0.002691274 0.004169163 0.003541861 0.001840142 0.002277275 0.00290675 0.003593415 0.001570496 0.004288046 0.005203751 0.001939756 0.001935824 7.65292E-4 6.27336E-4 2.84107E-4 5.58945E-4 3.06024E-4 2.60225E-4 2.70157E-4 2.28993E-4 2.20047E-4 7.17098E-4 9.68727E-4 0.002436104 3.12834E-4 2.4344E-4 3.03898E-4 3.9261E-4 2.84877E-4 2.78946E-4 2.17774E-4 4.04384E-4 3.05481E-4 3.22095E-4 5.45526E-4 4.53791E-4 0.001495446 2.65444E-4 2.56256E-4 2.79337E-4 3.0262E-4 6.14994E-4 0.001616575 0.003269756 0.002854757 0.003886605 0.004098795 0.006384878 0.003470631 0.004520762 0.010079279 0.006621359 0.002737262 0.002917603 0.004327425 0.003981691 0.005309583 0.00392348 0.002693762 0.003851 0.004798082 0.002763601 0.001737047 0.005092294 0.006148812 0.001298959 0.003925733 0.006720531 0.003611444 0.002818255 0.003465516 0.003215926 0.002557516 0.004463571 0.0025533 0.006914511 0.003454343 0.007728805 0.003338421 0.006253856 0.003117657 0.005156634 0.005496377 0.002137462 0.004759297 0.007398021 0.007467174 0.004702787 0.00312217 0.007974198 0.002749626 0.005429181 0.005950535 0.004324821 0.005111947 0.006858661 0.0010096 0.004770556 0.007995733 0.005280203 0.005443172 0.006704253 0.001272528 0.003505927 0.00472081 0.004926416 0.006694747 0.003102648 0.004528638 0.003781484 0.007475979 0.008870739 0.006320567 0.005025137 0.004564785 0.006272065 0.005779452 0.003663403 0.00292266 0.008005228 0.004030779 0.006048415 0.004730466 0.004899497 0.003761574 0.003822615 0.004806192 0.007292367 0.010832869 0.007553489 0.002664013 0.008441167 0.008297516 0.003926886 0.007529238 0.009167099 0.004821163 0.010359243 0.006322199 0.008303012 0.0034407 0.00416148 0.005360056 0.00776881 0.005583215 0.009535782 0.009712961 0.004922308 0.009002013 0.005201742 0.007691924 0.005643761 0.004349677 0.002181429 0.004032953 0.007808506 0.005280389 0.00325704 0.011844316 0.006350087 0.003170596 0.006817786 0.007687508 0.007949887 0.008224714 0.009078447 0.007075422 0.010700682 0.010264012 0.006432409 0.008011737 0.007223976 0.005596405 0.005569915 0.008239259 0.008367756 0.007493066 0.009705258 0.00549715 0.007932472 0.006321316 0.005733062 0.007260182 0.006603635 0.008137212 0.008143733 0.005671412 0.005868772 0.008037695 0.011030328 0.006049765 0.005738412 0.006498923 0.006650394 0.008942721 0.008709875 0.010807479 0.011487174 0.010392984 0.007436499 0.007981603 0.016337745 0.009463378 0.008698581 0.007291573 0.009852787 0.008146277 0.008719452 0.009507719 0.008160678 0.010085672 0.007295142 0.008695895 0.011701307 0.007134967 0.006804198 0.008089138 0.008934829 0.009406266 0.006073507 0.005019912 0.006161477 0.007273523 0.005708317 0.005302829 0.005399569 0.00688119 0.006545364 0.005250849 0.005489286 0.004870324 0.005366166 0.005168484 0.005446149 0.006371913 0.005606427 0.004858995 0.006320231 0.008399054 0.007727181 0.004946607 0.017297634 0.01299462 0.020401649 0.015434621 0.016265893 0.013491449 0.014512285 0.013413274 0.01384908 0.01323953 0.013609879 0.013414757 0.015126681 0.014567531 0.014722309 0.013510555 0.012922504 0.014313672 0.015029847 0.015249424 0.014358093 0.020307538 0.013057481 0.023165229 0.015184103 0.022063422 0.012451107 0.014368018 0.014681175 0.015661168 0.016958383 0.005124911 0.00466994 0.005145115 0.006341118 0.005357289 0.004119953 0.005111349 0.0049413 0.004554646 0.004704036 0.004729843 0.004980352 0.004465732 0.004901276 0.007328831 0.004872367 0.004832859 0.004342574 0.004713043 0.00526628 0.004548606 0.004003467 0.005583558 0.005110509 0.005467237 0.003381318 0.004042022 0.005403919 0.004267894 0.004836024 0.003888229 0.005228098 0.006531926 0.00334449 0.003195088 0.004023687 0.007188129 0.007267452 0.004838094 0.003417755 0.003872695 0.003853314 0.00491761 0.005454846 0.003965954 0.005634735 0.006128758 0.005449848 0.004421914 0.004281864 0.005913553 0.005255488 0.004596151 0.004099794 0.006204559 0.01115311 0.003610385 0.004333787 0.00607903 0.004854072 0.003378628 0.00929403 0.004595451 0.003237843 0.003967133 0.004217303 0.007245801 0.004614506 0.004251702 0.003954399 0.004228558 0.004377159 0.004133416 0.003552217 0.003820908 0.003985823 0.004217263 0.006664842 0.00530829 0.00313356 0.004388419 0.005253985 0.005251422 0.003290484 0.003426731 0.005720901 0.004706808 0.003207632 0.003860164 0.003432166 0.003552791 0.002948859 0.00543217 0.004491298 0.005769475 0.003182179 0.004218557 0.00472273 0.005423514 0.004648936 0.003792189 0.003000222 0.009146669 0.004501755 0.005004739 0.004263752 0.004311084 0.004501031 0.004962479 0.007188806 0.003347465 0.003665681 0.004398799 0.003208972 0.004037357 0.003813379 0.005441369 0.003760855 0.004401828 0.00684347 0.003616849 0.003840806 0.005393131 0.008671281 0.003656936 0.003560873 0.004081874 0.009984014 0.005286245 0.006524308 0.003990505 0.005532061 0.004103418 0.005601806 0.00570228 0.005124863 0.003904286 0.004879684 0.005124179 0.004096553 0.005030664 0.005604589 0.005392435 0.004412034 0.004336808 0.006112206 0.01023729 0.003604566 0.003557061 0.003940453 0.004257777 0.004547042 0.003760449 0.00601828 0.003323583 0.003428991 0.00497611 0.006337965 0.005182978 0.004672855 0.003807939 0.004354412 0.004750618 0.006978102 0.004328942 0.003744338 0.005498405 0.00439528 0.003556498 0.003610105 0.004038671 0.003875459 0.004334156 0.003740627 0.003492324 0.004123332 0.006007322 0.00403323 0.005717306 0.003649369 0.003739417 0.003355108 0.009302644 0.005256667 0.005875645 0.004689953 0.003787611 0.004945643 0.004443799 0.00410701 0.003868841 0.003982882 0.003901207 0.005203362 0.005074065 0.004110099 0.004787814 0.0060672 0.005576202 0.004359055 0.003833092 0.004654567 0.008210947 0.005742958 0.004214571 0.004124128 0.003938057 0.003937525 0.006034442 0.003946638 0.004537766 0.00523533 0.005791427 0.00383256 0.005430013 0.005537928 0.005146276 0.003652379 0.003582723 0.010801683 0.005717916 0.004504101 0.005046313 0.004605019 0.005136344 0.005609371 0.003942561 0.003608344 0.008133326 0.003840011 0.00386944 0.003622273 0.00560589 0.009501948 0.004178764 0.003845171 0.004031957 0.004341386 0.0042436 0.005098735 0.01107409 0.003686236 0.003719255 0.004221696 0.003530196 0.005411192 0.006319819 0.004874835 0.007036641 0.004951421 0.009749814 0.005371836 0.005011029 0.003790599 0.004267892 0.00355021 0.004116876 0.005613237 0.00364956 0.005819124 0.005675044 0.004112628 0.004402915 0.005448066 0.003958017 0.003957408 0.003690169 0.006187573 0.005486163 0.004182801 0.005327943 0.006572321 0.004037058 0.003998185 0.004737301 0.003916625 0.0051948 0.006215176 0.004593794 0.006002917 0.005325506 0.006758512 0.003111049 0.003555508 0.003281624 0.003806662 0.003291658 0.003925264 0.004960182 0.006083716 0.002966246 0.00361849 0.004852877 0.003642925 0.00590045 0.004913509 0.003811196 0.00294413 0.00297034 0.002767966 0.0064206 0.00575821 0.002958708 0.002953323 0.003129444 0.003242868 0.003062353 0.002923097 0.00370373 0.003442953 0.002739578 0.002761523 0.004233119 0.004990977 0.010321338 0.002941684 0.003072712 0.00866626 0.004517775 0.003391622 0.003968316 0.00426663 0.002822151 0.002935311 0.005091754 0.002935545 0.002807707 0.002934718 0.003393072 0.005036474 0.002776631 0.002964137 0.00296187 0.0050766 0.004380646 0.004046829 0.003837345 0.004909564 0.002865679 0.004071724 0.003976307 0.004557847 0.004212985 0.003969289 0.003180225 0.002706286 0.002637513 0.004371928 0.005385218 0.002686074 0.002784363 0.003137875 0.003073835 0.003726915 0.004123507 0.002881447 0.002768636 0.005408018 0.003147225 0.003568843 0.003397745 0.00781806 0.002564917 0.004734736 0.003283059 0.00375352 0.003878279 0.003806064 0.002937734 0.00284672 0.003152942 0.004186476 0.009422258 0.002152691 0.002293258 0.00293598 0.003504588 0.002618997 0.004575038 0.005747639 0.002189158 0.002109151 0.004129392 0.00296425 0.002904506 0.002193988 0.002284853 0.004940421 0.004941825 0.004420274 0.00337878 0.003095987 0.003111573 0.007583877 0.002801093 0.002854331 0.006853051 0.003410496 0.003986517 0.008521154 0.00303042 0.004262841 0.005169998 0.003806849 0.004304821 0.008641428 0.004906456 0.00427721 0.004365708 0.003557213 0.003349174 0.003857767 0.003840787 0.005115664 0.003962378 0.003717156 0.004956308 0.003359361 0.003263112 0.003169233 0.006928737 0.008959184 0.003083197 0.003664596 0.006735018 0.00287678 0.003518426 0.003779327 0.009759599 0.003726345 0.003648504 0.005078765 0.003316727 0.003938481 0.006293682 0.004128266 0.003242222 0.003181085 0.002714798 0.008123724 0.00713565 0.004233983 0.004614601 0.002998558 0.003469003 0.004934307 0.002985036 0.00314305 0.00273804 0.003021124 0.002923915 0.004534076 0.003447273 0.006418775 0.005332473 0.005736775 0.006171829 0.007288577 0.009225639 0.005007802 0.006878174 0.006663475 0.004020797 0.00366827 0.005118532 0.003980854 0.006178589 0.006559521 0.003443621 0.0040527 0.007642598 0.003959879 0.004365727 0.006070667 0.005990805 0.004544332 0.005366746 0.003749458 0.004251014 0.010921404 0.003952383 0.004340327 0.003968315 0.003426185 0.003999562 0.005182438 0.004296017 0.005492581 0.008131504 0.003705977 0.003149401 0.005194052 0.003474112 0.006354874 0.005347812 0.003816965 0.003081967 0.004343626 0.004664206 0.003383584 0.006099647 0.004292856 0.00691067 0.003435127 0.004606758 0.005175586 0.004167297 0.005480506 0.009468919 0.003572985 0.003853453 0.005943844 0.003476468 0.003410902 0.005359355 0.008062311 0.003349259 0.004418224 0.004786028 0.003504661 0.00593675 0.003924043 0.00714818 0.004571612 0.00498681 0.003875231 0.00360327 0.003497103 0.005017255 0.003807942 0.006479289 0.006833181 0.004016164 0.004529515 0.004617463 0.006197388 0.003359733 0.005079038 0.003444628 0.003950438 0.005323794 0.006521757 0.004962549 0.003765868 0.005447585 0.01006368 0.003153329 0.004219958 0.008325618 0.009082436 0.003324726 0.00545021 0.003906622 0.008036709 0.005102515 0.004067785 0.005746157 0.008720492 0.00424125 0.003938957 0.00570361 0.005805228 0.003478883 0.009397624 0.003657675 0.003045101 0.004852663 0.005005986 0.003188433 0.004348125 0.005878901 0.004273136 0.002928437 0.004204469 0.003564234 0.003678117 0.003194775 0.005459159 0.005055104 0.004629987 0.003170323 0.004066915 0.005264785 0.004602318 0.003461849 0.00299059 0.006028427 0.004276574 0.003358795 0.005457925 0.004863859 0.010312758 0.003335584 0.00451745 0.005636501 0.008427507 0.004036481 0.004223664 0.00379694 0.003936493 0.002976556 0.003489297 0.003314024 0.004086691 0.004272243 0.002748635 0.004880366 0.003949048 0.003771739 0.005115566 0.005163036 0.002913237 0.003557071 0.007398811 0.003003871 0.002746721 0.002802678 0.003686698 0.003167081 0.003397936 0.004164516 0.002948205 0.003767064 0.003260161 0.009252463 0.002926677 0.003379705 0.004746229 0.003027064 0.003199092 0.003869903 0.003305019 0.005097242 0.002905696 0.003184254 0.003924686 0.003274844 0.003685173 0.004902913 0.003745834 0.004230955 0.004246252 0.004217101 0.004189399 0.005169576 0.009821309 0.008084952 0.005983983 0.00390114 0.004547028 0.005938856 0.005501892 0.00399628 0.007300885 0.003805505 0.004077269 0.003788085 0.007110275 0.003718272 0.003598379 0.003611141 0.008042173 0.003789396 0.003732145 0.005816371 0.009078929 0.003703401 0.003783839 0.008875095 0.004495709 0.003997851 0.003942337 0.003490526 0.003458993 0.003197041 0.004346566 0.003752378 0.003519549 0.003732903 0.00525856 0.003847926 0.003322529 0.00371752 0.006806966 0.003759858 0.004109456 0.003884557 0.003419855 0.003794969 0.00343552 0.003475315 0.003714907 0.006818371 0.004064974 0.003244794 0.003646335 0.004904604 0.003182107 0.003887676 0.00448632 0.01088043 0.003172357 0.003995306 0.005634442 0.005354997 0.004540391 0.004537031 0.004557216 0.003941481 0.004308466 0.004395223 0.004334875 0.004053285 0.003138909 0.005455736 0.004035711 0.004356889 0.004890799 0.004297055 0.003985341 0.005260634 0.00300721 0.003439089 0.003799116 0.0031223 0.003025227 0.003914815 0.005423337 0.009734142 0.003251649 0.005346407 0.006727209 0.003474587 0.004220777 0.006155277 0.004192141 0.003995615 0.004842195 0.006357536 0.00305294 0.004419576 0.005433303 0.003952481 0.005183698 0.005988697 0.003011025 0.003705115 0.005090313 0.005098231 0.003943282 0.004718163 0.00348714 0.004104825 0.003986575 0.003973991 0.004767504 0.00289109 0.004813917 0.004390607 0.003051154 0.003663436 0.004414362 0.002871083 0.00404637 0.002992805 0.004067011 0.002918311 0.005108785 0.010827681 0.004325633 0.003574415 0.004333402 0.005828453 0.007148551 0.004752187 0.004067781 0.006485508 0.003351609 0.004214356 0.004016455 0.004881381 0.003877405 0.003266825 0.004936396 0.004419009 0.00397602 0.004052112 0.004789092 0.005314211 0.004758088 0.004547539 0.007156663 0.003008236 0.003452759 0.004709417 0.004201906 0.004408581 0.005205653 0.003472007 0.007062152 0.002923403 0.003565941 0.004162396 0.00763696 0.003649328 0.003648778 0.005069273 0.007458274 0.00400987 0.004229617 0.004607812 0.007879445 0.006116241 0.004403608 0.003446911 0.004528884 0.004324907 0.005374126 0.004147335 0.005665455 0.004278959 0.003332734 0.003603572 0.007609752 0.005067411 0.003870821 0.004853295 0.004337656 0.005266732 0.006450731 0.00419104 0.003649737 0.003943639 0.003409605 0.003820306 0.004353343 0.003882545 0.003166085 0.003670594 0.004824686 0.002802512 0.003631138 0.004301863 0.005034093 0.004333679 0.003979449 0.004788483 0.003431067 0.005618287 0.004246857 0.003862389 0.010149153 0.004688171 0.003304109 0.003267473 0.010192195 0.00327652 0.003723713 0.003234219 0.005995801 0.003542413 0.004098675 0.00596324 0.003117947 0.003558724 0.004642909 0.005365181 0.00565122 0.003640275 0.003531429 0.007459447 0.003245036 0.003871991 0.007109068 0.002947216 0.003967805 0.003831974 0.003020824 0.00303751 0.003223679 0.004071211 0.005324588 0.003347129 0.002960591 0.003899967 0.004052935 0.004631251 0.003384797 0.004061034 0.004127505 0.002854609 0.003865769 0.005533711 0.004369569 0.003268376 0.004614936 0.00929364 0.002736973 0.002886963 0.003431962 0.003170192 0.003003303 0.003579905 0.003729304 0.006123136 0.002831848 0.002788495 0.004093553 0.006015595 0.009105932 0.002870112 0.003954912 0.003079016 0.004467918 0.004207874 0.004655659 0.004368391 0.00480324 0.004075495 0.003277889 0.003496403 0.002895917 0.006388737 0.003688743 0.003534622 0.003859509 0.005696819 0.004273436 0.003746275 0.00327747 0.006791548 0.008329836 0.003610752 0.003423924 0.003486308 0.008071796 0.007998339 0.003821737 0.00395786 0.005802988 0.007146068 0.005129657 0.003694427 0.004645316 0.008084354 0.004284195 0.003953448 0.005512722 0.005728667 0.003553903 0.003701364 0.004943231 0.003661129 0.00387224 0.004567157 0.003821422 0.003552161 0.003979431 0.005646106 0.00453791 0.004399427 0.003451736 0.004964731 0.003067887 0.003040143 0.002979451 0.006629137 0.004745256 0.003405785 0.004348898 0.003995596 0.004745297 0.004336753 0.004382781 0.003768158 0.003749485 0.003343003 0.003465306 0.009961684 0.00314627 0.004034976 0.003225588 0.004800017 0.005739285 0.004337251 0.004464762 0.003931951 0.003128175 0.00873336 0.003565138 0.003617023 0.005312491 0.003157762 0.003447226 0.00327421 0.003885314 0.004274486 0.004876633 0.002906961 0.002867474 0.002958414 0.003205653 0.003358962 0.003595584 0.002831184 0.00281242 0.003876296 0.005229063 0.003707325 0.003898045 0.003825293 0.00392151 0.00444274 0.004134679 0.003682011 0.003688017 0.003177739 0.003639773 0.00374219 0.006343918 0.003312943 0.003809095 0.004061963 0.005134385 0.00299338 0.004917405 0.003645744 0.004470865 0.004683916 0.004463763 0.003158119 0.003275751 0.00488214 0.006574834 0.002855243 0.00296252 0.002961512 0.003574341 0.002953909 0.00368832 0.004689274 0.002918772 0.004990339 0.004866763 0.008545564 0.002938497 0.002987338 0.003294349 0.003314263 0.005181734 0.005412661 0.003306566 0.00398205 0.003470822 0.004948414 0.004303136 0.004576713 0.003457539 0.004471498 0.003353579 0.003935345 0.003279566 0.003803376 0.005352444 0.006287337 0.004165787 0.003283872 0.004441314 0.003917739 0.004347514 0.003210708 0.004146003 0.003990993 0.005177637 0.003263908 0.005311234 0.004130396 0.005264173 0.003320357 0.004306241 0.003307852 0.003595335 0.004331445 0.004314609 0.003911403 0.00522935 0.00333628 0.004934115 0.00369004 0.003962368 0.003543453 0.004114192 0.005758597 0.00441259 0.003333477 0.003921302 0.004127276 0.003857001 0.003096149 0.003756443 0.003645638 0.003871202 0.003381443 0.004609746 0.004371847 0.006230737 0.003347327 0.004380145 0.004405883 0.003519293 0.003213672 0.004415601 0.004817077 0.004027996 0.003174522 0.003041978 0.005117931 0.00399096 0.005126909 0.002878758 0.004168353 0.003431994 0.003621733 0.003371099 0.004819517 0.004595375 0.003753583 0.003157279 0.00382116 0.005019145 0.002772055 0.003856763 0.007739436 0.003429028 0.003365459 0.003416585 0.003926282 0.00386974 0.0047431 0.005252403 0.004677834 0.008619634 0.003138736 0.003727171 0.004158394 0.003633105 0.00411648 0.003465034 0.003936846 0.002998724 0.003414665 0.004788924 0.00521473 0.004029641 0.004906012 0.00438823 0.002934196 0.0029694 0.005485162 0.006582468 0.004347401 0.003138816 0.002762027 0.003487521 0.004369087 0.003342676 0.003817822 0.003621807 0.002880675 0.00295012 0.003817378 0.006828885 0.002926517 0.005276028 0.003727838 0.004027955 0.002974845 0.003487248 0.004645741 0.004189084 0.003254396 0.005629983 0.005475087 0.004865128 0.003533166 0.004315963 0.009172605 0.00290413 0.002815501 0.003095942 0.003317183 0.003143149 0.004660546 0.005287737 0.0038963 0.00308012 0.004233327 0.003758084 0.003047164 0.004933718 0.003493909 0.003043608 0.003858004 0.002642229 0.002512453 0.00357717 0.003826938 0.003194906 0.002914164 0.002978833 0.003183178 0.004509348 0.004195607 0.003131023 0.002836304 0.003644176 0.00396972 0.004835201 0.004269324 0.003989558 0.004040944 0.003804289 0.002093378 0.002572531 0.001990548 0.002456546 0.005018722 0.003265971 0.005401678 0.002730021 0.002991319 0.002083499 0.001950741 0.002116001 0.002637638 0.003384118 0.004671714 0.002207833 0.001954775 0.002968598 0.002920281 0.002483911 0.003070209 0.004227804 0.0022582 0.002468862 0.001856981 0.006007397 0.003500258 0.002029649 0.002970062 0.002062875 0.00252709 0.001987608 0.001901831 0.005078507 0.002917783 0.002069787 0.001779816 0.002366864 0.002594866 0.003557207 0.003729299 0.002398887 0.004340393 0.001905344 0.002160152 0.001815243 0.002136995 0.002441428 0.00259908 0.001761213 0.001875846 0.002001913 0.001993115 0.001936112 0.003715758 0.00215133 0.003799787 0.004491194 0.001938991 0.003365879 0.001968279 0.001830193 0.001875084 0.008253115 0.002576129 0.007275218 0.002574383 0.001902229 0.002369908 0.002541861 0.002114935 0.004259878 0.002066302 0.002096832 0.00595453 0.002629197 0.00233674 0.002150157 0.003992159 0.002299661 0.002369998 0.008216386 0.001679315 0.002065176 0.002000683 0.002836312 0.002117277 0.002983953 0.003504358 0.004644242 0.005641475 0.002014945 0.002455739 0.008094256 0.00306462 0.002075663 0.002730777 0.003438566 0.002627585 0.005035704 0.004280768 0.002686512 0.003075682 0.002346483 0.006867922 0.004110952 0.004989406 0.00184202 0.001752579 0.002052731 0.001937976 0.00362947 0.002263065 0.0023172 0.003915902 0.005008139 0.002175048 0.001979242 9.25025E-4 0.001822951 0.004242027 0.003986859 0.002868039 0.001877776 0.002359692 0.002714914 0.003361764 0.001532158 0.00422693 0.00392827 0.002583159 0.005641517 0.006763947 0.003195375 0.002776952 0.001269139 0.00373613 0.00137012 0.003895032 0.003459763 0.001201879 0.002585382 0.002677829 0.002536934 0.004578002 0.002910757 0.003454109 0.004157594 0.001470483 0.002152534 0.002748031 0.0032125 0.003166264 0.003542199 0.001782596 0.003078042 0.003627492 0.004075433 0.004482296 0.001199307 0.001090822 0.003942646 0.00225189 0.001265434 0.002901014 0.003604925 0.002438943 0.002503838 0.001054284 0.001415268 0.00239206 0.002688194 0.003186149 0.001132622 0.002501866 0.003561447 0.005826435 0.001211136 0.002574631 0.002491184 0.002286802 0.002491953 0.002563516 0.002910176 0.002526499 0.001115762 0.004982435 0.001589406 0.005910644 0.003342601 0.003122833 0.003266359 0.002712759 0.005284614 0.003344248 0.00365339 0.003624013 0.002854014 0.001068385 8.54182E-4 0.002604267 0.00298349 0.002844159 0.003515615 0.00170781 0.00589976 0.003194786 0.003770111 0.002545938 0.001123345 0.001224987 0.002643906 0.001059201 0.001422936 0.002890579 0.002585132 0.001500707 0.002431538 0.001198723 9.26871E-4 0.002312643 0.002907686 0.002374437 0.001191279 0.003114198 0.004164659 0.002459338 0.001066276 0.004258787 0.00383029 0.002441953 0.002875684 0.002449773 0.003791611 0.003841449 0.002452709 0.003462621 0.001292704 0.003066052 0.003208009 0.001044527 0.003457701 0.003861809 0.004488733 0.001027382 0.002934618 0.00331842 0.007202813 0.001987721 0.00249613 0.002456275 0.00268241 0.002813331 0.008638112 0.002009842 0.004813697 0.002913905 0.002556066 0.002897037 0.002171882 9.78616E-4 0.002572176 0.002518189 0.001646728 0.002225903 0.002354296 0.001220358 0.008556308 0.001086762 0.002664679 0.001732425 0.001747338 0.001631336 7.68587E-4 0.001811875 0.002907261 0.001971995 9.25551E-4 0.001863669 0.00381734 0.002051548 0.00237264 0.003888766 0.004099975 0.004116377 0.00144771 0.003464375 0.001160367 0.001967498 0.00194577 0.004179876 0.003815139 0.001999628 0.001796888 8.39873E-4 0.001985385 0.002126076 0.001711433 6.86569E-4 0.001198038 0.002258865 0.001922497 0.004331197 0.004478482 7.6349E-4 0.001887477 0.002062536 0.003892168 0.003539461 0.001353628 0.001616422 0.004289713 0.002683738 0.001125482 0.002297167 0.007861882 9.14224E-4 0.003482103 0.001188214 7.57786E-4 0.001814999 0.001976868 0.002021823 9.42099E-4 0.002353311 0.004488964 0.00342348 7.75686E-4 0.001584316 0.002318108 0.004733473 0.001699118 0.003455008 0.002677527 0.002032236 8.37972E-4 0.004173493 0.001436542 0.005583295 0.002280789 6.69856E-4 0.002110154 0.002613351 0.003799985 0.003197878 0.002249574 0.001944924 0.001712034 8.04806E-4 0.001448191 0.002495746 0.0019092 0.001821212 0.008590464 8.76998E-4 0.004033051 0.002387956 0.006413113 0.002311422 0.001155458 0.002496532 0.002039352 0.001003273 7.20193E-4 0.001995678 0.001913585 8.85424E-4 0.002940405 0.002324134 0.002294358 0.00184412 0.001641572 0.001664157 0.001042102 0.001712811 0.004370289 0.001882325 0.001018254 0.002190568 0.002295168 0.001803663 0.001737915 0.001846216 0.002017927 0.001933892 8.77108E-4 0.002615201 9.04449E-4 0.002239311 0.007928584 8.81756E-4 0.003580764 0.004145223 0.002304808 0.001232775 0.002473269 0.002115207 0.00822152 8.59237E-4 6.06157E-4 0.001668738 0.001985592 0.00249672 0.003627411 0.00105441 0.003106734 0.005420999 0.003574877 0.00176235 7.16019E-4 0.00102874 0.001932269 9.89328E-4 0.001044217 0.00224211 0.004834244 0.0029727 0.001699895 7.48465E-4 7.25625E-4 0.001783654 0.00170667 0.001977095 0.001010236 0.002727556 0.0022886 0.002119775 7.72986E-4 0.007090848 0.00233516 0.00185149 0.00426171 0.003061496 0.005494412 0.004572474 0.002307986 0.00175966 7.32566E-4 0.002113516 0.00280199 0.001323038 0.002458191 0.001705595 0.003365416 0.002048033 0.002023212 0.001865639 0.001733496 0.001366741 0.001567327 0.002687437 0.003371976 0.002177618 0.002796256 8.68827E-4 0.002713969 0.002315881 0.006211451 0.001732028 6.83425E-4 9.31676E-4 0.001862936 0.001348381 8.02498E-4 0.002489293 0.002349904 0.003430606 0.002284741 0.00169877 0.00110695 0.003036966 0.002100691 0.002868394 8.50052E-4 0.001724311 0.001967566 0.001666404 9.31152E-4 0.001901509 0.002249328 0.001936503 0.004341107 0.003980682 0.002209415 0.002284223 0.00102394 0.001782762 8.0552E-4 0.002189862 0.002135669 9.43796E-4 0.003073868 0.003830038 0.001856657 8.47804E-4 0.002512873 0.002911777 0.003454605 0.001399746 0.00440245 0.001973222 0.002140287 0.001720582 0.003433743 0.001787457 0.003759517 0.002413588 0.004082591 0.001661364 0.001288357 8.1242E-4 0.004588769 0.001669238 0.002245755 0.002209132 0.00203763 0.001181856 0.001864704 0.001105267 0.002917459 0.002435317 0.001863892 0.004155297 9.65976E-4 0.001736758 0.002178068 0.001832208 0.002120302 0.002181009 0.001973867 0.004206999 0.006399292 0.001674002 0.002083388 0.001735181 0.001583613 0.003052966 9.69672E-4 0.004683019 0.004597415 0.002787085 0.002241815 0.002232919 0.001855646 0.005354914 0.00228174 0.002224033 0.003307175 0.001743359 0.001202873 0.003713547 0.002234722 0.001802169 0.003132612 0.00187313 0.003455686 0.002741971 0.002046288 0.004520756 8.56642E-4 0.002037482 0.002463648 9.97239E-4 7.97821E-4 0.001913859 0.001902715 8.422E-4 0.003573368 0.001641223 0.001994793 0.001682461 0.001903208 0.001941655 8.07716E-4 0.001819969 3.82135E-4 0.002389072 0.001007205 0.006146036 0.003789966 0.00174405 0.001729285 0.001707393 0.004706166 0.00395453 9.25811E-4 0.001808175 0.002276411 0.002661101 0.003266887 0.001086442 0.002061911 0.008704544 0.001736125 8.25427E-4 0.003185534 0.002232637 0.001919457 0.00113765 0.001536885 0.002387457 0.002050277 0.00241948 0.002430242 0.00194249 0.004316802 0.004164208 0.006150791 0.002039891 8.41445E-4 0.003851081 0.003352018 0.001152601 7.00306E-4 0.002155203 0.003368428 8.78157E-4 0.001728585 0.001699737 0.003367781 0.001829844 0.001707302 0.002004654 0.001274926 0.003398765 0.004083272 0.002068766 0.001042065 0.002339526 0.003208354 0.002433956 0.00204499 0.00179192 0.007491925 0.001709165 6.79731E-4 0.001615902 7.44684E-4 0.002003798 0.003047589 9.70763E-4 0.002626263 0.004040461 0.005324564 7.76505E-4 0.001883385 0.001778949 0.003073332 0.002392704 0.001252384 0.002237064 0.003327036 0.00220324 0.0043682 8.03383E-4 0.003700891 0.003521286 0.004764731 0.002096775 8.35607E-4 8.38779E-4 0.003955373 0.002200252 9.78873E-4 0.002181386 0.008290079 0.001181019 0.003162801 0.00742866 8.46651E-4 0.002070737 0.003510324 0.004274255 8.38807E-4 0.004915637 0.003487395 0.00281365 0.002370935 0.002874839 0.003095682 0.005637933 0.002310112 0.003843157 0.00227535 0.003013643 9.16328E-4 0.002232202 0.001102189 0.002304661 0.003850937 0.001026216 0.003072746 0.004513568 0.002845289 0.0011736 0.003539901 0.006144628 0.006682778 0.001506407 0.001302342 0.003481869 0.004310033 0.002984283 0.005000964 0.001388265 0.003378301 0.003944318 0.008438669 0.003137201 0.003482665 0.001462302 0.00253898 0.001823984 0.00209347 0.005356108 0.003721139 0.002375052 0.004149851 0.001156796 0.001272552 0.003347062 0.002934802 0.004396365 0.001147577 0.002417894 0.002918409 0.005348018 0.001386274 0.003977266 0.00319627 0.010193418 0.002988332 0.002370014 0.006786184 0.003794242 0.001151282 0.002373531 0.001884306 0.00745263 0.002659654 0.001093319 0.003560246 0.003824235 0.004915374 0.001138997 0.00485674 0.00415133 0.003106117 0.00248672 0.001739766 0.003755585 0.005409 0.002422181 0.004461261 0.001994847 0.003746218 0.002856833 0.00268831 0.003596247 0.002107671 0.001191366 0.004388255 0.001369062 0.002416229 0.004913789 0.009333625 0.001209064 0.002765596 0.002235769 0.002534382 0.004077765 0.005257939 0.003007105 0.001315129 0.004823851 0.0044562 0.002952542 0.00137918 0.004252678 0.005176471 0.002578198 0.002910162 0.004416054 0.004420159 0.004888011 0.001120006 0.002828184 0.001846463 0.005677503 0.00292582 0.001270838 0.005632146 0.003578167 0.005110053 0.001297208 0.00303633 0.005780766 0.003732117 0.00232625 0.001975965 0.004450476 0.003089826 0.009023381 0.003386326 0.001289191 0.004441994 0.005336504 0.003011809 0.003065983 0.002424936 0.002075211 0.002531588 0.001238571 0.002134486 0.00416299 0.002797582 0.002846382 0.005067535 9.52816E-4 9.34217E-4 0.002899258 0.004909838 0.002503787 0.002064662 0.002881898 0.0031275 0.002936309 0.001772643 0.002532528 0.003093724 0.003153569 0.004776204 0.00599571 0.00291608 0.002317277 0.001263749 0.003516937 0.001148007 0.003211952 0.004457414 0.002920849 0.004505142 0.005439292 0.003282214 0.001110351 0.005627333 0.003368061 0.002910161 0.001058364 0.001691443 0.003200076 0.002472235 0.002378755 0.003385606 0.003629992 0.003167128 0.002638897 0.003267365 0.004368648 0.001544789 0.00178448 0.003334037 0.001702063 0.001889194 0.005103799 0.005259687 0.002022403 0.002995357 0.001035407 0.001167133 0.003850081 0.004513582 0.003607131 0.001155953 0.002593084 0.006608496 0.002703845 0.001451776 0.003509278 0.006504484 0.003448805 0.002975984 0.003079602 0.005770035 0.004005193 0.001180297 0.002573209 0.001490173 0.004569868 0.006159811 0.001534411 0.003566473 0.005012605 0.002919523 0.002433887 0.003743847 0.005215913 0.004336549 0.001381631 0.00105749 0.003906717 0.004224624 0.003760311 0.00364899 0.001467108 0.003450319 0.004280957 0.003298716 0.002492532 0.001220152 0.002903216 0.005414354 0.001248812 0.001111199 0.003465517 0.003541715 0.001766411 0.003353334 0.001580178 0.00125401 0.004330929 0.002972301 0.002968712 0.001890504 0.004383784 0.00316678 0.003496263 0.002366166 0.00544084 0.00351729 0.002733173 0.005616702 0.00376926 0.003041492 0.002665057 0.00113275 0.005609342 0.002044776 0.005009974 0.004509347 0.001027945 0.003297107 0.00316344 0.002550386 0.001057309 0.003310283 0.005647917 0.002988309 0.001771298 0.001229673 0.002499721 0.002888277 0.003131231 0.00338462 0.00113902 0.004085665 0.004117646 0.005798886 0.002009139 9.97212E-4 0.00129712 0.002831784 0.001223309 0.001732844 0.008206859 0.002754875 0.001515653 0.002929095 0.001503787 0.00102811 0.002262792 0.002161613 0.002636727 0.00296398 0.002270325 0.004312014 0.002685334 0.001156923 0.002444017 0.006689405 0.003156243 0.002765825 0.002970779 0.003411563 0.005351992 0.003702683 0.003220893 0.001500276 0.00395079 0.002890998 0.001216588 0.00399041 0.003766405 0.004486706 0.001636655 0.002988266 0.00338781 0.002663137 0.001163216 0.001819576 0.003406771 0.004258935 0.003038409 0.003078125 0.001364315 0.006547222 0.004356522 0.004276849 0.003134378 0.001052405 0.001115801 0.003041756 0.001501631 0.001432839 0.004557059 0.002842456 0.001268243 0.003893295 0.002467786 0.001673759 0.002830391 0.004183021 0.002864204 0.001229832 0.003598384 0.004673038 0.002628599 0.00124657 0.003068838 0.003792021 0.003014124 0.002998845 0.003455271 0.010803321 0.002548203 0.001179881 0.003021938 0.003297309 0.003777715 0.004165422 0.001955121 0.004590954 0.003256992 0.003051824 0.001122343 0.00306905 0.007973987 0.003840289 0.001750149 0.001772062 0.003162591 0.002981224 0.002507996 0.00386653 0.001206901 0.002956838 0.002957431 0.003023217 0.002226223 0.001188205 9.29401E-4 0.003964041 0.001956299 0.001382668 0.007753274 0.004007979 0.001556561 0.002419982 0.007278036 0.001217821 0.00265154 0.003156212 0.003474441 0.002840122 0.002345092 0.002966098 0.004196286 0.005155228 0.002267785 0.003088535 0.004338429 0.002436142 0.002756904 0.003097713 0.002090507 0.001017291 0.003816403 0.001873165 0.003574497 0.002452288 9.79412E-4 0.005314209 0.003928699 0.003547203 0.001262738 0.00400973 0.004344822 0.004228356 0.001387799 9.8626E-4 0.007914467 0.01075506 0.002692624 0.003606922 0.001956978 0.005096418 0.004837499 0.004686674 0.002378358 0.002060948 0.001026713 0.004640195 0.00112242 0.001037358 0.00416187 0.002584183 0.002158022 0.003961709 0.001255162 0.002016114 0.00557545 0.002659754 0.002575532 0.001664775 0.006255486 0.003554451 0.002258289 0.001320301 0.003403144 0.004676504 0.002653484 0.006058198 0.002926439 0.004309563 0.004955635 0.001211621 0.002716795 0.0015313 0.005603621 0.004136902 0.001079492 0.004986341 0.003786587 0.003425363 0.001201351 0.002607435 0.005285392 0.002921897 0.001656324 0.001289444 0.002824134 0.004446295 0.004587109 0.003125611 0.001593276 0.003285865 0.003898008 0.003616536 0.002363076 0.0015958 0.001157612 0.003724264 0.002284492 0.001223858 0.003570582 0.00258787 0.00250257 0.0031916 0.001052922 0.001170546 0.002817494 0.003248006 0.003519281 0.00102564 0.002803945 0.003517962 0.003303135 0.001220926 0.002406559 0.0035409 0.003360733 0.003374921 0.003578359 0.004402829 0.003980662 0.002378922 0.002589273 0.002802788 0.003875519 0.003392095 0.001075295 0.003476186 0.002757343 0.003854226 0.00107945 0.002909181 0.004550431 0.003884515 0.003202683 9.33018E-4 0.002558525 0.005220813 0.002889317 0.003986812 0.00146307 0.003675025 0.004361218 0.004345588 0.002027912 0.001667494 0.001709521 0.005378779 0.001421644 0.002161539 0.00567787 0.004140127 0.001104032 0.002497669 0.003491299 0.001072516 0.002615783 0.005859786 0.003095899 0.001788982 0.003603408 0.003420382 0.004619787 0.001118795 0.002303601 0.005031957 0.005273812 0.00344454 0.004202702 0.00431251 0.002668925 0.002021504 0.005439254 0.001303971 0.002974815 0.003109501 0.001714754 0.005330723 0.002926134 0.004018436 0.002244218 0.004428509 0.003120731 0.002617586 0.001622789 0.001314898 0.005656078 0.003336277 0.003665585 0.005663551 0.001855718 0.003100954 0.003093431 0.00313631 0.003586133 0.003849669 0.001015738 0.002697184 0.00229865 0.00225223 0.004732907 0.003157708 0.00161543 0.004231023 0.00227868 0.001066858 0.00247195 0.003695121 0.003224574 0.002305004 0.002420236 0.004460456 0.003110869 8.92247E-4 0.002137145 0.00311905 0.003726653 0.003648894 0.003093848 0.0033271 0.004131359 0.001218755 0.002867755 0.002266412 0.006329339 0.003773616 9.16683E-4 0.002355862 0.002632444 0.003200427 0.00159103 0.00721239 0.004460268 0.003899453 0.00171852 0.001405525 0.003513264 0.003352569 0.003092703 0.003425339 0.001732854 0.003318866 0.004477487 0.002881686 0.005594275 0.001097617 9.38635E-4 0.003245287 0.00154414 0.001625732 0.003067964 0.003671926 0.002200702 0.007836963 0.001859151 0.001230562 0.002392502 0.007055346 0.002451809 0.001316038 0.003172356 0.004002021 0.002209204 9.97966E-4 0.00381847 0.003769545 0.003486569 0.002367909 0.002086574 0.003900502 0.003234851 0.001153718 0.002120113 9.64749E-4 0.00460505 0.004564854 0.00150031 0.002926688 0.001924218 0.0026682 0.003753957 0.002215257 0.003273088 0.002820082 0.002810851 6.93864E-4 0.003272185 0.003957318 0.004004751 0.003662852 0.001006212 0.002477165 0.005295206 0.003305315 0.001782017 0.001310039 9.75223E-4 0.004206408 0.001867919 0.001339544 0.003630204 0.004438127 0.001336575 0.002854636 9.57226E-4 0.001830602 0.002065043 0.003107942 0.002560727 0.002175754 0.004515348 0.005667551 0.002973629 0.003084095 0.003186356 0.004071675 0.003944748 0.008931507 0.003471819 0.003678961 0.003853829 0.006518875 0.00256479 0.001673685 0.002926462 0.00386829 0.001064218 0.002634236 0.003252527 0.003995149 0.001522793 0.002907493 0.002998179 0.003969006 0.001216411 9.03163E-4 0.003686388 0.002410223 0.002189219 0.003165399 0.001755121 0.008353995 0.003750606 0.00352783 0.003778262 0.006027112 0.001220498 0.003751132 0.001205942 0.001009658 0.009912005 0.002291294 0.001025485 0.00472672 0.001302855 0.00100999 0.002761584 0.003783944 0.005215435 0.002704783 0.005108708 0.005430852 0.007424551 9.0796E-4 0.00246659 0.003012663 0.003841937 0.003098604 0.002367128 0.005962701 0.002301679 0.001018966 0.003388409 0.001852691 0.002291814 0.002587455 9.69236E-4 0.004552219 0.003246718 0.003439132 0.001032814 0.002766086 0.004886649 0.00413823 0.001288697 8.6908E-4 0.002559367 0.003761744 0.002178346 0.002581219 0.001063979 0.002764445 0.003000176 0.004464075 0.002980283 9.25165E-4 0.00136152 0.003422793 9.49557E-4 0.001472454 0.00400552 0.002371244 0.001021564 0.003557988 0.001026759 0.002165919 0.002787973 0.003006674 0.002627842 0.001824241 0.002120761 0.003315971 0.004259971 0.001576191 0.003665561 0.002954723 0.004270231 0.004038479 0.002081201 0.002820454 0.003264173 0.001770419 0.003077513 0.001075961 0.003980777 0.002388933 0.001445606 0.002700919 0.002343898 0.002064703 9.30576E-4 0.004853265 0.005090666 0.003892705 9.72061E-4 7.09979E-4 0.003498144 0.003694089 0.003873295 0.002499357 0.001136626 0.004286488 0.003450353 0.003303404 0.002639407 0.001120055 8.18614E-4 0.007347558 9.40711E-4 0.001011524 0.003765616 0.002271744 9.13967E-4 0.003368696 9.98022E-4 8.7315E-4 0.004033216 0.006409229 0.002299378 0.001118309 0.002420345 0.010438837 0.002143455 0.001018526 0.002505598 0.003848806 0.002364889 0.002459899 0.003309442 0.005117053 0.006325796 0.002147744 0.004785004 0.001033934 0.00423028 0.008997929 0.001040736 0.002322377 0.002959741 0.00310961 0.003686807 0.003636906 0.003792544 0.003143416 0.001457658 9.908E-4 0.002907218 0.002663302 0.002038755 0.00626341 0.001097299 0.002236205 0.004392807 0.002793015 0.002725956 0.002158571 0.001451544 0.005352044 0.002437313 0.001307738 0.003503989 0.004213409 0.001709795 0.004822677 0.001849146 0.001322864 0.002501377 0.003011845 0.003039687 0.001377384 0.00492751 0.003700346 0.003254844 0.001625869 0.002219581 0.002975727 0.004483136 0.003061266 0.002438782 0.003145517 0.00234506 0.00154744 0.002453391 0.001257193 0.002369723 0.002983039 0.001907882 0.004897132 0.002175244 0.002216608 9.19405E-4 0.005733378 0.006097638 0.002837977 9.87526E-4 0.002514902 0.002968082 0.002847559 0.003978816 0.002565081 0.001005393 0.003154787 0.002908331 0.002710331 0.002134172 0.00190502 9.69466E-4 0.00361986 0.00127028 0.001644861 0.002430999 0.003455225 0.001325173 0.004887241 0.001573152 0.001071833 0.002670709 0.002977883 0.002513662 0.001074654 0.002533005 0.003826713 0.001737379 0.001439576 0.002053368 0.003191028 0.004173511 0.005010011 0.002271708 0.00376446 0.00233268 0.00120744 0.003762861 9.33608E-4 0.002239848 0.003918417 0.002536479 0.004610715 0.002327159 0.00239951 0.001570507 0.005181648 0.002649849 0.004787085 0.001473884 0.001091998 0.004536165 0.005503167 0.003615221 0.004090395 0.002076051 0.005429115 0.002838355 0.004968973 0.002321713 0.001602877 0.001080313 0.002508959 9.00357E-4 0.0012449 0.007280877 0.002819948 0.001117106 0.003036451 0.001654798 0.001203079 0.003362797 0.004503626 0.003343797 0.001481474 0.00203784 0.002939308 0.002051335 0.00239655 0.002067289 0.003934232 0.002733909 0.002505936 0.002385474 0.003180401 0.00426454 0.001579126 0.002476393 0.001218752 0.004189216 0.003124679 0.002545152 0.003171888 0.003481288 0.002635602 0.002152075 0.003116867 0.004537478 0.005018006 0.002351417 0.001853051 0.004640512 0.003634663 0.002593039 0.004963651 0.001337924 0.002776251 0.003115005 0.005861665 0.002051073 0.001222073 0.001157153 0.002812076 0.001999317 0.003521603 0.003073785 0.002814535 0.001081167 0.007145485 0.001054825 8.21064E-4 0.001970996 0.003751397 0.005598745 0.001449311 0.003866539 0.006524557 0.002210768 0.001283669 0.002491872 0.001198814 0.002441348 0.002263833 0.00190096 0.002579578 0.002126602 0.001278841 0.00242369 0.001849766 0.003096996 0.005073391 0.0026982 0.003667705 0.0041906 0.002573105 0.0011339 0.002394967 0.00427588 0.003090125 0.001302634 8.07426E-4 0.002453394 0.002206034 0.002475832 0.004190895 0.001796044 0.00440309 0.003234201 0.005950039 0.002329375 9.66472E-4 9.14966E-4 0.0044029 0.003375002 0.001163921 0.002795355 0.004991804 0.001748767 0.003798804 0.002627562 0.001553962 0.00279144 0.00311532 0.003275328 0.0026582 0.002650782 0.004472167 0.00331109 9.96412E-4 0.001965899 0.00324522 0.003205501 0.002212201 0.002723199 0.002797433 0.008901423 0.00105335 0.002363711 0.001603781 0.003811817 0.004112875 0.001893749 0.004424229 0.008062547 0.003244761 0.001705114 0.004600363 0.008000985 0.002312111 0.001098982 0.002144072 0.002945193 0.00305433 0.002679264 0.003554475 0.001379074 0.00345387 0.002973748 0.002851624 0.00289049 0.001476926 0.001907579 0.007796285 0.001205135 0.001001009 0.002864248 0.003142906 0.001273906 0.003653349 0.001084745 9.85661E-4 0.002126149 0.002513169 0.002209988 0.001333442 0.002740096 0.005293108 0.002437979 0.001252313 0.002246616 0.004323657 0.002986844 0.002632147 0.003189032 0.003128556 0.00237043 0.002486693 0.004822543 0.001371033 0.002810451 0.003964124 0.001951946 0.004694231 0.00268907 0.002199975 0.001156846 0.006507638 0.004213038 0.00334645 0.001423894 0.003270878 0.008816933 0.003190896 0.002374036 0.004382978 0.001370766 0.002874518 0.002944971 0.003640084 0.002408912 0.001723006 0.00114405 0.002599303 0.00235255 0.002219444 0.004371826 0.002697269 0.00102587 0.002563737 0.001155372 8.87648E-4 0.002124179 0.003412208 0.002674775 9.8214E-4 0.002017593 0.005285343 0.003255771 0.007110225 0.002101648 0.003474863 0.003299273 0.003940423 0.002343171 0.003960754 0.002405522 0.001520615 0.008410311 0.001249186 0.003267586 0.003369445 0.001714429 0.004735816 0.004869844 0.004385757 0.001243962 0.003955603 0.003274482 0.004042342 0.00231751 0.003257747 0.004647963 0.003092125 0.002781238 0.002804087 9.88662E-4 0.003506088 0.003059195 0.008680087 0.002695545 0.001772539 0.002149963 0.005356009 0.001070384 9.06113E-4 0.00268622 0.002984217 0.001920659 0.009309293 0.004221167 0.005012258 0.003730741 0.00452254 0.003177332 0.00338441 0.003825131 0.006642502 0.002731539 0.004101402 0.002900738 0.003886523 0.006437672 0.00691301 0.003529219 0.003062598 0.003333521 0.001832579 0.002699102 0.001657196 0.003020247 0.003168601 0.004504611 0.00406059 0.00358986 0.002457975 0.001390463 0.003482438 0.003780417 0.003226355 0.002275912 0.001567776 0.002672938 0.004100959 0.002103338 0.002458185 0.005201083 0.003706842 0.004076294 0.003955426 0.00365538 0.00101234 8.90589E-4 0.00299288 0.007889833 0.003158257 0.003977796 0.002636314 0.002088693 0.00286452 0.001348961 0.001312762 0.009090471 0.006344815 0.003910111 0.001904158 0.003330277 0.00457448 0.002460568 0.001573788 0.004217917 0.009981527 0.003728867 0.004336382 0.002386884 0.003455983 0.005834241 0.001923836 0.002770682 0.001255523 0.003030408 0.00316001 0.002128564 0.002828935 0.002031115 0.002057851 0.001584217 0.007884115 0.003247648 0.002721717 0.004001304 8.02375E-4 0.002600084 0.003664391 0.003649205 0.004566452 0.003406858 0.003923932 0.003483176 0.003466291 0.002480944 0.001908372 0.001719124 0.003369613 0.001144417 0.001033038 0.004536909 0.006938173 0.002142751 0.002891516 0.001714839 0.001157161 0.002577073 0.004879137 0.002514172 0.001669706 0.003021219 0.003910884 0.007002871 0.001254234 0.002106892 0.003174439 0.003476595 0.003197835 0.003281311 0.003798761 0.002684714 0.001963363 0.007539519 0.001113622 0.002199256 0.002960133 0.001269544 0.003022556 0.002274895 0.002118571 0.002395484 0.004368149 0.007000886 0.003906834 0.001805284 0.001860483 0.004363858 0.004219672 0.002822621 0.008161539 0.001329234 0.003056558 0.003106945 0.00442317 0.002214159 0.001525929 0.001372971 0.003810037 0.001941334 0.001184639 0.004878157 0.002965989 0.002947911 0.002912454 0.002330463 0.003904961 0.003495174 0.003103912 0.002223416 0.002708979 0.003393544 0.003783218 0.003625241 0.001002422 0.001989583 0.003140401 0.002925688 0.003853967 0.002716368 0.003513104 0.002999321 0.00118561 0.005418431 0.001523971 0.002720794 0.004144471 0.00166684 0.002712898 0.002146742 0.003730659 0.002100734 0.00535584 0.003138081 0.00501727 0.002651113 0.001592016 0.003193298 0.003552204 0.005673513 0.004605079 0.001425685 0.002922077 0.004437896 0.004031001 0.00443711 0.001640719 0.002403944 0.003139818 0.001027253 9.00786E-4 0.002689579 0.003054777 0.002242608 0.004410992 0.001777729 0.001737178 0.001984412 0.002514629 0.002413061 0.001543466 0.005382938 0.003095859 0.002000869 9.37012E-4 0.005799308 0.002607264 0.002005489 0.001743144 0.002345639 0.00277856 0.001789998 7.38049E-4 0.002355618 0.001376193 0.003726746 0.001961229 7.12457E-4 0.003023173 0.001758515 0.001455697 6.95059E-4 0.002120938 0.002346838 0.002489357 7.3344E-4 5.10933E-4 0.0017889 0.004404831 0.002492927 0.003140361 0.001360306 0.002483392 0.002076126 0.002137769 0.001498462 7.46372E-4 7.5726E-4 0.002325387 7.63949E-4 6.33739E-4 0.001905758 0.001612781 0.001331155 0.004397734 0.00196072 7.33868E-4 0.001329124 0.001950767 0.001691984 7.45558E-4 0.002584616 0.002283387 0.00146215 0.002073195 0.002802654 0.004973498 0.002239505 0.001625733 0.001652727 0.00190592 0.002267359 8.30788E-4 0.00227817 0.002575047 0.002383527 0.002588342 0.001800608 0.002119556 0.00183273 0.001776814 9.28494E-4 0.003467128 0.005463915 0.00526378 0.00284325 9.27393E-4 0.002814746 0.00505939 0.003906954 0.002269263 0.001646055 0.003924956 0.005958121 0.002366511 0.001536596 0.004422527 0.002333205 0.003550013 0.005240735 0.001707272 0.003095786 0.002158368 0.001060909 0.002469969 7.11741E-4 0.001464657 0.002871786 0.002323774 0.004348253 0.002680191 0.002745429 0.005902494 0.002816179 0.001041675 0.001407041 0.003207904 0.001586887 0.001603983 0.001638753 0.008601254 0.00154089 8.60941E-4 0.003516078 0.00281055 0.001936605 0.005070057 0.001334996 0.00493192 0.007495021 0.00259479 0.002029934 0.003183447 0.007760338 0.003149833 0.001607642 0.001082114 0.005032011 0.00318144 0.003089368 0.003102441 0.004503506 0.003430816 0.004187759 0.003159578 0.003425683 0.001142128 0.00106909 0.004233931 0.001504714 0.001593447 0.00307325 0.002640498 0.001576709 0.003352791 0.002350452 6.80515E-4 0.005409095 0.003222489 0.002184132 2.86906E-4 0.001876747 0.002879245 0.002425077 5.47535E-4 0.004117385 0.003313504 0.002909452 0.003870575 0.002063753 0.003029164 0.002579995 0.001003658 0.003147767 0.001468237 0.002957742 0.004564399 3.4391E-4 0.004060732 0.002568573 0.002149706 2.92375E-4 0.003907168 0.005225226 0.002905317 4.83522E-4 0.001815138 0.002789107 0.004687215 0.004354623 0.003735574 0.002208131 0.004461244 0.0031594 0.004009203 0.004980195 3.38761E-4 4.06132E-4 0.002902235 6.29063E-4 6.92094E-4 0.00363314 0.003330378 4.27161E-4 0.002741867 0.001312221 0.002108169 0.007528639 0.002598585 0.002404658 0.001345812 0.002205991 0.003113233 0.002250485 0.001670092 0.004825349 0.005105793 0.006719489 0.002223232 0.001909102 0.003003728 0.002422429 0.007738643 0.002411416 0.001095969 0.003901132 0.007263929 0.001124717 0.003528758 0.006986537 0.002417617 0.001130581 0.004235948 0.005387113 0.00298232 0.001294348 0.001369554 0.009075339 0.004080223 0.002935565 0.004056845 0.001012216 0.002610081 0.00360242 0.002397715 0.00198536 0.001027339 0.001765271 0.004744006 0.00196171 0.006176276 0.004473488 0.003146698 0.003223904 0.00299185 0.001088512 0.002451218 0.002103964 0.003092212 0.0040525 9.26709E-4 0.00248654 0.003291995 0.002636692 0.001070904 0.002039991 0.003783304 0.002372551 0.002716569 0.002156457 0.004231174 0.001907761 0.001003703 0.002044332 0.001049474 0.00267396 0.005458854 0.003087726 0.005049874 0.005499959 0.003048182 0.001477166 0.004338579 0.00439495 0.003215566 0.003349111 0.001461628 0.003451521 0.003347868 0.004476264 0.003786746 0.001333405 0.003044129 0.00359294 0.005247312 0.002543195 0.001700245 0.002170396 0.004241097 0.001450033 0.001608592 0.004793134 0.002803993 0.002546662 0.002809357 0.001171054 0.001161865 0.00331928 0.002698313 0.002167516 0.003091321 0.003419682 0.003641034 0.002537918 0.001529746 0.002966541 0.002979122 0.002217432 0.003356905 0.004509242 0.006072362 0.002521902 0.00339214 0.003135402 0.001011648 0.002350721 0.003311789 0.001190036 0.003269511 0.003084145 0.002168327 0.001805745 0.003993423 0.003317389 0.003976937 0.001084357 8.05238E-4 0.004087972 0.002662646 0.002865591 0.003507034 0.00369794 0.002567694 0.003088062 0.002639466 0.001830203 8.97322E-4 8.76739E-4 0.002543136 0.00102117 9.02527E-4 0.002610197 0.002539707 0.00194315 0.004091457 0.001257732 0.001123317 0.004657166 0.003967798 0.005433108 0.002987002 0.003202747 0.00385443 0.005673389 0.005433278 0.002162044 0.00357142 0.003757132 0.004152834 0.002275167 0.003864824 0.002264011 0.001096217 0.002487322 0.001137532 0.003000869 0.003762424 0.001439672 0.002716469 0.002604115 0.004801607 0.003653412 0.003194187 0.003504249 0.00331937 0.00300678 0.001798551 0.004773023 0.002857642 0.002269422 0.004615317 0.00191058 0.006245903 0.002788373 0.0030036 0.00345751 9.96739E-4 0.001211704 0.002503733 0.001852028 0.002414174 0.003645301 0.003037743 0.003555025 0.004800584 0.001419422 0.001027763 0.001961515 0.003826961 0.002926385 9.86503E-4 0.002879539 0.003086382 0.002450947 0.00136897 0.003919766 0.00427233 0.003152512 0.003144789 0.003051052 0.00326973 0.00213025 0.00102188 0.001971155 0.006915068 0.00233563 0.002499575 0.001934263 0.003740923 0.002633895 0.002906396 0.001307781 0.004645425 0.003221998 0.004037112 0.005852029 0.00100922 0.004444007 0.003270201 0.00236595 0.003882106 0.002289809 0.002915932 0.002735094 0.002988625 0.004130739 0.001960483 8.83026E-4 0.00263008 0.001951404 0.001603299 0.003856509 0.002857475 0.001104264 0.003584954 0.001259216 0.002660321 0.002333107 0.003457237 0.002911179 0.001210742 0.003041526 0.005607015 0.004224904 0.001939215 0.002184156 0.003699448 0.00483784 0.002787019 0.002021155 0.003987322 0.003328343 0.00265898 0.003860102 0.00121397 0.003441172 0.004371807 0.001196657 0.00350081 0.003171914 0.00488383 0.001327699 0.004010233 0.005964967 0.003330257 0.001311375 0.00117737 0.005107731 0.002738464 0.002768059 0.003983857 0.001322121 0.003536917 0.003147725 0.003699778 0.003411237 0.001153476 0.001157643 0.003755785 0.001993496 9.47746E-4 0.003524722 0.004170685 0.001185713 0.009236932 0.00293179 0.001269653 0.00214975 0.003324196 0.003137119 0.002706879 0.004078108 0.009790889 0.003461871 0.001216836 0.0021083 0.004475078 0.003809729 0.002249276 0.003062826 0.00415937 0.002033628 0.001191864 0.003533301 0.003615497 0.002451495 0.002694738 0.001313757 0.006337106 0.002125963 0.002205865 0.00310221 0.008589929 0.004066849 0.003114669 0.001680266 0.002212938 0.004087141 0.003160267 0.003091923 0.002914815 0.00200745 0.00300165 0.002851657 0.002507256 0.00220829 0.002005332 9.3285E-4 0.0079695 9.53823E-4 9.26328E-4 0.003055106 0.002987085 0.003516009 0.00410008 0.002176528 0.001725965 0.002147098 0.004283469 0.002495334 0.001761785 0.00279932 0.003945673 0.002622012 0.001645602 0.005301942 0.003715544 0.002637242 0.004004338 0.003795129 0.003045763 0.002517997 0.001848684 0.002948091 0.001430852 0.002804545 0.004523512 0.002301465 0.003061613 0.002406064 0.002326416 0.001084408 0.002869873 0.003819652 0.002662004 0.001034048 9.28441E-4 0.003039954 0.004027731 0.002302002 0.003735303 0.00181175 0.003395511 0.002943009 0.003427016 0.003574498 0.001348132 9.43466E-4 0.002711708 0.002120057 0.002831189 0.003239271 0.00298343 0.001177905 0.004102133 0.001569305 0.001949106 0.002364715 0.003218558 0.002259603 0.00157985 0.00221816 0.00393288 0.003374087 0.001061191 0.002050416 0.003846816 0.002637656 0.002451105 0.002705553 0.003226142 0.002432497 0.001092024 0.00453922 0.001088502 0.002436731 0.004108763 9.15684E-4 0.009547948 0.003643605 0.002504879 0.003128162 0.002593546 0.003316071 0.006872735 0.001151498 7.82221E-4 0.003850722 0.004412915 0.002618294 0.003275879 0.001022628 0.010697625 0.004431199 0.003267889 0.001939929 0.001022731 0.001276459 0.004253692 0.001277338 0.001779743 0.003347372 0.003331494 0.001089041 0.005175025 0.002760933 0.002243025 0.003895579 0.004973875 0.003240182 9.9466E-4 0.002532214 0.004001155 0.005390014 0.001792709 0.00262174 0.003234625 0.005561023 0.002325593 0.002245818 0.003387271 0.003037826 0.001174546 0.004990048 0.003090428 0.002571513 0.003131928 0.001291397 0.005864196 0.002708445 0.002365813 0.002450793 0.004524148 0.002561941 0.002877267 0.001292895 0.00162869 0.003683635 0.003690339 0.002347693 0.004842952 0.001231565 0.003025053 0.005338188 0.00382062 0.005251123 0.001852466 0.001038841 0.002594388 0.002089702 0.003416813 0.00346025 0.003514962 0.001190051 0.006011708 0.001961401 0.001357014 0.003519075 0.008624071 0.002031095 9.36223E-4 0.00329609 0.007740519 0.002068095 8.74947E-4 0.002206253 0.003244952 0.002367263 0.002432554 0.002086561 0.002487977 0.002417681 0.001603546 0.003075286 0.001121033 0.002452602 0.002809417 0.001318338 0.00806773 0.002048263 0.002098966 0.001022091 0.002622791 0.002773237 0.003433383 0.001146622 8.1967E-4 0.003019441 0.002673542 0.002217282 0.003414811 0.001002508 0.002556602 0.002557328 0.002890423 0.002172839 0.001022956 8.73192E-4 0.002670391 9.99484E-4 0.001208993 0.003438383 0.003166907 0.006834507 0.004374158 0.001695457 0.001892019 0.003423249 0.003629893 0.002231697 8.84515E-4 0.002477152 0.005098209 0.00247808 0.002204088 0.003433267 0.004593207 0.002910072 0.003039889 0.003183944 0.002534076 0.002000112 0.001391137 0.003495884 0.001250912 0.002317407 0.002490462 8.84281E-4 0.002440231 0.002273809 0.006725716 0.001170265 0.004892246 0.00423565 0.002961936 0.002970242 0.001203354 0.003347833 0.004565244 0.005331891 0.005048184 0.0034815 0.005384971 0.007743811 0.002597147 0.001875611 0.001258206 0.006085804 0.003005676 0.001221673 0.002074208 0.002721875 0.003144686 0.001034106 0.003097771 0.001561236 0.001145051 0.004579512 0.005926528 0.002291327 0.001300419 0.002321873 0.003533299 0.002759054 0.001436138 0.004398705 0.005974933 0.003390614 0.00257348 0.002314188 0.003161536 0.002262223 0.001085757 0.003067923 0.002884214 0.002549409 0.003102676 0.001226068 0.005219327 0.003135015 0.003460136 0.001295781 0.004288473 0.003242561 0.003941229 0.004405497 0.001761975 0.003835451 0.006088352 0.003036392 0.003537668 0.00142577 0.00423914 0.007168652 0.004490997 0.002854394 0.002821645 0.001100413 0.003787086 0.001264409 0.002478134 0.003684887 0.010654997 0.001111437 0.003728145 0.001341425 9.73355E-4 0.003141296 0.00691878 0.002614209 0.001101118 0.002296774 0.004593801 0.00287338 0.00192706 0.004217383 0.003300588 0.004080516 0.003297969 0.003255571 0.00341515 0.002501811 0.001464545 0.00328682 0.00176605 0.007626602 0.005177984 0.001326962 0.004022065 0.003722191 0.003803283 0.001444983 0.003122557 0.003530809 0.004798576 0.001526095 8.10765E-4 0.003545929 0.004314303 0.002608976 0.004153525 0.001740086 0.003287927 0.003862959 0.003667045 0.002425082 0.001118084 0.001013372 0.002884955 0.001129283 0.001088262 0.003227481 0.003094129 0.001891487 0.002800402 0.001569927 0.001403482 0.002421738 0.002549883 0.002138575 0.001010997 0.002208269 0.003752006 0.003215733 0.001847063 0.002454108 0.005232013 0.003193146 0.003422985 0.002389901 0.003083324 0.002635118 0.005283671 0.003474896 0.001453767 0.003951604 0.004366102 0.001275164 0.004580377 0.003644257 0.002483532 0.00157343 0.003373267 0.003993354 0.003848258 0.001232527 0.001023036 0.003933272 0.00271713 0.002801078 0.004022953 0.001417172 0.003522579 0.003847081 0.003040483 0.003240709 0.002207359 0.001425301 0.004787676 0.003750343 0.002238849 0.003904386 0.00492267 0.001505631 0.004610402 0.001393344 0.001177908 0.0039513 0.003189561 0.003370155 0.001036305 0.002202965 0.004532328 0.003140744 0.001305691 0.002441329 0.003783106 0.00534147 0.00168072 0.001796286 0.00194943 0.002041271 0.002184425 0.002662221 0.004041313 0.001834537 0.003540522 9.27733E-4 0.002448389 0.001875677 0.002021828 0.001396661 0.002224356 0.00204203 0.002122339 0.001457649 0.005398595 0.002179562 0.001875278 0.002223157 0.002900994 7.17678E-4 0.003772879 0.004971326 0.003304964 0.002233651 0.001103442 9.62996E-4 0.004154479 0.001298631 9.72292E-4 0.00314177 0.002696993 0.001966274 0.002995999 0.001571718 0.001466509 0.004590629 0.002343353 0.002425761 0.001668982 0.001610356 0.002485426 0.002194171 0.001010723 0.004514904 0.003230636 0.004061589 0.002028305 0.003320304 0.002823505 0.003692331 0.001906681 0.002455996 0.00153256 0.002850717 0.001844944 8.89574E-4 0.007218744 0.002445785 0.003100589 9.78682E-4 0.001865811 0.002805863 0.001996314 0.003061752 0.002426762 0.003547132 0.002902707 0.0019391 0.001989578 8.80018E-4 0.002226007 0.003512586 0.002966526 0.001663853 9.47659E-4 8.70479E-4 0.007894036 0.001346888 0.002181414 0.002485301 0.003723042 0.002054619 0.002724995 0.004927141 7.97395E-4 0.001450072 0.001965177 0.001771081 0.002150439 0.001762835 0.004558566 0.00494217 0.001013825 0.002371422 0.003831755 0.002743723 0.004781887 0.002455085 0.003682724 0.003012531 0.004993061 0.002301089 0.001127291 0.004516186 0.004032205 0.002304543 0.004354901 0.004472756 0.003151483 0.001200173 0.004484844 0.002779753 0.003040339 0.002270114 8.45207E-4 0.002803256 0.00412339 0.007684701 0.004385382 0.001109944 0.003255284 0.003787595 0.003056028 0.002630692 0.001266867 0.001368071 0.008997879 0.001154341 0.001244893 0.00403481 0.003781961 0.001021098 0.002876098 0.001570853 0.00131105 0.004272508 0.002861037 0.00210943 0.001388642 0.002467818 0.003533566 0.00222351 0.001739163 0.003361168 0.00337279 0.002340548 0.006352429 0.002685585 0.00335848 0.003454738 0.005326785 0.002765655 0.001310153 0.002893417 0.003907218 0.001108377 0.00351284 0.002869043 0.003139462 0.001470761 0.004412225 0.003499756 0.002126686 7.68031E-4 5.45181E-4 0.002291244 0.002337135 0.001832998 0.002092568 8.75501E-4 0.002124096 0.007418884 0.002401128 0.002580475 9.63208E-4 8.76737E-4 0.002258949 0.001506409 0.001796897 0.004789209 0.002668502 7.14574E-4 0.002240518 0.003670722 0.001032514 0.001756123 0.003199486 0.002366232 7.74752E-4 0.001825436 0.002772546 0.001621057 0.001056038 0.002294371 0.002140563 0.002310923 0.004294624 0.001804392 0.00269931 0.004440815 0.00216954 0.001680238 0.00100312 0.00225918 0.007287473 0.003516059 0.004786803 0.00170562 0.001586927 9.80412E-4 0.002426122 0.004737332 0.003478171 8.79527E-4 6.61301E-4 0.002532547 0.00192293 0.001993508 0.003112495 0.001108178 0.003699966 0.008098263 0.001843751 0.001633546 8.62324E-4 7.49184E-4 0.002549893 0.001519087 0.007545331 0.002294454 0.004303057 7.69751E-4 0.001987786 7.98184E-4 8.089E-4 0.001856793 0.004561879 0.002246841 0.002136997 0.002062431 0.002519328 0.001576126 0.001334308 0.001993633 0.00793059 0.001834787 0.001766741 0.001518807 0.003497011 0.001574653 0.001380539 0.003582289 0.001336632 0.002138845 0.002375077 0.001525056 0.004505075 0.002132081 0.002104265 0.001059447 0.002174372 0.003042845 0.002864733 0.001472271 7.09942E-4 0.002098208 0.001788513 0.001912814 0.002516409 0.001743606 0.003358832 0.002673568 0.00320678 0.001703841 8.55231E-4 0.00220259 0.002564268 0.001139562 0.001055355 0.002785922 0.005851763 0.00102178 0.002150717 0.001067526 7.59998E-4 0.002208371 0.008706327 0.001863719 9.54175E-4 0.001846554 0.003385722 0.001694565 9.97266E-4 0.001909987 0.00411697 0.002454529 0.002800425 0.00370989 0.002470168 0.002330242 0.001108702 0.00264312 0.004140004 0.001957006 0.00196931 7.40828E-4 0.002084581 0.002894954 0.002119633 8.15071E-4 0.005159078 0.004782628 0.002080398 7.501E-4 5.52152E-4 0.002646912 0.007375448 0.001871831 0.002086751 9.19697E-4 0.003352647 0.003963082 0.003072861 0.003543008 8.30006E-4 7.07952E-4 0.00203478 7.40115E-4 7.34002E-4 0.001986841 0.003249157 0.001494834 0.004382945 0.001130228 6.82236E-4 0.001537549 0.002128135 0.00652425 0.001040483 0.001831922 0.002599463 0.001659607 7.24173E-4 0.001831061 0.002077918 0.002120699 0.002314021 0.002045025 0.004632307 0.003127073 0.0025897 0.003248654 0.001821778 0.002626886 0.003134046 0.001387257 0.00348864 0.002311843 0.002212632 0.005834332 0.003957628 0.003530558 0.003259514 0.001530087 0.001290071 0.004111093 0.002644242 0.00332918 0.003218084 0.001266796 0.002194598 0.002553674 0.003770347 0.004338983 8.26992E-4 7.36013E-4 0.002082246 7.30406E-4 9.45662E-4 0.00280313 0.00369616 9.83439E-4 0.00760429 0.001190962 7.41002E-4 0.00169196 0.003438576 0.003135511 0.001644094 0.002017202 0.003361811 0.001703567 8.55535E-4 0.001811597 0.002589702 0.001715014 0.002836099 0.004595324 0.006129109 0.003602544 0.001452409 0.003311514 0.001705456 0.003078695 0.003481234 0.002780128 0.002586203 0.002200306 0.001673312 0.005876992 0.00215454 0.002265593 0.004821863 0.001098638 7.92614E-4 0.002993432 0.002982095 0.003180459 0.002537955 0.002117607 0.002092765 0.003963929 0.002798878 0.001564632 0.002149161 0.001687747 0.003471867 0.001429364 0.001456135 0.007126818 0.004009764 8.11528E-4 0.002405517 0.001076259 0.001002646 0.002164952 0.002071734 0.003029195 7.8704E-4 0.001764639 0.004463335 0.002134399 0.001061093 0.004541091 0.002222145 0.001617703 0.001543434 0.002591205 0.002437974 0.003919315 0.003889497 0.001691887 7.31722E-4 0.001868151 0.003148052 0.002718156 0.00337312 0.003535288 0.001761035 0.001045005 0.002105609 0.002121806 0.003622547 0.001098977 7.74003E-4 0.004360815 0.002459539 0.0022113 0.003975033 0.003267689 0.003759234 0.004487005 0.003791175 0.006190285 0.002458235 0.001632091 0.003253823 0.001196361 0.001099614 0.004927628 0.00397627 0.001139396 0.003422855 0.001570279 0.00125746 0.00308653 0.00538274 0.002660257 0.001305476 0.002876928 0.005314942 0.002580448 0.003193734 0.002659617 0.004485747 0.005163857 0.003074321 0.003445402 0.004319238 0.005242605 0.002288624 0.003004148 0.001988958 0.004026793 0.004327235 0.002152503 0.003846491 0.003865071 0.002823992 0.00226624 0.004727416 0.004312072 0.002776807 0.001148755 0.001387618 0.004840862 0.003238906 0.003111735 0.00395777 0.002475783 0.003023915 0.004524247 0.003238584 0.002758732 0.00634429 0.001827367 0.004057747 0.002201524 0.001563598 0.004829742 0.005145749 0.002149616 0.007521415 0.003951456 0.00222682 0.002494751 0.003544248 0.003892599 0.002964051 0.002815592 0.004768157 0.002661884 0.001959168 0.003062784 0.004704003 0.002893646 0.003981608 0.002586871 0.004200521 0.002913162 0.001343504 0.002884987 0.001298286 0.005176018 0.004338898 0.001712616 0.00262798 0.002725411 0.002491193 0.00141223 0.004761636 0.003072209 0.004651041 0.001555991 0.003454678 0.006604074 0.002861989 0.003011297 0.003430254 0.003863374 0.002789737 0.003748566 0.004222727 0.002762927 0.00142074 0.001266785 0.004873095 0.002752159 0.002934279 0.004589862 0.006037727 0.001161203 0.003566888 0.002233047 0.001332573 0.004808307 0.003188493 0.003025661 0.00148058 0.004131384 0.003676757 0.002962396 0.001925765 0.009117581 0.003960175 0.003120484 0.005603448 0.003702905 0.004114116 0.004920493 0.001972483 0.003981089 0.001349268 0.002977205 0.008831546 0.001283336 0.003453552 0.004361993 0.002534194 0.001230104 0.003736267 0.003885762 0.004338465 0.001495853 9.45949E-4 0.003232538 0.003568855 0.005595625 0.004810672 0.001189687 0.004770889 0.00312318 0.003448893 0.005447899 0.001286418 0.001240514 0.004016014 0.002379523 0.001295539 0.003022888 0.00524939 0.002232191 0.004518243 0.001638624 0.002224482 0.002715387 0.003700007 0.002376731 0.001011942 0.005115504 0.004145078 0.002728865 0.001601843 0.003071456 0.003068126 0.002356497 0.002715737 0.003391768 0.002866036 0.002058488 0.001079619 0.003632215 0.00532254 0.002941767 0.002882989 0.002954912 0.00291103 0.002477541 0.004656104 0.002138928 0.004134279 0.00330921 0.00430296 0.001339592 8.89308E-4 0.004437993 0.003201919 0.004287231 0.003430118 0.001441158 0.006080935 0.011044938 0.004790337 0.003072997 0.001913584 0.00556144 0.002923439 0.001553586 0.001381846 0.004953019 0.004218052 0.002950026 0.004847786 0.001869416 0.001530133 0.007185366 0.003285673 0.002800812 0.001475212 0.00269873 0.008659678 0.002733481 0.001070831 0.002695981 0.005413074 0.002680326 0.00258638 0.002775812 0.010887466 0.002410972 0.001234262 0.00465146 0.00157033 0.004059684 0.005967533 0.002458061 0.003716934 0.003274397 0.002964903 0.002105623 0.003908947 0.004154738 0.003907656 0.002279657 0.001366017 0.003977784 0.003530837 0.004219019 0.004499498 0.001492417 0.004431872 0.005901136 0.003163891 0.003352173 0.002339515 0.003803031 0.002959553 0.001760945 0.001724615 0.006651128 0.003942208 0.001400122 0.003741993 0.002228896 0.001840469 0.003367341 0.004097001 0.003112026 0.001007882 0.00462294 0.006070903 0.002610584 0.002925083 0.003216036 0.003038025 0.002939864 0.00236569 0.00382344 0.004788026 0.005661786 0.001093241 0.002721007 0.001345769 0.006593321 0.004606881 0.00195448 0.00456078 0.002902047 0.002214251 0.001190941 0.005378557 0.004855367 0.003806855 0.00129132 0.001704484 0.004857184 0.002564473 0.002453261 0.004895784 0.00230709 0.004377151 0.005684881 0.004299828 0.006787172 0.001438472 0.001264727 0.003803043 0.0037661 0.002310537 0.006063106 0.003910236 0.001411113 0.005621086 0.003505197 0.002293303 0.002412588 0.004874746 0.002568841 9.71959E-4 0.003178403 0.004741753 0.002871981 0.002556948 0.005004871 0.00307952 0.00363994 0.002267046 0.002125858 0.003662132 0.004312595 0.003237029 0.00378802 0.002092075 0.002933747 0.004085628 0.001281905 0.004726473 0.003931929 0.003377953 0.003287355 0.004828685 0.002622185 0.003202602 0.00149756 0.001386811 0.010801625 0.004835593 0.006064613 0.004284029 0.002008067 0.004178138 0.003560864 0.003881196 0.002823757 0.001458486 0.001256059 0.00279953 0.002593156 0.001409273 0.005658822 0.003479841 0.001099627 0.003052915 0.003401425 0.001241719 0.002627069 0.003462492 0.004672252 0.001030564 0.002824882 0.003749381 0.003200435 0.001416876 0.002738771 0.003382403 0.0030021 0.006865612 0.002063023 0.002906272 0.002619998 0.001316496 0.003603523 0.002091926 0.002708939 0.002898175 9.58708E-4 0.003137939 0.002496785 0.0058257 0.001432698 0.004373273 0.002645543 0.003771789 0.001728515 0.007646181 0.002861006 0.002799407 0.004591424 0.005626891 0.001602117 0.003520453 0.006453709 0.002841298 0.002830791 0.002418155 0.001161866 0.003226396 0.00156142 0.002202472 0.004775215 0.003025457 0.001381234 0.004618976 0.001064204 0.002410928 0.003102085 0.003158915 0.003061933 0.006109453 0.00393574 0.005174485 0.003956033 0.001549195 0.003955433 0.005582827 0.006429786 0.004142505 0.003441175 0.004497183 0.002618512 0.00116247 0.00289427 0.002904382 0.003488958 0.004478214 0.001541198 0.004826842 0.003372326 0.002881175 0.001238812 0.003713929 0.005910539 0.00311723 0.001115088 8.09765E-4 0.00384996 0.005886263 0.002550826 0.003721129 0.001426472 0.00315352 0.003198254 0.003984216 0.00274835 0.00161919 0.001446405 0.003267251 0.004913811 0.001468155 0.004858669 0.004769574 0.001414315 0.004980166 0.001730641 0.001331612 0.002459227 0.003078481 0.003063274 0.001190602 0.002873814 0.003961309 0.002757421 0.001050223 0.002751564 0.004081195 0.004277361 0.003624535 0.003062745 0.00291714 0.002692795 0.001673447 0.002694934 0.001126348 0.002396021 0.003859678 0.003102089 0.003702961 0.002261527 0.002506551 0.002250916 0.003867822 0.005700129 0.004407133 0.001227998 0.001095393 0.004452649 0.003160778 0.002413251 0.002573437 0.002153539 0.003775853 0.002963528 0.003301532 0.003040104 0.001191442 0.001860843 0.005729201 0.002098242 0.001194083 0.003098152 0.005012673 0.002195708 0.002917003 0.001328902 9.89385E-4 0.002874243 0.003432321 0.002740621 0.001127517 0.002627999 0.00596923 0.006945165 0.001254917 0.002879673 0.003729644 0.006781978 0.002654358 0.002527816 0.003991402 0.003365782 0.001736405 0.002973175 0.002416537 0.002849706 0.00345803 0.00135307 0.003893185 0.002754096 0.002904017 0.002890373 0.003389477 0.003648671 0.003834605 0.001503343 0.001214589 0.003629577 0.00112674 0.002833591 0.005720739 0.001577291 0.003838698 0.005803212 0.003195287 0.002784135 0.00139502 0.001381347 0.003561608 0.001661634 0.001569612 0.005425355 0.005083975 0.001242683 0.003667191 0.002096648 0.002323152 0.002799507 0.004193207 0.004867618 0.001495216 0.003154973 0.004029591 0.002809767 0.002984664 0.003205098 0.003472892 0.003043156 0.00255948 0.002418857 0.003488975 0.00261425 0.001125831 0.002417174 0.001642988 0.004137137 0.003700781 0.001949472 0.003721422 0.003019218 0.002633235 0.002011566 0.00526161 0.006648456 0.004717349 0.001530366 0.00233337 0.004294477 0.002770816 0.004069762 0.002891666 0.001539883 0.00503999 0.003879649 0.003064213 0.002319746 0.002139937 0.001364556 0.004466354 0.001280535 0.001342047 0.004144105 0.00653266 0.001166176 0.002971535 0.002851618 0.001809247 0.00232487 0.00479025 0.003028461 0.00111144 0.003649259 0.005996516 0.004006184 0.002021779 0.002617602 0.002858782 0.002110334 0.002659703 0.011206705 0.002822929 0.002533528 0.001114446 0.002588161 0.001298811 0.002668192 0.002950286 0.001242451 0.003934614 0.002885483 0.002281909 0.001170789 0.008741623 0.004384376 0.003406311 0.001037672 7.68066E-4 0.00925805 0.002400361 0.003130276 0.005250848 0.001315302 0.00277819 0.003251245 0.002761525 0.007787518 0.002548307 0.001161694 0.003313726 0.00226067 0.002812498 0.004498756 0.005047643 0.001276894 0.003040751 0.002983433 9.97104E-4 0.006774338 0.003172509 0.002221658 0.001681102 0.002804926 0.004337305 0.002435304 0.001182061 0.002698269 0.002777147 0.002127109 0.002192544 0.005953621 0.004173214 0.003063192 0.003133937 0.002704303 0.003608162 0.006797936 0.003000916 0.001018006 0.002995362 0.002703042 0.002503745 0.00192167 0.004369468 0.005046711 0.002803274 0.001351213 9.76461E-4 0.002879643 0.002323215 0.002637346 0.005500939 0.001173311 0.002801121 0.005040757 0.00477478 0.00427352 0.001188595 0.001158354 0.003362589 0.002235777 0.001010015 0.00339932 0.002587397 0.001722871 0.004062855 0.003136851 0.003609018 0.002228866 0.002747764 0.002153297 0.001563678 0.005194664 0.004379019 0.002241766 0.001281828 0.002409399 0.003789962 0.003453975 0.002224535 0.002055244 0.0033036 0.007015603 0.001014932 0.002520996 0.001527814 0.00274443 0.003525706 0.002083689 0.005874126 0.003327121 0.002528339 0.00111869 0.002693586 0.002764732 0.002710364 9.61964E-4 7.73745E-4 0.002656236 0.003098411 0.00724862 0.004469143 0.001354165 0.004400998 0.004946699 0.002848648 0.002315785 0.001178437 0.001420151 0.003212292 0.001770378 0.001988305 0.006248682 0.004044059 0.001756118 0.00380136 0.001645497 0.001385789 0.002394058 0.008955572 0.002670969 0.001111889 0.002301087 0.004288777 0.002520003 0.001211732 0.003017295 0.004002754 0.003942342 0.003930958 0.003603801 0.005094564 0.002440898 0.001779856 0.007363955 0.001944037 0.004484211 0.002900298 0.00115931 0.003628162 0.002579979 0.003975259 0.001973342 0.004192943 0.005740577 0.004162377 0.001226622 0.00156398 0.002950256 0.002604167 0.002375174 0.003156544 0.002669346 0.004467608 0.004698199 0.004967254 0.002316415 0.001037398 0.001224924 0.004931635 0.001530983 0.001776457 0.002854614 0.003319073 0.001049612 0.003308331 0.002356969 0.002042205 0.002908578 0.00295078 0.002400446 0.001228313 0.00335426 0.003468497 0.002423563 0.001206508 0.002864842 0.003062266 0.002312022 0.006206177 0.002858224 0.003443087 0.006915356 0.001056833 0.002456316 0.001644127 0.002897975 0.003391893 0.001354892 0.003069659 0.004194092 0.005433629 0.002708155 0.005302107 0.002699031 0.002761726 9.9624E-4 0.001116015 0.004434142 0.002400125 0.002058245 0.002661146 0.001865736 0.003152748 0.003509878 0.00415945 0.002399059 0.001790922 0.002415217 0.003128644 0.001162437 9.63956E-4 0.002647681 0.002900566 0.002045843 0.003669016 0.0023853 7.74426E-4 0.001460238 0.002247506 0.002430604 9.11246E-4 0.002200523 0.005344845 0.003179886 7.52E-4 0.001705879 0.002049512 0.001604085 0.003133019 0.003578426 0.002747845 0.002866967 0.002568584 0.001650721 8.34835E-4 0.002079362 0.00301951 8.58154E-4 0.002270716 0.001669843 0.002099522 0.001087069 0.002042029 0.002327708 0.00693999 0.001212253 0.00238969 0.002869011 0.002300072 0.002380146 0.002550748 8.32787E-4 0.007068874 0.002214104 0.001832262 0.001910581 0.005909271 0.001782064 0.003956616 7.86364E-4 6.91993E-4 0.001927702 0.002366246 7.31855E-4 0.004196722 0.002019539 0.001293026 0.001918659 0.001988823 0.001958751 0.001147783 0.004134642 0.002507825 0.001537136 6.87456E-4 0.001683443 0.003523317 0.002115294 0.002302567 0.002330379 0.00234702 0.001585125 8.21955E-4 0.001517724 0.001047169 0.003163953 0.003144295 8.26639E-4 0.002393193 0.003263156 0.00411237 0.002230824 0.002426658 0.001915264 0.002067077 7.01737E-4 5.31488E-4 0.002040488 0.001823301 0.002598766 0.002290688 0.002095517 0.005905012 0.00223038 0.00234867 0.005084941 0.00212331 0.002989104 0.002139996 7.13572E-4 6.91165E-4 0.002061912 0.003146852 8.62382E-4 0.002385104 9.01492E-4 0.006732513 0.00199517 0.003854282 0.001976909 0.001532591 0.003359214 0.00393105 0.007707713 7.50526E-4 0.001619372 0.002085371 0.002328098 0.002324206 0.002284776 0.009877263 0.002688725 7.52552E-4 0.006303534 0.001165325 0.001994164 0.001954731 0.002172258 0.002686351 0.002616626 0.002335527 0.001690463 0.00306154 0.003495383 0.003331311 8.55378E-4 0.002596819 0.003121277 0.002544782 0.005150256 0.003552051 0.001323823 0.002015661 0.001926124 0.001869227 0.001426042 0.001138688 9.942E-4 0.002615527 0.003264136 0.003658112 0.002031408 0.002165191 9.59599E-4 0.002844701 0.001145629 0.001545621 0.003297959 0.003244452 0.002984392 0.001023281 0.004098903 0.002531642 0.00158074 0.001077761 0.00337459 0.003058334 0.00262381 0.00227789 0.003477134 0.00403018 0.002690748 0.001096128 0.002428009 0.00190077 0.00556906 0.002189743 0.001433819 0.002325213 0.00371 0.001998584 0.001521613 0.004657117 0.001990815 0.002118924 9.19083E-4 8.13566E-4 0.006171611 0.002506484 0.002307442 0.003939093 0.001371433 0.002322637 0.00261231 0.001888078 0.00164153 9.48034E-4 0.00196035 0.003223314 0.001704333 0.001156165 0.002725049 0.00348202 0.001087158 0.003028401 0.00546481 0.00150667 0.00395581 0.004200468 0.003599601 0.001859348 0.002616323 0.003734267 0.002212223 9.48357E-4 0.003113845 0.004009513 0.002218031 0.00216643 0.002015323 0.002735065 0.007123152 0.001138029 0.002518082 0.002264613 0.002904803 0.003418887 0.002815798 0.005762681 0.00342595 0.003446608 0.001260944 0.003921807 0.002863217 0.002479009 0.001874504 0.001938705 0.002154969 0.001768264 0.001718622 0.002638199 0.002021646 0.003122184 0.002827419 0.004646734 0.00189608 8.32247E-4 9.88079E-4 0.00259807 0.001060036 7.98964E-4 0.001997527 0.00184615 7.13759E-4 0.002025227 0.001464492 9.91459E-4 0.002906528 0.005344662 0.002838583 7.8463E-4 0.002649209 0.004180483 0.003081017 0.002411156 0.003834947 0.003990141 0.006393041 0.001736779 0.001560784 0.002270065 0.00264372 0.002978679 0.00500059 0.002518258 0.005172136 0.003386468 0.001511462 0.002772976 0.002144993 0.002929559 0.002863502 0.003017875 0.00393979 0.003937111 0.001234298 0.001172449 0.004934929 0.00253864 0.002254701 0.003342002 0.002598718 0.003986854 0.002762876 0.002906553 0.001979244 0.001493909 0.001312213 0.003564202 0.0014411 0.001840913 0.002930639 0.003392348 0.001134802 0.00474693 0.001578399 0.001079648 0.002107952 0.006161735 0.002775578 0.001037925 0.002277692 0.003667877 0.002188666 0.00116135 0.002365274 0.002980109 0.00358642 0.002813183 0.004607647 0.004583584 0.002774793 0.001350158 0.003150212 0.001227737 0.002708126 0.00510494 0.001245904 0.00364627 0.003825013 0.003399999 0.001389342 0.003463852 0.003247128 0.005034543 0.002356688 0.001087348 0.003471131 0.003136923 0.004478272 0.003558488 0.00119346 0.003085508 0.003881555 0.00538408 0.003169831 0.001689115 0.001207599 0.004252884 0.001134386 0.001099028 0.004551327 0.004236293 9.8628E-4 0.003677832 0.002491108 0.001864205 0.004729444 0.003745964 0.004747559 0.001977273 0.003395112 0.00374852 0.003843585 0.001008356 0.002333966 0.004075931 0.003325793 0.00404727 0.002696804 0.003765331 0.002297018 0.0012338 0.003643799 0.001907927 0.004768695 0.004612002 0.001344296 0.005798496 0.003219834 0.00333455 0.001142815 0.002655595 0.003793062 0.0036635 0.001617588 0.00181692 0.004918981 0.003392013 0.002628966 0.00446018 0.003223633 0.002905651 0.003143615 0.007736242 0.001938464 0.001020931 9.98912E-4 0.003161766 0.002244473 0.001073405 0.00460975 0.002560265 0.001085202 0.005244871 0.002922892 0.001168976 0.002687562 0.003631515 0.003230135 9.0975E-4 0.003138502 0.005175599 0.002319214 0.002028411 0.0024255 0.003687372 0.003473169 0.003107901 0.002931925 0.002656438 0.003552393 0.00198573 0.003872191 0.001244757 0.002829629 0.00272611 0.001028541 0.003327679 0.00415559 0.002472786 0.00120439 0.003024988 0.002805595 0.008764309 0.001532749 0.001804907 0.002934337 0.002703839 0.002456599 0.010371505 0.001041131 0.004759057 0.003248639 0.003980236 0.002653929 0.001362222 0.001074547 0.00506278 0.00106452 9.64749E-4 0.002701927 0.002775442 0.002055243 0.002810397 0.00257932 0.001658043 2.63123E-4 0.004256372 0.002648831 0.001027025 2.47395E-4 0.003582308 0.001992508 8.06761E-4 0.004416842 0.006245987 0.001127226 2.2073E-4 0.001607405 0.002750755 9.54801E-4 7.72092E-4 0.00279529 0.001125186 0.002306709 0.002296738 0.00351107 0.004153221 0.008888464 2.10197E-4 8.63169E-4 0.00375199 0.002310035 0.003957554 0.001739126 0.003694389 3.11221E-4 0.001751812 0.001866819 0.003850251 0.00157642 0.004014777 0.00235035 0.00209721 0.004207882 0.00140691 0.001916443 0.002832661 9.68436E-4 7.28767E-4 0.003156271 0.0044031 9.98496E-4 2.39236E-4 0.002824668 0.001486375 0.004291067 0.003332732 0.003302765 0.001412008 0.004611685 0.003958287 0.003864686 0.001569616 0.003720767 0.003059982 0.002690292 0.004672993 0.003990516 0.003621681 0.002375647 0.002089022 0.004111086 0.001222281 0.003700056 0.00353597 0.001709078 0.002949727 0.003267934 0.005624023 0.001297717 0.002946272 0.004946258 0.008821656 0.001394388 0.001032026 0.00399517 0.010297366 0.00486234 0.003647044 0.002746982 0.004296569 0.004022405 0.006029376 0.002981341 0.001656172 0.001010343 0.00586883 0.002200474 0.001540292 0.003666408 0.003391371 0.001456191 0.009642414 0.001851193 0.001310873 0.00479289 0.003739206 0.003538017 0.001679991 0.003028765 0.004049381 0.002619507 0.001838704 0.002768053 0.003426599 0.002619168 0.003127656 0.002493802 0.003733904 0.002671033 0.00171594 0.002699621 0.00159924 0.004030779 0.003679092 0.002023532 0.003565406 0.003035702 0.004162505 0.001114134 0.003797181 0.004566765 0.003943246 0.002193617 0.001859418 0.005290619 0.003074787 0.004010481 0.003101496 0.001896379 0.003303044 0.003811744 0.004344724 0.002759442 0.001430372 0.001550817 0.003230797 0.001099485 0.001262405 0.003029743 0.003210918 0.001005652 0.00301791 0.001910509 0.005692791 0.003329229 0.003837809 0.003346288 0.002064042 0.003891043 0.004635234 0.002946462 0.001978929 0.003140729 0.002892858 0.007673451 0.003944018 0.002164751 0.00492443 0.002640809 0.001053205 0.002805447 0.002218598 0.003864608 0.004734757 0.001424995 0.004102575 0.003087094 0.003969405 0.002929662 0.00328309 0.00374583 0.004665164 0.001860946 0.001405538 0.003172579 0.00259804 0.003223085 0.004092904 0.001954435 0.004239507 0.004324874 0.003871656 0.002731147 0.002441071 0.001083714 0.003394044 0.002056366 0.001824843 0.002894475 0.004947381 0.001075471 0.003213335 0.003538646 0.001097761 0.002076352 0.003382289 0.002094399 0.002213873 0.002527123 0.003834534 0.003688114 9.94532E-4 0.002582215 0.003479514 0.002350825 0.002177963 0.002010856 0.002520459 0.002571723 0.002954921 0.002801765 0.001329934 0.004660593 0.004085064 0.001273358 0.00412499 0.003295462 0.002995947 0.001718367 0.003318844 0.004416728 0.005019197 0.001206807 0.001088751 0.003607695 0.005749437 0.003304656 0.003229584 0.0024122 0.003195974 0.004362555 0.00483207 0.003881991 0.001898345 0.001763097 0.003729706 0.00126933 0.001358435 0.003443779 0.00371532 0.001843045 0.004729176 0.002943924 0.001772355 0.003814879 0.003644702 0.004257891 0.001142057 0.003820344 0.007316698 0.00331288 0.001741343 0.003094482 0.003604419 0.003046768 0.002971114 0.008416643 0.004381221 0.003928251 0.001618743 0.002823945 0.003065038 0.002338117 0.003116592 0.001132832 0.002959901 0.003526036 0.002499395 0.001286887 0.004497193 0.003332257 0.004413489 0.001181179 0.001476812 0.004638878 0.004098452 0.003063304 0.005180805 0.001409103 0.0033565 0.004874861 0.004992688 0.003607864 0.001167164 0.00102117 0.002867435 0.002425393 0.001824087 0.00367578 0.003636759 0.002828802 0.004342825 0.001842861 0.002159274 0.003488499 0.003141096 0.002435647 0.004096107 0.002606877 0.004809394 0.003728557 0.002220351 0.002825405 0.003138399 0.010030578 0.003957592 0.003306933 0.001225666 0.003212544 0.003752771 0.004502832 0.001263173 2.04323E-4 2.21113E-4 0.001183398 2.84597E-4 0.003336124 0.002428567 0.001717202 0.001022498 3.531E-4 0.003138482 0.002390839 0.001726574 0.003492232 0.002281393 0.002673604 4.24226E-4 0.002524785 4.89602E-4 2.9305E-4 2.70478E-4 0.003619381 0.001281326 0.001017874 0.002877366 0.002137952 0.001044476 2.4939E-4 0.004803041 0.003605743 0.002625786 0.001642509 0.00105329 0.0023806 5.06997E-4 2.85461E-4 9.05885E-4 0.002100554 0.003066446 7.00847E-4 0.001276957 5.61743E-4 0.003499314 0.003221109 0.00465325 0.00259069 0.004776243 0.003117464 0.001883198 0.001851243 0.001058925 0.002818855 0.005214513 0.001287852 0.005935951 9.54517E-4 0.004896872 0.001377528 0.003837622 0.006316858 3.81077E-4 0.00103802 2.69767E-4 0.00463806 0.005258313 3.32449E-4 0.003403453 0.001357105 0.004052772 0.003249551 0.002652127 2.85636E-4 0.001355256 0.001039435 0.005979418 0.001211358 0.001202206 0.003774902 0.00628654 0.001617627 0.003420753 0.001785731 0.001278198 0.004058831 0.003408671 0.003088515 0.001665425 0.003853879 0.00371571 0.002682232 0.001728439 0.00507565 0.003528248 0.002982817 0.003276981 0.002861789 0.003904445 0.005325996 0.00123365 0.002705535 0.002402113 0.004032666 0.003565012 0.001250482 0.003810684 0.00508767 0.008850719 0.001378067 0.004051493 0.002960391 0.003103751 0.002427867 0.001357715 0.005961499 0.006759592 0.004100635 0.003658523 0.001070905 0.007771722 0.003018896 0.003937242 0.004630375 0.001799789 0.001159299 0.003145185 0.002707259 0.001896612 0.004501819 0.004691394 0.001996737 0.003556488 0.001975087 0.0015438 0.002378494 0.005518323 0.003379142 0.001198992 0.004149356 0.006989791 0.003374707 0.001062326 0.002537095 0.002945939 0.002306292 0.002235237 0.003279472 0.00691971 0.002254678 9.41926E-4 0.003059422 0.002710814 0.002622922 0.003400692 0.001679405 0.002972634 0.002304828 0.00364955 0.001790655 0.005494539 0.004147931 0.004771699 0.001714008 0.001188328 0.003355954 0.002894974 0.00500512 0.00325105 0.00162351 0.005154007 0.003765729 0.00302244 0.008353085 0.001223269 0.001586869 0.004740423 0.001883616 0.00142484 0.003637243 0.011562423 0.001143702 0.004517421 0.001770034 0.001806334 0.002985299 0.00411063 0.007084436 0.001171195 0.00313713 0.010631663 0.00255763 0.001705269 0.004527975 0.004203487 0.00242877 0.00352202 0.002464014 0.003240094 0.002919977 0.002585503 0.004831787 0.001320358 0.003768935 0.003487067 0.002092384 0.003603777 0.008317428 0.003281256 0.00151557 0.004625819 0.003655476 0.004112714 0.001413361 9.25929E-4 0.003714464 0.003551859 0.008196816 0.002826333 0.001090215 0.003330398 0.009971914 0.003077474 0.002487763 0.001148931 0.001301558 0.003375388 0.001036781 0.001010437 0.004652389 0.003899489 0.001284074 0.005522496 0.0014805 9.45983E-4 0.002105993 0.003293492 0.007921789 9.99134E-4 0.002567235 0.003929038 0.002847358 0.00123398 0.002589567 0.003017433 0.003870135 0.002923176 0.003699027 0.003109576 0.00320004 0.002203864 0.003432115 0.001041518 0.002984274 0.003054295 0.001610497 0.00347386 0.002439157 0.003156912 0.002009758 0.003833563 0.004345515 0.004976562 0.001034257 7.86045E-4 0.003059711 0.003952312 0.002440934 0.002953902 0.001171367 0.002927372 0.003977205 0.002927029 0.002360381 0.002430817 0.001211495 0.004027467 0.001280442 0.002196583 0.004090921 0.004021295 0.001682505 0.008154908 

Timer for Syntactic Relevance:: 155.912373555
Timer for solver: 23.382116477
		WINDOWS8.SPLX	WINDOWS8_C250_0.TESTCASES
			Diag: [mandatory(MakeTheKeyboardEasierToUse, MakeItEasierToType1), requires(TurnOnNarrator3, TurnOnNarrator), (((~Bold \/ Bold1) \/ Bold2) \/ Bold3), ((~TurnOnMouseKeys \/ TurnOnMouseKeys1) \/ TurnOnMouseKeys2), ((~Microphone \/ Microphone1) \/ Microphone2), requires(SetupMouseKeys1, SetupMouseKeys), ((~Advanced \/ Advanced1) \/ Advanced2)]
			Diag size: 7
The size of Consistency checks: 6018789
The number of Choco Solver calls: 7050
The number of different: 3
The number of INconsistent: 98
The number of union: 271
The number of post constraints: 6018789
The number of consistent: 6952
The number of unpost constraints: 6018789
The number of Consistency checks: 136

Timer for Syntactic Relevance:[thread=1]: 143.405720919
143.405720919 
Timer for solver[thread=1]: 20.415932726
0.001776909 0.002321242 0.001872097 9.89913E-4 0.001937457 0.002066969 0.001459655 0.002972047 8.67795E-4 0.003749028 3.56961E-4 0.003297664 0.004736344 0.002551695 0.003524882 0.001916293 0.004415079 0.00243314 7.26317E-4 0.00220482 0.003893855 0.001158899 4.55194E-4 0.00249536 0.001794615 3.16673E-4 2.43381E-4 3.06061E-4 2.60957E-4 2.42873E-4 0.00299167 0.001998327 0.006523209 0.002130817 0.001037366 0.00370572 0.003200973 0.004029628 0.004395598 0.002884308 0.002293349 0.00270377 0.001618537 0.002198707 0.004663127 0.007010253 0.002480066 8.5391E-4 0.005279169 0.002045093 0.001371294 2.95826E-4 2.74595E-4 3.15022E-4 2.3492E-4 8.85562E-4 7.18878E-4 3.80451E-4 6.10559E-4 3.58747E-4 0.002300411 0.003599234 0.004004763 0.004124708 0.002193265 0.001584693 0.003247404 0.010124497 0.002110455 0.006263692 0.002188531 0.002990934 0.003775981 0.0045965 0.003807181 0.002328371 0.003388248 0.005360939 0.003341946 0.003253007 0.00287603 0.004334273 0.002495536 0.002952787 0.011735647 0.005300965 0.001762076 0.003143774 0.002941513 0.003838736 0.006561964 0.002172376 0.002698092 0.002276846 0.002206916 0.001015696 0.003301684 0.005416826 0.004646205 0.002969285 6.10427E-4 3.46423E-4 2.94714E-4 2.66612E-4 3.92537E-4 3.04534E-4 3.1764E-4 3.47971E-4 8.62654E-4 2.84874E-4 3.87094E-4 0.00309016 3.53175E-4 4.0298E-4 2.43299E-4 2.52959E-4 2.37652E-4 6.34298E-4 3.2893E-4 7.32052E-4 3.87763E-4 4.22612E-4 3.55403E-4 6.04554E-4 3.7284E-4 2.30706E-4 2.06261E-4 2.64135E-4 2.41606E-4 3.09276E-4 0.002855994 0.009278416 0.001427855 0.002840157 0.003096409 0.003905563 0.002308327 0.008545504 0.005082964 0.004837649 0.002229506 0.002239855 0.002611296 0.00328253 0.004516664 0.00433124 0.00477824 0.005254783 0.004600662 0.002769437 0.002453075 0.009220348 0.005622725 0.001657123 0.007316744 0.006115083 0.003664085 0.001468028 0.009034041 0.003393874 0.002520483 0.004130494 0.002556574 0.006220418 0.003707634 0.00510277 0.002167788 0.005593456 0.002628353 0.00375854 0.004874176 0.001871804 0.004235664 0.006083797 0.007611304 0.003431014 0.001707232 0.007022165 0.001791397 0.004674357 0.007292225 0.005264742 0.005670554 0.007816241 0.002012476 0.004981514 0.00766876 0.004182153 0.005932544 0.008089111 0.001209153 0.003594121 0.005966742 0.006850796 0.003903654 0.003108445 0.006639147 0.006002126 0.005594519 0.008500281 0.007870028 0.004579485 0.003569241 0.005450105 0.004488045 0.004367288 0.003642713 0.006166244 0.005523024 0.007117762 0.004606723 0.00533849 0.00544297 0.005811027 0.008035222 0.007124601 0.005169186 0.004397452 0.002401563 0.009541626 0.006363581 0.003507823 0.007253263 0.005537408 0.003969858 0.006814607 0.010047902 0.009279413 0.004366379 0.004568692 0.005424221 0.007360276 0.005233335 0.010123862 0.006012839 0.004523796 0.011861278 0.004599363 0.009646341 0.005728052 0.004290158 0.002339238 0.009137853 0.008714773 0.004082823 0.003459189 0.00924971 0.005983073 0.003022979 0.009919727 0.007944067 0.012546214 0.009595964 0.004780493 0.006140071 0.011195083 0.005091172 0.004094731 0.005453488 0.006939711 0.00629456 0.009355065 0.005673326 0.004283652 0.007150945 0.006909012 0.00470842 0.004956912 0.005800333 0.007000774 0.004761532 0.008043825 0.008643915 0.00594558 0.007036402 0.004824682 0.011443297 0.004229318 0.007797105 0.00631947 0.004914276 0.007278726 0.010029922 0.00667602 0.006629569 0.009477853 0.007509919 0.013494742 0.008272755 0.013788919 0.006397023 0.008866499 0.010493275 0.009477568 0.006975136 0.011362277 0.007190697 0.008668517 0.01152981 0.005692229 0.01083226 0.008920506 0.009548659 0.006599318 0.00614504 0.009604142 0.006503802 0.003462087 0.004872327 0.003422464 0.003526508 0.003735131 0.004086836 0.004572735 0.003494936 0.004612758 0.003702552 0.004827709 0.004349973 0.008613393 0.004839862 0.004326765 0.007793786 0.00496949 0.004234491 0.004001021 0.004110071 0.005168275 0.006356215 0.00854364 0.009441892 0.016963254 0.014422919 0.007115119 0.008638466 0.015814365 0.01008806 0.011747826 0.010774755 0.012640864 0.009708371 0.008962272 0.007909588 0.009116655 0.009973279 0.01203382 0.016225041 0.008722852 0.010393994 0.01518018 0.014563699 0.011123506 0.011017435 0.013517669 0.010428374 0.01360606 0.011525752 0.00991914 0.013461215 0.012884041 0.005300034 0.003462919 0.004088682 0.006599029 0.002634959 0.002750604 0.004046532 0.003315475 0.00444084 0.003625802 0.002601741 0.002474566 0.003366766 0.005446468 0.008307067 0.002359302 0.003424192 0.002886709 0.002999767 0.003793027 0.004462239 0.00272233 0.004723538 0.003254747 0.003326112 0.009910517 0.003926535 0.00320731 0.002820072 0.003661094 0.003795504 0.003082228 0.004040555 0.002969484 0.003666806 0.004865723 0.004467521 0.004963793 0.002552321 0.002397262 0.003445028 0.00628399 0.002750847 0.002793562 0.002581692 0.002549881 0.008322487 0.003883722 0.004259205 0.00775203 0.005008743 0.004375265 0.004634122 0.004287835 0.00699592 0.007201054 0.003699866 0.00281757 0.002738819 0.00303695 0.003897652 0.002954893 0.003618237 0.004185744 0.004229766 0.002358464 0.002743946 0.002353463 0.002826098 0.002751547 0.008427248 0.004015521 0.003137662 0.003173704 0.003820655 0.002575248 0.007114237 0.002267185 0.00246631 0.005896533 0.003862814 0.004805464 0.003910688 0.002467621 0.00869696 0.002290548 0.002639581 0.003580848 0.003559799 0.004842429 0.003681303 0.003370158 0.002976101 0.002904515 0.008328901 0.00232568 0.003222198 0.002716487 0.002623892 0.003113169 0.002707314 0.002839848 0.003472273 0.002274704 0.002157444 0.002296738 0.003790516 0.0085086 0.002236836 0.002998982 0.002230007 0.002673979 0.003090935 0.003721389 0.002994809 0.005343278 0.005864785 0.003439693 0.004303841 0.004044908 0.004499396 0.002979672 0.003651783 0.008058828 0.002834417 0.003638349 0.004057328 0.005017858 0.005899858 0.003212334 0.006821791 0.004076628 0.003542841 0.002603782 0.004100844 0.005154384 0.002522261 0.002657257 0.002828901 0.003159138 0.004430712 0.003320885 0.00361438 0.003167482 0.00400498 0.002818758 0.003360009 0.003924584 0.005543961 0.003572075 0.006406914 0.003951873 0.004077082 0.003623325 0.003122748 0.002528433 0.003029924 0.002986248 0.004618874 0.002655463 0.002548138 0.003532683 0.00817301 0.00417158 0.0065868 0.003052737 0.002888092 0.003868342 0.005479541 0.005554453 0.004704874 0.006518199 0.003396674 0.007072802 0.007910134 0.004704057 0.00340791 0.004459209 0.004757562 0.006816496 0.003925169 0.004891917 0.004831271 0.005121044 0.005130531 0.005003965 0.003153789 0.003956677 0.00352976 0.004401035 0.005050785 0.003341307 0.009831719 0.004033621 0.004195596 0.003758056 0.005999826 0.004725372 0.003126083 0.005234084 0.004071697 0.005458606 0.006595038 0.003672223 0.003616559 0.004926432 0.003258983 0.005233926 0.005036304 0.004880719 0.005095242 0.004443286 0.005485089 0.002621297 0.002582338 0.002637466 0.002975391 0.002784093 0.003766589 0.00316767 0.003854722 0.01110028 0.005211659 0.006474468 0.003003167 0.002824908 0.004439244 0.003781397 0.00897669 0.002678421 0.002695323 0.003242348 0.004505723 0.002956638 0.004516522 0.005418382 0.003914075 0.002912691 0.004911946 0.006235243 0.002528459 0.002542904 0.003353371 0.010401404 0.002595319 0.00376414 0.003714886 0.003362926 0.002829804 0.004122824 0.0037532 0.003978734 0.004263646 0.005988021 0.004774406 0.005014694 0.002990565 0.004367034 0.003887584 0.004587748 0.004073578 0.007018041 0.004924794 0.003864993 0.004043669 0.003072517 0.003850463 0.003578226 0.002741597 0.004021793 0.004722018 0.008845573 0.003530728 0.003425223 0.004677478 0.004024743 0.004198484 0.002545572 0.004262645 0.00470207 0.004856735 0.004377166 0.002312525 0.002186911 0.002541111 0.006174754 0.003462041 0.00350044 0.002185591 0.002247188 0.002997059 0.009944097 0.003866601 0.003615272 0.003672208 0.004410645 0.002966371 0.0043143 0.003090658 0.005030289 0.004798983 0.004846415 0.004183333 0.002437558 0.002143331 0.002012655 0.002107354 0.003056185 0.003265053 0.003376933 0.00241696 0.002187202 0.002691918 0.002916766 0.009087888 0.002067591 0.00214744 0.002236159 0.003030641 0.002777716 0.00256648 0.002843926 0.002216176 0.002432855 0.004091869 0.00339981 0.004717996 0.002307873 0.002330281 0.003932125 0.003796021 0.005048375 0.004359387 0.005189787 0.00222412 0.002416983 0.005248019 0.003171326 0.00295626 0.003417145 0.00530266 0.004120412 0.003988888 0.004370076 0.00229385 0.008378004 0.002531262 0.003700369 0.002073373 0.002029455 0.00297288 0.003632322 0.009551592 0.002711673 0.002644683 0.004329667 0.003654384 0.00247361 0.002698936 0.003531424 0.004611715 0.004351446 0.004767262 0.00331499 0.002337775 0.002787659 0.003523611 0.002452274 0.002779717 0.003325328 0.002444975 0.002187982 0.00352103 0.005403054 0.002210163 0.002288636 0.002536196 0.005758053 0.003519021 0.003955544 0.00257549 0.003697349 0.0022728 0.004939851 0.002420287 0.003629735 0.003856679 0.003315414 0.002340914 0.002453992 0.006155488 0.001966105 0.002084921 0.00210865 0.003069842 0.002377108 0.002742912 0.002592357 0.00262478 0.006861091 0.003574328 0.004995877 0.002370744 0.002602691 0.007519332 0.002189141 0.003163822 0.004256772 0.00428388 0.002329359 0.002383645 0.003285992 0.004026524 0.003731796 0.004644684 0.004077604 0.00348528 0.004339728 0.004689739 0.003678384 0.002626779 0.002934786 0.00295892 0.007065993 0.003196549 0.002901603 0.003362498 0.002638165 0.003007886 0.00293709 0.003387339 0.005132918 0.00245398 0.003016746 0.002870361 0.009629988 0.002702269 0.002543226 0.003302053 0.002822417 0.002092997 0.002516389 0.003462783 0.003463439 0.003379822 0.00350496 0.004918755 0.002511418 0.003037684 0.007991811 0.002965335 0.004129209 0.005847565 0.002689324 0.003164896 0.003565727 0.002065741 0.002094297 0.002349245 0.00263125 0.005793827 0.003778158 0.004241753 0.003963199 0.002113891 0.00206772 0.002370419 0.002131564 0.002379992 0.002370706 0.003215505 0.003385299 0.004152091 0.003386847 0.002718822 0.004038632 0.003185427 0.002650053 0.002624887 0.004324076 0.002250823 0.002318667 0.002717716 0.002626169 0.002447061 0.002464382 0.004659259 0.006202945 0.002368487 0.002712252 0.007585155 0.002628171 0.003118548 0.004234683 0.002671121 0.003113485 0.002261633 0.003502832 0.007507733 0.004619591 0.002999937 0.010242806 0.002524446 0.002751434 0.002382036 0.003903544 0.003470623 0.003858596 0.00544061 0.003587536 0.003878845 0.004340633 0.00387625 0.00278534 0.002172164 0.002509461 0.003796226 0.002551016 0.004583662 0.005577795 0.004510893 0.003417534 0.002956397 0.007925472 0.002659662 0.002921826 0.004098757 0.004344934 0.002964333 0.003368533 0.002201176 0.002832635 0.004798561 0.006899724 0.002225887 0.00271542 0.00202087 0.003838641 0.00260097 0.002761602 0.002140574 0.003148594 0.002488605 0.003637651 0.003685696 0.004245288 0.002426307 0.003094047 0.003845119 0.002390854 0.002718838 0.004162757 0.003520415 0.004209759 0.008947099 0.003742039 0.002973166 0.005965283 0.003072524 0.00365274 0.002374294 0.002187476 0.0022423 0.009173353 0.002374494 0.002333626 0.003022842 0.003375232 0.003013584 0.003854039 0.004933963 0.00346077 0.002368165 0.003055165 0.004778419 0.002270518 0.003492636 0.003108299 0.002191386 0.00306723 0.004604529 0.005323623 0.003645162 0.002642264 0.002499817 0.008940778 0.00301261 0.00381787 0.002224308 0.00440844 0.003627434 0.004063363 0.002390098 0.003024826 0.00811222 0.002715892 0.003817056 0.004622675 0.00227825 0.002131218 0.00212512 0.002574211 0.003404595 0.002857751 0.002779782 0.003121251 0.002198811 0.001997754 0.001931718 0.002678033 0.004172567 0.003725684 0.003009172 0.0026706 0.002427765 0.003389246 0.004082112 0.00339966 0.003967348 0.0035863 0.003549945 0.004183052 0.005302727 0.002944116 0.002229319 0.002963687 0.003573372 0.003951665 0.002077243 0.002050736 0.002204493 0.00394998 0.002679233 0.003041561 0.002289849 0.002626557 0.005509343 0.002404728 0.002813847 0.00373517 0.002208752 0.002916796 0.003776542 0.003643763 0.004554848 0.004077651 0.00492373 0.003662499 0.002579206 0.005357958 0.003120187 0.003515537 0.004131076 0.002370422 0.00278181 0.002154352 0.002750976 0.002448837 0.003820638 0.003020953 0.003630985 0.011361775 0.002488087 0.002694478 0.004481451 0.002781202 0.003892102 0.00358078 0.003782055 0.004261574 0.002435567 0.003695411 0.00303841 0.004098097 0.002610683 0.003751281 0.004059491 0.004366544 0.003778662 0.004981471 0.003236566 0.002262613 0.002780957 0.002654192 0.007646961 0.00352008 0.003903818 0.002727211 0.003806683 0.002211875 0.005130987 0.002311404 0.002906982 0.008745053 0.002121323 0.002386213 0.002865045 0.002602842 0.009744153 0.002118992 0.002400827 0.003356189 0.003207837 0.003249356 0.003042986 0.00250915 0.00338462 0.004265284 0.003815106 0.003740622 0.002360587 0.002109257 0.003155808 0.004798193 0.004762811 0.002236344 0.00562901 0.006078516 0.004150847 0.005199968 0.003319887 0.003682372 0.002760784 0.004167946 0.00267 0.002100605 0.00206384 0.002191553 0.002440502 0.002645846 0.002616773 0.002311865 0.001949319 0.003811472 0.003284745 0.004004262 0.002314459 0.006287965 0.002534109 0.003189513 0.002614892 0.002949571 0.003219495 0.00368446 0.009358044 0.002200247 0.00324726 0.003274833 0.002326977 0.002717071 0.003332551 0.004114865 0.005138864 0.003170575 0.003647343 0.004323253 0.004398797 0.004362075 0.002193172 0.002543164 0.003265096 0.00353688 0.004126598 0.002313929 0.002301831 0.002851178 0.003777966 0.003991738 0.003699305 0.003169312 0.003438979 0.002517926 0.002368997 0.005528167 0.003364343 0.002374853 0.002164145 0.002056844 0.002497471 0.002171848 0.002913948 0.00232344 0.002205846 0.004056749 0.002761101 0.002962663 0.003338478 0.002405425 0.002593772 0.003167956 0.004793643 0.003045723 0.003204534 0.002785771 0.00278975 0.003804777 0.005004395 0.005292111 0.004190754 0.00216404 0.002405208 0.003264279 0.0044404 0.002232602 0.002920757 0.004251238 0.004108866 0.004163046 0.004734822 0.003899878 0.002374621 0.002640249 0.00354957 0.002658051 0.002834441 0.002924231 0.002159954 0.002147525 0.002167568 0.002053838 0.009600933 0.002248164 0.003813447 0.003065194 0.003401319 0.00402283 0.004784144 0.004621975 0.003045063 0.002189571 0.002387562 0.003367594 0.002273453 0.00515341 0.003069084 0.003129151 0.002694276 0.003015635 0.002764112 0.003980043 0.003900888 0.002559589 0.009708614 0.003529235 0.004512964 0.00465295 0.002695855 0.002958524 0.005421789 0.002895478 0.00254687 0.002297543 0.006036467 0.004173491 0.003369706 0.003903145 0.004628216 0.002667336 0.002023128 0.002636556 0.006760676 0.002715144 0.002475476 0.002284379 0.002038723 0.002907366 0.003793625 0.008515704 0.003113488 0.00452064 0.003392135 0.002627495 0.003491025 0.0025189 0.002834207 0.006877052 0.002927055 0.002554476 0.002780664 0.00343616 0.004230511 0.002692149 0.002303854 0.002398826 0.002145816 0.002546685 0.004059813 0.002603576 0.002539439 0.003396853 0.005236202 0.00461379 0.002742198 0.002306829 0.003678665 0.007647283 0.002573669 0.003904546 0.00636996 0.002370925 0.00443473 0.002447189 0.00464408 0.00334708 0.004286309 0.004539738 0.002502345 0.002378868 0.002805454 0.003339662 0.002595477 0.003008573 0.003752987 0.002139383 0.001995002 0.002055871 0.00213878 0.009113859 0.002155351 0.002165494 0.003677167 0.003022316 0.004913884 0.005041134 0.003962842 0.002369722 0.002408096 0.003294432 0.003547382 0.00779768 0.002220876 0.00222954 0.004185681 0.005334309 0.003324003 0.005184917 0.005631559 0.003593033 0.002335225 0.004970497 0.002042305 0.002399253 0.004076118 0.003998095 0.003860419 0.002842918 0.00224419 0.002930206 0.002758893 0.002080921 0.006101168 0.007435955 0.00214917 0.002122928 0.003034468 0.002434658 0.003168819 0.003559712 0.002059066 0.001989876 0.002292465 0.003190365 0.002499327 0.002107579 0.003345639 0.002093948 0.002464508 0.003322053 0.003326025 0.004275478 0.003107455 0.004751823 0.003509081 0.003216674 0.006976241 0.002087883 0.002567997 0.004164653 0.002367768 0.00370052 0.003876568 0.00334242 0.008910823 0.00218057 0.002043507 0.003419446 0.006170594 0.0026978 0.002975357 0.003527525 0.003503288 0.004425211 0.004457798 0.003076068 0.002254475 0.002719627 0.005807804 0.00780825 0.002256253 0.0043145 0.002666178 0.002558946 0.002216094 0.003925338 0.003955708 0.003968156 0.004749414 0.00252379 0.007142156 0.002652917 0.003114363 0.003840167 0.004904543 0.002550347 0.002512664 0.004622697 0.00360053 0.002551589 0.003810985 0.002595251 0.00206228 0.002957506 0.004546259 0.004279073 0.00400097 0.002385124 0.003313628 0.007480698 0.002691443 0.005000292 0.003034852 0.003208821 0.003316771 0.003782218 0.003476749 0.005364526 0.003613878 0.005212056 0.002804571 0.004258974 0.003213081 0.002309723 0.00265034 0.002658449 0.002899237 0.002491414 0.002590784 0.003610767 0.003153041 0.005592555 0.005977541 0.002353763 0.003086854 0.002118132 0.00294172 0.002146499 0.002181157 0.004650941 0.002820888 0.002532247 0.00250839 0.002527786 0.003792989 0.007214328 0.00327924 0.004998326 0.004201303 0.004090641 0.002222609 0.002981947 0.002294449 0.009551222 0.002664987 0.002330744 0.003599656 0.004310316 0.00349964 0.002811877 0.003752822 0.00367281 0.004138493 0.004787541 0.002949131 0.002403604 0.004821275 0.002295848 0.002875857 0.003923642 0.004361417 0.002086823 0.002657469 0.003741901 0.004207576 0.002365858 0.002780874 0.002693845 0.003541208 0.002688831 0.002392226 0.002730984 0.003829749 0.004200332 0.004407532 0.004322234 0.004238109 0.00261821 0.00301009 0.003010809 0.002520679 0.002489686 0.003268986 0.007305201 0.002556004 0.002707722 0.002700841 0.003322166 0.002868606 0.002604572 0.003012875 0.002285927 0.004301181 0.002092772 0.005787984 0.004019069 0.004778091 0.00228411 0.002389997 0.003411063 0.006401386 0.007664429 0.002141602 0.002181536 0.002248468 0.004813135 0.002805602 0.003648626 0.003918419 0.003769465 0.003121372 0.006581961 0.002929551 0.003182618 0.002971034 0.004610114 0.002962527 0.002009814 0.002073928 0.002089211 0.002790931 0.006386332 0.003896922 0.002664805 0.003330507 0.004343779 0.002225479 0.002472883 0.002810169 0.002829317 0.002904362 0.003491832 0.004758485 0.005264621 0.004704245 0.003426289 0.00450389 0.003651856 0.003681207 0.002523292 0.003873384 0.002488015 0.002494483 0.002509283 0.003290416 0.003219432 0.00889141 0.003062409 0.003974948 0.003885387 0.003933644 0.002326038 0.002457417 0.003055882 0.0039905 0.004139709 0.003847106 0.004261451 0.002680495 0.007340126 0.002030613 0.002321397 0.002262231 0.003194876 0.004723469 0.002677186 0.00369474 0.002959517 0.002304102 0.004598611 0.00202724 0.002544767 0.001908174 0.00432496 0.002697013 0.004337314 0.006144185 0.003493171 0.00314332 0.002077872 0.001993401 0.003420137 0.003719045 0.009723772 0.004298585 0.004765453 0.004989687 0.004383041 0.003377854 0.004249509 0.003007097 0.003376913 0.002598448 0.004411606 0.003139329 0.003157151 0.002141269 0.003942994 0.002407354 0.008859991 0.004248386 0.004208218 0.003480405 0.002312699 0.002439502 0.002658108 0.005599895 0.003331766 0.004507308 0.002369449 0.003174784 0.005379751 0.003947709 0.003058837 0.003153967 0.002174794 0.002365471 0.002148331 0.00227963 0.0035212 0.004400953 0.002196925 0.002128376 0.004677031 0.003923819 0.002398772 0.006099056 0.006623525 0.00219978 0.002445547 0.002325751 0.002237969 0.002978681 0.004957077 0.003403487 0.004155197 0.002924518 0.003666672 0.007442093 0.001912745 0.002418099 0.002840336 0.003001123 0.003578811 0.002977712 0.002547994 0.002193524 0.002392113 0.002238136 0.002297568 0.002585345 0.001999134 0.002116574 0.003994503 0.002691067 0.003159962 0.003245822 0.007205738 0.002920053 0.003009499 0.003186381 0.004308938 0.003484927 0.002917731 0.003535054 0.002522992 0.003851448 0.004196598 0.005369722 0.002537434 0.003475915 0.003533862 0.002505286 0.003034688 0.003233718 0.009246451 0.001932067 0.00351402 0.00305485 0.003476143 0.003327022 0.004027525 0.003491641 0.006722304 0.002845504 0.004823002 0.003453547 0.008825323 0.002035683 0.002206933 0.002374588 0.003036415 0.002593353 0.003770898 0.004168786 0.004552851 0.00309869 0.002998882 0.002894283 0.004989798 0.003591526 0.003861638 0.003560242 0.003725965 0.002395034 0.00241815 0.003225373 0.007806402 0.00446215 0.004838683 0.006129586 0.006972075 0.002595424 0.003483405 0.003621666 0.002528941 0.002997917 0.001580002 0.002017683 0.00222877 0.004541238 0.001528952 0.005556057 0.002009995 0.002437829 0.001849959 0.007015457 0.003850862 0.00317037 0.002563525 0.004622397 8.08E-4 0.00267571 0.003410294 0.00150126 0.003484104 0.005130736 0.003532424 0.001110411 0.002979063 0.00346381 0.003141445 0.00228059 0.001745202 0.001881989 0.007793337 0.002466389 0.004237594 0.002452689 0.002821086 0.003828152 0.002821932 0.004327951 0.001880773 0.001320946 0.002483425 0.001574585 0.002623864 0.0039716 0.002869851 0.001572507 0.001743105 0.001047999 0.001311875 0.002795447 0.002252405 0.001923813 0.001083499 0.003659258 0.003502484 0.004188213 0.001642166 0.001956254 0.001928771 0.006755859 0.003625389 0.003091979 0.002183158 0.001775745 9.63356E-4 0.002314138 8.7843E-4 0.003379674 0.005157754 0.001421092 0.004476355 0.007337273 0.00397507 0.001737804 0.006002217 0.00464219 0.004570292 0.002403379 0.002966854 0.00234836 0.002721768 0.002205244 0.003991373 0.002115 0.00379061 0.00293222 0.003984985 0.002468434 9.94053E-4 7.65451E-4 0.003978523 0.002103192 0.001803466 0.004775529 0.002657193 0.002301736 0.003946618 0.003670933 0.002097836 0.002283687 0.003804652 0.003967662 0.001241141 0.002633474 0.003421299 0.0052117 0.002050606 0.004605786 0.002824276 0.005137092 0.004576608 0.003835637 0.005432668 0.003898612 0.001828972 0.003836338 9.01014E-4 0.006091899 0.004959707 0.001795693 0.005790852 0.002323374 0.003915682 0.001003908 0.00235285 0.006237546 0.00188223 0.002218209 0.001315125 0.003725071 0.004613961 0.002552932 0.002875783 0.001170493 0.002254356 0.003528003 0.003464026 0.002480809 0.001196372 8.79369E-4 0.002028508 0.001040388 0.003741911 0.005710741 0.003044254 0.001761409 0.007116963 0.001374671 0.002849899 0.002394062 0.002322192 0.004321589 0.003013508 0.00335851 0.002398181 0.001953164 0.001219544 0.002943124 0.004171322 0.001909337 0.001708584 0.00271068 0.01097728 0.002105037 0.001043263 0.002872582 0.001769803 0.003373199 0.002121655 7.74353E-4 0.003009259 0.007634874 0.001939009 8.24488E-4 0.003819441 0.006171579 0.006073565 0.001299201 0.001172156 0.005297707 0.00195575 0.001809447 0.002648478 8.42052E-4 0.003501577 0.004603659 0.003144772 0.001935633 8.26916E-4 6.66316E-4 0.001721156 0.001177189 0.001763358 0.005504213 0.003833594 8.04532E-4 0.00266122 0.001535623 0.003195547 0.003524528 0.00233861 0.002002067 0.001890373 0.004507892 0.003671377 0.001960838 0.001373843 0.003798319 0.007008003 0.003195382 0.00207905 0.002190241 0.004976641 0.006077944 0.002068706 0.003894713 0.001946228 0.00219575 0.00234269 0.001167891 0.004367051 0.00205071 0.003164514 0.001347772 0.002810128 0.005703628 0.002065935 0.00250075 8.47826E-4 0.002012308 0.004722928 0.00293702 0.002814373 0.001763039 0.007955771 0.002068259 0.002454951 0.001976598 0.002476427 0.001765565 0.002606648 0.002727606 0.001572565 0.0035399 0.004369297 8.71405E-4 0.002144676 0.001482542 8.72219E-4 0.001824554 0.001952434 0.002054066 0.001562786 0.004976575 0.00410669 0.002067954 0.002012616 0.007624766 0.003754916 0.003194812 0.00195351 0.004770884 0.002885089 0.004792429 0.001152306 0.001794948 6.43909E-4 0.004157885 0.003670295 0.001797106 0.002690223 0.001921675 0.00482349 0.002613506 0.004272864 0.003183665 0.002970675 0.001066772 6.61484E-4 0.003420261 0.008372891 0.002496998 0.00394775 8.49925E-4 0.002155027 0.002323204 0.002621182 0.010835473 0.002462775 0.001076656 0.001700641 0.001801923 0.001066249 0.002255225 0.002886563 0.001955182 0.002332795 0.001276674 0.001800645 0.004010917 0.003542753 0.002237101 9.38366E-4 0.001730051 0.0110318 0.003125725 0.002928085 0.002672803 0.002161442 0.001969466 0.002536171 0.006445223 0.004752623 0.003853608 0.001014533 0.004707401 8.94816E-4 0.004067144 0.003256198 0.00196822 0.00341103 0.00375273 0.004928919 0.006843762 0.002195015 0.002405454 0.00250034 0.001885807 0.001311041 0.003421945 0.002876166 0.002827415 0.005500096 9.20051E-4 0.003859183 0.004903768 0.003794582 0.004487827 0.001543051 0.002661498 0.003240353 0.001383348 0.001580435 0.003484736 0.004917684 0.004274549 0.002833115 0.001350927 0.002246313 0.001858924 0.001916957 0.00327611 0.002324918 0.002541949 0.002572046 0.003707377 9.68936E-4 0.001558024 0.002491305 0.003096086 0.00238451 0.002180196 0.002488582 0.002201664 7.48217E-4 0.001684157 7.61814E-4 0.002415922 0.004297614 0.001929472 0.005136305 0.002046145 0.002083888 0.001264747 0.005298217 0.002514945 0.002123047 0.001067355 0.001104489 0.005155975 0.004092902 0.002837956 0.005223566 0.002337455 0.002175163 0.002593541 0.003434243 0.002976673 0.001870544 0.001102957 0.003945167 9.73748E-4 9.70956E-4 0.004848098 0.002150232 0.001840745 0.002496799 0.002678277 0.002662545 0.004991789 0.007871533 0.002178811 0.001381296 0.002997651 0.007897452 0.006566693 8.9381E-4 0.002677055 0.002511938 0.002314753 0.002255919 0.001981896 0.003520653 0.002640888 0.002081704 0.004240711 0.001518237 0.002746501 0.002802323 0.001182867 0.005433645 0.00561247 0.002106199 0.001702429 0.004894253 0.002566555 0.001812917 0.001421515 9.74639E-4 0.003231866 0.006119016 0.002060819 0.003120119 0.00104905 0.002294679 0.002686024 0.003001562 0.003338213 0.001437327 0.001394669 0.004304138 0.003292982 0.004051672 0.002591352 0.004375221 0.001459866 0.002073051 8.26503E-4 7.07711E-4 0.001855655 0.002256276 0.001803766 0.002790093 0.00415958 2.24748E-4 0.005326118 7.6623E-4 0.001448951 0.002272894 0.002417372 0.002982085 0.003009864 0.002801076 0.003572988 0.001283303 0.003830175 0.001138318 0.00355679 0.003689108 0.001958611 0.004939057 0.003803743 0.006244303 8.11732E-4 0.0021537 0.002438682 0.002266695 0.002544975 8.0761E-4 0.002004942 0.004415257 0.00328484 0.00201708 8.10581E-4 0.002220952 0.002695474 0.009091147 0.002710866 7.29793E-4 7.10104E-4 0.002217395 0.002612349 0.001113429 0.00299909 0.003596941 0.0010986 0.001673561 0.001856868 0.001298503 0.002897908 0.004113226 0.002367094 0.003305218 0.005420791 0.004150047 0.001920658 0.001115649 0.002912138 0.002434324 0.001692551 0.002866939 0.003881831 0.005050224 0.004532046 0.001004203 0.002454009 0.002732578 0.002651816 0.002324758 0.00125782 0.004621542 0.002333844 0.00252864 0.001123092 0.002312941 0.002485865 0.002844343 9.23555E-4 6.31963E-4 0.001804188 0.002608733 0.005712151 0.003025549 0.001297992 0.004128913 0.003315823 0.005159303 0.00290271 0.001679974 0.001390749 0.002352878 0.001570767 0.001581004 0.005964281 0.002270938 8.10218E-4 0.002446902 0.002653114 8.27875E-4 0.003363572 0.00286129 0.002795851 0.001155156 0.002075413 0.002103101 0.002837195 0.002715573 0.002399188 0.00247294 0.002678655 0.002853748 0.002491771 0.002380755 0.003127699 0.001092232 0.002707134 0.001794535 0.004403162 0.005488732 0.001126797 0.002024915 0.002052218 0.001860418 0.002685393 0.002503132 0.002337377 0.002872364 0.001423139 0.001216593 0.002065101 0.002665682 0.003863249 0.00464584 0.001891766 0.002302794 0.00200595 0.002255295 0.004774254 0.003238289 0.00233563 0.002003999 0.002703194 0.001527585 0.004428875 0.004275691 0.001074921 0.001866073 0.001262312 0.001310582 0.004933192 0.002660786 0.003626271 0.001235103 0.004602132 0.002133488 0.001658333 7.62868E-4 0.001887808 0.005753846 0.002493473 0.003197072 0.002437281 0.002148912 0.002459784 9.11397E-4 0.003142037 0.005199259 0.003159143 0.004563976 0.001440798 0.00899611 0.001774397 0.002298186 0.001537431 0.002876589 0.002754451 0.00210491 0.003697921 7.85342E-4 0.002826144 0.004759906 0.002375422 0.004399542 0.00167892 0.003071225 0.0061785 0.003517132 0.001656435 9.98579E-4 0.001143968 0.003643698 8.20249E-4 7.62931E-4 0.002136707 0.001928773 9.44504E-4 0.003350722 0.001067649 8.13066E-4 0.004064265 0.004556325 0.001840975 7.56126E-4 0.001738283 0.002826214 0.005181514 0.002550528 0.00209747 0.004343266 0.002736358 0.002017735 0.002455307 0.002484929 0.0028849 0.004765646 0.002004579 0.001809337 0.002186339 0.00373641 0.002007555 0.004565161 0.004016077 0.002007224 7.76969E-4 0.002380388 0.002399198 0.004395802 0.00283606 7.18804E-4 0.002667304 0.002326054 0.00213409 0.005508682 0.002764101 0.002337021 0.002120923 0.003890848 0.002060954 0.002445945 6.61537E-4 0.00213192 0.001300754 8.9778E-4 0.002691429 0.002017296 8.42312E-4 0.003144043 9.40165E-4 9.32912E-4 0.002153161 0.001820672 0.002839364 0.001440506 0.003111564 0.003908579 0.002298258 8.11069E-4 0.008121227 0.003110531 0.003694561 0.002042377 0.004443772 0.003972577 0.004004044 0.001824462 0.003986856 0.001124258 0.003563364 0.002179318 9.50849E-4 0.002241344 0.002103973 0.003088999 0.004201706 0.001846335 0.002078061 0.001989891 0.001482206 0.001305299 0.003085665 0.004280977 0.003341219 0.003569584 7.04891E-4 0.002549111 0.004677317 0.003584388 0.003806172 0.001159653 0.001047482 0.001764941 8.92706E-4 0.001397901 0.008492137 0.002000949 0.001479908 0.00271929 0.001795593 9.07185E-4 0.003294094 0.007850449 0.001895914 0.002316558 0.002090473 0.008961647 0.002505393 0.001016062 0.001450899 0.00252187 0.003372206 0.004250802 0.001866794 0.003423224 0.003374382 7.829E-4 0.003464991 0.001438088 0.002131533 0.00448019 9.15846E-4 0.002601899 0.002416704 0.00347448 0.001343048 0.004636822 0.004980909 0.001821467 7.86439E-4 5.77269E-4 0.001818873 0.002384211 0.003344677 0.002543084 0.001882347 0.003648215 0.002598077 0.003585757 0.002265184 0.001459971 0.002320504 0.00263728 0.00157097 0.00145457 0.00378479 0.003158665 0.001267818 0.001819432 0.001233877 0.002203979 0.003714186 0.002874436 0.003417773 0.002129245 0.002422531 0.003560081 0.00436392 8.40676E-4 0.001525357 0.00235748 0.001967145 0.003527828 0.002031415 0.002741354 0.002264953 0.001087149 0.002923725 9.80706E-4 0.004217215 0.001910357 7.25433E-4 0.002888806 0.004147324 0.003854731 0.003167837 0.002563409 0.00216059 0.00173621 8.74731E-4 8.51545E-4 0.001888771 0.005197624 0.003599482 0.003150387 0.002001312 0.004220088 0.002583725 0.002653993 0.001484806 7.43033E-4 6.06971E-4 0.00174099 7.23425E-4 6.8507E-4 0.008022943 0.003551256 9.06054E-4 0.004276722 0.002951518 0.001093955 0.001971865 0.001711969 0.001772088 9.7106E-4 0.004571101 0.002908799 0.003917779 9.65748E-4 0.009840764 0.003870974 0.001795459 0.001756233 0.002354242 0.002510012 0.002218308 8.08648E-4 0.001913167 9.10131E-4 0.003251892 0.002179732 0.001097149 0.003727949 0.001770476 0.001953643 9.8305E-4 0.002565202 0.003141489 0.004875664 9.35721E-4 0.001140217 0.005195699 0.002063829 0.001737103 0.002565715 0.003588893 0.0028315 0.004034109 0.003001386 0.001630078 8.35124E-4 6.51162E-4 0.004548428 8.22704E-4 7.46214E-4 0.00194304 0.004664477 0.001005815 0.003542769 0.002038585 7.40338E-4 0.003660764 0.003692833 0.004275032 9.19054E-4 0.002212647 0.00264188 0.003686824 0.002612559 0.002277069 0.00254458 0.002083513 0.004050542 0.004328268 0.003723255 0.003190939 0.002521117 0.00175571 0.001287711 0.004253761 0.005175848 0.001627148 0.002102082 0.001836781 0.002490548 0.002270809 0.004959745 0.002488621 0.003962374 9.38968E-4 0.002450027 0.00235626 0.007015736 0.002659076 0.00240666 0.001970643 0.005189196 0.004271407 0.003438981 0.00301018 0.001576583 7.07447E-4 0.001894551 0.001378602 0.001815695 0.005855714 0.004283117 0.002350684 0.003834275 0.001227995 0.001154103 0.003565916 0.002394246 0.00199169 9.24122E-4 0.00333859 0.00484306 0.001898137 0.001750344 0.002595838 0.005036268 0.003507152 0.001840171 0.001932576 0.002600697 0.002788734 0.001827266 0.003531318 0.003490399 0.001994227 0.001951116 8.35297E-4 0.005581922 0.005887549 0.00178057 7.64781E-4 0.002403084 0.002161208 0.003475152 0.001061906 6.4149E-4 0.002661194 0.002941169 0.004263884 0.003304576 0.004406569 0.002523375 0.001896212 0.002010787 0.002672129 0.001419958 0.001107765 0.002039781 7.88901E-4 0.001518955 0.005696992 0.003058399 0.002274343 0.001965627 7.22919E-4 0.001300314 0.003556577 0.003915199 0.001881834 0.002362605 0.002823105 0.003444969 0.003465079 0.001273875 0.004426844 0.004745543 0.003125219 0.004156976 0.006910197 0.002243434 0.001759921 7.87493E-4 0.002018013 0.001413056 0.001920037 0.003191289 7.26746E-4 0.001982973 0.002145764 0.003070146 0.002541557 0.004002521 0.002526386 0.005374254 0.00101943 0.001991881 0.002255569 0.004996721 0.007039424 0.004665367 0.001346439 0.002704722 0.003469992 0.002204152 0.00245663 9.06914E-4 0.001163409 0.008850656 0.001009764 7.92847E-4 0.003668692 0.002873942 0.001144146 0.003424078 0.002749618 0.001029181 0.001899168 0.001934172 0.003956432 0.001418442 0.003206582 0.004581823 0.002162683 0.001124278 0.006062464 0.00244228 0.004331519 0.001964919 0.001675411 0.002041158 0.002028737 8.91872E-4 0.004080712 9.08512E-4 0.002861874 0.002418692 0.001926353 0.002276402 0.001817607 0.003715234 0.001409039 0.009179398 0.001998928 0.002439493 0.003430929 7.03121E-4 0.002674001 0.0021323 0.002285581 0.003575177 0.001995936 0.002216279 0.002566654 0.005914218 0.002971199 0.002725038 0.002245175 0.002293417 8.58482E-4 8.72366E-4 0.003089306 0.008051643 8.20985E-4 0.001664578 8.44356E-4 7.6812E-4 0.001723571 0.002445578 0.002790226 9.77045E-4 0.002909421 0.005542637 0.002283596 0.002059872 0.002280919 0.002406775 0.003224523 0.002640473 0.003911047 0.002232098 0.002366942 0.00661123 0.00283718 0.001012021 0.002422904 0.002091192 6.51023E-4 0.002093658 0.002297102 0.002045504 9.157E-4 0.002612225 0.002764695 0.002772876 0.00158026 6.97425E-4 0.002376505 0.002657025 0.004092548 0.003971079 0.001348079 0.003702318 0.006007175 0.003459719 0.001956994 0.001360715 0.004194996 0.003941217 0.001002253 0.001074126 0.005017857 0.00363834 0.001239742 0.004685419 7.9362E-4 6.91977E-4 0.001560924 0.002044022 0.002874513 0.002356188 0.001500776 0.002178093 0.001789274 9.07601E-4 0.001898671 0.002100261 0.001669572 0.001456971 0.001421507 0.002116212 0.001726992 0.001012353 0.001607837 0.001374967 0.002962253 0.004306817 7.77038E-4 0.003109141 0.003388552 0.002084732 6.67246E-4 0.004068916 0.004687347 0.003518378 0.005557402 5.71347E-4 0.002359504 0.003150078 0.003060667 0.003589495 0.0020847 0.001982486 0.002548367 0.003105302 0.003115217 9.79189E-4 0.002642243 0.002525037 0.003307102 8.28069E-4 0.003664244 0.002740594 7.35167E-4 0.002039899 0.005830473 7.18218E-4 0.001460092 0.001940008 0.001476151 0.001327261 0.003216424 0.004471861 0.002056983 0.002393933 0.001703403 0.004285116 0.002135821 0.003522024 0.001458107 0.002838866 0.002639588 0.003711422 0.003627839 9.68127E-4 0.003184401 0.001873382 6.20624E-4 0.002239917 0.001754878 0.008631503 0.00335179 0.003397673 0.002622171 0.002092206 6.44097E-4 9.79465E-4 0.003224601 0.002758611 0.001644878 0.001795847 0.002148118 0.003860328 0.00298272 0.001959272 0.001440171 0.002128733 0.002610322 0.002078985 8.94162E-4 8.01023E-4 0.004656188 0.001819317 6.87739E-4 0.001906547 5.88276E-4 0.001417806 0.001914705 0.002314003 0.001555788 6.97648E-4 0.002211423 0.002921672 0.002822561 9.40639E-4 0.001940112 0.002039514 0.001615694 0.003270993 0.001653996 0.004002119 0.001606253 9.06651E-4 0.002375617 0.001588308 0.003639477 0.00321414 0.004638197 0.001723919 0.001806167 0.002215185 0.001159073 0.003306466 0.001858986 0.00290663 0.001319215 0.001437074 0.002341248 0.00229202 0.002089037 0.007283068 0.001502834 0.003009917 0.002834067 0.002393919 0.001324751 5.88653E-4 7.40108E-4 0.002446341 0.001205615 0.001228207 0.002154941 0.002213015 8.05757E-4 0.001776255 7.36582E-4 5.5654E-4 0.001444336 0.001995724 0.001682356 0.001128749 0.001800939 0.002077558 0.001474705 0.001084579 0.00260846 0.003691892 0.003810952 0.002972783 0.008724493 0.001927523 0.001601186 0.001324415 0.002011888 0.001955351 0.001571476 0.002215479 0.001878863 0.00449661 0.002980902 0.001644719 0.001009965 0.002328079 0.006648009 0.002849408 6.61671E-4 6.28297E-4 0.002943938 0.00292845 0.001448939 0.001625122 6.65258E-4 0.001859484 0.002386355 0.002191519 0.001760789 8.62806E-4 0.001672898 0.002178672 6.77599E-4 0.001788545 0.002398605 0.002288572 0.001256053 0.004849359 0.001147903 7.50316E-4 0.002950375 0.002831862 0.00148411 0.005174596 0.001819032 0.003774088 0.001746442 0.001965554 0.001803724 0.003405421 0.004005476 0.002332888 0.002268199 0.002113709 0.001437465 0.001008522 0.002482467 0.002307425 0.002086486 0.004541209 0.001052988 0.004437727 0.001681919 0.003131242 0.002023788 0.003574797 0.003534337 0.003066503 0.001047887 0.001234097 0.002014583 0.002638441 0.001766262 0.002285 0.001745266 0.002568759 0.005167663 0.001712904 0.002058531 0.001015184 0.002550786 0.003036354 8.68401E-4 6.2591E-4 0.002142064 0.001892223 0.00590665 0.002072942 9.7738E-4 0.001088248 0.002248273 0.001990742 0.001699752 0.001854424 0.002868179 0.002452578 0.0017958 0.001089451 0.00272802 0.002374735 0.002079221 0.001738114 0.003027755 0.002793638 0.00260123 0.001855281 0.001371485 5.67274E-4 0.001535669 0.001824403 6.02733E-4 0.001919357 0.008325442 0.002451072 6.14626E-4 0.002284181 0.002305856 0.00214985 0.001775213 0.001533266 0.003819219 0.002140782 0.001777731 0.003363852 0.002679761 0.001905709 0.002776213 0.001637184 0.001314209 6.03804E-4 7.193E-4 0.00196498 6.4401E-4 0.003407235 0.00181718 0.002915829 0.001121698 0.002736204 9.97526E-4 0.001479245 0.00209503 0.004723201 0.0017535 9.27008E-4 0.002419761 0.007635388 0.00214819 0.002390273 0.001685621 0.011405688 0.001788028 0.00164406 0.001930986 0.002348427 0.002124914 0.001461973 0.003852758 7.06991E-4 0.001476294 0.001799212 7.04324E-4 0.002020745 0.001566458 0.001677017 0.001782827 0.001942901 0.003331617 0.006432723 0.001191105 5.47364E-4 0.002545488 0.003070327 0.003462389 0.001739884 8.62544E-4 0.002736817 0.003931848 0.003210327 0.002741872 8.03074E-4 6.98057E-4 0.003447429 0.001335282 0.002409066 0.00356318 0.002039762 6.47003E-4 0.002181646 0.001105484 0.002278126 0.001513195 0.001903065 0.001466766 7.9739E-4 0.001565385 0.002749123 0.002311011 7.67626E-4 0.001573375 0.004564104 0.002420288 0.003968472 0.002799877 0.003332804 0.001407632 8.38107E-4 0.002449366 5.97548E-4 0.001595121 0.001519037 7.94656E-4 0.002344562 0.00342505 0.001933899 6.88627E-4 0.001762865 0.001681882 0.002077409 0.001000352 0.001474961 0.003240229 0.001985577 0.001829642 0.004624681 0.001581282 0.004042176 0.003618452 0.003445698 0.002625988 7.4613E-4 0.001240046 0.001777395 0.00206115 7.22675E-4 0.002049573 0.002656649 7.39728E-4 0.001867362 0.001109172 0.001091778 0.002550733 0.002226929 0.001713897 0.001307523 0.003848415 0.003301517 0.001589094 7.26939E-4 0.002129094 0.004959979 0.003317763 0.001613929 0.003133437 0.002567065 0.009431589 7.33331E-4 0.003007087 0.001175929 0.002892002 0.002909211 0.002313708 0.00201228 0.003720026 0.002454783 0.001246215 0.002753676 0.002886476 0.002847914 7.8953E-4 5.47201E-4 0.001915332 0.002008279 0.002251451 0.003213417 0.001322324 0.002677753 0.002663594 0.002790842 0.003044179 9.68497E-4 0.001207723 0.002641383 8.48424E-4 0.001340064 0.007372071 0.00192268 0.001471648 0.00303061 8.96911E-4 0.002302757 0.003174746 0.003855254 0.002222718 6.88521E-4 0.001622601 0.00309976 0.004380569 0.001079664 0.001265866 1.34919E-4 0.001387867 0.002046933 0.001561283 0.002285677 0.001723498 0.00171882 0.002701552 7.65295E-4 0.001802887 0.001573351 6.52046E-4 0.002561008 0.004153996 0.003226353 9.14821E-4 0.002007006 0.002505731 0.002016613 6.56367E-4 6.12959E-4 0.002144782 0.003398184 0.005890186 0.00311368 0.00196873 0.001712832 0.001845291 0.001967126 0.002194995 0.001123459 0.001055005 0.00392938 8.67732E-4 6.93852E-4 0.002381184 0.003167753 9.64479E-4 0.002940873 0.001429992 9.77281E-4 0.001960913 0.0020004 0.0023341 0.002281974 0.004021352 0.002510626 0.001373408 8.93903E-4 0.001359962 0.002086698 0.001673797 0.001623519 0.001479276 0.001859774 0.001797868 0.001150143 0.003874762 0.003266125 0.002653586 0.00980594 6.77431E-4 0.001894341 0.002146554 0.003341402 0.001155408 0.002150986 0.003460681 0.002214171 0.001967335 8.28134E-4 0.002399791 0.004112473 0.00172975 0.002519409 0.001486416 0.001772959 0.001738006 0.001801587 0.001383536 0.006183592 7.00092E-4 0.001949874 7.97511E-4 0.00103621 0.003978817 0.002839763 0.002373707 0.003328497 0.001214856 0.002583754 0.001482546 0.003501145 0.00277087 0.001712355 0.002983848 0.002315369 0.001407004 0.001679945 0.003212349 0.004547029 0.001863805 0.001729679 0.003610377 0.004918699 0.002556181 0.003014142 0.00262722 0.0018193 0.004145935 0.002378875 0.001435704 0.005346255 0.002436932 0.00366551 0.002000025 0.002002804 0.002577671 0.004349131 0.00149118 0.001655125 0.003795416 0.004569357 0.001527578 0.001915929 9.79676E-4 0.003377456 0.002780927 0.002708411 0.001457131 7.13557E-4 6.93756E-4 0.002426614 0.001475205 0.002098068 0.004326316 0.003583305 0.00110753 0.002659863 9.66059E-4 8.56945E-4 0.002305139 0.003146776 0.001962976 0.003098613 0.002294984 0.004984267 0.001503385 7.78761E-4 0.002156118 0.003431828 0.002179168 0.0015551 0.0028236 0.002963138 0.002338926 0.002535791 0.003063889 0.003113098 0.001720218 0.002132723 9.42048E-4 0.005971067 0.002542161 0.001782834 0.002924034 0.002042416 0.002482632 0.002920678 8.6511E-4 5.83929E-4 0.003318484 0.005661494 0.00236178 0.004213119 0.005243477 0.002187934 0.001918338 0.002248095 0.002287979 0.00114184 6.64213E-4 0.00191468 0.001028965 0.00213312 0.004901176 0.002589196 7.84152E-4 0.002496186 8.9135E-4 0.003109741 0.00176642 0.002855376 0.002004868 0.001492596 0.001857439 0.003925445 0.001756607 9.92788E-4 0.002667139 0.002055052 0.001761377 0.001843793 0.004070547 0.003855456 0.003532158 0.00120161 0.002658296 9.10744E-4 0.002048318 0.00364211 0.001515733 0.001943779 0.001826243 0.00232789 0.002009216 0.004421402 0.001889978 0.001735482 7.02216E-4 5.41384E-4 0.001875587 0.002262101 0.00448232 0.001822407 6.89774E-4 0.001904904 0.002127037 0.002319283 0.006511981 8.7653E-4 7.47956E-4 0.004334602 9.6235E-4 0.003340663 0.004493185 0.00282273 0.00261922 0.002507586 8.42353E-4 0.002009035 0.002267244 0.002247305 0.00271162 0.001316889 0.002878315 0.003576372 0.001623782 9.86538E-4 0.001456817 0.002213935 0.002412574 0.001731957 0.001396775 0.001801871 0.00137301 6.96791E-4 0.001473535 8.75598E-4 0.002360715 0.004216778 7.31379E-4 0.001979355 0.001379872 0.001509683 0.001131013 0.002733243 0.002666931 0.001862702 9.57814E-4 8.38544E-4 0.005000277 0.00283848 0.003491734 0.004548373 0.001419262 0.004353363 0.00254676 0.003050129 0.001391191 7.48286E-4 0.002937967 0.002609261 0.001686181 7.25643E-4 0.001882935 0.001647142 6.95682E-4 0.001728797 0.003061722 7.81793E-4 0.002833892 0.002729009 0.002015939 0.001828047 0.003126719 0.002241298 0.001567088 0.003194725 0.001931623 0.003992035 0.003701897 0.003954296 0.001521025 0.001924656 0.001480152 0.003142968 0.001969382 0.001577781 0.002687671 0.005151053 0.001690939 0.004076315 0.003118504 0.001548982 7.46536E-4 0.001968243 0.003314595 0.002266311 0.001020237 6.76822E-4 0.001839521 0.003453018 0.002591703 0.003846892 0.00168555 0.004505982 0.00201167 0.001776049 0.001469882 9.42674E-4 0.003031392 0.00253286 0.001835966 7.59614E-4 0.00193026 0.001823757 9.01062E-4 0.003262723 0.001224408 0.005076427 0.001528041 0.003472495 0.002675121 0.002201538 0.001692554 0.003828715 0.00214289 0.002992968 0.002604685 0.003429132 0.004321816 0.00178946 0.002527692 0.003278825 0.001463789 7.15685E-4 0.001489106 7.26743E-4 0.002535463 0.011047476 0.001322513 0.002907566 0.001855956 0.003242001 0.00130424 0.004245204 0.00379785 0.001832141 6.99832E-4 5.97307E-4 0.002377992 0.006030003 0.0026551 0.003619977 7.77492E-4 0.001829692 0.001767932 0.002279251 0.004566953 0.003046803 0.001179994 0.002128031 9.14057E-4 7.19397E-4 0.002610269 0.003115827 0.001405855 0.001787279 0.001507358 0.001522943 0.001488771 0.001760727 0.001974621 0.004886824 0.001560557 0.002183858 0.001649722 0.001591684 0.00299797 0.001951258 0.002157308 0.003840115 0.007636858 0.004013816 0.004235825 7.40172E-4 0.001410769 6.81428E-4 0.00157751 0.002985056 0.00184274 0.003883911 0.002472585 0.004236227 0.001777448 0.002602544 0.002412468 0.001939636 7.70208E-4 5.22904E-4 0.001669961 0.001745583 0.001627079 0.002456886 8.45537E-4 0.002424223 0.002530402 0.002540611 0.001577865 7.72051E-4 6.73272E-4 0.007369308 9.36971E-4 9.16494E-4 0.002559945 0.002638956 8.76272E-4 0.003733467 0.002543375 6.87643E-4 0.001312603 0.001616147 0.001366309 7.86549E-4 0.003186998 0.00331712 0.003491218 7.10971E-4 0.003306538 0.001931583 0.001546314 0.001540033 0.00237997 0.002212586 0.003196393 0.001281499 0.001681805 6.96468E-4 0.00149588 0.002755846 0.001933418 0.003392514 0.002317533 0.004541795 7.94531E-4 0.001703514 0.001675836 0.002380186 0.002462185 9.75918E-4 0.001709699 0.001784062 0.001442196 0.001925247 0.001203857 0.002232927 0.002002717 0.002968479 0.006502334 8.85595E-4 6.6642E-4 0.002995808 0.001178773 0.002712439 0.002018085 0.004359246 0.001652695 0.001911216 6.87262E-4 0.001911335 0.003690379 0.001771814 0.001435067 6.83701E-4 0.001612819 0.003178382 0.001449645 7.49684E-4 0.001309246 0.001873369 0.001445218 0.001470674 0.003259878 0.004103717 0.00286617 0.001252148 0.002047839 8.77486E-4 0.001940444 0.002051713 7.01565E-4 0.008437529 0.003634111 0.002281143 7.89996E-4 0.001811866 0.001773825 0.00188496 9.08209E-4 8.44574E-4 0.002138031 0.002016428 0.00205763 0.002748523 0.001176839 0.00214553 0.002598365 0.001836377 0.002534074 0.005053779 7.50039E-4 0.003120939 7.2432E-4 6.49183E-4 0.003674788 0.002084921 0.002608765 0.002241985 0.001505817 5.52533E-4 0.001770138 0.003643101 0.001429674 1.79207E-4 0.001337586 0.002024014 0.001293704 2.73492E-4 0.003137075 0.002377689 0.002398136 0.001410573 0.001314869 0.00175958 0.001318508 0.001011156 0.002374922 0.001744923 0.004202785 0.003499062 2.00835E-4 0.001969547 0.001562973 0.002520319 4.66047E-4 0.002434136 0.002839302 0.001630522 3.81812E-4 5.59671E-4 0.005076866 0.001816341 0.001441422 0.002015324 2.87388E-4 0.002117879 0.004556917 0.001687275 0.001364011 2.24474E-4 2.82053E-4 0.003093159 4.75101E-4 1.74334E-4 0.00203493 0.001945061 5.93517E-4 0.005033205 7.22131E-4 6.42312E-4 0.001570699 0.002168728 0.002113463 0.001458015 0.003393799 0.00279964 0.002470563 7.97109E-4 0.002757903 0.001869144 0.001823699 0.002904125 0.002416361 0.004237281 0.003975631 0.001045682 0.001947742 9.59654E-4 0.002401735 0.005396816 0.001053612 0.004223959 0.002144683 0.002034194 0.001052858 0.003069295 0.003640608 0.002465303 0.00110368 0.002403198 0.004622001 0.003752783 0.003159806 0.003300471 0.001013266 0.002511121 0.003055122 0.004392671 0.002519079 0.001345552 0.003450399 0.004164411 0.00132203 0.001973021 0.003675698 0.002598227 9.54933E-4 0.003118579 0.001633223 0.001713136 0.003193925 0.002409812 0.001830724 0.001055087 0.002305084 0.010400778 0.002254749 0.002302628 0.002894581 0.004590864 0.003110748 0.003737285 0.007423862 0.002601079 0.001887535 0.002177828 0.004060917 0.001464776 0.00316521 0.004534724 9.48544E-4 0.002449862 0.00215083 0.002172709 0.00551362 0.004019536 0.003866011 0.002754837 0.001197017 8.66176E-4 0.003202337 0.003625812 0.00210567 0.002371903 0.001319689 0.01099799 0.00371959 0.002424053 0.002443006 0.001947707 0.001536868 0.002556999 0.001175258 0.001399702 0.002829921 0.00240137 0.001198796 0.002578752 0.001172498 0.001010227 0.001967624 0.002307133 0.001745757 0.001440687 0.002000114 0.002958885 0.002626389 0.001671312 0.001776197 0.002481889 0.002520985 0.00464806 0.003313087 0.004355671 0.003023574 0.002362581 0.002955555 0.002253993 0.003858917 0.002871858 0.006203266 0.004203097 0.003207398 0.002058358 0.001098903 0.004726052 0.003222149 0.004642403 0.00102266 6.92992E-4 0.002391167 0.002850027 0.004659045 0.0028757 0.001529425 0.00392214 0.003077177 0.004080763 0.002233162 0.001683528 0.001083939 0.002422947 9.90936E-4 0.001165573 0.004917776 0.00311657 0.001080098 0.003251744 0.001358663 0.001799162 0.002113183 0.00307824 0.002143262 9.59989E-4 0.001996107 0.003271629 0.003015708 0.001261776 0.001768114 0.002443486 0.002083033 0.002025359 0.002449154 0.002726246 0.002360135 0.002882638 0.00199201 9.47078E-4 0.002105226 0.004212367 0.001942014 0.0046182 0.002132367 0.001941702 9.54202E-4 0.004449628 0.002854523 0.003762269 0.002406209 7.7094E-4 0.002370251 0.002790007 0.002208735 0.00483183 9.90331E-4 0.00300504 0.004684313 0.004210993 0.002790545 0.001065867 0.00155206 0.009252994 0.001422571 0.002321588 0.003953637 0.00256957 0.001022823 0.008459055 0.001130778 0.00114262 0.002668322 0.003979776 0.001864384 0.001150993 0.002478042 0.003251978 0.002195769 8.96777E-4 0.00199417 0.004793779 0.002078081 0.002145876 0.002047171 0.003934767 0.003306371 0.001142851 0.002671105 0.001796557 0.003582958 0.002469427 9.04873E-4 0.002890215 0.002193791 0.003101792 0.001341727 0.004380936 0.003085999 0.00324509 0.00108299 0.002773969 0.005042507 0.002618459 0.001920464 0.003089662 0.006701664 0.002775224 0.002702386 0.002544685 0.003427641 0.00123004 0.001218443 0.00318863 0.001461265 0.001866098 0.003178222 0.003399956 0.001147662 0.003750757 0.00133996 0.001163443 0.003742056 0.007667766 0.002048763 9.30333E-4 0.003487884 0.005349897 0.003510101 9.19797E-4 0.001805345 0.002943791 0.002039973 0.007496004 0.00200219 0.002854134 0.001963507 0.001106671 0.002969359 0.00103887 0.004359824 0.002597587 0.001321405 0.003428568 0.003495428 0.002644131 0.001139808 0.00262322 0.003053918 0.003392212 0.00117846 9.62349E-4 0.008949306 0.002617593 0.002439168 0.008096055 8.12485E-4 0.002043903 0.002269024 0.003910548 0.001583259 8.14019E-4 7.65459E-4 0.002040803 8.42768E-4 9.1904E-4 0.003438403 0.003925827 0.001079614 0.002642528 0.001513014 0.001022776 0.002723213 0.003161484 0.003567198 0.001021892 0.001897867 0.002982917 0.001851524 0.00200221 0.00284083 0.002671146 0.002512699 0.002607733 0.003033653 0.002652235 0.002014642 0.001546855 0.00253461 0.001079985 0.002708804 0.003432498 0.002108953 0.003715087 0.004054155 0.003424069 0.001930142 0.00253615 0.002350145 0.002558269 0.002459824 0.001228983 0.004252765 0.004785067 0.002147561 0.00255478 0.001284081 0.010659518 0.002952748 0.002626604 0.00329234 0.002796702 9.60641E-4 0.00268546 0.002027219 0.001043931 0.002740007 0.004133048 0.003412375 0.003391993 0.001170776 8.48761E-4 0.001904919 0.002325688 0.00237833 0.001029906 0.003437536 0.002997888 0.001909071 0.001092858 0.004497451 0.00309751 0.003547248 0.002525672 0.003717507 0.0029201 0.003252641 0.001357359 0.002622318 0.002966331 0.003728065 0.003961953 0.00114107 0.002948779 0.003527909 0.002958485 0.002284487 0.00537084 0.002516692 0.002824308 0.001214622 0.001570595 0.00320708 0.002826287 0.003197034 0.002989768 0.003370071 0.003758555 0.002714296 0.002072687 0.001440045 0.001152986 0.001263954 0.005283171 7.3954E-4 6.51207E-4 0.001828253 0.002091747 9.33808E-4 0.002414828 0.001305318 7.65263E-4 0.001639709 0.001816619 0.0068243 0.001020308 0.003262553 0.002172483 0.00269095 0.002665782 0.001749484 0.004960084 0.001463405 0.001424112 0.001501897 0.001924457 0.002578557 0.002095443 0.001471109 8.43936E-4 0.002048012 0.001891558 6.89438E-4 0.001827188 0.001629812 0.00169773 0.003224567 0.003146771 0.004612891 0.00278241 0.002246243 8.09633E-4 0.00411725 0.003854178 0.001575683 0.001843932 6.7985E-4 0.001837426 0.001818165 0.002869707 0.001668239 0.001400443 0.00103264 0.002344243 7.34816E-4 0.001112647 0.00222525 0.003913182 8.64629E-4 0.002012365 0.004336186 0.003109654 0.003238726 0.002348372 0.001418942 6.53478E-4 0.001835372 0.002416295 0.001575391 6.3266E-4 0.001289794 0.001838087 0.001396542 0.001432124 0.002360788 0.002394128 0.001569547 8.08588E-4 0.003236668 0.002098596 0.001856998 0.001960553 6.41044E-4 0.003776681 0.002337463 0.003102054 7.54772E-4 0.002009439 0.001953343 0.002641803 0.001191199 5.47228E-4 0.00203783 0.003018018 0.00261941 0.002462975 0.00201338 0.002142769 0.003479395 0.007698913 0.001506869 7.16982E-4 6.2622E-4 0.001877226 0.002119917 7.36182E-4 0.004315629 0.004364524 7.79295E-4 0.001835223 0.001204116 7.87925E-4 0.004269017 0.001873421 0.001321634 8.52291E-4 0.002073478 0.002995255 0.001945881 6.49177E-4 0.001249059 0.001986461 0.006421817 0.001571773 0.001419169 0.001860621 0.003637172 0.001099348 0.002024554 0.002284029 0.002288426 0.002990258 0.002794149 0.002895159 0.001820766 0.001585518 6.71354E-4 0.001708128 0.001690338 0.00268276 7.65875E-4 0.001427522 0.004389299 0.002564443 0.00187175 0.004195042 0.00206568 0.003320484 0.003146863 0.002120218 0.001931093 0.001527443 9.74972E-4 0.004481581 0.003405922 6.96013E-4 0.001822279 0.00185686 6.74151E-4 0.001785238 9.69527E-4 0.001167801 0.002363446 0.003061976 0.003611469 9.92688E-4 0.00528038 0.003481283 0.001990057 9.85506E-4 0.001935848 0.002712938 0.003003312 0.00297065 0.002282847 0.003117417 0.002025752 0.001018295 0.005913956 0.001317186 0.003421882 0.002443245 8.49656E-4 0.002565406 0.002160316 0.001948453 9.3133E-4 0.00585116 0.002374904 0.003324466 0.001634376 7.35806E-4 0.00333019 0.002526988 0.003161872 0.003397231 9.79885E-4 0.004706743 0.002713884 0.002551799 0.003485715 0.001615507 9.33135E-4 0.002850347 0.001628108 0.002968535 0.002660707 0.00271463 0.001494954 0.007443156 0.001538204 0.001136704 0.002747305 0.004401746 0.007176355 0.001339896 0.002456403 0.003528944 0.003615378 0.001383068 0.003064588 0.004055206 0.003357809 0.00781463 0.00238474 0.002949495 0.002375358 0.001116587 0.002468893 0.001434085 0.002330433 0.0040541 0.001030069 0.002704884 0.002411343 0.002560608 0.008672916 0.005611794 0.009334551 0.004642381 0.001862066 0.001322352 0.003029876 0.002737448 0.002341506 0.004661353 0.001365131 0.004156291 0.007582507 0.004412728 0.002426993 0.001269287 0.001059184 0.008943642 0.001299658 0.001181429 0.003616873 0.003506265 0.001301642 0.002349081 0.001355372 0.001413244 0.001932949 0.003132553 0.003574931 0.001009702 0.0019909 0.002745519 0.002137525 0.001141374 0.001824606 0.008301333 0.001840443 0.001791319 0.002721983 0.007291384 0.002191457 0.00142747 0.001927502 7.35288E-4 0.001914337 0.003729143 8.35988E-4 0.003737524 0.00168274 0.00321643 0.002555542 0.002611737 0.002771863 0.003563374 0.002089344 0.001075082 0.00380577 0.001852269 0.001618602 0.002092598 7.52245E-4 0.003988313 0.003224268 0.003862734 0.003791698 0.001031118 8.19142E-4 0.003198468 9.24801E-4 8.08239E-4 0.005175762 0.002647736 0.001007024 0.003166146 0.001170181 9.16328E-4 0.002000586 0.002601543 0.002222859 0.001087885 0.002906074 0.005334857 0.002481075 0.001112044 0.00231614 0.00392585 0.002822773 0.003392628 0.003990971 0.003227285 0.002176872 0.001887906 0.004231548 0.005088404 0.002784535 0.004989352 0.003251419 0.004308378 0.00277705 0.003514616 0.002474365 0.002792587 0.002792725 0.003905189 0.003941525 0.001747501 0.003018241 0.003498708 0.002795212 0.004593777 0.001173101 0.003149324 0.003193674 0.003830499 0.003459615 0.001286099 0.001103367 0.004405576 0.003403502 0.001193446 0.004172679 0.004814286 0.002664875 0.004438936 0.001443278 0.001491222 0.004689539 0.003370514 0.003085488 0.001419989 0.002303126 0.010213612 0.004308946 0.002178748 0.002670918 0.004464952 0.00334025 0.00276098 0.001616934 0.002037023 0.001799014 0.001745246 0.002938114 0.001707351 0.003595801 0.001992817 8.25482E-4 0.002631806 0.00219581 0.004066471 0.001601762 0.002497514 0.001824646 0.001912277 8.61931E-4 6.28148E-4 0.002106112 0.010122226 0.00452966 0.005560203 0.002963238 0.004601555 0.003928255 0.005182642 0.001689401 0.003201977 0.002439764 0.00212569 7.45695E-4 6.83967E-4 0.002378074 0.002158786 0.004662107 0.002938326 8.8556E-4 0.001636878 0.004366511 0.003956179 0.003211974 0.001749716 0.002339763 0.005222909 0.002694974 0.00182687 0.004017423 0.004932611 0.003945063 0.002321998 0.002562362 0.004923364 0.003725858 0.001099826 0.002717217 0.00116282 0.00295086 0.007713382 0.0015219 0.004243965 0.004392597 0.002558989 0.00155478 0.002851663 0.005748408 0.003975234 0.001082802 0.001227238 0.006162771 0.00408774 0.004249167 0.003305744 0.001415797 0.004829365 0.004167521 0.004743569 0.005448913 0.001276218 0.002591854 0.003313763 0.008627717 0.001490898 0.003866608 0.00485399 0.00129038 0.00307326 0.002811078 0.001065411 0.002288708 0.003723894 0.00320465 0.001010412 0.002562198 0.00370245 0.00248165 9.63228E-4 0.002883012 0.005528972 0.003288996 0.003237546 0.002522357 0.003052886 0.002948695 0.002947453 0.003133502 0.003028724 0.004517911 0.002737631 9.85495E-4 0.003404198 0.002863985 0.003390784 0.001306325 0.004588777 0.002977278 0.002957387 0.00119097 8.16516E-4 0.002917787 0.003104761 0.002665655 0.004768448 0.001343092 0.003804042 0.006380597 0.004149428 0.002533628 0.005721591 0.001040244 0.003036022 0.003293522 0.00132704 0.004698558 0.005315171 0.00131775 0.003018102 0.002935223 0.002732816 0.002446515 0.003141421 0.003524805 0.001729932 0.003617674 0.003805291 0.002919303 0.001210525 0.002354018 0.003259552 0.003698453 0.004196264 0.002101533 0.00286744 0.002513788 0.001846934 0.004593892 0.001092374 0.002622748 0.00312754 0.002073093 0.003233335 0.002433308 0.002502343 0.001199798 0.002499461 0.002122288 0.003011072 0.002001939 0.001229703 0.003900558 0.003694582 0.003633704 0.003168497 0.002216804 0.004696075 0.002131642 0.001867383 0.001597136 7.78212E-4 7.96064E-4 0.005044206 0.002228899 0.002137253 0.002515263 0.004727957 9.69363E-4 0.009003284 0.001164704 7.99911E-4 0.001995751 0.004149659 0.003011839 0.001642315 0.003862656 0.005394003 0.002390058 8.24623E-4 0.003396042 0.004304098 0.001757579 0.003378873 0.002657069 0.004869373 0.003740659 8.31159E-4 0.001693101 9.49622E-4 0.002488551 0.003303315 0.002936128 0.00394585 0.001690072 0.001618898 7.66948E-4 0.003018231 0.002348076 0.002237746 0.001121253 7.10962E-4 0.004864741 0.003616948 0.002397044 0.003561553 0.002905975 0.004082557 0.002911249 0.002225286 0.002517798 0.001158655 0.002874406 0.003143512 9.22432E-4 7.08646E-4 0.002145529 0.003342153 8.70548E-4 0.002906682 8.56732E-4 6.73133E-4 0.001570047 0.002058365 0.003460505 0.00176391 0.001749637 0.005205616 0.007701069 0.002267196 0.003675506 0.002253985 0.006016512 0.001629593 0.001648005 0.003150937 0.001589923 7.33164E-4 0.001561349 7.7407E-4 0.002378556 0.004612181 0.001509822 0.002827912 0.001710167 0.00152182 7.62221E-4 0.002072202 0.003201916 0.003295239 0.001192048 9.16229E-4 0.004247394 0.002619309 0.002276358 0.004122777 0.002704756 0.005229804 0.003625044 0.002722367 0.002426392 0.005669326 0.001180383 0.004695906 0.001257467 9.97636E-4 0.003738743 0.00467686 0.002136199 0.004329099 0.001480279 0.004395663 0.004187791 0.005280597 0.002173465 9.08119E-4 0.002206404 0.003716123 0.003315936 0.001181952 0.002641183 0.004261128 0.002414702 0.002282886 0.002285966 0.004433206 0.003654868 0.001083769 0.002248325 0.001015996 0.002654368 0.008807541 0.002377961 0.005826391 0.003686494 0.003657204 0.001228468 0.003675748 0.002660118 0.008240812 0.001309434 0.002121191 0.003720922 0.003516578 0.005480343 0.003163393 0.001504892 0.003869384 0.003303038 0.004280337 0.004854061 0.002106441 0.00130037 0.003102563 0.004938707 0.002479278 0.00462391 0.002799373 0.001104673 0.003759393 0.002013481 0.001207396 0.002451338 0.003173221 0.003233282 9.95331E-4 0.009737744 0.003511597 0.00264737 0.001020243 0.003008919 0.002944017 0.004258294 0.003528633 0.002741314 0.002631918 0.002159088 0.002344668 0.002558926 0.001636927 0.004968721 0.002910757 9.6137E-4 0.003455154 0.003964704 0.002279054 0.001097527 0.004315239 0.004701106 0.004183689 0.001136832 7.6701E-4 0.003512286 0.003769655 0.00359839 0.003143015 0.001064087 0.004561687 0.003697257 0.00406098 0.003714871 0.001148203 0.001303386 0.003055728 0.001912546 0.001861552 0.00355441 0.00589704 0.001007746 0.002842972 0.001957807 0.001332116 0.006122253 0.003421612 0.002614128 9.61664E-4 0.002104022 0.003811509 0.003195464 9.71316E-4 0.002483948 0.004114866 0.003445657 0.002577226 0.001629984 0.002080065 0.002001798 8.85544E-4 0.001730138 0.001162594 0.003655851 0.003644177 0.00120943 0.002033574 0.002768673 0.004489618 0.001966017 0.002536216 0.004114836 0.001984653 7.52398E-4 5.57603E-4 0.002014979 0.00174103 0.002613391 0.002139845 0.00243155 0.005593046 0.002070418 0.001776777 0.001893467 0.002100861 0.001032908 0.00328039 0.003041133 8.30021E-4 0.002260581 0.002620777 7.42812E-4 0.002781646 0.001490853 8.13466E-4 0.001630832 0.007046448 0.001762075 0.001154577 0.002853674 0.002612981 0.002188721 0.002107005 0.003877095 0.002055589 0.001606942 0.001547726 0.001473859 0.003649135 0.002786315 0.001785958 0.001688807 7.48712E-4 0.0021385 0.002334612 0.001232329 0.004501561 0.005590318 0.001813612 9.58178E-4 0.00288257 0.003450955 0.003764324 0.00221006 0.002637381 0.002168807 0.001988134 0.00248675 0.00323902 9.73185E-4 0.002321157 0.002128957 0.002003078 0.003375051 8.15492E-4 0.001004654 0.003088818 8.55619E-4 0.001015307 0.007942637 0.005479417 0.001436418 0.002235844 9.29125E-4 0.001161243 0.002765765 0.003923055 0.002669702 0.002431878 0.001615701 0.002450769 0.001537214 6.89913E-4 0.001669934 0.003701685 0.001887678 0.0020546 0.001500745 0.005548444 0.002177137 0.001953587 0.003557717 0.002704001 0.001839892 0.002041519 7.37156E-4 0.002006024 0.006741804 0.003870823 0.001194624 0.001989347 0.001894657 0.00264016 0.00177324 7.00115E-4 0.002707312 0.002892601 0.001640181 0.001995102 7.42524E-4 0.002030993 0.002608526 0.003483397 0.003775939 0.00238319 7.82479E-4 0.002023642 7.3593E-4 7.31159E-4 0.003141892 0.003775477 0.001083089 0.002210196 0.001870789 0.00151516 0.004355856 0.004166063 0.003803743 7.56932E-4 0.001617537 0.002907093 0.003560393 0.001236098 0.0029079 0.002952501 0.00165578 0.002361545 0.00170355 0.005941501 0.002708154 8.65971E-4 0.002133772 0.001335235 0.002494256 0.002994427 0.002372818 0.004034306 0.00234581 0.001594316 7.75663E-4 0.00257218 0.003692061 0.002873574 8.66936E-4 5.69601E-4 0.00224679 0.001782717 0.001909283 0.002544334 9.39384E-4 0.002185358 0.002150198 0.006782582 0.001598027 0.002496571 9.74307E-4 0.003201255 0.004582346 0.001528642 0.006042113 0.004043066 0.00282022 0.003015869 0.00147133 0.002729305 0.005075995 0.001898405 0.001411963 6.3529E-4 0.001541903 0.002519625 0.003642986 0.001082472 0.002667607 0.003881051 0.00572954 0.001977095 0.001735406 0.005941888 0.001627468 8.39134E-4 0.001830094 0.003222604 0.006206105 0.001958542 7.06413E-4 0.002615255 0.00203146 0.001818736 0.002986262 0.00204155 0.001884778 0.001993866 0.001111715 0.001692917 0.003685864 0.002430537 0.002307524 0.005596006 9.13743E-4 0.00454303 0.002980363 0.003359345 0.001895759 9.92439E-4 8.58985E-4 0.001940212 7.81834E-4 7.46029E-4 0.002066106 0.002709203 8.16084E-4 0.002423784 9.49181E-4 8.36007E-4 0.002968559 0.004813254 0.002342561 6.84437E-4 0.001838095 0.002750491 0.002297242 9.64745E-4 0.001812304 0.002816101 0.001928216 0.002452712 0.003859754 0.009085369 0.003981043 0.00240484 0.003307384 8.06303E-4 0.001999206 0.004174478 0.002048314 0.002045372 0.001569564 0.001914445 0.001119648 0.002939971 0.003906613 0.002609074 0.005611414 6.3113E-4 0.003744125 0.002635837 0.004967399 0.003578121 0.002073098 0.002950992 0.002475936 0.003046357 0.002078248 8.83216E-4 7.5424E-4 0.002004212 7.63522E-4 8.44707E-4 0.002842267 0.002340762 8.4389E-4 0.002319404 0.002453196 8.65434E-4 0.002277404 0.002519735 0.00149023 8.54893E-4 0.003326263 0.004641682 0.001972759 6.63926E-4 0.001559533 0.002392767 0.004532443 0.003026138 0.004521672 0.002370779 0.001587459 9.43756E-4 0.004361019 0.001292793 0.003722773 0.004152931 8.50671E-4 0.003560353 0.002317032 0.003022828 0.001117252 0.002875946 0.002977955 0.003814518 0.001086512 8.56253E-4 0.002898907 0.002611122 0.002925571 0.002734658 0.001084839 0.003604987 0.004903194 0.003605139 0.003815142 0.004988852 0.001010477 0.002920749 0.001246572 0.001149675 0.004355817 0.003544959 0.001697115 0.00381993 0.001697519 9.79475E-4 0.002184762 0.003043224 0.002308932 0.001191053 0.002358516 0.004032903 0.002342723 0.001204682 0.002879474 0.003156854 0.002272002 0.002413898 0.003796435 0.003624201 0.002190782 0.001084365 0.003519327 0.00246556 0.003150939 0.00363028 0.001442321 0.002990776 0.002691156 0.002602624 0.001473604 0.002915064 0.003615293 0.003955467 0.001344112 8.04553E-4 0.002847467 0.002802446 0.003180266 0.003121185 0.001129148 0.002770461 0.003056748 0.002809665 0.002080634 0.001158532 0.001056244 0.00306362 0.001758798 0.001895368 0.004838059 0.003362297 0.003378528 0.004366002 0.001901593 0.001484468 0.003138263 0.004564682 0.004331705 0.001115856 0.002101637 0.00321006 0.003673495 9.74862E-4 0.002584477 0.002712688 0.002334305 0.003123338 0.002332807 0.00363034 0.00326287 0.001059496 0.002237724 0.001101077 0.003082176 0.006040703 0.001000109 0.002739699 0.002500791 0.003550501 0.002130843 0.004371922 0.003181655 0.003352067 0.001113537 0.001095331 0.003626155 0.003438311 0.003109447 0.004920997 0.002934085 0.005021562 0.008243478 0.002767789 0.003040914 0.002149088 0.001049782 0.002649685 9.8054E-4 0.001246214 0.003955835 0.003401412 0.001284044 0.004379289 0.001536231 9.71372E-4 0.002536434 0.003068528 0.007195557 0.001088905 0.003576882 0.005600774 0.002174069 9.94842E-4 0.00315965 0.003001029 0.007427853 0.002264433 0.002426237 0.003649551 0.002306756 0.001987011 0.002578977 0.001671121 0.002493467 0.002974809 0.001213439 0.003616822 0.002871208 0.003413216 0.001070325 0.003835824 0.006533519 0.003885904 0.001072092 7.64753E-4 0.003589566 0.002453306 0.002596582 0.004206474 0.002267258 0.002937606 0.003448872 0.003027011 0.002036919 9.2173E-4 9.05314E-4 0.003191868 0.002219633 9.99357E-4 0.003029008 0.004174118 0.002401352 0.002905356 0.001917451 0.001970953 0.002748017 0.002683599 0.002813124 0.005508632 0.002831419 0.003741182 0.002208429 0.001041637 0.002717321 0.00415018 0.004513157 0.002250926 0.002063513 0.003631888 0.003146929 0.002512341 0.004067538 0.00175258 0.004082438 0.004522084 0.001218565 0.003623346 0.002380731 0.002179849 0.001258883 0.003294889 0.002664538 0.003614525 0.001468112 8.3689E-4 0.00858947 0.002696447 0.003141735 0.002942094 0.001153049 0.002821834 0.002899779 0.008212686 0.002095043 0.001785637 0.001843767 0.002974562 0.001226213 0.002987118 0.004972055 0.003579666 9.60397E-4 0.004101615 0.002148255 0.001013546 0.001979993 0.002679763 0.002427198 0.001098401 0.002898644 0.003622375 0.002285705 0.001886127 0.003840354 0.00531823 0.002268794 0.002387459 0.002126628 0.002634374 0.002869243 0.005582423 0.002509157 0.001349128 0.002754001 0.004011926 0.001079733 0.00278768 0.002374623 0.002534961 0.001186478 0.003191252 0.003608778 0.003603105 0.001026039 7.49082E-4 0.002868186 0.002948057 0.003844675 0.004273645 0.001176941 0.003540614 0.003619722 0.003269129 0.003467805 0.001155603 0.001394356 0.003882888 0.001184094 0.002171706 0.003998751 0.002788677 0.001003184 0.003375664 0.008419352 0.001185735 0.002250919 0.003291423 0.002652545 0.001405684 0.003892647 0.004003069 0.002189517 0.001073637 0.002391336 0.003759584 0.002666675 0.005779247 0.002340206 0.002738138 0.002008098 0.003894503 0.00425541 0.003396726 0.002468179 0.0028007 0.001336828 0.005362168 0.002416626 0.002615189 0.001339184 0.004268718 0.00803521 0.002961151 0.001013469 0.001352437 0.002693418 1.99979E-4 0.002175187 0.003899915 0.00202511 0.004222232 0.003943319 0.004499634 0.002196219 9.98339E-4 9.59486E-4 0.003188605 0.002971238 0.001013613 0.003322662 0.004873288 0.001591589 0.004320492 0.001796792 0.001393323 0.001633946 0.002205133 0.001428122 7.39899E-4 0.002453541 0.002553802 0.003847025 0.001997514 0.001953366 0.002280408 0.001771405 0.002169042 0.003103228 0.003086253 0.002777493 0.001244559 0.004852803 0.001637257 0.0039815 0.002843913 0.001016884 0.002868816 0.003831538 0.0031364 0.002185117 0.002723247 0.002463382 0.00436345 0.001380476 7.39549E-4 0.006333809 0.001862039 0.001627215 0.002818204 8.77712E-4 0.003319576 0.002317383 0.002366553 0.003919565 0.002419051 0.001281473 0.003697415 0.001586785 0.00608839 0.003374739 0.005866739 7.65074E-4 0.002085958 9.21728E-4 0.001002023 0.005402629 0.003071897 0.003844476 6.89357E-4 0.001567585 0.002382256 0.001531175 0.004896879 0.002087157 0.004041727 0.002376234 0.002158735 0.00210195 0.002696912 0.002201348 0.001190201 0.002327478 0.001086281 0.002697384 0.005883003 0.001621365 0.004908904 0.003974939 0.007895528 0.001134527 0.002956443 0.005097429 0.002693788 0.001032766 0.0013084 0.004655791 0.003148103 0.002287179 0.002864556 0.001184939 0.003341631 0.002957449 0.003145734 0.003976068 0.001138378 0.001021507 0.003011244 0.001231739 0.001177742 0.009404141 0.00484157 0.001617564 0.005749782 0.001680675 0.002493973 0.007992547 0.003163226 0.002009024 9.21847E-4 0.002815196 0.003964772 0.002413715 0.002431607 0.003699573 0.002807975 0.002130365 0.002209436 0.00614056 0.002797894 0.002669992 0.001393587 0.002366455 0.001058683 0.004248469 0.002897332 0.001621249 0.004382739 0.001573347 0.001555057 7.93556E-4 0.002061205 0.00439127 0.002024957 8.41147E-4 9.09448E-4 0.002162927 0.001720204 0.001682707 0.00199204 8.98606E-4 0.002073896 0.002133537 0.001952425 0.002286518 7.90548E-4 8.39145E-4 0.004004021 9.68037E-4 0.00517018 0.002763765 0.00430936 0.002125487 0.001986172 0.001287179 0.001402785 0.005169776 0.004088705 0.001474854 8.16187E-4 0.002265497 0.003802588 0.001634624 8.87448E-4 0.002003352 0.002604828 0.002980763 0.002274426 0.001641699 0.002531517 0.00206663 0.001301564 0.002162362 8.31811E-4 0.001823129 0.001990109 0.001521766 0.002357689 0.002187137 0.001668419 0.001442933 0.002605627 0.003288963 0.003722154 0.00335228 0.001076796 0.00645783 0.002895536 0.002162246 0.008009537 0.002265197 0.00419334 0.002253635 0.002695148 0.00375708 8.54806E-4 8.93779E-4 0.002100016 7.5118E-4 7.19865E-4 0.002183709 0.004181778 8.94951E-4 0.002092155 0.001449554 0.001302785 0.002766297 0.006038473 0.001778889 8.03306E-4 0.003042497 0.003012822 0.002262462 0.001728051 0.003497299 0.004119733 0.002720245 0.001790418 0.001992694 0.002344701 0.007891211 7.79274E-4 0.001710266 0.001972226 0.003208741 0.002575882 9.29612E-4 0.008544398 0.002678526 0.003245012 9.96743E-4 0.002139656 0.002067189 0.003501983 0.005781089 0.001000003 0.004995823 0.001862065 0.001565055 0.002740709 0.001747908 0.004007518 0.003002619 0.002970127 0.001618568 7.45122E-4 7.34505E-4 0.002209602 0.001082631 8.33768E-4 0.00304137 0.00385323 0.002639325 0.002234591 0.001035121 0.002565132 0.004058243 0.002391292 0.004909043 9.16852E-4 0.003709477 0.004307272 0.001626639 0.001114029 0.002329873 0.003459877 0.002151226 0.003275909 0.0016056 0.002003031 0.001818042 0.001725905 0.001931998 0.001181096 0.004473787 0.005365213 0.00105919 0.002682817 0.002492301 0.003746613 0.001235496 0.002975457 0.003191472 0.002818271 0.001008674 0.002125245 0.004591664 0.007529629 0.002152615 0.002784203 0.001458433 0.004572074 0.004923049 0.003612381 0.003376487 0.001105376 9.77587E-4 0.002935889 0.001074946 0.002227158 0.00292182 0.003503515 0.00206628 0.003418687 0.002023846 0.001994729 0.002079145 0.002745196 0.003189416 0.001038139 0.006507851 0.004690762 0.002927023 0.001204883 0.002633696 0.002976265 0.004091701 0.003281695 0.003857129 0.002809103 0.002837879 0.001099432 0.00219578 0.001035508 0.002375905 0.003151364 0.001226899 0.002833938 0.002253559 0.002386503 0.001474364 0.003533682 0.003322441 0.010697617 0.001044918 7.83744E-4 0.003579287 0.003055573 0.002242922 0.002676139 0.002648984 0.003098978 0.004397821 0.003144066 0.002241886 0.001070873 0.001368212 0.004953105 0.001329592 0.002652679 0.00374959 0.004422573 0.001116457 0.003006334 0.001520017 9.50467E-4 0.003809576 0.00499712 0.00415174 6.95645E-4 0.001593512 0.00242076 0.001579422 0.001930273 0.002567317 0.002628204 0.002598987 0.001810513 0.001588522 0.002664245 0.002250226 0.00180777 0.003493153 0.001454867 0.005523026 0.003825731 7.83925E-4 0.002377807 0.001725693 0.002012747 0.001362619 0.00197982 0.001910289 0.002319932 0.001164075 8.81079E-4 0.003596619 0.001909961 0.003036353 0.006068678 0.00315713 0.003827478 0.002271716 0.00204351 0.001954707 8.87361E-4 0.002627241 0.007992684 7.92055E-4 6.9648E-4 0.002172005 0.002798496 0.001622422 0.004575534 0.001016306 6.72092E-4 0.003966071 0.002079983 0.001687944 0.001763727 0.001581286 0.002372306 0.001510821 6.76637E-4 0.001701772 0.00341142 0.003221881 0.004313923 0.001852369 0.002302892 0.001811638 7.69255E-4 0.005791676 8.0682E-4 0.003489197 0.003388582 7.62879E-4 0.002011691 0.001624668 0.001757141 0.001415657 0.002049267 0.002418789 0.002464316 7.73263E-4 7.0262E-4 0.00258035 0.002500419 0.003310018 0.004442386 0.001526113 0.004252253 0.002185065 0.002115354 0.001694185 9.42659E-4 9.41845E-4 0.002968564 0.002255685 0.001241825 0.003714913 0.00339093 7.75973E-4 0.002207788 0.002050671 9.82463E-4 0.002341234 0.002570192 0.003421274 0.00162869 0.00169505 0.002514872 0.001621943 7.77479E-4 0.003773383 0.002276396 0.00578244 0.002742354 0.003279348 0.001934123 0.001697701 0.00184978 0.00170088 8.16586E-4 0.001745336 0.002961121 0.002109846 0.002494981 0.001739897 0.005143596 0.003118921 0.002822936 0.002287334 0.002318645 0.001214525 0.001052672 0.003939826 0.002007418 0.002733821 0.003793541 0.001209489 0.002300933 0.003887791 0.002708182 0.003789625 0.001124222 0.003400417 0.005692887 7.88078E-4 6.92843E-4 0.001918157 0.002914558 0.005357792 0.003877321 0.001121738 7.09463E-4 0.001617564 0.002132492 0.002916772 9.01042E-4 0.003660732 0.004694679 0.001629685 6.83307E-4 0.001665274 0.003305128 0.002483901 0.003085692 0.002322989 0.00410068 0.001469893 6.85986E-4 0.001466085 7.64457E-4 0.001931537 0.002757898 8.91752E-4 0.002938355 0.002832243 0.003430038 0.00120917 0.002810772 0.00269722 0.003907477 0.002147022 0.001276649 0.0040905 0.002486095 0.00236132 0.003245823 0.002172966 0.003400774 0.003927364 0.003252206 0.002598217 0.001305137 0.001138467 0.00477271 0.003058338 0.002154361 0.00479698 0.005718001 0.00166477 0.0042972 0.001923874 0.001097548 0.003026544 0.006551896 0.002253228 9.94683E-4 0.00203692 0.007323828 0.00302379 0.001079217 0.002515081 0.00273587 0.002020714 0.002050616 0.003236894 0.00291598 0.00351847 0.001020717 0.002156397 0.001012059 0.002981663 0.004252486 0.001272747 0.003480894 0.002269812 0.002137648 0.001099701 0.004544298 0.00681726 0.007123271 0.001004669 7.5449E-4 0.002739836 0.002449006 0.002343951 0.003667334 0.002074232 0.004146179 0.002742824 0.003178451 0.002715719 0.001822775 0.001426062 0.002331193 0.002533836 8.18769E-4 0.002682895 0.006131576 0.001198026 0.003919558 0.002606724 0.001838562 0.00397753 0.004945029 0.00225837 0.001353546 0.004760188 0.002563143 0.0024036 8.4767E-4 0.001716681 0.002029195 0.002641017 0.006470977 0.003676134 0.003772244 0.001881364 0.001064221 0.009113672 8.23314E-4 0.002123851 0.003325323 0.002337648 0.004161009 0.001748199 0.002556642 0.002290388 0.004072007 0.00197175 0.004150919 0.002713008 0.001287205 0.002596758 0.007102906 0.001932742 0.002371952 0.001949228 0.004118407 0.004278001 0.002027864 0.008041684 0.003315949 0.001112691 0.002618229 8.34227E-4 0.001300424 0.003146189 0.002736779 8.11715E-4 0.002100578 0.0010699 9.25948E-4 0.005522667 0.002160228 0.002513024 8.36436E-4 0.002979575 0.004705562 0.001859612 8.8143E-4 0.003780574 0.002193099 0.001620086 0.001614077 0.002140893 0.006962159 0.002987304 0.002385115 0.003289871 0.002790055 0.002247071 0.003617372 0.001299603 0.003631215 0.001862878 0.001778673 0.00191802 0.002589862 0.002887822 0.003056507 0.001460551 8.62371E-4 0.003846307 0.007372677 0.002292193 0.004547816 0.001488024 0.002975458 0.004487517 0.002298508 0.003343503 8.9058E-4 8.13761E-4 0.003291735 0.004859419 0.001210491 0.002853017 0.002266874 9.85482E-4 0.002134476 0.001613368 0.003454842 0.004055779 0.002155514 0.00177885 6.75171E-4 0.00202611 0.003416037 0.001750533 0.002074085 0.002580829 0.001960447 0.001555817 0.002586064 0.002812998 0.003764474 0.001662729 9.01254E-4 0.001925193 0.001539312 0.002317238 0.003427423 0.001806179 0.003352362 0.001755857 0.001780533 9.87774E-4 0.004240507 0.002929234 0.003890128 9.22313E-4 0.001289509 0.002314086 0.002359968 0.003691847 0.002354983 8.56438E-4 0.002777152 0.001984445 0.00180788 0.001470151 0.001037652 8.18993E-4 0.005057029 8.01536E-4 0.001004881 0.002452546 0.003564024 8.05375E-4 0.002060274 8.6155E-4 7.64147E-4 6.34098E-4 0.008510465 0.001687559 8.61997E-4 4.39695E-4 0.004029627 0.003126867 0.001067906 0.003073366 0.003908337 3.41328E-4 1.81169E-4 0.001492781 0.002264341 2.94899E-4 0.001563459 0.001689155 7.82888E-4 0.002720508 0.002157001 0.001031625 0.002904131 0.00170755 2.99758E-4 0.001267346 0.003624274 0.003863216 0.005126907 7.59459E-4 6.85222E-4 2.0908E-4 0.002253379 0.002736331 0.00193138 0.005820508 0.003513793 0.003003284 0.003078749 0.001824074 0.001302598 0.002770992 4.91571E-4 0.002485169 7.90646E-4 0.002106809 0.002612348 0.005280237 2.75252E-4 0.001167677 0.001169727 0.0073814 0.002201205 0.002161567 8.33244E-4 0.004701485 0.002639805 0.002205282 0.002055076 0.002049357 0.002287341 0.002186 0.002417874 0.002497166 0.004052113 0.001897926 0.001368937 0.001706376 9.39329E-4 0.002531366 0.008002518 0.002227964 0.002305939 0.001984991 0.001813271 9.88392E-4 0.00328678 0.002127912 0.002186217 9.19961E-4 0.001282917 0.002212276 0.005097344 0.001859573 0.00250813 0.001870291 0.002126017 0.001915516 0.001788634 0.002939804 0.003842379 0.001774349 0.002761419 7.75648E-4 7.20548E-4 0.002002744 0.003837399 0.001719189 0.005067684 0.001710847 7.24045E-4 0.002109939 0.00218919 0.001468644 0.001319597 0.002048894 0.002807697 0.002158085 0.001571998 0.00201446 0.002280605 0.00273102 0.001794991 0.004110089 0.002090459 0.001692528 9.67541E-4 0.002629734 8.4525E-4 0.003091625 0.003217481 0.002080249 0.003904211 0.004609827 0.003594583 0.002986319 0.001984488 0.001821842 0.002434224 8.75274E-4 9.55571E-4 0.003443185 0.001805171 0.001822481 0.00209641 0.001513965 0.002701791 0.002689692 0.002028448 0.001693215 0.001540188 0.001747922 0.004018456 7.75197E-4 7.01762E-4 0.001904077 0.002361699 8.38199E-4 0.002189183 0.001136675 9.18371E-4 0.002681341 0.002153983 0.001986716 0.001740844 0.004850005 0.00356694 0.00211743 7.84376E-4 0.00180867 0.002053693 0.001711092 0.002489245 0.001967192 0.002479487 0.002974002 0.002312731 0.002605126 0.002282569 0.003725554 0.003114651 8.58652E-4 0.00347309 0.003246031 0.001970878 0.001045944 0.00454576 0.003715517 0.002297069 7.13642E-4 5.86053E-4 0.002354307 0.00234386 0.002925897 0.001874937 7.82756E-4 0.002404972 0.003601136 0.002379625 0.00279871 0.006932551 7.68487E-4 0.002091525 9.21095E-4 8.50691E-4 0.002897692 0.002891238 0.001639749 0.006659832 0.00103395 7.45646E-4 0.001522546 0.002434531 0.001807065 0.004384172 0.001854007 0.004162444 0.00251401 0.001296473 0.001979476 0.002599867 0.00179855 0.002284669 0.003795153 0.002508142 0.004952531 0.001151593 0.00703034 0.003216981 0.00523688 0.005068236 9.85452E-4 0.002369485 0.00466475 0.002813708 7.63964E-4 0.002171621 0.005027461 0.00245496 0.002564887 0.00146161 0.002194854 0.001697423 0.002512567 0.002882894 0.001798981 0.003483167 0.002699952 0.003328214 0.001757017 0.001979511 0.001188718 0.00245862 0.001960185 0.001397991 0.002002953 0.001826492 7.20213E-4 0.002886142 0.001695793 7.72707E-4 0.002009829 0.00229268 0.002130606 7.04021E-4 0.001710251 0.003728233 0.002177015 0.001857567 0.002621989 0.002931881 0.002448177 0.001783051 0.001476812 0.002148223 0.002767363 0.001398081 0.002281989 0.003013292 0.001694764 0.003634807 8.22951E-4 0.002076319 0.007387023 0.001825356 0.001567654 0.002325021 0.002326554 0.002501894 0.00114114 6.17733E-4 0.002638428 0.003347618 0.003978456 0.002119788 9.42633E-4 0.002595346 0.003350499 0.003499172 0.001825599 8.41365E-4 0.001101375 0.003306439 0.001574223 0.001517732 0.004773533 0.00254836 9.35068E-4 0.002795893 0.001000906 0.001046901 0.002659365 0.002804885 0.00175269 7.10114E-4 0.001649139 0.002525703 0.002748613 0.002740161 0.002181122 0.005079573 0.002123461 0.003477049 0.002951758 3.48609E-4 0.001916175 7.5453E-4 0.00245302 0.003573366 2.22284E-4 5.17451E-4 9.22072E-4 2.01852E-4 0.002194825 0.003660532 0.001560829 3.51136E-4 3.89511E-4 0.003534277 9.31131E-4 6.6778E-4 0.002032763 0.003157945 0.002972374 5.80283E-4 0.001226624 0.001292738 7.00787E-4 0.001118569 0.002169868 0.002686413 0.001790555 0.002095076 8.42742E-4 7.56906E-4 1.53148E-4 0.002771036 0.006459658 0.002839989 0.001509859 7.43609E-4 0.001541465 1.78189E-4 1.68994E-4 6.42535E-4 0.002689713 0.005340826 1.92881E-4 0.002187851 2.05309E-4 0.002005943 0.002276264 0.002567464 5.1554E-4 0.007095082 0.002910852 9.42492E-4 3.82115E-4 0.001156886 0.002650048 0.002275635 0.001166858 0.002476966 8.71789E-4 0.002343371 9.63842E-4 0.003196235 0.003696079 2.20692E-4 0.001037205 5.9238E-4 0.002421085 0.00348205 3.05989E-4 0.00238081 0.001310358 0.002088061 0.002096419 0.007372732 0.00163005 0.002328361 8.59945E-4 0.002349826 0.001123511 0.001324832 0.003725785 0.004466862 0.001666419 0.002245217 0.001165161 7.25986E-4 0.001746682 0.003094561 0.00189631 0.001496216 0.002741364 0.002767975 0.002346907 8.82307E-4 0.008331564 0.004147503 0.003953287 0.001681228 0.007074397 0.004193898 0.004094532 0.003005301 0.002369198 0.003055449 0.002449209 0.002504496 9.09831E-4 0.002928429 0.002268372 0.002273357 0.001559159 0.004473786 0.001926683 0.002018977 0.001968043 6.17927E-4 0.002227543 0.00793576 0.002312544 0.002205545 8.51019E-4 0.00774368 0.002278612 0.003343049 0.001802097 7.75845E-4 7.29087E-4 0.002805349 0.001716578 0.001175449 0.003167512 0.002818902 8.90694E-4 0.003042193 8.19148E-4 9.43022E-4 0.001783286 0.002859421 0.001780013 0.001646068 0.003826089 0.007662194 0.001704247 8.68811E-4 0.002551376 0.002734942 0.001623856 0.002224982 0.00378919 0.004700005 0.001669273 6.95319E-4 0.001609211 7.47693E-4 0.002280338 0.003272626 9.76247E-4 0.002971275 0.001859599 0.003927152 0.003797079 0.002106371 0.00202248 0.002135175 0.001372841 7.49788E-4 0.002690907 0.001873203 0.00186767 0.002339393 0.001307611 0.002370465 0.004286628 0.002344275 0.004102898 9.42615E-4 0.002107419 0.003969665 0.001120949 0.002299078 0.002441009 0.005399559 9.27786E-4 0.003241038 0.00557617 8.00956E-4 0.00167932 0.002271013 0.002437607 0.001290102 0.004045382 0.002853337 0.001804373 7.24634E-4 0.002025198 0.00455241 0.001726786 0.001699045 0.001562287 0.007310761 0.002428268 0.001203809 0.001695057 8.06405E-4 0.002712509 0.002117166 0.001157262 0.002004872 0.001720578 0.007883791 0.001801035 0.003777802 0.002538387 0.002749968 0.002172995 7.90763E-4 0.006097703 0.00280462 0.002041123 0.002340796 0.006454209 0.002204471 0.002340839 0.006188456 0.001721302 9.92713E-4 8.23299E-4 0.00872741 8.64102E-4 0.001146758 0.002694689 0.004886612 9.01257E-4 0.004135452 0.001117304 6.89021E-4 0.00165457 0.002917531 0.004635959 0.003198248 0.001936056 0.008067984 0.001617224 6.90827E-4 0.001738808 0.002729029 0.002432615 0.002424157 0.004306646 0.002081704 0.005188377 0.001218502 0.001735492 0.003763382 0.003294215 0.002128196 7.75416E-4 0.002561277 0.007123878 0.003457905 8.81233E-4 0.001887902 0.00194778 0.00212274 0.002192822 7.88976E-4 0.002222219 0.002947563 0.001929726 0.002073836 9.36781E-4 0.001996473 0.002768271 0.002875464 0.001623578 7.72561E-4 9.13413E-4 0.002656583 0.00213703 0.001236981 0.00267626 0.003892655 8.59867E-4 0.002182061 

Timer for Syntactic Relevance:: 143.405720919
Timer for solver: 20.415932726
		WINDOWS8.SPLX	WINDOWS8_C500_0.TESTCASES
			Diag: [mandatory(MakeTheKeyboardEasierToUse, MakeItEasierToType1), requires(AdjustTimeLimitsAndFlashingVisuals2, AdjustTimeLimitsAndFlashingVisuals), requires(TurnOnNarrator3, TurnOnNarrator), requires(ControlTheMouseWithTheKeyboard2, ControlTheMouseWithTheKeyboard), (((~Bold \/ Bold1) \/ Bold2) \/ Bold3), requires(SetupMouseKeys2, SetupMouseKeys), ((~Microphone \/ Microphone1) \/ Microphone2), ((~Magnifier \/ Magnifier1) \/ Magnifier2), requires(SetupMouseKeys1, SetupMouseKeys), ((~Advanced \/ Advanced1) \/ Advanced2)]
			Diag size: 10
The size of Consistency checks: 13258605
The number of Choco Solver calls: 15700
The number of different: 3
The number of INconsistent: 171
The number of union: 303
The number of post constraints: 13258605
The number of consistent: 15529
The number of unpost constraints: 13258605
The number of Consistency checks: 152

Timer for Syntactic Relevance:[thread=1]: 68.349088304
68.349088304 
Timer for solver[thread=1]: 40.11584927
0.001283872 0.003962952 0.001530297 2.20546E-4 0.001170203 0.003135537 0.002738955 0.002370207 3.26206E-4 0.005883367 2.34618E-4 0.002065422 0.001566969 0.00153268 0.003211252 0.001391513 0.002998689 0.003371737 5.10472E-4 0.003221423 0.001498123 7.49012E-4 2.35824E-4 0.003413155 0.001839803 4.04392E-4 3.27288E-4 6.20882E-4 4.29965E-4 3.43917E-4 0.003929667 0.003287955 0.002537527 0.002721058 0.00225971 0.002789768 0.002205878 0.004508416 0.002128047 9.25916E-4 9.84497E-4 9.94914E-4 0.001597087 0.001909293 0.001891086 0.003526074 0.002355715 6.59461E-4 0.002362896 0.001063341 2.05168E-4 1.42815E-4 7.47298E-4 2.31335E-4 1.85812E-4 2.10282E-4 3.22455E-4 2.40567E-4 1.8047E-4 4.98457E-4 0.003019947 0.003030993 0.003047142 0.002685532 0.003302954 0.001249081 0.003895427 0.003871098 0.001469408 0.005127189 0.001743267 0.001921668 0.002886307 0.005365868 0.003295231 0.001865557 0.003580922 0.002638543 0.00341598 0.002877497 0.003371438 0.002605116 0.002576936 0.002405232 0.003665929 0.004039773 9.2457E-4 0.001523372 0.001526741 0.00319868 0.004416344 0.002194309 0.003447924 0.002546398 0.003974548 0.001359155 0.003425873 0.002694326 0.001324901 0.001275031 2.93017E-4 2.93979E-4 3.48045E-4 2.39951E-4 3.18396E-4 2.25553E-4 1.69575E-4 1.64301E-4 1.5825E-4 1.68915E-4 2.91044E-4 1.89633E-4 2.21808E-4 0.001573798 7.41252E-4 2.25865E-4 5.71699E-4 4.47171E-4 3.9114E-4 1.81674E-4 0.002153257 9.98257E-4 7.03509E-4 2.19197E-4 2.54742E-4 0.001408642 2.80933E-4 4.68265E-4 2.00106E-4 2.31222E-4 0.001264201 0.003669152 0.002295684 0.003169936 0.003288735 0.003554936 0.002082767 0.003775505 0.003642351 0.004199539 0.001489769 0.001348721 0.00223671 0.00265595 0.00284084 0.002331102 0.001963417 0.002319215 0.003911313 0.006292057 0.001120284 0.004488084 0.004424566 0.001608066 0.002804683 0.005310713 0.005225189 0.001947839 0.004982406 0.001925148 0.003689491 0.004420539 0.0015568 0.004080353 0.002751361 0.004378901 0.002011179 0.003518899 0.001432898 0.002522288 0.003714624 0.001550064 0.007402009 0.006712941 0.00482476 0.005209345 0.001309979 0.009536486 0.002237872 0.003881028 0.004533408 0.003209672 0.003433815 0.008538609 0.001925458 0.005355373 0.006976836 0.002876463 0.010058799 0.005095305 8.05031E-4 0.002840271 0.002775972 0.004443793 0.004242447 0.002821378 0.004522773 0.003659534 0.006028021 0.004880876 0.005142302 0.002967763 0.00371954 0.012010192 0.002019337 0.002600353 0.002708945 0.005710199 0.003585487 0.009321544 0.004422172 0.003130003 0.004664155 0.005385762 0.004259264 0.006811856 0.004175416 0.004043485 0.001762527 0.004948347 0.006133004 0.003052926 0.00570104 0.006384857 0.003044508 0.007576588 0.007487936 0.005409385 0.003338718 0.00475439 0.006082738 0.006446683 0.003588927 0.005706733 0.0055419 0.003344551 0.006575791 0.003933902 0.007796534 0.007045759 0.002725412 8.76995E-4 0.002239849 0.005510775 0.005058849 0.002388994 0.010328685 0.005776464 0.003784957 0.003133947 2.76978E-4 0.001055295 2.08117E-4 3.02851E-4 4.68312E-4 3.35818E-4 0.001101052 3.7052E-4 2.2519E-4 3.44612E-4 6.66719E-4 4.64212E-4 7.18279E-4 2.41889E-4 1.79769E-4 2.52853E-4 2.11885E-4 3.58245E-4 2.47383E-4 4.62926E-4 1.46619E-4 2.91431E-4 0.001427342 3.99621E-4 5.24807E-4 0.001133593 3.61072E-4 0.00118314 4.6552E-4 4.15569E-4 2.99225E-4 1.73655E-4 1.86678E-4 4.67813E-4 2.37463E-4 2.16049E-4 4.16426E-4 2.46458E-4 3.09731E-4 2.30592E-4 4.32498E-4 4.25819E-4 1.94832E-4 2.79713E-4 2.77699E-4 2.22233E-4 1.84978E-4 2.59217E-4 1.67435E-4 1.70071E-4 0.002937911 0.003103604 0.003228447 0.003224664 0.007578585 0.005739197 0.004107786 0.003252543 0.011582827 0.004728257 0.001593224 0.008525817 0.009896933 0.008607234 0.004652894 9.79953E-4 0.002840342 0.005581497 0.00669505 0.003415844 0.005424093 0.004643937 0.003411861 0.004652335 0.004629673 0.011590222 0.002054114 0.010013969 0.004220255 0.009643569 0.003847075 0.004402215 0.005870996 0.006755221 0.007279618 0.008669066 0.00529144 0.007361065 0.003170193 0.009468689 0.009117482 0.007201183 0.007285937 0.003533202 0.004562963 0.007047095 0.008067515 0.004142765 0.006273628 0.008031669 0.005315991 0.004944483 0.004945941 0.003653507 0.007496159 0.002423396 0.002927561 0.008320816 0.007866012 0.00351561 0.003730829 0.006422855 0.005366197 0.008708769 0.006781511 0.009199929 0.005628249 0.007662825 0.006223946 0.005294736 0.006263181 0.003835397 0.002570245 0.006067302 0.00833854 0.009693336 0.010936553 0.01179248 0.004970718 0.003161429 0.005868022 0.01071049 0.002395214 0.005784909 0.0125163 0.002316027 0.010466577 0.006252525 0.012068674 0.008958028 0.008946729 0.014299907 0.020869567 0.006409459 0.00636107 0.010858573 0.008788177 0.017802355 0.014845046 0.015427023 0.01072732 0.013224194 0.002914603 0.013001379 0.014911683 0.006131382 0.006524919 0.011150223 0.005098188 0.011360108 0.009253774 0.011071743 0.016407332 0.009211918 0.010575592 0.007838212 0.016350241 0.022998791 0.014748361 0.009257023 0.002844582 0.017261126 0.011199629 0.013126545 0.01451881 0.01172641 0.005763699 0.010019349 0.012234584 0.020498272 0.014947203 0.006946784 0.005824046 0.010140753 0.006351076 0.010033668 0.01501977 0.008601603 0.020138924 0.015922872 0.010069574 0.015801863 0.010444069 0.010335465 0.009562215 0.00790218 0.011501829 0.014488784 0.013467956 0.00710872 0.007942912 0.004110718 0.016119631 0.010118479 0.009397747 0.009773758 0.007021151 0.008747928 0.005122232 0.008295741 0.016821999 0.010244115 0.010870866 0.005135711 0.011636157 0.009263563 0.011232296 0.011105211 0.011061329 0.00584563 0.010740397 0.00906492 0.009403027 0.006004703 0.001752323 0.007340323 0.014247913 0.001620138 0.003546463 0.001719359 0.003529486 0.007487477 0.003906991 0.003821599 0.00397376 0.003160847 0.003070126 0.002734401 0.010093811 0.004970411 0.002740977 0.001196107 0.002825948 0.001222236 0.005178303 0.004759144 0.002883087 0.002837682 0.002073931 0.001793583 0.00426895 0.005356846 0.005421784 0.003060496 0.009943794 0.003905809 0.005777416 0.002715314 0.002584797 0.002685326 0.004568347 0.007459624 0.002856437 0.00333921 0.004387347 0.002966377 0.006870005 0.003301059 0.004485822 0.003435524 0.004901988 0.011301334 0.002891165 0.002727701 0.004105339 0.007412032 0.00877275 0.011217957 0.005863702 0.005864626 0.004130039 0.006759453 0.007764895 0.005556341 0.012582077 0.008345628 0.005510013 0.005126307 0.007247524 0.005049867 0.006129097 0.007162666 0.005592225 0.00569602 0.008315148 0.005574342 0.00527178 0.004781833 0.004427351 0.003314449 0.003504726 0.005332481 0.005477203 0.008907649 0.004357801 0.003080099 0.005119583 0.005278861 0.00434662 0.00632187 0.003034009 0.0030171 0.004142321 0.003383242 0.004362045 0.005487459 0.003772231 0.00790266 0.006049777 0.005124694 0.004452777 0.005663963 0.004168663 0.003764184 0.004145458 0.005454353 0.00541714 0.00526645 0.005662051 0.007190503 0.008983589 0.006046087 0.006638175 0.004377167 0.004335089 0.003666484 0.005991421 0.006060286 0.006839845 0.006848465 0.004469868 0.004873991 0.00355386 0.00419197 0.003816176 0.0030743 0.003691137 0.003370916 0.003442591 0.007662227 0.010432347 0.00571212 0.004212946 0.005797787 0.005076865 0.004058823 0.003551711 0.003422172 0.005665079 0.005091771 0.004620942 0.00512932 0.005219292 0.004986854 0.006124054 0.005092056 0.004122702 0.003876242 0.005612152 0.008567666 0.008316909 0.005407301 0.007067242 0.021110947 0.022526594 0.011807153 0.00692575 0.004348673 0.004789011 0.006281059 0.005372603 0.005009596 0.004824265 0.005403901 0.004999637 0.005281155 0.004962406 0.003170628 0.005273273 0.003372842 0.004710783 0.005285104 0.003805587 0.003190721 0.003560658 0.004914009 0.004891973 0.004791812 0.004137648 0.004476651 0.006750733 0.005860112 0.004535909 0.007292713 0.005021483 0.004926359 0.004632289 0.004217597 0.004894335 0.008333353 0.005458449 0.007888856 0.008093789 0.009110912 0.005282741 0.00646776 0.00529278 0.006528053 0.004962587 0.004833554 0.005123116 0.004981875 0.007116924 0.005668518 0.009536377 0.004651573 0.01000644 0.0069748 0.008475457 0.005688649 0.004245823 0.004161656 0.006216261 0.003885827 0.003772598 0.003701097 0.006649128 0.00705867 0.003819883 0.004513689 0.004424789 0.007360568 0.005932274 0.006503362 0.002987761 0.004539184 0.006421161 0.00306262 0.003940799 0.006290174 0.005382108 0.004991759 0.011041129 0.005966881 0.009196343 0.003694356 0.003265298 0.005482312 0.005898538 0.00546949 0.008132781 0.003665324 0.006119532 0.00317017 0.00427265 0.003094413 0.002977454 0.007189012 0.005430936 0.003961446 0.004816361 0.003173 0.003660738 0.005287408 0.004510968 0.009524152 0.005617753 0.005647906 0.007003394 0.005690058 0.00651553 0.00631179 0.007940482 0.005922073 0.00764718 0.008990117 0.005472284 0.003537187 0.003643018 0.004866499 0.008850895 0.006423361 0.009377784 0.01208976 0.008338114 0.007904017 0.007412185 0.007543294 0.007916157 0.00808152 0.006445091 0.005837434 0.011020237 0.008230236 0.007470069 0.004854963 0.006136433 0.006127342 0.008261897 0.008895121 0.007912536 0.006482123 0.008139552 0.008358272 0.009010147 0.005305558 0.005817447 0.007929433 0.007957559 0.006749456 0.006740555 0.008595817 0.008293 0.014306534 0.005662356 0.009025402 0.007489154 0.009611581 0.006090416 0.009033536 0.00894444 0.007729978 0.008918305 0.006710569 0.006871933 0.008108278 0.010643955 0.007235096 0.006830313 0.007689701 0.008439296 0.005560665 0.004765722 0.004606275 0.004413152 0.005473595 0.008534537 0.007155199 0.009622956 0.004515239 0.006367674 0.01059855 0.005641928 0.009137297 0.006645419 0.007555316 0.007452902 0.006589068 0.006726351 0.006720419 0.004742134 0.008291133 0.010285915 0.011139924 0.004912646 0.010101428 0.010201319 0.010869465 0.00644757 0.008471365 0.007065253 0.007933284 0.007316254 0.007680872 0.008656596 0.007992957 0.007821572 0.010577531 0.007059422 0.007731902 0.008660469 0.008569535 0.005876562 0.004992277 0.00814314 0.00876789 0.00826184 0.00562506 0.004696461 0.005563386 0.00781242 0.005724031 0.006070073 0.005268461 0.006629911 0.005234725 0.004603764 0.010096427 0.004360529 0.00413972 0.004126867 0.006217836 0.006070931 0.007686966 0.007083128 0.007189865 0.006236634 0.006890386 0.0094176 0.005651093 0.00573624 0.006816968 0.010592517 0.006109985 0.006657669 0.00711663 0.006685769 0.007896677 0.005556571 0.006592873 0.006319482 0.005159178 0.007187916 0.011006233 0.008813768 0.008271518 0.006839128 0.005797079 0.004673005 0.006647184 0.004919894 0.005295497 0.004393345 0.004424849 0.009798849 0.007951693 0.005186525 0.005726122 0.008853783 0.009611884 0.010759584 0.004993915 0.009524615 0.007438359 0.0054782 0.009362599 0.006257869 0.006873025 0.010224639 0.010544809 0.006650077 0.008611336 0.004932464 0.004495331 0.006737442 0.006164352 0.004734252 0.004739472 0.006090807 0.00769556 0.008149594 0.006573724 0.005904795 0.004327002 0.005378803 0.006884106 0.006351662 0.005465726 0.006162485 0.006490356 0.007332451 0.006815388 0.009676599 0.005227366 0.004538602 0.004135504 0.010501187 0.006994083 0.007321386 0.004444135 0.008696478 0.005937827 0.007017851 0.006103804 0.006284319 0.005123378 0.006794453 0.009753683 0.009603645 0.005744436 0.006027933 0.004930091 0.007969944 0.006555582 0.008635987 0.00531184 0.004842197 0.006908409 0.00583177 0.007921324 0.006906927 0.006152875 0.008914366 0.009340471 0.006882962 0.006661844 0.006950758 0.004927301 0.007446301 0.006322941 0.007705727 0.004622855 0.007371179 0.008844712 0.005498716 0.008570632 0.009351025 0.005225631 0.007131222 0.006686235 0.008351459 0.005783859 0.005652065 0.006233738 0.009837513 0.007449438 0.00874246 0.005505194 0.006128824 0.004833793 0.005417865 0.004914262 0.005521525 0.006441594 0.005679811 0.006705783 0.010062541 0.007616013 0.00494782 0.004470755 0.005242711 0.005982743 0.006145799 0.006743545 0.005020687 0.005450574 0.008665142 0.009417245 0.007035613 0.00634375 0.006211937 0.005078736 0.005565675 0.005635429 0.004544897 0.004168067 0.004560504 0.006018717 0.005558684 0.00641952 0.005730055 0.005768524 0.007784353 0.006967652 0.005063784 0.00581475 0.004755594 0.004673007 0.005072449 0.004978633 0.00468647 0.007794656 0.004746463 0.006810927 0.004813745 0.00560347 0.003945527 0.005630881 0.005169102 0.008244768 0.006231967 0.005289338 0.004275512 0.005099883 0.005648381 0.004315478 0.006680906 0.006655208 0.004033485 0.004292749 0.004693594 0.007401935 0.005348759 0.006885236 0.00556722 0.006834597 0.005789425 0.005766639 0.006496474 0.00635561 0.004331783 0.004796677 0.005415425 0.005665936 0.010624203 0.004953042 0.006335515 0.006178276 0.007283743 0.006040483 0.004400146 0.005597037 0.004452425 0.004957298 0.00537475 0.004414745 0.0071727 0.004992727 0.00644252 0.004644122 0.005652162 0.004885574 0.007889706 0.004948767 0.00536141 0.005237967 0.004869456 0.004771501 0.006111088 0.007684786 0.006158878 0.00471296 0.005406344 0.006556163 0.00824727 0.007034395 0.00785323 0.005713953 0.008604564 0.005570254 0.006679907 0.006573558 0.00791256 0.007126893 0.006240893 0.006326864 0.006078413 0.008046257 0.007424884 0.011325749 0.006244274 0.005045461 0.004846253 0.0046005 0.004774936 0.005715799 0.004718612 0.006583637 0.00836914 0.004346295 0.005194466 0.005205564 0.005329594 0.005563909 0.007558197 0.006668983 0.004976226 0.004977907 0.005734055 0.005626143 0.004342098 0.004566256 0.005292848 0.005070132 0.007432973 0.007255184 0.004750397 0.006296879 0.006951248 0.005118709 0.005101669 0.004842674 0.004156714 0.006364517 0.007250883 0.004470606 0.004840219 0.007630929 0.004939266 0.005549303 0.005344479 0.006141821 0.007109083 0.004834407 0.005745126 0.006047406 0.004927 0.005043431 0.005183453 0.004812453 0.00749194 0.005279291 0.005275966 0.005307118 0.005159399 0.006677935 0.007040552 0.008940956 0.005763037 0.004453001 0.004326491 0.004995502 0.005769965 0.004269143 0.008050241 0.005233949 0.004076365 0.005573937 0.005552714 0.006237289 0.006489224 0.006179934 0.007684753 0.004586891 0.003254316 0.003268233 0.00285678 0.003683417 0.004266183 0.004402838 0.003212432 0.003255421 0.005544183 0.004234541 0.004652339 0.003676645 0.0053547 0.00395896 0.004300499 0.005208147 0.003948476 0.003108104 0.004375791 0.003781317 0.003760295 0.003139497 0.003228644 0.003528651 0.003428629 0.003266866 0.006053441 0.003829415 0.005331833 0.003233417 0.003804055 0.003045152 0.004300831 0.00548759 0.005489615 0.006513254 0.004202002 0.003854057 0.003276718 0.004162409 0.003828001 0.003945377 0.002990356 0.005576675 0.00563932 0.003996781 0.002968349 0.003039306 0.004543017 0.005597277 0.003025909 0.002910715 0.003064341 0.003651092 0.003368417 0.004315177 0.006536404 0.005263465 0.003577599 0.004720287 0.004466274 0.003614778 0.003723584 0.00378214 0.005273702 0.005881298 0.003649304 0.00520603 0.004072973 0.005402872 0.003456574 0.004298737 0.005362876 0.005568385 0.004780455 0.004493105 0.004127309 0.003659716 0.004019453 0.003611232 0.003202224 0.004489154 0.006208882 0.00368433 0.004984806 0.008223534 0.006497967 0.003465706 0.00478704 0.005860342 0.004769821 0.005335916 0.00384728 0.004039887 0.004108183 0.003743887 0.004378376 0.003690592 0.00325601 0.006583796 0.003287778 0.003153967 0.004939641 0.007308652 0.004512754 0.003610219 0.003357638 0.003963867 0.003580177 0.003017782 0.004837335 0.005201867 0.003237821 0.004137285 0.003232183 0.004665192 0.003887083 0.004912154 0.005585798 0.006373136 0.003834636 0.006121935 0.003519403 0.004009723 0.003251243 0.00356395 0.006799786 0.003660798 0.003099702 0.0029731 0.005085416 0.003438932 0.003035518 0.005083621 0.004923887 0.006280763 0.004188945 0.003969679 0.00304123 0.003179318 0.004218463 0.004378692 0.005282048 0.005097925 0.003899664 0.00362414 0.004595741 0.005059757 0.004317848 0.004101654 0.004064398 0.003372296 0.003299542 0.003729636 0.005990021 0.006262629 0.003320262 0.005658048 0.005841798 0.004044692 0.004136989 0.003847197 0.003383197 0.005556165 0.00559689 0.004135964 0.003230878 0.003894816 0.0042933 0.004360457 0.006056438 0.004536832 0.003810405 0.003286382 0.002863704 0.002966875 0.002890116 0.003705207 0.005131738 0.003906282 0.003556057 0.003739369 0.003721487 0.00347103 0.003244184 0.003168313 0.00422129 0.003135453 0.004138283 0.005119402 0.003106932 0.003839639 0.00400205 0.0036778 0.006136474 0.003198987 0.003297482 0.005212014 0.003964945 0.003153448 0.003565057 0.003348712 0.003879071 0.005096359 0.003688916 0.004650436 0.004206288 0.003032887 0.002885385 0.002940698 0.003431 0.004056074 0.003667602 0.003341975 0.003742932 0.003415988 0.003518044 0.004092312 0.003059413 0.002886959 0.004513686 0.003107917 0.003232275 0.006431128 0.003728001 0.004552013 0.003388515 0.003856797 0.003304661 0.004388299 0.003685174 0.005359165 0.005751417 0.002928948 0.003511593 0.003217052 0.003332507 0.005096107 0.003834156 0.004532734 0.003595328 0.005822989 0.003259086 0.00297076 0.003155569 0.005510313 0.00489915 0.004124675 0.003176917 0.003757446 0.004438858 0.003318677 0.003086892 0.002999202 0.003380046 0.003932476 0.003131282 0.004379198 0.004755618 0.003143602 0.004088012 0.003220415 0.003938136 0.004182535 0.003742233 0.003340376 0.003426071 0.003837889 0.003662888 0.003028496 0.003559111 0.005046066 0.00347762 0.003815621 0.003332811 0.003638137 0.003602572 0.003087284 0.002860517 0.002842629 0.006491536 0.003131351 0.003964605 0.003436204 0.003095723 0.003724645 0.00335941 0.003405461 0.003792773 0.002997389 0.003467517 0.004946454 0.004813192 0.003357739 0.003415796 0.003247652 0.003241504 0.00451085 0.00333516 0.002892772 0.003074885 0.005255122 0.004600178 0.003109683 0.002912952 0.00282314 0.002906288 0.003558311 0.003944997 0.004096373 0.00309023 0.003471615 0.003321737 0.003807351 0.003255766 0.003704792 0.002993076 0.002917398 0.003884562 0.005643423 0.004897913 0.00314373 0.003660654 0.003002185 0.004092685 0.003582478 0.003462579 0.003976609 0.003221599 0.003211871 0.004908356 0.003903873 0.003099472 0.004578352 0.003422441 0.003696379 0.003679644 0.004334383 0.004448423 0.003377815 0.0030656 0.002949618 0.005012782 0.004168981 0.005230394 0.003591412 0.003110099 0.003037351 0.003289204 0.00393927 0.002888343 0.00365831 0.005241691 0.003106551 0.004077677 0.003600537 0.003337385 0.003405339 0.003463475 0.003636264 0.003486392 0.003273833 0.004653294 0.004554141 0.004329033 0.003581575 0.003462203 0.003397967 0.003312822 0.003447147 0.004340402 0.005579758 0.003285651 0.003987416 0.003588759 0.003425539 0.003666911 0.004428389 0.003028602 0.002963818 0.003651892 0.006111291 0.003027109 0.003443673 0.003211204 0.004692152 0.003297036 0.003269674 0.004111203 0.00281809 0.003124221 0.003545938 0.00329735 0.003288088 0.002927316 0.005357869 0.002983663 0.004272407 0.003444885 0.003332915 0.003600032 0.003580876 0.003098996 0.003948348 0.003025238 0.003186829 0.003625546 0.005338676 0.005704974 0.003170181 0.003080408 0.003321854 0.003745872 0.004081518 0.003492561 0.002860664 0.003369741 0.005395784 0.003854332 0.003316816 0.002869483 0.002905832 0.003872046 0.004525406 0.003907585 0.003526913 0.003545459 0.003472618 0.003221167 0.002918655 0.003225055 0.003552266 0.003062132 0.004712932 0.005089122 0.004915466 0.002997389 0.0031185 0.00336338 0.003724046 0.003726246 0.003364869 0.003103331 0.003265187 0.004023065 0.003354959 0.002932632 0.003069223 0.002933247 0.003668742 0.005961421 0.003005684 0.004269019 0.004156078 0.003799945 0.003577976 0.003288847 0.003463797 0.002821288 0.003013379 0.00550574 0.004855999 0.003834767 0.003946214 0.003540895 0.003168691 0.003711205 0.003398871 0.002973651 0.003839426 0.004115192 0.004064627 0.003434581 0.002952677 0.00272957 0.003606426 0.003406862 0.00376341 0.004105568 0.004819596 0.003326324 0.003611251 0.003342219 0.003788104 0.003574839 0.005311069 0.003784074 0.005176224 0.005587533 0.003151322 0.002990733 0.003181413 0.004692133 0.003632896 0.00357549 0.004742129 0.003519695 0.003277749 0.004439258 0.002976184 0.002885317 0.003817634 0.008077418 0.003088584 0.002948856 0.005654803 0.003408011 0.003465732 0.003701343 0.004846897 0.003236695 0.003047126 0.007051553 0.003421547 0.003035224 0.002875876 0.003762089 0.003697587 0.004518255 0.003713533 0.003681486 0.003597446 0.004489897 0.003008357 0.003050396 0.002970701 0.003154919 0.006348846 0.003077658 0.003091649 0.003544605 0.003816557 0.003197705 0.003422849 0.002997676 0.003553296 0.003374942 0.003259358 0.005811677 0.003102563 0.003001474 0.003221622 0.003427564 0.003281582 0.003240666 0.003267489 0.002992674 0.003507122 0.00360839 0.003275344 0.00341394 0.002879068 0.003141158 0.002960532 0.003483339 0.006535985 0.003080663 0.00298059 0.003566951 0.00347971 0.003018775 0.002919859 0.003272684 0.003677149 0.002965892 0.00375313 0.005317887 0.003425831 0.003064842 0.003360938 0.003137122 0.002949502 0.00409708 0.004232033 0.002981537 0.003835513 0.004403398 0.00519695 0.002873284 0.003124356 0.003406465 0.006186972 0.003268958 0.003323489 0.003162106 0.002932867 0.003229604 0.00334649 0.002782014 0.002735806 0.002858299 0.003426361 0.005886906 0.004031638 0.003598683 0.004451766 0.00347419 0.003201499 0.002898887 0.003279007 0.002953068 0.003029699 0.003489869 0.004479379 0.003421697 0.006271084 0.002881823 0.002980689 0.003287028 0.004733755 0.00302981 0.003348791 0.003069747 0.002988147 0.003255411 0.004237618 0.002783295 0.002884794 0.003153994 0.00486975 0.003508818 0.003876828 0.003228625 0.003641788 0.003473447 0.003875696 0.003606217 0.003937864 0.003007561 0.003904857 0.005462143 0.004957871 0.003210253 0.003157608 0.003366149 0.003862005 0.003655046 0.003525828 0.00371516 0.003193955 0.004737664 0.004231676 0.003342258 0.002926496 0.003045722 0.004424857 0.004001803 0.004190244 0.00305006 0.003902774 0.003769951 0.004290293 0.00336116 0.002985745 0.003927014 0.00582155 0.007240691 0.003071541 0.003685272 0.004483372 0.003741633 0.004169183 0.003775821 0.003338003 0.003530383 0.005151786 0.002954346 0.003020789 0.004312961 0.005252556 0.003296068 0.004200745 0.003922856 0.003758736 0.003224273 0.004029969 0.003294941 0.004043525 0.004130674 0.005345363 0.004858726 0.003004352 0.003078245 0.003326415 0.003694074 0.003640912 0.002913514 0.002915291 0.003265897 0.003896795 0.003542819 0.003230989 0.003353944 0.002952058 0.003332604 0.00482027 0.003006277 0.00315506 0.00317397 0.003785127 0.003627621 0.00373423 0.003099952 0.003311518 0.00407678 0.003067171 0.00391416 0.006693697 0.003275029 0.002858743 0.003294638 0.003624708 0.004085501 0.003154014 0.002945664 0.003112202 0.0052959 0.00423251 0.003287446 0.003059094 0.003388093 0.004314652 0.003495157 0.00316801 0.003449046 0.003527094 0.004556267 0.003115325 0.003691504 0.002928229 0.003122347 0.005196855 0.003930264 0.003933171 0.003520609 0.003620396 0.003424834 0.003211444 0.004125079 0.003407548 0.002952998 0.003151386 0.005261235 0.004624189 0.003020832 0.003423422 0.003203529 0.003778156 0.003248442 0.003413937 0.003168584 0.003446862 0.004265326 0.0041436 0.00383256 0.003506765 0.006977497 0.00365175 0.00345284 0.003583044 0.003292226 0.003266421 0.002811303 0.002921098 0.003034498 0.003644922 0.003158246 0.003230884 0.003780978 0.003533234 0.003395536 0.003529116 0.00331039 0.003504304 0.003023236 0.004000333 0.003590605 0.005278528 0.003172457 0.004268265 0.003374435 0.003293946 0.003488142 0.0031583 0.003116546 0.004511386 0.003257013 0.003710643 0.003058783 0.003806213 0.002911055 0.002846953 0.002846961 0.005275192 0.003244232 0.003908204 0.00363596 0.003420705 0.00303992 0.003516611 0.003428093 0.003274617 0.003172291 0.004017961 0.003346389 0.004898633 0.003792652 0.00351321 0.003620993 0.003483182 0.003210623 0.00318905 0.004243428 0.003301679 0.003081684 0.004173012 0.004140434 0.003103854 0.003648576 0.004740064 0.004192907 0.0034554 0.003361142 0.003259951 0.003641284 0.003310242 0.003027476 0.002909338 0.004771642 0.003789061 0.003258888 0.003023599 0.004533214 0.003734488 0.003725858 0.003288713 0.003179963 0.003740843 0.002904926 0.002860778 0.005363243 0.003629556 0.003081426 0.00389987 0.003629211 0.003560861 0.003541445 0.003335395 0.003559791 0.00355622 0.00544789 0.004553696 0.003503684 0.003315213 0.003512376 0.007807644 0.003134063 0.003337574 0.003016406 0.00312028 0.003046818 0.003297121 0.002987424 0.003021014 0.00438359 0.004344677 0.003197326 0.003741398 0.003434131 0.003319737 0.003090687 0.004389617 0.003536514 0.002939301 0.003173969 0.005749717 0.003837924 0.004419484 0.00396294 0.003334662 0.003545561 0.003517368 0.00403554 0.003232223 0.003613201 0.005067047 0.004395148 0.003623174 0.003466497 0.003721473 0.003529956 0.003408909 0.004284531 0.003727487 0.004620375 0.003611892 0.003063996 0.002914958 0.004569176 0.003231602 0.004660922 0.003867199 0.003101147 0.003841312 0.003312498 0.003630495 0.004224261 0.003549368 0.003373998 0.006223302 0.004427672 0.003097241 0.003815208 0.003604377 0.005077814 0.003808682 0.004350943 0.003860785 0.003248741 0.004585649 0.003287889 0.003135378 0.002859068 0.005355697 0.003194374 0.004126646 0.003476274 0.003510098 0.003279976 0.003622798 0.003414507 0.004030874 0.00459651 0.003357273 0.005201248 0.004459934 0.003900499 0.003115156 0.003550768 0.003617652 0.004228359 0.00348716 0.003587198 0.005909553 0.004324436 0.003261988 0.003756462 0.003080102 0.003188544 0.003708309 0.004768438 0.003762004 0.003673095 0.003577552 0.004018021 0.00320129 0.003207042 0.003089409 0.003092698 0.003117772 0.004418879 0.004386946 0.004000091 0.003164082 0.003285008 0.003793158 0.004601452 0.003702597 0.003145413 0.003621163 0.005628151 0.003794141 0.00323428 0.003102639 0.004514148 0.004333955 0.004222412 0.003598606 0.003869328 0.003171279 0.003474962 0.00326097 0.003122197 0.003279744 0.002978409 0.003484937 0.005627072 0.004706551 0.003209436 0.003208781 0.003329928 0.003808174 0.003968374 0.003262813 0.002996886 0.002912773 0.003608582 0.006829397 0.003307155 0.002970584 0.002862664 0.004233198 0.003632424 0.004098065 0.004561639 0.003764725 0.00353039 0.003187083 0.003726936 0.002955159 0.003011837 0.003072049 0.003710542 0.004704879 0.004464228 0.003035691 0.003388453 0.003433201 0.003958195 0.003310759 0.003001684 0.002861795 0.003213014 0.005413484 0.004647273 0.003087165 0.00302826 0.002893088 0.003549505 0.004222895 0.003496089 0.003434759 0.003732612 0.003276677 0.003481238 0.003086168 0.003767495 0.002887232 0.002885495 0.004459041 0.005534695 0.003630243 0.003079816 0.002810059 0.002793283 0.002802777 0.003149013 0.003781826 0.003895958 0.00352467 0.003442121 0.003433406 0.003410658 0.00340923 0.003137619 0.00282485 0.003119804 0.003237436 0.003600822 0.003842995 0.005539124 0.003072872 0.003226832 0.003599189 0.003388438 0.003308378 0.00307369 0.003370664 0.004618333 0.003148113 0.003574787 0.003422386 0.00329777 0.002934275 0.003196494 0.003007013 0.006105745 0.003239721 0.003703972 0.00345755 0.003463723 0.003203472 0.003151435 0.002841621 0.003114597 0.003101697 0.003360629 0.005172777 0.002880089 0.002997315 0.003022216 0.003116608 0.002933403 0.002986744 0.003247706 0.003636545 0.003470931 0.003447995 0.003412678 0.003130337 0.003014967 0.004218928 0.003040206 0.003530846 0.003454577 0.003259952 0.005221397 0.003235987 0.003639342 0.003733459 0.003508153 0.003659279 0.003204614 0.003383187 0.00336071 0.004004144 0.003058173 0.003013995 0.003720635 0.003193288 0.003072986 0.002847253 0.003157147 0.003427244 0.003773131 0.003676657 0.003689786 0.003105994 0.003128337 0.004098939 0.00333862 0.003322294 0.003252479 0.005422924 0.003076888 0.002869564 0.004696227 0.003525461 0.003370981 0.003443966 0.003445557 0.003570062 0.003152237 0.005687299 0.002959337 0.003181581 0.003285442 0.003445694 0.004268901 0.003451718 0.003607401 0.003543706 0.003425832 0.00501617 0.003304668 0.002988631 0.003479793 0.003399882 0.003024574 0.003265011 0.003908105 0.003837467 0.003227728 0.003081426 0.003242459 0.003975979 0.003254715 0.002900176 0.00299414 0.003489901 0.006258 0.004533502 0.003117823 0.003268695 0.00339382 0.003427377 0.003842184 0.003198305 0.003972111 0.004590445 0.004028824 0.003138472 0.003149456 0.003383991 0.003443909 0.006028283 0.00382411 0.003280106 0.003463422 0.004798309 0.003649087 0.003470912 0.003754971 0.003457732 0.004448446 0.00333965 0.003631074 0.003903821 0.006338733 0.003164668 0.003279794 0.003879996 0.004842051 0.002988879 0.004321038 0.003867677 0.003447775 0.004776338 0.003750821 0.004669158 0.00315073 0.006838808 0.005074536 0.004952811 0.004856324 0.00309876 0.00324142 0.003125811 0.004401036 0.002897299 0.002734016 0.002825625 0.00525995 0.005258784 0.008150684 0.004544933 0.003348738 0.003679915 0.004483724 0.004821994 0.004194201 0.004046186 0.00463791 0.003626231 0.004304343 0.003508899 0.005407435 0.004871808 0.003034291 0.003268478 0.003318066 0.006434859 0.004713935 0.005133682 0.006527441 0.003612958 0.004086351 0.004608902 0.005878826 0.004505424 0.003531236 0.003148155 0.005235681 0.003741368 0.005977862 0.005258818 0.003953031 0.005973 0.004108079 0.005171469 0.004681969 0.003261235 0.00453419 0.003927675 0.004209901 0.003889402 0.005874858 0.003961229 0.003636792 0.003339236 0.004383273 0.007908187 0.005819759 0.006931484 0.004147325 0.004644132 0.005568883 0.003904579 0.004285512 0.003147304 0.003478323 0.003890155 0.002803808 0.002929332 0.006366566 0.00884445 0.006715666 0.005801597 0.006632279 0.005361907 0.008283057 0.005829323 0.005294804 0.003978628 0.005920789 0.004922198 0.005515915 0.004594824 0.005043715 0.00516451 0.003591557 0.003437741 0.004875544 0.004884214 0.006759419 0.006731825 0.004128101 0.00673088 0.010948206 0.005248595 0.005640263 0.005806609 0.004173656 0.003759124 0.007685717 0.005655055 0.007111116 0.006062184 0.005410453 0.006919459 0.006897067 0.007349998 0.006017896 0.004987992 0.005279635 0.007635689 0.007432929 0.004769148 0.007015436 0.003617324 0.003389774 0.00381602 0.007592776 0.005207167 0.005210936 0.005152591 0.003229589 0.005153047 0.007068092 0.005169695 0.004179085 0.004252487 0.00439241 0.003322352 0.003221441 0.005938019 0.004402972 0.003713323 0.004333038 0.012365321 0.005825568 0.005621228 0.004933785 0.004334377 0.003919483 0.003334678 0.005060504 0.004002119 0.003626962 0.006140092 0.004911157 0.005436513 0.004553926 0.004325324 0.005049832 0.004970178 0.005714539 0.005148753 0.005396655 0.004940216 0.00472661 0.004265515 0.009320908 0.008882084 0.006417823 0.009024893 0.00766248 0.007820208 0.005609154 0.006083132 0.009208033 0.00715808 0.00379786 0.008062067 0.006814728 0.007284555 0.006960773 0.006114534 0.009500775 0.007065314 0.006037186 0.005332531 0.007619717 0.007850249 0.006949161 0.005366852 0.007089194 0.007600133 0.007086908 0.005802315 0.006906724 0.006205843 0.005417981 0.004784102 0.004561626 0.005774379 0.004678752 0.00574599 0.006339943 0.006007298 0.005160973 0.005540216 0.007153078 0.005267492 0.004835788 0.006698632 0.004127919 0.005102034 0.005095321 0.004192971 0.003084303 0.004530229 0.003967291 0.005504638 0.007645751 0.004520541 0.004155458 0.004686199 0.005127862 0.008646375 0.005109988 0.00594653 0.006847331 0.006958888 0.004514075 0.007445208 0.008065707 0.007661916 0.006981195 0.004769153 0.007507744 0.01092036 0.008112895 0.007138624 0.007315371 0.008862427 0.005368159 0.004811112 0.006021347 0.006914796 0.005219989 0.003585029 0.003359998 0.003777212 0.006180398 0.004925875 0.00589926 0.004845058 0.006692076 0.007740957 0.005337136 0.008194393 0.006787384 0.00359719 0.005888018 0.004665519 0.005996103 0.00497281 0.007513664 0.008233221 0.008074962 0.006254384 0.005986965 0.011376169 0.006063026 0.00669096 0.010234903 0.008674244 0.006990182 0.006797137 0.008367822 0.006357151 0.004467172 0.005340721 0.007317473 0.010663927 0.005432538 0.005884149 0.006868358 0.007737392 0.008662525 0.003374137 0.002982761 0.004735601 0.005318066 0.007567866 0.006061226 0.008371392 0.005230145 0.008814438 0.007248321 0.005551351 0.00878729 0.008451997 0.004522748 0.006638362 0.00753867 0.003723065 0.003335752 0.004095192 0.006972995 0.004545101 0.003861951 0.003437349 0.006442105 0.00749763 0.006906802 0.007846312 0.009195828 0.008184935 0.004771743 0.004972584 0.008162055 0.006063391 0.005576417 0.00613132 0.004453941 0.006399843 0.006500872 0.007783011 0.003357734 0.004137589 0.007615179 0.007117102 0.005558096 0.00901905 0.008749603 0.006125284 0.005937264 0.005317091 0.004423867 0.008054033 0.006323806 0.007644567 0.005107098 0.006382827 0.003724046 0.005571599 0.005288197 0.010094317 0.005012771 0.005378423 0.00567291 0.005656621 0.004003459 0.00352999 0.005044513 0.003412233 0.006232002 0.009172433 0.006495982 0.006517365 0.008079486 0.003959248 0.003937744 0.003648831 0.004086457 0.004930171 0.006246719 0.00687759 0.004276541 0.004573421 0.007867863 0.003991314 0.005325974 0.00503268 0.004277488 0.003157978 0.003252631 0.005131723 0.006683667 0.004730085 0.005150233 0.004629291 0.004846366 0.005740407 0.009628079 0.003730542 0.004611416 0.004233446 0.003691768 0.004152985 0.002984678 0.00379381 0.003900459 0.003449034 0.004214134 0.004875798 0.003046121 0.003640079 0.006379859 0.006037892 0.004927419 0.005085525 0.003891204 0.005405113 0.005156991 0.004602503 0.004045475 0.003769687 0.003600185 0.004713354 0.005944968 0.007351399 0.006579047 0.003409711 0.004155493 0.004840962 0.00428855 0.003362929 0.004116607 0.004271501 0.004162177 0.003794502 0.004024209 0.005956846 0.003442051 0.004253211 0.003890819 0.007547766 0.002927853 0.0028359 0.002828152 0.004588955 0.003010531 0.009523448 0.004710436 0.00396401 0.005971139 0.00489107 0.005820327 0.003733289 0.003234973 0.004794909 0.005954906 0.004017656 0.01167254 0.007499342 0.0052007 0.006152839 0.003313575 0.002981024 0.003292077 0.003264351 0.005007772 0.005990607 0.003695405 0.005774552 0.005226704 0.003467245 0.004672492 0.009448335 0.006955123 0.005168423 0.005022054 0.004600594 0.003799674 0.004222897 0.003840015 0.003462099 0.003522088 0.002905708 0.003297151 0.005649698 0.005495788 0.006081932 0.003641433 0.003457466 0.004812756 0.006630188 0.004064899 0.003896671 0.00414226 0.003853737 0.003911268 0.003014441 0.003210663 0.003815169 0.003185226 0.003191313 0.003378608 0.002975368 0.003657196 0.0031549 0.003632173 0.002935781 0.003398326 0.002874654 0.002763834 0.002675153 0.003882449 0.003975324 0.003201701 0.003496046 0.002956367 0.002787456 0.003096074 0.003115384 0.003782263 0.003104061 0.003487328 0.002821594 0.002815406 0.002843421 0.003012779 0.004120915 0.003085983 0.00346057 0.002961911 0.002804278 0.002717915 0.003117283 0.003248029 0.003193687 0.003089678 0.002894222 0.002891003 0.002788183 0.003613103 0.002922102 0.003403726 0.002949344 0.002757264 0.002846359 0.003217228 0.0039758 0.003407122 0.003591206 0.002907077 0.00284097 0.002758087 0.003063524 0.002924465 0.002910009 0.003707227 0.003567033 0.002833151 0.00300817 0.003443418 0.002981728 0.00302601 0.003212367 0.002890884 0.003078379 0.002762336 0.002840385 0.00290754 0.002850251 0.00352738 0.002964018 0.00299715 0.003320225 0.003013744 0.003099211 0.003023681 0.003646755 0.003004658 0.002682881 0.003267011 0.00354302 0.003176883 0.003059222 0.003394281 0.002855332 0.002828217 0.002892163 0.003625678 0.003192614 0.003063062 0.003101697 0.002788068 0.002718201 0.002916027 0.003475225 0.003209733 0.003010607 0.003296227 0.002823393 0.002824234 0.002914157 0.003106316 0.002783391 0.003371739 0.003379902 0.002917815 0.002853324 0.00280435 0.002889602 0.003610366 0.002859187 0.003272793 0.003043028 0.003006548 0.002927323 0.003536397 0.003808923 0.002943318 0.003471288 0.003101912 0.00270387 0.002745906 0.003155434 0.003799033 0.003037111 0.002920808 0.003187645 0.003008314 0.002940835 0.002858262 0.003010929 0.003510737 0.003071863 0.003236136 0.002758784 0.003088705 0.002959152 0.003504101 0.002751708 0.002669233 0.003263536 0.002740879 0.002682388 0.003302865 0.002986811 0.00376783 0.002751684 0.003472583 0.002953903 0.002871943 0.002754077 0.00311684 0.003458566 0.002882077 0.002982352 0.003373873 0.00294783 0.002892692 0.00296701 0.003526236 0.002917576 0.003089497 0.003048801 0.002780741 0.002751064 0.002838093 0.002924846 0.00299053 0.002995482 0.003080466 0.002785964 0.002802007 0.002732692 0.003014774 0.003551822 0.003285805 0.003276619 0.002840652 0.002756112 0.002670187 0.002734319 0.003326582 0.002817134 0.003146227 0.003307452 0.002810258 0.00286687 0.003247218 0.003324171 0.003049233 0.003264163 0.004111431 0.002874933 0.002749571 0.002906286 0.003576028 0.002825791 0.002977021 0.004062398 0.00290621 0.002761747 0.002826458 0.003524841 0.002808343 0.003086594 0.003631329 0.003145537 0.002810991 0.00276689 0.006812165 0.003045397 0.003123811 0.002928548 0.002809681 0.003647483 0.003098775 0.003753905 0.003407054 0.003270978 0.002837942 0.002772955 0.003074179 0.003599409 0.002963258 0.003026644 0.003082186 0.002913476 0.002833077 0.00337333 0.003922545 0.003490355 0.003747243 0.003224362 0.00299485 0.002938533 0.002918284 0.003436453 0.003024441 0.003907178 0.003040624 0.002925957 0.00299908 0.002920803 0.003396321 0.003035524 0.003305367 0.00286231 0.002783492 0.002895941 0.002834072 0.003462891 0.002966744 0.003328055 0.00344873 0.002946613 0.00268601 0.003086645 0.003353822 0.002863022 0.003164339 0.003535092 0.002835963 0.002991752 0.003464871 0.002848265 0.003229744 0.003055553 0.003239162 0.00296949 0.002810068 0.003750652 0.002957922 0.003171963 0.003048647 0.002852434 0.003110426 0.003012444 0.003410906 0.002953924 0.002841552 0.003091305 0.002806059 0.002857025 0.003838002 0.003640438 0.003127158 0.003327507 0.003587453 0.002843841 0.002734973 0.003075128 0.003612911 0.003036958 0.003344144 0.002775136 0.002800522 0.002720337 0.002910688 0.003995061 0.003155032 0.003357866 0.002909189 0.002790302 0.002704939 0.002863792 0.003521237 0.00292187 0.003278538 0.002921513 0.00289047 0.002940441 0.003086237 0.003838218 0.002974922 0.003750641 0.003088984 0.002882459 0.002823484 0.00291102 0.003848053 0.002817395 0.003101386 0.00410557 0.003102705 0.002845147 0.003011677 0.002937181 0.002943508 0.002892425 0.003369801 0.003316373 0.002791299 0.00287057 0.002877231 0.00337819 0.002816973 0.003084921 0.002859635 0.003125086 0.00284111 0.00308162 0.003231146 0.00284625 0.003264873 0.002864834 0.002906248 0.003451762 0.003030829 0.00294994 0.002921338 0.003281605 0.002875116 0.00272181 0.002730662 0.003927984 0.003542734 0.003302866 0.003472412 0.003057528 0.002726095 0.00287068 0.002906518 0.003555834 0.003161236 0.003256989 0.003173594 0.003068631 0.003074116 0.003004155 0.00387765 0.003316845 0.003521704 0.003077815 0.002893504 0.002887101 0.002870649 0.002907682 0.003238964 0.003336303 0.002907082 0.0027757 0.003016756 0.003241582 0.003242814 0.003742263 0.003018682 0.002819603 0.002922858 0.002968037 0.00316008 0.003078113 0.00409545 0.002983549 0.002977749 0.002998299 0.003783003 0.003079912 0.003522916 0.003256 0.002994002 0.00302385 0.00360167 0.002886832 0.003239994 0.003992909 0.003117715 0.00343741 0.003137402 0.003921992 0.003191623 0.003570015 0.002998512 0.002936073 0.003472478 0.003938859 0.003059437 0.003283439 0.003317879 0.003004851 0.002955929 0.003608616 0.003601726 0.003204503 0.003419363 0.002938145 0.002821012 0.00280773 0.002955904 0.003121538 0.003088434 0.003218468 0.002843807 0.0028991 0.002956793 0.003098492 0.003138337 0.003146841 0.003091769 0.002782171 0.002873395 0.002914908 0.003451433 0.002828522 0.00319895 0.003165258 0.002926656 0.002843823 0.003287004 0.004088062 0.003120038 0.003500626 0.003015324 0.002981964 0.002798924 0.002815741 0.00347185 0.002747258 0.003301332 0.003189115 0.002816628 0.002907994 0.003157966 0.003719472 0.003191937 0.003535626 0.003094181 0.003092783 0.003005416 0.002952942 0.003671801 0.002989654 0.003152644 0.003121214 0.002805681 0.002949141 0.003244127 0.003373016 0.003163695 0.003173829 0.002914016 0.002856774 0.003096542 0.003423579 0.002869052 0.003065174 0.00315886 0.002761877 0.002859848 0.003046888 0.003295377 0.003480432 0.003331784 0.004012265 0.002870986 0.002973886 0.003038807 0.003786923 0.003130228 0.003480156 0.002971703 0.002865188 0.002851075 0.002999622 0.003437003 0.003157302 0.003300069 0.002976671 0.002891629 0.002734773 0.00301463 0.003326152 0.002776018 0.003762412 0.003361361 0.002954936 0.002918712 0.003173716 0.003585953 0.003012158 0.003452655 0.003122113 0.002831247 0.002709678 0.002909997 0.003331514 0.00288017 0.003200501 0.003566273 0.002832365 0.002919794 0.003145203 0.003633618 0.002865919 0.003216205 0.00293025 0.003134962 0.002755308 0.002952547 0.003510254 0.002560278 0.002662529 0.002795707 0.002862697 0.002746436 0.00315714 0.002800526 0.003397838 0.00294379 0.003253512 0.002599435 0.002604211 0.003143733 0.002961368 0.002746432 0.003109649 0.00289507 0.002869589 0.002839012 0.002819222 0.003529926 0.003121073 0.003203163 0.002649743 0.00291158 0.002841056 0.002926469 0.002694554 0.002907953 0.002895618 0.0031887 0.00303487 0.002566099 0.002766682 0.003042267 0.003486907 0.003442274 0.00331125 0.002581858 0.002785402 0.002778372 0.002527668 0.003235567 0.00288917 0.003236145 0.003694462 0.002760208 0.002700415 0.003184919 0.00268074 0.003101056 0.002725295 0.003568591 0.002896237 0.002874443 0.002446641 0.002663882 0.003197085 0.003000521 0.002762317 0.004075335 0.002745687 0.003308746 0.002854245 0.003832063 0.003066405 0.003156944 0.003723081 0.003221303 0.00257341 0.00292271 0.002976402 0.002598516 0.003384761 0.003353282 0.002925724 0.00351314 0.003482535 0.003316008 0.003547813 0.003245243 0.002729124 0.003022794 0.002982496 0.003059135 0.003159426 0.003174392 0.002520235 0.0028091 0.002633067 0.004031278 0.002707229 0.002922223 0.002787172 0.002847269 0.002808964 0.00292997 0.003598923 0.003161737 0.003063281 0.002416364 0.002591059 0.00231787 0.00312761 0.002406571 0.003487734 0.003177274 0.003357692 0.002345695 0.002943616 0.002447395 0.00240114 0.002446117 0.002858657 0.003052913 0.003225762 0.002367218 0.002931384 0.002891507 0.003284306 0.00295533 0.003675576 0.002501099 0.002269897 0.002753971 0.002913033 0.003435924 0.002396468 0.002981853 0.002838281 0.002447706 0.002872905 0.002378382 0.002957312 0.002818323 0.00278691 0.003222716 0.002863361 0.002590131 0.002839705 0.002903736 0.002859395 0.002943919 0.003144621 0.003033346 0.002820085 0.003052428 0.002506792 0.00287292 0.002570932 0.002974443 0.002185486 0.002327496 0.003379605 0.003047876 0.00241936 0.002487321 0.002732132 0.002884016 0.002302578 0.002903792 0.00305421 0.003787352 0.002338673 0.003296353 0.003590482 0.00285248 0.002794966 0.002818345 0.002952062 0.003290337 0.002844313 0.002367134 0.002861478 0.002910993 0.003093528 0.003313592 0.003356576 0.003287079 0.003002051 0.002802785 0.002788661 0.002781698 0.003181719 0.002987318 0.003498972 0.003196706 0.002406931 0.002871159 0.002444169 0.003359361 0.003364231 0.002431191 0.002657262 0.003421454 0.00281868 0.002756008 0.002730631 0.003427815 0.002912792 0.002373719 0.002853118 0.002240038 0.002855774 0.002238374 0.002919828 0.003280127 0.003087687 0.003018101 0.00294146 0.002375774 0.002391221 0.002337014 0.003259245 0.002290863 0.002841584 0.002982833 0.002935797 0.003140386 0.002791955 0.002909808 0.003009755 0.002426036 0.002663094 0.002810203 0.002874096 0.002649736 0.002579865 0.00313193 0.002293899 0.002165247 0.003358543 0.002308054 0.002825465 0.002679265 0.00307774 0.003708763 0.002876167 0.002862835 0.003297488 0.002918172 0.002350723 0.002978138 0.003258898 0.002957402 0.003259868 0.002905432 0.002245983 0.002951566 0.002508755 0.003816153 0.002422234 0.002575285 0.002931719 0.002697473 0.002271063 0.002330926 0.002265236 0.003505777 0.002533696 0.003383962 0.002331926 0.002896605 0.002329675 0.003814331 0.003942547 0.003162879 0.003654132 0.003172138 0.002359844 0.002907118 0.00236684 0.002946122 0.0028929 0.002936358 0.003946237 0.003076182 0.003000185 0.003025543 0.003782994 0.002970121 0.00329698 0.003419045 0.003138744 0.003045023 0.003170895 0.003012777 0.002733214 0.003959597 0.002415914 0.003689828 0.002766041 0.002920642 0.002589772 0.003212199 0.002925808 0.002978967 0.002895579 0.001300667 0.001274659 0.002399814 0.002272689 0.002361793 0.001094064 0.002818973 0.002909008 0.002529507 0.00149215 0.00317372 0.003024297 0.002491416 0.002411488 0.003696318 0.003071622 0.003081586 0.0013917 0.002574733 0.001150878 0.002882056 0.002736022 0.001279727 0.002850065 0.002634008 0.00279895 0.001257902 0.003615156 0.00297587 0.002400312 0.001230669 0.001543333 0.002270545 0.003138761 0.002504959 0.002961291 0.001076261 0.002834292 0.002908868 0.003432843 0.002277413 0.001152113 0.001304174 0.002469914 0.001098084 0.00103996 0.003098126 0.003680808 0.001195826 0.003359722 0.003211294 0.002775581 0.001160481 0.002415191 8.55546E-4 0.001039292 0.001092166 0.002387576 0.002847652 0.002346297 0.00327899 0.002898264 0.00306236 9.20385E-4 0.0029391 0.002587977 0.001787061 0.003219785 0.003447507 0.003172459 0.002938087 0.00250248 0.002883741 0.002485712 0.002642944 0.003295907 0.001247747 0.003056181 0.001147465 0.001341642 0.003784797 0.003275583 0.001334467 0.001616096 0.001199689 0.002866136 0.002919457 0.001165748 0.00103472 0.002513338 0.001127575 0.002391948 0.003565861 0.002353322 0.002373235 0.00231915 0.001196907 0.001160715 0.003995378 0.001139787 0.001301716 0.001287461 0.002436965 0.002351681 0.002209674 0.001089083 0.002954884 0.00296139 0.002504613 0.001283261 0.002370777 0.003232167 0.00257596 0.002579798 0.002670851 0.00299014 0.002693033 0.001213455 0.002329666 0.001091423 0.003051687 0.002851396 0.001300171 0.002926115 0.002347027 0.002877828 0.001181356 0.003062806 0.002943609 0.002830316 0.001166626 9.39351E-4 0.002377985 0.003275855 0.002362753 0.002857341 0.00106649 0.002801185 0.00306075 0.002916525 0.002488277 0.001278188 0.001303429 0.002415049 0.00106934 0.001104626 0.003118498 0.003942298 0.001059129 0.002520496 0.003442449 0.002288409 0.00108664 0.0022387 8.20851E-4 0.001085963 0.001065508 0.002878195 0.002348608 0.002557955 0.003227097 0.002299843 0.00284494 0.001074483 0.003190006 0.003316064 0.001115743 0.003716054 0.003618056 0.002838531 0.00280663 0.002245458 0.00295503 0.002942477 0.002322736 0.003049437 0.001462369 0.003193313 0.001095822 0.001020077 0.002891027 0.003177114 0.001542342 0.001311444 0.001165827 0.003356075 0.003058527 0.001094747 0.001014027 0.002254811 0.001055509 0.00233325 0.002957154 0.002378827 0.002507522 0.002407788 0.001054066 0.001245412 0.002969696 0.001087536 0.001265894 0.00209351 0.002430181 0.002601929 0.002450294 0.001025273 0.002518075 0.002955619 0.002284065 0.00146095 0.002332832 0.003219909 0.002535804 0.002219193 0.002236282 0.003354399 0.002455715 0.001609821 0.002466421 0.001099298 0.003421458 0.002811577 0.001095473 0.002941404 0.002518982 0.002256103 0.001186237 0.003039122 0.003521723 0.002503373 0.00113054 8.37445E-4 0.002407945 0.002996716 0.002347729 0.002925144 0.001311032 0.003209501 0.00285271 0.002741031 0.002189939 0.001095102 0.001091705 0.003081299 0.001126007 0.001161693 0.003256579 0.002976599 0.00104588 0.002364354 0.002814435 0.002331933 0.001667141 0.002380237 9.39966E-4 0.001350869 0.001203069 0.002250976 0.002353027 0.002229189 0.002811687 0.002279411 0.002839897 8.61312E-4 0.003525868 0.003350705 0.00109672 0.002977972 0.00335817 0.003279296 0.002959071 0.002608917 0.002931563 0.002363176 0.002215827 0.00295206 0.001293754 0.002959413 0.001092549 0.00114766 0.003290878 0.003246304 0.001151093 0.001030245 0.00105781 0.002935657 0.00361035 0.001119446 0.00103297 0.002712144 0.001196433 0.002294836 0.003212909 0.002193028 0.002347099 0.002511623 0.001056278 0.001068463 0.003196574 0.001150489 0.001053953 0.001046729 0.003190981 0.002457675 0.002552912 0.001324111 0.002337599 0.003360456 0.00230244 0.001063642 0.002359278 0.003204743 0.002498533 0.003062311 0.002253997 0.003197143 0.003029918 0.001201221 0.002357574 0.001231048 0.003245524 0.003756497 0.001261319 0.003904136 0.003471472 0.002288635 0.00113938 0.003336204 0.003879007 0.002429846 0.00126231 0.001225503 0.003465493 0.00301779 0.002507247 0.003411549 0.002281713 0.003366338 0.003642467 0.002891235 0.002473379 0.001109429 0.001094852 0.002548484 0.001221327 0.001197246 0.00355211 0.003201859 0.001135987 0.002416015 0.003024341 0.002423029 0.001187784 0.00229659 9.57088E-4 0.001691855 0.001261961 0.002234471 0.002210752 0.002267277 0.002954908 0.002356551 0.003034134 0.001022554 0.00339237 0.00229466 0.00109509 0.003211393 0.003022489 0.003393877 0.003049961 0.002668328 0.0033237 0.00236194 0.002162835 0.002867384 0.001241873 0.002840198 0.001094864 0.001303715 0.002984199 0.003417576 0.001129005 0.001047945 0.001207588 0.003659845 0.003095743 0.001277145 0.001371453 0.002428335 0.001116518 0.002321827 0.003097023 0.002185422 0.002365787 0.002439484 0.001282568 0.001259136 0.002836008 0.001080947 0.001050128 0.001111655 0.002751441 0.00295358 0.002564514 0.001282451 0.002560524 0.002954819 0.002276627 0.00108468 0.002303463 0.003544002 0.002403135 0.002601948 0.002499334 0.002679628 0.002239968 0.001187524 0.002447546 0.001108277 0.00413712 0.00328703 0.001539281 0.002988456 0.002302414 0.002275838 0.001092448 0.002825566 0.003082469 0.002653325 0.001316454 0.001179276 0.002320794 0.003101693 0.002452722 0.003075026 0.00113256 0.003030918 0.003156878 0.003205562 0.00227837 0.001100227 0.00104408 0.00234714 0.001129262 0.001098248 0.003558646 0.002895526 0.001140735 0.002783109 0.00303969 0.002169037 0.001197518 0.002379565 9.18479E-4 0.001213184 0.001148628 0.002185534 0.002556595 0.002185734 0.003095015 0.002302908 0.002914469 8.41378E-4 0.003344328 0.002319844 0.00110003 0.003406269 0.00300445 0.00330647 0.003327791 0.002326496 0.00294625 0.002492281 0.002592859 0.002875845 9.60952E-4 0.003339806 0.001162203 0.00109727 0.003556282 0.003044163 0.001218567 0.001186759 0.001059385 0.002618846 0.002718607 0.001243896 0.001632293 0.002595953 0.001391798 0.002681568 0.003315089 0.002121451 0.002276912 0.00237705 0.001235004 0.00108385 0.003620737 0.001125643 0.001157923 0.00137618 0.002312607 0.002202513 0.002264787 0.001115118 0.002306996 0.003854339 0.002403102 0.002812819 0.00256836 0.002796005 0.002304127 0.002309353 0.002189123 0.003411094 0.002291022 0.001193703 0.003123642 0.001184039 0.002892132 0.002840701 0.00123083 0.0034843 0.002290671 0.003142425 0.001337847 0.002897223 0.002723239 0.002189686 0.001079528 7.90261E-4 0.002794585 0.002919701 0.002560021 0.003673268 0.001136293 0.00278331 0.003033444 0.003085556 0.002902633 0.001086223 0.001051845 0.002441543 0.001309406 0.001284007 0.002786009 0.002779786 0.001096414 0.002193696 0.00356276 0.002121316 0.001155093 0.002504401 9.02156E-4 0.001062233 0.001387027 0.002246071 0.00233982 0.002096903 0.003737019 0.002190859 0.003472504 8.30871E-4 0.002507668 0.002678553 0.001108726 0.003023874 0.003280611 0.002818408 0.003053579 0.002900189 0.002840082 0.002301106 0.002681689 0.003262879 0.001171792 0.003172247 0.001247973 0.001327989 0.003403129 0.002896197 0.00105933 0.001172173 0.001046655 0.003102427 0.002874673 0.001272099 0.001191383 0.003013797 0.001154268 0.00226955 0.002878202 0.002161646 0.002853153 0.002431572 0.001331378 0.001253047 0.003521049 0.001116779 0.001144111 0.001038883 0.002380242 0.00280146 0.002511813 0.001325835 0.002725471 0.003200766 0.002386861 0.001029166 0.002074099 0.002815201 0.002927303 0.00233448 0.002727578 0.003150675 0.002278154 0.001037172 0.002275206 0.001116459 0.002901681 0.002841632 0.001090896 0.003187343 0.002832265 0.002349589 0.001095388 0.003011209 0.002919659 0.002777485 0.001146013 8.34742E-4 0.002338297 0.003237205 0.002638108 0.002932776 0.001068688 0.002830237 0.003327561 0.00290607 0.002393115 0.001838125 0.001349295 0.003068186 0.001475101 0.001214866 0.003478404 0.003347838 0.001393014 0.002822504 0.00313527 0.002564177 0.001134583 0.002332645 8.65179E-4 0.001163226 0.00108579 0.002251168 0.002656045 0.00215602 0.002970576 0.003194064 0.003296196 0.00131569 0.00307745 0.002814984 0.001107677 0.003023347 0.002942123 0.003064499 0.003494007 0.002325183 0.003274145 0.002528376 0.002354733 0.002988419 0.001016002 0.003105014 0.001965252 0.001334286 0.003598998 0.003171973 0.00106322 0.001078432 0.001013395 0.002746262 0.004329979 0.001265192 0.001191477 0.002682799 0.001103551 0.002213837 0.002946368 0.001980872 0.002386131 0.002862962 0.001066754 0.001198333 0.003519821 0.001088046 0.001094843 0.001066967 0.002250784 0.002354831 0.002707344 0.001169491 0.002441527 0.003436729 0.0030638 0.001081607 0.002028664 0.003028301 0.002481841 0.002727805 0.002246368 0.002933604 0.002688579 0.001275818 0.002292659 0.001136473 0.002871958 0.002740626 0.001577262 0.002915037 0.002471224 0.002743305 0.001258722 0.003042254 0.002841121 0.002592445 0.00190609 8.28819E-4 0.002393443 0.003222292 0.002302178 0.003082439 0.001150522 0.002902778 0.003046253 0.002790793 0.002415748 0.001229079 0.001211931 0.002217159 0.001041064 9.92858E-4 0.003920934 0.003053327 0.00159587 0.002317415 0.003388593 0.002128527 0.001087562 0.002299131 8.97047E-4 0.001828515 0.001243714 0.002528318 0.002748562 0.002477521 0.003034164 0.002645789 0.003060119 0.001530753 0.003891841 0.002535667 0.001383715 0.003119005 0.003062562 0.003119521 0.003646015 0.002123164 0.003239934 0.003372059 0.002385479 0.002993538 9.96071E-4 0.002881978 0.001191311 0.001066596 0.003620234 0.003025485 0.001079143 0.001060313 9.93831E-4 0.002608217 0.002870149 0.001097388 0.001197922 0.002497669 0.001516327 0.003547198 0.003192107 0.001974213 0.002484687 0.002400308 0.001370512 0.001050347 0.003190454 0.001383649 0.001133444 0.001017077 0.002332088 0.002477092 0.002336095 0.00118991 0.00229607 0.003149566 0.00247367 0.001161191 0.002052051 0.002817747 0.00246395 0.002985064 0.00210424 0.003152969 0.002386628 0.001055729 0.002426477 0.00112752 0.002922562 0.003355859 0.001096406 0.003060858 0.00265624 0.003153501 0.001106519 0.002891977 0.003223828 0.002374641 0.001352366 8.12499E-4 0.002402335 0.003650735 0.002340092 0.002709394 0.001061651 0.003004697 0.002785133 0.002740878 0.001992211 0.001025559 0.001184395 0.002344222 0.001057757 0.002070283 0.00296792 0.00460537 0.001833723 0.00241055 0.003464817 0.002685364 0.001119088 0.002261068 8.41148E-4 0.001182196 0.001026029 0.002853133 0.002647936 0.002019944 0.003121492 0.002278136 0.002828638 8.40123E-4 0.002492228 0.002305243 0.001674592 0.004215164 0.003447482 0.002759469 0.002850495 0.002046864 0.002845311 0.002766607 0.002303197 0.004439778 0.0010203 0.003018937 0.001078881 0.001145835 0.003142676 0.002981309 0.001133306 0.001278266 0.001057116 0.003348477 0.002912926 0.001280777 0.001066496 0.002347285 0.001279554 0.002511238 0.003890652 0.002543369 0.003407332 0.002488182 0.001540705 0.002868201 0.003176337 0.001369955 0.001396088 0.00105888 0.00236102 0.002850206 0.002731134 0.001417659 0.002405756 2.10622E-4 0.002938401 0.001258166 0.001973618 0.002952001 0.002749572 0.003453814 0.002229132 0.003192119 0.002502098 0.00112367 0.002342652 0.001076201 0.002928593 0.00363743 0.0011119 0.003124275 0.002661764 0.002364433 0.001107178 0.002818176 0.003026301 0.002364658 0.001674864 8.2938E-4 0.002520415 0.003277319 0.002208989 0.002685576 0.001011118 0.002705956 0.002509097 0.002832809 0.002323422 0.001180806 0.001218843 0.002202024 0.001061641 9.63083E-4 0.002596425 0.002907894 0.001009058 0.002333065 0.002612571 0.002240449 0.001195969 0.002149707 7.69291E-4 9.13412E-4 9.26764E-4 0.002030412 0.00195038 0.002320848 0.002565331 0.002117746 0.002845647 0.001215764 0.002273421 0.002107953 9.9178E-4 0.002720439 0.003103288 0.003247208 0.003080248 0.002306258 0.003285843 0.002270857 0.00234197 0.002939005 0.001155315 0.003082442 0.001259786 0.001400508 0.00297378 0.003324243 0.001095767 0.00167482 0.001603659 0.003412554 0.003658518 0.001189088 0.001080427 0.002487828 0.001837848 0.002345542 0.002786489 0.002074782 0.002441746 0.003128944 0.001211841 0.001084841 0.003014262 0.001179852 0.001264248 0.001025861 0.002500758 0.002471917 0.00275801 0.001096143 0.002178997 0.002785506 0.002251584 0.00109991 0.002485419 0.002824522 0.002398884 0.002714868 0.002055861 0.002956604 0.002339336 0.001105693 0.002356959 0.001723718 0.002756545 0.003021439 0.0013101 0.002753382 0.00228153 0.002273467 0.001152763 0.0026526 0.002767598 0.002683105 0.001191615 9.82485E-4 0.002501093 0.002817159 0.002344276 0.002895364 0.001345125 0.002789132 0.002911936 0.003315778 0.002049365 9.71354E-4 0.001069096 0.002088478 0.001040408 9.52503E-4 0.003038773 0.002744423 0.001039391 0.00263554 0.002803869 0.00188243 9.76335E-4 0.002187436 8.95908E-4 9.74307E-4 0.00118255 0.002253465 0.002248556 0.002242955 0.003037717 0.002196486 0.002490625 7.88081E-4 0.002246971 0.002719158 9.88139E-4 0.002491125 0.002920583 0.002830735 0.003409981 0.002107445 0.003035578 0.002280452 0.002553641 0.002934386 0.001126317 0.002870055 0.001128683 0.001020535 0.002932283 0.002740944 0.001186992 0.001109424 9.97881E-4 0.002778223 0.003870434 0.001092291 0.00103352 0.002304825 0.001430535 0.002488953 0.003568585 0.002041147 0.002914547 0.002344831 0.001074377 0.001055053 0.002957821 0.001431152 0.001072628 0.001150023 0.00250387 0.003115928 0.002230736 0.001069263 0.002286297 0.002941452 0.002845026 0.001257818 0.002521933 0.003619719 0.002314408 0.002252871 0.002148942 0.002717923 0.002760265 0.001063038 0.002629087 0.001207956 0.003137457 0.002680544 0.001071683 0.002776788 0.002179129 0.002185272 0.00139972 0.002992905 0.003315471 0.0023057 0.001014043 7.86785E-4 0.00226351 0.002881798 0.002825739 0.00300171 0.001046135 0.003433851 0.003107733 0.002899338 0.002113519 0.001127646 0.001058074 0.002882737 0.001143075 0.001073648 0.00302139 0.002983611 0.00125172 0.002404228 0.002640232 0.001956501 0.001001227 0.00271373 7.58766E-4 9.21341E-4 9.85105E-4 0.002200211 0.00248608 0.001870503 0.002800288 0.002156656 0.002517736 7.43275E-4 0.002548562 0.002145258 9.55174E-4 0.002801896 0.003165107 0.002786837 0.002793149 0.001878528 0.002670849 0.002550521 0.002124188 0.002527347 9.11832E-4 0.002901367 0.001004087 9.32317E-4 0.00261123 0.003164274 0.001222238 9.78453E-4 0.001069916 0.002708177 0.002915202 0.001329381 0.001002421 0.002180732 9.75645E-4 0.002155469 0.00261491 0.001675144 0.002250913 0.002349353 0.001059918 0.001144468 0.002738918 0.001004583 8.6608E-4 8.951E-4 0.002071224 0.002124868 0.002685484 0.001005011 0.002341349 0.002951302 0.002168392 9.33282E-4 0.001776556 0.002525699 0.001981096 0.002010753 0.002647969 0.002667059 0.002254682 0.001197574 0.002046053 9.84219E-4 0.002101576 0.002186538 9.85039E-4 0.002463258 0.002519061 0.001977782 0.001238969 0.00293669 0.002783012 0.00203763 0.001019815 6.86395E-4 0.002003241 0.002441357 0.002557415 0.002555495 9.32204E-4 0.002733388 0.002639855 0.002357837 0.001687772 8.96393E-4 7.28609E-4 0.001719271 8.16489E-4 9.32323E-4 0.002185994 0.002180722 0.001352017 0.002206011 0.002559653 0.001731571 9.45859E-4 0.001947821 7.22854E-4 9.05017E-4 0.001130197 0.002060129 0.002175042 0.002764824 0.003984561 0.0023818 0.002988978 9.258E-4 0.002649544 0.002153031 0.001070378 0.003341889 0.002999938 0.003104304 0.0028406 0.002058811 0.003321953 0.00234396 0.002405473 0.003400672 9.72891E-4 0.00276326 0.00113155 0.001211384 0.002999897 0.003447002 0.001095997 9.03147E-4 0.001074658 0.003093669 0.002841031 9.71247E-4 0.001004301 0.002439909 0.001170706 0.002826439 0.002899867 0.001943942 0.002541746 0.002276713 0.001134674 0.001117288 0.003062261 0.001330707 0.001101057 0.001123462 0.002298546 0.002655712 0.002430064 0.001078013 0.002302503 0.002777234 0.002350236 0.00109189 0.002726325 0.003026511 0.002368691 0.00272333 0.002179017 0.002715634 0.00228034 0.001291543 0.002406304 0.001885659 0.002745513 0.002743822 0.001196768 0.002921527 0.002133889 0.002228434 0.001124282 0.003462328 0.002733791 0.002644175 0.001297106 0.001032157 0.002263337 0.002791697 0.002231447 0.002847937 0.001119572 0.003118396 0.003030513 0.003435067 0.001858573 0.001009461 9.39644E-4 0.002210672 0.001128693 0.001045241 0.003360951 0.002508415 0.001122464 0.002572422 0.003154221 0.001857951 0.001089453 0.002213058 9.73382E-4 0.00111423 0.001515808 0.002129208 0.002387011 0.002360946 0.002970319 0.002515751 0.00284373 8.52032E-4 0.00250699 0.003127533 0.001089317 0.003188996 0.003857053 0.002901862 0.00321201 0.002096279 0.00321489 0.002391404 0.002343501 0.003274141 9.36758E-4 0.002813834 0.001020336 0.001066424 0.003079795 0.003160519 0.001034533 9.55324E-4 0.001145464 0.003530588 0.002875605 0.001038647 0.00109329 0.002499785 0.001208419 0.002478969 0.003215287 0.0022336 0.002390966 0.002274929 0.001037834 9.29915E-4 0.002938472 0.00191376 8.93703E-4 0.001118046 0.002541432 0.002390149 0.002233633 0.001014828 0.002226714 0.002915732 0.003054944 0.001105817 0.00230048 0.003190372 0.002375932 0.002278072 0.002196066 0.002855785 0.002304548 0.001676709 0.002230413 0.001181926 0.002621828 0.002350865 9.76943E-4 0.003533489 0.002269175 0.002292618 0.001954364 0.003016691 0.003264241 0.002492487 0.001103744 8.01919E-4 0.002203519 0.003128813 0.002189077 0.00331952 0.001123962 0.002996303 0.003039429 0.002881513 0.001880624 0.001066258 9.16158E-4 0.002369698 0.00115902 0.00122387 0.002969902 0.002974458 0.001092762 0.002230579 0.002814769 0.001923832 0.001085741 0.002533045 9.14157E-4 0.001035484 0.001006307 0.002199289 0.002504042 0.002023155 0.002829018 0.002444261 0.00303349 8.92923E-4 0.002736025 0.002051173 0.001354178 0.003069521 0.002874467 0.002976132 0.002838873 0.002319798 0.00284516 0.002340482 0.002661901 0.002790272 9.10944E-4 0.002760234 0.001043763 0.001228067 0.003157263 0.002740831 0.001176842 0.001025334 0.001186388 0.002640141 0.002724379 9.67849E-4 0.001039253 0.002318692 0.001458764 0.002331233 0.003132099 0.002123246 0.002274015 0.002234579 0.001097438 9.17117E-4 0.003450465 0.001133617 0.001112104 0.001151708 0.002516359 0.002274136 0.002231143 0.001036353 0.002199908 0.002727019 0.00255483 0.001084674 0.00238774 0.003185444 0.00227795 0.00231406 0.002272192 0.00294343 0.002949844 0.001071804 0.002379902 0.001334243 0.002593726 0.002457169 9.55071E-4 0.002687724 0.002335229 0.002760478 0.001096056 0.002952391 0.003120037 0.002582844 0.001131167 7.88327E-4 0.002389908 0.002892436 0.003017368 0.002875161 0.001292734 0.002936353 0.003035221 0.002842042 0.00196532 0.001073749 0.00128945 0.002283381 0.001083802 0.00116296 0.003174633 0.002541872 0.001030815 0.002574052 0.002935185 0.002013335 0.001711742 0.002440318 8.43034E-4 0.001249155 0.001161442 0.002089367 0.002236073 0.002034049 0.003380441 0.00290388 0.002771887 8.50074E-4 0.002810751 0.002088884 0.001087292 0.00283623 0.002779376 0.003251498 0.003150594 0.002509953 0.003095598 0.002335565 0.002208972 0.002797049 9.43512E-4 0.003501283 0.001012509 9.97788E-4 0.003253317 0.003919771 9.5695E-4 9.49212E-4 9.74553E-4 0.002581263 0.002806379 0.001247661 0.001185853 0.002462588 0.001193955 0.002769269 0.002877926 0.001961685 0.002192406 0.002411316 0.00104789 0.001550154 0.002894461 0.001259327 0.00111551 0.001159119 0.002104639 0.002202958 0.002233738 0.001149932 0.002644875 0.002937668 0.002456475 0.001231139 0.001994288 0.002875011 0.002211382 0.002262425 0.002255272 0.002841008 0.002230031 0.001348147 0.002822926 0.001119788 0.002424632 0.002692535 0.001168213 0.003374123 0.002364649 0.002309549 0.001264583 0.002860221 0.002871455 0.002265865 0.001016701 8.14993E-4 0.002936584 0.002828645 0.002531057 0.003586556 0.001114502 0.003205465 0.002817759 0.002904773 0.002690334 0.001067315 9.49651E-4 0.002528935 0.001168791 9.9848E-4 0.00280487 0.002687149 0.001058141 0.003007402 0.002805147 0.002116029 0.001588145 0.002355341 8.35523E-4 0.001047815 0.001283182 0.002355614 0.003053969 0.002184543 0.003245371 0.00235882 0.002827139 7.82416E-4 0.002526892 0.002577107 0.001101106 0.003045083 0.003265261 0.002815159 0.002732084 0.002039613 0.002902173 0.003440337 0.00225535 0.003387035 0.001078557 0.002831902 0.001003764 0.001014347 0.002879246 0.002677747 0.001055753 9.06092E-4 0.001193093 0.00312344 0.002931009 9.1396E-4 0.001014004 0.002206138 0.001105151 0.00229495 0.003647388 0.001940319 0.002896355 0.002724737 0.001051003 0.00170293 0.003032149 0.001107118 9.85073E-4 0.001230297 0.002206365 0.002475893 0.00250807 0.001369875 0.002543008 0.003087544 0.002239002 0.001169098 0.002173395 0.003058943 0.002524371 0.002768675 0.002316792 0.003654135 0.002393562 0.001388228 0.002821892 0.001249151 0.00268327 0.003186968 0.001039984 0.002790619 0.002633094 0.00232812 0.0010857 0.003462372 0.002801299 0.002224937 0.001190939 8.60442E-4 0.00226072 0.002666172 0.002356153 0.003427229 0.001121907 0.00278741 0.003150091 0.002780861 0.001929415 0.001042289 9.1796E-4 0.002282756 0.001107355 0.001163617 0.002997097 0.002696647 0.001141885 0.002242574 0.002786677 0.001856372 0.001047337 0.002216221 0.001860862 0.001045013 0.001167182 0.002283116 0.002271288 0.001932319 0.00272879 0.002229938 0.003421314 8.4169E-4 0.002820164 0.002307335 0.001125304 0.002827667 0.00296806 0.002841538 0.002889354 0.002457569 0.002879687 0.002692911 0.002235144 0.002729124 8.93266E-4 0.002824017 0.001019351 0.001316814 0.002814885 0.002716725 0.001286547 0.001234189 0.001039273 0.002558859 0.002873411 0.001076922 0.001099467 0.002487542 0.001099082 0.002476953 0.00311868 0.001921687 0.002199668 0.002143582 0.001032969 8.61633E-4 0.003375953 0.001043026 9.64119E-4 0.001158023 0.002241316 0.002309686 0.002267318 0.001067491 0.002263666 0.002934664 0.002454224 0.001127397 0.002548378 0.003004003 0.002201123 0.002463356 0.002040811 0.002831725 0.002790054 0.00107267 0.002415594 0.001284227 0.002406282 0.002546563 0.001003777 0.00365495 0.002198779 0.002334483 0.001097696 0.00315863 0.002901453 0.002236057 0.001089662 8.36072E-4 0.002137731 0.003392863 0.002237758 0.003156037 0.001273381 0.003488387 0.002678578 0.002788658 0.002003831 0.001436577 9.33274E-4 0.002366844 0.001161067 0.001156626 0.002692545 0.00248605 0.001048196 0.002373264 0.002830549 0.001937222 0.001100921 0.002460514 9.64624E-4 0.00110464 0.001007091 0.002024251 0.00227791 0.00196213 0.002965947 0.003029269 0.002913598 0.001062451 0.002879516 0.002004891 0.001074158 0.002890934 0.0029239 0.002812348 0.003315715 0.002048167 0.00301905 0.002312093 0.002234873 0.002716583 9.82134E-4 0.002934812 0.001891837 0.001088127 0.002941812 0.003142247 0.001098843 9.29446E-4 0.001010358 0.002658429 0.002759405 0.00147376 9.82822E-4 0.002264128 0.00118043 0.002953086 0.003154906 0.001856399 0.002283683 0.002397754 0.001305404 0.001073914 0.002989757 0.00125806 0.001012569 9.51662E-4 0.002115467 0.002282503 0.002260162 0.001043108 0.002350516 0.002904874 0.002526966 0.00137617 0.002046133 0.002685478 0.002651109 0.002421527 0.002424039 0.0029949 0.002675577 0.001124477 0.002283946 0.00107508 0.002359412 0.002441715 0.001017503 0.002927286 0.002606308 0.002422161 0.001163834 0.002782445 0.002790513 0.002358289 0.001116625 9.63518E-4 0.002616165 0.003484303 0.002731913 0.002745455 9.98375E-4 0.002775102 0.002723011 0.00344804 0.00192374 0.001333907 0.001023609 0.002617696 0.001109799 0.001025632 0.002826996 0.002430541 9.83619E-4 0.002235962 0.002881667 0.002136128 0.001122324 0.002317617 7.77858E-4 9.7469E-4 9.30329E-4 0.001943099 0.002039078 0.002098859 0.002695749 0.002403074 0.003312792 8.3854E-4 0.002445649 0.001987169 0.001059866 0.002726133 0.003210255 0.002779552 0.003019278 0.002333593 0.002813888 0.0022356 0.002057498 0.002705856 8.43976E-4 0.002760359 9.33304E-4 8.96001E-4 0.002903463 0.003064811 9.57348E-4 8.90637E-4 8.96487E-4 0.002607916 0.002466507 0.001597487 0.001025072 0.002392967 0.001174803 0.00242003 0.003115124 0.001823307 0.002195285 0.002149899 0.001415166 9.18012E-4 0.002770507 0.001267863 9.79613E-4 0.001056989 0.002043612 0.002416669 0.002338652 0.001106899 0.002881241 0.002984 0.002724755 0.001186581 0.0020134 0.00285593 0.002094414 0.002393983 0.002252276 0.003223003 0.001974227 9.94534E-4 0.002425917 0.001159803 0.002297155 0.002454275 9.20659E-4 0.002660788 0.002509003 0.002695915 0.001127609 0.003023946 0.002728587 0.002133109 0.00108489 7.29154E-4 0.002161053 0.00298174 0.002170011 0.003143327 0.001285934 0.002807151 0.002641842 0.002539518 0.001826845 8.96244E-4 0.001011395 0.002484265 0.001311718 0.00114348 0.002933953 0.002460611 0.001035758 0.002051903 0.002660084 0.001701276 0.001023682 0.002008832 9.02736E-4 0.001242321 0.001102902 0.001899202 0.002197723 0.001942702 0.003006777 0.002239275 0.003090821 7.50444E-4 0.003155028 0.002273157 0.00105841 0.002825485 0.002704535 0.00268521 0.0031385 0.001760108 0.002580982 0.002620525 0.00265514 0.002849443 8.90353E-4 0.002710471 9.16706E-4 8.85192E-4 0.002846833 0.002657674 0.001027261 9.49845E-4 9.80276E-4 0.002656203 0.002410592 8.44186E-4 9.94719E-4 0.002026599 0.00105414 0.002177509 0.002437467 0.002189128 0.001954304 0.002222249 0.001093369 8.37766E-4 0.002652032 9.7047E-4 9.20005E-4 9.29471E-4 0.001906834 0.002192231 0.002021447 8.78735E-4 0.001857324 0.002440987 0.002108042 9.739E-4 0.001816978 0.002609028 0.001963478 0.002315855 0.002834977 0.002546145 0.001846221 9.95487E-4 0.00232433 0.001017857 0.002685062 0.002258869 9.55455E-4 0.002863156 0.002119748 0.001909684 0.001012252 0.002557875 0.002488077 0.002514032 0.00101413 8.76673E-4 0.002252151 0.002661455 0.00203495 0.002476098 9.484E-4 0.002523473 0.002472333 0.003186906 0.00198002 0.001085867 9.75266E-4 0.002070334 9.59905E-4 8.39976E-4 0.002499578 0.002184608 8.78495E-4 0.002742565 0.002764841 0.002094501 0.00111842 0.002507284 8.12021E-4 9.62447E-4 9.15122E-4 0.002093819 0.002458692 0.00200312 0.003287092 0.002296474 0.003270338 8.66711E-4 0.002619052 0.002032032 9.81928E-4 0.002941074 0.003204838 0.002839184 0.003255809 0.00234971 0.002843904 0.002179875 0.002121013 0.002925629 0.001210005 0.002822368 0.001156805 0.001160957 0.003249572 0.002818302 9.86601E-4 9.86494E-4 9.94015E-4 0.003065464 0.002699718 9.74932E-4 0.001199358 0.002963033 9.45924E-4 0.002525833 0.002869039 0.002097784 0.002970149 0.002330518 9.28128E-4 0.001138906 0.003458765 0.001129276 8.80359E-4 0.00111071 0.002129921 0.002741274 0.002143564 0.001125672 0.002706184 0.002909039 0.002199878 9.9642E-4 0.001899802 0.003111132 0.002655122 0.002273645 0.002300349 0.003016518 0.002099886 0.001065871 0.002215561 0.001110442 0.002382917 0.002492885 0.001014966 0.002989232 0.002417237 0.00224875 0.001086482 0.002801463 0.002848837 0.002979569 0.001118069 9.59982E-4 0.002680124 0.00299783 0.002177466 0.002805154 0.001068719 0.002674775 0.003455011 0.002920011 0.002080811 0.001285728 9.34046E-4 0.002271082 0.001059929 0.00105676 0.002975717 0.002566489 0.001697804 0.002456381 0.002982267 0.001975096 9.81134E-4 0.002179364 8.32272E-4 9.71849E-4 9.2551E-4 0.002033747 0.002240402 0.001970506 0.003088224 0.00256554 0.002778575 7.71122E-4 0.002483402 0.002007376 0.001031472 0.003601706 0.002719775 0.003063752 0.003173851 0.001903527 0.00281186 0.002286306 0.002149844 0.002984132 8.87202E-4 0.002986753 0.001079916 0.00102779 0.003093096 0.002624721 9.48454E-4 0.001042397 0.001003949 0.003396698 0.002690324 0.001054356 0.001125686 0.002283214 9.4137E-4 0.002566826 0.002815074 0.001792523 0.002241438 0.002275135 9.39979E-4 0.001051357 0.002839792 0.00105547 8.96085E-4 0.001052693 0.002156738 0.002572721 0.002080728 9.77803E-4 0.002316757 0.003418065 0.001849956 8.25963E-4 0.001782969 0.002616799 0.001903096 0.002353672 0.001856086 0.002814801 0.002339019 9.77546E-4 0.002012069 9.45212E-4 0.002246897 0.002515222 8.39159E-4 0.003067501 0.002043835 0.002220481 0.001040714 0.00258523 0.002619378 0.002616949 8.88686E-4 7.14293E-4 0.002802463 0.002707708 0.00233808 0.00284478 9.93227E-4 0.002388306 0.002461742 0.002519128 0.001905962 0.001037061 9.58002E-4 0.002869353 0.001064815 9.60121E-4 0.002584708 0.002455314 8.67893E-4 0.00251564 0.003256651 0.001613686 8.49392E-4 0.001997212 7.76099E-4 0.001061607 0.001024394 0.001807179 0.002620016 0.002010099 0.002479629 0.002072372 0.002737152 6.5052E-4 0.002253494 0.002159327 8.70224E-4 0.002482709 0.002328048 0.002489839 0.002785651 0.002250936 0.002523604 0.002241961 0.002058546 0.002619445 0.001023117 0.003378482 9.50382E-4 0.001118359 0.002411469 0.002484265 0.001282696 9.34224E-4 8.58564E-4 0.002466865 0.002416086 9.37024E-4 8.91837E-4 0.002444683 0.001200713 0.002074936 0.002811305 0.002401627 0.001728464 0.002484077 0.001148883 8.90799E-4 0.002579462 0.001640817 9.25445E-4 9.56258E-4 0.002137717 0.002552387 0.001826091 9.00121E-4 0.001970748 0.003223459 0.001934805 8.86553E-4 0.001768899 0.002678727 0.002283621 0.001978399 0.001917212 0.002428719 0.001776501 9.19681E-4 0.002745395 9.54515E-4 0.002744256 0.002957044 8.69692E-4 0.002421486 0.001854756 0.001850301 9.88847E-4 0.002547028 0.002744429 0.002610707 0.00118106 9.58721E-4 0.002656175 0.002607766 0.001842311 0.002359652 8.46564E-4 0.002739548 0.002672182 0.002748072 0.002032381 8.45705E-4 8.81581E-4 0.002576082 9.40811E-4 8.71748E-4 0.002594423 0.002507326 8.41507E-4 0.002922355 0.004582735 0.001649427 8.56747E-4 0.001941077 8.52853E-4 7.88985E-4 0.002592047 0.001707514 0.002408676 0.002152687 0.003768676 0.001916034 0.002508295 6.41954E-4 0.00223554 0.002473485 9.19469E-4 0.002551652 0.002681076 0.003775421 0.003020007 0.002144111 0.002392573 0.002269479 0.00240731 0.002545493 0.001085964 0.003595186 9.32733E-4 8.72406E-4 0.002611793 0.00249327 0.001203556 9.17242E-4 0.001314595 0.002232805 0.002519289 9.59511E-4 8.23767E-4 0.001887844 0.001189141 0.002256646 0.002496729 0.00210258 0.001886592 0.002815003 8.80443E-4 7.91534E-4 0.00248566 9.07657E-4 9.04601E-4 9.96489E-4 0.001893082 0.002825 0.002139964 9.91563E-4 0.002179669 0.003225705 0.001761906 9.29063E-4 0.001806606 0.002638616 0.001968367 0.001911586 0.002042669 0.002293118 0.001764601 9.1916E-4 0.001881783 8.81935E-4 0.002319871 0.002823398 8.20678E-4 0.002680244 0.002152655 0.002011503 9.37744E-4 0.002250506 0.002350513 0.002758422 0.001001269 8.36739E-4 0.002609927 0.002570214 0.002009544 0.002374797 9.00584E-4 0.002289359 0.002352675 0.002992841 0.001782401 8.97206E-4 9.31578E-4 0.002978107 9.55768E-4 8.51196E-4 0.002429515 0.002395671 9.72267E-4 0.002527889 0.003663773 0.001734492 0.001001556 0.002272845 7.39435E-4 8.28932E-4 7.66842E-4 0.00165857 0.002617999 0.001723073 0.002571054 0.002035816 0.002687718 7.41613E-4 0.002240735 0.001813795 9.15906E-4 0.002565656 0.002372813 0.003099532 0.002541571 0.002252662 0.002606034 0.001936708 0.002015278 0.002489392 0.001066986 0.003204216 9.58711E-4 8.47591E-4 0.002498088 0.002556305 0.001131964 9.04131E-4 8.04179E-4 0.002737346 0.002293776 9.21674E-4 8.46003E-4 0.002187932 0.001182698 0.002301085 0.002619696 0.001651565 0.001847141 0.002634199 8.78044E-4 7.99776E-4 0.00295029 8.61507E-4 8.94558E-4 0.001166388 0.002098128 0.002672691 0.001801092 8.91149E-4 0.002195432 0.003830915 0.001760493 0.001052656 0.001937466 0.002533295 0.001874129 0.001847273 0.001773033 0.002344232 0.001821622 0.001658645 0.001842051 0.00100674 0.00279112 0.00252349 8.53925E-4 0.002445868 0.001937718 0.002267297 0.001072215 0.002775501 0.002740811 0.002911115 9.92258E-4 7.08371E-4 0.002638181 0.002504136 0.001933423 0.002474435 0.001011206 0.002399568 0.002815632 0.002940298 0.001771307 8.59491E-4 8.88761E-4 0.002524847 9.87095E-4 9.02434E-4 0.002972215 0.002378768 8.73627E-4 0.003058832 0.003229788 0.001546232 8.37659E-4 0.001958614 6.92085E-4 7.7691E-4 0.001106668 0.001768624 0.002467351 0.001758044 0.003188675 0.001852474 0.002437536 6.88041E-4 0.002199136 0.00210753 9.70301E-4 0.002549491 0.002510929 0.002490858 0.002723301 0.002131862 0.002353062 0.001880517 0.002338075 0.00248022 0.001020068 0.003601018 8.94436E-4 8.91367E-4 0.002816089 0.002430135 0.001285272 8.36952E-4 0.001656022 0.002427238 0.002458556 0.001026808 9.17831E-4 0.001937051 0.001086791 0.001995 0.002808629 0.001625875 0.002226165 0.002627948 7.94319E-4 0.001008444 0.002622313 8.61042E-4 8.73855E-4 8.47099E-4 0.00177922 0.002840823 0.002597998 9.88894E-4 0.002256231 0.003477879 0.001796037 8.27202E-4 0.001656571 0.002330353 0.001914466 0.002618834 0.001819939 0.00279776 0.002232355 9.40076E-4 0.002006142 8.94127E-4 0.002169727 0.002250277 8.40894E-4 0.003385225 0.002073748 0.002253738 0.001093833 0.002397879 0.00233654 0.002599131 9.02731E-4 7.11488E-4 0.00234978 0.002735103 0.001983605 0.002914308 0.001322902 0.002435602 0.002257562 0.002438738 0.001835311 0.001236113 0.001048569 0.002627152 0.00111329 0.0010328 0.00292426 0.00234151 8.57676E-4 0.0024762 0.003683387 0.001614208 7.94676E-4 0.002151186 9.81502E-4 0.001668542 8.29745E-4 0.001729936 0.002626356 0.00170458 0.002943612 0.001975118 0.002543313 7.5699E-4 0.002520855 0.001902878 8.77415E-4 0.002379713 0.002300899 0.003191613 0.002419112 0.002190573 0.002716203 0.001962292 0.002250612 0.002543646 0.001090839 0.003225196 8.70554E-4 8.86787E-4 0.002355078 0.002758737 0.001121654 8.83546E-4 8.3712E-4 0.002239847 0.002521888 9.46798E-4 8.15837E-4 0.002422625 0.001157086 0.001941543 0.002809602 0.001738134 0.001650008 0.00268009 7.51767E-4 0.001100872 0.002774608 0.001015478 8.76597E-4 8.42384E-4 0.002238311 0.002411124 0.001824988 8.98944E-4 0.001884747 0.003346245 0.002360087 8.09758E-4 0.00186191 0.002614983 0.002046794 0.001928808 0.001838398 0.002343664 0.00169627 9.33021E-4 0.002608393 9.30136E-4 0.002366398 0.002742969 8.98785E-4 0.002252701 0.001809462 0.001878925 8.90196E-4 0.002203108 0.00278897 0.002837056 9.54824E-4 7.66748E-4 0.002685834 0.002359932 0.001920316 0.002235265 9.7618E-4 0.002258504 0.003015923 0.002789688 0.002107907 8.9337E-4 8.67555E-4 0.002485979 8.88979E-4 8.43545E-4 0.002349885 0.002716333 8.51025E-4 0.002594246 0.003464459 0.001710062 8.21441E-4 0.001965649 6.53076E-4 7.57364E-4 7.76132E-4 0.001755963 0.003130341 0.001660808 0.002547154 0.00219452 0.002878298 6.74595E-4 0.002041887 0.0017918 8.82129E-4 0.002357443 0.002726844 0.003467855 0.002846628 0.002219821 0.002640693 0.001839593 0.001927521 0.002811666 9.83617E-4 0.003334961 9.99852E-4 9.20127E-4 0.002348516 0.00269282 0.001035186 9.29933E-4 8.21199E-4 0.002474516 0.002223864 8.24581E-4 8.3425E-4 0.002317062 0.001146028 0.001974612 0.00246886 0.001788182 0.002069843 0.002868671 8.04367E-4 7.56666E-4 0.002552863 0.001080883 8.91775E-4 8.36646E-4 0.001721777 0.00235051 0.001877957 8.34309E-4 0.002472074 0.003316209 0.002149666 0.001018743 0.001701421 0.002436179 0.002048942 0.001989552 0.001822139 0.002536109 0.001657968 0.001062148 0.002231595 9.51549E-4 0.002151336 0.00233286 8.12232E-4 0.002368968 0.002268317 0.00197782 0.001012281 0.002549698 0.002394625 0.002688215 8.91756E-4 6.91649E-4 0.002447337 0.002476441 0.002582253 0.002502896 0.001107019 0.002765647 0.002459532 0.002296086 0.001823557 9.03896E-4 7.94589E-4 0.002464457 0.001519789 8.32399E-4 0.002461832 0.002764789 0.001075626 0.002663156 0.003037215 0.001595899 8.77881E-4 0.001964849 9.03473E-4 8.13827E-4 7.94731E-4 0.002000893 0.002903081 0.001672825 0.002320423 0.001958024 0.002404852 5.96584E-4 0.002416214 0.001900364 8.79399E-4 0.00274217 0.002971305 0.00224687 0.002431169 0.002108522 0.003297381 0.001877734 0.001829533 0.002757224 9.54956E-4 0.003023134 9.26171E-4 8.24549E-4 0.002530832 0.002146351 0.001423544 8.25156E-4 8.3423E-4 0.002257898 0.002525035 9.04146E-4 8.19822E-4 0.001820194 0.001198657 0.001981219 0.002360089 0.001793644 0.001908083 0.003068287 8.23256E-4 7.78985E-4 0.002322609 8.38211E-4 8.02299E-4 9.33441E-4 0.002135572 0.002445113 0.001756964 9.69875E-4 0.00235988 0.002959456 0.001815776 7.79213E-4 0.001626539 0.002469173 0.002348307 0.001837256 0.001900684 0.002480416 0.001898246 8.56195E-4 0.001720182 8.45012E-4 0.0019354 0.002196963 7.34621E-4 0.002983247 0.001711444 0.001805841 8.66526E-4 0.003280786 0.002355287 0.002629348 8.95815E-4 7.75556E-4 0.002442041 0.002576768 0.002008932 0.002663106 0.001682899 0.002372174 0.002392322 0.002310635 0.001755143 0.001109027 9.46343E-4 0.002728776 8.53779E-4 0.001025253 0.003269657 0.002174301 8.18324E-4 0.00255207 0.003122872 0.002034073 8.39779E-4 0.001819094 6.51457E-4 8.34667E-4 8.94094E-4 0.002509677 0.002489672 0.001686991 0.00230483 0.001828914 0.002999445 6.35752E-4 0.00195241 0.002188582 0.001025857 0.002278573 0.002102332 0.00228418 0.002333411 0.001918104 0.002299893 0.001739785 0.001896624 0.002366902 8.7352E-4 0.002768836 7.21477E-4 7.80772E-4 0.002150949 0.002027769 0.001108745 8.08925E-4 7.73341E-4 0.002153459 0.002392036 7.37999E-4 7.78256E-4 0.001986653 9.13599E-4 0.001602336 0.002489052 0.001517214 0.002351045 0.002526878 7.36744E-4 7.96228E-4 0.002502104 8.50384E-4 7.15398E-4 7.4905E-4 0.001779058 0.002070282 0.001623714 8.06654E-4 0.002190996 0.002817381 0.001628517 7.84291E-4 0.001719449 0.002201163 0.001640045 0.001542452 0.001749493 0.002205 0.001608927 0.001476108 0.00189213 9.39835E-4 0.002239356 0.002299005 8.54149E-4 0.002252467 0.001942685 0.002249485 9.36537E-4 0.002940937 0.002362647 0.002735234 0.001092553 6.6328E-4 0.002504995 0.002319017 0.001904626 0.002565071 0.001438069 0.00246009 0.002731218 0.002665844 0.001812202 8.81415E-4 8.6273E-4 0.002542608 9.30249E-4 9.08547E-4 0.00296999 0.002482557 9.45479E-4 0.003025743 0.003235989 0.001429992 7.74546E-4 0.002049127 6.508E-4 7.40688E-4 8.60136E-4 0.001712521 0.002773801 0.002002331 0.002466925 0.001940288 0.00245955 6.49766E-4 0.002139144 0.001882876 9.99132E-4 0.002452687 0.002547281 0.002794125 0.002428304 0.00218373 0.002363499 0.001873014 0.001933765 0.002532001 9.983E-4 0.003519754 0.001201617 8.93023E-4 0.002409599 0.002331895 0.001020468 8.4584E-4 8.38964E-4 0.00266909 0.002258741 8.93817E-4 9.4618E-4 0.002031707 0.001274607 0.00208381 0.002484103 0.001678366 0.001929228 0.002851439 7.39674E-4 8.79901E-4 0.002651429 9.07748E-4 8.5747E-4 9.03144E-4 0.001735667 0.002479037 0.002016028 9.90253E-4 0.001983987 0.003490981 0.002042859 8.01743E-4 0.001562574 0.002729479 0.002129005 0.001956239 0.002460588 0.002302934 0.002065723 9.50418E-4 0.001889456 9.14189E-4 0.002121369 0.002382487 9.79059E-4 0.00296895 0.001917101 0.002084185 0.001060655 0.002569347 0.002334267 0.002466549 9.42917E-4 6.89497E-4 0.002780419 0.002677749 0.002485317 0.002737579 9.02556E-4 0.002394498 0.00227525 0.002402089 0.001706375 0.001192864 8.32665E-4 0.002712584 0.001038905 9.2735E-4 0.002436621 0.002271093 9.02449E-4 0.002783808 0.002956519 0.001967117 8.33219E-4 0.002429021 8.06011E-4 8.28311E-4 7.47827E-4 0.001740897 0.002458915 0.001747545 0.002632024 0.001920195 0.002346941 6.72527E-4 0.002395903 0.002714822 9.32537E-4 0.00250461 0.002299954 0.002236129 0.002525554 0.002109698 0.002671264 0.002205125 0.001796803 0.002324529 9.96958E-4 0.003043384 8.49263E-4 0.001170303 0.00244173 0.002684659 0.00130047 9.90172E-4 0.001013395 0.002298002 0.002250668 9.16506E-4 8.45734E-4 0.002396479 0.001130116 0.001999163 2.27546E-4 0.001772744 0.001856799 0.002739633 7.63766E-4 7.40287E-4 0.002295105 8.78965E-4 0.001060299 7.94718E-4 0.001843411 0.00271954 0.001835889 9.01679E-4 0.002121405 0.003349745 0.001974833 8.42975E-4 0.002171124 0.002399915 0.001928481 0.002101685 0.001830133 0.002359578 0.00165863 9.26456E-4 0.002240018 8.73671E-4 0.002589125 0.002406224 8.19046E-4 0.002552018 0.002898829 0.001951686 9.27845E-4 0.002210948 0.002360986 0.003029849 8.56914E-4 6.11105E-4 0.002537146 0.002819984 0.001819411 0.00220643 9.28258E-4 0.00236887 0.002356327 0.00241771 0.001952989 8.43125E-4 9.56977E-4 0.003246318 8.39433E-4 8.66343E-4 0.002451372 0.002435825 8.66389E-4 0.00318576 0.003104439 0.00176475 9.50003E-4 0.001829303 6.22538E-4 7.28587E-4 8.05112E-4 0.001725784 0.002454897 0.002012026 0.002519846 0.001813092 0.002587063 6.92008E-4 0.002084488 0.00169975 7.92734E-4 0.002662205 0.002322289 0.002446115 0.002522857 0.002522303 0.002397345 0.001962292 0.001751596 0.002368165 8.79114E-4 0.003414024 8.59697E-4 7.96158E-4 0.002403844 0.00275705 0.001141011 8.10111E-4 7.39914E-4 0.002141342 0.002119859 8.91479E-4 9.30305E-4 0.002162976 0.001213615 0.002199808 0.002559317 0.001601137 0.00184136 0.002571339 7.56908E-4 7.94267E-4 0.002863571 9.12112E-4 7.74429E-4 9.64972E-4 0.001996956 0.002230323 0.001803682 0.001012862 0.001906727 0.00323828 0.002438229 7.84413E-4 0.001691387 0.002752086 0.00205457 0.001687349 0.001630378 0.002193406 0.002116156 8.38663E-4 0.001915468 9.15087E-4 0.002153279 0.002346395 0.00121063 0.002327339 0.002016824 0.001748457 9.27563E-4 0.002489922 0.002949007 0.002309389 9.76489E-4 7.14727E-4 0.002791226 0.002473676 0.001891552 0.002444796 9.66446E-4 0.002196735 0.002867592 0.002489238 0.001958149 8.66591E-4 7.82382E-4 0.002634181 9.14786E-4 7.71297E-4 0.002536571 0.002227453 0.001295405 0.002708407 0.003100854 0.001702706 8.2504E-4 0.001739283 6.82749E-4 7.97639E-4 7.81643E-4 0.001721045 0.002704682 0.001598678 0.00238855 0.002030264 0.002535974 6.58012E-4 0.001951948 0.001920525 8.21642E-4 0.002321284 0.002681255 0.002468263 0.002477539 0.002285361 0.002528092 0.001734612 0.00175713 0.002259867 0.001009423 0.003328239 8.4937E-4 9.15315E-4 0.002532732 0.002495718 0.001037889 8.69127E-4 8.34882E-4 0.002176287 0.002192474 9.68167E-4 0.001263953 0.00201472 0.001128407 0.002059727 0.002579045 0.001680596 0.00171275 0.002322958 7.24558E-4 7.08331E-4 0.002757137 9.24525E-4 7.92751E-4 8.56378E-4 0.002136184 0.002315204 0.001665096 0.001076848 0.002119114 0.00330016 0.001880157 9.37248E-4 0.001553454 1.89714E-4 0.001923096 0.00199291 0.001633854 0.002126735 0.001799553 9.46989E-4 0.001803983 8.7475E-4 0.002248512 0.002450103 9.20983E-4 0.002382334 0.001711391 0.001878268 8.88515E-4 0.002977663 0.002529132 0.002473521 9.43549E-4 8.35707E-4 0.002641451 0.002398502 0.001857921 0.002369266 8.3629E-4 0.002330689 0.002336501 0.002611664 0.002009972 9.32979E-4 7.6001E-4 0.002489796 8.15478E-4 8.61833E-4 0.002383142 0.002669413 9.02096E-4 0.002355812 0.003450803 0.001465361 7.84154E-4 0.001755259 7.28565E-4 7.86529E-4 7.76254E-4 0.001676617 0.002924629 0.001568039 0.002718317 0.002714807 0.002349189 6.04667E-4 0.002122297 0.001909213 9.37252E-4 0.003012432 0.002263245 0.002635317 0.002797798 0.002145482 0.00233689 0.001728192 0.001703905 0.002315742 9.67289E-4 0.003209575 7.66473E-4 8.05716E-4 0.002619933 0.002351207 0.001099914 7.87867E-4 7.57738E-4 0.002289475 0.002148227 0.001333758 8.81925E-4 0.001933543 0.001120321 0.002076875 0.0028231 0.001560325 0.001747907 0.00259793 7.36366E-4 7.64831E-4 0.00250476 8.42249E-4 9.25993E-4 0.001045225 0.001914897 0.002520798 0.001941953 8.89068E-4 0.001976268 0.003592519 0.0018207 7.48452E-4 0.001882282 0.002551455 0.001769163 0.001902581 0.0019118 0.00222142 0.001671549 9.10783E-4 0.001776865 9.14519E-4 0.002456177 0.002720359 8.98912E-4 0.002279678 0.002138522 0.002228495 9.31629E-4 0.002395231 0.002249473 0.002910662 0.001103925 6.23943E-4 0.002509482 0.002379378 0.002018785 0.002763909 9.02983E-4 0.002629496 0.002793619 0.002778339 0.001892623 8.92532E-4 8.67407E-4 0.002610425 0.002158006 9.35458E-4 0.002823209 0.002945842 8.35805E-4 0.002555482 0.003086219 0.001573569 8.01512E-4 0.002327008 7.27044E-4 8.14924E-4 8.24683E-4 0.002130266 0.002588771 0.001524643 0.002349983 0.001936291 0.002472724 6.58428E-4 0.002298052 0.002297128 0.001044667 0.00264311 0.002079455 0.002372978 0.002433342 0.00205564 0.002946405 0.001886892 0.001901402 0.002917592 9.33978E-4 0.003008526 8.36245E-4 8.6369E-4 0.002381763 0.002309381 0.001204453 8.0366E-4 8.19442E-4 0.002679682 0.002695452 8.07273E-4 8.4544E-4 0.001943182 0.001150558 0.001959767 0.002746003 0.001643695 0.001827879 0.003119234 7.756E-4 7.15011E-4 0.00285411 8.92931E-4 9.20764E-4 8.6661E-4 0.00193902 0.002651244 0.001747161 9.93514E-4 0.002051872 0.003099205 0.001797328 8.67913E-4 0.001751624 0.002418078 0.002184132 0.001923666 0.001851581 0.002532633 0.001744062 9.11725E-4 0.001984824 8.08134E-4 0.00293327 0.002443034 0.001417853 0.002384755 0.00199445 0.002216641 9.34893E-4 0.002332942 0.002377014 0.002644625 0.001028568 6.17209E-4 0.002383681 0.002335797 0.002214729 0.002602063 9.07848E-4 0.002352977 0.002354762 0.002245667 0.001824047 0.001491943 8.94013E-4 0.002800491 0.001080943 0.001036199 0.002326122 0.002379088 8.60436E-4 0.002303265 1.78727E-4 0.001505447 8.37893E-4 0.001759141 7.07275E-4 8.72783E-4 9.73103E-4 0.001794901 0.002505763 0.001472236 0.002119843 0.002103209 0.002339426 8.1349E-4 0.00215009 0.002319632 9.53823E-4 0.002421433 0.002102485 0.002290162 0.002437792 0.002002355 0.00239423 0.001876166 0.001981447 0.002607947 9.99928E-4 0.002799547 8.51622E-4 8.32615E-4 0.002394229 0.002666265 0.001157723 7.94518E-4 8.35597E-4 0.002619117 0.002242854 8.11953E-4 7.68103E-4 0.001957199 9.89747E-4 0.00197441 0.002678613 0.001562356 0.001813352 0.002847359 8.55028E-4 7.11998E-4 0.00268883 9.19158E-4 8.744E-4 9.84691E-4 0.001829074 0.003028811 0.00183341 8.6112E-4 0.00231641 0.003157914 0.00177565 8.8756E-4 0.001664849 0.00242044 0.002422151 0.001932271 0.001832733 0.002592003 0.001654899 9.07892E-4 0.001663938 8.51689E-4 0.002358849 0.002172862 9.32481E-4 0.002494028 0.002195501 0.0020346 8.37458E-4 0.002300104 0.002313325 0.002678034 9.10561E-4 0.001131181 0.002610349 0.002622496 0.002302652 0.0022105 8.91428E-4 0.002420169 0.002349698 0.002449591 0.00178891 8.60357E-4 0.001052092 0.002856732 8.81505E-4 8.42938E-4 0.002214676 0.002367392 8.80385E-4 0.00239229 0.003401183 0.001531337 9.93637E-4 0.002224842 7.47344E-4 8.02683E-4 7.56967E-4 0.001774157 0.002404199 0.001654942 0.002961018 0.002062205 0.002510773 7.53395E-4 0.002043628 0.001820522 8.16823E-4 0.002316567 0.002138277 0.002099919 0.002371986 0.001979395 0.002320142 0.002014361 0.001950274 0.002207077 0.001091683 0.003147668 8.58595E-4 9.56004E-4 0.002505009 0.002387325 0.001312408 0.001122076 8.05205E-4 0.002297965 0.002225734 7.42217E-4 8.24283E-4 0.001840568 0.001523952 0.001967778 0.002437545 0.001412439 0.001925344 0.002676995 7.74231E-4 7.70418E-4 0.002316159 8.41225E-4 8.06391E-4 0.001068684 0.001951477 0.002179746 0.002141139 0.001028962 0.00176 0.003305835 0.001548533 7.60368E-4 0.001515731 0.00291943 0.001772527 0.001811207 0.001714714 0.002643745 0.001816744 8.35522E-4 0.002291307 9.49718E-4 0.002399472 0.00306228 8.49898E-4 0.002512953 0.002255399 0.00192222 8.40267E-4 0.002393026 0.002448421 0.002630224 9.8545E-4 6.04214E-4 0.002553701 0.00255006 0.001807621 0.002131137 8.91489E-4 0.002513891 0.002719687 0.003067753 0.00203889 0.001226149 0.001079164 0.002622683 8.92847E-4 7.84151E-4 0.002407342 0.002377365 0.001485358 0.002557366 0.003190303 0.002039917 8.67752E-4 0.001929907 6.86435E-4 7.70907E-4 7.78765E-4 0.001642454 0.003081077 0.001633247 0.00243595 0.002276072 0.002437704 6.3388E-4 0.00210338 0.001629737 7.70582E-4 0.001949768 0.00230544 0.002370551 0.002708454 0.002155992 0.00229921 0.001669421 0.001740434 0.002482144 0.001202299 0.003012015 7.98575E-4 9.39441E-4 0.002822512 0.002413735 0.001050934 8.25984E-4 7.07704E-4 0.001928681 0.001910644 0.001053189 7.64484E-4 0.001875032 9.62763E-4 0.001974731 0.00266003 0.001387137 0.001534522 0.002100487 6.71229E-4 7.96477E-4 0.002229971 0.001706905 7.7505E-4 7.59783E-4 0.001812703 0.00252345 0.001599672 9.03513E-4 0.001664529 0.002842079 0.001687241 0.001609481 0.001508098 0.00229451 0.001764426 0.001959489 0.001630516 0.002132713 0.001746163 8.48049E-4 0.001624173 9.01287E-4 0.002010739 0.002588391 7.26558E-4 0.00237982 0.002017 0.001776934 7.9473E-4 0.002223964 0.00202368 0.002386285 8.69751E-4 6.14574E-4 0.002071205 0.002357601 0.001735709 0.0020422 7.33515E-4 0.002263802 0.003085707 0.002101756 0.002521848 8.6095E-4 9.86545E-4 0.002830332 8.44429E-4 8.20608E-4 0.002222236 0.002012846 6.76103E-4 0.002302073 0.002714145 0.001484122 6.88772E-4 0.00180879 7.49985E-4 7.71279E-4 7.23752E-4 0.001409657 0.00200468 0.001352132 0.00228782 0.001564976 0.002719875 5.75468E-4 0.002115048 0.001995949 9.58888E-4 0.002242677 0.002049298 0.002119936 0.002051466 0.001714536 0.002734412 0.001755553 0.0015833 0.002496221 0.001110855 0.002833939 7.70414E-4 7.92888E-4 0.002036688 0.00207468 8.67918E-4 8.75542E-4 7.1916E-4 0.001816173 0.002238194 8.92918E-4 0.001110149 0.001980328 0.001124532 0.001982848 0.002444178 0.001572046 0.001975734 0.002582195 8.75594E-4 0.001042504 0.002609072 8.48423E-4 9.04056E-4 8.83256E-4 0.001915742 0.003014553 0.001711757 8.78898E-4 0.002046279 0.003614083 0.001845366 8.48712E-4 0.001718859 0.002539489 0.001959807 0.001986694 0.001801965 0.002589375 0.001905318 0.001122011 0.002099259 8.54787E-4 0.002277679 0.002459881 0.001554894 0.002481537 0.002121802 0.002018576 8.65777E-4 0.002492169 0.002291878 0.002321101 9.14648E-4 7.29301E-4 0.002485267 0.002316879 0.002244713 0.002479337 8.78716E-4 0.002649503 0.002641309 0.002343313 0.002582591 8.38699E-4 8.84813E-4 0.002848497 9.54593E-4 8.25956E-4 0.002437756 0.002069215 9.78807E-4 0.002422692 0.003514878 0.001578641 8.08269E-4 0.002028067 8.48919E-4 7.9537E-4 7.62816E-4 0.001705191 0.002493385 0.001882114 0.002985969 0.001839294 0.002765367 7.50767E-4 0.002201717 0.001877856 8.15754E-4 0.002423145 0.002277293 0.002367141 0.002855791 0.002254969 0.002781976 0.001912351 0.001703974 0.002211683 0.00102639 0.003034506 9.60637E-4 0.001034558 0.002410814 0.002801501 0.001128689 8.63385E-4 8.44015E-4 0.002271415 0.00219464 8.62316E-4 7.82069E-4 0.002453162 0.001160363 0.001899323 0.002987346 0.002264541 0.001832822 0.00247622 7.94871E-4 8.33472E-4 0.002515177 8.83075E-4 8.53592E-4 7.82442E-4 0.001941461 0.002974275 0.002003564 8.14425E-4 0.001847948 0.003116695 0.001688211 7.46374E-4 0.002010752 0.002423164 0.00207193 0.002232864 0.00211739 0.00248638 0.00164106 9.46021E-4 0.001760546 9.80248E-4 0.002217072 0.002554533 0.001037383 0.002498625 0.002104759 0.001792665 8.27578E-4 0.002385776 0.002536952 0.002508672 9.23273E-4 7.29018E-4 0.003384415 0.002367349 0.001719985 0.002734808 0.001147241 0.00266992 0.002253271 0.002303235 0.001939133 0.001102186 8.47908E-4 0.00248788 9.24926E-4 8.46916E-4 0.002457056 0.002679367 8.22389E-4 0.002582122 0.003134408 0.001570217 8.21888E-4 0.001786392 6.96198E-4 8.48433E-4 7.85894E-4 0.001746527 0.00242947 0.001825482 0.002783664 0.001820598 0.00217136 6.26644E-4 0.002204618 0.001892079 8.17216E-4 0.002994492 0.002059901 0.002422092 0.002553248 0.002098046 0.002159366 0.00187458 0.00192959 0.00274837 0.001114224 0.003535262 9.84985E-4 9.73601E-4 0.002301663 0.002310631 0.00106654 8.56621E-4 8.37953E-4 0.00255017 0.002085953 8.04011E-4 9.10825E-4 0.002332107 0.001385058 0.001987524 0.002450745 0.001578304 0.001898214 0.002586527 9.00535E-4 8.11597E-4 0.002694145 0.001120045 9.09019E-4 8.28001E-4 0.001807706 0.002365082 0.00183732 7.75746E-4 0.002185729 0.002879301 0.00191536 0.001020365 0.001606844 0.002544657 0.001758609 0.001940511 0.001907537 0.002849784 0.001649024 8.84186E-4 0.002257308 0.001020918 0.002160777 0.002383805 8.06258E-4 0.002469112 0.001899626 0.002350112 8.53233E-4 0.00237501 0.002492842 0.002638204 9.18714E-4 7.35105E-4 0.002968078 0.00244676 0.001970724 0.002330317 8.68682E-4 0.002520234 0.002495743 0.002117562 0.001646368 8.9439E-4 7.81679E-4 0.002469941 0.001426919 8.6149E-4 0.002470611 0.002504545 8.79949E-4 0.002462777 0.003245088 0.001579851 8.90367E-4 0.002322943 0.001002247 7.9173E-4 7.43617E-4 0.001845366 0.002563808 0.001744624 0.002389657 0.001857474 0.002485268 6.41231E-4 0.002784789 0.001929114 9.57213E-4 0.002718189 0.002175211 0.002320204 0.002325781 0.002228405 0.002468071 0.001999175 0.001982554 0.002665052 0.001081929 0.003103699 8.63587E-4 8.64463E-4 0.002322316 0.002355779 0.001525052 8.79666E-4 8.03108E-4 0.002409737 0.00268086 9.53367E-4 8.40966E-4 0.001938535 0.001049586 0.001834463 0.00247328 0.002235936 0.001779816 0.002897129 9.64838E-4 8.04773E-4 0.002403751 9.06589E-4 7.95809E-4 8.80942E-4 0.001955672 0.002450647 0.002144958 8.61514E-4 0.001982028 0.002905091 0.001660313 9.32904E-4 0.00210414 0.002581935 0.002029665 0.002120551 0.00166424 0.002450934 0.001795045 8.83169E-4 0.001811548 0.001287052 0.002166481 0.002135865 9.71504E-4 0.00265796 0.001954953 0.001757456 0.001414601 0.002478993 0.002207009 0.002520603 9.03634E-4 7.39317E-4 0.00289774 0.002259515 0.001898016 0.002223566 8.95761E-4 0.002411973 0.002440076 0.002262346 0.001988232 0.001233526 9.27163E-4 0.002555953 9.40839E-4 8.78166E-4 0.002337075 0.002282378 9.73595E-4 0.002698355 0.003495359 0.0016178 7.79631E-4 0.00170616 7.06432E-4 8.13427E-4 8.39137E-4 0.001548192 0.003275192 0.001768898 0.002482176 0.002044061 0.002444934 6.37588E-4 0.002095629 0.001938815 9.29667E-4 0.002844473 0.002312885 0.00267678 0.002665065 0.001873292 0.002168808 0.001904856 0.00175098 0.002286596 0.00159711 0.003088818 0.001004343 0.001122921 0.002230465 0.002199652 0.001010489 7.92744E-4 7.66351E-4 0.002241419 0.003108322 9.92921E-4 7.95217E-4 0.002370644 0.001200022 0.00194939 0.002325643 0.001401331 0.001825077 0.003140493 7.80329E-4 7.1072E-4 0.002496987 0.001088243 0.001365917 8.39619E-4 0.001846132 0.002430477 0.002067836 0.00131792 0.001908531 0.003252475 0.002099202 0.001425459 0.001563647 0.002445002 0.00189614 0.00270454 0.002551875 0.002228923 0.001776339 0.001153233 0.002477755 8.72311E-4 0.00217575 0.002602377 7.74254E-4 0.002296361 0.002708573 0.001937548 8.62348E-4 0.002721978 0.002469505 0.002313365 9.13656E-4 7.76433E-4 0.002393994 0.002484913 0.001955779 0.00284722 0.00115121 0.002373643 0.002355674 0.002253074 0.001906028 7.96851E-4 0.001403117 0.002550962 8.79468E-4 9.67894E-4 0.002568667 0.002250435 8.90033E-4 0.002340634 0.002955404 0.001364203 9.06236E-4 0.001868559 8.25519E-4 9.48004E-4 9.6178E-4 0.001697385 0.002419078 0.001640085 0.002240708 0.00180415 0.002820658 6.94533E-4 0.002295636 0.002088916 0.001012899 0.002454251 0.002248313 0.002234888 0.002506405 0.002038181 0.002359152 0.002190558 0.002024709 0.002432683 0.001047706 0.003029643 8.56925E-4 7.49381E-4 0.002376485 0.002916861 0.001128369 8.74025E-4 9.38755E-4 0.002508351 0.00232438 8.81578E-4 7.71443E-4 0.001900973 0.001025337 0.001749162 0.002906107 0.001567106 0.001853204 0.003127204 7.92979E-4 7.87563E-4 0.002367361 9.73084E-4 0.00120178 2.61939E-4 0.002428207 0.002469915 0.001825733 3.47312E-4 0.002021043 0.003132709 0.00172593 2.4973E-4 0.001628536 0.002300536 0.0019091 0.00183854 0.001922804 0.002457213 0.001781682 2.91806E-4 0.001944093 2.25457E-4 0.002224422 0.002228697 3.94258E-4 0.002344412 0.001806263 0.001950909 2.5963E-4 0.0022989 0.002319839 0.002491989 2.55845E-4 7.04524E-4 0.003013794 0.002304199 0.001747061 0.002601448 2.70792E-4 0.002257125 0.002142873 0.002323895 0.001878672 3.03621E-4 2.52746E-4 0.00271234 2.50651E-4 2.54576E-4 0.002693257 0.00214075 2.21696E-4 0.002226826 0.002951546 0.001572261 2.37736E-4 0.001811125 6.93249E-4 2.92133E-4 2.79313E-4 0.001560804 0.00217064 0.001471459 0.002231179 0.001731683 0.002304696 7.40417E-4 0.002241972 0.001641521 2.17646E-4 0.002050997 0.002164774 0.00233657 0.003044495 0.002131811 0.002713592 0.001885245 0.001801702 0.002317249 2.45956E-4 0.003126413 2.45802E-4 2.12247E-4 0.002376415 0.002255124 2.28631E-4 8.52316E-4 3.93566E-4 0.002447602 0.002331727 0.001088666 2.92394E-4 0.001892758 0.001163157 0.00172257 0.002521059 0.001622332 0.002049166 0.002990527 2.66293E-4 2.34172E-4 0.002205188 0.001110837 9.28751E-4 7.70106E-4 0.002275605 0.002401261 0.001871675 0.001035726 0.002526476 0.003094783 0.001652425 7.58852E-4 0.001738959 0.003113049 0.001847268 0.002016749 0.00205597 0.002607814 0.00178747 8.35319E-4 0.001994269 8.71291E-4 0.002563918 0.002288728 0.00101011 0.002730113 0.002652986 0.001919061 8.10689E-4 0.002293541 0.002309389 0.00269688 0.001089735 6.85823E-4 0.002884843 0.002508593 0.001892433 0.002396048 8.74239E-4 0.002394355 0.002577503 0.002268723 0.001990147 0.001005551 0.001033533 0.00257115 8.35891E-4 7.82658E-4 0.002455249 0.002137546 8.51251E-4 0.003037518 0.003380478 0.001845314 8.85609E-4 0.001960974 6.33077E-4 8.33839E-4 7.77497E-4 0.0015682 0.002489966 0.001747192 0.00245092 0.002068476 0.002828415 6.46425E-4 0.001940517 0.001652059 7.71265E-4 0.002508153 0.002801547 0.00250121 0.002607014 0.002305691 0.002530415 0.001715419 0.001834822 0.00229895 0.001007446 0.002835488 0.001162889 9.84538E-4 0.002291015 0.002398291 0.00112337 8.61008E-4 8.50364E-4 0.002101322 0.002861602 8.8897E-4 9.40742E-4 0.002251918 0.001175984 0.001994977 0.002381175 0.001891593 0.001714374 0.002568742 7.99556E-4 7.96542E-4 0.002368211 0.001122419 9.27532E-4 8.6478E-4 0.001819439 0.00224798 0.00196782 8.61132E-4 0.002394093 0.002844235 0.001988733 9.64508E-4 0.001709778 0.002408382 0.00177556 0.00170145 0.001586894 0.002347521 0.001809062 9.61045E-4 0.001820944 0.001048247 0.00236956 0.002320826 8.61065E-4 0.0023817 0.001745048 0.001707199 0.001101374 0.00249845 0.002459388 0.002786415 9.86027E-4 6.85316E-4 0.002481133 0.002117875 0.001709907 0.002206388 0.00158201 0.002214257 0.002389699 0.002541247 0.001894738 8.78535E-4 8.42224E-4 0.00246096 9.31157E-4 7.83661E-4 0.003002974 0.002238543 9.73594E-4 0.002976896 0.002968424 0.001538402 8.07795E-4 0.001693087 6.86995E-4 7.30529E-4 8.69775E-4 0.001718035 0.002360606 0.002100273 0.002579423 0.001970607 0.002215833 6.26538E-4 0.002077707 0.001785995 0.001100511 0.002313572 0.002396536 0.002552481 0.0024088 0.001915016 0.002239696 0.001733705 0.001729033 0.002594148 8.99836E-4 0.002861181 0.001005599 9.18951E-4 0.002490696 0.002191632 9.76615E-4 7.8589E-4 9.42274E-4 0.002150903 0.002257705 8.01265E-4 9.83485E-4 0.00227058 0.001130899 0.002004137 0.002552046 0.00154454 0.001757401 0.002855348 7.73475E-4 8.08301E-4 0.0024306 9.57583E-4 8.99687E-4 7.3359E-4 0.001661591 0.002358423 0.002231141 9.16486E-4 0.001814622 0.003073003 0.001806475 0.001004483 0.001628439 0.002381025 0.001670239 0.001833809 0.001891774 0.002225796 0.001893382 8.73313E-4 0.0020741 9.39803E-4 0.002243722 0.002252287 8.13246E-4 0.002343808 0.001652297 0.001813763 0.001136236 0.002411052 0.002565851 0.002715719 9.2659E-4 6.5771E-4 0.002492867 0.00212334 0.001825548 0.002861011 7.93735E-4 0.00241786 0.002622369 0.002357681 0.001721395 7.96835E-4 7.26698E-4 0.002486509 8.9481E-4 8.28854E-4 0.002766488 0.002199409 9.40463E-4 0.002918699 0.002947128 0.001479866 7.42744E-4 0.001642308 6.34416E-4 7.3039E-4 0.001176518 0.001616479 0.002304163 0.001783707 0.002761597 0.001961069 0.002369367 6.24262E-4 0.001988994 0.001595181 7.76139E-4 0.002368479 0.002121426 0.002543648 0.002786367 0.001863693 0.002239677 0.001818668 0.001837938 0.002885171 0.001016171 0.003198075 9.7631E-4 9.33962E-4 0.002783685 0.002356644 0.0010916 9.02345E-4 0.001139684 0.002236458 0.002760167 8.28742E-4 8.43321E-4 0.002095199 0.001320105 0.002121117 0.002606755 0.001650741 0.001794059 0.002284006 0.001147586 7.37764E-4 0.002473363 9.45745E-4 0.001427261 8.33212E-4 0.001735419 0.002731192 0.001914032 8.8628E-4 0.00249856 0.003121765 0.002074948 9.97297E-4 0.001583845 0.002357911 0.001871182 0.001884664 0.00199567 0.002306897 0.001677242 9.51327E-4 0.002125005 8.26382E-4 0.002080748 0.002201627 7.88995E-4 0.002219895 0.001854256 0.001983692 8.60883E-4 0.002657877 0.002416612 0.002411897 8.50647E-4 6.41287E-4 0.002233084 0.001965197 0.001545474 0.002540571 7.46046E-4 0.002316997 0.002426399 0.001903384 0.001498887 7.07098E-4 6.65375E-4 0.002242302 9.1004E-4 7.75649E-4 0.0028146 0.002007861 9.03453E-4 0.002629796 0.002636149 0.001333042 7.67961E-4 0.001775173 5.52791E-4 6.79114E-4 6.84573E-4 0.002125887 0.002050671 0.001517372 0.002422842 0.002066928 0.002118023 6.00696E-4 0.001914982 0.001706495 8.3943E-4 0.002090045 0.002253578 0.002095759 0.002103336 0.001968088 0.002324904 0.001538762 0.001574534 0.00201264 7.53857E-4 0.002273824 6.89514E-4 7.23663E-4 0.001736941 0.001731807 8.19829E-4 9.01239E-4 9.39152E-4 0.002471076 0.002252739 8.01006E-4 8.24119E-4 0.001976053 0.001479273 0.002001657 0.002374193 0.001866375 0.001775419 0.002711408 7.48399E-4 7.25501E-4 0.002460429 8.19682E-4 9.23206E-4 8.48737E-4 0.001801562 0.002632048 0.001946211 8.39666E-4 0.001945099 0.003111971 0.001862394 0.001420172 0.001725714 0.002415745 0.002008837 0.001967853 0.001769084 0.002337712 0.002015893 9.35867E-4 0.00235506 9.14101E-4 0.002126019 0.002602078 8.84691E-4 0.002206723 0.001842644 0.001885485 9.47418E-4 0.002648976 0.003001149 0.002540642 0.001084968 7.4467E-4 0.00226013 0.002294736 0.001912975 0.002218709 8.85627E-4 0.003110646 0.002342507 0.002369354 0.002155422 0.001032135 8.45239E-4 0.002499042 9.24124E-4 0.001013424 0.002351756 0.002918108 0.001047889 0.002862617 0.002943106 0.001523602 8.04265E-4 0.001814357 6.55335E-4 8.36806E-4 7.75268E-4 0.002252917 0.002203349 0.001619733 0.002889751 0.002020691 0.00235659 6.38858E-4 0.002090126 0.001911995 9.09707E-4 0.003107384 0.002316355 0.002933592 0.002517942 0.00183645 0.002322737 0.00173539 0.001817625 0.002803679 0.001018136 0.003064316 0.001034081 9.50891E-4 0.002109676 0.002110797 9.53067E-4 8.78294E-4 9.40686E-4 0.002667938 0.002419569 9.09586E-4 0.001247137 0.002091901 0.001005539 0.001885145 0.00240607 0.001583111 0.001803633 0.002978891 7.37828E-4 7.28693E-4 0.002707621 0.001005478 8.50069E-4 0.001059879 0.001972206 0.0024156 0.001652765 0.001521524 0.001919085 0.003049849 0.001845772 8.50093E-4 0.00152995 0.002446729 0.00180821 0.001921055 0.002311088 0.002332689 0.001672388 0.001000113 0.00221162 8.30621E-4 0.002176508 0.002416595 8.66927E-4 0.003142515 0.002442821 0.001904846 9.03367E-4 0.002586402 0.002339428 0.002334583 8.93349E-4 6.22743E-4 0.002517271 0.002607138 0.001994315 0.002590157 0.001077897 0.002488246 0.002417582 0.002264429 0.001794988 0.001007494 8.6705E-4 0.003470945 8.21277E-4 9.94045E-4 0.002806922 0.002233024 8.81293E-4 0.002315855 0.002779487 0.001500716 0.001316655 0.001893965 8.14066E-4 9.40167E-4 9.48039E-4 0.001638235 0.002437086 0.00150557 0.002214479 0.002105991 0.002283888 8.67082E-4 0.001951332 0.001960812 9.52719E-4 0.00255335 0.002230248 0.002470465 0.002458099 0.002182897 0.002428532 0.002004565 0.00216516 0.002381899 0.001024483 0.002780749 8.34805E-4 8.65041E-4 0.002276442 0.002775024 0.001084024 8.11593E-4 9.89509E-4 0.002879297 0.002079385 8.82116E-4 0.001783773 0.002011165 0.001073395 0.00186801 0.002410728 0.001863448 0.002946182 0.002872935 7.83072E-4 8.25323E-4 0.002492734 8.35286E-4 0.001155091 7.44921E-4 0.001782189 0.002550156 0.002133217 8.12643E-4 0.001766054 0.003431841 0.001794328 7.8176E-4 0.001889887 0.002500592 0.001808929 0.002103422 0.002577801 0.002130679 0.001664773 9.71478E-4 0.002115588 0.001585846 0.002266341 0.002683189 9.57883E-4 0.002447422 0.001835843 0.001864171 9.53868E-4 0.002401122 0.002438009 0.002677683 9.41413E-4 8.55093E-4 0.002553005 0.002336213 0.001763222 0.002268984 9.22743E-4 0.003206592 0.002186884 0.002260581 0.002085809 8.90763E-4 8.08248E-4 0.002444091 9.32941E-4 8.33994E-4 0.002377791 0.002476457 8.14771E-4 0.002651785 0.003345816 0.001609171 8.12688E-4 0.001707433 6.68486E-4 8.28859E-4 7.86838E-4 0.001686061 0.003099398 0.001703294 0.002988726 0.002391189 0.002373219 6.13743E-4 0.002025819 0.001863263 8.0408E-4 0.002688592 0.00220012 0.002212434 0.002846674 0.00216096 0.002146145 0.001911233 0.001826467 0.002307618 0.001301045 0.003221532 9.6343E-4 9.2759E-4 0.002303629 0.002288662 0.001033493 8.40915E-4 7.41776E-4 0.002259954 0.002140002 8.65395E-4 8.45408E-4 0.002225659 0.001123523 0.002035724 0.002558426 0.001489988 0.001747809 0.002627282 0.001501668 7.91282E-4 0.002424545 0.001018032 0.001123406 7.63052E-4 0.001858735 0.002720004 0.001763595 8.31407E-4 0.001866288 0.003126537 0.002023125 9.23268E-4 0.001521058 0.00241763 0.001829723 0.002041094 0.001971345 0.002829491 0.00173701 9.52662E-4 0.002105812 9.39115E-4 0.002239064 0.002400221 7.90702E-4 0.002479655 0.001838591 0.001854031 9.03469E-4 0.002601154 0.002926963 0.002270028 9.17659E-4 6.86571E-4 0.002558708 0.002874247 0.002022814 0.002598137 0.001064846 0.002574264 0.002327691 0.00206599 0.001863742 8.9948E-4 8.08078E-4 0.002698613 8.97734E-4 9.7275E-4 0.002519593 0.002672629 8.81635E-4 0.002593817 0.003202063 0.001471557 9.29286E-4 0.00187027 6.51094E-4 9.00835E-4 8.58177E-4 0.001919697 0.002239267 0.001486602 0.0024433 0.001705735 0.00237306 0.001225537 0.002099029 0.002025282 9.77065E-4 0.002647925 0.002194554 0.002164961 0.002395045 0.002183781 0.002556297 0.001948672 0.002195474 0.002588417 8.80512E-4 0.003069 0.001105547 8.47882E-4 0.002294743 0.002491948 9.70607E-4 0.001322376 9.95915E-4 0.002662383 0.002247063 0.001010527 9.14533E-4 0.002009354 0.001162227 0.002338302 0.002479439 0.001537667 0.001826267 0.002446383 8.46367E-4 7.62505E-4 0.002469472 8.60812E-4 8.66219E-4 0.001145346 0.001818708 0.002262181 0.002028638 9.38233E-4 0.001888605 0.003420495 0.001915206 9.31347E-4 0.001827342 0.002614082 0.002202731 0.001795654 0.001623694 0.002270405 0.001704843 0.001085083 0.001965636 9.25734E-4 0.002341157 0.002191654 9.56587E-4 0.002505766 0.001769937 0.001943759 8.98453E-4 0.002294886 0.002259957 0.002616107 9.63288E-4 9.90634E-4 0.002587338 0.002494223 0.001801919 0.002370765 8.90941E-4 0.002544973 0.002428614 0.002587454 0.001993065 8.88934E-4 9.08976E-4 0.002425214 8.06403E-4 8.77301E-4 0.002384426 0.003772202 8.99906E-4 0.002658533 0.003284441 0.001469378 7.66895E-4 0.001929889 6.80787E-4 8.34406E-4 7.44572E-4 0.001541504 0.00244649 0.001750176 0.002992657 0.00188597 0.002388214 8.28662E-4 0.002102257 0.002056507 8.494E-4 0.002447638 0.002211586 0.002909562 0.003396941 0.002050088 0.002294153 0.001652825 0.001898746 0.00277638 9.70179E-4 0.003017693 0.001247143 0.001432901 0.002346303 0.002319586 0.001057571 0.001267835 7.68639E-4 0.002563076 0.002138106 0.001187188 0.001047496 0.002353898 0.001103451 0.001884781 0.002371592 0.001509899 0.002190939 0.002497459 7.36965E-4 9.3358E-4 0.003060007 8.55459E-4 9.80953E-4 9.93946E-4 0.002033982 0.002668736 0.002043977 8.41813E-4 0.001919932 0.003581136 0.001814283 7.57054E-4 0.001721439 0.002479781 0.002187161 0.002443559 0.001793302 0.002234651 0.002062985 0.001020491 0.001767552 8.12393E-4 0.00225447 0.002494232 9.78067E-4 0.003324915 0.001803064 0.00226541 9.88768E-4 0.002399969 0.002171445 0.002371699 8.95397E-4 6.71435E-4 0.002343949 0.002439216 0.002012042 0.002704351 0.001061612 0.002335538 0.002160862 0.002233909 0.001866716 9.18006E-4 0.001000065 0.002739314 0.001049946 0.001007889 0.002484757 0.003172023 8.96871E-4 0.002521803 0.003287847 0.001584269 8.54353E-4 0.002110028 7.98548E-4 8.56934E-4 8.21468E-4 0.001606094 0.002411491 0.001695973 0.002340341 0.00219479 0.002536922 0.001160614 0.002337774 0.00178994 7.58432E-4 0.002467203 0.002288082 0.00215459 0.002545678 0.00207564 0.00270087 0.002131096 0.001881061 0.002245723 9.99503E-4 0.003138577 0.001539693 8.30492E-4 0.002085744 0.002693183 0.0010558 0.001309377 8.8247E-4 0.002046069 0.00235084 9.61805E-4 9.30408E-4 0.001844681 0.001113958 0.002372557 0.002470862 0.00157646 0.002075767 0.002736061 7.55995E-4 7.49789E-4 0.002518367 9.33475E-4 0.00133465 8.83215E-4 0.00183339 0.002269135 0.001665617 7.95448E-4 0.001887496 0.003783887 0.001873716 8.04027E-4 0.00191733 0.003025179 0.001905676 0.001871446 0.001648294 0.00243189 0.001887248 8.65304E-4 0.002225774 9.92792E-4 0.002445447 0.002376335 7.45664E-4 0.002262009 0.001928399 0.001790653 0.001081547 0.002233433 0.002434587 0.002628223 9.63005E-4 5.98763E-4 0.002320341 0.002094936 0.001982958 0.00237696 0.00151029 0.002501511 0.002514207 0.002379408 0.001652612 8.93201E-4 8.42192E-4 0.002477575 7.61551E-4 8.24588E-4 0.002494569 0.003055759 9.56274E-4 0.002976846 0.003088241 0.001373581 8.05049E-4 0.002012046 7.20546E-4 7.07647E-4 0.001194074 0.001870625 0.002475662 0.001931264 0.00246785 0.001918184 0.002312453 9.14872E-4 0.002061888 0.002097609 8.79051E-4 0.002370872 0.00245701 0.002693634 0.002675257 0.00197893 0.002349454 0.00190486 0.002384356 0.002262657 9.44529E-4 0.003151967 9.86128E-4 7.86752E-4 0.002395931 0.002239426 0.001014206 9.7627E-4 0.001134301 0.002353599 0.002252194 0.001364513 9.10765E-4 0.001923716 0.001073098 0.0020773 0.002607188 0.001581317 0.002476438 0.00249815 7.91823E-4 9.12565E-4 0.002481804 8.66297E-4 0.001292418 8.22658E-4 0.002059602 0.002452039 0.00181056 8.20821E-4 0.001898975 0.003430166 0.001722935 7.3219E-4 0.001741185 0.002517319 0.002011559 0.00220592 0.001640187 0.002817734 0.001877887 8.76956E-4 0.001754542 7.89376E-4 0.002222724 0.002296918 7.75613E-4 0.002932262 0.001832062 0.002129333 0.001050311 0.002365609 0.002191671 0.002495689 9.15822E-4 6.00862E-4 0.002833987 0.002522937 0.002071944 0.002670628 8.82495E-4 0.002256252 0.002344424 0.002288976 0.001854474 9.54583E-4 7.47216E-4 0.002740381 0.001000394 9.8981E-4 0.002487483 0.002675249 9.03965E-4 0.002514861 0.002946052 0.001502184 8.00031E-4 0.001846696 0.001011908 0.001401954 7.67814E-4 0.001601569 0.002482611 0.00170553 0.002659082 0.001877005 0.002189968 0.001060253 0.002917833 0.001694164 7.89388E-4 0.002546338 0.002192414 0.002974962 0.002428047 0.002166556 0.002865727 0.002057824 0.001916189 0.002500164 0.001725776 0.002925243 0.001296385 0.001059589 0.002638289 0.002516017 0.001041691 0.00119373 8.24624E-4 0.002641139 0.002211206 0.001322534 0.001086558 0.001996373 0.001081367 0.0017443 0.002782989 0.001546103 0.001861798 0.002881396 7.4982E-4 7.72172E-4 0.002966297 9.68084E-4 0.001212105 8.13314E-4 0.001762396 0.002974967 0.001894344 0.001295625 0.001811448 0.003025374 0.002109897 8.36458E-4 0.001582881 0.002377341 0.001751047 0.001756072 0.001741599 0.002503725 0.001703031 9.08306E-4 0.002071481 9.60187E-4 0.002157411 0.002354144 7.93028E-4 0.002344591 0.001887889 0.002157091 8.67323E-4 0.002442385 0.00241136 0.00239545 8.28156E-4 5.8672E-4 0.002215119 0.002056129 0.001848065 0.002172526 0.001038315 0.00243081 0.002477138 0.001985282 0.001659691 7.8828E-4 7.51077E-4 0.002256678 8.07358E-4 0.001442783 0.002200695 0.003289303 9.82182E-4 0.00251127 0.00284998 0.001281041 7.31448E-4 0.001553836 5.6742E-4 8.15448E-4 6.88832E-4 0.001385426 0.002026445 0.001743195 0.002528859 0.00165624 0.002143998 7.06648E-4 0.00181668 0.001684156 0.001666652 0.00236674 0.00208825 0.002548797 0.002557222 0.001963364 0.002085961 0.001828852 0.001334107 0.001949731 7.50711E-4 0.002544116 0.001055818 6.7806E-4 0.001635954 0.002092524 9.13789E-4 8.51898E-4 7.7887E-4 0.001989296 0.002593787 0.001125769 8.18653E-4 0.002049581 0.001102803 0.001749374 0.002205125 0.001346843 0.001490079 0.002226139 0.001200772 6.82262E-4 0.002155894 9.89641E-4 0.00152469 0.001027579 0.001673517 0.002024766 0.001606154 7.15447E-4 0.001655543 0.003378878 0.001475586 7.28896E-4 0.001542264 0.00241502 0.00156616 0.001514256 0.001548964 0.001950096 0.001277774 6.58547E-4 0.001433578 7.14543E-4 0.001687047 0.001744969 6.53007E-4 0.002148633 0.001640955 0.00156205 9.09197E-4 0.002094436 0.002171101 0.002874504 8.01281E-4 6.5576E-4 0.002518334 0.00257048 0.002151119 0.001975732 7.26369E-4 0.002072439 0.00251316 0.002589865 0.001628849 8.76083E-4 7.78316E-4 0.002805449 9.11337E-4 7.8682E-4 0.002391042 0.002861125 0.001098205 0.00247269 0.002648046 0.001521464 9.40064E-4 0.002055459 6.42881E-4 6.65207E-4 6.64054E-4 0.001377089 0.002159764 0.001610308 0.002825764 0.001545247 0.002160416 0.001094243 0.002141451 0.001560198 7.06817E-4 0.001968883 0.003009416 0.00197175 0.002704117 0.002129258 0.002855095 0.00184464 0.001659393 0.002078736 8.2176E-4 0.002670662 8.60424E-4 9.21681E-4 0.00186312 0.002321495 0.001364791 0.001265624 8.19619E-4 0.002153731 0.002093581 9.80191E-4 9.32839E-4 0.002769892 0.001003703 0.00226101 0.002895601 0.001395904 0.001481039 0.002226854 6.70031E-4 7.09836E-4 0.002121514 0.001355092 0.00138166 8.37295E-4 0.002364694 0.002248548 0.001566968 7.36113E-4 0.001633965 0.003070194 0.002641437 8.12391E-4 0.001781411 0.003027178 0.001808082 0.001590259 0.001634494 0.002495156 0.001881229 0.001103181 0.001942996 9.46048E-4 0.003349375 0.002479899 8.17884E-4 0.00237526 0.002440536 0.002419642 0.001167747 0.002561588 0.003993525 0.002669352 8.70161E-4 6.69766E-4 0.002518857 0.00310076 0.001851459 0.002347771 0.001398281 0.00359521 0.003049064 0.002421481 0.002995475 0.001088755 9.21804E-4 0.003753178 8.57632E-4 8.76311E-4 0.003204565 0.00315313 0.002067696 0.002458055 0.003881635 0.002550226 8.65799E-4 0.001916039 8.84553E-4 0.002444821 0.001103903 0.001964372 0.003017404 0.001940403 0.002424021 0.001711407 0.002566468 0.001266623 0.002691276 0.001924213 8.87795E-4 0.003382756 0.002345997 0.002556072 0.002563565 0.002153361 0.003641292 0.001803753 0.002235702 0.002866627 0.001036558 0.002829091 0.001344996 0.001028621 0.00238873 0.002487325 0.001217427 0.001457085 8.96898E-4 0.002458949 0.002350896 0.002415103 0.001560106 0.002145924 0.001317527 0.00272977 0.00247659 0.001464409 0.001805119 0.002493941 7.35905E-4 8.42457E-4 0.00255222 7.68139E-4 0.00202699 0.001112472 0.002050415 0.00248229 0.001851382 0.001162579 0.002075187 0.003258809 0.002083157 0.001178077 0.002578151 0.002749667 0.002043667 0.002249228 0.001854014 0.003095494 0.002105237 0.001418419 0.002318386 9.37859E-4 0.002533034 0.002694999 0.001138991 0.003678694 0.002019094 0.002443567 0.00135721 0.00270699 0.002379953 0.002466867 0.001336388 8.95287E-4 0.00263484 0.003519409 0.002484002 0.002391516 9.16288E-4 0.003711584 0.003134984 0.003306921 0.00258267 9.52701E-4 8.22229E-4 0.002599008 0.001159907 0.001140919 0.003141492 0.004140471 0.001211916 0.003685039 0.002804124 0.002174484 0.001130275 0.002979443 0.001115931 0.00138627 0.001290778 0.002262697 0.002912246 0.001948429 0.005747846 0.004189378 0.00339223 0.001421477 0.002725822 0.002362447 0.001251095 0.00424801 0.003857628 0.003486294 0.003409378 0.002185389 0.003913479 0.002699234 0.002738143 0.00346854 0.001135618 0.003769657 0.001670932 0.001430427 0.003364243 0.004024002 0.001275593 0.001961187 0.001081784 0.003016582 0.00401938 0.001372709 0.001200175 0.003328946 0.001423364 0.00330279 0.003670281 0.002877946 0.002297572 0.0031955 0.001589722 9.01679E-4 0.003305621 0.002467536 0.002090861 0.001268035 0.002485029 0.004457434 0.003224689 0.00139406 0.004094051 0.004338837 0.002782927 0.001685561 0.002326313 0.003063543 0.001958175 0.002414377 0.003056038 0.003571855 0.002921999 0.001170393 0.00343777 0.001105501 0.002886447 0.003601034 9.58205E-4 0.004021563 0.002917136 0.002240972 0.001655145 0.002841747 0.003620941 0.002640361 0.001609597 0.001485979 0.003351334 0.002863781 0.003644451 0.003279527 0.00113359 0.004353535 0.003563478 0.002428734 0.00195601 0.001588937 0.001056167 0.002880878 0.001459857 0.001297394 0.004222495 0.002722049 0.001179762 0.002977411 0.004422821 0.002064557 0.001292849 0.003044836 9.16503E-4 0.001502229 0.001471858 0.00282009 0.003107724 0.002336734 0.003865801 0.00334472 0.002976379 0.001056341 0.003939962 0.003252348 0.001174121 0.003814116 0.002913003 0.003567633 0.004058045 0.002274597 0.004209588 0.002753867 0.002750513 0.003391547 0.001555333 0.005224926 0.001173755 0.001417715 0.004219794 0.002701037 0.001155466 0.001373234 9.05519E-4 0.002383714 0.002655763 0.001747154 0.001522832 0.002764103 0.001526345 0.002898189 0.003813381 0.002580031 0.002738489 0.004160985 0.001352739 8.94981E-4 0.002821072 0.001765194 0.001506738 0.001464019 0.002430096 0.00320454 0.002884802 0.001571724 0.002234978 0.003211225 0.002489081 0.001524026 0.002304648 0.003893427 0.002295079 0.002144484 0.0021283 0.003700162 0.003461164 0.001207184 0.003080558 0.001828911 0.003417533 0.002762561 0.001890742 0.004062412 0.002390619 0.003430829 0.001671321 0.003232247 0.002372031 0.003375759 0.002193984 0.001177743 0.003487357 0.003639285 0.002656126 0.003668569 0.001085388 0.004671609 0.003342995 0.003154389 0.002125465 0.001181284 8.6907E-4 0.003872744 0.00104879 0.00195955 0.002706644 0.003439892 0.001381529 0.00220716 0.003900403 0.001927749 0.001407947 0.003905608 0.001124569 0.00143129 0.001143308 0.002101635 0.003307689 0.002053108 0.002404646 0.001773626 0.002994906 0.00119719 0.003647422 0.003394123 0.001319807 0.002738943 0.002652132 0.004313056 0.003945665 0.003311821 0.002839015 0.001817236 0.001782084 0.002925647 8.4287E-4 0.004029561 0.00112459 0.001121126 0.003853201 0.002796034 0.001022207 0.001073622 8.55009E-4 0.002283069 0.002648657 0.001411461 8.7648E-4 0.002034733 0.001885265 0.002009548 0.002898833 0.001675681 0.001780732 0.002891683 9.39628E-4 8.46614E-4 0.002906948 0.001140695 0.001784841 9.34056E-4 0.002178994 0.0023257 0.001976929 7.73493E-4 0.002410853 0.002604722 0.00165799 9.15355E-4 0.002046014 0.002451922 0.001913483 0.001595642 0.001739222 0.002383499 0.00252527 6.83783E-4 0.00195283 9.20901E-4 0.002320686 0.002245441 7.90495E-4 0.002329794 0.001843178 0.001745499 9.79905E-4 0.00259202 0.002075963 0.002176948 0.001077845 8.40117E-4 0.002335146 0.00260355 0.002938534 0.003075051 0.001111485 0.002848824 0.002491149 0.003491203 0.001982945 0.001294815 9.32763E-4 0.003952563 0.001421063 0.001333295 0.003394785 0.002913756 0.001012486 0.002774001 0.003191321 0.002061919 0.001571141 0.002474332 0.001109678 0.001227361 9.61237E-4 0.002124462 0.002699489 0.002505401 0.003936001 0.002829694 0.003953325 0.001008846 0.00299911 0.002355257 0.001211757 0.003678896 0.003078032 0.003597479 0.003223275 0.002107795 0.003460805 0.002475411 0.002438847 0.003817023 0.001369834 0.003689877 0.001119018 0.001230513 0.003841729 0.003015336 0.00137528 0.001344468 9.7718E-4 0.003108819 0.003192315 0.001175817 0.001699354 0.002314136 0.001231017 0.003419656 0.003495754 0.001977802 0.002456953 0.003831831 0.001003112 9.08459E-4 0.003420565 0.001417316 0.001085296 0.001228011 0.002860398 0.003781976 0.002775639 0.001229061 0.003360648 0.003360969 0.002407156 0.001014228 0.002591637 0.003605885 0.002403528 0.00332707 0.002487812 0.002832793 0.003084735 0.001244702 0.002530721 0.001332247 0.003198587 0.002654948 9.74927E-4 0.00282088 0.002638155 0.00254548 0.00126614 0.003288313 0.002710652 0.002962683 0.001266696 0.001001138 0.002895437 0.0038256 0.002803966 0.002860046 9.35535E-4 0.003169529 0.002901703 0.003244491 0.002191347 0.001554945 0.001220608 0.003090476 0.001221653 0.001144142 0.003044972 0.003583216 0.001126222 0.002962979 0.003553392 0.002160362 0.001205046 0.001992242 0.001065388 0.001089297 0.001592131 0.001928897 0.002737317 0.002679925 0.003636811 0.002625567 0.003250501 0.001374738 0.002907878 0.002646996 0.001007917 0.003201217 0.003256143 0.003154712 0.003851988 0.002290892 0.003380366 0.002426151 0.002483841 0.003980538 0.001261554 0.004260068 0.001051814 0.001234928 0.00372685 0.002889033 0.001269233 8.70473E-4 0.001154799 0.003055737 0.003597703 0.001177436 9.1954E-4 0.00277163 0.00150667 0.00253432 0.003453286 0.002512251 0.003127171 0.003397583 0.001268868 9.62995E-4 0.003348443 0.001226393 0.001103588 9.43574E-4 0.002811997 0.003125282 0.002273966 0.001195418 0.002098102 0.00338402 0.002578547 0.0011423 0.003434527 0.003623056 0.002548924 0.002085403 0.002261834 0.002926027 0.001994297 0.001194555 0.002367125 0.001318379 0.003162889 0.002936447 0.001299486 0.002941559 0.003688165 0.002631623 0.001076676 0.00345173 0.002846457 0.003171349 0.001209187 0.001293353 0.003638837 0.003500013 0.003554043 0.002742354 0.001229422 0.002893255 0.003211886 0.004698533 0.002356138 0.00186069 0.001189525 0.003128688 0.001672782 0.001202165 0.003903503 0.0040541 0.001575448 0.004630079 0.003296269 0.002011962 9.90592E-4 0.002380223 7.99582E-4 0.001558796 0.001152125 0.002310695 0.003214865 0.003136625 0.003050177 0.002686887 0.003583588 9.84049E-4 3.09578E-4 0.003316284 0.001102379 0.002926855 0.002636337 0.003815844 0.003708697 0.002406965 0.004843902 0.002153378 0.002231737 0.003763256 0.001111092 1.90103E-4 0.001472566 0.001224247 0.00309196 0.003028034 0.001268796 0.001439184 9.96023E-4 0.003059833 0.004182927 0.001578615 0.001226955 0.002698324 0.001817526 0.002270276 0.002786823 0.003092397 0.00227017 0.002992173 0.001059067 0.001162178 0.003548902 0.001564542 0.00157225 0.001199808 0.003571887 0.002962435 0.003403025 0.001042568 0.002112936 0.003665991 0.002796713 0.001084265 0.002303938 0.003487173 0.002664748 0.00227537 0.002307195 0.003353437 0.002469225 0.00196074 0.002674906 0.002092084 0.003545049 0.004228245 0.001555131 0.003085957 0.002543183 0.002413504 0.001403532 0.003343279 0.003633079 0.003399724 0.002305379 0.001033215 0.003432333 0.004037914 0.00268184 0.004601762 0.001044395 0.003344932 0.003508686 0.005794849 0.002626687 0.001330447 0.001413793 0.004372156 0.001631452 0.001598916 0.004068126 0.002650663 0.001743486 0.004162727 0.003854997 0.002559716 0.001704873 0.003859327 0.001288398 0.001191581 0.001058377 0.001940385 0.002818769 0.002479866 0.006290722 0.002386994 0.004600807 0.001556572 0.003973173 0.003025094 0.001113216 0.003955212 0.002625454 0.004963746 0.013353725 0.003641238 0.004272711 0.002405913 0.003673579 0.00424559 0.001572775 0.003563257 0.001269441 0.001449043 0.00487864 0.004153363 0.00228844 0.017300561 0.008804574 0.002102039 0.002117797 8.49202E-4 6.97882E-4 0.001768298 9.63241E-4 0.002069449 0.002568243 0.002154499 0.001777817 0.00809152 0.001423217 0.014667759 0.018347971 0.001046925 0.001027786 7.74713E-4 0.002316801 0.002394462 0.003838669 9.81554E-4 0.027042563 0.013798811 0.002362581 0.001313875 0.008022442 0.004501989 0.003371671 0.002768311 0.003335606 0.003072932 0.006759783 0.001733787 0.004098091 0.002287484 0.004209081 0.004502475 0.001322458 0.005474211 0.004085599 0.005258589 0.002001885 0.003801488 0.003172435 0.004560987 9.54883E-4 8.25588E-4 0.003927381 0.004131102 0.00316478 0.004586198 0.001484436 0.003529134 0.003237018 0.003517916 0.003128193 0.001462112 0.001413599 0.003903384 0.001603659 0.00218539 0.005667969 0.003836518 0.001728494 0.003442142 0.003265942 0.001951188 0.001937459 0.00198217 0.008418471 0.007387863 0.007262246 0.003973584 0.005115446 0.025873598 0.003015217 0.016042061 0.005111232 0.001432222 0.003860961 0.002811308 0.001092421 0.003089072 0.005131071 0.004526075 0.005267893 0.002977353 0.00389577 0.003378727 0.003230745 0.002948202 0.001528342 0.0048857 0.003221436 0.001511934 0.005569824 0.003549593 0.002265458 0.001508704 6.72196E-4 0.002685481 0.002590877 0.001536046 0.001722526 0.003737237 0.001518182 0.00333928 0.003458051 0.002352294 0.004021168 0.003442485 0.00140446 7.68875E-4 0.002662827 0.002391926 0.001543854 0.001826861 0.003498938 0.003373957 0.002576112 0.001507366 0.002559449 0.004425462 0.003005515 0.001332221 0.002026381 0.003755433 0.002412373 0.002931528 0.002305553 0.003409303 0.00254749 0.001642135 0.002769401 0.001851707 0.002534863 0.002345977 9.74962E-4 0.004457535 0.003758024 0.003887305 0.001289023 0.003574424 0.002879582 0.004555539 0.001181702 9.36475E-4 0.002446529 0.002740028 0.001745447 0.00428242 0.00132729 0.004100058 0.003857764 0.003358106 0.003114841 0.001404593 0.001123861 0.004126598 0.002199956 9.64683E-4 0.003843357 0.00475286 0.001547663 0.003175163 0.003696621 0.002744113 0.001517936 0.00380213 0.001027183 0.001140896 0.001432949 0.001763478 0.004902622 0.003741873 0.005707208 0.003079543 0.003879474 0.001553145 0.003745887 0.003092074 7.70809E-4 0.00347619 0.002161993 0.003882975 0.005956794 0.003895204 0.00418802 0.003759402 0.002690617 0.003662294 0.001053038 0.003351079 9.28732E-4 0.001468126 0.006078765 0.005095835 0.001734316 0.001672663 0.001778982 0.004711992 0.00441046 0.00172344 0.001322811 0.003128184 0.002054426 0.002651684 0.003526552 0.003125359 0.003538946 0.004535114 0.001503663 0.001568541 0.004105454 0.002703696 0.00203739 0.001602919 0.00377966 0.00405834 0.002234278 0.001750075 0.004589269 0.005660214 0.003395217 0.001718005 0.004837352 0.004222448 0.00347465 0.003585351 0.003795357 0.002762739 0.003109165 0.001863751 0.004190925 0.001818316 0.005683023 0.004083826 0.001341718 0.003538231 0.003850673 0.003063023 0.002409535 0.003350038 0.005756217 0.004936062 0.002732505 0.001272993 0.004209969 0.004948641 0.003418147 0.005198181 0.001082514 0.004600194 0.003395969 0.006568624 0.004849869 0.001902549 0.007088527 0.015711483 0.001812617 0.00156238 0.012601728 0.018578398 0.005482452 0.006249415 0.005749562 0.010445703 0.008331148 0.006466241 8.10588E-4 0.001023017 0.012507718 0.015687934 0.002397063 0.002863713 0.025075259 0.002945503 0.004122611 9.36448E-4 0.004266047 0.00620387 0.001952996 0.004752367 0.004547594 0.004556547 0.004451683 0.002498869 0.004811644 0.003945273 0.004492915 0.00430241 0.001571475 0.005597943 0.001739807 0.001599796 0.003607284 0.003320788 0.001428819 0.001002936 0.001678526 0.004575583 0.004442605 0.001438899 0.001549807 0.003184077 0.001885817 0.003186609 0.004587392 0.00276064 0.002287054 0.002963849 0.001127467 0.001518396 0.005280989 0.001947454 0.001652332 0.001747803 0.003530184 0.004285404 0.002769419 0.001438904 0.003322862 0.003930362 0.002896758 0.001304551 0.003996229 0.00560796 0.003484092 0.003811607 0.003425482 0.004434099 0.003039517 0.001573855 0.003463101 0.001197716 0.004749051 0.002996506 0.001546182 0.004481616 0.003961105 0.004347557 0.001700253 0.00486489 0.004047159 0.014540542 8.54235E-4 9.00068E-4 0.026498309 0.00971776 0.002017709 0.001919733 7.39095E-4 0.002406262 0.002471336 0.003258923 0.002318551 0.001667475 0.002350586 0.004453821 0.001666871 0.001325237 0.003820411 0.003203005 0.001414094 0.00367744 0.003471407 0.002370594 0.00172471 0.002517287 8.63918E-4 0.001881098 0.004229769 0.003410962 0.004247873 0.002996778 0.004400166 0.003099456 0.004326856 0.00136371 0.00432331 0.002440155 9.79805E-4 0.003041121 0.002975358 0.002862181 0.002676576 0.00195476 0.003384366 0.002150921 0.00192087 0.002896576 8.3686E-4 0.003080619 7.77462E-4 9.18613E-4 0.00217943 0.002209408 0.001171912 7.32301E-4 8.84447E-4 0.002233665 0.002105465 7.88313E-4 8.65193E-4 0.001729791 9.37065E-4 0.001936838 0.002157214 0.001592929 0.001536502 0.002225396 8.97631E-4 7.73131E-4 0.002093817 8.00455E-4 7.80796E-4 8.2937E-4 0.001702826 0.002030958 0.0016242 6.82229E-4 0.00162181 0.002647328 0.001675148 8.56104E-4 0.001662983 0.002612 0.001732988 0.001539032 0.001767035 0.002349216 0.001806253 7.92613E-4 0.001839096 8.43092E-4 0.001990876 0.002149645 0.00120339 0.002628883 0.001838377 0.002125176 9.36977E-4 0.002240326 0.002255042 0.002060885 7.36737E-4 5.833E-4 0.00223022 0.002267274 0.001899335 0.002178724 0.001009238 0.002341038 0.002140764 0.002392047 0.001497022 8.40235E-4 7.61835E-4 0.002158829 7.81478E-4 8.4974E-4 0.00220846 0.001747292 7.65668E-4 0.002485129 0.002423358 0.001607026 7.87093E-4 0.001630987 5.84468E-4 7.16771E-4 6.6623E-4 0.001661245 0.002068682 0.001675962 0.001941449 0.001784992 0.002932142 5.84156E-4 0.002036497 0.001670766 7.4049E-4 0.002020822 0.002261292 0.002107216 0.0020925 0.001628991 0.002344148 0.001929247 0.00173924 0.002473481 7.74788E-4 0.002734684 8.13959E-4 7.84897E-4 0.002105126 0.002099109 8.09888E-4 7.20878E-4 7.93682E-4 0.002136042 0.001981191 7.25747E-4 9.3232E-4 0.001773569 9.69962E-4 0.001767601 0.002439671 0.001426035 0.001560265 0.00214983 6.26374E-4 6.44352E-4 0.002132612 7.81149E-4 6.95244E-4 6.4418E-4 0.001592634 0.002355118 0.001596358 6.2966E-4 0.001572744 0.002652509 0.001880697 7.13037E-4 0.001629131 0.002330357 0.00176401 0.001800319 0.001822119 0.00218342 0.001739606 7.77901E-4 0.001545452 9.01972E-4 0.001910385 0.001935566 7.15345E-4 0.002383601 0.00176434 0.001738959 9.02623E-4 0.002235377 0.001902095 0.0022264 8.23907E-4 5.87667E-4 0.002204716 0.002248167 0.001880882 0.00240938 8.30818E-4 0.002191663 0.002091239 0.001957323 0.001449702 8.52635E-4 8.89188E-4 0.002063925 6.89027E-4 7.67764E-4 0.002083643 0.001883252 7.44408E-4 0.001996697 0.002240875 0.001526296 7.53733E-4 0.001675081 6.99162E-4 7.07347E-4 8.07813E-4 0.002097038 0.002083764 0.001488296 0.002175088 0.00164862 0.002305788 5.60817E-4 0.001866091 0.001740831 8.25651E-4 0.002421974 0.002001833 0.002635486 0.002486524 0.001756981 0.002654425 0.002249429 0.001990945 0.002768872 8.64358E-4 0.003098542 8.55268E-4 9.10891E-4 0.002664665 0.002270526 9.34832E-4 7.74429E-4 7.29677E-4 0.002531692 0.00226538 7.54576E-4 7.42389E-4 0.001617813 9.32639E-4 0.001912029 0.00227524 0.001620395 0.001919616 0.002205859 7.10598E-4 6.77311E-4 0.002004057 7.24416E-4 7.54619E-4 7.1204E-4 0.001716527 0.002077863 0.001826015 7.604E-4 0.001735419 0.003038655 0.001737789 7.17039E-4 0.001722878 0.002274401 0.00187391 0.00190405 0.001545867 0.002396684 0.001886767 7.45635E-4 0.001969002 0.001101966 0.002817864 0.002913489 8.91481E-4 0.003318834 0.002120875 0.002547326 9.52541E-4 0.002902741 0.002611061 0.002841373 0.001177534 7.50529E-4 0.002702444 0.002793837 0.002033576 0.002373867 8.95635E-4 0.002681597 0.002871677 0.002521558 0.002058272 9.06426E-4 8.12311E-4 0.0025446 0.001036837 0.001009561 0.002897735 0.002164751 7.91644E-4 0.001990914 0.002365039 0.001825998 8.40396E-4 0.001527683 7.02881E-4 9.45714E-4 7.87857E-4 0.001651575 0.002455759 0.00177146 0.0022347 0.001837552 0.002003268 6.73812E-4 0.002411951 0.001665967 7.59474E-4 0.002334216 0.002452073 0.002585025 0.002252069 0.001586927 0.002337474 0.001765428 0.001594575 0.002067338 8.29819E-4 0.002669418 8.58644E-4 7.68005E-4 0.0026924 0.002200374 9.35335E-4 7.13643E-4 6.64393E-4 0.001926898 0.002519083 8.55932E-4 0.001543542 0.002044023 9.637E-4 0.002087776 0.002408839 0.001653861 0.001678936 0.002190501 6.82985E-4 6.2138E-4 0.002227885 7.93556E-4 7.49909E-4 7.60977E-4 0.00203352 0.002213419 0.001880504 9.05342E-4 0.002261235 0.002366242 0.001598035 8.4801E-4 0.001561922 0.002098691 0.001909277 0.001909639 0.001634259 0.001864327 0.001492835 7.3883E-4 0.002151658 8.25302E-4 0.002051249 0.002331577 7.87363E-4 0.002391557 0.001636757 0.001942105 0.001041305 0.002355261 0.00221792 0.002486548 8.65796E-4 6.04422E-4 0.002004132 0.00232381 0.001914499 0.002225918 9.38378E-4 0.002258916 0.002287429 0.001882399 0.001670123 8.05027E-4 7.10466E-4 0.002182764 7.265E-4 7.912E-4 0.002546664 0.001967758 8.97231E-4 0.002174836 0.002490831 0.001566461 7.58116E-4 0.001863669 7.40163E-4 7.15719E-4 7.00549E-4 0.001798465 0.00193839 0.001651112 0.002302739 0.001506017 0.002317295 5.51589E-4 0.002137989 0.001718624 6.68313E-4 0.002245711 0.002210143 0.002459922 0.002378151 0.001612095 0.00224922 0.001959297 0.001664091 0.002738386 7.89774E-4 0.00242742 6.62178E-4 9.0952E-4 0.002168809 0.001915708 8.21687E-4 7.19735E-4 7.08872E-4 0.001992518 0.002050778 7.60649E-4 8.83898E-4 0.002382425 0.001073054 0.002161905 0.002303667 0.001400633 0.001447232 0.002154599 6.70356E-4 7.0846E-4 0.002407835 8.02763E-4 7.73748E-4 7.31012E-4 0.001626934 0.002457895 0.001673848 8.29411E-4 0.002002359 0.002389791 0.001625708 7.48543E-4 0.001842892 0.002252246 0.00167453 0.001642745 0.001830606 0.002602615 0.00171118 7.86373E-4 0.001748096 7.25677E-4 0.001877807 0.001923084 7.18715E-4 0.002332075 0.001774437 0.001703334 8.575E-4 0.002192167 0.002419067 0.002123201 8.385E-4 6.85647E-4 0.00205703 0.002218547 0.001692707 0.002373488 7.90329E-4 0.001909427 0.002011258 0.002048902 0.001678883 8.97203E-4 6.8402E-4 0.002175901 7.93024E-4 8.89001E-4 0.002163251 0.001914997 7.20245E-4 0.001979746 0.002384711 0.001450177 7.06141E-4 0.001587673 5.9817E-4 8.00509E-4 7.56426E-4 0.001634303 0.001933335 0.001682011 0.002089111 0.001725117 0.002143103 6.90928E-4 0.002048919 0.001573473 7.39319E-4 0.002391417 0.002167842 0.002545389 0.002297327 0.001629551 0.002305139 0.001908793 0.001741491 0.002260046 7.22458E-4 0.002656358 7.67689E-4 9.12835E-4 0.00268056 0.00202078 8.68097E-4 6.92727E-4 8.25216E-4 0.001984689 0.002047273 7.62247E-4 7.52535E-4 0.001824088 8.76414E-4 0.001755797 0.002121124 0.001454034 0.001736133 0.002338072 7.50015E-4 7.4897E-4 0.002355097 7.85013E-4 7.53981E-4 7.16973E-4 0.001890928 0.002076777 0.001600276 7.42212E-4 0.001832366 0.002766156 0.0020556 8.25998E-4 0.001731714 0.002163937 0.001840395 0.001743878 0.001659214 0.002131958 0.001498769 8.71902E-4 0.001769809 8.11241E-4 0.001952684 0.002453774 9.22041E-4 0.002054671 0.001563597 0.002063986 8.04372E-4 0.002205317 0.001981346 0.002054333 7.62955E-4 6.66015E-4 0.001971103 0.002509446 0.002058611 0.002397031 7.77571E-4 0.002132301 0.002203111 0.002076541 0.001608598 7.22008E-4 7.44755E-4 0.002216926 7.25373E-4 6.4144E-4 0.001935342 0.002111379 8.1084E-4 0.002267334 0.002271937 0.001605969 0.001055553 0.001730099 8.44399E-4 7.23019E-4 6.5882E-4 0.001603277 0.00193651 0.00168095 0.002208676 0.001791536 0.002366794 5.99291E-4 0.00217587 0.002052874 8.94959E-4 0.002709193 0.002462107 0.002326475 0.002305895 0.002092359 0.002360854 0.001781456 0.002250146 0.00226937 7.74671E-4 0.00238029 8.41795E-4 8.51788E-4 0.002097151 0.001965655 9.58074E-4 7.81754E-4 7.57948E-4 0.002253805 0.001963728 6.90566E-4 8.57998E-4 0.001619307 9.36612E-4 0.002075579 0.002158617 0.001619636 0.001497332 0.002120263 6.37605E-4 6.46598E-4 0.002293271 8.72044E-4 6.84756E-4 8.59287E-4 0.001827224 0.002213832 0.001635255 6.2535E-4 0.002239874 0.002333687 0.001759311 6.57325E-4 0.001954724 0.002165883 0.001577319 0.001752941 0.0015534 0.001895672 0.001889488 8.50164E-4 0.002050199 0.001001735 0.002103579 0.002147406 0.001437411 0.003215173 0.002705521 0.002085362 9.84651E-4 0.002715654 0.002674768 0.002743601 0.001089346 8.48773E-4 0.003180628 0.003104094 0.002133097 0.002735961 0.00110965 0.002888347 0.002506459 0.002267601 0.001884819 8.84638E-4 8.65042E-4 0.002640293 0.001020004 0.001031538 0.002921454 0.002285209 8.75854E-4 0.002400792 0.002235945 0.001616216 7.92128E-4 0.002107335 7.12175E-4 8.41059E-4 8.04615E-4 0.001881369 0.002503396 0.00171091 0.002413125 0.001913554 0.002125587 7.46081E-4 0.002381812 0.001926777 0.001067639 0.003118197 0.002553991 0.002481939 0.002497635 0.001724909 0.002331611 0.002001532 0.001538793 0.002079339 9.2141E-4 0.002619695 7.53354E-4 8.63818E-4 0.002166647 0.002522211 9.58929E-4 8.14065E-4 8.01611E-4 0.001869779 0.002323512 7.21912E-4 8.40142E-4 0.001989502 9.70065E-4 0.001987022 0.00227942 0.001679168 0.002044915 0.0022394 7.27288E-4 7.16831E-4 0.001922687 9.01475E-4 7.3307E-4 7.94188E-4 0.001736489 0.002086327 0.001754112 7.85828E-4 0.001810852 0.002627871 0.001704824 7.24208E-4 0.001588962 0.002267988 0.001687681 0.001556548 0.001574543 0.002909106 0.001596543 8.23656E-4 0.002152491 9.66328E-4 0.002258982 0.002358868 7.10893E-4 0.002435083 0.001728023 0.001813983 7.7E-4 0.002037425 0.002389799 0.002186217 0.001051672 6.82455E-4 0.002651784 0.002725445 0.002040225 0.002093973 7.62085E-4 0.002383469 0.002273027 0.002338406 0.001697949 7.18588E-4 7.71721E-4 0.002178163 7.63932E-4 8.66773E-4 0.002231135 0.001953745 9.01283E-4 0.002109795 0.002345366 0.001484073 7.23691E-4 0.002196788 8.04109E-4 0.001005943 9.03956E-4 0.001954558 0.002572527 0.001941696 0.002298053 0.001965251 0.002271513 8.0531E-4 0.002154981 0.002261231 8.82267E-4 0.002319264 0.002517155 0.002477792 0.002430758 0.001758725 0.002133529 0.001748713 0.001882371 0.002316648 7.03542E-4 0.002819277 8.32461E-4 8.86949E-4 0.002259388 0.002130208 9.22055E-4 6.84815E-4 7.03612E-4 0.002218347 0.001843643 7.6294E-4 8.25926E-4 0.001927618 9.49464E-4 0.00191919 0.002234408 0.001691236 0.001820627 0.002012365 6.53575E-4 6.75954E-4 0.002373443 9.35492E-4 7.28535E-4 8.63813E-4 0.001677382 0.001996935 0.001805778 7.33568E-4 0.00203565 0.002614402 0.001831357 7.5699E-4 0.001578812 0.002202189 0.00181021 0.001733219 0.001570456 0.002137668 0.001649818 0.001081335 0.001998175 8.69607E-4 0.001935246 0.002252236 6.52408E-4 0.002240273 0.002047333 0.001612 8.76409E-4 0.002037702 0.002177157 0.002046412 9.36431E-4 7.7863E-4 0.002301156 0.002368678 0.002012628 0.002076353 7.28309E-4 0.002517669 0.002241253 0.001826109 0.001626906 8.75936E-4 7.65167E-4 0.002552753 9.42586E-4 8.02569E-4 0.002223776 0.001784957 7.90893E-4 0.002184942 0.002379041 0.001558208 7.1249E-4 0.001780325 6.87195E-4 7.4223E-4 7.97575E-4 0.001490457 0.002350385 0.00171753 0.002084125 0.001468955 0.002031132 5.7313E-4 0.002184364 0.001567624 6.94664E-4 0.002057333 0.002483594 0.002133835 0.002755408 0.001632801 0.002364729 0.001710533 0.001587409 0.002375566 7.02764E-4 0.002626643 7.57195E-4 7.62598E-4 0.002117337 0.002399014 8.98426E-4 7.12924E-4 8.59087E-4 0.002057666 0.002056833 7.51347E-4 9.31732E-4 0.001630156 9.56062E-4 0.001974368 0.002164085 0.001607558 0.001445686 0.002104525 6.515E-4 5.982E-4 0.002583543 0.001001502 7.85733E-4 7.24487E-4 0.001655323 0.00204793 0.001729962 6.52926E-4 0.001732591 0.002481902 0.00191611 7.67163E-4 0.001783072 0.002677335 0.001686563 0.001402447 0.001529105 0.001843106 0.001679556 7.01405E-4 0.001726499 7.63187E-4 0.001917309 0.001881089 7.47324E-4 0.002046162 0.001879263 0.001825736 9.29776E-4 0.002115916 0.001929265 0.002050198 7.78383E-4 7.38276E-4 0.002254615 0.002300089 0.001917425 0.002352215 8.14338E-4 0.002404652 0.002323467 0.001831104 0.001537547 7.70447E-4 7.38689E-4 0.002174895 8.08611E-4 7.70695E-4 0.002209113 0.001782959 7.17255E-4 0.002295849 0.002198514 0.001566615 9.24861E-4 0.002081019 6.59375E-4 7.24943E-4 7.63085E-4 0.00179927 0.001958602 0.001715325 0.002107533 0.001568852 0.002182268 5.88721E-4 0.002250978 0.001670352 8.44027E-4 0.002585401 0.00229409 0.002249971 0.002128934 0.001677022 0.00225419 0.001892068 0.001592169 0.002034315 7.94933E-4 0.0027812 9.03741E-4 7.82933E-4 0.001884531 0.00224163 8.90542E-4 7.87197E-4 7.18963E-4 0.00203989 0.00223655 7.75238E-4 7.44728E-4 0.001684458 8.7904E-4 0.001822341 0.00233213 0.001674905 0.001779042 0.002219242 7.30486E-4 6.59531E-4 0.002368692 9.32255E-4 7.97528E-4 7.8594E-4 0.001817446 0.002054639 0.001733404 7.21384E-4 0.00175916 0.0026083 0.001664521 7.02043E-4 0.001523602 0.00245226 0.001849605 0.001595397 0.001630174 0.002288311 0.001553398 9.0599E-4 0.001569346 8.27721E-4 0.002437055 0.002069877 8.73111E-4 0.002339003 0.001874921 0.002044946 9.34719E-4 0.002141571 0.00201426 0.001924577 7.79859E-4 5.9696E-4 0.002228719 0.002462943 0.001967314 0.001854855 7.0214E-4 0.002042428 0.002126833 0.002310899 0.001621082 8.51166E-4 6.8577E-4 0.002204817 7.63602E-4 8.25721E-4 0.002362933 0.001903073 7.22311E-4 0.002235011 0.002195606 0.001379856 8.46804E-4 0.001768025 5.89042E-4 7.2364E-4 7.75819E-4 0.001648625 0.002160198 0.002233388 0.00226638 0.001871468 0.002292267 5.48595E-4 0.002008094 0.00169556 7.30212E-4 0.002244011 0.002244412 0.002318175 0.002057882 0.00188509 0.002278109 0.001626362 0.001604596 0.002132198 7.32779E-4 0.002711001 8.53969E-4 7.46058E-4 0.002018084 0.0022754 8.12765E-4 7.12737E-4 8.13329E-4 0.001914984 0.002311249 7.59448E-4 7.45252E-4 0.001686639 9.41267E-4 0.001824221 0.002343469 0.001561458 0.00177344 0.00224756 6.79344E-4 7.0912E-4 0.002079855 7.38918E-4 7.61377E-4 8.49881E-4 0.001960205 0.002368825 0.002016307 8.89362E-4 0.002419632 0.00299081 0.001954021 7.27636E-4 0.001815252 0.002329753 0.001739909 0.001643035 0.001870031 0.002988502 0.00233521 8.61518E-4 0.002446235 9.49057E-4 0.002263151 0.002432385 9.84313E-4 0.002717864 0.001827977 0.002191459 0.001044428 0.002301735 0.002676425 0.002460069 9.48312E-4 7.55185E-4 0.002282916 0.00279127 0.002022822 0.002156745 7.98889E-4 0.002521329 0.0023898 0.002348194 0.001487514 7.91489E-4 7.43043E-4 0.002281781 8.17183E-4 9.04449E-4 0.002590799 0.001976915 8.96996E-4 0.002665192 0.002659963 0.001500433 6.9823E-4 0.001887942 6.99833E-4 7.7166E-4 7.60939E-4 0.002035894 0.002325566 0.001538932 0.002441703 0.002316649 0.002470595 6.75593E-4 0.00200178 0.001677468 7.90097E-4 0.002212489 0.002328711 0.002048045 0.002520142 0.001567177 0.00218381 0.001978818 0.001662774 0.002149986 7.67547E-4 0.002568894 7.65128E-4 8.26625E-4 0.002027289 0.002348429 8.96504E-4 7.49978E-4 9.42438E-4 0.002034243 0.002031126 8.00988E-4 9.46454E-4 0.001690581 9.59863E-4 0.001898704 0.002480203 0.001651955 0.001893054 0.002223587 7.08966E-4 8.09878E-4 0.002505314 8.05467E-4 6.6971E-4 8.72353E-4 0.001865377 0.002065271 0.001672987 8.36919E-4 0.0017382 0.00256195 0.001786167 7.40586E-4 0.001879535 0.002492692 0.001643354 0.001604736 0.001686071 0.002350104 0.001605318 7.39699E-4 0.001765386 7.47009E-4 0.00192652 0.002064375 7.45457E-4 0.002363834 0.001645764 0.001852535 7.23187E-4 0.002016692 0.002192297 0.002179996 8.66722E-4 5.97726E-4 0.002016599 0.002383538 0.001712726 0.002399934 8.9106E-4 0.002267211 0.002288459 0.002042858 0.001594536 8.14942E-4 6.4083E-4 0.00216359 8.52602E-4 8.96002E-4 0.002095629 0.001966189 8.25091E-4 0.002213861 0.002279931 0.001444046 8.09233E-4 0.001716955 5.8252E-4 7.08788E-4 7.5706E-4 0.001554288 0.001942172 0.001584339 0.002381812 0.001846669 0.002103044 6.5704E-4 0.002278024 0.001826219 7.07561E-4 0.00222288 0.001968131 0.002146022 0.002437254 0.001665875 0.002283802 0.001709578 0.00190587 0.00240688 7.49404E-4 0.002622271 6.89513E-4 7.40824E-4 0.001970773 0.002431129 9.7481E-4 7.44101E-4 7.80858E-4 0.002139079 0.002271259 7.999E-4 0.001028199 0.001937421 9.32193E-4 0.001798509 0.002373194 0.001423599 0.001697083 0.002115075 7.00539E-4 6.41175E-4 0.002228099 8.60605E-4 7.26201E-4 9.70731E-4 0.001571182 0.002194238 0.001621828 7.3822E-4 0.001749946 0.002602125 0.00160362 7.40846E-4 0.001732737 0.002388744 0.00191197 0.001618963 0.00185468 0.001842745 0.001598301 8.59009E-4 0.003197747 0.001154998 0.001953557 0.00200548 6.44116E-4 0.002136196 0.001988032 0.002079981 9.41794E-4 0.001992341 0.002048617 0.002232527 8.286E-4 6.57227E-4 0.00194998 0.002240425 0.001831974 0.002141232 9.07559E-4 0.002305379 0.002273951 0.002142087 0.001519025 7.55684E-4 7.36581E-4 0.002162703 6.96392E-4 7.331E-4 0.00222727 0.001891151 6.97839E-4 0.002212388 0.002772866 0.001465334 8.09716E-4 0.001785331 6.4774E-4 9.0718E-4 7.02992E-4 0.001469975 0.001985532 0.00151158 0.002129036 0.001489909 0.002048759 6.79173E-4 0.002236175 0.001704951 8.1042E-4 0.002121979 0.001779444 0.002388199 0.002088657 0.001614923 0.002232185 0.001594667 0.001827484 0.002744339 8.13764E-4 0.002428778 8.19834E-4 7.72176E-4 0.001884608 0.002057342 7.93489E-4 6.96268E-4 8.18898E-4 0.002222764 0.002147426 8.93424E-4 8.16513E-4 0.002189161 0.001172271 0.001648369 0.00226211 0.001574185 0.001793383 0.002097257 7.25173E-4 7.19883E-4 0.002184569 7.47067E-4 7.24984E-4 7.32556E-4 0.001779882 0.001932805 0.00179798 8.31182E-4 0.00170967 0.00253743 0.0019418 8.2878E-4 0.001672383 0.002301327 0.001809452 0.001850742 0.001607932 0.002004465 0.00190584 7.76213E-4 0.001734562 7.42358E-4 0.001733789 0.001822156 6.98958E-4 0.001998344 0.001698567 0.001824923 7.70868E-4 0.002309662 0.002031398 0.002347589 8.18916E-4 5.5302E-4 0.001881701 0.002219072 0.001528802 0.002076839 7.31116E-4 0.002388014 0.001948357 0.002027462 0.001559459 6.82164E-4 7.32563E-4 0.002254351 8.44131E-4 8.7829E-4 0.002279565 0.001892024 8.06195E-4 0.002224845 0.00259329 0.001882199 8.26832E-4 0.001747864 6.45771E-4 7.18133E-4 6.81596E-4 0.00174251 0.002155915 0.001725807 0.002643636 0.002162527 0.002519355 6.92014E-4 0.002397245 0.002049496 9.82872E-4 0.003004524 0.002374038 0.002930372 0.002532936 0.001701166 0.002313276 0.001611764 0.002520559 0.00249148 7.97412E-4 0.003632013 7.55481E-4 7.48871E-4 0.002066932 0.001921738 8.48419E-4 7.00214E-4 7.36329E-4 0.00208363 0.001799697 7.5822E-4 7.14222E-4 0.001817388 9.47542E-4 0.001792825 0.002602121 0.001508595 0.001765867 0.002164493 6.74161E-4 5.82982E-4 0.002221182 7.75232E-4 7.56455E-4 8.39624E-4 0.001674192 0.002047111 0.001877536 9.02194E-4 0.001694738 0.002394738 0.001833945 8.03672E-4 0.001860154 0.002203131 0.001750303 0.001530281 0.001692015 0.001950684 0.001998353 8.37443E-4 0.001772875 8.64226E-4 0.001878045 0.002075162 7.42012E-4 0.002330691 0.001718793 0.00188986 8.85149E-4 0.001952038 0.002379596 0.002199086 7.13529E-4 6.84988E-4 0.002392507 0.002320128 0.001880839 0.002562233 8.56301E-4 0.002666058 0.002584615 0.002769074 0.002135925 0.001147694 0.00101155 0.002790013 9.91848E-4 0.001124595 0.002941526 0.00225549 9.74076E-4 0.002739589 0.003028897 0.0017332 9.51052E-4 0.002032022 8.02371E-4 0.00123054 8.95198E-4 0.002084386 0.002473319 0.002048501 0.002942771 0.001946236 0.003055068 6.39187E-4 0.002392015 0.00200023 8.43409E-4 0.00269906 0.00240482 0.002114928 0.00204142 0.00208849 0.002307224 0.001857814 0.001908014 0.002696757 8.57448E-4 0.002937192 8.44152E-4 9.5031E-4 0.002220264 0.002059461 8.6541E-4 8.35051E-4 8.66857E-4 0.002266861 0.002501753 8.57909E-4 9.29526E-4 0.002285566 0.001048178 0.002386878 0.002549197 0.001740634 0.001866038 0.002460262 7.9384E-4 7.35105E-4 0.002334132 0.001039621 8.68154E-4 7.46194E-4 0.001965575 0.002079614 0.001770518 8.15251E-4 0.002185447 0.002649426 0.001727022 7.34404E-4 0.002154247 0.002736482 0.001793772 0.00167393 0.001420484 0.002216944 0.001624654 6.98946E-4 0.002199855 7.68267E-4 0.002242078 0.002391649 9.12366E-4 0.002315055 0.00182677 0.002058896 8.93674E-4 0.002097115 0.002443974 0.002247767 7.08695E-4 6.21748E-4 0.002144715 0.00219397 0.001789929 0.00246889 9.03407E-4 0.002460136 0.002450352 0.002602586 0.001668685 9.69833E-4 8.53947E-4 0.002764792 9.72129E-4 9.97323E-4 0.00273452 0.002288917 0.001086259 0.003185425 0.003559135 0.00222707 0.001035862 0.00214159 7.40789E-4 8.58646E-4 8.32811E-4 0.001675598 0.002555793 0.00199606 0.002463781 0.002216204 0.002895462 8.87414E-4 0.003517367 0.002099828 0.001044443 0.002598989 0.002396943 0.002474008 0.002778382 0.001819342 0.00290878 0.001894886 0.002272466 0.002552241 0.001241514 0.004348863 0.001050959 9.76044E-4 0.003085332 0.002726472 9.71644E-4 8.34403E-4 7.736E-4 0.002464799 0.002366043 9.22811E-4 7.90692E-4 0.002136993 9.56567E-4 0.001785223 0.00282918 0.002016105 0.002502491 0.002647719 8.8825E-4 7.5316E-4 0.002453478 0.001101462 7.48922E-4 7.81956E-4 0.001984099 0.002523295 0.001973725 7.74389E-4 0.001881148 0.003142518 0.001800752 7.91153E-4 0.001788986 0.002876883 0.001702363 0.002381196 0.001811693 0.002248923 0.002285199 8.56677E-4 0.001734317 8.86074E-4 0.001891593 0.001860004 9.83523E-4 0.003077943 0.002387541 0.002752953 0.001178027 0.002772614 0.002637616 0.001911639 7.67561E-4 9.56549E-4 0.002713745 0.002673502 0.001725603 0.002600848 9.39079E-4 0.002637308 0.003215868 0.00256644 0.00171534 0.001192382 9.65401E-4 0.002106246 0.001147811 8.3511E-4 0.002081427 0.0023359 7.62546E-4 0.002084163 0.002733854 0.001432272 7.47896E-4 0.002231998 7.7956E-4 0.001124492 0.001258284 0.001549955 0.001806072 0.002154894 0.002541862 0.00189178 0.00200997 7.59291E-4 0.002114934 0.001623671 7.37643E-4 0.002836993 0.002018601 0.001943004 0.003270003 0.002744806 0.002973512 0.002500077 0.002601029 0.003186228 6.97722E-4 0.002512938 0.001110102 0.001178904 0.002736014 0.003102625 9.47544E-4 8.00094E-4 8.55778E-4 0.00315714 0.002427774 0.001027365 9.96836E-4 0.002297794 9.2598E-4 0.00177687 0.002210869 0.002450775 0.001842845 0.002056988 9.79228E-4 8.57576E-4 0.002749155 7.79632E-4 0.001015487 0.001255361 0.001742556 0.002952236 0.001589458 8.69498E-4 0.001773907 0.002324477 0.001677362 0.001107605 0.002215028 0.003883665 0.001873667 0.002483714 0.001819273 0.005120963 0.002456631 0.001372811 0.002170421 0.001174654 0.00273764 0.001977884 0.001161872 0.002909931 0.002356683 0.002365865 0.001376444 0.002080668 0.003348544 0.002140826 8.72862E-4 0.001107187 0.002156771 0.002149264 0.002328008 0.002254194 9.29233E-4 0.003111537 0.00220196 0.002771268 0.00148107 9.14652E-4 6.68472E-4 0.004610144 0.001587063 0.001451066 0.00343176 0.002507065 7.969E-4 0.002023781 0.002558026 0.00193093 0.001984257 0.003128383 0.001322105 0.001112215 0.001071755 0.00319115 0.003066975 0.001984953 0.003308836 0.002585968 0.003290995 0.00166305 0.002541924 0.002111232 8.69341E-4 0.003342137 0.002791879 0.002580363 0.002719758 0.001758714 0.003102396 0.002501036 0.00300267 0.002609232 0.001237401 0.002666464 0.001033491 0.001272598 0.003046281 0.002287363 9.41882E-4 0.001293 0.001114694 0.002492303 0.002857881 0.001171388 0.00104257 0.001864521 0.001532873 0.001888333 0.00256144 0.001835567 0.002621353 0.003478893 8.9163E-4 0.001342145 0.004096062 0.001375472 0.001153333 0.001213293 0.001812514 0.001895516 0.001828236 0.001439808 0.002779708 0.003496556 0.002559902 0.001476179 0.002994534 0.003810536 0.002828502 0.002652959 0.001996359 0.002516822 0.002909584 0.001349046 0.003290142 0.001013811 0.002341727 0.002927633 0.002366483 0.004597016 0.002681375 0.002188413 0.001320704 0.003068687 0.002808015 0.002493452 8.25455E-4 9.08615E-4 0.003005886 0.002900469 0.003138619 0.003942014 9.41218E-4 0.003666747 0.002507377 0.001902047 0.002091813 0.002199916 0.001066507 0.002782606 0.002383104 0.001355273 0.003663161 0.004893829 9.59451E-4 0.003086344 0.002730449 0.002055992 0.001282125 0.001658394 0.001577097 9.73886E-4 0.001050234 0.002523885 0.003250724 0.002347413 0.002937032 0.00249642 0.003378035 0.00112841 0.003385996 0.002954923 0.001143855 0.00356103 0.003764354 0.002895106 0.003457073 0.002225212 0.004697513 0.002300949 0.002079151 0.003423146 0.001276571 0.003280692 0.001151207 0.001296789 0.002848993 0.003486669 0.001504325 0.001951357 0.001603023 0.004067474 0.003004225 0.001408707 9.90959E-4 0.002197519 0.001504542 0.003488219 0.002778687 0.002989884 0.004957576 0.004803812 0.00128337 8.49969E-4 0.00253594 0.001482339 0.001132309 0.002404616 0.003283588 0.002625728 0.002049218 0.001322995 0.003027032 0.004500146 0.002584946 9.48908E-4 0.002617402 0.003960782 0.002264671 0.00255664 0.002627193 0.003694088 0.003519635 0.001607007 0.003273685 0.001172954 0.0035943 0.002799766 9.79332E-4 0.00287814 0.002437244 0.002144054 0.001165717 0.00364457 0.004381319 0.00370537 0.001179299 0.001260165 0.003688468 0.003737606 0.003178371 0.002597924 0.001502725 0.003478864 0.003814079 0.003914028 0.003563511 0.001158618 0.001327092 0.002569364 0.001320965 9.41256E-4 0.002779229 0.003258742 0.001251946 0.003504369 0.004045941 0.002204047 0.00158176 0.00299225 0.001107314 0.001566468 0.001379892 0.002765564 0.002860201 0.002200849 0.004034254 0.003008621 0.0048225 0.001256207 0.002831398 0.002144865 0.001004515 0.003673876 0.002593349 0.002662312 0.003719461 0.002963327 0.00311891 0.004633634 0.003419893 0.003126008 0.001177927 0.003369054 0.001214204 0.00162502 0.003892028 0.004305603 0.001289604 0.001656172 0.002557704 0.004463242 0.003791305 0.001536892 0.001067077 0.002235423 0.001691937 0.003254342 0.003710616 0.002256303 0.001967809 0.004417859 0.001876051 0.00134624 0.003550493 9.95316E-4 0.001293204 9.21865E-4 0.002042942 0.002716271 0.002435005 0.001462508 0.002579234 0.00383326 0.003799804 0.001516236 0.001807935 0.003717499 0.0018135 0.002195767 0.002881057 0.002606171 0.001851455 0.001414905 0.002198104 0.001247573 0.002297613 0.002256268 8.20143E-4 0.002957444 0.00206441 0.002547848 0.001393905 0.002534981 0.003064047 0.00213503 8.46176E-4 8.94847E-4 0.001893107 0.002137316 0.002700196 0.003161952 8.35483E-4 0.002662192 0.003305361 0.002712681 0.002041351 0.001006259 7.50783E-4 0.002019861 0.001107971 0.00123379 0.003151172 0.002563438 0.001076759 0.001977747 0.00263604 0.001732575 0.001110898 0.00252688 9.0457E-4 0.001037516 8.04726E-4 0.002275423 0.002059195 0.002089474 0.002510706 0.001753973 0.002575857 7.94347E-4 0.001845682 0.001812294 7.35949E-4 0.002350523 0.002602478 0.003048804 0.00292718 0.002060584 0.002194329 0.001829324 0.002359942 0.002874418 8.25023E-4 0.003255478 0.001045222 9.48365E-4 0.002724674 0.002912693 0.001257911 7.68735E-4 8.0733E-4 0.002056838 0.002242252 0.001009691 7.05742E-4 0.001844532 8.35836E-4 0.002616452 0.003137019 0.0015759 0.002281784 0.002628419 9.25557E-4 9.09822E-4 0.002626172 0.001111809 0.001147684 9.795E-4 0.001798063 0.002487567 0.002301976 0.001117449 0.002312195 0.002259809 0.002089817 7.14873E-4 0.001387911 0.002244742 0.001558751 0.001624424 0.002123136 0.002745552 0.002854913 0.001169399 0.002238497 0.001146957 0.001979004 0.002130975 0.001159929 0.002342065 0.002337166 0.001568131 0.001182375 0.002001858 0.002158719 0.002805838 8.50297E-4 6.47247E-4 0.002145368 0.002063698 0.001884671 0.002759656 7.08703E-4 0.002096705 0.00279542 0.00207894 0.002011705 9.98983E-4 6.88121E-4 0.00209987 8.56546E-4 0.001219341 0.002082903 0.002617916 0.00130276 0.003014695 0.003984612 0.001937105 0.001686213 0.002556787 9.27035E-4 0.001031412 0.001020461 0.003373575 0.002830144 0.003210504 0.002886955 0.005562969 0.003650237 0.001110517 0.002717677 0.002929534 0.002133853 0.002959881 0.002691765 0.004870779 0.003683072 0.002360338 0.003767925 0.002517086 0.002065524 0.00366238 0.001248043 0.00434469 0.001398381 0.001059837 0.003508732 0.002770337 0.001572914 0.001087867 0.00133918 0.003414558 0.002630956 0.00148624 0.001312685 0.002226781 0.001032955 0.001981676 0.003268318 0.002093861 0.001756521 0.00268984 7.25592E-4 0.001073489 0.003314922 9.38622E-4 0.001177651 0.001258909 0.002746796 0.002381836 0.002593286 0.001163318 0.002680692 0.002694681 0.002483145 8.73699E-4 0.002635913 0.003364854 0.001911605 0.001716891 0.001548746 0.002433554 0.002164516 0.001059941 0.001819013 8.47394E-4 0.00254904 0.002612715 0.001079855 0.002036068 0.001836797 0.001643286 0.001176005 0.002501028 0.002069734 0.002868152 9.04098E-4 9.98621E-4 0.002698844 0.002153261 0.002310879 0.002156477 7.79536E-4 0.002205493 0.002068777 0.002841411 0.001660527 7.98903E-4 7.49431E-4 0.002838576 8.09666E-4 0.001172509 0.003034397 0.00240728 9.05978E-4 0.002728514 0.00292527 0.001800194 7.79025E-4 0.001822708 0.001019782 8.5863E-4 9.61165E-4 0.002028292 0.002575212 0.001667562 0.002845387 0.00242857 0.002870354 8.52509E-4 0.002699677 0.002416703 8.14174E-4 0.002440204 0.002612038 0.002195844 0.002235561 0.001802791 0.003008335 0.002668449 0.0021239 0.004207613 0.00135176 0.004510956 0.001545264 0.001435337 0.003720956 0.003988834 0.001497776 0.001213969 0.001028089 0.002895159 0.002477402 0.001568827 0.001509956 0.003058989 0.001672639 0.00289899 0.002724369 0.001775437 0.002834818 0.002711233 0.001322957 9.522E-4 0.004115517 0.001460627 0.001320419 0.001413952 0.002939117 0.003443926 0.002968694 0.001241635 0.001898882 0.002958845 0.001798311 0.001344986 0.001873646 0.003156122 0.001578044 0.001979138 0.00187697 0.002896683 0.002794294 0.001546984 0.002461557 0.001061986 0.002731131 0.002651338 0.001055933 0.002255139 0.002470238 0.002424556 0.001147451 0.002163955 0.002143463 0.002276727 8.08492E-4 6.332E-4 0.002139105 0.0026244 0.001745462 0.002137418 8.5248E-4 0.003061623 0.002293711 0.002790593 0.002172809 8.13072E-4 0.001064962 0.002464679 8.48873E-4 9.27454E-4 0.002195802 0.002932952 0.001155545 0.002475071 0.002234916 0.001854916 7.34218E-4 0.002356693 6.17546E-4 0.001037099 7.79974E-4 0.001430684 0.002540116 0.002111699 0.003353879 0.002245744 0.002366881 9.21963E-4 0.002085073 0.002458243 9.54857E-4 0.002793016 0.002356581 0.00264154 0.002236074 0.001696701 0.00235486 0.001662755 0.00178516 0.003047835 8.36215E-4 0.003151351 0.001056957 8.1747E-4 0.002820323 0.002271197 8.83293E-4 0.001131572 0.001138691 0.002788245 0.002738199 0.001048727 8.42304E-4 0.002367175 9.30283E-4 0.002458991 0.002852913 0.002016226 0.00267213 0.002792662 9.62503E-4 9.20679E-4 0.002924651 8.23572E-4 0.001100094 0.001091328 0.002289783 0.001906327 0.002228531 7.27528E-4 0.002133101 0.002497728 0.00161976 7.29922E-4 0.00161426 0.003022464 0.001595558 0.002917868 0.002156727 0.002121162 0.001725937 0.001159574 0.001895183 9.7835E-4 0.002789187 0.00199289 0.001124113 0.002633414 0.00180728 0.001927563 0.00142644 0.00243521 0.002713626 0.003904685 0.001040905 0.001082323 0.003823263 0.00339603 0.002084184 0.00238314 8.02241E-4 0.002266353 0.002778094 0.002944076 0.002781239 0.001223033 0.001265118 0.002639654 8.97052E-4 8.0835E-4 0.002914074 0.00246052 8.6615E-4 0.003070917 0.003017543 0.001758283 0.001026669 0.001828024 9.77186E-4 0.001145495 7.8253E-4 0.002095687 0.002454617 0.001521113 0.002506757 0.002413944 0.002567016 8.31608E-4 0.002766253 0.001665085 9.8882E-4 0.002166763 0.002792969 0.002290304 0.003211514 0.001712269 0.002202621 0.002148518 0.001742297 0.002706143 9.50674E-4 0.002889439 9.75147E-4 0.001132716 0.00272486 0.002766713 0.001377217 0.001013138 7.24067E-4 0.002751114 0.002615318 8.6648E-4 8.7771E-4 0.002527381 8.226E-4 0.001965591 0.002906486 0.001374861 0.001762118 0.002684304 9.25567E-4 9.72227E-4 0.002109221 0.001104824 0.001088554 7.57504E-4 0.00166673 0.002500589 0.002170431 0.001024918 0.002962116 0.002433798 0.001644141 7.5494E-4 0.002402173 0.003027101 0.002297602 0.0017413 0.002119148 0.00197244 0.002026629 7.68663E-4 0.00242733 0.001051476 0.002715099 0.001951563 0.001104582 0.002190292 0.002152547 0.001694368 0.001117686 0.002789745 0.002754718 0.003020123 8.0612E-4 9.01933E-4 0.002512293 0.002856947 0.002411671 0.002733023 7.77636E-4 0.002861778 0.002873827 0.002746944 0.002226026 8.25711E-4 9.97368E-4 0.002655511 8.22587E-4 8.54379E-4 0.00204109 0.002412081 7.95304E-4 0.001937967 0.002293117 0.001936275 9.08443E-4 0.002589855 8.90442E-4 0.001110736 0.001106438 0.002350049 0.002477733 0.002146781 0.002262103 0.001767451 0.002901462 7.29958E-4 0.002635828 0.001760344 0.001057679 0.00265168 0.00207741 0.002199784 0.002903663 0.001333411 0.002617554 0.002417555 0.001637601 0.002176255 8.65203E-4 0.003279448 0.001048983 0.00107539 0.002199599 0.002123168 0.001009171 0.001027515 8.61619E-4 0.002018493 0.002818845 0.001116752 0.00120003 0.001932922 0.001273166 0.002396825 0.002500526 0.00144395 0.001680455 0.001938368 0.001003784 0.001009383 0.002060235 0.001086761 0.001098328 0.00127239 0.002401341 0.002099466 0.001596267 9.95574E-4 0.002245298 0.002287754 0.001604213 7.21681E-4 0.001613369 0.002956958 0.001695264 0.002383582 0.001645151 0.002689887 0.001715703 8.25908E-4 0.001636102 0.001085671 0.001996426 0.002737595 9.35368E-4 0.002226437 0.002342602 0.002340174 0.001247031 0.002675883 0.002414955 0.002117995 6.89285E-4 8.45741E-4 0.001997164 0.00308591 0.001916441 0.002498786 8.64407E-4 0.00311394 0.002108848 0.002380249 0.002143979 0.0011082 0.001048636 0.00263904 0.001122097 0.001246282 0.002873888 0.002278873 9.86903E-4 0.002999755 0.002942409 0.00161722 7.69322E-4 0.001764359 6.52614E-4 7.22613E-4 6.83524E-4 0.002040052 0.001998109 0.001612349 0.002272724 0.00172528 0.002268727 8.06365E-4 0.001942477 0.002274146 6.42186E-4 0.00203162 0.002060274 0.002087189 0.003150725 0.00210066 0.001982898 0.001838545 0.001924869 0.001990482 9.80066E-4 0.003056907 9.0756E-4 0.001091363 0.002066344 0.002767593 0.001103775 9.16565E-4 7.39422E-4 0.002632586 0.003373231 0.001162902 8.37527E-4 0.002326533 0.001286119 0.001882731 0.002276514 0.001517785 0.002057986 0.002787255 9.55959E-4 6.96581E-4 0.002932848 0.001176729 0.001004044 8.18771E-4 0.002491877 0.003009672 0.001797855 7.04858E-4 0.001909196 0.002850424 0.00185561 8.48808E-4 0.002745766 0.003719395 0.002921472 0.002139001 0.001878662 0.002734213 0.003020109 0.001497482 0.002698629 0.001600638 0.003415965 0.003475678 0.001609843 0.004483335 0.003316027 0.002176662 0.001068863 0.002863311 0.002705138 0.003647897 0.001019919 0.001431813 0.003688154 0.002961192 0.002449873 0.002890801 0.001086841 0.002642088 0.002955003 0.00238612 0.002587029 9.17808E-4 9.50722E-4 0.003100325 0.001736658 9.43343E-4 0.002999767 0.00218208 9.52053E-4 0.002941981 0.002799499 0.001799068 0.001141375 0.001682512 9.56039E-4 0.001315978 8.3786E-4 0.001580129 0.002208025 0.001903331 0.003710821 0.001858389 0.002612374 8.59152E-4 0.002040687 0.001603662 7.26865E-4 0.003049747 0.002148683 0.002316237 0.002994633 0.001668788 0.002264725 0.002521567 0.002421578 0.002844483 0.001015744 0.00262288 8.20855E-4 7.347E-4 0.002102547 0.002256673 9.51351E-4 9.29872E-4 6.83869E-4 0.002689526 0.002457677 9.75104E-4 8.93817E-4 0.002238912 0.001132695 0.002175016 0.002290008 0.001637594 0.001884875 0.002201559 9.47277E-4 0.00101379 0.002984405 8.31893E-4 8.40028E-4 0.001269179 0.002386661 0.002720096 0.002182299 0.00107191 0.001761814 0.002484092 0.002095817 0.001166843 0.002014015 0.003468956 0.002511326 0.002078037 0.002781583 0.003046514 0.002269199 0.001083149 0.002610955 8.56998E-4 0.002793011 0.002119687 0.001116761 0.002317169 0.001780274 0.002379767 0.001261255 0.002870606 0.002004316 0.002740311 7.31948E-4 8.78967E-4 0.001901931 0.002685633 0.001870952 0.002111943 0.001240556 0.002651879 0.002901322 0.002037286 0.002155581 8.41373E-4 0.001091047 0.002692517 0.001127982 9.63125E-4 0.003189764 0.002429191 0.001073043 0.002077741 0.002287422 0.00194292 0.001094469 0.002097337 6.41363E-4 0.001105084 0.001016092 0.001610679 0.002867824 0.001687432 0.002998645 0.001574648 0.002907029 9.15358E-4 0.002565919 0.001765219 6.76117E-4 0.002231857 0.002130599 0.002334635 0.002429 0.002083717 0.002607406 0.001768927 0.001689403 0.002155306 0.00108433 0.002562637 0.00105517 0.001148767 0.002828247 0.002604834 0.001246005 0.001005923 6.93008E-4 0.002192939 0.002780353 0.001029875 8.63732E-4 0.001773326 0.00112847 0.002195425 0.002127558 0.002058285 0.002557224 0.002554875 7.07632E-4 9.83362E-4 0.002928565 8.21034E-4 0.001061838 0.001030449 0.001629234 0.002061973 0.002233505 0.001006784 0.002389441 0.002588834 0.002372012 8.05714E-4 0.001570722 0.002797249 0.00238251 0.001856003 0.002207493 0.002886815 0.002313373 0.001299623 0.002150651 0.001534639 0.003348986 0.002625792 0.00114789 0.003254379 0.002857505 0.002618281 8.47029E-4 0.002207697 0.002151395 0.002721766 8.73806E-4 7.0145E-4 0.003217114 0.00259755 0.00203202 0.002927379 7.98887E-4 0.002152327 0.002645788 0.003044075 0.002028426 0.001214274 7.61078E-4 0.002414003 7.59209E-4 0.001034825 0.00287308 0.002505767 8.81371E-4 0.002877079 0.003265783 0.001859107 0.001089757 0.002480621 9.28025E-4 8.05495E-4 7.37635E-4 0.002251128 0.002551018 0.002094247 0.002955632 0.001995438 0.002910821 8.10932E-4 0.002012943 0.00173212 0.001151361 0.003357952 0.002693795 0.002244408 0.003087472 0.001677037 0.002206528 0.00180803 0.002250212 0.002762121 9.33408E-4 0.002662157 0.001116437 7.50795E-4 0.00257303 0.002703628 0.001121393 0.001005995 8.20154E-4 0.001976292 0.00304189 0.00118286 8.50604E-4 0.001783985 0.001132858 0.002588011 0.002273861 0.002076526 0.002337789 0.0030754 0.001023776 9.66488E-4 0.003125171 0.001178142 0.001042686 0.001051364 0.00166146 0.002429966 0.001757969 0.001022869 0.00221314 0.002386199 0.002725828 0.001194574 0.002055109 0.003488182 0.002597288 0.002277135 0.00153007 0.002910722 0.002102002 8.30075E-4 0.002094112 8.05851E-4 0.002823556 0.002158586 0.001052588 0.002826369 0.002349898 0.00244582 0.00132791 0.00209532 0.00201013 0.001917096 7.24421E-4 6.91202E-4 0.002855062 0.002748894 0.001895645 0.00276393 8.03696E-4 0.00284477 0.002613492 0.002612335 0.002163796 0.001474106 0.001373807 0.002146774 0.001058604 7.76298E-4 0.002147476 0.002318814 0.001026405 0.001965805 0.002263762 0.001741686 0.001112113 0.002039263 9.0297E-4 8.59015E-4 8.51136E-4 0.001793321 0.0025509 0.001573672 0.002934724 0.001763703 0.002082706 7.52782E-4 0.002507137 0.002160331 7.30956E-4 0.002244665 0.002091485 0.002177264 0.003078137 0.002054074 0.00289932 0.00258219 0.002342141 0.0028899 0.001029532 0.003552936 0.001066729 0.001215437 0.002176959 0.002808507 7.61308E-4 9.85292E-4 7.57914E-4 0.001973722 0.001962542 9.79646E-4 0.001059516 0.002040912 0.001047685 0.001751546 0.002514127 0.001990871 0.00150425 0.002701751 9.03711E-4 6.57008E-4 0.002799225 8.33147E-4 9.62436E-4 7.77267E-4 0.002483005 0.002475493 0.001893698 7.61823E-4 0.002562724 0.002381728 0.002208837 9.27436E-4 0.002177111 0.002550273 0.002376716 0.002593641 0.001677307 0.002786104 0.002120871 0.001040274 0.002583138 8.36648E-4 0.002387232 0.002800278 0.001131834 0.002363813 0.002680681 0.001933558 8.10098E-4 0.002054364 0.002744812 0.002040175 8.25808E-4 8.90761E-4 0.002053192 0.0021895 0.001830464 0.002684995 0.001191934 0.002929505 0.001990825 0.002111725 0.00215875 0.001225481 7.88031E-4 0.001950276 0.001126391 9.58973E-4 0.002819868 0.00211782 0.001054123 0.002407581 0.00295592 0.001361328 7.76102E-4 0.002275764 6.57971E-4 0.001045061 8.71813E-4 0.001614537 0.00260794 0.001596158 0.002055155 0.001641411 0.003123309 9.62675E-4 0.002157133 0.002249063 7.13004E-4 0.003202107 0.002319326 0.003673355 0.003304086 0.001831329 0.00355027 0.00332781 0.002274757 0.002514478 0.001034481 0.003896491 0.001306534 8.81107E-4 0.002020601 0.002084377 8.4031E-4 0.001111005 7.64437E-4 0.002174052 0.002508659 0.001390443 9.66134E-4 0.002937335 0.001002689 0.002325654 0.002508699 0.001726728 0.002306533 0.002929141 0.001078647 7.74947E-4 0.00319728 0.001100591 0.001018502 0.00109388 1.96824E-4 0.002110385 0.001712605 0.001151119 2.35603E-4 0.002591963 0.002068385 8.11781E-4 0.001929109 0.0023426 1.75486E-4 1.71599E-4 0.001608312 0.00252087 1.73355E-4 0.001047227 0.002414577 0.001092117 0.002797099 0.002820031 0.001395687 0.003372666 0.002276435 1.68539E-4 0.001145655 0.002771239 0.001991427 0.00239701 8.16419E-4 9.45004E-4 1.68754E-4 0.002108888 0.001973903 0.002407727 0.001219468 0.003168967 0.002092744 0.002729479 0.001435195 0.00110215 0.001063304 1.77716E-4 7.87784E-4 0.001246381 0.002112416 0.002283916 0.001020534 1.62292E-4 0.002307645 0.001938465 0.001132693 0.002216562 7.92989E-4 7.83644E-4 7.50248E-4 1.80212E-4 1.85899E-4 0.002211574 0.003158442 1.90353E-4 0.002468247 8.42487E-4 0.002786138 1.79436E-4 9.94704E-4 0.002892177 0.002716255 0.002824275 0.003002994 1.87828E-4 0.00304726 1.90728E-4 1.77482E-4 0.00284845 6.43669E-4 0.003222994 9.22364E-4 0.001110501 0.001900243 0.002092174 0.001219595 8.94056E-4 7.88666E-4 0.002898787 0.002127355 0.001163931 9.98576E-4 1.70276E-4 8.20936E-4 0.002290272 0.001778285 0.001397451 1.82115E-4 0.002533515 8.38182E-4 0.001022372 0.002880824 8.21379E-4 9.58522E-4 9.17063E-4 0.001768725 0.001839612 0.002355612 7.98883E-4 0.001759477 0.002425557 0.002214825 0.001151507 0.001636473 0.002843722 0.001789729 0.001879145 0.002329875 0.002619334 0.002216581 7.96085E-4 0.001598852 8.14832E-4 0.002597532 0.002641988 0.00112686 0.002824124 0.002379873 0.001977795 8.1796E-4 0.003538756 0.00270036 0.002788487 9.90861E-4 0.001152598 0.002860305 0.00278846 0.002889812 0.003737017 0.001038699 0.002917887 0.004068548 0.002908968 0.002873229 0.00127334 0.001506391 0.002865668 0.0015552 0.001403513 0.002484938 0.002963857 0.001248798 0.002630322 0.002577749 0.00173644 0.001003035 0.002141565 0.001187086 9.99446E-4 0.001217474 0.002510673 0.002850541 0.001939233 0.003106816 0.001791187 0.002289058 0.001006662 0.002100725 0.001882266 8.67115E-4 0.002849838 0.003280929 0.002486706 0.003485899 0.001498781 0.002901234 0.002415927 0.002307485 0.003081914 8.61323E-4 0.002737068 0.001157909 0.001192985 0.002162063 0.002857671 7.87872E-4 7.90629E-4 7.68894E-4 0.0027745 0.002148453 0.001194353 8.92123E-4 0.001894586 9.21366E-4 0.001780765 0.001830866 0.00151359 0.001647501 0.002808759 0.001019078 0.001087855 0.002264491 9.24904E-4 0.001217233 7.94104E-4 0.002585822 0.002177441 0.002295844 9.14169E-4 0.002248066 0.00226165 0.002257445 0.001061867 0.002096614 0.002332736 0.002055251 0.002392782 0.002096218 0.002202858 0.001724221 7.73663E-4 0.002345606 8.06059E-4 0.00221628 0.002738391 8.36914E-4 0.002585291 0.00239265 0.002287815 0.001234206 0.002117895 0.002105358 0.002759787 7.84417E-4 9.62206E-4 0.002347677 0.002236607 0.001917108 0.002961127 8.53078E-4 0.002669176 0.00219779 0.002578862 0.002141517 9.33901E-4 0.001112614 0.002373339 0.001210388 0.001169857 0.002196107 0.002351364 0.001344692 0.002470652 0.00346605 0.002069127 0.001154763 0.00242205 6.34649E-4 0.001112509 9.22247E-4 0.002034324 0.002710216 0.00163797 0.0029612 0.002376402 0.002779467 8.82732E-4 0.00240043 0.00225152 6.74968E-4 0.002329541 0.001924197 0.002211107 0.002923803 0.001564601 0.002097171 0.002208434 0.002408159 0.002976846 9.72708E-4 0.003561771 0.001054772 8.20672E-4 0.001849626 0.001970243 0.001043082 9.70777E-4 7.87737E-4 0.002239639 0.001943365 0.001087413 7.96451E-4 0.001771407 1.77822E-4 0.001734269 0.001994197 0.001402685 0.002237116 0.002852968 0.001044342 9.5086E-4 0.002732135 7.77347E-4 0.001081633 0.001160931 0.00173422 0.002525226 0.002230881 7.12345E-4 0.002372704 0.002390419 0.002087653 0.001067736 0.002037421 0.002293449 0.001785932 0.002200639 0.001719574 0.002215167 0.001640192 9.43256E-4 0.002279528 7.94304E-4 0.002536284 0.002722958 7.98098E-4 0.002265696 0.002042943 0.001585842 0.001318164 0.002301392 0.002230629 0.001950627 7.5953E-4 9.54386E-4 0.002603375 0.002292722 0.001712568 0.00274336 7.95464E-4 0.002955263 0.003089857 0.002146903 0.001578126 8.07783E-4 0.001122125 0.002105129 8.5735E-4 8.53716E-4 0.002199652 0.002322554 0.00113022 0.00209299 0.002176942 0.00148509 7.55606E-4 0.002434198 8.8991E-4 7.22149E-4 6.94228E-4 0.002043659 0.00189757 0.001886204 0.002710609 0.001790265 0.002066328 7.86432E-4 0.002283445 0.001823186 9.19126E-4 0.002183067 0.002627754 0.002339087 0.002906286 0.001495177 0.002276812 0.002427148 0.002581893 0.002356276 7.56315E-4 0.003283404 0.00103393 0.001066828 0.00196694 0.002074921 8.48472E-4 0.001004956 0.001005931 0.002945009 0.002869065 0.001057508 7.95409E-4 0.002241702 8.34731E-4 0.001815247 0.001790574 0.001946719 0.001745637 0.001773956 9.99065E-4 7.89845E-4 0.002297176 0.001228956 0.001027638 0.001051745 0.002349317 0.001813881 0.002391227 6.97979E-4 0.002553201 0.002424317 0.001854304 0.001222403 0.001604663 0.002332547 0.001708392 0.001703703 0.002324878 0.002869755 0.001568971 7.35795E-4 0.002167978 8.63073E-4 0.002862863 0.002238037 0.001014275 0.002656584 0.00162462 0.001832478 0.001057495 0.002611808 0.001913116 0.002387372 7.60686E-4 9.0643E-4 0.002862418 0.002145907 0.001671829 0.001880965 7.41418E-4 0.002669608 0.002777415 0.002707034 0.001983373 0.001082207 8.23625E-4 0.002138715 8.60203E-4 0.001338448 0.002783045 0.002426998 8.27179E-4 0.002356374 0.003009781 0.001766874 0.001091216 0.001741904 8.81432E-4 9.81965E-4 9.77145E-4 0.00176871 0.001971237 0.002030666 0.002260387 0.002320403 0.002863566 7.57022E-4 0.001847051 0.00156129 0.001190185 0.003990953 0.002835901 0.002360642 0.003318226 0.001833895 0.002219951 0.002414531 0.002309567 0.004261665 0.001132018 0.003971587 0.001406017 0.001119253 0.00241454 0.003176055 0.001264016 0.001193549 0.001011734 0.002883202 0.003796406 0.001391826 9.49884E-4 0.001896462 0.00157153 0.0024558 0.002286662 0.001422567 0.0016734 0.002846543 0.001269116 0.001133178 0.002496288 0.001512898 0.001308586 0.001129051 0.002572573 0.002077366 0.002116838 7.13486E-4 0.002060591 0.002434255 0.001803462 0.001079076 0.001390348 0.002240168 0.001606102 0.001848293 0.001655535 0.002142743 0.002271266 0.001126069 0.002394503 0.001135566 0.002716301 0.002032987 0.001102295 0.001986145 0.001710419 0.002426848 0.001160299 0.002054337 0.002777445 0.002774224 8.25511E-4 0.001039217 0.00270716 0.002185142 0.002231934 0.002500567 7.60125E-4 0.002168199 0.00249793 0.002075043 0.002233916 0.00132358 0.001390117 0.003485366 0.001100721 0.001634884 0.003865029 0.003016544 0.001227462 0.002604224 0.003481391 0.001714619 9.69156E-4 0.001991005 0.001333191 9.24683E-4 0.001463509 0.002254766 0.00353387 0.002178613 0.003987798 0.002255587 0.002928353 8.43072E-4 0.003408991 0.00251836 0.001164087 0.003118126 0.003520072 0.002934136 0.004033454 0.002350838 0.00335709 0.002079212 0.001965501 0.003703097 0.001248811 0.002757966 7.62276E-4 0.001297592 0.002899249 0.002808018 0.001374341 0.001185662 8.44775E-4 0.003153111 0.002788872 0.001005401 8.37918E-4 0.0019789 8.85895E-4 0.002453246 0.001854852 0.002268399 0.002284648 0.002810906 0.001054042 6.52202E-4 0.002871876 0.001150255 9.4217E-4 0.001222287 0.00223827 0.001931924 0.001987439 0.001169182 0.001924668 0.002327222 0.001547395 0.001046775 0.002072436 0.002996383 0.002068578 0.001853936 0.002009195 0.00264919 0.002867113 0.001386089 0.002164486 9.95233E-4 0.003307008 0.0037437 0.001585011 0.003073704 0.003354103 0.002701556 0.001129399 0.00260465 0.00338432 0.002126059 8.77385E-4 9.21011E-4 0.002610058 0.003655302 0.002745099 0.003702726 0.001013777 0.002827918 0.003894999 0.003158394 0.002164328 0.001525873 0.001208843 0.002888673 9.00681E-4 0.001373831 0.00277978 0.002807798 9.90666E-4 0.00252606 0.003051203 0.002405136 0.001432026 0.002086024 0.001000714 0.001309021 7.99941E-4 0.001752177 0.002025248 0.001945819 0.002719119 0.00220563 0.00245413 9.2995E-4 0.002836674 0.002327611 0.001256536 0.002765069 0.002180227 0.002186855 0.002208922 0.001410289 0.002607479 0.00198389 0.002556338 0.003083355 0.0010678 0.003022265 0.001031817 0.001111873 0.002091294 0.002862654 0.001242876 0.001012765 0.001191904 0.002727399 0.002855813 0.00102072 0.00120616 0.002393511 0.001262341 0.001869591 0.001845372 0.00205823 0.001749665 0.002671668 0.001009219 7.14885E-4 0.002204732 8.73294E-4 8.57531E-4 8.52835E-4 0.002647965 0.001875834 0.001764675 9.9488E-4 0.002529458 0.002471728 0.002298101 0.001202334 0.001673111 0.00236986 0.001704648 0.001887065 0.002115747 0.002746188 0.002319816 7.73822E-4 0.002457421 9.65689E-4 1.49194E-4 1.32864E-4 8.35591E-4 0.002293958 0.002396629 0.002725675 9.11031E-4 0.002986117 0.003097267 0.001956445 8.57303E-4 0.001325048 0.003042413 0.002324869 0.00235018 0.003130352 0.001249798 0.002872183 0.00243527 0.002639514 0.001853676 0.001509314 9.61401E-4 0.00265757 8.92395E-4 0.00125068 0.002155255 0.00247223 0.00117682 0.001796113 0.002781069 0.001816392 0.001145864 0.003968213 0.001041795 0.001005379 0.001487245 0.002370537 0.002832371 0.002742558 0.002908446 0.002944174 0.002556948 0.001065442 0.002396355 0.002654774 0.001225051 0.002582838 0.001957028 0.002778695 0.003301516 0.001747897 0.003489534 0.002574254 0.002806724 0.003141516 8.49427E-4 0.002401315 0.001194374 8.92183E-4 0.003016549 0.003064464 9.58367E-4 7.45942E-4 9.79848E-4 0.003040769 0.002632083 9.47748E-4 9.05683E-4 0.001946031 9.11586E-4 0.0022943 0.002473102 0.001989599 0.001932498 0.002299457 0.001065695 8.96089E-4 0.002288909 0.001307564 9.1542E-4 8.21307E-4 0.002357011 1.90727E-4 1.80208E-4 6.58066E-4 0.002229059 0.002580775 1.94127E-4 0.001229575 1.79079E-4 0.00298599 0.002049979 0.002500876 1.73134E-4 0.002610657 0.002079399 0.001030039 1.6283E-4 7.12214E-4 0.001850706 0.002817554 8.40601E-4 0.002649908 1.84328E-4 0.002341673 0.00104772 0.002032254 0.001856911 1.74051E-4 8.74463E-4 1.81057E-4 0.002262425 0.002901633 1.70902E-4 0.002288568 8.88507E-4 0.002767587 0.00282668 0.002592471 2.20944E-4 8.06005E-4 0.001136903 0.002270676 7.78491E-4 0.00100924 0.002938323 0.001982826 0.001268274 0.003100011 0.002306802 1.99508E-4 8.59004E-4 1.955E-4 2.03429E-4 0.001089648 0.001301497 0.002456662 0.002567374 2.00759E-4 0.003084116 0.00195088 0.002382016 2.25321E-4 0.002426227 0.001734295 9.59462E-4 0.002846191 0.002290563 0.002776671 0.002272786 0.001888053 0.003477734 0.001795045 0.001988106 0.002110288 0.001146114 0.00319158 0.001165528 0.001201293 0.002895303 0.002606112 0.00124179 0.001079257 7.10232E-4 0.002018557 0.001826936 0.001007301 0.001232515 0.002132914 0.00141954 0.002049129 0.001739923 1.87665E-4 0.001694095 1.56679E-4 0.001027894 8.89254E-4 0.001982647 0.001315665 0.0011951 0.001098597 0.001721233 0.002818064 0.002351684 7.40046E-4 0.001942336 0.002736557 0.003107601 0.001312073 0.001811328 0.00273617 0.001853598 0.002205473 0.001694099 0.002725221 0.001740439 8.48361E-4 0.001611365 8.03325E-4 0.003263939 0.002529608 0.001208716 0.003011115 0.002223896 0.002661719 0.001326493 0.002037609 0.002610765 0.003041221 8.20091E-4 0.001002465 0.002797793 0.002367179 0.001726624 0.003136085 8.09563E-4 0.002047467 0.002142767 0.002843525 0.002336433 9.31364E-4 9.06764E-4 0.002278301 7.80781E-4 0.001119565 0.003052424 0.00302669 0.001612773 0.00361254 0.004054635 0.002266792 0.001626829 0.002372499 0.001233041 0.001218489 0.001359685 0.001789437 0.003506232 0.002675879 0.00259604 0.002450666 0.003479998 0.001181405 0.003095722 0.001888478 0.001243075 0.003278145 0.00316751 0.00388641 0.003081185 0.003033978 0.003680639 0.003663791 0.003036881 0.003826422 0.001049299 0.003509954 0.00151598 0.001476502 0.003039611 0.003716644 0.001785023 0.001224575 8.91727E-4 0.002894715 0.003795114 0.001292849 0.001551095 0.003422662 0.001162445 0.002472061 0.002167355 0.002797378 0.002558815 0.002984265 0.001112593 0.001173851 0.002437362 0.001199716 0.001231392 0.001225828 0.002937081 0.003237525 0.002880673 0.001059048 0.001862786 0.003009229 0.002154679 0.001292409 0.002054939 0.003352572 0.001815858 0.001771557 0.00211665 0.002572956 0.00274206 0.001175587 0.002815703 0.001129756 0.002814203 0.003150432 0.001303769 0.003775456 0.00291635 0.003411492 0.001169139 0.002915455 0.00395663 0.002672397 0.001018671 0.001061023 0.002465421 0.002743203 0.002910584 0.00356151 0.00102304 0.003891608 0.004316092 0.0026773 0.002828029 0.001470334 0.001502513 0.004166946 0.001505898 9.96466E-4 0.003464941 0.003148702 0.001378398 0.003149533 0.003322723 0.001774064 0.00155804 0.002305866 9.72803E-4 0.001353149 0.001081344 0.002400089 0.002934239 0.002176928 0.002997839 0.002427161 0.002896153 0.001338524 0.003734114 0.002497483 0.001129291 0.00352052 0.003623229 0.003566741 0.002731471 0.002162052 0.002593595 0.002815196 0.002530215 0.003786299 8.762E-4 0.003779685 0.001294989 8.99333E-4 0.003120324 0.002748017 0.001042691 0.001131226 0.001225885 0.002309103 0.002925738 0.001147184 0.001113281 0.001737281 0.001323963 0.001850687 0.002644436 0.001672098 0.002048353 0.003433326 0.001073212 9.80198E-4 0.002621221 0.001135308 8.30331E-4 0.001001478 0.001604891 0.002328866 0.00215901 0.001083645 0.002474043 0.002761593 0.002661926 8.05795E-4 0.00244294 0.00220118 0.002422435 0.0026771 0.002460375 0.002943722 0.00292341 0.001559179 0.002790669 0.001742328 0.003225081 0.003796173 0.001239665 0.004421713 0.005268241 0.00325979 0.001515254 0.002794126 0.003155165 0.002318232 6.8981E-4 7.14935E-4 0.002102703 0.002007212 0.0022523 0.002046907 0.00112181 0.002948758 0.002857439 0.002080863 0.001610176 0.001097183 0.001007289 0.002568265 8.64923E-4 7.60484E-4 0.002067484 0.002268149 0.001024551 0.002203338 0.003022765 0.00143855 0.001058675 0.002232407 6.22117E-4 0.0010659 0.001033124 0.0017816 0.001946287 0.002247827 0.001958551 0.001758462 0.002924717 8.58225E-4 0.002551958 0.001526787 9.85381E-4 0.001980214 0.00217114 0.001960025 0.002810752 0.001768129 0.002302913 0.002530926 0.002122644 0.002187956 0.001031034 0.002133965 9.71982E-4 8.66207E-4 0.002910984 0.002241006 7.72954E-4 9.53365E-4 7.63463E-4 0.002177713 0.001802369 0.001056477 7.42637E-4 0.001627349 0.001191025 0.002588898 0.001829148 0.001864353 0.001690124 0.002541047 7.80385E-4 9.69662E-4 0.00311571 0.001095712 0.001054059 9.68807E-4 0.002467482 0.003122946 0.002466475 9.72277E-4 0.002086307 0.00224692 0.002178868 9.75421E-4 0.002199077 0.002396258 0.0015473 0.001468864 0.001515776 0.002019912 0.001609769 0.001106274 0.001912218 9.18504E-4 0.002139239 0.002356773 7.02951E-4 0.00201463 0.002527618 0.001480209 0.001173924 0.002486218 0.002939862 0.001794919 7.30925E-4 9.77686E-4 0.002512282 0.002826452 0.001986334 0.002502643 0.001113555 0.002998895 0.00198916 0.002294057 0.001515894 8.62163E-4 0.001043089 0.002538433 0.001059698 0.001054302 0.002046507 0.002158488 0.001088223 0.002562963 0.002336367 0.001710731 7.63837E-4 0.002442436 6.06658E-4 0.001098639 0.001010188 0.001592804 0.002321528 0.001652588 0.002377247 0.001497387 0.002335195 8.16365E-4 0.002001924 0.001700997 9.39468E-4 0.002778926 0.002207977 0.002076237 0.001998715 0.001552195 0.002724666 0.001487612 0.001457554 0.002100251 8.55556E-4 0.003059695 8.94385E-4 0.001187188 0.002797323 0.002236612 0.00124107 8.54185E-4 9.00176E-4 0.002137172 0.002133562 9.48178E-4 7.22143E-4 0.002440149 8.498E-4 0.001872233 0.001615046 0.001433577 0.001693178 0.002415118 8.72733E-4 6.85019E-4 0.001873893 0.001200693 8.89496E-4 7.66261E-4 0.002103906 0.002363832 0.002347115 8.79022E-4 0.002365665 0.001978252 0.00174584 7.88354E-4 0.001556681 0.001786491 0.001542044 0.00156307 0.002194803 0.002359871 0.001661548 0.001125272 0.001760553 7.21456E-4 0.002253426 0.002483156 7.55812E-4 0.002848837 0.001619467 0.002150931 7.61737E-4 0.001703309 0.002771064 0.002544363 8.23878E-4 5.53855E-4 0.002656836 0.001968976 0.001593738 0.002359582 0.001153591 0.002444195 0.002877936 0.001998648 0.001518766 0.001192664 6.78492E-4 0.002289531 9.57985E-4 7.58259E-4 0.002895432 0.00212726 8.19603E-4 0.002268985 0.002867795 0.001668049 9.66124E-4 0.001561476 9.75788E-4 8.7056E-4 9.28692E-4 0.001313673 0.001958091 0.001467433 0.002986539 0.001637017 0.002008642 8.94828E-4 0.00254809 0.0016308 6.28179E-4 0.002859474 0.002299111 0.001738918 0.002211837 0.001835782 0.002095088 0.002550558 0.001738706 0.00289557 8.49845E-4 0.003134065 0.001017306 0.001068585 0.002666636 0.003207618 0.001155409 9.18985E-4 0.001083336 0.002158109 0.001762184 0.001014878 6.37795E-4 0.002439527 0.001197906 0.001923337 0.002036002 0.001834723 0.001998927 0.002626491 0.001026238 9.09954E-4 0.002067202 9.85153E-4 

Timer for Syntactic Relevance:: 68.349088304
Timer for solver: 40.11584927
		WINDOWS8.SPLX	WINDOWS8_C500_0.TESTCASES
			Diag: [mandatory(MakeTheKeyboardEasierToUse, MakeItEasierToType1), requires(AdjustTimeLimitsAndFlashingVisuals2, AdjustTimeLimitsAndFlashingVisuals), requires(TurnOnNarrator3, TurnOnNarrator), requires(ControlTheMouseWithTheKeyboard2, ControlTheMouseWithTheKeyboard), (((~Bold \/ Bold1) \/ Bold2) \/ Bold3), requires(SetupMouseKeys2, SetupMouseKeys), ((~Microphone \/ Microphone1) \/ Microphone2), ((~Magnifier \/ Magnifier1) \/ Magnifier2), requires(SetupMouseKeys1, SetupMouseKeys), ((~Advanced \/ Advanced1) \/ Advanced2)]
			Diag size: 10
The size of Consistency checks: 13258605
The number of Choco Solver calls: 15700
The number of different: 3
The number of INconsistent: 171
The number of union: 303
The number of post constraints: 13258605
The number of consistent: 15529
The number of unpost constraints: 13258605
The number of Consistency checks: 152

Timer for Syntactic Relevance:[thread=1]: 162.553719749
162.553719749 
Timer for solver[thread=1]: 27.456386743
0.001266722 0.0012968 9.78473E-4 1.97253E-4 0.001052815 0.001170895 8.30723E-4 9.86765E-4 2.07033E-4 0.001674349 1.49738E-4 0.002030844 0.001455421 0.001046308 0.001839588 0.001073172 0.001667461 0.001436952 1.55689E-4 0.001288223 0.001179501 6.75276E-4 1.45104E-4 9.79654E-4 0.001141308 1.61602E-4 1.46875E-4 9.6755E-5 1.4513E-4 2.21957E-4 0.002098134 0.001402246 0.001294065 0.001056794 6.1282E-4 0.00222949 0.001001607 0.002046245 0.002365023 0.00103653 0.001105601 9.22335E-4 0.001056889 0.001263494 0.001591667 0.001915339 0.001690922 6.07903E-4 0.002362285 0.001095733 1.80224E-4 1.5119E-4 2.06912E-4 1.69905E-4 1.80946E-4 1.51087E-4 1.92748E-4 2.07452E-4 1.97835E-4 2.35292E-4 0.001637133 0.002168229 0.00193159 0.002173684 0.001367327 9.14223E-4 0.001746373 0.002252942 8.54906E-4 0.00233835 0.001162834 0.001588332 0.002857612 0.002481406 0.002512042 0.001399489 0.002350948 0.00212621 0.001854703 0.001223056 0.001704769 0.002530043 0.002245733 0.00191521 0.00285371 0.002679795 8.76451E-4 0.001541499 0.001579838 0.001757254 0.002356284 9.86746E-4 0.001608777 0.001651876 0.001622418 7.35038E-4 0.001688334 0.003737644 0.001829019 0.001617147 2.82183E-4 2.5956E-4 2.76301E-4 2.41032E-4 2.63189E-4 2.71392E-4 2.56602E-4 2.05908E-4 2.06234E-4 2.32146E-4 2.38434E-4 2.53308E-4 2.32244E-4 2.10557E-4 1.98731E-4 1.89913E-4 2.15124E-4 1.62255E-4 1.48822E-4 1.46085E-4 2.23811E-4 2.28282E-4 2.2723E-4 1.94828E-4 1.85006E-4 2.06174E-4 1.9749E-4 2.47623E-4 2.19846E-4 2.03409E-4 0.001141889 0.002312246 0.001088185 0.00202139 0.002234798 0.00301738 0.001598946 0.002514447 0.002561226 0.002976951 0.001004935 0.001290398 0.001903156 0.001843769 0.002086725 0.001948885 0.001826649 0.001986364 0.002220512 0.001207763 0.001021384 0.002865787 0.003417918 6.73274E-4 0.002287732 0.003642084 0.002254794 8.19894E-4 0.002349726 0.001807377 0.001141973 0.002315618 0.001036732 0.003535735 0.002068562 0.002957046 0.001274901 0.003403696 0.001357447 0.00218209 0.002390608 0.001116969 0.002535216 0.003695173 0.003459701 0.002231622 0.001103427 0.004078382 0.001170318 0.003553515 0.003877785 0.002541829 0.002703287 0.004040383 6.51538E-4 0.00259133 0.003818524 0.002494834 0.003238125 0.003646538 7.4059E-4 0.002224569 0.002374435 0.003240291 0.002578238 0.00190853 0.002709828 0.002552472 0.003649073 0.004705233 0.004376469 0.002003017 0.002172483 0.003915317 0.001854575 0.002280442 0.002016658 0.003536514 0.003040385 0.00418219 0.002960058 0.002646295 0.002801199 0.002589059 0.003605066 0.004781562 0.002987818 0.002742789 0.001554601 0.004326339 0.003818797 0.002468145 0.003723034 0.003807871 0.001939924 0.004594841 0.004317152 0.005133877 0.002591975 0.002635797 0.003588177 0.004109248 0.003009456 0.005104944 0.004353423 0.002427939 0.004976384 0.002239331 0.005002708 0.00342444 0.002842229 0.00100704 0.002719172 0.005406084 0.003396971 0.001990583 0.005976686 0.00298262 0.002163147 0.002865087 1.5548E-4 2.22583E-4 2.11024E-4 1.66997E-4 2.22425E-4 1.74489E-4 2.08574E-4 1.70951E-4 1.77187E-4 1.60692E-4 1.93817E-4 1.69784E-4 1.64582E-4 2.16035E-4 1.76148E-4 2.09839E-4 1.80345E-4 1.61703E-4 1.80065E-4 1.74752E-4 1.54203E-4 1.89115E-4 1.70229E-4 1.7636E-4 1.47656E-4 1.72266E-4 2.01368E-4 1.52487E-4 1.81581E-4 1.83317E-4 1.56638E-4 1.55686E-4 1.85586E-4 1.86937E-4 1.97604E-4 1.60022E-4 1.54989E-4 1.95572E-4 1.68411E-4 1.52159E-4 1.74094E-4 1.67723E-4 1.41256E-4 1.58681E-4 1.56131E-4 1.85208E-4 1.8853E-4 2.1705E-4 1.48912E-4 1.82764E-4 0.002967482 0.002484056 0.001757665 0.002351459 0.003257891 0.003647851 0.003420521 0.002979629 0.004878044 0.003196395 8.03471E-4 0.005249124 0.005325413 0.005614106 0.002876898 8.44848E-4 0.00271047 0.004650715 0.005345102 0.003108143 0.002876811 0.003102351 0.003028637 0.003188107 0.003916673 0.005327712 9.55602E-4 0.005841726 0.002682449 0.003362228 0.00322843 0.003646853 0.006234582 0.005874771 0.008184142 0.005911542 0.003051049 0.004949 0.002721671 0.003076053 0.005236739 0.005122085 0.007243358 0.003635624 0.004008692 0.004660208 0.005293584 0.003497736 0.003192304 0.004620675 0.003374737 0.002870799 0.004792716 0.003304017 0.005558863 0.002241652 0.001650092 0.005300583 0.002185621 0.00211477 0.001812131 0.00409053 0.003186529 0.004302442 0.005819122 0.006268552 0.004121266 0.006443817 0.003565982 0.003709678 0.002960234 0.003597081 0.002336496 0.005572827 0.005816251 0.005742696 0.006362758 0.005495608 0.003062713 0.003031311 0.003628532 0.006447332 0.002051378 0.004389219 0.004146581 9.46045E-4 0.008226186 0.004496366 0.004847988 0.005074356 0.004220836 0.008561906 0.008935991 0.004624236 0.003644343 0.005226011 0.003604452 0.008643368 0.007236156 0.008293012 0.007768599 0.008642302 0.001249362 0.007340148 0.010472261 0.005688791 0.005226878 0.00631703 0.003062792 0.010388786 0.004558493 0.00396811 0.009579636 0.004419392 0.006775032 0.00456121 0.010705239 0.010452986 0.011413286 0.005202531 0.001078931 0.010090329 0.007605684 0.005762322 0.00984029 0.006217593 0.003582637 0.009387343 0.006018982 0.010920879 0.010143941 0.00493371 0.003684124 0.004869728 0.005502349 0.007492772 0.006432579 0.005526512 0.00968292 0.009329323 0.005530806 0.013044377 0.009329914 0.004698899 0.006585131 0.00537867 0.008791613 0.010469581 0.008675525 0.005618739 0.003222687 0.00187245 0.008824191 0.004059707 0.006369087 0.006354427 0.00575283 0.005007028 0.004583497 0.005702715 0.008338598 0.005104508 0.006006618 0.003361266 0.009909733 0.005283703 0.008109051 0.009911789 0.006724652 0.005166283 0.010041883 0.004937444 0.008877474 0.004312292 0.001480573 0.004327602 0.00937703 0.001465084 0.003627171 0.001735719 0.001650008 0.003518991 0.001705112 0.003217756 0.00182195 0.001644855 0.001284425 0.002296276 0.002741392 0.002088438 0.001816012 6.2288E-4 0.001989454 0.001156538 0.001723789 0.002718605 0.002728129 0.001748688 0.001277693 0.001514591 0.002795994 0.002510913 0.002542619 0.002637926 0.002634103 0.002539516 0.002544435 0.002564698 0.002624696 0.002499738 0.002683852 0.002578467 0.00256345 0.002563147 0.002519395 0.002497414 0.00239764 0.002426346 0.002602332 0.002483678 0.002610729 0.002593032 0.002692977 0.002561815 0.002434304 0.002507268 0.002779374 0.002649678 0.00250304 0.002542916 0.002490499 0.002637841 0.002469812 0.00251784 0.002353065 0.002454776 0.002485886 0.002550999 0.002438968 0.002555176 0.002550257 0.002567926 0.002481328 0.002622268 0.002444514 0.002692502 0.00194799 0.001926528 0.001829101 0.00186279 0.001796278 0.001978457 0.00193259 0.001839623 0.001833956 0.002017544 0.001895165 0.002103051 0.002215858 0.001954989 0.001984914 0.002047854 0.002076803 0.001936711 0.002562197 0.002515394 0.002353834 0.003096442 0.003007294 0.002987301 0.002485045 0.002562491 0.002737636 0.002515607 0.002412962 0.002535731 0.002549195 0.002566084 0.002343382 0.002473628 0.002470752 0.002499771 0.002446069 0.002422934 0.002008376 0.002050124 0.002009192 0.001999694 0.001970007 0.002106794 0.002036286 0.002006257 0.002050423 0.002195608 0.002079154 0.002065839 0.00199632 0.002046996 0.002158083 0.003247653 0.001906739 0.002107262 0.002120719 0.002035601 0.002199856 0.002159035 0.002189206 0.002067902 0.001990689 0.002075472 0.002109891 0.002184136 0.002082384 0.002089868 0.002041846 0.002311462 0.002131938 0.002274134 0.002189989 0.00200234 0.00200231 0.002173284 0.002012724 0.001947011 0.002097026 0.00196531 0.002014385 0.002063841 0.002073367 0.00205515 0.002061962 0.002091239 0.001958663 0.002182155 0.002115059 0.002162606 0.001856489 0.001924751 0.002098034 0.002103419 0.002568267 0.002514473 0.002431216 0.002305462 0.002083556 0.002087199 0.002174844 0.002012247 0.001960536 0.001989576 0.002022591 0.001985642 0.001986674 0.001977257 0.002062943 0.001983229 0.002098039 0.001974055 0.00208721 0.002117139 0.002086606 0.002051542 0.002099082 0.002088595 0.002164578 0.002025087 0.001906527 0.002172391 0.002038266 0.002074362 0.002102434 0.002123019 0.002106684 0.002074834 0.002148983 0.002233916 0.002013281 0.002045552 0.001995081 0.00198921 0.002087253 0.00215355 0.002007171 0.002114473 0.002209558 0.002105299 0.002304255 0.001966173 0.002050541 0.002066917 0.002024104 0.002055188 0.001961336 0.002113329 0.002007829 0.002200228 0.002008958 0.002107124 0.002112555 0.002120885 0.002025622 0.001978888 0.002121431 0.002187451 0.00215195 0.002102749 0.001955296 0.00214172 0.00215506 0.001944042 0.002186913 0.002147701 0.002041355 0.002013675 0.0021891 0.001958535 0.00194682 0.0021206 0.002060865 0.001982427 0.002078146 0.002239937 0.002332615 0.00278392 0.00254645 0.003006009 0.002828176 0.002489213 0.002590911 0.002378346 0.002605457 0.002436291 0.002495804 0.002681145 0.002522453 0.002527741 0.002750894 0.00245972 0.002610044 0.00282217 0.002979136 0.003008506 0.002789847 0.002927934 0.002950315 0.002936777 0.003490888 0.00338083 0.003472052 0.00285606 0.00281035 0.002964751 0.003184841 0.003042147 0.003040731 0.00287603 0.00288115 0.003016706 0.003069161 0.002992808 0.003051483 0.00300048 0.002819563 0.002834259 0.002879915 0.002814724 0.002962006 0.002876191 0.003010565 0.002983624 0.002863502 0.00284253 0.00284616 0.003016505 0.002923485 0.002842667 0.002984617 0.00299557 0.002963506 0.002989989 0.00305617 0.002977567 0.003010974 0.002943489 0.002899896 0.002970481 0.003065642 0.002817462 0.003240098 0.002893563 0.002922584 0.002907631 0.002900915 0.002885577 0.002738813 0.002997293 0.002930578 0.002959487 0.002971835 0.002828464 0.00303203 0.003062024 0.003498882 0.00321871 0.00329911 0.003009652 0.002813117 0.002953682 0.002876398 0.002965505 0.002838147 0.002884691 0.002964336 0.003083602 0.003113355 0.003156218 0.002894309 0.002921227 0.002928054 0.003063459 0.003010318 0.003010947 0.002956918 0.00296072 0.003011541 0.002951411 0.003117308 0.002971758 0.003050754 0.003143273 0.002876702 0.003176265 0.003077322 0.003181954 0.003073584 0.003017017 0.003074032 0.002895919 0.002970525 0.002971488 0.002911265 0.003081552 0.003019031 0.002949999 0.003034979 0.002929821 0.003228281 0.003031446 0.0029318 0.002938968 0.002979293 0.003104711 0.002832544 0.00308333 0.002923418 0.002907627 0.003053746 0.002918068 0.002934318 0.002857406 0.003018845 0.002914582 0.002774864 0.002920797 0.002896515 0.002976827 0.002992249 0.00294686 0.002958283 0.003005058 0.00292189 0.00298195 0.002940859 0.003310274 0.003161787 0.003025232 0.002897584 0.003077815 0.002863429 0.003071167 0.002933652 0.002998893 0.002936157 0.002919713 0.002921706 0.002993051 0.002886329 0.002955885 0.002897533 0.002960716 0.002819984 0.002828163 0.002880156 0.00310751 0.002844233 0.002825279 0.003049115 0.002894834 0.002897184 0.003021144 0.002815433 0.002900925 0.002940034 0.002830539 0.002827948 0.002775317 0.002786959 0.002762571 0.002832266 0.002785537 0.003121802 0.003389726 0.003568875 0.003073453 0.003019888 0.00291618 0.002980943 0.002968499 0.002958855 0.002937255 0.002894697 0.002915697 0.003043412 0.002997758 0.00289308 0.002932439 0.003144703 0.002908044 0.002874713 0.002877356 0.003017734 0.003113975 0.002991847 0.002928397 0.00277596 0.002911873 0.002950312 0.003089818 0.002956931 0.003142627 0.003314836 0.002829213 0.002883309 0.002808652 0.002872408 0.002935741 0.002979577 0.002976455 0.00315364 0.002896745 0.002986888 0.003017068 0.002948296 0.002874418 0.002897068 0.002967827 0.002892331 0.003189549 0.003049393 0.002926033 0.003120675 0.002953952 0.003189169 0.003515309 0.003420533 0.002893055 0.002964766 0.002942948 0.002892632 0.002920184 0.002839428 0.002809867 0.003051659 0.002861256 0.002823831 0.00278731 0.002939634 0.002892134 0.002791576 0.002887061 0.002901095 0.002897308 0.002791093 0.002810515 0.002931485 0.003199715 0.003434357 0.003375854 0.003103492 0.002910724 0.002940881 0.003163446 0.002822365 0.002887424 0.002866378 0.002825821 0.002903348 0.002947107 0.00290782 0.002932557 0.002992361 0.002868454 0.002885818 0.002968573 0.003123292 0.002945949 0.002988517 0.003044458 0.002927603 0.002898487 0.00302312 0.002931357 0.002953844 0.00293312 0.002792611 0.002964985 0.003683636 0.004009252 0.003839462 0.00377593 0.003986858 0.00394021 0.004192217 0.004081816 0.004055342 0.002983046 0.003008068 0.003073046 0.003212337 0.003025423 0.003196787 0.003031067 0.002968535 0.003152194 0.003006078 0.002947947 0.002876194 0.002929877 0.002981555 0.003337542 0.003261377 0.003576477 0.003164076 0.002950234 0.002957495 0.002896975 0.002975537 0.003035339 0.003169171 0.003000581 0.0028582 0.002992238 0.003085531 0.002964975 0.003005407 0.002828586 0.003045641 0.002883955 0.003066983 0.002952269 0.002981913 0.002944564 0.003009496 0.002907375 0.002932895 0.002777781 0.003031144 0.00287682 0.002938378 0.002966017 0.002896016 0.003808684 0.003026397 0.003374711 0.003965349 0.004079648 0.003767175 0.002914643 0.002983034 0.002883377 0.003001991 0.002886904 0.002997461 0.002940389 0.002974076 0.003013717 0.002959892 0.002827503 0.002895299 0.002942872 0.002860057 0.002979706 0.003002259 0.002882478 0.002884581 0.003052722 0.002974479 0.003065107 0.002881675 0.003040489 0.002879824 0.002864815 0.002947208 0.003006083 0.003145433 0.002858343 0.002825503 0.002799347 0.003023116 0.002769089 0.002955742 0.002943075 0.002917839 0.003040615 0.003088988 0.003023223 0.002841667 0.002936908 0.003050193 0.002892243 0.003099438 0.002985167 0.003099825 0.002945129 0.002884386 0.002827883 0.002883576 0.002926764 0.002881944 0.003188682 0.003218565 0.002893026 0.002932357 0.002927717 0.002900983 0.002930074 0.002861362 0.002893593 0.002827963 0.003228236 0.003044207 0.002907262 0.002833052 0.002684784 0.002944277 0.002981097 0.002996621 0.002844594 0.003051838 0.003097673 0.002861958 0.003042854 0.002866124 0.002964164 0.003095223 0.002895428 0.002968938 0.003209957 0.003110792 0.00310483 0.003079984 0.003088509 0.003006545 0.002960614 0.003102024 0.003170145 0.002922632 0.003068006 0.002938857 0.003121009 0.002984139 0.002954207 0.003070713 0.002146708 0.002141712 0.002170911 0.002029837 0.002116038 0.002153558 0.00206595 0.002163435 0.002201967 0.002256526 0.00206381 0.002150287 0.001998649 0.002242063 0.002153054 0.00211258 0.002205893 0.002032517 0.002122283 0.002248448 0.002148399 0.002153872 0.002303853 0.002052046 0.002106403 0.002331721 0.002384422 0.002222602 0.002112221 0.002091632 0.002096293 0.002232491 0.002203079 0.002198488 0.00217737 0.002096134 0.002109208 0.002118057 0.002146845 0.00212209 0.00206105 0.0020835 0.002065196 0.002158152 0.002139893 0.002130309 0.00232501 0.002105044 0.002170931 0.002115151 0.002056968 0.002139152 0.002088957 0.002183905 0.001998785 0.002145897 0.00218684 0.002103234 0.002109004 0.002083534 0.002098946 0.00204358 0.002096392 0.002175164 0.002126161 0.002053959 0.002167287 0.002205878 0.002118066 0.002036243 0.002037641 0.002252581 0.002142976 0.00214529 0.002263861 0.002210221 0.002136004 0.002223411 0.002446867 0.002115255 0.002097259 0.002172097 0.002238327 0.002124966 0.00232049 0.002147013 0.002211716 0.002100891 0.002228149 0.002240042 0.002142621 0.002243837 0.002163459 0.0022076 0.002193077 0.002180453 0.002216486 0.002175764 0.002185589 0.002181172 0.002166064 0.00213188 0.002270182 0.002150707 0.002302595 0.00236639 0.00219282 0.002137505 0.002277741 0.002327419 0.002213154 0.002228622 0.00224238 0.002272511 0.002375064 0.002122833 0.002124988 0.002279159 0.002263485 0.002294726 0.00260701 0.002204689 0.00235358 0.002194281 0.002245669 0.002344818 0.00225781 0.002210108 0.002113041 0.002147812 0.00207273 0.002050752 0.002217645 0.002326094 0.002266591 0.002302528 0.00238233 0.002219756 0.002305224 0.002266575 0.002180107 0.002167872 0.002306248 0.002265656 0.002080445 0.00212371 0.002129592 0.002153318 0.002184713 0.002256101 0.002194096 0.002379776 0.002191124 0.002352606 0.002177678 0.00207005 0.002173609 0.002188476 0.002189544 0.002063512 0.002162987 0.002091935 0.002110967 0.002297653 0.002172 0.002160492 0.002063477 0.002153338 0.002108886 0.002190865 0.002085366 0.002213402 0.00225934 0.002281913 0.002095734 0.002058954 0.002251502 0.002087904 0.002208558 0.002230918 0.002071889 0.002189842 0.002234747 0.002177374 0.002312378 0.002085005 0.002122119 0.002093888 0.002050649 0.002166158 0.002117048 0.002191934 0.002275945 0.002198104 0.002235635 0.002224955 0.002315714 0.002233904 0.002357787 0.002664703 0.002592176 0.002371208 0.00223021 0.002223725 0.002350418 0.00223973 0.002158233 0.00207762 0.002217891 0.002312649 0.002276101 0.002334091 0.002210839 0.002266891 0.002198074 0.002324511 0.002195231 0.002251209 0.002212453 0.00227927 0.00214799 0.002123443 0.002288929 0.002361907 0.00211942 0.002151179 0.002391486 0.002212173 0.002406784 0.002517553 0.00246001 0.002217099 0.002306849 0.002262093 0.002115594 0.002303378 0.00240142 0.002167353 0.002262806 0.002285737 0.002195035 0.002313455 0.002235257 0.002825059 0.002237646 0.002430307 0.002154803 0.002881434 0.002849561 0.002718151 0.002309403 0.00211375 0.002269028 0.002240659 0.002180605 0.002298521 0.002267165 0.002169195 0.002224628 0.002140509 0.004463632 0.002136793 0.002208572 0.002224552 0.002094187 0.002131792 0.002197725 0.002145428 0.002207198 0.002116671 0.002233026 0.002227089 0.002232573 0.002115552 0.002164386 0.002165608 0.002136533 0.00218332 0.002192167 0.00216967 0.002060091 0.002135318 0.00210602 0.002100964 0.002122635 0.002167151 0.002145959 0.002119909 0.002048404 0.002361993 0.002176337 0.002552822 0.002109539 0.002079339 0.002542572 0.002246224 0.002263292 0.002420551 0.002216435 0.002298991 0.002553206 0.002193046 0.0025606 0.002333222 0.002319221 0.002274096 0.002121167 0.002209794 0.002343675 0.002409948 0.002498383 0.002129724 0.002259724 0.002580335 0.002522367 0.002164872 0.002088394 0.002216513 0.002377794 0.002533581 0.002244658 0.002143053 0.002330021 0.002223253 0.002102096 0.002161544 0.002165699 0.002154951 0.002140304 0.002103474 0.002192459 0.002149117 0.002157894 0.002086938 0.002154964 0.002223431 0.002194102 0.002248689 0.002316629 0.002115446 0.002268831 0.002181206 0.002244664 0.002195134 0.002280984 0.002094078 0.002302653 0.002149743 0.002226291 0.00216667 0.00218417 0.00213384 0.002095587 0.002171374 0.002122192 0.002214926 0.002136064 0.002167194 0.002193582 0.002360095 0.00211703 0.00220132 0.002259858 0.002191824 0.002150015 0.002318981 0.002266838 0.002171418 0.002146525 0.002251916 0.002528792 0.002298692 0.002221158 0.00225691 0.002158823 0.002060767 0.002142328 0.002237478 0.002216078 0.002170958 0.002178117 0.002137093 0.00207474 0.00224034 0.002266972 0.002103421 0.002441651 0.002397975 0.002195353 0.002162268 0.002080071 0.002265088 0.002032433 0.002183632 0.002260929 0.002177455 0.002095135 0.002253243 0.002230241 0.002260733 0.002171495 0.002157088 0.00228485 0.002260251 0.002420054 0.002570749 0.002354327 0.00222434 0.002339074 0.002154422 0.002265429 0.002176076 0.002579738 0.002252138 0.002298369 0.002206429 0.002119477 0.002254568 0.002172083 0.002226491 0.002219332 0.002179684 0.002184842 0.002218653 0.002227162 0.00228215 0.002181583 0.002160345 0.002296861 0.002147422 0.002197485 0.002117878 0.002160958 0.002169605 0.002298127 0.002165306 0.002398512 0.002197316 0.002276936 0.002228951 0.002227959 0.002130999 0.002162805 0.002208699 0.002177953 0.002308531 0.002184997 0.002224121 0.002291414 0.002215938 0.00223679 0.002183999 0.00218577 0.002103403 0.002173729 0.002096632 0.002329606 0.002232356 0.002198799 0.002154024 0.002304257 0.00228173 0.002428372 0.002202638 0.002096698 0.002113969 0.002389964 0.002251667 0.002596766 0.002273378 0.002137654 0.002132426 0.002223449 0.00233276 0.002167965 0.002011313 0.002211229 0.002071826 0.002085863 0.002164118 0.002114342 0.002013629 0.002087748 0.002109502 0.002163546 0.002118765 0.002143061 0.002170283 0.002123197 0.002089126 0.002162215 0.002151415 0.002051301 0.002119922 0.002126542 0.00225686 0.002215355 0.002072891 0.002181083 0.002150365 0.002138271 0.002091492 0.002143834 0.002240473 0.002177254 0.00203374 0.0020888 0.002141116 0.002185185 0.002089114 0.002030529 0.002191907 0.0020891 0.002122115 0.002452731 0.002367549 0.002054779 0.002201187 0.002096611 0.002124654 0.002162154 0.002119316 0.002118618 0.002145381 0.002102154 0.002281717 0.00216128 0.00212002 0.002016409 0.002132519 0.002046074 0.002166079 0.00211461 0.002113245 0.002170529 0.002165463 0.002079961 0.002037099 0.002128963 0.002153396 0.002086771 0.002127328 0.00207038 0.002055375 0.002090451 0.002048691 0.002072475 0.00205997 0.002113249 0.002213113 0.002118129 0.002116888 0.002103659 0.002144857 0.002147747 0.002118722 0.002031236 0.002201462 0.002137721 0.002109055 0.002029573 0.002128917 0.002075556 0.002028096 0.002072074 0.002074982 0.002100122 0.002235292 0.002270992 0.002518154 0.00255491 0.002142454 0.002091403 0.002217233 0.002148963 0.002135431 0.002081165 0.002171051 0.002136116 0.002061777 0.002157413 0.00214755 0.002140588 0.002214804 0.002135565 0.002084045 0.002067451 0.002119327 0.002119464 0.0020868 0.002078026 0.002212344 0.00204898 0.002198061 0.002270961 0.002191288 0.002249534 0.002124795 0.002104061 0.002115951 0.002392731 0.002076882 0.00213475 0.002004842 0.002046386 0.002113713 0.002160261 0.002229996 0.002096569 0.002087647 0.002097657 0.002165301 0.002048103 0.002166238 0.002072978 0.002150981 0.002037134 0.002072996 0.002120532 0.002245735 0.002106705 0.002289098 0.002444541 0.00200759 0.002139864 0.002204568 0.002132526 0.002167963 0.002025616 0.002106288 0.002116195 0.002087531 0.002106321 0.002090077 0.002239069 0.002144595 0.002090009 0.002294626 0.002323399 0.002194236 0.002458965 0.002143566 0.00223276 0.002100138 0.002170946 0.002171468 0.00218989 0.002218053 0.002138816 0.002091363 0.002127666 0.002164213 0.00216163 0.002348946 0.002499206 0.002582137 0.002494049 0.002329385 0.002140654 0.002239717 0.002218888 0.00242911 0.002148717 0.002221007 0.002186649 0.002117267 0.002141491 0.002054786 0.002136937 0.002193368 0.002123526 0.002198883 0.002070961 0.002146953 0.002181218 0.002120131 0.00209084 0.002086447 0.00215392 0.00210579 0.002106895 0.002145059 0.002019645 0.002140948 0.002075492 0.002093579 0.002093011 0.002111851 0.002104688 0.002130477 0.002208998 0.002186339 0.002015023 0.002057084 0.002173926 0.002125195 0.002190727 0.002159698 0.002112223 0.002116285 0.002139291 0.002060638 0.002149648 0.002096414 0.002119822 0.002117902 0.002122792 0.002053346 0.002712748 0.002164085 0.002056318 0.002111205 0.002371969 0.002059623 0.00210864 0.002114569 0.00215928 0.002061737 0.002091749 0.002088619 0.002082226 0.002128419 0.002060656 0.002079381 0.002040004 0.002187206 0.002124047 0.001997501 0.002095355 0.002081176 0.002109018 0.002078069 0.002036998 0.00205814 0.002089747 0.002091433 0.002514923 0.002515646 0.002533957 0.002498124 0.002131268 0.002115788 0.002086289 0.002118298 0.002034851 0.002040047 0.002099574 0.002078498 0.002030981 0.002106332 0.002185138 0.002050522 0.002055111 0.002150066 0.002070093 0.002137049 0.002090525 0.002095459 0.002097733 0.001951066 0.002142087 0.002023568 0.002073785 0.002031422 0.002166879 0.002063683 0.002060876 0.00212243 0.002145018 0.002093994 0.002071787 0.002042136 0.00209462 0.002088198 0.002116962 0.00202248 0.002088442 0.002008285 0.002064488 0.001999427 0.00209184 0.00203106 0.002069106 0.002063881 0.00208996 0.002118576 0.002111975 0.002107008 0.00238366 0.002113094 0.002230393 0.002123487 0.002050728 0.002000274 0.002027235 0.002209725 0.002146439 0.002135761 0.002330774 0.002134882 0.00216705 0.002091796 0.002107331 0.002180509 0.002138724 0.002106223 0.002136251 0.002140816 0.002083179 0.002106312 0.002039015 0.002124983 0.002231399 0.002101596 0.002031666 0.002165666 0.002476441 0.002010092 0.00208122 0.002116268 0.002562002 0.002430555 0.002482139 0.002473964 0.002066305 0.002125363 0.002038861 0.002124568 0.002159524 0.002104185 0.002080478 0.002074059 0.002058487 0.002052504 0.002160251 0.002147873 0.002073491 0.00203765 0.00209416 0.002041329 0.001990223 0.002094121 0.002066617 0.002028046 0.002084922 0.002057325 0.002144769 0.002120362 0.002000999 0.002077854 0.002148129 0.002103724 0.002067556 0.002130534 0.002038952 0.002125312 0.002092202 0.002060165 0.002069239 0.001994075 0.002092881 0.001988774 0.002092765 0.002071617 0.002113663 0.002023145 0.002143553 0.002040145 0.002118626 0.002164068 0.002078095 0.002166769 0.002043526 0.002133345 0.002060315 0.002094697 0.002112132 0.002047181 0.002145837 0.002131242 0.002103561 0.002129397 0.002110473 0.001978287 0.002051074 0.002091594 0.002123507 0.002020702 0.002065998 0.002033629 0.002178706 0.002109725 0.002017577 0.002064071 0.002059183 0.002194864 0.002066046 0.002154544 0.00206964 0.002039581 0.002103859 0.002004521 0.002115922 0.00209111 0.004149246 0.002756237 0.002137317 0.00207269 0.002014571 0.00221981 0.002148042 0.00216859 0.002084099 0.002149104 0.002137122 0.002119937 0.002116468 0.002150922 0.00216109 0.002308137 0.00208039 0.002212187 0.002136942 0.002127699 0.002159969 0.002222867 0.002232134 0.002153929 0.00217212 0.002236879 0.002236817 0.002190344 0.002226965 0.002130384 0.002228042 0.002203859 0.002109484 0.002145604 0.002107617 0.00209855 0.002113111 0.002185055 0.002048921 0.002018209 0.002151778 0.002226706 0.002053477 0.00209321 0.002132216 0.002125313 0.002113484 0.002171406 0.002087576 0.00499784 0.00385824 0.002917046 0.003025994 0.002931749 0.002985885 0.00255868 0.002538165 0.002508262 0.002154571 0.002181686 0.002136101 0.002053955 0.002175972 0.002224266 0.002197492 0.002267739 0.002035873 0.002054407 0.00210049 0.002187712 0.002095158 0.002115336 0.002014155 0.001999091 0.002112135 0.002079808 0.002099476 0.002156355 0.002078938 0.002060024 0.002067878 0.002130959 0.002036768 0.002066227 0.002009022 0.002193574 0.002153258 0.002070966 0.001992324 0.002064871 0.002134308 0.00210559 0.00207193 0.002166819 0.002091172 0.002111685 0.002121387 0.002123185 0.002103502 0.002000154 0.002076069 0.002137367 0.002119536 0.002097868 0.002141583 0.002166883 0.002052054 0.002153055 0.002152608 0.002115555 0.002285004 0.002253205 0.002666648 0.00212157 0.002210459 0.002210975 0.002101456 0.002182526 0.002186674 0.002388352 0.00237626 0.002437418 0.002127923 0.002246243 0.002078938 0.002202619 0.002255224 0.002100825 0.002182343 0.002108269 0.002156202 0.002227827 0.002087324 0.002161617 0.002124026 0.002079218 0.002109654 0.002171975 0.002116453 0.002210044 0.00221202 0.002097691 0.002119347 0.002086521 0.002208669 0.002324075 0.002168764 0.002010383 0.002073477 0.002199853 0.002031904 0.002210749 0.00207307 0.002172731 0.00216618 0.002131815 0.002151683 0.00207984 0.002110879 0.002092096 0.002097642 0.002024134 0.002053188 0.002041563 0.002110469 0.00212998 0.002052558 0.002068576 0.002079636 0.002108381 0.002155942 0.002123944 0.002066843 0.002125831 0.002084046 0.002145661 0.002225867 0.002126423 0.002101761 0.002097458 0.002032563 0.002134405 0.00210059 0.002074044 0.0020438 0.002120722 0.002062448 0.002036988 0.00201999 0.001996628 0.002123608 0.002161877 0.002119596 0.002078996 0.002163105 0.002087379 0.002056048 0.002049415 0.002142955 0.002050213 0.002207923 0.002032061 0.002330652 0.002100556 0.00213241 0.002066339 0.002205699 0.002116818 0.002114907 0.002132574 0.002134331 0.002091584 0.002110364 0.002138847 0.002177896 0.002188165 0.002065663 0.002117414 0.002099674 0.002063665 0.002132465 0.002098197 0.002159918 0.002353691 0.002145078 0.002173765 0.002084458 0.002093053 0.002007618 0.002157746 0.002143772 0.002021777 0.001955893 0.002113693 0.002128258 0.002241421 0.002064306 0.00221145 0.002124745 0.002107674 0.002123608 0.002077849 0.002159827 0.002199025 0.002101186 0.002142162 0.002065094 0.002054661 0.002093313 0.002124163 0.002138442 0.002158925 0.00203711 0.002183892 0.002107333 0.00212196 0.002119325 0.002150234 0.002188316 0.002100773 0.002067367 0.002109291 0.002073171 0.002121704 0.002064907 0.002036465 0.002126112 0.002093095 0.002050133 0.002045397 0.002074193 0.002039122 0.002018475 0.002209504 0.002105095 0.002144428 0.002019701 0.002054803 0.002044273 0.002105733 0.002125397 0.002038725 0.002082084 0.002110746 0.002132338 0.002135436 0.002170688 0.002094417 0.002058403 0.002185018 0.002080504 0.002112182 0.002141702 0.002118467 0.002091428 0.002159955 0.002274744 0.002093896 0.002169752 0.002225029 0.002185583 0.002217254 0.002160127 0.002140797 0.002133673 0.002038811 0.0021342 0.002110542 0.00210254 0.002125812 0.002149108 0.001960835 0.002122051 0.002151046 0.00217475 0.00212736 0.002076127 0.002162924 0.002130278 0.002087673 0.002071035 0.00220754 0.002175713 0.002118812 0.002122444 0.002163289 0.002057922 0.00209263 0.002106539 0.002179835 0.002102877 0.002112606 0.002137197 0.002081494 0.002017986 0.002110359 0.002230316 0.002053632 0.002178995 0.002067472 0.002152829 0.002111628 0.002110125 0.002111425 0.002083807 0.002172015 0.002123112 0.002054226 0.002013075 0.002187949 0.002123931 0.002071114 0.00211793 0.002099504 0.002083021 0.002094696 0.002067388 0.002171662 0.002152481 0.00208062 0.002081865 0.002100713 0.002041427 0.002078249 0.002064186 0.002087757 0.002113611 0.00217804 0.002230448 0.002074379 0.002032519 0.002018941 0.002123822 0.002091802 0.00211127 0.002072321 0.002078498 0.002159567 0.002108699 0.002033774 0.00216588 0.002197816 0.002128238 0.002126647 0.002084285 0.002079458 0.002217609 0.002101497 0.002048015 0.002133296 0.002093734 0.002151656 0.002202355 0.002169294 0.002105357 0.002130048 0.002052269 0.002115463 0.002126478 0.002107669 0.002254912 0.002110945 0.00216848 0.002070378 0.002147566 0.002126345 0.002065855 0.002092105 0.002140014 0.002106011 0.002112733 0.001977244 0.002054477 0.002102942 0.002154731 0.002120949 0.002164914 0.002232314 0.002380299 0.002226319 0.002110615 0.002188833 0.002100866 0.002220048 0.002106757 0.002101833 0.002052873 0.002122528 0.002164495 0.002171819 0.002111362 0.002368801 0.002079477 0.002062897 0.002098428 0.002155678 0.002098337 0.002085209 0.002072421 0.001992273 0.002095398 0.002043863 0.002109264 0.00211559 0.002119562 0.002044925 0.002060985 0.00210619 0.002183763 0.002087305 0.002067961 0.002077048 0.002060072 0.002113463 0.002123774 0.002002454 0.002123853 0.002086147 0.002083598 0.002105775 0.002073271 0.002123418 0.003067413 0.002035201 0.002090786 0.00199481 0.00206039 0.00229585 0.002036334 0.002167385 0.002184616 0.00203261 0.00216357 0.002124992 0.002159481 0.002127848 0.002145558 0.002096284 0.002174556 0.002100753 0.002120401 0.002338515 0.002180916 0.002071148 0.002097374 0.002096948 0.002144364 0.002077476 0.002160355 0.002150413 0.002076097 0.002043576 0.002181851 0.002137704 0.002186677 0.002129007 0.002020867 0.002049659 0.002072394 0.002067314 0.002107051 0.002252718 0.002224775 0.002598336 0.002187839 0.002124599 0.002088414 0.002085896 0.002154667 0.002132803 0.002084395 0.002045816 0.002092108 0.002157332 0.002119177 0.002086398 0.002072113 0.002004302 0.002198052 0.002093131 0.002109898 0.002166962 0.002261726 0.002132403 0.002102091 0.002208694 0.002058023 0.002049994 0.002046323 0.002012741 0.002143063 0.00208429 0.002098573 0.002195247 0.002191398 0.002054995 0.002168285 0.002106878 0.002061559 0.002084987 0.002070971 0.002220184 0.002136761 0.002139997 0.002459658 0.00280061 0.00232742 0.00208669 0.00204147 0.002136256 0.002018917 0.00200299 0.002022891 0.002096606 0.002720051 0.002152094 0.002024419 0.002075284 0.00215912 0.002158435 0.002161346 0.00212652 0.002201907 0.002107386 0.002061594 0.002143611 0.002061006 0.002136678 0.002085291 0.002042312 0.002107471 0.002106095 0.002136081 0.002134507 0.00219529 0.00212825 0.002146051 0.002093468 0.00216331 0.002034876 0.00217498 0.002100096 0.002102234 0.002101553 0.002070847 0.002167739 0.002201297 0.002161122 0.002075716 0.002027425 0.002118657 0.002086628 0.002112228 0.002137077 0.00205463 0.002122339 0.002062763 0.002026269 0.002157914 0.002065355 0.002158232 0.002185073 0.002133299 0.00209121 0.002122241 0.002075599 0.002119314 0.002124016 0.002099382 0.002042901 0.002086144 0.002084346 0.002035801 0.002281508 0.00214105 0.002106334 0.002036081 0.002110378 0.002128278 0.00202993 0.002091292 0.002165242 0.0021102 0.002102717 0.002014891 0.002080593 0.00217196 0.001992774 0.002051806 0.002107225 0.002164053 0.002084921 0.002115931 0.0020815 0.002113553 0.002129047 0.002142845 0.002100034 0.002137513 0.002041844 0.002068996 0.002071184 0.002051431 0.002025502 0.002142987 0.002093357 0.002040043 0.00211373 0.002041569 0.002115173 0.002051772 0.00211294 0.002124308 0.002036287 0.002095894 0.002044595 0.002091123 0.002094937 0.002177106 0.002135371 0.002167867 0.002074747 0.002168158 0.002108836 0.002064493 0.002078195 0.00213042 0.002031909 0.002111906 0.002034173 0.002132525 0.002098714 0.002141435 0.002149205 0.002149743 0.002070536 0.002035681 0.002039322 0.002054087 0.002112058 0.002064606 0.002104333 0.002087384 0.002140077 0.002037259 0.002087052 0.002062378 0.002075663 0.002126068 0.002032223 0.002136586 0.002075753 0.002091496 0.002253891 0.002179701 0.002120219 0.002065935 0.002095861 0.002062665 0.002048698 0.002101959 0.0021356 0.002083557 0.002028763 0.002056299 0.002119622 0.002090872 0.002065951 0.00212721 0.002094179 0.002112288 0.002129588 0.002021122 0.00217849 0.002176828 0.002084317 0.002055991 0.002051385 0.00215617 0.00206845 0.002108068 0.002129783 0.00213039 0.002029691 0.002109666 0.00205049 0.002005759 0.00203399 0.002036055 0.002043702 0.002125001 0.002055421 0.00214464 0.002082302 0.002115773 0.002103313 0.002039682 0.002080757 0.002082317 0.002048624 0.001980318 0.002010825 0.002079409 0.002024271 0.002127853 0.002157357 0.002111621 0.002037491 0.002115972 0.002130169 0.002030894 0.002116674 0.002072628 0.002106073 0.002057402 0.002073518 0.002119131 0.002068246 0.002152571 0.002095748 0.002060992 0.002087896 0.002132548 0.002302975 0.002059305 0.002063078 0.002061337 0.002127345 0.002102583 0.00206729 0.002081368 0.002136858 0.002121442 0.00229753 0.002013163 0.002107319 0.002079512 0.002120011 0.002104639 0.002056442 0.002117449 0.002165685 0.002103201 0.002085356 0.002086289 0.002059679 0.00202107 0.002111454 0.002083477 0.002068142 0.002059007 0.002147541 0.002073175 0.002180646 0.002095476 0.002071496 0.002005201 0.002056388 0.002175542 0.002001725 0.002009671 0.002067537 0.002062316 0.002110056 0.002066245 0.002065678 0.002107852 0.002145986 0.002123463 0.002088496 0.002109857 0.002084942 0.002002528 0.002104273 0.00210222 0.002117816 0.002078211 0.001977717 0.002066523 0.002012785 0.002058076 0.002136996 0.002148197 0.002024836 0.00200239 0.00207401 0.00209458 0.00210864 0.002129004 0.002061749 0.002605616 0.002552021 0.002523301 0.002510192 0.002140248 0.002117934 0.002136913 0.002051481 0.002125642 0.00208058 0.001982811 0.00211183 0.002017765 0.002048409 0.002104278 0.002003632 0.002069443 0.002015308 0.002093673 0.00209276 0.00203107 0.00197234 0.002016298 0.002098366 0.001961493 0.001992912 0.0021853 0.002097405 0.002131496 0.002023539 0.002133441 0.002088884 0.002062151 0.002138467 0.002044973 0.002094759 0.002117459 0.002148444 0.002135123 0.002134634 0.002050874 0.001997043 0.002042563 0.002092509 0.002136732 0.002004337 0.00211611 0.002071567 0.002036654 0.002043718 0.002080583 0.002163444 0.002024234 0.002147354 0.002077381 0.002075524 0.00211253 0.002071604 0.001977813 0.002151327 0.002147692 0.002142921 0.002134592 0.002070288 0.002087258 0.00207445 0.002446775 0.002031786 0.002078222 0.002121283 0.002070706 0.002151888 0.002077458 0.002061403 0.002043276 0.002045521 0.002014799 0.002003466 0.002168487 0.002144861 0.002150832 0.002039221 0.002034242 0.002101484 0.002156041 0.002149325 0.002114388 0.002003809 0.002156085 0.002086009 0.002032592 0.002088135 0.002184656 0.002167715 0.002008494 0.002139668 0.002035993 0.002001735 0.002003329 0.002060099 0.002530461 0.002479464 0.002298193 0.002140599 0.00215212 0.002160404 0.002049152 0.002028416 0.002168061 0.002130552 0.002036784 0.002097731 0.002171072 0.002126575 0.002050874 0.002152416 0.002149831 0.002068999 0.002092123 0.002087057 0.002075211 0.002122529 0.002085403 0.002082906 0.002056948 0.001985911 0.002068016 0.002058331 0.002056927 0.002086763 0.002153246 0.002136219 0.002059402 0.002100202 0.002078729 0.00197289 0.002061229 0.002078292 0.002068811 0.002042716 0.002062729 0.001987745 0.002057339 0.002005196 0.001986231 0.002031303 0.002051409 0.002044705 0.002158093 0.002065629 0.002075684 0.002049448 0.002105126 0.002104589 0.002110257 0.002092521 0.002031208 0.002099189 0.0020706 0.002013044 0.002106861 0.002114879 0.002184126 0.002084064 0.002035094 0.002056089 0.002156535 0.002026567 0.002143212 0.002057331 0.002073433 0.002107687 0.002039002 0.002089201 0.002089237 0.002039327 0.002055404 0.002032925 0.002164345 0.002103688 0.002037891 0.001999595 0.002120207 0.002110788 0.002109199 0.002158469 0.00208324 0.002051746 0.002114142 0.002121414 0.002031974 0.00213884 0.002026047 0.002077212 0.002094117 0.002142663 0.002077188 0.002086782 0.002096975 0.002118506 0.00217245 0.002219884 0.002464198 0.002542406 0.002095016 0.002031834 0.002018089 0.002123135 0.002093767 0.00201528 0.002152429 0.001996534 0.002121111 0.00202653 0.002054288 0.0021373 0.002100567 0.002087155 0.002145577 0.002092767 0.002112911 0.002121872 0.002092645 0.002027428 0.00206021 0.001947505 0.002115243 0.002068299 0.002030071 0.002077796 0.002168837 0.00207829 0.002139069 0.002075417 0.00211591 0.001941342 0.002129703 0.002048254 0.002120466 0.002056911 0.002070615 0.0021065 0.0020927 0.002091965 0.00205425 0.002039063 0.002100165 0.002082189 0.002086126 0.002105639 0.002008933 0.002079018 0.002066814 0.002093165 0.002132673 0.002133973 0.002076973 0.002099507 0.002174163 0.002016751 0.002118988 0.002098723 0.002070795 0.002088616 0.002054613 0.002153855 0.002120709 0.002056016 0.002132868 0.002101609 0.002060883 0.002118088 0.002159307 0.002097695 0.002060282 0.002089758 0.002024241 0.002109153 0.002074471 0.002159155 0.002072311 0.002051328 0.001968397 0.002096024 0.002035281 0.002113615 0.002091449 0.002073646 0.002153639 0.002255279 0.002201576 0.002103341 0.002143766 0.00204649 0.002013787 0.002049395 0.002139533 0.002101858 0.002038802 0.002997203 0.002171771 0.002173221 0.002118111 0.002176882 0.002237853 0.002125592 0.00211676 0.002169713 0.002100134 0.002143367 0.002170931 0.002099273 0.002184503 0.002142963 0.002117137 0.002091208 0.002132422 0.002139293 0.002161024 0.002217611 0.002136288 0.002179025 0.002187368 0.002258129 0.002177095 0.00209489 0.002149107 0.002117384 0.002251622 0.002116882 0.002223083 0.00214355 0.0021425 0.002120082 0.002203075 0.002267136 0.002120108 0.002189138 0.002362246 0.003610556 0.002248443 0.002059 0.00206394 0.002078395 0.002121002 0.002201984 0.002138172 0.003076588 0.00292615 0.003045049 0.00301003 0.003055658 0.003016561 0.002853609 0.002675614 0.00256324 0.002562298 0.002155197 0.002079837 0.002203185 0.002173648 0.002369726 0.002122383 0.002149532 0.002181488 0.00221765 0.002134207 0.002112822 0.002222556 0.002140093 0.002126642 0.00210509 0.002170152 0.002117794 0.002100008 0.002157914 0.002124082 0.002120259 0.002111659 0.002132464 0.002097752 0.002195142 0.002158714 0.002141869 0.00214052 0.002144435 0.002089438 0.002024143 0.002136683 0.002137138 0.002171394 0.002150632 0.002133729 0.002109428 0.002039757 0.002112162 0.002073851 0.002110365 0.002114433 0.002022821 0.002100069 0.002073993 0.002219673 0.002114974 0.002215429 0.002112797 0.002089286 0.002093409 0.002126652 0.002172886 0.002136075 0.002393932 0.002415422 0.002651361 0.002505945 0.002495166 0.002114215 0.002178461 0.002077754 0.002224096 0.002245554 0.002124493 0.002091327 0.002108264 0.002143064 0.002134126 0.002153531 0.00206401 0.002262815 0.00207581 0.002106527 0.002122963 0.002192016 0.002140877 0.002145434 0.002097263 0.002107934 0.002087083 0.002066715 0.002062502 0.002149932 0.00213552 0.002093969 0.002147655 0.002183968 0.002085738 0.002222125 0.001969442 0.002139843 0.00204285 0.00213911 0.002104074 0.002105914 0.002282108 0.002134195 0.002062764 0.002176215 0.002174465 0.002586789 0.002085945 0.002131426 0.002150107 0.002161646 0.002174679 0.002078151 0.002217082 0.002023593 0.00204741 0.00218409 0.002064223 0.002197809 0.002102603 0.002144207 0.002086941 0.002160436 0.002160116 0.002114023 0.002132831 0.002041633 0.002181567 0.002124822 0.002117161 0.002112493 0.002165762 0.002083279 0.002134329 0.002171577 0.002067927 0.002096042 0.002131187 0.002141525 0.002231911 0.00206501 0.002133589 0.002110687 0.001893377 0.001871615 0.001816026 0.002084925 0.001833244 0.002156952 0.001900808 0.002153258 0.001847236 0.002149445 0.001873025 0.001834034 0.001878937 0.002116154 0.001882412 0.002116665 0.001891143 0.002157711 0.002120885 0.002092012 0.002218017 0.002205492 0.001913947 0.00178813 0.002075363 0.002181019 0.002200287 0.001856812 0.002132612 0.002383269 0.002251377 0.002569305 0.00223848 0.002121993 0.00211493 0.002170978 0.00218291 0.002705284 0.002141292 0.002149281 0.002181837 0.001891335 0.002260162 0.002147211 0.002203764 0.002303223 0.002049741 0.001929835 0.002205648 0.002011793 0.002201155 0.001971939 0.001919256 0.002115761 0.002147799 0.001818606 0.001953994 0.001915677 0.002239718 0.001936897 0.002364829 0.001954018 0.002208948 0.001982529 0.002234852 0.002285293 0.00209497 0.002119491 0.002182003 0.001857098 0.002133709 0.001851592 0.001940049 0.002316158 0.002082551 0.002183703 0.002261887 0.002172662 0.002266528 0.002120961 0.002469321 0.002464252 0.002418898 0.002582484 0.002740189 0.002628316 0.002254285 0.002632484 0.002521711 0.00245612 0.002474931 0.001915042 0.001869459 0.001975324 0.002276723 0.002193328 0.002258573 0.002238888 0.002219014 0.002087711 0.001783594 0.001828633 0.00189743 0.002225369 0.001793719 0.002199684 0.001895102 0.002404842 0.001850206 0.002301738 0.001887824 0.001856997 0.001855824 0.002203264 0.002476358 0.002926891 0.002370569 0.003138609 0.002949659 0.002923288 0.002704721 0.002702312 0.00230349 0.002106173 0.002709812 0.002926584 0.002744502 0.002568111 0.002902148 0.002316179 0.001982218 0.002261643 0.001883469 0.002312551 0.002198427 0.002227819 0.002207965 0.002243963 0.001879899 0.002224933 0.002238139 0.001770783 0.002269002 0.002237497 0.002215023 0.002191134 0.00211212 0.001816944 0.002160943 0.001908346 0.002116567 0.001641989 0.001746635 0.002092258 0.002102233 0.001767385 0.001730324 0.0017445 0.002121571 0.001724367 0.002188088 0.001790551 0.002154113 0.001720795 0.002085584 0.002131218 0.002615817 0.00280773 0.002127415 0.001767475 0.00213057 0.001788094 0.001755322 0.002955145 0.002665909 0.002601709 0.002276308 0.002678517 0.002211372 0.002084519 0.002141665 0.002031862 0.002152359 0.002117892 0.002178734 0.002172685 0.002113705 0.001895971 0.002689037 0.002126596 0.003608537 0.00183391 0.001843269 0.001863986 0.002707062 0.002353622 0.002222535 0.002115095 0.002167306 0.002180069 0.001680217 0.0017537 0.00179553 0.002260379 0.001812779 0.002217678 0.002141879 0.002690615 0.002134665 0.00250777 0.001867649 0.001776788 0.001764238 0.002083422 0.001730451 0.002237929 0.00184248 0.002241743 0.002098943 0.002228263 0.002158767 0.002141085 0.001866396 0.001797698 0.002176004 0.002238402 0.002171902 0.001765753 0.00213482 0.001754103 0.001742432 0.0022151 0.001792372 0.002141104 0.002191248 0.002092147 0.002194739 0.002079555 0.001718998 0.002333837 0.002165554 0.001757843 0.002143825 0.002589713 0.0023248 0.002461177 0.002479805 0.00215364 0.002570332 0.00185688 0.002782359 0.001882769 0.001792825 0.002169935 0.002140065 0.001785246 0.001771274 0.001734022 0.002106588 0.001834304 0.00220359 0.001754621 0.00220069 0.00178222 0.002115421 0.002206446 0.002203507 0.002200948 0.002166582 0.001771513 0.002236828 0.001730381 0.001787515 0.002191262 0.002072203 0.00213414 0.002059729 0.002126277 0.002115714 0.002143574 0.002111918 0.002056415 0.002049982 0.002096256 0.00209502 0.002121023 0.002106637 0.001748167 0.002117671 0.001722339 0.002159439 0.001714818 0.001643187 0.001734226 0.002242067 0.002062961 0.0022771 0.002076824 8.14804E-4 8.12669E-4 0.001817125 0.001701236 0.001706711 8.47355E-4 0.001679815 0.002298257 0.001861943 9.38678E-4 0.002138181 0.002694368 0.00214622 0.001992122 0.001766153 0.002121651 0.001715929 8.5608E-4 0.001765274 8.02543E-4 0.00208087 0.00204043 8.22216E-4 0.0020967 0.00175482 0.00177575 9.23982E-4 0.002177916 0.002166929 0.001704961 8.6987E-4 6.35581E-4 0.001611939 0.002274428 0.00168533 0.002192963 8.32011E-4 0.002048672 0.002117169 0.002193774 0.00167877 8.16504E-4 8.38885E-4 0.001707544 9.21163E-4 7.7545E-4 0.002151753 0.002143454 8.23192E-4 0.001918604 0.002327599 0.001751169 8.15565E-4 0.001851516 6.64916E-4 7.73037E-4 7.6884E-4 0.001684598 0.001696641 0.001714719 0.002135679 0.001722452 0.002113662 6.47932E-4 0.002198199 0.001747463 0.001157936 0.002100924 0.002143567 0.002016175 0.002086848 0.001804221 0.002121295 0.001749189 0.001694004 0.002113841 8.26498E-4 0.002162727 8.13969E-4 8.02526E-4 0.002115614 0.002134053 8.35172E-4 8.02705E-4 8.82141E-4 0.002749196 0.002741257 0.001078951 9.61072E-4 0.001824314 8.28223E-4 0.001663538 0.002128736 0.001756831 0.001725476 0.001696854 8.46996E-4 8.35726E-4 0.002238463 8.5525E-4 7.48413E-4 8.00347E-4 0.001727765 0.001708217 0.001643728 8.11814E-4 0.001737284 0.002199109 0.001761037 8.01445E-4 0.001706228 0.00220869 0.001710837 0.002494418 0.002436175 0.002863565 0.002105028 9.68753E-4 0.002104578 9.64978E-4 0.002508179 0.002133997 8.00767E-4 0.00213271 0.001772289 0.001746759 8.40517E-4 0.002195978 0.002126746 0.001734233 8.42058E-4 6.32741E-4 0.001744287 0.002163095 0.001652829 0.002333052 8.22439E-4 0.002075496 0.002164043 0.002107793 0.001694373 8.51074E-4 7.61191E-4 0.001839682 8.17463E-4 9.87409E-4 0.002610696 0.002193413 7.93499E-4 0.001734969 0.002215559 0.001707189 8.08722E-4 0.001736125 6.17415E-4 7.77794E-4 7.85052E-4 0.001692704 0.001740265 0.001771054 0.002109957 0.001680511 0.002143215 6.44758E-4 0.002085325 0.00170794 8.35556E-4 0.00221054 0.00215737 0.002081157 0.002159168 0.001640244 0.002110857 0.001677972 0.001736373 0.00214742 8.25844E-4 0.002101755 8.39327E-4 7.8906E-4 0.002123993 0.002151588 8.13571E-4 7.76111E-4 8.10068E-4 0.002158552 0.002065584 8.43475E-4 7.64322E-4 0.001699827 7.73587E-4 0.001788419 0.002218928 0.001718056 0.001650773 0.001707567 7.77825E-4 7.55819E-4 0.002286531 7.97141E-4 8.45118E-4 7.66983E-4 0.001751048 0.001689442 0.001706383 7.57958E-4 0.001685577 0.002140362 0.001678219 8.1402E-4 0.001691622 0.002097949 0.001664408 0.001651739 0.001657914 0.001981126 0.001717033 7.99304E-4 0.001729079 7.77424E-4 0.002125608 0.002114396 8.65429E-4 0.002125032 0.001728667 0.001728714 8.13331E-4 0.002236955 0.002162883 0.001740882 8.08922E-4 6.58061E-4 0.001770416 0.002116694 0.001679619 0.002144976 8.62673E-4 0.002052107 0.00208342 0.002036578 0.001701369 8.17496E-4 7.81114E-4 0.001736494 8.31282E-4 7.94922E-4 0.002176457 0.002053718 7.85592E-4 0.001761556 0.002107618 0.001633299 8.18762E-4 0.001682984 8.77568E-4 0.001048268 0.001250714 0.002154537 0.002486398 0.002276502 0.002908146 0.002235797 0.002699643 9.16092E-4 0.002716078 0.001802703 8.36468E-4 0.002271533 0.002253121 0.002193744 0.002297753 0.001874942 0.002260479 0.00185989 0.001767707 0.002180546 7.94859E-4 0.002238373 8.30928E-4 8.22162E-4 0.002178371 0.0021821 8.17805E-4 9.99035E-4 7.97424E-4 0.002046496 0.002097994 8.16543E-4 7.59593E-4 0.001754636 8.26278E-4 0.001704126 0.002139963 0.001623195 0.001919198 0.001675338 7.78279E-4 7.82615E-4 0.002076143 8.74461E-4 9.02983E-4 8.1406E-4 0.001817136 0.001765235 0.001724282 7.98129E-4 0.001753054 0.002207955 0.001717048 8.17721E-4 0.001754122 0.002405012 0.00194405 0.001751242 0.001675288 0.00215422 0.0015998 8.11323E-4 0.001692788 7.93884E-4 0.002158233 0.002086674 8.36648E-4 0.002389715 0.001721761 0.001623706 8.2491E-4 0.00229797 0.00221601 0.001765933 8.19617E-4 6.22936E-4 0.001765805 0.00219892 0.001811829 0.002233351 8.43829E-4 0.002611259 0.003508942 0.002483387 0.002262477 0.001105451 8.245E-4 0.001663779 8.36481E-4 8.84745E-4 0.002222275 0.002137553 7.97667E-4 0.001788036 0.002163639 0.001774232 8.1162E-4 0.001717483 6.73399E-4 7.57983E-4 7.68788E-4 0.001641214 0.001691501 0.001709239 0.002232829 0.001716861 0.002141551 7.31745E-4 0.002214857 0.001707618 8.35878E-4 0.002250683 0.002225066 0.00216398 0.002225104 0.001775134 0.002148496 0.001808859 0.001714675 0.002149563 8.60715E-4 0.00205756 8.07405E-4 7.83183E-4 0.002255684 0.002128887 8.05403E-4 7.68134E-4 7.50962E-4 0.002174318 0.002133761 8.04204E-4 7.97841E-4 0.001696265 7.99588E-4 0.001768384 0.002176264 0.001619347 0.001680411 0.001792263 8.58115E-4 7.71425E-4 0.002140696 8.50878E-4 9.1835E-4 7.70342E-4 0.002020767 0.001709524 0.001784222 8.27139E-4 0.001799224 0.002184169 0.001738294 8.14698E-4 0.001703898 0.00218264 0.001651635 0.001746271 0.001730812 0.001991505 0.001720329 7.87166E-4 0.001854913 7.64696E-4 0.002258589 0.002053098 8.47079E-4 0.00211681 0.001760822 0.001823272 7.84502E-4 0.002120361 0.002126731 0.001715354 8.18004E-4 6.61182E-4 0.001688819 0.002115519 0.001688248 0.002169057 0.001027272 0.002496924 0.002478319 0.002425057 0.001700283 8.06447E-4 7.99365E-4 0.001779418 8.02581E-4 7.83625E-4 0.002153073 0.002064781 7.91509E-4 0.001698109 0.002130162 0.001634822 7.85371E-4 0.001705475 6.36805E-4 8.69851E-4 8.42301E-4 0.00170851 0.001670091 0.00158497 0.002174808 0.00184015 0.002190503 6.38746E-4 0.002112496 0.00168569 8.38007E-4 0.002255859 0.002219241 0.002420897 0.002243682 0.001629904 0.002058649 0.001748343 0.001686631 0.002142784 7.26563E-4 0.002134863 8.77564E-4 8.73318E-4 0.002151683 0.002153892 8.22058E-4 7.34439E-4 7.61185E-4 0.001959713 0.002026826 8.35574E-4 8.0194E-4 0.001687392 8.21108E-4 0.001828588 0.002252609 0.001524787 0.001693973 0.001785982 8.00483E-4 8.71977E-4 0.002243671 8.39389E-4 8.02152E-4 9.10782E-4 0.00171482 0.001663935 0.00167078 8.03178E-4 0.001669789 0.00220968 0.00168176 8.44966E-4 0.001618761 0.00209917 0.001793312 0.001687099 0.001628366 0.002103743 0.001800626 7.92986E-4 0.001724908 8.48152E-4 0.002139864 0.002493768 9.24545E-4 0.002781619 0.001763129 0.001782037 8.0002E-4 0.002092039 0.002029702 0.001695267 7.91648E-4 6.136E-4 0.00166964 0.002165938 0.00176836 0.002169215 7.83427E-4 0.002063197 0.002155671 0.002210037 0.001619986 7.82821E-4 7.76266E-4 0.001689057 8.43009E-4 7.82683E-4 0.002107464 0.002284251 8.84672E-4 0.00168881 0.002229142 0.001578497 8.10483E-4 0.001623734 6.56117E-4 7.83098E-4 7.71775E-4 0.001644219 0.001677023 0.00162429 0.002218296 0.001612745 0.00231185 6.15923E-4 0.001892117 0.003111158 0.00119826 0.003191846 0.002278433 0.002153711 0.00219931 0.001643524 0.002218793 0.001737578 0.001708423 0.00220505 7.8348E-4 0.002507995 8.44071E-4 8.13175E-4 0.002147928 0.00209856 8.60179E-4 8.81059E-4 7.65193E-4 0.002003502 0.002138829 0.001011217 9.17877E-4 0.002078476 0.001000621 0.002032125 0.003033755 0.002084366 0.002389739 0.001806962 8.01937E-4 8.10464E-4 0.002141697 8.5236E-4 8.14381E-4 7.82533E-4 0.001836081 0.001708824 0.002552721 9.74986E-4 0.001835645 0.002306777 0.001944094 9.11262E-4 0.002123085 0.002319432 0.00182052 0.001740753 0.001697592 0.002147907 0.001820716 8.13533E-4 0.001763821 8.26994E-4 0.00223728 0.002148761 8.40829E-4 0.002213947 0.001688739 0.001755638 8.87018E-4 0.002141517 0.002119736 0.001705103 8.34248E-4 6.54051E-4 0.001673494 0.002139818 0.001707544 0.002203809 8.11962E-4 0.002139219 0.002083066 0.002116621 0.001708022 7.808E-4 7.77975E-4 0.00176948 8.47808E-4 8.1551E-4 0.002179216 0.002106492 8.02378E-4 0.001759752 0.002233223 0.001628693 8.17258E-4 0.00176612 6.02452E-4 9.10138E-4 0.001076661 0.001920029 0.002462329 0.001669165 0.002313436 0.001862478 0.002230109 6.75809E-4 0.002052752 0.001911885 7.87309E-4 0.002174757 0.002097014 0.002134909 0.002190659 0.001520936 0.00212602 0.001820633 0.002115255 0.00232181 7.00069E-4 0.002202176 8.30961E-4 8.24751E-4 0.002113315 0.002015306 7.72615E-4 8.07427E-4 0.001150835 0.002035143 0.00218484 8.09904E-4 7.8551E-4 0.001726624 7.82041E-4 0.001656285 0.002286294 0.001487923 0.001723696 0.001670773 7.58181E-4 7.92953E-4 0.002267038 7.78199E-4 8.20476E-4 7.99799E-4 0.00180322 0.001730231 0.001742343 8.32479E-4 0.001730875 0.002080246 0.001746434 7.8024E-4 0.001493932 0.002193439 0.001726662 0.002186268 0.002065798 0.002541697 0.002256702 0.001065523 0.002100889 0.001035549 0.00259837 0.002522236 8.53634E-4 0.002248836 0.001768169 0.001751898 8.64015E-4 0.002205605 0.002153128 0.001727619 8.32678E-4 6.2725E-4 0.001736498 0.002078863 0.00171457 0.002223488 9.30397E-4 0.002698555 0.002484116 0.00221469 0.001759207 7.93226E-4 7.6352E-4 0.001658631 7.93113E-4 8.03711E-4 0.002250985 0.002132931 7.65297E-4 0.001727537 0.002420647 0.001659251 8.90446E-4 0.001876171 7.22638E-4 9.9526E-4 0.001083797 0.002016286 0.001762114 0.00151022 0.002207233 0.001819015 0.002253446 6.49513E-4 0.001932001 0.001750516 7.90815E-4 0.002173983 0.002265113 0.002177422 0.002101102 0.001519465 0.00217498 0.001701195 0.001719 0.002088303 6.91676E-4 0.002160197 8.01233E-4 7.87788E-4 0.002171509 0.00290952 0.001221713 0.001068341 9.55994E-4 0.00193536 0.002028696 7.81076E-4 7.53963E-4 0.001733774 8.45328E-4 0.001751897 0.002134341 0.001389001 0.001780072 0.002164584 8.74272E-4 7.56954E-4 0.002115537 9.32254E-4 8.43704E-4 8.29418E-4 0.00184236 0.001795051 0.001827122 8.56602E-4 0.001833262 0.002250898 0.00176759 0.001019053 0.001584801 0.002080129 0.00175344 0.001884591 0.00163769 0.002113045 0.00173905 8.01932E-4 0.001704699 7.9737E-4 0.002120334 0.002112052 8.44212E-4 0.002148582 0.00175999 0.001711066 8.61646E-4 0.002191978 0.002062345 0.00171905 8.31661E-4 6.48099E-4 0.001706942 0.002063911 0.001732917 0.002098549 8.66495E-4 0.002059152 0.002238459 0.002167605 0.001613649 7.85592E-4 7.83951E-4 0.001777565 8.1269E-4 7.61343E-4 0.002060038 0.002059946 7.62104E-4 0.001779846 0.002184531 0.001504412 8.25659E-4 0.001703735 6.23347E-4 7.46076E-4 7.93639E-4 0.001633798 0.001734665 0.001507936 0.002083711 0.001923159 0.002177613 7.60633E-4 0.002245345 0.002000445 8.65977E-4 0.002213926 0.002092 0.002082423 0.002674472 0.001597851 0.002004651 0.001630875 0.001665272 0.002105578 6.76052E-4 0.00213799 7.61993E-4 7.90985E-4 0.002159817 0.002140882 7.92658E-4 7.97724E-4 6.95442E-4 0.002060693 0.002134784 7.99901E-4 7.82863E-4 0.001667912 8.09817E-4 0.001786132 0.002375977 0.001524731 0.001727968 0.001690205 7.77134E-4 7.60369E-4 0.002188051 0.001042252 7.89113E-4 7.36565E-4 0.001687173 0.00166993 0.001696741 7.65498E-4 0.00168618 1.54604E-4 0.001709774 8.05951E-4 0.001456788 0.002052525 0.001706076 0.001709205 0.001560722 0.002030102 0.001702052 8.26084E-4 0.001733854 7.78721E-4 0.002058827 0.002084774 8.06425E-4 0.002142394 0.001720494 0.001712349 8.09534E-4 0.002125345 0.002083486 0.00207541 7.85981E-4 5.92284E-4 0.001664807 0.002122037 0.001657045 0.002057978 8.30458E-4 0.002025814 0.002014733 0.002121233 0.001636297 0.001694538 7.84393E-4 0.001657299 8.11603E-4 7.5664E-4 0.00211147 0.002107214 7.75491E-4 0.001623305 0.002025865 0.001510411 7.95912E-4 0.001748149 6.25833E-4 7.49632E-4 7.44255E-4 0.001611429 0.001644018 0.001517151 0.002342534 0.001656592 0.002086008 5.6885E-4 0.001846764 0.001708662 7.94638E-4 0.002047762 0.002145124 0.002102719 0.002115127 0.001495818 0.002107149 0.001789663 0.001662455 0.002052328 6.86269E-4 0.002195343 7.98158E-4 7.73792E-4 0.002112905 0.002198048 8.71059E-4 7.72369E-4 0.001376425 0.00207926 0.002158798 7.93029E-4 7.89306E-4 0.001749555 8.18074E-4 0.001742732 0.002070238 0.001446638 0.001611176 0.001643909 8.26156E-4 7.66435E-4 0.002141055 7.9992E-4 7.81362E-4 8.15859E-4 0.001689096 0.001691645 0.001713644 7.83157E-4 0.001663637 0.002153233 0.00169942 7.98432E-4 0.00148161 0.002120308 0.001704968 0.001655511 0.001514133 0.002153001 0.001792855 8.22453E-4 0.001764202 8.0747E-4 0.002089963 0.002133725 8.47127E-4 0.002062394 0.001757458 0.001690131 8.2696E-4 0.002078096 0.002073548 0.001772119 8.14296E-4 5.90862E-4 0.001647785 0.002078706 0.001811624 0.002090698 7.90651E-4 0.002061451 0.002072122 0.002095604 0.001516216 7.60347E-4 7.80851E-4 0.00192728 8.25504E-4 7.87271E-4 0.002175493 0.002277438 7.81318E-4 0.001686051 0.002102922 0.001503762 8.19139E-4 0.00169101 6.08686E-4 7.63964E-4 7.54144E-4 0.001575676 0.001735613 0.001532434 0.002144756 0.001751631 0.002072076 6.24572E-4 0.00191791 0.00167775 7.91909E-4 0.002053568 0.002077492 0.002061418 0.002201294 0.00153679 0.00209192 0.001725573 0.001670607 0.00209886 7.10644E-4 0.002077935 8.2524E-4 7.52734E-4 0.002107826 0.002062866 7.63876E-4 7.55344E-4 7.41898E-4 0.002033067 0.002112853 8.05833E-4 7.806E-4 0.001715057 7.77468E-4 0.001654784 0.002124103 0.001443842 0.001612127 0.001759663 8.22669E-4 7.85908E-4 0.002138535 7.92768E-4 7.28601E-4 7.9098E-4 0.001837706 0.001667911 0.001735801 7.85141E-4 0.001745274 0.00216562 0.001710317 7.68701E-4 0.001463939 0.002166928 0.001687511 0.001687044 0.001602834 0.002022065 0.001647631 9.0215E-4 0.001809347 8.42266E-4 0.00205514 0.00212355 7.99515E-4 0.002044585 0.001825105 0.001670111 8.1486E-4 0.002094991 0.002105834 0.001668199 7.56203E-4 5.78781E-4 0.001700043 0.002165005 0.001733659 0.002162351 8.00657E-4 0.002093404 0.002126629 0.002091161 0.001564079 7.67947E-4 7.21593E-4 0.001642673 7.68206E-4 7.95227E-4 0.002114612 0.002031781 8.43232E-4 0.00203047 0.002339314 0.001532525 7.71739E-4 0.001709264 6.13785E-4 7.40719E-4 8.27E-4 0.001644429 0.001725535 0.001489782 0.002131311 0.001790308 0.002060655 6.04821E-4 0.00187768 0.00160838 7.57949E-4 0.002026425 0.002056418 0.002212839 0.002102655 0.00147642 0.002078626 0.001742128 0.00169894 0.00215095 6.87026E-4 0.002220544 8.13155E-4 7.74448E-4 0.002201821 0.00213477 0.001392226 7.6699E-4 7.58591E-4 0.002120158 0.002116188 0.001076821 0.001008255 0.002224099 0.001045814 0.002307004 0.002253595 0.001475422 0.001779232 0.001795217 0.001133144 0.001089448 0.002970185 0.001143413 8.74581E-4 9.2302E-4 0.002329498 0.002143601 0.001699271 7.96222E-4 0.001796899 0.002374699 0.001814094 7.81145E-4 0.001508125 0.002194192 0.001728935 0.001750792 0.001647917 0.002102257 0.001710617 8.59579E-4 0.001711828 8.29643E-4 0.001809792 0.001875278 8.56596E-4 0.002083646 0.001642814 0.00162835 8.56413E-4 0.002054089 0.002152291 0.001690266 8.38177E-4 6.14649E-4 0.001712591 0.002081685 0.001748843 0.002201038 7.82263E-4 0.002015841 0.002161021 0.002045459 0.001452375 7.95516E-4 6.95532E-4 0.001707912 8.35311E-4 7.88989E-4 0.002182122 0.001881277 7.71185E-4 0.001614598 0.002124629 0.001475082 8.40465E-4 0.001681392 6.37901E-4 7.72452E-4 7.55604E-4 0.001678598 0.001669179 0.001476121 0.002147487 0.001695856 0.002106902 6.24861E-4 0.001918047 0.001462413 8.36251E-4 0.002151495 0.002099124 0.002106545 0.002092169 0.00149508 0.002045739 0.001738124 0.001722147 0.002131409 6.87025E-4 0.002096105 7.8694E-4 7.40383E-4 0.00214402 0.002082642 7.91934E-4 6.65172E-4 7.30307E-4 0.002101375 0.002195941 7.14032E-4 7.73782E-4 0.001666598 8.02215E-4 0.001687938 0.00206658 0.001406989 0.001752833 0.001645639 8.04871E-4 7.05302E-4 0.002206657 8.81406E-4 6.64557E-4 8.24732E-4 0.001577166 0.001645342 0.001766431 8.09842E-4 0.001711744 0.002067597 0.001706901 8.85616E-4 0.001497018 0.002662731 0.001974141 0.002014077 0.001622258 0.002057906 0.001659682 8.08496E-4 0.001792389 8.1082E-4 0.00191791 0.001830491 7.96743E-4 0.002243795 0.001637018 0.001608034 8.52358E-4 0.00214096 0.002085832 0.001743956 8.11722E-4 6.2236E-4 0.001709634 0.002233458 0.001654135 0.002089343 7.99219E-4 0.002169785 0.002066619 0.002125576 0.00139188 8.01453E-4 7.07634E-4 0.001670875 8.01238E-4 7.70449E-4 0.002190893 0.001884895 8.0091E-4 0.001689511 0.002119153 0.001422804 8.13712E-4 0.001647186 6.25796E-4 8.38638E-4 7.86949E-4 0.001485078 0.001662731 0.001539116 0.002195623 0.001732599 0.002159762 5.80875E-4 0.001894918 0.001432245 7.85993E-4 0.002181508 0.002088579 0.002184154 0.002131472 0.001518396 0.002042807 0.001766208 0.001727592 0.002136717 6.63821E-4 0.002103985 7.50127E-4 7.80102E-4 0.002199463 0.002007328 7.52381E-4 7.11493E-4 7.35542E-4 0.0019523 0.002188155 7.16828E-4 7.79869E-4 0.001699091 8.02969E-4 0.001848575 0.002138502 0.001381481 0.001724663 0.001705162 7.62338E-4 6.71286E-4 0.002196563 7.83013E-4 6.53259E-4 7.55648E-4 0.001651938 0.001715048 0.00164687 7.55337E-4 0.001669961 0.002050242 0.001713174 7.97264E-4 0.001559242 0.002160704 0.001737231 0.001759788 0.001626344 0.002121317 0.001693353 8.25375E-4 0.001650574 7.90713E-4 0.001958682 0.001774556 7.17086E-4 0.002151835 0.001634379 0.001622931 7.96081E-4 0.002146574 0.002145388 0.001658304 8.11232E-4 5.80879E-4 0.00165947 0.002236647 0.001699357 0.002129494 7.87395E-4 0.002212456 0.002028114 0.002078241 0.001375526 7.58175E-4 6.64579E-4 0.002065026 9.48099E-4 9.65627E-4 0.002650204 0.001979752 7.65946E-4 0.001692941 0.002029527 0.001441954 8.53904E-4 0.00169839 6.33357E-4 7.7572E-4 7.55304E-4 0.001516067 0.001720785 0.001537914 0.002215898 0.001698891 0.002176646 6.427E-4 0.001911678 0.00146681 8.41745E-4 0.002130381 0.00222593 0.002122207 0.002124961 0.001530449 0.002105182 0.00176736 0.001675634 0.002060211 6.86942E-4 0.002092916 7.68669E-4 7.74917E-4 0.002122835 0.002134866 7.69635E-4 6.94444E-4 7.14375E-4 0.002191915 0.002065248 7.60927E-4 8.03697E-4 0.001741135 8.30877E-4 0.001702378 0.002139345 0.001394823 0.001696549 0.001667935 7.94324E-4 6.70462E-4 0.002152984 7.95291E-4 6.86079E-4 7.74689E-4 0.001653556 0.001710732 0.001675008 7.65502E-4 0.001652391 0.002074249 0.001736098 8.01408E-4 0.001556815 0.002114969 0.001690167 0.001743855 0.001658809 0.002090524 0.001741177 7.9032E-4 0.001745174 8.07868E-4 0.001882218 0.001857948 7.18756E-4 0.002041714 0.001729474 0.00167174 7.99238E-4 0.002105733 0.002022414 0.001698408 8.07745E-4 5.77203E-4 0.001719662 0.002047925 0.001676606 0.002100056 7.97752E-4 0.00207678 0.002055981 0.001996247 0.001468152 7.87332E-4 6.76584E-4 0.001677314 8.1201E-4 7.93228E-4 0.002104731 0.001863321 7.698E-4 0.001665893 0.002080295 0.001417316 7.77333E-4 0.001733856 5.98547E-4 7.40882E-4 7.43809E-4 0.001553651 0.001708417 0.001521428 0.002156561 0.001693057 0.002058248 5.97063E-4 0.001857415 0.001490478 8.14852E-4 0.002131148 0.002078352 0.002131363 0.002107997 0.001539674 0.002044486 0.001823791 0.001656142 0.002159545 8.16695E-4 0.002725854 9.36391E-4 9.43491E-4 0.002634743 0.002276285 7.1824E-4 6.9005E-4 7.2375E-4 0.001938182 0.002155752 7.19397E-4 7.95264E-4 0.001702261 7.81433E-4 0.001826122 0.00206705 0.001432782 0.001645544 0.001777889 7.82137E-4 6.81385E-4 0.002189238 8.52575E-4 7.07759E-4 7.98562E-4 0.001578737 0.001601392 0.001675604 7.97838E-4 0.001765824 0.002152687 0.001700109 7.97634E-4 0.001465963 0.002170363 0.001666286 0.00175408 0.001674701 0.002081965 0.001652788 0.001035451 0.001656097 8.29187E-4 0.001838621 0.001921485 7.44535E-4 0.002165151 0.001720687 0.001666321 8.03179E-4 0.002044572 0.002116426 0.001739631 7.50643E-4 6.03976E-4 0.001756878 0.002090674 0.001730743 0.002137343 8.00747E-4 0.002115704 0.002053228 0.002016228 0.001393644 7.84439E-4 7.13337E-4 0.001607667 8.28552E-4 7.60187E-4 0.002112132 0.001937823 7.95726E-4 0.001726854 0.002102252 0.001426733 7.93541E-4 0.001732755 6.10768E-4 7.3808E-4 7.96678E-4 0.001541176 0.001662789 0.00147534 0.002099236 0.001660608 0.002119702 0.001527996 0.001840515 0.001500215 7.9544E-4 0.002258799 0.002103334 0.002080643 0.002040201 0.001453273 0.002136343 0.001747789 0.001654148 0.00221919 6.83805E-4 0.002122739 7.58539E-4 7.81391E-4 0.002086159 0.002018815 6.99505E-4 6.60698E-4 6.98911E-4 0.001967003 0.002096037 6.89626E-4 7.53447E-4 0.00166338 8.09651E-4 0.00163862 0.002128997 0.001318078 0.001761502 0.001775564 7.49419E-4 6.78304E-4 0.002131545 7.76634E-4 6.8504E-4 7.57691E-4 0.001677588 0.001751998 0.001664717 7.74214E-4 0.001721882 0.002188463 0.001591848 8.16468E-4 0.001495798 0.002123847 0.001676324 0.001631806 0.00163719 0.002058145 0.00160753 7.995E-4 0.00170221 7.97733E-4 0.001750029 0.001917276 7.38485E-4 0.002008728 0.001670911 0.001656485 7.81229E-4 0.002222091 0.002124941 0.00156134 8.3262E-4 6.7238E-4 0.001700768 0.002017546 0.001740921 0.002198942 7.39437E-4 0.002058522 0.002067224 0.002093762 0.001455277 7.96712E-4 6.77324E-4 0.001701736 8.29463E-4 7.35121E-4 0.002267256 0.001768759 7.38565E-4 0.001723209 0.002080105 0.00139875 7.43407E-4 0.001644979 6.38452E-4 7.52837E-4 7.15086E-4 0.001487546 0.001710223 0.001465857 0.00210191 0.002118905 0.002155 6.26678E-4 0.001852237 0.001545657 7.33629E-4 0.002161274 0.002218719 0.002210087 0.002064756 0.001557327 0.002159312 0.001748764 0.001657078 0.002060942 6.675E-4 0.002173499 7.80693E-4 7.34911E-4 0.002091425 0.002024976 7.49454E-4 8.10901E-4 7.71068E-4 0.00201215 0.002133338 7.04818E-4 7.85412E-4 0.001752883 8.02142E-4 0.001650049 0.002133607 0.001404929 0.001663434 0.001623395 7.46159E-4 6.42101E-4 0.002215142 7.68295E-4 6.93524E-4 7.2647E-4 0.001569878 0.001759529 0.001657418 7.88453E-4 0.001646565 0.002181055 0.001637406 8.08471E-4 0.00151124 0.002095267 0.001675036 0.00167042 0.001506294 0.002118764 0.001623402 8.13859E-4 0.001663698 7.95601E-4 0.001752145 0.001902259 7.49311E-4 0.00215273 0.001630307 0.001653511 8.38522E-4 0.002142848 0.002059926 0.001653642 8.0969E-4 6.30206E-4 0.001622361 0.002156605 0.001653342 0.002121737 7.34693E-4 0.002122002 0.001986474 0.002054997 0.001424081 7.88562E-4 6.48403E-4 0.001707843 7.31111E-4 7.49253E-4 0.002019077 0.001859978 7.83256E-4 0.001718567 0.002148858 0.001386939 7.33066E-4 0.001670408 6.13229E-4 7.76521E-4 7.03656E-4 0.001518061 0.001709308 0.001474177 0.002067723 0.001749497 0.002099162 5.96867E-4 0.001930355 0.001455291 7.9051E-4 0.002149367 0.002085561 0.002185164 0.002076436 0.001491635 0.001979082 0.001614071 0.001670682 0.002065268 6.59311E-4 0.002066523 7.04353E-4 7.86788E-4 0.00205081 0.002129102 7.96247E-4 6.84086E-4 7.3992E-4 0.002011803 0.002104257 7.1001E-4 7.19532E-4 0.001776501 8.02022E-4 0.001668198 0.002650811 0.001647953 0.001977545 0.002051678 7.43566E-4 6.96093E-4 0.002283254 8.01408E-4 6.4425E-4 7.32604E-4 0.001578456 0.00166036 0.001692186 7.93116E-4 0.00190829 0.002203167 0.002310786 7.71292E-4 0.001633721 0.002015628 0.001623232 0.001727957 0.001572902 0.002072109 0.001657442 7.86408E-4 0.00171039 8.40437E-4 0.001771415 0.001777663 7.36522E-4 0.002145612 0.001744043 0.00161677 8.18704E-4 0.002097928 0.002119395 0.001723399 7.9595E-4 6.35835E-4 0.001695969 0.00222103 0.001715243 0.002158 7.65534E-4 0.002081944 0.002039951 0.002135818 0.00142295 7.9216E-4 6.39739E-4 0.001698339 9.04905E-4 7.66075E-4 0.002254289 0.001826285 7.16529E-4 0.001613771 0.002088607 0.001439374 7.30276E-4 0.001730553 5.78006E-4 7.27957E-4 7.29715E-4 0.001484565 0.001650634 0.001400178 0.002054786 0.001676035 0.002046538 6.21877E-4 0.00180132 0.001490971 7.78915E-4 0.002113816 0.002120522 0.002090954 0.002105025 0.001479568 0.00209248 0.001697207 0.001654549 0.002142864 7.35239E-4 0.002150338 7.37968E-4 7.32753E-4 0.002064442 0.002035581 8.43338E-4 6.81756E-4 6.65628E-4 0.002013135 0.002001761 7.14745E-4 7.7211E-4 0.001673335 7.59848E-4 0.001712297 0.00212941 0.00136991 0.001661588 0.001656151 7.09516E-4 6.60396E-4 0.002101444 8.03649E-4 6.82981E-4 7.87013E-4 0.001586402 0.001642186 0.001615248 7.89522E-4 0.001680757 0.002149953 0.001578343 7.56318E-4 0.001502995 0.002137721 0.001621476 0.001741279 0.001615929 0.002319102 0.001736925 0.001139833 0.001645442 8.07869E-4 0.001791608 0.001915912 7.54614E-4 0.002168976 0.001739049 0.001647737 8.3454E-4 0.002040394 0.001934315 0.001605588 8.02636E-4 5.58615E-4 0.001704797 0.002082377 0.001544841 0.00216445 7.85926E-4 0.002058381 0.002057462 0.002155569 0.001431399 7.1263E-4 6.94628E-4 0.001665885 7.98234E-4 7.42561E-4 0.002093743 0.001922723 8.32509E-4 0.001848548 0.002114452 0.001321889 7.02754E-4 0.001562753 6.01991E-4 8.10072E-4 6.76382E-4 0.001456981 0.001657047 0.001426215 0.002121952 0.001646357 0.002110489 5.41076E-4 0.002336752 0.001795286 9.51931E-4 0.002585235 0.002103402 0.002095963 0.00206226 0.001404431 0.002022499 0.00169828 0.001615804 0.002116252 6.63626E-4 0.002118246 7.21201E-4 7.05752E-4 0.001919578 0.002068353 7.65033E-4 6.59901E-4 7.4615E-4 0.002056433 0.001979361 7.02333E-4 7.98104E-4 0.001724515 7.57274E-4 0.001755603 0.002080248 0.001431823 0.001614794 0.001763674 6.89452E-4 6.34992E-4 0.002185549 8.02286E-4 7.07628E-4 7.67246E-4 0.001590984 0.001766218 0.001551181 7.4051E-4 0.001584566 0.002081535 0.001584607 7.5841E-4 0.001551687 0.002083867 0.001699272 0.001671506 0.001594802 0.00212339 0.001622965 7.82264E-4 0.001713931 8.19203E-4 0.001764799 0.001805475 6.69994E-4 0.002453629 0.002155739 0.00165536 8.34903E-4 0.00214338 0.002256497 0.001656071 8.52475E-4 6.05168E-4 0.001756202 0.002004348 0.001680837 0.002064865 7.9765E-4 0.002033748 0.002081845 0.00216573 0.001434277 7.78996E-4 6.93456E-4 0.001673248 7.77661E-4 7.12905E-4 0.00212263 0.001821451 7.0451E-4 0.001632207 0.002002179 0.001307286 6.96805E-4 0.00199293 5.96698E-4 6.83347E-4 6.73954E-4 0.00154183 0.001658063 0.001437155 0.002160567 0.001655995 0.002155299 5.791E-4 0.001878873 0.001462806 7.20306E-4 0.002184281 0.002055501 0.002093447 0.002142912 0.001428866 0.002070204 0.001583939 0.001577682 0.002148713 6.81725E-4 0.001976629 7.78329E-4 7.34321E-4 0.002037043 0.002078345 7.09203E-4 6.90634E-4 7.59249E-4 0.002069973 0.002011936 6.87577E-4 7.50994E-4 0.001713855 7.01186E-4 0.001706376 0.002093432 0.001408644 0.001614362 0.0026479 7.7151E-4 6.50047E-4 0.002473998 8.33904E-4 6.50632E-4 7.62746E-4 0.001626586 0.001686342 0.001638925 7.93504E-4 0.001747888 0.002197783 0.001686772 8.27191E-4 0.00145256 0.00216843 0.001636024 0.001637024 0.001535346 0.002104492 0.00157107 8.08008E-4 0.00165381 8.28563E-4 0.00173526 0.001824749 7.66872E-4 0.002086538 0.001636932 0.001683504 8.31851E-4 0.002067731 0.002119355 0.00165556 8.39906E-4 5.93196E-4 0.001745639 0.002196572 0.001632624 0.002121753 8.02232E-4 0.001975133 0.002216808 0.002053305 0.001466255 7.84978E-4 6.73788E-4 0.001688013 7.97564E-4 7.742E-4 0.002199423 0.001896513 7.21124E-4 0.001709152 0.001945621 0.001375371 7.11408E-4 0.001635164 6.21554E-4 7.43707E-4 6.7522E-4 0.001518985 0.00160247 0.001480048 0.002070638 0.001658487 0.00203975 5.61829E-4 0.001875208 0.001353953 7.85018E-4 0.002141666 0.002023879 0.002045226 0.002154796 0.001427759 0.002132965 0.001693649 0.001629047 0.002152932 6.64878E-4 0.002114275 7.13394E-4 8.45845E-4 0.002205071 0.001958861 7.12128E-4 6.75017E-4 7.29951E-4 0.002040767 0.001930743 6.66709E-4 7.84564E-4 0.001748761 6.85186E-4 0.001714507 0.00209086 0.001338983 0.00158618 0.001708261 6.77841E-4 6.20959E-4 0.002097753 7.91799E-4 6.67089E-4 6.75371E-4 0.001408529 0.001802992 0.001381801 6.88229E-4 0.001454888 0.002426935 0.001373412 6.35927E-4 0.001321295 0.001940709 0.001405403 0.001398777 0.001454485 0.001805324 0.001449014 6.6864E-4 0.001511536 6.87498E-4 0.001671491 0.00186384 6.18044E-4 0.001910428 0.001487288 0.001509509 6.67654E-4 0.001791134 0.001854285 0.001978903 6.80358E-4 5.38251E-4 0.002004957 0.001868265 0.001502488 0.001832343 6.986E-4 0.00179647 0.001786578 0.001882988 0.001329171 7.93727E-4 6.48468E-4 0.001934116 6.83113E-4 6.07911E-4 0.001874587 0.001823452 6.5606E-4 0.001879596 0.00240136 0.001165255 6.21866E-4 0.001462878 5.33918E-4 6.27254E-4 5.98568E-4 0.001334102 0.001949409 0.00128586 0.001786312 0.001533999 0.001914363 4.66771E-4 0.001607193 0.001386695 6.10457E-4 0.001874088 0.001736836 0.001857325 0.001791066 0.001702433 0.001926866 0.002004368 0.001377821 0.001928724 7.48145E-4 0.002267862 6.47399E-4 7.13181E-4 0.00175445 0.001707764 7.80569E-4 6.50646E-4 6.30411E-4 0.001727382 0.001741051 6.87373E-4 6.69991E-4 0.001424959 0.001066611 0.001741781 0.001959958 0.001239941 0.001289481 0.001863496 6.45911E-4 6.41312E-4 0.001875084 6.98806E-4 6.57352E-4 6.59605E-4 0.001407647 0.001831308 0.001385551 6.79881E-4 0.001485793 0.002278233 0.001401285 5.90372E-4 0.001231415 0.001858119 0.001476969 0.001565013 0.00142631 0.001830008 0.001266671 6.40699E-4 0.001502044 6.60983E-4 0.001736195 0.001853332 6.03319E-4 0.002045721 0.001459564 0.001373906 6.93571E-4 0.00187509 0.001877403 0.001808633 7.06115E-4 5.22369E-4 0.001925681 0.001836405 0.00220909 0.001936388 6.48016E-4 0.001987004 0.002310069 0.002343164 0.001450446 7.00043E-4 7.08956E-4 0.001933967 6.86188E-4 6.3537E-4 0.001833032 0.00186007 6.37445E-4 0.001883401 0.002279045 0.001198179 6.63658E-4 0.001837918 6.20888E-4 5.88081E-4 6.17874E-4 0.001318539 0.001875437 0.001823329 0.001950884 0.00148447 0.002023508 5.21266E-4 0.001732828 0.001523081 7.1868E-4 0.001934073 0.001852094 0.001912851 0.001958261 0.001591807 0.001813234 0.001522335 0.001368112 0.001874513 7.91604E-4 0.002419587 6.71909E-4 7.21146E-4 0.001854488 0.00204247 8.9579E-4 6.69432E-4 6.28079E-4 0.001855119 0.001740653 6.91042E-4 6.84822E-4 0.001513581 9.15946E-4 0.001552983 0.001878216 0.001211961 0.001393636 0.002119287 6.27229E-4 6.18153E-4 0.001987117 0.001426927 7.28475E-4 7.19564E-4 0.00144815 0.001945206 0.001484822 6.88535E-4 0.00152846 0.002595411 0.001410619 6.44995E-4 0.001434215 0.0019603 0.001487539 0.001377782 0.001394588 0.001715067 0.001333309 7.02171E-4 0.001417882 6.55669E-4 0.001734457 0.001799265 5.6881E-4 0.00185405 0.001412873 0.001397742 6.89864E-4 0.00167797 0.001712671 0.001962659 8.89051E-4 6.12863E-4 0.002242504 0.002012087 0.00170465 0.0018375 6.70035E-4 0.0017446 0.001747912 0.001826768 0.001333432 6.76376E-4 6.47768E-4 0.001923093 6.84595E-4 6.40799E-4 0.001828595 0.001792723 6.4928E-4 0.001834801 0.002424778 0.001187641 6.07946E-4 0.001430849 5.60057E-4 6.22038E-4 5.77151E-4 0.001244488 0.001949321 0.001290267 0.001849713 0.001456082 0.001829455 4.63222E-4 0.001598486 0.001352386 6.88991E-4 0.001854728 0.001759553 0.001896898 0.001823198 0.001552129 0.001989294 0.001453323 0.001360337 0.001841775 7.82249E-4 0.002437696 6.42475E-4 6.47167E-4 0.001866845 0.001690861 8.57909E-4 6.72858E-4 6.17191E-4 0.001775839 0.001604949 6.79368E-4 6.16926E-4 0.001474772 8.61966E-4 0.001544312 0.001860217 0.001238091 0.001404902 0.001932795 5.56246E-4 5.95975E-4 0.001863286 6.33424E-4 6.61125E-4 6.54651E-4 0.001392738 0.001935921 0.001363538 6.67546E-4 0.001420124 0.002417236 0.001340585 6.39102E-4 0.00126937 0.001811266 0.001455982 0.00139624 0.001309581 0.00174828 0.001350692 6.72043E-4 0.001412321 6.7336E-4 0.00169343 0.001828645 6.35059E-4 0.001836986 0.001410056 0.001496928 6.84524E-4 0.001874257 0.001779447 0.001874822 6.76633E-4 5.529E-4 0.002045614 0.001821147 0.001403224 0.001917638 6.64629E-4 0.001835126 0.001785895 0.001749074 0.001302224 6.3237E-4 6.43114E-4 0.001886744 6.8263E-4 6.15115E-4 0.001830164 0.001683453 6.48741E-4 0.001894696 0.002317956 0.0011738 8.01509E-4 0.001752029 9.13646E-4 7.82364E-4 9.40514E-4 0.001997498 0.00189976 0.001216546 0.00233627 0.001547537 0.001938963 5.2408E-4 0.002750626 0.001664503 8.08693E-4 0.002211574 0.001799135 0.001795548 0.001887727 0.001652313 0.001815936 0.001421965 0.00139369 0.001883207 7.86026E-4 0.002479854 6.35226E-4 6.63087E-4 0.001802704 0.001633698 8.63209E-4 6.07568E-4 5.83358E-4 0.001749715 0.001652313 6.65526E-4 6.62726E-4 0.00145147 8.05553E-4 0.001542263 0.001832237 0.001366135 0.001526346 0.002427513 7.08535E-4 7.02763E-4 0.00190223 6.6714E-4 7.31468E-4 7.40428E-4 0.001437171 0.001873145 0.001403519 6.79435E-4 0.001488671 0.002363245 0.001358209 6.29278E-4 0.00124881 0.001767426 0.001449483 0.001451346 0.001344328 0.001810529 0.001407184 6.44857E-4 0.00150498 6.69395E-4 0.001619947 0.001708684 6.02221E-4 0.001878742 0.001413797 0.001446186 7.17758E-4 0.001728863 0.001759516 0.001945162 9.77513E-4 5.09371E-4 0.001807896 0.001765724 0.001467585 0.001898988 6.38812E-4 0.001797865 0.001713665 0.001797234 0.001383096 6.63537E-4 6.50403E-4 0.001849387 6.36719E-4 6.46402E-4 0.001878799 0.001769469 6.33064E-4 0.001783428 0.00236586 0.001186107 5.92135E-4 0.00144525 5.2709E-4 6.0077E-4 5.80821E-4 0.001264381 0.001891443 0.001269815 0.001868816 0.001464805 0.001779124 4.38652E-4 0.001530808 0.001410735 6.56066E-4 0.001781119 0.001706524 0.00184836 0.001813555 0.001513385 0.00174072 0.001405402 0.001360428 0.001748481 7.41446E-4 0.002383236 5.89512E-4 6.83983E-4 0.001717334 0.001745769 7.95913E-4 6.40119E-4 6.13469E-4 0.001708602 0.001638684 6.51917E-4 6.24389E-4 0.001471276 8.66628E-4 0.001429393 0.001817092 0.001215624 0.001251199 0.001931345 5.7094E-4 5.90933E-4 0.001926563 6.82291E-4 5.91452E-4 6.3793E-4 0.001387177 0.001824571 0.001422271 6.89194E-4 0.001400388 0.00236779 0.001357363 5.8814E-4 0.001299384 0.001810185 0.001404741 0.001405676 0.001376618 0.001679044 0.001249772 6.71779E-4 0.00137493 6.65044E-4 0.00198584 0.001928918 6.68842E-4 0.001671388 0.001352646 0.001480465 7.2952E-4 0.001757029 0.001794325 0.002011041 6.6824E-4 4.60817E-4 0.00185679 0.001758743 0.001445608 0.001706697 6.41066E-4 0.001701471 0.001814473 0.001711296 0.001332 6.36046E-4 6.32214E-4 0.001838331 6.53152E-4 6.5833E-4 0.001715109 0.001732146 6.09249E-4 0.001924629 0.002303153 0.001182561 6.05184E-4 0.001463043 5.00993E-4 6.03417E-4 6.79401E-4 0.001417103 0.001941038 0.001188119 0.001796707 0.001353168 0.00181694 4.76225E-4 0.001548223 0.001331389 6.46638E-4 0.001830625 0.001638315 0.001803391 0.001739058 0.001558918 0.001669555 0.001348345 0.00139355 0.00176483 7.20152E-4 0.002349855 9.32937E-4 8.66739E-4 0.003220913 0.002494396 9.04168E-4 7.65116E-4 7.04632E-4 0.001744626 0.001645218 6.13902E-4 5.96608E-4 0.001431836 7.92963E-4 0.001476083 0.001799462 0.001083043 0.001331764 0.001962038 5.43415E-4 5.54134E-4 0.001802357 6.50676E-4 6.2448E-4 6.26546E-4 0.001290645 0.001901969 0.001316263 6.52772E-4 0.001407505 0.002319946 0.001367123 6.1839E-4 0.001240201 0.001816352 0.001454984 0.001415647 0.001318612 0.001778474 0.001220501 6.56423E-4 0.001442396 6.84537E-4 0.001626329 0.00176218 5.91906E-4 0.001799454 0.001429535 0.001399118 6.81736E-4 0.001664448 0.001658564 0.001915725 6.49885E-4 4.90817E-4 0.001824623 0.001822304 0.001466577 0.001807776 6.8461E-4 0.001785554 0.001791042 0.001711548 0.001346468 6.62734E-4 6.02779E-4 0.00191055 6.53586E-4 6.10861E-4 0.001813826 0.001771437 6.38095E-4 0.001949145 0.002278371 0.001141705 5.81359E-4 0.00145039 4.92864E-4 5.91383E-4 5.71011E-4 0.001239885 0.001816058 0.001244633 0.001755367 0.001471385 0.001802225 4.69225E-4 0.001545119 0.00140036 6.54986E-4 0.001819633 0.001671406 0.00166321 0.001788176 0.001473049 0.001830193 0.001345948 0.00133233 0.001742161 6.80403E-4 0.002282475 6.33007E-4 6.02367E-4 0.001818725 0.001630853 7.78254E-4 6.12537E-4 8.18394E-4 0.002037213 0.002015513 7.71439E-4 7.63167E-4 0.001428926 8.40842E-4 0.001480066 0.001786489 0.001202108 0.001394407 0.001952255 5.797E-4 6.02536E-4 0.001842235 6.76335E-4 6.56563E-4 6.50242E-4 0.001338231 0.001992243 0.001390175 6.75514E-4 0.00143538 0.002250763 0.001400122 6.44822E-4 0.001299742 0.001856699 0.001478537 0.001458812 0.001385867 0.001689551 0.001376541 7.35636E-4 0.001430923 7.01184E-4 0.001654323 0.001954002 9.00739E-4 0.001827675 0.001398689 0.001423897 6.22795E-4 0.001741003 0.00171699 0.001913099 6.41325E-4 5.67549E-4 0.001905568 0.001857685 0.002305052 0.001835412 6.75238E-4 0.001765582 0.001786457 0.001900564 0.001353298 6.79301E-4 6.5926E-4 0.00193616 9.72616E-4 9.03736E-4 0.002508377 0.002262353 9.08215E-4 0.002660294 0.003302549 0.001276509 6.73106E-4 0.001453875 5.02496E-4 6.3738E-4 5.98834E-4 0.001380955 0.001902601 0.001304555 0.001821784 0.001523368 0.001884034 4.9457E-4 0.001573291 0.001479133 6.91818E-4 0.001781599 0.001689185 0.001798818 0.001814719 0.001634487 0.00176817 0.001430785 0.001371894 0.001844635 6.69335E-4 0.002285333 6.13495E-4 6.8923E-4 0.001819316 0.001696805 9.32813E-4 8.11987E-4 6.54692E-4 0.001691539 0.001732345 6.12487E-4 6.43861E-4 0.001471121 7.64775E-4 0.001375257 0.001793213 0.001225392 0.001356819 0.00191399 5.52235E-4 6.00095E-4 0.001755831 7.55217E-4 5.87723E-4 6.53937E-4 0.001324382 0.001738009 0.001374757 6.68556E-4 0.001418373 0.002374375 0.001326964 6.7523E-4 0.001261373 0.001792729 0.001383955 0.001370208 0.001384579 0.001781482 0.001329171 6.66089E-4 0.001462298 6.53791E-4 0.001637833 0.001676016 6.08574E-4 0.001731424 0.001442336 0.00145051 6.54307E-4 0.001820665 0.002072106 0.002205764 8.47825E-4 5.72028E-4 0.00227439 0.001856964 0.001498366 0.001806104 6.83044E-4 0.001908554 0.001737492 0.00185832 0.001506581 7.17281E-4 6.45409E-4 0.001903334 7.02882E-4 6.63617E-4 0.001840379 0.001796823 7.26397E-4 0.001972762 0.002558208 0.001101929 6.01582E-4 0.001488749 5.06767E-4 5.76815E-4 5.97981E-4 0.001326252 0.001906057 0.001299385 0.001820821 0.001500415 0.001868673 4.80374E-4 0.001642663 0.001431544 6.92791E-4 0.001809523 0.001789835 0.001727165 0.001796412 0.001579276 0.001771572 0.001350892 0.001375168 0.001806021 7.34542E-4 0.00238296 6.39305E-4 6.4695E-4 0.001803046 0.001784278 7.82333E-4 9.06252E-4 6.36824E-4 0.00173 0.001652411 6.40612E-4 5.93138E-4 0.001461637 8.34939E-4 0.001487563 0.002002475 0.001182996 0.001368951 0.001895755 5.43989E-4 5.84942E-4 0.00170725 6.99235E-4 6.28493E-4 6.21989E-4 0.001337749 0.001789489 0.001393583 6.61863E-4 0.00140586 0.002294068 0.001346309 6.02647E-4 0.001163915 0.001819907 0.001351993 0.00140895 0.001383506 0.001709756 0.001467198 6.68524E-4 0.001416225 7.08304E-4 0.001598353 0.001782645 6.20904E-4 0.001804122 0.001442034 0.001377669 6.62139E-4 0.001780912 0.001745693 0.001899523 6.79556E-4 4.82847E-4 0.001807999 0.001866502 0.00140333 0.001840688 6.70927E-4 0.001816773 0.001739925 0.001829952 0.001282294 6.14422E-4 6.326E-4 0.001859652 6.73149E-4 5.56565E-4 0.001840235 0.001713293 6.48393E-4 0.001936825 0.002188557 0.001187232 6.01943E-4 0.001422688 5.12126E-4 5.57039E-4 5.69116E-4 0.001309655 0.001890105 0.00126526 0.001875587 0.001401421 0.001765659 4.80642E-4 0.001637788 0.001458505 6.92558E-4 0.001760491 0.001743024 0.001665732 0.001772747 0.001645317 0.001692484 0.001376356 0.0013412 0.001780937 7.61942E-4 0.002282504 6.14009E-4 6.23656E-4 0.00193266 0.00177919 7.68744E-4 6.43036E-4 6.16027E-4 0.001741093 0.001689238 6.38753E-4 6.42432E-4 0.001432242 8.53928E-4 0.001441917 1.30619E-4 0.001164276 0.001362126 0.001939538 5.5823E-4 5.44327E-4 0.001707099 6.36702E-4 6.53683E-4 5.56223E-4 0.001366869 0.001778023 0.001242814 6.50539E-4 0.00143473 0.002217286 0.001325788 6.24523E-4 0.001264005 0.001869664 0.0014476 0.001309106 0.001244596 0.001748787 0.001287123 6.73232E-4 0.001463723 6.08475E-4 0.001584184 0.001764275 5.76634E-4 0.001754014 0.001461519 0.001453247 6.84152E-4 0.001640047 0.001659418 0.001866184 6.10209E-4 4.51361E-4 0.001725996 0.001800703 0.001305496 0.001676215 6.61708E-4 0.001677133 0.00161759 0.001719598 0.001346457 6.02428E-4 6.78829E-4 0.001960226 6.95344E-4 9.16442E-4 0.001794966 0.001741496 5.75867E-4 0.001866078 0.002119781 0.001204722 6.17855E-4 0.001324272 4.52996E-4 6.17145E-4 5.6738E-4 0.001289566 0.001933949 0.001164993 0.001853713 0.001357923 0.001718379 4.82181E-4 0.001600924 0.001292372 5.94948E-4 0.001855007 0.001735214 0.001645434 0.00179412 0.001539659 0.001676583 0.001474124 0.001334804 0.001820804 6.97887E-4 0.002188754 6.85932E-4 5.84641E-4 0.001656255 0.001821507 7.51004E-4 5.96434E-4 5.62034E-4 0.001680435 0.001565011 6.86088E-4 6.52737E-4 0.001453329 8.37175E-4 0.001474126 0.001860445 0.001221659 0.001352593 0.001950824 5.5432E-4 5.91885E-4 0.001861226 6.70456E-4 5.66104E-4 5.72493E-4 0.00139125 0.001650687 0.001402294 6.86701E-4 0.001293162 0.00234047 0.001239086 5.80635E-4 0.001149375 0.001786987 0.001453398 0.001315954 0.001240481 0.00162611 0.001381182 6.05862E-4 0.001347891 6.22353E-4 0.001636881 0.001654127 6.56576E-4 0.00166798 0.00147578 0.001320184 6.87524E-4 0.001709399 0.001844725 0.001735316 6.124E-4 4.49571E-4 0.001931882 0.001833781 0.001446288 0.001899551 6.75776E-4 0.001646069 0.001808948 0.001687691 0.001233916 5.84331E-4 5.68039E-4 0.001907156 6.6959E-4 6.06888E-4 0.001840794 0.001643411 6.64558E-4 0.00191835 0.002095256 0.001172195 6.00415E-4 0.00131398 5.01504E-4 5.94316E-4 5.76906E-4 0.001294043 0.001721484 0.001177821 0.001681306 0.001288834 0.001636099 4.81787E-4 0.001464841 0.001410583 5.983E-4 0.001686324 0.001702484 0.001829352 0.001794541 0.001373218 0.001823081 0.001293986 0.001311879 0.001677599 7.41656E-4 0.002141227 6.14075E-4 6.29431E-4 0.001813136 0.001603153 7.29045E-4 7.55361E-4 6.68797E-4 0.001618263 0.001539746 6.42414E-4 6.42176E-4 0.001485589 0.001018327 0.001690314 0.002232079 0.001460714 0.001502222 0.001802109 5.42958E-4 5.23076E-4 0.001844205 6.31481E-4 6.2656E-4 6.27398E-4 0.001365295 0.001717676 0.001260591 6.54807E-4 0.001484183 0.002398603 0.001240732 5.67516E-4 0.00116088 1.41892E-4 0.001354732 0.001401862 0.001238587 0.001633648 0.001217487 6.86224E-4 0.001342632 6.51937E-4 0.001628653 0.001802004 6.15277E-4 0.001734758 0.001311379 0.00142105 6.61077E-4 0.001772029 0.001740644 0.001746378 6.68481E-4 5.21495E-4 0.001781999 0.001814615 0.001437876 0.001788791 6.16857E-4 0.001665954 0.001683222 0.002494002 0.001655668 8.04011E-4 6.13023E-4 0.001873753 6.23427E-4 6.7261E-4 0.001780982 0.001790185 5.96707E-4 0.001781975 0.002233039 0.001086049 5.97252E-4 0.001888542 5.59875E-4 6.08089E-4 5.83564E-4 0.001296711 0.001875073 0.001153215 0.001831876 0.00143121 0.001686588 4.39109E-4 0.00157819 0.001321904 6.59017E-4 0.001771244 0.001823298 0.001662261 0.001764473 0.001618444 0.001747021 0.001303953 0.00132378 0.00171815 7.04193E-4 0.002325791 5.4956E-4 5.78257E-4 0.001617825 0.001630819 8.02597E-4 5.64915E-4 5.49982E-4 0.001636222 0.001616867 5.8187E-4 6.26573E-4 0.001425762 7.43322E-4 0.001503084 0.001816048 0.001162115 0.001318812 0.001938261 5.37167E-4 5.94789E-4 0.001794811 6.13339E-4 6.59697E-4 6.47697E-4 0.001353156 0.001877629 0.00137221 5.84102E-4 0.001434287 0.002322518 0.001317824 5.50115E-4 0.001250591 0.001809639 0.001369803 0.001415067 0.00134466 0.001608049 0.001214833 5.97575E-4 0.00134279 6.55992E-4 0.001635391 0.001704039 6.95238E-4 0.001721979 0.001490575 0.001411514 6.79411E-4 0.001673117 0.001699068 0.001935885 6.32828E-4 4.60527E-4 0.001909426 0.001824734 0.001418299 0.001713716 6.68371E-4 0.00182826 0.001797862 0.001733445 0.001378878 6.71158E-4 6.467E-4 0.002015261 6.81378E-4 6.26172E-4 0.001839167 0.001707046 6.11954E-4 0.001918284 0.002304495 0.001180859 6.68386E-4 0.001429782 5.24898E-4 5.92247E-4 5.8112E-4 0.00132417 0.00189559 0.001184226 0.00177484 0.001457263 0.00178732 4.8254E-4 0.001558503 0.001432566 6.56361E-4 0.001805229 0.001572879 0.001810216 0.002215388 0.001552581 0.001886376 0.001427916 0.001417017 0.001954047 6.91461E-4 0.002478969 6.655E-4 6.7827E-4 0.00187243 0.001838057 7.92405E-4 6.56538E-4 5.80814E-4 0.001737195 0.001711326 6.14002E-4 6.49186E-4 0.001493917 8.60496E-4 0.001496961 0.001753737 0.001201337 0.001362181 0.001917505 5.41414E-4 5.3252E-4 0.001795006 6.53033E-4 6.648E-4 6.34275E-4 0.00137894 0.00193386 0.001262907 6.63834E-4 0.001335618 0.002311382 0.001351178 6.54781E-4 0.00126548 0.001785807 0.001274291 0.001391963 0.001351516 0.001624484 0.001253815 6.83635E-4 0.001455785 6.06448E-4 0.001645527 0.001754317 6.0066E-4 0.001769603 0.001321482 0.00143156 6.72293E-4 0.00176663 0.00175686 0.001889995 6.73313E-4 4.72508E-4 0.001708922 0.001606329 0.001472759 0.001820701 6.48786E-4 0.001757964 0.001719542 0.001685727 0.00134442 6.84547E-4 6.42157E-4 0.001892704 6.727E-4 6.38437E-4 0.001850452 0.001828331 6.51103E-4 0.001745413 1.31283E-4 0.001227593 5.83487E-4 0.001335689 5.05369E-4 5.95144E-4 5.71557E-4 0.001298185 0.00186659 0.001238716 0.001781914 0.00147799 0.001864528 4.48116E-4 0.001630355 0.001387068 6.25896E-4 0.001826507 0.001586036 0.001680066 0.001845712 0.001575544 0.00171499 0.001410303 0.001372397 0.001689881 7.55013E-4 0.002191748 6.27142E-4 6.02216E-4 0.001817421 0.001643354 7.72511E-4 5.76271E-4 6.08689E-4 0.00171298 0.001595899 5.84355E-4 5.70002E-4 0.001598021 7.55997E-4 0.001479316 0.001775881 0.001165829 0.001353613 0.001911548 5.54281E-4 5.23424E-4 0.001834314 6.72384E-4 6.58244E-4 6.36385E-4 0.001391199 0.001839501 0.001379737 6.12559E-4 0.00142422 0.002374865 0.001343101 6.04536E-4 0.001294707 0.001818658 0.001454083 0.00152149 0.001327265 0.00165448 0.001214745 6.95598E-4 0.001287593 6.47029E-4 0.001603341 0.001668014 6.10719E-4 0.001909473 0.001383998 0.001411999 6.30151E-4 0.001697587 0.00178393 0.001938674 6.93912E-4 4.72692E-4 0.002023236 0.001763159 0.001455279 0.001638898 6.57887E-4 0.001814056 0.001743529 0.00173786 0.001232909 6.46492E-4 6.28496E-4 0.001855552 6.19724E-4 6.26256E-4 0.001667236 0.001803292 6.54595E-4 0.001863601 0.002270041 0.001087598 5.8247E-4 0.001414474 4.82198E-4 5.91552E-4 5.55967E-4 0.001249959 0.001704527 0.001234656 0.001783802 0.001473644 0.001629403 4.74394E-4 0.001509648 0.001363967 5.9192E-4 0.001907139 0.001674291 0.001670837 0.001759409 0.00141136 0.001596547 0.001290522 0.001332786 0.001648634 7.74245E-4 0.002281344 6.24456E-4 6.3623E-4 0.001798191 0.001755361 8.25848E-4 6.51646E-4 5.82449E-4 0.001707487 0.001650231 5.71786E-4 6.41249E-4 0.001425011 8.46064E-4 0.001426871 0.001804299 0.00102524 0.001283077 0.00176704 5.44879E-4 5.60607E-4 0.001784803 6.51458E-4 6.3138E-4 6.42025E-4 0.00132696 0.001659059 0.001252663 6.54305E-4 0.001293156 0.00232132 0.001169556 5.51353E-4 0.001156985 0.001814375 0.001295008 0.001428732 0.001274963 0.001585066 0.001303886 6.02466E-4 0.001435407 6.48596E-4 0.001618435 0.001766072 6.00912E-4 0.001799637 0.001432688 0.001369976 6.21162E-4 0.00177549 0.001669994 0.001869558 6.8221E-4 4.63703E-4 0.001878249 0.001625098 0.001294778 0.001610456 6.70551E-4 0.001800299 0.00180259 0.001809862 0.00129084 6.56162E-4 6.18454E-4 0.001905532 6.57809E-4 5.81516E-4 0.001809456 0.001764202 6.52238E-4 0.001885638 0.002160787 0.001167992 5.75142E-4 0.001392204 5.16608E-4 5.28225E-4 5.62047E-4 0.001178362 0.001863031 0.001206075 0.001682021 0.001430799 0.00178899 4.80583E-4 0.001585806 0.001288372 5.81465E-4 0.001616851 0.001695999 0.001727917 0.001754536 0.001540063 0.00175264 0.001270399 0.001345292 0.001839408 7.33344E-4 0.002316743 6.21741E-4 6.35163E-4 0.001787874 0.001732716 8.01949E-4 6.44024E-4 5.5396E-4 0.001655271 0.001540083 6.42042E-4 5.82791E-4 0.00143128 7.38551E-4 0.001422723 0.001791151 0.00105044 0.001210714 0.001743715 5.34525E-4 6.25274E-4 0.001851317 6.01346E-4 5.77153E-4 5.74919E-4 0.00134503 0.001765729 0.001223542 5.81183E-4 0.001297671 0.002317306 0.001358929 5.89523E-4 0.002003154 0.001799869 0.00140561 0.001377785 0.001307768 0.001761422 0.001209876 6.53314E-4 0.001304403 6.47664E-4 0.001682123 0.001765067 5.65089E-4 0.001786891 0.001401954 0.001451427 6.69298E-4 0.001646872 0.001674459 0.001826346 6.46775E-4 5.06361E-4 0.001705622 0.001736111 0.001424531 0.001739588 5.9125E-4 0.001782609 0.001800636 0.001593017 0.001241754 5.92675E-4 6.20396E-4 0.001881377 5.94411E-4 6.34426E-4 0.001795246 0.001659009 5.8223E-4 0.001914588 0.002133828 0.001236419 5.79385E-4 0.001449073 4.9613E-4 5.27551E-4 5.54468E-4 0.001145439 0.0016949 0.001136337 0.001811891 0.001280657 0.001690031 4.40746E-4 0.001648524 0.001339948 6.67011E-4 0.001768118 0.001686202 0.001801832 0.001749173 0.001458195 0.001773607 0.001415825 0.001305169 0.001817584 7.45468E-4 0.002273888 6.15347E-4 6.80842E-4 0.001746195 0.001762219 7.21498E-4 6.45655E-4 5.4958E-4 0.001528204 0.001656963 5.71115E-4 6.31904E-4 0.001442339 8.33793E-4 0.001472185 0.001767249 0.0011521 0.001328142 0.001875579 5.58297E-4 5.81408E-4 0.001744397 6.05124E-4 6.20244E-4 6.22259E-4 0.001317035 0.001806193 0.00126543 5.80175E-4 0.001406279 0.002299547 0.001371177 6.14379E-4 0.001260835 0.001808231 0.001418176 0.001409496 0.001332162 0.001760527 0.001227274 6.56485E-4 0.001451271 6.10793E-4 0.001659306 0.001788673 5.55333E-4 0.001841654 0.001408127 0.001400363 6.26196E-4 0.001752225 0.001670237 0.001721547 6.57772E-4 4.49524E-4 0.001854863 0.001621666 0.00145372 0.001749814 6.50081E-4 0.001789419 0.001754096 0.001676193 0.001333414 5.98735E-4 6.26981E-4 0.001878964 6.60416E-4 6.06987E-4 0.001812887 0.001545394 5.67399E-4 0.001739372 0.00224533 0.001163607 5.87131E-4 0.001341529 4.6249E-4 5.42273E-4 5.46382E-4 0.001264904 0.00185862 0.001252588 0.001771434 0.001306842 0.001742593 4.36727E-4 0.001568291 0.00141165 5.98426E-4 0.001833796 0.001641742 0.00176637 0.001737983 0.001553623 0.001774898 0.001375014 0.001283759 0.001670399 7.36752E-4 0.002193382 6.39409E-4 6.40453E-4 0.001732732 0.001753024 7.81671E-4 6.23005E-4 6.11142E-4 0.001717383 0.001629188 5.93862E-4 5.7089E-4 0.001429445 8.33797E-4 0.001366278 0.001788944 0.001110249 0.001314426 0.001729432 5.41782E-4 5.93363E-4 0.001841235 9.15173E-4 5.86415E-4 5.87575E-4 0.001348808 0.001814462 0.001347997 6.0009E-4 0.001373089 0.002299216 0.001231404 5.42258E-4 0.001147939 0.001792678 0.001423799 0.001292618 0.001354408 0.001756651 0.001205412 6.60216E-4 0.001289652 6.54478E-4 0.001656241 0.001740129 6.06211E-4 0.001797258 0.001458025 0.001291441 6.32789E-4 0.00192078 0.001809443 0.002147077 6.68195E-4 4.4557E-4 0.001827698 0.001739362 0.001272981 0.001750489 6.78206E-4 0.001758522 0.001614233 0.001673786 0.001223294 6.51995E-4 6.34047E-4 0.001865889 6.66839E-4 6.15884E-4 0.001815677 0.001649302 5.94213E-4 0.001731124 0.002117482 0.001145625 5.87953E-4 0.00133507 5.12743E-4 6.00945E-4 5.52853E-4 0.001270446 0.001699518 0.001234806 0.001843848 0.001336073 0.00162896 4.66462E-4 0.001560712 0.001394709 5.98447E-4 0.001841085 0.001511358 0.001626548 0.001717947 0.001572167 0.001610836 0.001393983 0.001360033 0.001652388 7.23946E-4 0.002324 6.12902E-4 6.29411E-4 0.001721317 0.001759176 7.26232E-4 6.36214E-4 6.10643E-4 0.00166116 0.001510567 5.76118E-4 6.46414E-4 0.001499669 8.53978E-4 0.00145466 0.001812456 0.001161768 0.00134541 0.001720522 5.39296E-4 6.10173E-4 0.001790605 6.66439E-4 6.4521E-4 6.30392E-4 0.001355621 0.001760926 0.001358766 5.62998E-4 0.001286573 0.002132297 0.001314608 6.26524E-4 0.001161387 0.001800216 0.00129022 0.001423326 0.001370818 0.001619313 0.001183737 6.58707E-4 0.001444977 6.58566E-4 0.001586267 0.001685563 5.52998E-4 0.001806013 0.001405006 0.001298007 6.0427E-4 0.001794841 0.001653777 0.001832149 6.63516E-4 4.98906E-4 0.001884509 0.002617465 0.001421682 0.001678258 6.44572E-4 0.001637901 0.001772283 0.001572936 0.001212904 6.60892E-4 5.65062E-4 0.001817152 6.52548E-4 6.25902E-4 0.001664707 0.001623171 5.94885E-4 0.001837197 0.00224732 0.00114747 6.05596E-4 0.001429181 5.11592E-4 5.4074E-4 5.63852E-4 0.001182175 0.001917594 0.00149913 0.001849324 0.001394026 0.001841439 4.75531E-4 0.001568421 0.001422588 6.21643E-4 0.001818694 0.00151521 0.001876684 0.001741882 0.001554851 0.001715109 0.00139684 0.001372768 0.00174823 7.1264E-4 0.00228184 6.34748E-4 6.39304E-4 0.001731702 0.001758454 7.93152E-4 6.31067E-4 5.44932E-4 0.001536721 0.001686285 6.33693E-4 6.18489E-4 0.001427352 7.68728E-4 0.001369694 0.001808476 0.001145769 0.001323476 0.001862868 5.57942E-4 5.73614E-4 0.00176901 6.52113E-4 5.68911E-4 6.22367E-4 0.001390948 0.001723606 0.001300064 6.12193E-4 0.0014064 0.002148681 0.001467869 6.69688E-4 0.001435315 0.002120354 0.001562421 0.001535176 0.001251651 0.001682125 0.001298313 6.50453E-4 0.001344788 6.64536E-4 0.001591374 0.001599261 5.55595E-4 0.001760105 0.001430318 0.001313852 6.74322E-4 0.001768069 0.001602867 0.001808986 6.58664E-4 4.93797E-4 0.001910993 0.001680086 0.001438401 0.001638158 6.39497E-4 0.001810858 0.001731614 0.001568438 0.001303142 6.51617E-4 6.26509E-4 0.001951511 6.60171E-4 6.28178E-4 0.001678727 0.001533641 6.39924E-4 0.001967359 0.00226526 0.001151629 5.78984E-4 0.001262853 5.07643E-4 5.85799E-4 5.78049E-4 0.001150143 0.001912416 0.001248511 0.001650156 0.001406085 0.001753854 4.34743E-4 0.001560157 0.001408257 6.86515E-4 0.001678841 0.001677249 0.00176418 0.001786611 0.001394976 0.001599736 0.001421878 0.001292501 0.001766138 7.50743E-4 0.002301745 5.49048E-4 6.39101E-4 0.00160556 0.001651841 7.34383E-4 5.65173E-4 5.44949E-4 0.001584851 0.001717603 6.50274E-4 5.68353E-4 0.001446311 8.03337E-4 0.001453865 0.001742347 0.001028447 0.002231116 0.001904628 5.48395E-4 5.24516E-4 0.001805239 6.59993E-4 6.19251E-4 5.77866E-4 0.001364324 0.001799785 0.001355626 6.60389E-4 0.001293667 0.002329652 0.001311679 6.12065E-4 0.001159561 0.001779161 0.00141465 0.001418623 0.001386513 0.001604098 0.001238642 6.74572E-4 0.00129398 6.3358E-4 0.001603913 0.001606507 5.52443E-4 0.001651302 0.002277246 0.001572801 6.8715E-4 0.001738051 0.001703994 0.001789984 6.68948E-4 4.98625E-4 0.001711003 0.001782341 0.001401715 0.00178162 6.65893E-4 0.001748716 0.001765144 0.001661462 0.001339086 5.78159E-4 6.26365E-4 0.001942604 6.11662E-4 5.63078E-4 0.001906932 0.001666805 6.47761E-4 0.001748159 0.002195954 0.001010389 5.79585E-4 0.001319483 4.60713E-4 5.89932E-4 5.58893E-4 0.001234422 0.001813214 0.001213423 0.001655002 0.001287045 0.001640474 4.72121E-4 0.001567099 0.00137487 5.94607E-4 0.001802293 0.001687414 0.001659138 0.001799844 0.001565766 0.001696249 0.001403622 0.00133373 0.001681712 7.49467E-4 0.002292577 6.07805E-4 5.63359E-4 0.001731105 0.001764801 8.04528E-4 6.08078E-4 6.11818E-4 0.001547022 0.001726023 6.51344E-4 5.71105E-4 0.001444619 7.482E-4 0.00132116 0.001815572 0.001171856 0.001339474 0.00189573 5.40719E-4 5.76632E-4 0.001812634 6.76778E-4 6.17222E-4 1.60385E-4 0.001280223 0.001797406 0.00130867 1.57862E-4 0.001414773 0.002298989 0.001293973 1.66075E-4 0.001195158 0.001715214 0.001350599 0.001354048 0.0012952 0.001692895 0.001294357 1.57913E-4 0.001422956 1.69766E-4 0.001587819 0.00162907 1.79927E-4 0.001782311 0.001263788 0.001212516 1.59729E-4 0.001719633 0.001620126 0.001829121 1.81509E-4 5.2179E-4 0.001889667 0.001707969 0.001296408 0.001684606 1.58178E-4 0.001700806 0.00213392 0.001683639 0.001277628 1.70109E-4 1.74949E-4 0.001838651 1.60132E-4 1.58678E-4 0.001783503 0.002033892 2.14154E-4 0.001697295 0.002237025 0.001040741 1.72787E-4 0.001254941 5.11887E-4 2.07112E-4 1.64985E-4 0.001150439 0.001675558 0.001099173 0.001723571 0.001383492 0.001725389 4.70104E-4 0.001527763 0.001225153 1.6526E-4 0.001574677 0.001568418 0.001804112 0.001737004 0.001551122 0.001712156 0.001271971 0.001278178 0.001674503 1.79748E-4 0.002334987 1.66772E-4 1.63096E-4 0.001610421 0.001637292 1.6075E-4 6.01557E-4 1.55702E-4 0.001566133 0.001648834 6.43585E-4 1.62773E-4 0.001397873 8.24381E-4 0.001291209 0.001720856 0.001183628 0.001432724 0.001737799 1.68828E-4 1.75652E-4 0.001653662 5.88781E-4 6.37674E-4 5.59958E-4 0.001338637 0.001789851 0.001342448 6.45216E-4 0.001228765 0.002279833 0.001214308 5.37811E-4 0.001155669 0.001794425 0.001346372 0.001284339 0.001209082 0.00174688 0.001323015 6.17251E-4 0.001484452 6.47336E-4 0.001805425 0.001653139 6.1243E-4 0.001782662 0.001512433 0.001413456 6.6856E-4 0.001619702 0.001765352 0.001821388 6.52801E-4 4.88451E-4 0.001909384 0.0017703 0.001415545 0.001787885 6.28927E-4 0.001755037 0.001634926 0.00167613 0.001326365 5.84982E-4 6.20579E-4 0.00190847 6.09497E-4 5.71726E-4 0.001807394 0.001558901 5.85272E-4 0.001855853 0.002280277 0.001115549 5.97801E-4 0.001454488 4.64173E-4 5.96087E-4 5.66347E-4 0.001148558 0.001707929 0.001253892 0.001838168 0.001398858 0.00163213 4.58769E-4 0.001444047 0.00127722 5.69605E-4 0.001753257 0.00164046 0.001773444 0.001765608 0.001555587 0.001761829 0.001250759 0.001351682 0.001759952 7.47775E-4 0.002116644 6.31724E-4 6.61843E-4 0.001723883 0.001614168 7.88634E-4 6.27854E-4 5.47792E-4 0.001539791 0.001478062 6.38822E-4 6.41171E-4 0.00143702 0.001856675 0.002486284 0.002344623 0.001414303 0.001273807 0.001883291 5.93044E-4 6.02637E-4 0.001702113 6.17141E-4 6.42124E-4 6.72535E-4 0.001391713 0.001706655 0.001331696 6.52925E-4 0.001425487 0.002235457 0.001392623 6.0962E-4 0.001257461 0.001811383 0.001450258 0.001368428 0.001315319 0.001707254 0.001374941 6.78822E-4 0.001367784 6.58943E-4 0.001742934 0.001844017 6.51657E-4 0.00183011 0.001359264 0.001376892 6.31713E-4 0.001860533 0.001917033 0.002196065 7.63748E-4 5.22496E-4 0.001929729 0.001678226 0.001441511 0.001831737 6.76518E-4 0.001691103 0.001733876 0.001607592 0.001435717 7.18024E-4 6.57219E-4 0.001869521 6.15823E-4 5.8949E-4 0.001827562 0.001693772 6.99656E-4 0.001974041 0.002205846 0.001171255 6.17304E-4 0.001316007 5.92595E-4 5.99378E-4 6.06345E-4 0.001317657 0.001878327 0.001301739 0.001805677 0.001557886 0.001744123 5.0885E-4 0.001598242 0.001419208 6.04688E-4 0.001744059 0.002316474 0.00168755 0.00182904 0.00148602 0.00174378 0.001322687 0.001427446 0.001824183 6.98542E-4 0.002181777 6.73911E-4 6.51919E-4 0.001705783 0.001692055 7.52163E-4 5.70695E-4 6.72336E-4 0.001649294 0.001528672 5.84296E-4 9.84564E-4 0.002009599 0.001165076 0.00208139 0.002535004 0.001626519 0.001945465 0.002513898 7.8788E-4 8.35494E-4 0.002230331 7.40582E-4 7.9565E-4 7.12178E-4 0.001444293 0.001897384 0.001409401 6.59039E-4 0.001389959 0.002275557 0.00133402 6.56138E-4 0.001192747 0.001828891 0.001307238 0.001473955 0.001365831 0.002064321 0.001365335 6.76484E-4 0.001519601 6.12068E-4 0.001616009 0.001771772 6.46794E-4 0.001842551 0.001342516 0.001454429 6.74613E-4 0.001804554 0.001601945 0.001900394 6.95739E-4 5.1421E-4 0.001962997 0.001714021 0.001442394 0.001769776 6.05635E-4 0.00175816 0.001746284 0.001602982 0.001303129 6.07181E-4 5.72533E-4 0.001963777 6.68895E-4 7.3667E-4 0.001809252 0.001699191 6.47372E-4 0.001880603 0.002295506 0.001160269 5.96537E-4 0.001328653 5.45342E-4 5.9815E-4 5.59546E-4 0.00125101 0.001850876 0.001256027 0.001685419 0.00149647 0.001754324 4.7855E-4 0.001553941 0.001262076 5.87404E-4 0.001806779 0.001631577 0.001870096 0.00185106 0.001470372 0.001840706 0.001458251 0.00136281 0.001809946 7.62387E-4 0.002329698 6.38394E-4 5.99762E-4 0.001769342 0.001734434 7.77781E-4 6.32995E-4 6.25003E-4 0.001674103 0.001677422 7.86662E-4 6.57465E-4 0.001420899 8.35062E-4 0.001457159 0.002314472 0.001161366 0.001349704 0.001895227 5.75592E-4 5.9175E-4 0.001891511 6.2148E-4 6.49856E-4 6.32837E-4 0.001356653 0.001876009 0.001358669 6.68971E-4 0.001449651 0.002374023 0.001388966 5.68255E-4 0.001184344 0.001863971 0.001536955 0.001433422 0.001377111 0.001763561 0.001223047 6.66968E-4 0.001337863 5.89208E-4 0.001621443 0.001762048 6.52145E-4 0.001796758 0.001427653 0.001357176 6.31634E-4 0.001767258 0.001736294 0.001927779 7.31337E-4 5.1232E-4 0.001898275 0.001654702 0.001345989 0.001822693 6.09543E-4 0.001830996 0.0017921 0.001594208 0.001237708 5.88698E-4 5.62354E-4 0.001892756 6.54533E-4 6.32506E-4 0.001821177 0.001645021 5.73824E-4 0.001928441 0.00211651 0.001134208 5.89489E-4 0.001458065 4.80683E-4 5.58551E-4 6.3924E-4 0.001331307 0.001811791 0.001253388 0.001765077 0.001470243 0.001710378 6.32008E-4 0.001927976 0.00168018 7.92791E-4 0.002107427 0.00179065 0.002066311 0.001786473 0.001462161 0.00175687 0.001314967 0.001351626 0.001726004 7.37378E-4 0.002266651 6.0356E-4 6.70022E-4 0.001749049 0.001764026 7.52768E-4 6.60299E-4 6.15432E-4 0.001711953 0.001696485 5.93096E-4 5.84701E-4 0.00139974 8.44304E-4 0.001497618 0.001780578 0.00118279 0.00122827 0.001870238 5.7869E-4 5.4143E-4 0.001871931 6.15517E-4 6.37382E-4 6.28335E-4 0.001343932 0.001706181 0.001357156 6.24499E-4 0.001328895 0.002246321 0.001361262 6.07109E-4 0.001324967 0.001831979 0.001328894 0.001534118 0.001363145 0.001793129 0.001356997 6.76419E-4 0.001476736 6.65078E-4 0.001636042 0.001818633 5.74482E-4 0.001709559 0.001420732 0.001472828 6.75707E-4 0.001788649 0.001626741 0.00190256 6.83365E-4 4.62862E-4 0.001653882 0.001729975 0.001574098 0.001671164 6.57766E-4 0.001726969 0.001745879 0.001666096 0.001379463 6.64885E-4 6.28111E-4 0.001871996 6.73837E-4 5.8844E-4 0.00166754 0.001649978 6.51611E-4 0.001769913 0.002132355 0.001148253 6.48533E-4 0.001273027 4.72645E-4 5.90623E-4 5.61871E-4 0.001259453 0.001639611 0.001286978 0.001842865 0.001428532 0.001754625 4.79393E-4 0.001602233 0.00143214 6.41071E-4 0.001908101 0.001706901 0.001794506 0.001793839 0.001405084 0.001800847 0.001334755 0.001377555 0.001846841 7.64304E-4 0.002264596 6.22508E-4 5.72467E-4 0.00159251 0.00160451 7.20686E-4 6.31657E-4 5.47452E-4 0.001690113 0.00169952 6.29819E-4 6.63642E-4 0.001465323 7.71209E-4 0.001379162 0.001808634 0.001134033 0.001368284 0.001962891 5.48702E-4 5.40155E-4 0.001746602 6.73978E-4 6.32541E-4 6.26461E-4 0.001412627 0.001705131 0.001257564 5.94584E-4 0.001451135 0.00221002 0.001246703 6.30498E-4 0.001146429 0.001806541 0.001329257 0.001417369 0.001239228 0.001869615 0.001225015 6.4719E-4 0.00144146 5.9612E-4 0.001638874 0.001779201 7.63172E-4 0.001805165 0.001403253 0.001385602 6.73813E-4 0.00167848 0.001691671 0.001797436 6.57224E-4 4.62052E-4 0.001855424 0.001774151 0.001441689 0.002046569 6.96335E-4 0.001787348 0.001903082 0.00173513 0.001346392 6.64962E-4 6.312E-4 0.001882929 6.07798E-4 5.89471E-4 0.001861554 0.00166101 6.65251E-4 0.00178851 0.00215006 0.00115577 5.87901E-4 0.001427317 4.79765E-4 5.91567E-4 5.79661E-4 0.001164243 0.001859146 0.001151718 0.001678883 0.00147282 0.001690041 4.81546E-4 0.001555105 0.001338754 5.90334E-4 0.001875767 0.001713842 0.001731044 0.001778618 0.00187486 0.00217523 0.001722359 0.001623364 0.001943087 9.1115E-4 0.002127998 6.22118E-4 6.12784E-4 0.00159675 0.001784606 8.00333E-4 5.83825E-4 5.91485E-4 0.001564309 0.001587278 6.95894E-4 6.48058E-4 0.001486376 8.28487E-4 0.001402296 0.00180672 0.00116836 0.001366081 0.00174613 5.74955E-4 6.24833E-4 0.001859603 6.33122E-4 6.0683E-4 5.74288E-4 0.001356855 0.001748201 0.001272578 6.0087E-4 0.001331546 0.002405978 0.0013453 6.05216E-4 0.001324406 0.001848669 0.001358876 0.001302801 0.001340475 0.001608163 0.001213344 6.64216E-4 0.001352153 6.67757E-4 0.001626231 0.001762312 5.75931E-4 0.001820123 0.001423613 0.001610147 6.92688E-4 0.001790373 0.001694217 0.001855549 7.15809E-4 5.04553E-4 0.001862368 0.001747475 0.001256529 0.001716319 6.7597E-4 0.001801639 0.001686866 0.00161225 0.001347007 6.68085E-4 6.09353E-4 0.001884056 6.81424E-4 6.38205E-4 0.001844263 0.001559597 6.15547E-4 0.001940561 0.002257781 0.001162787 6.30689E-4 0.001340341 5.0591E-4 6.01826E-4 5.5571E-4 0.001264381 0.001853653 0.001255354 0.001838527 0.001467668 0.001781638 4.59298E-4 0.001525333 0.001407745 5.80705E-4 0.001699523 0.001672103 0.001630293 0.001764961 0.001565141 0.001614173 0.001416502 0.001317248 0.001681573 7.49912E-4 0.002334911 6.04571E-4 6.00903E-4 0.001688882 0.001718678 7.84751E-4 6.21617E-4 5.47985E-4 0.001714314 0.001544897 6.49873E-4 6.57831E-4 0.001455159 7.81691E-4 0.001451325 0.001770677 0.001044102 0.001300927 0.001882541 5.39075E-4 5.73662E-4 0.001716072 6.10213E-4 8.047E-4 5.62306E-4 0.001394284 0.001824277 0.001302932 6.23724E-4 0.001320706 0.002285962 0.001360346 5.98313E-4 0.001143957 0.001811636 0.001373436 0.00128754 0.001316432 0.0015792 0.001268231 6.02969E-4 0.001365965 6.48369E-4 0.001921223 0.001815103 5.61453E-4 0.001727982 0.001335454 0.001356447 6.95687E-4 0.001742954 0.001588534 0.001691337 6.83426E-4 4.96681E-4 0.001921457 0.001851669 0.001501946 0.001800311 6.74643E-4 0.001778968 0.001794051 0.001587283 0.001443466 6.45302E-4 7.00135E-4 0.001938049 6.65104E-4 6.18846E-4 0.001660751 0.001958581 6.325E-4 0.001921948 0.002299591 0.001074846 5.5866E-4 0.001317071 4.64317E-4 5.87099E-4 5.51181E-4 0.00131063 0.001708316 0.001135124 0.001868784 0.001300044 0.001811359 5.80369E-4 0.001592758 0.001298557 5.77821E-4 0.001891877 0.001637635 0.001643755 0.001762397 0.001635467 0.00177031 0.001446931 0.001346152 0.001737365 6.65675E-4 0.00234317 8.77074E-4 6.24824E-4 0.0017671 0.001825988 0.001023778 0.001337716 8.48414E-4 0.002481051 0.002285802 0.001002919 6.81132E-4 0.001443969 8.57704E-4 0.001427453 0.001806613 0.00108059 0.001261548 0.001861354 5.87096E-4 6.00475E-4 0.001924201 6.45354E-4 6.81857E-4 6.5458E-4 0.001354488 0.001618238 0.001367213 6.41489E-4 0.001425082 0.002338992 0.001407214 6.13116E-4 0.001312798 0.001845405 0.001437473 0.001275594 0.001227935 0.001702035 0.00127165 6.65172E-4 0.001424708 6.82928E-4 0.001681151 0.001644997 6.20528E-4 0.001735276 0.001355358 0.001486311 6.79426E-4 0.001561394 0.001664659 0.001903469 6.257E-4 5.12182E-4 0.001794168 0.001916856 0.001384649 0.00182916 6.80828E-4 0.00191188 0.00181276 0.001718821 0.001277702 6.1275E-4 6.5183E-4 0.001871096 6.00083E-4 6.28018E-4 0.00175824 0.002539321 6.36964E-4 0.001763114 0.00222943 0.001112781 5.78289E-4 0.00143814 5.03216E-4 5.94535E-4 5.66513E-4 0.001178452 0.001830473 0.001298503 0.001904926 0.001279834 0.001833815 6.15827E-4 0.001607607 0.001485832 6.49715E-4 0.00175838 0.001718312 0.001850123 0.001844537 0.001533192 0.001742919 0.001237023 0.001396714 0.001713843 7.09485E-4 0.00262746 0.001037147 6.01001E-4 0.001680966 0.001664641 7.77185E-4 8.60051E-4 5.9025E-4 0.001565901 0.001596588 8.64533E-4 6.73014E-4 0.001426315 8.35583E-4 0.001400854 0.001838519 0.001161903 0.001227623 0.001923174 5.62205E-4 5.59259E-4 0.001735948 6.32941E-4 7.39729E-4 5.65899E-4 0.001343181 0.001783189 0.0013535 6.15141E-4 0.001361906 0.002345005 0.001346571 5.57974E-4 0.001298674 0.001788483 0.001414612 0.001400895 0.001320868 0.001708084 0.001383798 6.53882E-4 0.001357232 6.19204E-4 0.001709216 0.001841576 6.22285E-4 0.00190504 0.001356706 0.001502235 6.52308E-4 0.001810094 0.001691308 0.001840288 6.84312E-4 5.1819E-4 0.001796297 0.00175304 0.00142342 0.001841398 6.76374E-4 0.001777439 0.00166853 0.001729515 0.001381291 6.44185E-4 5.8013E-4 0.001949538 6.85507E-4 6.24551E-4 0.001871856 0.002424657 6.36439E-4 0.00190608 0.002086864 0.001178716 5.91161E-4 0.001422416 4.96922E-4 5.83611E-4 5.54736E-4 0.001209718 0.001827849 0.001189838 0.001732976 0.001456197 0.001825947 6.96368E-4 0.001577302 0.001322346 5.59447E-4 0.001869455 0.001677088 0.001663583 0.001829872 0.001595816 0.001725794 0.001455555 0.001334832 0.00172172 7.4752E-4 0.002370466 8.89585E-4 6.11201E-4 0.001600473 0.001734576 7.90635E-4 9.93574E-4 6.16663E-4 0.001563517 0.001752924 7.02658E-4 6.53298E-4 0.00139936 8.22659E-4 0.001556702 0.001801849 0.001179729 0.001375533 0.001918376 6.96804E-4 5.48879E-4 0.001810952 6.38363E-4 8.71359E-4 5.69667E-4 0.001322163 0.001755428 0.001266953 6.09109E-4 0.001276081 0.00241166 0.001386583 5.87379E-4 0.001241928 0.001704217 0.001396567 0.001477132 0.001276228 0.001736627 0.001187347 5.89514E-4 0.001509407 6.68149E-4 0.002066163 0.002197007 6.49866E-4 0.001998744 0.001707379 0.001493883 6.21007E-4 0.001666199 0.001726419 0.00167069 6.64277E-4 4.48745E-4 0.001831694 0.001920267 0.001532757 0.001838167 6.7322E-4 0.001826438 0.001684335 0.001671732 0.001270236 7.00855E-4 6.30478E-4 0.002035027 5.79418E-4 6.0933E-4 0.001775594 0.002296807 6.43678E-4 0.001979615 0.002315598 0.00103874 6.25979E-4 0.001438535 5.2575E-4 5.40378E-4 5.81405E-4 0.001349988 0.001677338 0.001149347 0.001884431 0.001473696 0.001774355 7.48469E-4 0.001648856 0.001302615 6.557E-4 0.001855171 0.001717593 0.001769186 0.001817064 0.001550439 0.001778429 0.001452697 0.001399738 0.001692889 6.6177E-4 0.002175539 7.63509E-4 5.76766E-4 0.001699045 0.001674882 7.85293E-4 7.5114E-4 6.07696E-4 0.001746689 0.00180273 8.79231E-4 6.17357E-4 0.001430314 7.88667E-4 0.001326618 0.001780375 0.001223282 0.001350945 0.001882155 5.49451E-4 5.61183E-4 0.001886753 6.38685E-4 0.001006241 6.41775E-4 0.001370369 0.001818587 0.001287858 6.22094E-4 0.001352078 0.002353839 0.001334883 5.74987E-4 0.001288535 0.00193361 0.00140717 0.001315125 0.001248083 0.001887929 0.001285952 6.74069E-4 0.00132217 6.18577E-4 0.001726617 0.001844773 6.08008E-4 0.001743739 0.001354967 0.00145329 6.75795E-4 0.001795842 0.001663338 0.00189891 7.23823E-4 4.63858E-4 0.001740815 0.001787057 0.001367823 0.001772869 6.50618E-4 0.001684251 0.001692553 0.001627906 0.001386572 6.62051E-4 5.49857E-4 0.001810765 5.88797E-4 5.67619E-4 0.00179042 0.001985458 6.68675E-4 0.001859669 0.002164286 0.001006508 5.89287E-4 0.001317447 5.22072E-4 5.92877E-4 5.50619E-4 0.001236018 0.001891708 0.001296653 0.001665448 0.001423622 0.001694669 6.84553E-4 0.001495788 0.001286635 5.99963E-4 0.001927412 0.001602949 0.001642698 0.001828492 0.001586182 0.001627612 0.00142062 0.001387306 0.002441157 7.42402E-4 0.002229708 8.97785E-4 6.57171E-4 0.001731842 0.00181473 8.00709E-4 9.14976E-4 5.59624E-4 0.001773027 0.001593114 9.13597E-4 6.69294E-4 0.001463285 8.24283E-4 0.001339014 0.001888281 0.00109963 0.001415794 0.001814583 5.58583E-4 5.75615E-4 0.001819226 6.48625E-4 8.23275E-4 5.60937E-4 0.001298019 0.001693862 0.001378331 5.55226E-4 0.001356428 0.00215317 0.001344594 5.94706E-4 0.00118704 0.001837726 0.001281289 0.001434633 0.001352774 0.001773262 0.001246632 6.72415E-4 0.001401506 6.37926E-4 0.001649698 0.001841094 6.06213E-4 0.001930684 0.00153576 0.00143876 6.90585E-4 0.001743171 0.001689465 0.002572286 6.71876E-4 4.61138E-4 0.001897133 0.001726963 0.001346417 0.001703326 6.89531E-4 0.001824069 0.001872689 0.001589986 0.001362935 6.64904E-4 6.21803E-4 0.001904674 7.27604E-4 6.21721E-4 0.001749436 0.002124356 5.62853E-4 0.001863373 0.002210163 0.001010058 6.22213E-4 0.001260108 4.43304E-4 5.30273E-4 5.45841E-4 0.00111784 0.001683594 0.001166884 0.001846793 0.001335511 0.00178906 5.82516E-4 0.001466546 0.001420591 6.08179E-4 0.001854977 0.001676975 0.001765359 0.001860581 0.001601061 0.001615482 0.001372515 0.001305075 0.001841938 7.25725E-4 0.002190047 7.21428E-4 6.50425E-4 0.001594299 0.001804862 7.90588E-4 7.2874E-4 6.20726E-4 0.001754489 0.001719211 0.001016802 6.06712E-4 0.001505693 9.0847E-4 0.001707387 0.002209997 0.001404961 0.00132272 0.001935694 5.55838E-4 5.81002E-4 0.001850062 6.74965E-4 9.31359E-4 6.46287E-4 0.001382542 0.001764553 0.00141762 6.09124E-4 0.001452023 0.002391137 0.001263114 6.11909E-4 0.001266293 0.001795917 0.001236559 0.001346175 0.001391255 0.001666825 0.001221851 7.04126E-4 0.001450135 6.26112E-4 0.00168072 0.00176247 6.75978E-4 0.001671371 0.001492914 0.001378583 6.88608E-4 0.00166597 0.001702672 0.001847404 6.41473E-4 5.05088E-4 0.001955243 0.001803048 0.001492209 0.001629719 6.33183E-4 0.001776896 0.001884559 0.001753952 0.001370463 6.59727E-4 6.36197E-4 0.001834356 6.68193E-4 6.34331E-4 0.001838953 0.002315617 6.80713E-4 0.001889547 0.002170609 0.001173491 5.91384E-4 0.001430079 5.51615E-4 5.79159E-4 5.7604E-4 0.001197901 0.001724094 0.001307679 0.001964517 0.001341834 0.001856486 7.79378E-4 0.001618477 0.001329415 6.08163E-4 0.001820545 0.001749033 0.001791472 0.001838569 0.001658291 0.001823846 0.001511092 0.001398407 0.001879679 7.30462E-4 0.002406952 7.6223E-4 6.58774E-4 0.001744758 0.001793317 7.73193E-4 9.20345E-4 6.45183E-4 0.001709915 0.001732496 7.62449E-4 5.96691E-4 0.00142191 7.74023E-4 0.001435168 0.001796529 0.001104056 0.001199407 0.001869831 5.42657E-4 5.48344E-4 0.001744161 6.09172E-4 9.9525E-4 6.19828E-4 0.00133901 0.00177934 0.001233412 6.31151E-4 0.001276722 0.00285607 0.001325902 6.00832E-4 0.001200224 0.001768638 0.001446014 0.001306391 0.001350372 0.001841756 0.001373464 6.94707E-4 0.001404437 6.94874E-4 0.001741271 0.002031143 6.24075E-4 0.00199135 0.001513923 0.00159189 8.09183E-4 0.001825282 0.001912046 0.00198945 7.39607E-4 4.71639E-4 0.001793824 0.00177047 0.001360544 0.001686851 6.84592E-4 0.001710594 0.001881372 0.001600747 0.001425383 6.70985E-4 6.19021E-4 0.001988894 6.29526E-4 6.37646E-4 0.001765974 0.002212329 6.71186E-4 0.001756547 0.002329949 0.001230823 6.42853E-4 0.001454556 5.13072E-4 5.98664E-4 5.72875E-4 0.001189882 0.001747472 0.001197792 0.001819916 0.001305997 0.001851197 7.7573E-4 0.001499363 0.001394771 6.18217E-4 0.001779136 0.001644679 0.001978075 0.001845297 0.001456268 0.001854214 0.001342341 0.001405173 0.001856879 7.73133E-4 0.002197808 9.85524E-4 6.799E-4 0.001751104 0.001740813 8.04551E-4 7.90959E-4 6.12662E-4 0.002070318 0.001979669 0.001452591 0.001183053 0.001556927 7.79157E-4 0.002098171 0.002577662 0.001228629 0.001460199 0.001937594 6.41064E-4 6.14327E-4 0.001956334 6.32686E-4 0.001157218 7.67985E-4 0.001642365 0.002067787 0.00155481 6.88912E-4 0.001541751 0.002662699 0.001695316 7.3295E-4 0.001737983 0.002360492 0.001679886 0.002026872 0.001822586 0.002493482 0.001834791 9.66726E-4 0.001718367 8.01232E-4 0.001951058 0.002117215 7.9584E-4 0.002342568 0.00186437 0.002950394 0.001572959 0.002668694 0.002336589 0.002273214 9.68848E-4 8.08464E-4 0.00225915 0.00264198 0.002217342 0.001984116 7.87898E-4 0.002276827 0.002216384 0.002262059 0.001625362 7.02182E-4 6.51024E-4 0.002127686 7.70782E-4 8.44565E-4 0.002205534 0.002709449 8.69077E-4 0.002141649 0.002050081 0.001553669 7.70246E-4 0.001914963 7.2157E-4 0.001118006 0.00100648 0.002021786 0.003661644 0.001866509 0.002145201 0.001658452 0.002095931 0.001004459 0.002067749 0.001543411 7.65823E-4 0.00197753 0.001999103 0.002202578 0.002311002 0.001453575 0.0023143 0.001879697 0.001611646 0.001973837 7.80129E-4 0.002596813 9.29816E-4 7.40928E-4 0.002136925 0.002286892 8.1797E-4 0.001032073 7.55611E-4 0.001911074 0.002165353 8.62009E-4 7.34307E-4 0.001600716 8.01274E-4 0.001769771 0.00231678 0.00160399 0.001557573 0.002140942 0.001147818 6.62733E-4 0.002828246 0.001770635 0.001505332 8.46757E-4 0.001814276 0.002401179 0.001813138 7.84108E-4 0.00164966 0.002784028 0.001563602 9.0096E-4 0.001597377 0.002205408 0.001407217 0.001626784 0.001554179 0.002397796 0.001748616 7.21075E-4 0.002277655 7.90014E-4 0.001766316 0.001975711 6.36385E-4 0.002361692 0.002098482 0.001653651 0.00119989 0.001895854 0.002428074 0.002055717 0.001085341 0.001549926 0.003335525 0.002216341 0.002544337 0.002443367 7.98121E-4 0.002747196 0.002535859 0.001945191 0.001820598 0.001056369 8.25363E-4 0.002164638 0.00104823 7.74782E-4 0.00280554 0.002125393 8.47225E-4 0.001953996 0.002276179 0.001452565 7.71587E-4 0.001492272 6.32891E-4 8.02411E-4 9.53725E-4 0.002108978 0.001769636 0.001725787 0.002548371 0.001801841 0.002268823 7.51925E-4 0.002615335 0.00185405 7.27994E-4 0.002341039 0.001843576 0.002609601 0.002438942 0.001567835 0.002963948 0.002481195 0.001797287 0.002456743 0.001039533 0.003188271 8.8849E-4 9.46171E-4 0.002849684 0.002063457 8.81395E-4 0.001031842 6.47769E-4 0.001819337 0.001807295 0.001001638 7.86099E-4 0.00182423 0.001072435 0.002168572 0.002643438 0.001436974 0.002017301 0.00248181 8.55589E-4 6.70863E-4 0.002178555 0.001288867 0.001048234 0.00102786 0.001789536 0.002582573 0.001827726 0.001253719 0.001711671 0.002318575 0.001754693 0.001011142 0.001708514 0.002306842 0.001724138 0.001605549 0.001606459 0.003607671 0.00282851 9.27375E-4 0.00187808 0.001299088 0.002575736 0.002030232 0.001059162 0.002268729 0.001767364 0.001975947 0.001142643 0.002014942 0.001805259 0.002429362 0.001149082 8.83377E-4 0.002551981 0.002261497 0.002046593 0.002376435 7.51511E-4 0.00280217 0.002666227 0.001898275 0.00151234 8.74847E-4 6.57993E-4 0.002456183 7.86276E-4 8.59768E-4 0.001993797 0.002415488 9.16882E-4 0.001995584 0.002448671 0.001539789 8.16076E-4 0.00234548 8.63888E-4 8.84413E-4 6.62588E-4 0.00155374 0.002557607 0.001632959 0.001958006 0.0014827 0.002156836 7.31219E-4 0.002231005 0.001619698 9.42731E-4 0.00199355 0.001894232 0.002832309 0.00264897 0.002139488 0.002121624 0.00146132 0.001484781 0.002403667 7.24614E-4 0.002757325 8.96636E-4 8.3377E-4 0.002541526 0.002246075 7.75804E-4 8.93099E-4 7.18508E-4 0.001960879 0.002247073 0.001094881 7.22638E-4 0.00155969 0.001272528 0.00157706 0.002518879 0.001451425 0.001881375 0.00256509 6.2089E-4 7.16242E-4 0.002385715 8.95877E-4 0.00110591 7.7519E-4 0.001834536 0.001941255 0.001762358 7.29315E-4 0.001739159 0.002594872 0.001619701 8.20693E-4 0.001719659 0.002500215 0.001975905 0.001894114 0.001767951 0.002365179 0.00184353 6.56994E-4 0.002431321 0.00102853 0.002722429 0.002228956 0.001284161 0.002386264 0.001969517 0.002715077 0.001422434 0.002477132 0.002420745 0.002217205 0.001144523 9.62231E-4 0.002981876 0.003017531 0.002273534 0.002358906 8.21255E-4 0.002216773 0.001902997 0.002343098 0.001424322 9.13409E-4 6.62269E-4 0.002125844 8.4693E-4 7.47477E-4 0.00216282 0.00188331 6.98693E-4 0.002015617 0.002218543 0.001339282 6.90482E-4 0.001572248 7.04983E-4 7.39684E-4 7.19256E-4 0.00153469 0.00192598 0.00168779 0.002129194 0.001870052 0.002301221 6.57441E-4 0.002160297 0.001596703 6.94659E-4 0.002244335 0.002051706 0.002103485 0.00230012 0.001511897 0.002281365 0.001685431 0.001670913 0.002420636 7.9956E-4 0.002615826 7.9388E-4 8.29888E-4 0.002246393 0.00203788 7.96032E-4 6.3076E-4 6.28575E-4 0.002147712 0.002237887 7.6698E-4 7.3508E-4 0.001615263 8.11573E-4 0.001852474 0.00217648 0.001414715 0.001681329 0.002275495 7.04435E-4 6.20439E-4 0.002184417 8.05248E-4 8.11665E-4 7.50854E-4 0.001846762 0.002146072 0.001905684 7.48995E-4 0.001847876 0.00243485 0.001480463 6.44046E-4 0.001674354 0.00247747 0.001536596 0.001886736 0.00179347 0.002031263 0.001680036 6.76402E-4 0.00173978 8.04328E-4 0.002111842 0.001976362 7.29166E-4 0.001999996 0.001934209 0.00176429 8.00422E-4 0.002093092 0.001899315 0.002157571 9.11595E-4 5.94256E-4 0.001999943 0.002403556 0.001820134 0.001947565 6.87219E-4 0.002114854 0.002094323 0.001917112 0.001527185 7.96356E-4 7.22838E-4 0.002178705 8.75313E-4 8.62556E-4 0.002038515 0.001947533 7.74772E-4 0.001920176 0.002101206 0.001625053 8.66791E-4 0.001479274 7.14328E-4 7.99638E-4 7.23705E-4 0.001415986 0.00190728 0.002344739 0.003621167 0.002644658 0.002849008 6.33652E-4 0.002275806 0.001775944 7.42065E-4 0.002510019 0.002190135 0.002211889 0.002570609 0.001692913 0.002206787 0.001705099 0.0022584 0.002895251 9.5092E-4 0.002818882 7.87456E-4 9.04484E-4 0.002370865 0.002073796 0.001047298 6.72149E-4 8.24673E-4 0.001962617 0.002091211 7.81706E-4 6.51364E-4 0.001690592 9.60079E-4 0.001793429 0.00244939 0.001467496 0.001677513 0.002167675 7.35794E-4 6.53275E-4 0.00240746 9.05902E-4 7.63341E-4 6.71817E-4 0.001591835 0.002108668 0.001478377 6.75058E-4 0.001464963 0.002461517 0.001572149 6.88078E-4 0.00179323 0.002205917 0.001613882 0.001839747 0.001596641 0.002502702 0.00191677 0.001156926 0.002264827 0.001014425 0.002149312 0.002124109 9.94736E-4 0.002172325 0.002426245 0.001747136 8.08799E-4 0.002098743 0.002048692 0.002332426 9.11919E-4 9.45858E-4 0.002308682 0.002528331 0.002441956 0.001999005 7.27189E-4 0.002181426 0.00214883 0.002681529 0.00167924 0.001254107 7.85952E-4 0.002248672 0.001148995 7.59111E-4 0.002813868 0.00257502 0.001147093 0.00300915 0.002410044 0.001511441 7.35388E-4 0.001694406 6.28684E-4 0.001049877 8.54236E-4 0.001573602 0.00217105 0.002336979 0.002243354 0.001766687 0.002167253 7.01467E-4 1.51271E-4 0.002124611 7.19653E-4 0.00217017 0.001902491 0.002661985 0.002143031 0.001669888 0.003154477 0.001608754 0.00165009 0.002750413 7.6137E-4 1.36871E-4 9.8238E-4 7.47962E-4 0.002023716 0.002057464 9.11432E-4 0.001066306 6.9323E-4 0.002065114 0.002505229 0.001158276 7.69467E-4 0.00171588 0.001330114 0.001712634 0.002056146 0.002255726 0.001588031 0.00210094 6.40382E-4 6.83617E-4 0.00253493 0.001151266 9.5096E-4 9.05563E-4 0.002009612 0.0021926 0.002039068 7.54983E-4 0.001667539 0.002706125 0.002010951 7.86798E-4 0.001656999 0.002560158 0.001696739 0.001645213 0.001601779 0.002467852 0.001642349 7.65798E-4 0.001817675 0.001318262 0.002101144 0.002704261 0.001006936 0.002256738 0.00176556 0.001810697 8.50395E-4 0.002305804 0.002368196 0.002210719 0.001216708 6.88792E-4 0.00223175 0.002870539 0.002467083 0.004074296 9.48094E-4 0.002477223 0.002836017 0.003722159 0.001723032 8.11255E-4 9.86573E-4 0.002689069 0.001119235 9.17397E-4 0.002558334 0.001917981 0.001296878 0.003446002 0.002405463 0.001796438 0.001123229 0.002384871 9.39909E-4 9.70245E-4 7.3074E-4 0.001485979 0.00192045 0.001767417 0.002980971 0.001745892 0.002618294 9.57007E-4 0.002650619 0.002402203 7.13803E-4 0.002132409 0.001863835 0.002569447 0.002928725 0.002256323 0.003222522 0.001884067 0.001796675 0.003105125 0.001126401 0.002733873 9.91363E-4 0.001190775 0.002858876 0.00281275 9.38518E-4 0.001054402 8.41456E-4 0.002090228 0.002112017 0.001138906 8.44385E-4 0.002009394 0.001068191 0.002199482 0.002603736 0.002233207 0.001714458 0.002996057 7.06835E-4 0.001029432 0.002139427 0.001058058 0.001020702 8.01538E-4 0.00222871 0.002246099 0.001976339 6.59393E-4 0.002018156 0.002373916 0.001730452 0.001034497 0.001739492 0.002128279 0.001657479 0.001690527 0.001716429 0.002259903 0.002626373 8.12361E-4 0.001807327 0.001050507 0.002025023 0.002803546 0.001190491 0.002519705 0.001675872 0.002358852 9.77152E-4 0.002306981 0.002011679 0.002999456 8.57928E-4 6.87466E-4 0.002525235 0.002230459 0.001953088 0.002734941 8.07984E-4 0.002289217 0.002041899 0.002264771 0.002249744 0.00121854 0.001165767 0.002225678 7.62588E-4 9.53892E-4 0.00296584 0.002660021 0.001327467 0.002266507 0.002185212 0.001573488 0.001154642 0.001675082 8.1718E-4 7.11891E-4 7.61042E-4 0.001532427 0.002868975 0.00238444 0.002500164 0.002393376 0.00291361 8.35773E-4 0.002168716 0.001809269 6.47593E-4 0.002290756 0.002984358 0.002407026 0.00323947 0.001630708 0.002183524 0.002067106 0.002451361 0.002747376 0.001565762 0.003254111 0.001504877 0.001127387 0.003757211 0.002785301 0.001389889 0.001002837 6.6266E-4 0.001986351 0.002149282 9.01939E-4 9.38922E-4 0.002030033 9.08422E-4 0.001905467 0.00235223 0.001756424 0.00265244 0.002290085 7.50176E-4 6.41969E-4 0.002676116 0.001385614 8.86513E-4 7.50471E-4 0.002186973 0.00211923 0.001564779 0.001017971 0.001807036 0.002598533 0.002308587 9.70189E-4 0.001721079 0.002148552 0.001528289 0.001656713 0.001550997 0.00212235 0.00161253 0.001623257 0.001893405 0.001558216 0.002075443 0.002011773 9.14632E-4 0.00309111 0.002522756 0.002632747 9.33461E-4 0.002225755 0.001914069 0.002912155 7.23431E-4 6.52972E-4 0.002024379 0.002542445 0.00152731 0.002487176 8.36258E-4 0.002362066 0.002403429 0.002334323 0.001875982 9.10497E-4 7.66461E-4 0.002969095 0.00123059 7.96699E-4 0.002368438 0.002665968 8.79112E-4 0.001977751 0.002239954 0.00160624 8.2748E-4 0.004460197 9.56211E-4 0.001088573 0.001508693 0.001966032 0.003234938 0.001958224 0.003662933 0.00165313 0.002169733 0.001027302 0.002385105 0.001859865 7.40842E-4 0.002975783 0.001880979 0.002349108 0.00297541 0.002081154 0.002295872 0.002508401 0.001814616 0.002289436 7.02387E-4 0.002555664 9.39533E-4 0.001203813 0.003219637 0.002232214 8.31292E-4 8.83622E-4 8.55423E-4 0.002361892 0.002233749 0.001069907 8.80002E-4 0.001697076 0.001004372 0.00191538 0.002104776 0.001563134 0.001592631 0.002126937 7.63298E-4 8.15209E-4 0.002207839 0.00137005 0.001103291 9.35014E-4 0.003191215 0.003969113 0.002067557 0.001097415 0.002579679 0.003752858 0.00197102 0.001044238 0.002456036 0.002331422 0.0019702 0.002494422 0.00205412 0.002317407 0.002117074 9.63476E-4 0.001715815 9.41448E-4 0.002802623 0.002212423 0.001078066 0.002139512 0.002091592 0.002105438 0.00153779 0.002653203 0.002963156 0.00286505 0.001698993 9.27194E-4 0.002608282 0.002587924 0.001825114 0.002780853 8.65439E-4 0.003236692 0.00220748 0.00296173 0.002340169 0.00101329 0.001221227 0.003060012 9.00623E-4 0.001169102 0.002466356 0.002804645 0.001137358 0.002794313 0.002415355 0.001669172 7.89132E-4 0.002002578 7.09848E-4 7.56582E-4 7.55476E-4 0.001707932 0.002336678 0.001778254 0.002508293 0.001879577 0.002448863 7.45452E-4 0.002271228 0.001721624 8.97096E-4 0.002134469 0.00232542 0.002383674 0.002494866 0.001680687 0.002182496 0.001708186 0.00190747 0.002170634 8.178E-4 0.002466123 7.31128E-4 8.95115E-4 0.002718201 0.002187744 9.88721E-4 6.50838E-4 6.9568E-4 0.002077203 0.002046069 7.04503E-4 8.52907E-4 0.001713393 0.001079752 0.001857848 0.002440787 0.001602801 0.001677265 0.002205957 7.26383E-4 6.59905E-4 0.002317924 8.70079E-4 7.53899E-4 0.001617656 0.001826332 0.002117709 0.00161308 8.24686E-4 0.001754696 0.002773185 0.00158485 7.0546E-4 0.001757034 0.002448154 0.001645702 0.001837555 0.00158685 0.00210915 0.001622814 8.22865E-4 0.001828209 8.92164E-4 0.002019382 0.001972196 6.25618E-4 0.001942331 0.002041306 0.002220156 9.32485E-4 0.002221915 0.002031928 0.002178101 7.71961E-4 6.95276E-4 0.002041808 0.002270822 0.001905945 0.002075279 6.86295E-4 0.002536852 0.001929184 0.002092377 0.001555164 0.001241529 9.5199E-4 0.002280511 8.62818E-4 8.99929E-4 0.002215147 0.002007966 7.75424E-4 0.002151046 0.002542403 0.001500365 8.45985E-4 0.001648306 5.82491E-4 6.87695E-4 6.26485E-4 0.001589734 0.001973028 0.001694805 0.002523345 0.001583402 0.002382698 6.96476E-4 0.001881613 0.001768324 7.20602E-4 0.002272193 0.002243667 0.002353419 0.002293609 0.001598783 0.002375127 0.001831237 0.001633203 0.002408905 6.91799E-4 0.002643772 7.53158E-4 9.21988E-4 0.002104909 0.002214697 8.91912E-4 7.59814E-4 7.91445E-4 0.002037229 0.002068306 7.60038E-4 8.71692E-4 0.001721517 9.49254E-4 0.001923876 0.002202016 0.001632117 0.001575064 0.002233633 7.34344E-4 7.56238E-4 0.002088591 7.86881E-4 7.76911E-4 8.37523E-4 0.001674369 0.002019345 0.001619139 6.47808E-4 0.001531593 0.002620063 0.001852882 8.32856E-4 0.001524126 0.002483411 0.001753609 0.002451604 0.001747013 0.0024092 0.001793868 7.48368E-4 0.001778011 7.43555E-4 0.001967233 0.002168101 7.66072E-4 0.002288053 0.001746589 0.001897713 8.01138E-4 0.002025536 0.002231382 0.002078535 7.32583E-4 5.82673E-4 0.002202593 0.00225264 0.001891857 0.001909506 8.75234E-4 0.002322519 0.002137511 0.002320104 0.00144484 7.88215E-4 7.09692E-4 0.002135551 7.74495E-4 8.34707E-4 0.00218594 0.001722877 7.30735E-4 0.002233774 0.00237245 0.001749323 8.38417E-4 0.001651213 5.80916E-4 6.98772E-4 6.73612E-4 0.001670378 0.002068162 0.001698781 0.001905271 0.001720132 0.002381864 6.29365E-4 0.002096676 0.001714489 7.51283E-4 0.002137974 0.00231951 0.002114771 0.00209449 0.001634517 0.00241991 0.001970186 0.001614803 0.002361734 7.97572E-4 0.002692689 8.22694E-4 7.87325E-4 0.002099992 0.002188968 8.40573E-4 9.16264E-4 8.25771E-4 0.002144059 0.002023176 7.40479E-4 8.32008E-4 0.001667321 9.52917E-4 0.00179196 0.002424361 0.001428967 0.00147345 0.002117069 6.41396E-4 6.43438E-4 0.002115769 7.74541E-4 7.15453E-4 6.97134E-4 0.001591163 0.002153419 0.001592996 6.45982E-4 0.001630572 0.002809708 0.00190308 7.20653E-4 0.001652631 0.00230471 0.001762829 0.001799636 0.001768735 0.002023502 0.001644805 7.53615E-4 0.001581258 9.04319E-4 0.00195355 0.001965737 7.19674E-4 0.002446779 0.001800269 0.00173344 8.99311E-4 0.002280364 0.001917383 0.002056091 7.66652E-4 5.80021E-4 0.002201317 0.00227451 0.001882815 0.002360667 7.60979E-4 0.002196075 0.002111946 0.001939017 0.001452841 8.68878E-4 7.26218E-4 0.00204176 6.74334E-4 7.59002E-4 0.002100175 0.001912446 7.31176E-4 0.001999882 0.002385958 0.001541316 7.60402E-4 0.001656359 6.90807E-4 6.79854E-4 7.61637E-4 0.001760478 0.002007718 0.001486862 0.002140326 0.001656535 0.002283766 5.4943E-4 0.001868809 0.001699844 8.04384E-4 0.002399119 0.001969358 0.002002507 0.002343245 0.001587675 0.002236322 0.001849188 0.001665148 0.002323375 7.06546E-4 0.002620784 7.13528E-4 7.61101E-4 0.0020025 0.001882721 7.71292E-4 6.81287E-4 6.23703E-4 0.002274152 0.002196013 6.92897E-4 7.0122E-4 0.001574428 9.08502E-4 0.00189957 0.002278929 0.001541174 0.001774468 0.002177767 7.01999E-4 6.55141E-4 0.002055882 9.15519E-4 9.25528E-4 8.91166E-4 0.002171816 0.002519257 0.001859805 7.52795E-4 0.001754162 0.0026772 0.001715315 7.30783E-4 0.001755276 0.002294069 0.001884848 0.001858255 0.00154006 0.002383024 0.001862152 6.74119E-4 0.001894092 8.99692E-4 0.002003559 0.002145289 6.71331E-4 0.002468565 0.001601407 0.001986026 7.3278E-4 0.002266715 0.002049418 0.002117441 8.42116E-4 5.97898E-4 0.002189722 0.00232666 0.001746827 0.002011036 7.04647E-4 0.00225586 0.002496804 0.00189137 0.001580851 7.32108E-4 6.44976E-4 0.002158052 8.92117E-4 8.45722E-4 0.002424831 0.001901471 7.56405E-4 0.001997843 0.002350499 0.001529577 7.73704E-4 0.001486015 6.45644E-4 8.2831E-4 6.58176E-4 0.001392138 0.002066185 0.001592115 0.002192481 0.001898861 0.001974826 6.3918E-4 0.002188249 0.001554244 7.27774E-4 0.002177356 0.002015211 0.002346453 0.002137572 0.001515686 0.002337118 0.00177207 0.001568277 0.001847374 6.93154E-4 0.002652974 8.26478E-4 6.86867E-4 0.002345578 0.002136451 9.16473E-4 7.30833E-4 6.20275E-4 0.001882264 0.002339306 7.41873E-4 8.91193E-4 0.00189949 9.26679E-4 0.001990735 0.002053956 0.001567944 0.001629802 0.002160384 6.46867E-4 6.01342E-4 0.002209942 7.72769E-4 7.16383E-4 7.34304E-4 0.001806309 0.002054621 0.001618515 7.12661E-4 0.001993626 0.002793195 0.0017053 8.26995E-4 0.00157723 0.002141732 0.001772013 0.001741929 0.00157729 0.001819764 0.001440737 7.00107E-4 0.001918774 7.23774E-4 0.001900876 0.002134726 6.95694E-4 0.002354543 0.001608058 0.001728522 8.76297E-4 0.002294345 0.001946103 0.002162411 8.09578E-4 5.70987E-4 0.001990423 0.002344938 0.001884215 0.002069298 8.5011E-4 0.001962435 0.002165845 0.001966705 0.001626355 8.00376E-4 7.02551E-4 0.002195804 7.15796E-4 7.79937E-4 0.002511859 0.001993442 9.65414E-4 0.002181106 0.002182126 0.001635086 7.36333E-4 0.001779996 6.90932E-4 6.69822E-4 6.63876E-4 0.001727496 0.002283292 0.001798563 0.002307498 0.001495476 0.002384336 5.25549E-4 0.001900282 0.001646288 6.60176E-4 0.002269001 0.002227131 0.002351841 0.002336697 0.001626596 0.002187111 0.001896381 0.00169959 0.002410961 6.92899E-4 0.002400161 6.5718E-4 8.8545E-4 0.002183106 0.001908847 8.2E-4 6.99961E-4 7.00412E-4 0.002165293 0.002039628 7.57251E-4 8.35648E-4 0.001928793 0.001018564 0.001963377 0.002272252 0.001379377 0.001471533 0.002160561 6.78788E-4 6.9353E-4 0.002424613 8.04193E-4 7.70305E-4 7.1535E-4 0.001538429 0.002213445 0.001654862 8.40139E-4 0.001973112 0.00240104 0.001770534 7.42076E-4 0.001726159 0.002216753 0.001687341 0.001638579 0.001816862 0.002292809 0.001684237 7.56435E-4 0.001767772 7.39428E-4 0.00185166 0.001908284 7.16139E-4 0.002366646 0.001742309 0.001734477 8.46996E-4 0.002068135 0.002165103 0.002108369 8.31802E-4 6.67392E-4 0.002171357 0.0022451 0.001699872 0.002380115 7.8838E-4 0.00190266 0.001985507 0.002042895 0.001581481 7.03654E-4 6.45705E-4 0.002179904 7.80956E-4 0.001025673 0.002199062 0.001932146 7.87953E-4 0.001948435 0.002367239 0.001453838 7.42394E-4 0.001572818 5.99144E-4 6.72992E-4 6.27464E-4 0.001574293 0.001904292 0.001711749 0.002064522 0.001704191 0.002138444 6.48904E-4 0.002002415 0.001539075 7.71238E-4 0.002433613 0.001954378 0.002350364 0.002254712 0.001630129 0.002297399 0.001922476 0.001765354 0.002255626 7.13839E-4 0.002617579 7.22368E-4 8.54988E-4 0.002042353 0.00199651 8.6305E-4 6.90689E-4 8.19239E-4 0.001971081 0.002187044 7.59833E-4 7.51271E-4 0.001834445 8.543E-4 0.001750248 0.002132473 0.001440711 0.001589079 0.002245707 7.31742E-4 7.11841E-4 0.002251302 8.20663E-4 7.67467E-4 7.31074E-4 0.00194128 0.002315057 0.001650633 7.31391E-4 0.001870747 0.002646913 0.001881272 8.00746E-4 0.001760419 0.002227141 0.001855815 0.001713405 0.001620428 0.002094373 0.001436349 8.87921E-4 0.001744961 8.05066E-4 0.001941395 0.001962317 9.05933E-4 0.002055652 0.001568065 0.002008621 8.22939E-4 0.002193324 0.001959788 0.002163595 7.71471E-4 7.08026E-4 0.001980803 0.0023848 0.001950569 0.002465492 7.92547E-4 0.002146813 0.002184676 0.002147638 0.001611345 7.32825E-4 7.62177E-4 0.002233984 7.62223E-4 6.49008E-4 0.001933971 0.0017463 7.90127E-4 0.002274219 0.002294977 0.001617999 7.06133E-4 0.00170931 6.94399E-4 7.01525E-4 6.57784E-4 0.001582645 0.001940071 0.001682428 0.002134856 0.001799261 0.002935957 5.83159E-4 0.002188541 0.001649699 7.82226E-4 0.002179549 0.002183619 0.002240423 0.002200008 0.001675978 0.002192613 0.001533644 0.001914176 0.002133779 7.96315E-4 0.00238074 8.35892E-4 8.3633E-4 0.002021907 0.001990903 9.3132E-4 6.21519E-4 7.19892E-4 0.002283579 0.001995593 7.01542E-4 8.57791E-4 0.001605996 9.46854E-4 0.002061957 0.002155613 0.001659232 0.001477583 0.002137235 6.26477E-4 6.06884E-4 0.002176403 6.88726E-4 6.61047E-4 7.51733E-4 0.001788874 0.002095807 0.001626253 6.27394E-4 0.001547535 0.002330205 0.001760988 6.74691E-4 0.001765584 0.002113552 0.00157343 0.001728975 0.001576846 0.001864218 0.001844747 8.03449E-4 0.00185253 8.48913E-4 0.001879999 0.001954384 7.09486E-4 0.002175837 0.002003886 0.001516902 7.31585E-4 0.002033238 0.0020349 0.002135967 8.52524E-4 6.81958E-4 0.002027615 0.002312731 0.001630375 0.002095924 8.73426E-4 0.002408882 0.002125623 0.001908495 0.001588959 7.07814E-4 7.01674E-4 0.002235009 8.435E-4 8.74063E-4 0.002645981 0.001907836 7.16481E-4 0.002179904 0.002249959 0.001696777 7.16212E-4 0.001912286 6.67237E-4 8.27591E-4 7.5777E-4 0.001646745 0.00212393 0.001523453 0.002178746 0.001783844 0.001991991 6.35101E-4 0.001964768 0.001465542 7.73332E-4 0.002422861 0.002051928 0.002039882 0.002114399 0.001459129 0.002003527 0.001899399 0.001524845 0.001909 7.38946E-4 0.002524777 6.94367E-4 7.65543E-4 0.001957341 0.002095187 7.90753E-4 6.86818E-4 6.95401E-4 0.001823495 0.002311715 7.07839E-4 9.21733E-4 0.001687233 9.62512E-4 0.001963104 0.002174942 0.001652508 0.002127254 0.002382558 7.36973E-4 6.89152E-4 0.001923252 9.04038E-4 7.63541E-4 8.03553E-4 0.001613574 0.001981747 0.001754134 7.63304E-4 0.001651195 0.00246443 0.00173697 7.33942E-4 0.00156785 0.002159191 0.001666417 0.001550706 0.001543739 0.002334647 0.001581841 8.58925E-4 0.001985887 8.29035E-4 0.001905325 0.002122332 7.05562E-4 0.002429345 0.001717064 0.001823052 7.86442E-4 0.001855158 0.002200762 0.002104872 8.93716E-4 5.86007E-4 0.002214617 0.002324299 0.001896647 0.00211813 7.75762E-4 0.002388067 0.002271366 0.002084251 0.001645677 7.19156E-4 7.66463E-4 0.002193067 7.47712E-4 8.78418E-4 0.002191744 0.001893466 8.82888E-4 0.002145725 0.00231496 0.001490895 6.80414E-4 0.001896483 5.89274E-4 8.07191E-4 7.31973E-4 0.001590943 0.002097816 0.00164013 0.001940207 0.001841421 0.002260144 6.47817E-4 0.0020497 0.001733158 7.72252E-4 0.00223839 0.002228951 0.002084253 0.002081128 0.001661612 0.002111846 0.001737373 0.001858318 0.002286571 6.63885E-4 0.002586013 8.54629E-4 8.29861E-4 0.002182185 0.002030126 8.77976E-4 6.89407E-4 6.9671E-4 0.002315374 0.001831103 7.35925E-4 9.14589E-4 0.001908945 9.43917E-4 0.00172644 0.002152841 0.001655722 0.001816449 0.001991902 6.21967E-4 6.50789E-4 0.002327381 8.88679E-4 6.70575E-4 8.15645E-4 0.001611465 0.001926961 0.001787497 6.86236E-4 0.001845113 0.002597529 0.001822301 7.28498E-4 0.001556732 0.002208165 0.00178916 0.001678142 0.001562286 0.002066579 0.001637723 8.48438E-4 0.001730544 8.98377E-4 0.001859811 0.002221431 6.48878E-4 0.00223376 0.001965494 0.001594766 8.84996E-4 0.001998368 0.002149061 0.00201336 8.93556E-4 6.44271E-4 0.002198826 0.002333315 0.001953452 0.001951546 6.78898E-4 0.002346795 0.002208569 0.001813533 0.001577688 8.37386E-4 7.35931E-4 0.002121948 8.51448E-4 7.93351E-4 0.002201451 0.001771314 7.56708E-4 0.002159991 0.002328182 0.0015224 6.88482E-4 0.001768479 6.59062E-4 7.30538E-4 7.90915E-4 0.001427628 0.002068197 0.001731129 0.002059558 0.001468578 0.002001484 5.72386E-4 0.002311036 0.001566087 7.50425E-4 0.002030091 0.002437361 0.002210321 0.002387476 0.001549973 0.002322256 0.001677897 0.001569389 0.002374353 6.97953E-4 0.00260468 7.40045E-4 7.46803E-4 0.002101281 0.002980553 9.27357E-4 7.32177E-4 6.8721E-4 0.001944335 0.002046346 7.35502E-4 8.59512E-4 0.001583829 9.33868E-4 0.001955803 0.002154927 0.001599061 0.001445452 0.002094832 6.17217E-4 5.88464E-4 0.002193683 9.05202E-4 7.58647E-4 7.13628E-4 0.001790812 0.002039134 0.001686599 6.4458E-4 0.001720078 0.002509938 0.001874435 7.41278E-4 0.001771316 0.002367016 0.001536747 0.001403812 0.001531877 0.001809355 0.00166586 7.01069E-4 0.001709141 7.43205E-4 0.001892621 0.001864693 7.36101E-4 0.002045268 0.001881657 0.001664157 7.53065E-4 0.002044211 0.001856121 0.001959739 7.3654E-4 6.11446E-4 0.002220586 0.002261378 0.001900675 0.002336953 7.89726E-4 0.002291225 0.002042955 0.001793967 0.001497154 7.51371E-4 7.25029E-4 0.00218077 7.87214E-4 7.70656E-4 0.002197555 0.00177403 7.07712E-4 0.002105251 0.00214972 0.001565056 7.70097E-4 0.001912297 6.40049E-4 7.06831E-4 7.5844E-4 0.002034048 0.002042515 0.00170017 0.002111391 0.00155853 0.002174885 5.65305E-4 0.002165278 0.001567496 6.62212E-4 0.002371983 0.00220716 0.002222889 0.002111839 0.001668476 0.002223499 0.001961915 0.001589172 0.002018126 7.6561E-4 0.002637332 8.09534E-4 7.55811E-4 0.001875496 0.002167466 8.48401E-4 7.06648E-4 7.36637E-4 0.002007038 0.002219322 7.56686E-4 7.43246E-4 0.001651015 8.67075E-4 0.0018093 0.002035216 0.001577205 0.001754274 0.002242106 7.29167E-4 6.42154E-4 0.002374349 8.9473E-4 7.38589E-4 7.15097E-4 0.001730045 0.001967056 0.001691257 6.84079E-4 0.00161598 0.002486732 0.001650898 6.79938E-4 0.001511471 0.002456535 0.001808714 0.001603334 0.00167588 0.00224651 0.001516801 8.61831E-4 0.00155128 8.04806E-4 0.001861131 0.001963759 7.92024E-4 0.002015034 0.001601228 0.00192384 9.37802E-4 0.002353863 0.002022585 0.00262927 7.80746E-4 6.84348E-4 0.002027591 0.002351811 0.001916567 0.001813705 6.65757E-4 0.001946898 0.002074305 0.002206625 0.001559194 8.73312E-4 6.82395E-4 0.002184407 7.53892E-4 7.03679E-4 0.00231702 0.001888504 7.07489E-4 0.002226335 0.002245085 0.001413861 8.88542E-4 0.001846068 6.53719E-4 8.82347E-4 8.9486E-4 0.001912057 0.002153658 0.001737531 0.002219815 0.001874362 0.002351844 5.51888E-4 0.00200786 0.001686132 7.03412E-4 0.002295263 0.002225906 0.002306945 0.00219675 0.001774659 0.00210148 0.001543728 0.00154606 0.002094794 7.16127E-4 0.00269033 8.32765E-4 7.40243E-4 0.002036542 0.002242889 7.93095E-4 6.99333E-4 8.13236E-4 0.001818377 0.002171213 7.51787E-4 7.54217E-4 0.001659311 9.17813E-4 0.001814251 0.002314732 0.001539747 0.001744417 0.002160971 6.25675E-4 6.79661E-4 0.002032177 7.3087E-4 6.62639E-4 7.36717E-4 0.00172107 0.001898951 0.001629004 7.36145E-4 0.00197014 0.002484464 0.001614719 6.26042E-4 0.001727513 0.00201433 0.001660783 0.00148264 0.00154198 0.002342306 0.00181472 6.478E-4 0.001937308 7.59159E-4 0.001889029 0.001994143 6.9195E-4 0.002104609 0.001494068 0.001749111 7.99117E-4 0.001813588 0.002125575 0.002064514 8.07887E-4 6.45462E-4 0.002141089 0.00238482 0.001940219 0.001896069 6.66099E-4 0.002114764 0.002034413 0.002181191 0.00140569 7.38814E-4 6.97695E-4 0.002193427 7.4187E-4 7.55498E-4 0.002467248 0.001864053 7.50781E-4 0.002236531 0.002261088 0.001405626 6.75371E-4 0.001827332 6.71291E-4 7.41021E-4 7.47701E-4 0.001595312 0.002164025 0.001454476 0.002160741 0.001937946 0.002260432 6.42965E-4 0.001969314 0.001665408 7.59784E-4 0.002182069 0.002306124 0.001900497 0.002298119 0.001573018 0.002143397 0.001972247 0.001601266 0.002109165 0.001017691 0.002547456 7.61711E-4 8.31416E-4 0.002012241 0.00255439 9.04241E-4 6.16053E-4 8.5943E-4 0.002037047 0.002410443 9.2552E-4 9.04388E-4 0.001932094 0.001065255 0.001998787 0.002427975 0.001674622 0.001875583 0.002194781 6.41833E-4 6.83452E-4 0.002421399 7.77358E-4 6.39837E-4 8.62408E-4 0.001862054 0.002049293 0.001625382 8.03118E-4 0.001680387 0.002566584 0.001746941 7.12979E-4 0.00162009 0.002397246 0.001598072 0.001531741 0.001641125 0.002344933 0.00159792 7.3631E-4 0.001739262 7.32832E-4 0.001900373 0.002031345 7.2734E-4 0.002107225 0.001564606 0.001822033 7.03582E-4 0.001976078 0.002152173 0.002284947 8.23671E-4 5.68483E-4 0.001981487 0.002335911 0.001698032 0.002349684 7.282E-4 0.002175338 0.002269378 0.001997124 0.001576685 7.91277E-4 6.2688E-4 0.002140383 8.47492E-4 8.98314E-4 0.00204602 0.001890744 7.6416E-4 0.001946641 0.002249568 0.001425335 7.96409E-4 0.00168451 5.73713E-4 6.75092E-4 7.41716E-4 0.001520435 0.001949869 0.001597524 0.002363916 0.001843142 0.001912755 5.70587E-4 0.002102599 0.001696987 6.46975E-4 0.002126906 0.001926421 0.002105425 0.002325032 0.001660257 0.002307377 0.001676348 0.001815922 0.002126269 7.38954E-4 0.002601936 6.49919E-4 7.32665E-4 0.001935516 0.002314547 8.93773E-4 6.8257E-4 7.44266E-4 0.002003095 0.002242298 7.64352E-4 8.39853E-4 0.001804728 9.19781E-4 0.001766351 0.00234208 0.001410413 0.001670867 0.002090547 6.7868E-4 6.20487E-4 0.002207032 8.36544E-4 6.68848E-4 8.4475E-4 0.001478394 0.002098348 0.001592986 7.05512E-4 0.001724829 0.002577371 0.001567807 7.0884E-4 0.001701238 0.002365517 0.001891183 0.00159099 0.001620775 0.001785946 0.001833568 7.38076E-4 0.002028407 7.93317E-4 0.001882573 0.002009418 6.22648E-4 0.002131881 0.001995125 0.001911163 7.54451E-4 0.001953098 0.00204325 0.002178568 8.09217E-4 6.52047E-4 0.001947652 0.002179167 0.001718102 0.002066689 8.25666E-4 0.002078576 0.002124289 0.002124889 0.001509367 7.21522E-4 7.12944E-4 0.002114224 6.74065E-4 7.23252E-4 0.002192855 0.001873656 6.84609E-4 0.002179751 0.00240435 0.001341862 7.10431E-4 0.001733679 5.63087E-4 8.30222E-4 6.72546E-4 0.00143859 0.001980662 0.001500391 0.002154768 0.001504804 0.002052712 6.95359E-4 0.002102383 0.001860868 8.29248E-4 0.002187039 0.00178541 0.002320491 0.002024857 0.001596493 0.002171685 0.001589706 0.001983909 0.00241092 6.54058E-4 0.0023999 7.94717E-4 7.76708E-4 0.001887284 0.002080588 8.40655E-4 6.8633E-4 8.82101E-4 0.002428546 0.002295565 7.85459E-4 7.76552E-4 0.001900595 9.64523E-4 0.001652697 0.002241915 0.001561703 0.001792289 0.002206238 7.24496E-4 7.06881E-4 0.002166426 7.27083E-4 8.63596E-4 7.39397E-4 0.001825761 0.001928527 0.001660616 8.07467E-4 0.001749409 0.002549403 0.002533679 8.14159E-4 0.001723635 0.002353518 0.001894985 0.001916076 0.00165245 0.002059255 0.001758383 6.52369E-4 0.001719658 7.32818E-4 0.001751454 0.001813578 6.84936E-4 0.002006487 0.001718637 0.001725446 7.2274E-4 0.002370401 0.00194329 0.00210473 7.32603E-4 5.4689E-4 0.001878895 0.002211424 0.001517134 0.00205541 7.29529E-4 0.002373818 0.001924499 0.00199078 0.001545915 6.51599E-4 7.13876E-4 0.002074541 7.26134E-4 8.4169E-4 0.002211292 0.001730965 7.36872E-4 0.001913916 0.002136579 0.001572513 6.74601E-4 0.001466329 5.62173E-4 6.70181E-4 6.71998E-4 0.001554305 0.002134929 0.001676967 0.002184461 0.003315012 0.002781757 6.56522E-4 0.002107129 0.001691959 7.84914E-4 0.00234975 0.001886681 0.002525179 0.002190474 0.001649227 0.002252717 0.00160933 0.001920745 0.002445425 7.73505E-4 0.00286735 7.02139E-4 7.62986E-4 0.002078973 0.002907619 8.78371E-4 7.02759E-4 7.5023E-4 0.002127115 0.001835774 7.87892E-4 7.63914E-4 0.001875304 9.65813E-4 0.001820996 0.002398363 0.001585703 0.001815337 0.002317678 7.40248E-4 6.08601E-4 0.002267926 8.43196E-4 7.79818E-4 8.75029E-4 0.00172866 0.002134071 0.001807879 8.79591E-4 0.001792114 0.002486576 0.001857425 8.14914E-4 0.001704454 0.002120654 0.00169755 0.001469005 0.001546259 0.001963188 0.00188384 8.40955E-4 0.001757411 8.54842E-4 0.001842277 0.002270561 7.85837E-4 0.002323523 0.0017311 0.001910796 8.78816E-4 0.002054597 0.002433669 0.002343655 8.22801E-4 8.01826E-4 0.003158627 0.003296793 0.002535722 0.00308348 9.731E-4 0.003733176 0.002898981 0.002894513 0.001962468 0.001104287 9.30946E-4 0.002589186 9.09348E-4 0.00106908 0.00251539 0.001885457 8.15227E-4 0.002165207 0.002394382 0.001419884 8.83194E-4 0.001866947 7.4818E-4 8.90768E-4 8.45331E-4 0.001748825 0.002112643 0.001711293 0.00218732 0.001511236 0.002503729 5.3154E-4 0.002023157 0.001689166 6.99906E-4 0.002323037 0.002232102 0.002258478 0.002044599 0.001655031 0.002160061 0.001729923 0.001610958 0.002120647 7.05956E-4 0.002502669 7.2218E-4 8.76128E-4 0.002340672 0.002189319 8.47822E-4 7.18794E-4 8.21817E-4 0.002201213 0.002293181 6.74429E-4 7.49744E-4 0.001882093 8.5077E-4 0.001917093 0.002143158 0.00147531 0.001543115 0.002064737 6.43136E-4 5.98108E-4 0.001930718 9.12939E-4 7.28407E-4 6.71998E-4 0.001848028 0.002060318 0.001656042 7.79889E-4 0.001841505 0.002438694 0.00161083 6.40447E-4 0.001762079 0.002583654 0.001526551 0.001572208 0.001418317 0.002420408 0.001682079 6.97094E-4 0.001991426 7.59461E-4 0.002092497 0.001922819 7.14503E-4 0.001922863 0.001568428 0.002031399 9.16984E-4 0.002121355 0.002262208 0.00211942 7.23517E-4 6.05004E-4 0.001997446 0.002201831 0.001804949 0.002341547 7.53318E-4 0.002242736 0.002241013 0.001749366 0.001453912 7.66409E-4 6.82428E-4 0.003156417 7.7297E-4 7.74017E-4 0.002204562 0.001876342 8.78789E-4 0.00212784 0.002315834 0.001580171 8.14504E-4 0.001752886 6.00607E-4 6.94739E-4 7.25356E-4 0.001431187 0.002096518 0.001672653 0.001996031 0.001630358 0.00235935 6.4664E-4 0.002418937 0.001854735 9.15088E-4 0.002241213 0.002127492 0.002123046 0.002618645 0.001416415 0.002339059 0.001460319 0.001822243 0.002060353 0.001012345 0.003025439 8.44459E-4 9.05991E-4 0.002630922 0.002297354 8.31168E-4 7.04647E-4 6.37642E-4 0.001966847 0.001972062 7.64565E-4 6.96908E-4 0.00185874 8.89351E-4 0.001724623 0.002080248 0.001455363 0.001833057 0.002160137 7.33585E-4 6.04354E-4 0.002119169 9.32228E-4 6.62004E-4 7.08575E-4 0.001660069 0.002148263 0.001817209 6.77857E-4 0.001608271 0.002666892 0.001524356 6.99819E-4 0.001724892 0.002875016 0.001761095 0.002440819 0.001695526 0.002124175 0.002298486 8.76476E-4 0.001729252 8.76437E-4 0.00190079 0.001903427 9.62773E-4 0.003004759 0.00229823 0.002398315 0.001050843 0.002766704 0.002655151 0.001916023 7.40398E-4 9.3647E-4 0.00276692 0.00269828 0.001753211 0.002578111 8.02025E-4 0.002301285 0.002770071 0.002493734 0.001640116 0.001181316 0.00100006 0.002109429 0.001147868 8.33533E-4 0.002058554 0.002330165 7.38959E-4 0.001847014 0.002747735 0.001409325 7.26814E-4 0.00216258 6.59417E-4 0.00107977 0.001001896 0.001483216 0.001763105 0.002132646 0.002288682 0.001720542 0.002007036 7.40713E-4 0.002032318 0.001578718 7.11365E-4 0.002771827 0.001999718 0.001898593 0.003002075 0.001859251 0.002205013 0.002346934 0.0022113 0.002782832 6.72173E-4 0.00245428 0.001098633 0.001161336 0.002731354 0.002764673 9.49047E-4 8.65295E-4 7.36939E-4 0.002773413 0.002149501 0.00100601 9.86228E-4 0.002275991 9.2177E-4 0.001760481 0.00218822 0.002070879 0.001649845 0.001931095 9.24791E-4 8.17671E-4 0.002680945 7.13002E-4 7.7646E-4 9.2424E-4 0.001658971 0.002656149 0.002399466 7.05717E-4 0.001737048 0.002336545 0.001681342 0.001058323 0.00205155 0.002945454 0.001711078 0.002357703 0.00171751 0.002753506 0.002304872 0.001187895 0.00209654 0.001142543 0.002657666 0.001932085 0.001240633 0.00272033 0.001910466 0.001746995 0.001244041 0.002074884 0.00283638 0.002081607 7.90434E-4 6.34076E-4 0.002461767 0.002285835 0.0024093 0.002195811 8.12694E-4 0.002920436 0.001988623 0.002684102 0.001478045 8.48606E-4 6.67598E-4 0.00267123 0.001163981 8.02105E-4 0.002973478 0.002410672 8.16432E-4 0.002033613 0.002212412 0.001656629 0.001092426 0.002687206 6.92913E-4 7.94645E-4 7.07188E-4 0.00168625 0.002551943 0.001686382 0.00288606 0.002155859 0.002275602 9.01086E-4 0.001974173 0.001748803 6.80698E-4 0.002205839 0.002119041 0.002114067 0.002270362 0.001484946 0.002725193 0.002227255 0.002189251 0.002179113 0.001051232 0.002488421 9.6932E-4 0.001207315 0.003063976 0.002902299 7.9506E-4 9.68164E-4 7.67146E-4 0.002412614 0.002638015 0.001005812 8.70084E-4 0.001673614 8.40323E-4 0.001651338 0.002182815 0.001515271 0.001742713 0.002766224 6.73883E-4 0.001029582 0.003064982 0.001149924 9.84321E-4 0.001001116 0.00172658 0.001895547 0.001734491 9.2849E-4 0.002389378 0.002181994 0.002042913 0.001051013 0.001984431 0.002704201 0.002350204 0.001825232 0.001932915 0.002642097 0.002360653 0.001119746 0.002409636 8.77266E-4 0.001993101 0.002386163 0.001143425 0.002228359 0.002258425 0.001881033 0.001133597 0.002832226 0.002882377 0.00241332 7.91508E-4 9.47899E-4 0.002669581 0.002748648 0.002180784 0.00267163 7.30763E-4 0.002975284 0.002133291 0.001807478 0.002074841 0.001115341 9.73004E-4 0.00209908 0.001141845 0.001085779 0.001978186 0.00246516 7.57866E-4 0.002720468 0.00212933 0.0017364 0.0010543 0.00152241 8.68205E-4 9.1627E-4 0.001027792 0.001487165 0.002636221 0.002158778 0.002294499 0.001759344 0.002767707 0.001163578 0.002596959 0.002265419 8.8279E-4 0.002802192 0.002695264 0.002719937 0.002698413 0.001862331 0.00278187 0.001831985 0.001705472 0.002807181 7.97527E-4 0.002481517 8.75989E-4 9.81777E-4 0.00216592 0.002270184 9.02234E-4 9.013E-4 8.06506E-4 0.002799355 0.002265634 0.001101288 7.69664E-4 0.001696171 0.001234186 0.001981196 0.002144835 0.00157216 0.002167646 0.002782293 9.94954E-4 6.84216E-4 0.002087452 0.00121099 8.85375E-4 0.00114696 0.002210003 0.002697307 0.001601924 8.65248E-4 0.001771537 0.002449692 0.001956918 7.41229E-4 0.002098422 0.003018388 0.001636381 0.001836532 0.001719732 0.002540206 0.002336477 8.54481E-4 0.002190029 7.60502E-4 0.002601124 0.002130248 7.32329E-4 0.002130769 0.001870508 0.001664704 8.92213E-4 0.002945215 0.002682067 0.001856302 7.18339E-4 9.20719E-4 0.002731353 0.002802969 0.002422706 0.002054033 0.001241647 0.002163385 0.002994366 0.002441309 0.002186358 9.64365E-4 0.001069662 0.002097773 0.001058835 7.83706E-4 0.002015158 0.002499674 0.00101024 0.002625878 0.002817691 0.001443547 7.02308E-4 0.002101112 6.46224E-4 0.001059942 9.76898E-4 0.002032754 0.002040626 0.001603622 0.002903712 0.001573184 0.002288617 6.79705E-4 0.001989066 0.001576768 7.36468E-4 0.002763036 0.001995081 0.002074404 0.002932733 0.001902875 0.002257198 0.002435486 0.002354631 0.00228645 7.54442E-4 0.002637383 9.67101E-4 9.71892E-4 0.00202782 0.00263322 8.97316E-4 9.8044E-4 0.001009168 0.002872063 0.002512538 0.001105711 7.76794E-4 0.00165321 0.001246444 0.002535491 0.002880256 0.001858861 0.001563136 0.002625182 9.12348E-4 9.83669E-4 0.002944427 0.001052859 0.001346022 9.57679E-4 0.002070113 0.002690949 0.001930145 0.001164326 0.001954893 0.002687667 0.001778256 0.001087248 0.001435387 0.003058944 0.001518194 0.001758154 0.002187862 0.002075925 0.001493093 0.001148107 0.001838283 0.001035397 0.001947522 0.002101547 7.35062E-4 0.002896571 0.001877611 0.0023935 0.00115058 0.002149994 0.002805796 0.002149816 8.37737E-4 8.76744E-4 0.001880191 0.002168145 0.001917081 0.002910714 7.3734E-4 0.002249594 0.002807608 0.002589634 0.00202667 9.94491E-4 7.54771E-4 0.002010218 0.001114045 0.001175118 0.002907693 0.002356131 0.001048071 0.001945217 0.002500112 0.001400599 0.001057611 0.002409941 8.95739E-4 0.001068671 8.01388E-4 0.002114689 0.001896154 0.002048174 0.002554356 0.001776622 0.00349913 7.87515E-4 0.001924219 0.00185056 6.87213E-4 0.002294468 0.002050575 0.002860515 0.002864628 0.002089526 0.002172412 0.001811252 0.002295853 0.002904578 8.1417E-4 0.003278478 0.001035094 7.98948E-4 0.002670649 0.002871459 0.001200909 7.28603E-4 7.97103E-4 0.002078332 0.002221243 0.001120033 6.92454E-4 0.00186853 8.43673E-4 0.002539083 0.002858266 0.001596748 0.002297432 0.002673318 9.17574E-4 8.87551E-4 0.002532105 0.001112044 0.001116943 8.85922E-4 0.001770116 0.002491042 0.002067401 0.001066817 0.002314016 0.002272397 0.002072423 6.85589E-4 0.001395885 0.002253161 0.001604266 0.001708209 0.002211381 0.00269808 0.00219502 0.001070489 0.002285203 0.001332512 0.002040371 0.00212888 0.001180838 0.002428229 0.002426341 0.001662717 0.001216592 0.002057847 0.001944591 0.002762418 8.16764E-4 6.29895E-4 0.002154561 0.002029927 0.00180318 0.002764246 7.06982E-4 0.002086677 0.002743855 0.002056941 0.001698692 8.67414E-4 6.69146E-4 0.001922521 7.84161E-4 0.001108748 0.001918425 0.002463889 9.17626E-4 0.002446528 0.002906288 0.001426915 0.001093263 0.001847297 6.35337E-4 7.22654E-4 6.75624E-4 0.00228634 0.001917854 0.002209441 0.002045527 0.002287241 0.00257234 8.13212E-4 0.002095333 0.002202093 9.33868E-4 0.00233973 0.00206072 0.002785599 0.002773726 0.001799726 0.00289789 0.001779139 0.001634906 0.003091245 0.00104281 0.00329622 0.001096855 8.2976E-4 0.002747946 0.002164717 0.001224342 9.00157E-4 0.001108747 0.002838232 0.002038973 0.001076061 0.00106254 0.001822914 8.46788E-4 0.001873795 0.002968722 0.002109223 0.001679414 0.002683399 7.02331E-4 0.001004925 0.002927262 8.93683E-4 0.001119747 0.001079644 0.002211626 0.001972985 0.002131044 9.78627E-4 0.002338736 0.002402853 0.002564546 7.31884E-4 0.002271081 0.002930744 0.001820885 0.001835183 0.001615546 0.002463071 0.002184997 0.001058141 0.001696487 7.33737E-4 0.002610933 0.002591641 0.001080876 0.002014874 0.001832415 0.001660894 0.001214736 0.002483222 0.00198957 0.002647717 7.53651E-4 9.13745E-4 0.002676909 0.002128079 0.002317374 0.002178917 7.88889E-4 0.002244457 0.002035697 0.002882699 0.002661885 8.34582E-4 7.30721E-4 0.002677985 7.99612E-4 0.001125618 0.002890223 0.002391295 8.48622E-4 0.002722308 0.003021877 0.001802827 7.53631E-4 0.001839805 9.27352E-4 7.71991E-4 9.34249E-4 0.002072576 0.002586205 0.001664282 0.002821505 0.00235174 0.002789736 8.01894E-4 0.002615271 0.002313938 7.11755E-4 0.00237585 0.002592809 0.002241084 0.002207141 0.001606667 0.002836517 0.002394243 0.001718399 0.00281809 8.71669E-4 0.003263983 0.001139879 0.001090907 0.002690475 0.002940386 0.00109316 8.83479E-4 7.79644E-4 0.001972427 0.001820723 0.001107162 0.001096764 0.002245773 0.001270124 0.00219144 0.002126478 0.001453979 0.002168436 0.00203802 9.82799E-4 6.8705E-4 0.002854012 0.001138045 0.001084241 0.001198988 0.002411312 0.002594019 0.002222717 9.85888E-4 0.00155954 0.002435009 0.001511192 0.001101793 0.001639226 0.003032608 0.001577985 0.001836147 0.001634896 0.002813739 0.002322254 0.0011712 0.002171321 0.001034414 0.002721113 0.002597862 0.001010873 0.00216765 0.002003659 0.002298784 0.001091217 0.001993995 0.001987979 0.001958493 7.07207E-4 5.86479E-4 0.002398371 0.002559027 0.001730866 0.002069524 7.22722E-4 0.002963868 0.002150088 0.002610827 0.003044683 7.97072E-4 0.001055041 0.002481234 8.30653E-4 8.92266E-4 0.002164399 0.002340761 0.001084458 0.002466018 0.002192363 0.00181829 7.09452E-4 0.002313444 5.84457E-4 0.001004438 7.87938E-4 0.001414532 0.002494895 0.002103227 0.002986606 0.002230311 0.002155488 8.7833E-4 0.001965181 0.00229068 9.28603E-4 0.002785707 0.002301211 0.002598719 0.002241874 0.00147532 0.002131037 0.001584763 0.001725907 0.002852322 7.95477E-4 0.003183595 0.001010731 7.84923E-4 0.002766105 0.002292154 8.39958E-4 9.64391E-4 0.001084667 0.002788662 0.002617639 0.001002344 7.88003E-4 0.002271259 8.89464E-4 0.002477622 0.003054002 0.002127137 0.002728284 0.003331519 9.36683E-4 9.07268E-4 0.002956108 8.2897E-4 0.001126971 0.001128785 0.002317135 0.001938706 0.003229366 7.08595E-4 0.002143099 0.002211688 0.001591251 7.51928E-4 0.001637974 0.002939487 0.001585709 0.00249963 0.002092791 0.00208291 0.001733935 0.001164945 0.001738786 8.48913E-4 0.002600665 0.001958387 0.001096761 0.002126784 0.001739683 0.001766671 0.001206152 0.00202546 0.00198492 0.002430802 7.85898E-4 8.72935E-4 0.002781062 0.002713627 0.001794718 0.002041733 7.3218E-4 0.00219675 0.00264241 0.002514427 0.002224317 0.001090277 0.001073362 0.002623392 8.86089E-4 8.01457E-4 0.002956642 0.002479142 8.50012E-4 0.002918272 0.003054853 0.001813632 0.001047531 0.001873592 9.56704E-4 0.001080722 6.85821E-4 0.002042667 0.002377033 0.001521864 0.002325484 0.002308303 0.002581023 8.53488E-4 0.002670705 0.001652576 9.73327E-4 0.002167518 0.00277157 0.002330046 0.002750458 0.001365628 0.002028979 0.002193989 0.001780794 0.003132582 9.55647E-4 0.00292092 9.47259E-4 0.001124529 0.002730684 0.002747924 0.001190514 9.5368E-4 7.30943E-4 0.002788408 0.002646819 8.75608E-4 8.21547E-4 0.002538879 8.25789E-4 0.002023446 0.002972554 0.001394598 0.001651678 0.002529741 9.08156E-4 9.73221E-4 0.002057994 0.001091839 0.001057555 7.47105E-4 0.001635712 0.00257221 0.002042433 0.001012172 0.002429282 0.002455081 0.001712333 7.87255E-4 0.002446287 0.003035327 0.002363839 0.001758606 0.002156744 0.002096805 0.002013371 7.75637E-4 0.002146996 9.95002E-4 0.002644383 0.001906843 0.001247173 0.002183173 0.002173189 0.001724461 0.001108435 0.002857208 0.002795218 0.002655223 7.51081E-4 9.22886E-4 0.00248746 0.002888749 0.00238111 0.002724349 7.24774E-4 0.002830263 0.002848319 0.00272158 0.001991813 8.09113E-4 9.7701E-4 0.002702567 8.19679E-4 8.55037E-4 0.002068912 0.002401031 7.83988E-4 0.001953047 0.002259075 0.002001907 7.75143E-4 0.002206926 8.43011E-4 0.001082121 0.001011737 0.002071743 0.002411652 0.002152395 0.00227378 0.001787055 0.002890452 7.24756E-4 0.002419066 0.001687857 0.00102712 0.002623968 0.002087891 0.00203706 0.002913906 0.001331619 0.002726374 0.002387514 0.001625543 0.002035379 7.6222E-4 0.003150767 0.001035772 0.001084452 0.00220099 0.002113821 8.66249E-4 0.001008545 8.0027E-4 0.001983845 0.002763827 0.001082081 0.001033654 0.001876586 0.001282672 0.003044307 0.00279064 0.001544385 0.001692624 0.001967481 9.8481E-4 9.94079E-4 0.002088368 0.001143145 0.001069376 0.00101106 0.002301406 0.002096206 0.001667243 0.00102095 0.00234488 0.002348562 0.001613091 8.00006E-4 0.001692032 0.003156291 0.001771845 0.002491159 0.001557193 0.002734906 0.001802479 8.40396E-4 0.001653112 0.001095038 0.002023503 0.002801257 9.5376E-4 0.002309063 0.002435956 0.002361146 0.001111104 0.002741455 0.002490083 0.002946506 7.46805E-4 9.02531E-4 0.002088601 0.003033999 0.001964825 0.002531517 8.64124E-4 0.002905769 0.002189404 0.002821946 0.002269133 0.001190428 0.001119498 0.002783568 0.001295777 0.001319621 0.003019564 0.002477501 0.001025205 0.002518046 0.002909865 0.001668135 8.00995E-4 0.00172728 6.83873E-4 7.61996E-4 7.20976E-4 0.002134033 0.002110827 0.001668469 0.002356675 0.001795797 0.002283735 8.98679E-4 0.002121145 0.00244445 7.01193E-4 0.002133822 0.002150973 0.002168641 0.00314206 0.002134855 0.002076665 0.001876053 0.00176358 0.002047379 0.00100618 0.003208812 9.4761E-4 0.001114283 0.002123669 0.002842908 0.001163368 9.67861E-4 7.80446E-4 0.002703462 0.00279747 0.001171664 8.64837E-4 0.002319605 0.001409778 0.001955843 0.032895301 0.018424776 0.007302368 0.002918203 9.74962E-4 7.1795E-4 0.002886802 0.001150678 0.001037018 7.52077E-4 0.002521368 0.002514466 0.001732915 7.18918E-4 0.001876072 0.002482745 0.001532237 7.03642E-4 0.002182643 0.003146353 0.002410834 0.001771303 0.001551923 0.002182486 0.00240347 0.001105942 0.001667986 0.00114689 0.002595254 0.002850177 0.001143163 0.003208221 0.002523555 0.00164645 7.73286E-4 0.002182074 0.002027502 0.00267411 8.8788E-4 9.49966E-4 0.002840046 0.002169162 0.00189839 0.002284589 8.62062E-4 0.002201569 0.002412293 0.002079655 0.002221811 7.74157E-4 7.87987E-4 0.003160155 0.001100523 8.23095E-4 0.002939861 0.00191002 8.37492E-4 0.002625815 0.002780253 0.001823487 0.001181132 0.001711437 9.75515E-4 0.00108665 7.10095E-4 0.00157331 0.002068275 0.001664587 0.003116476 0.001668949 0.002237243 7.97047E-4 0.002059817 0.001680271 7.64808E-4 0.002996534 0.002161276 0.002466289 0.002983885 0.001650944 0.002308405 0.002648204 0.002466588 0.002928418 0.00101195 0.002595644 8.3287E-4 7.59179E-4 0.002207313 0.002392856 9.85552E-4 9.72921E-4 7.15623E-4 0.002956739 0.0026536 0.001020489 9.54137E-4 0.001946098 0.001046047 0.002299886 0.002419325 0.001610986 0.001764584 0.002250083 9.85098E-4 0.00105861 0.003096725 8.61489E-4 9.00789E-4 0.001280966 0.002327669 0.002735292 0.002146229 0.001065405 0.001700064 0.002331838 0.001706544 0.001008735 0.001741824 0.002975931 0.001718529 0.001739263 0.002375989 0.002680603 0.002069642 0.001028753 0.002658881 8.23349E-4 0.002826868 0.002152936 0.001150362 0.002177236 0.001889981 0.002530101 0.001332646 0.003002989 0.00209782 0.00286484 7.43898E-4 9.1742E-4 0.001991333 0.00240272 0.001809411 0.002031258 0.001236155 0.002742502 0.003072622 0.002141799 0.002299011 8.95325E-4 0.001146557 0.002892551 0.001176692 8.53632E-4 0.003084946 0.002524015 0.001010623 0.002058046 0.002282202 0.001983576 0.00112481 0.002174466 6.58651E-4 0.001128245 0.001037735 0.001663038 0.003338851 0.00201402 0.003266442 0.001633772 0.003296959 0.001050971 0.002647473 0.001797988 6.97734E-4 0.002311986 0.002142202 0.002066678 0.002468242 0.00214347 0.002749353 0.001832057 0.00177168 0.002221361 0.001109777 0.002707258 0.001141526 0.001226533 0.002962645 0.002360879 0.001256967 0.001022952 7.03255E-4 0.002263093 0.002860533 0.001158987 9.4202E-4 0.001826725 0.001168865 0.002221875 0.002194923 0.002201222 0.002369416 0.002599118 7.29855E-4 0.001018004 0.003107388 8.87925E-4 0.001132119 0.001088554 0.001745767 0.002075054 0.002297918 0.001111666 0.002505714 0.002538821 0.002397616 8.32329E-4 0.001634675 0.0029639 0.002457934 0.001888185 0.002286538 0.002791395 0.002214354 0.001557114 0.001864231 0.001207704 0.002684507 0.002191173 0.001257709 0.002773487 0.002620843 0.002409092 8.97339E-4 0.002349565 0.002026077 0.002660491 8.34872E-4 7.07459E-4 0.003274545 0.002846654 0.001815953 0.003077004 8.13835E-4 0.002156115 0.002650004 0.002887388 0.00220548 0.00136319 7.88141E-4 0.002471229 7.18882E-4 0.001036704 0.002881386 0.002610178 8.14585E-4 0.002962149 0.003065854 0.001823724 0.001079129 0.002331533 9.04007E-4 9.90857E-4 9.53543E-4 0.002410574 0.002589638 0.002179672 0.003337216 0.00193869 0.002820887 7.7595E-4 0.001904375 0.001819767 0.001174307 0.003060838 0.002774602 0.002825241 0.003378883 0.00160133 0.002097439 0.002261673 0.002301047 0.002865924 0.001114858 0.002799009 0.0012473 7.53535E-4 0.002639261 0.002729599 0.001149566 0.001100108 7.2342E-4 0.001945427 0.003079834 0.001189436 8.62411E-4 0.001883829 0.001156608 0.002623715 0.002237438 0.002043268 0.002501584 0.002870416 9.61401E-4 9.85876E-4 0.003189092 0.001395345 0.001022806 0.001048804 0.001672593 0.002575011 0.002042596 0.001140258 0.002223191 0.002404221 0.002222848 0.001305031 0.002027625 0.002953301 0.002263154 0.002708421 0.001480188 0.002969757 0.002122925 9.76756E-4 0.002245172 8.72893E-4 0.002677665 0.002207811 0.001211229 0.003073156 0.002388329 0.00255184 0.001410425 0.00229858 0.002227831 0.001987731 7.36959E-4 7.00734E-4 0.002785512 0.002912539 0.001978503 0.003451103 0.0010238 0.002923805 0.002689446 0.003071754 0.002187695 0.001237709 0.001159672 0.002178155 0.001275004 8.03349E-4 0.002214244 0.002353674 0.001048662 0.00255288 0.002475731 0.001844971 0.001188813 0.002117791 0.001069435 8.61845E-4 9.57654E-4 0.001804678 0.002547175 0.001585441 0.002943422 0.002169315 0.002296989 7.96805E-4 0.002885871 0.002278354 9.32057E-4 0.002212677 0.002075462 0.002298954 0.003235462 0.002334279 0.003070628 0.002531002 0.002288354 0.003499346 0.001100167 0.003569047 0.001096252 0.001614443 0.002247975 0.002905909 8.09538E-4 0.001023485 8.72761E-4 0.002288318 0.002292441 0.001246111 7.61663E-4 0.002085546 0.001169019 0.001776375 0.002576781 0.002050606 0.001583152 0.002841573 9.79701E-4 7.03883E-4 0.00298413 8.83125E-4 0.001021457 8.11988E-4 0.002327125 0.002518506 0.002047972 7.49891E-4 0.002658291 0.002405471 0.002223448 0.00103169 0.002278071 0.00280205 0.002700899 0.002709788 0.002080837 0.002859338 0.002414381 0.001174375 0.003016071 8.82567E-4 0.00245707 0.002834953 0.001134335 0.002363641 0.002321902 0.002277713 8.06244E-4 0.002030243 0.003067409 0.002536064 8.32223E-4 9.83437E-4 0.002777055 0.002429487 0.002014062 0.003066815 0.001193764 0.0027724 0.001978085 0.002068928 0.002267636 0.001228962 7.99964E-4 0.002013979 0.001132564 9.73682E-4 0.002972751 0.002279147 0.001124102 0.002216153 0.002975752 0.001436518 7.97152E-4 0.002346168 8.20254E-4 0.001097434 8.62115E-4 0.002017795 0.003297796 0.002124222 0.002715012 0.00178229 0.00298034 9.21819E-4 0.002228515 0.002292334 7.63053E-4 0.003043211 0.002045145 0.003150417 0.002784524 0.001595918 0.002324678 0.002665917 0.001913886 0.002165888 8.98501E-4 0.003458655 0.00121667 8.11606E-4 0.001977151 0.002189808 8.21939E-4 9.92097E-4 7.41629E-4 0.002107954 0.002364475 0.001163992 8.47687E-4 0.002547739 9.19381E-4 0.002131064 0.002558823 0.001787574 0.00270301 0.002984429 9.92944E-4 8.52931E-4 0.003809386 0.001099541 0.001014768 0.001130831 2.02075E-4 0.00217699 0.001684338 0.001139378 1.93607E-4 0.002517615 0.001860418 7.5514E-4 0.001770247 0.002334744 2.07883E-4 1.84152E-4 0.001670142 0.00269467 1.97036E-4 0.001083412 0.002487581 0.001062801 0.002681746 0.002803979 0.001245991 0.003011748 0.002221708 1.86527E-4 0.001200588 0.002930003 0.002129707 0.002586194 8.17166E-4 9.19381E-4 1.99398E-4 0.002228836 0.001992572 0.002416655 0.001258783 0.00310837 0.002261458 0.002863871 0.001504715 0.001195367 0.001126301 1.82753E-4 0.001249172 0.001176251 0.002201396 0.002374674 0.00104222 1.63833E-4 0.002364696 0.00200411 0.001168002 0.001796781 7.71803E-4 7.92164E-4 8.03339E-4 1.94344E-4 1.86869E-4 0.002282806 0.002951665 1.90512E-4 0.002577011 8.92506E-4 0.002809498 2.00092E-4 0.001054459 0.003005436 0.002789016 0.002926039 0.003084557 2.07043E-4 0.002752099 1.73936E-4 1.93139E-4 0.002902839 6.55062E-4 0.003354744 9.32702E-4 0.001154287 0.001961822 0.002134565 0.001262031 9.2231E-4 8.07451E-4 0.002979865 0.002064302 0.001082035 0.001012678 1.7689E-4 8.40686E-4 0.002227638 0.001831522 0.00141538 2.02578E-4 0.002593103 8.48598E-4 9.96798E-4 0.002881493 8.31758E-4 9.44197E-4 8.02491E-4 0.001737712 0.001822637 0.002416664 8.00575E-4 0.001770068 0.002422088 0.002205984 0.001126566 0.001602451 0.002816938 0.001615914 0.00170449 0.002287923 0.00263822 0.002187052 7.89523E-4 0.001852365 9.70613E-4 0.003055998 0.003075462 0.001240472 0.002968653 0.002309797 0.001825048 8.38581E-4 0.003237596 0.00216836 0.00214395 7.70676E-4 9.35399E-4 0.002254413 0.002130166 0.001975985 0.002975145 8.033E-4 0.002325283 0.003244275 0.002244599 0.00235983 0.001062564 0.001119289 0.002285435 0.001289253 0.001209343 0.002081565 0.002640218 0.001112344 0.002294272 0.002318505 0.001576025 7.97608E-4 0.001688605 9.90777E-4 8.75955E-4 0.001033135 0.002237231 0.002473149 0.001730633 0.002817556 0.001808633 0.002261321 9.2355E-4 0.002212539 0.00181662 7.59325E-4 0.002460481 0.00286836 0.003693362 0.003147847 0.001474022 0.002983448 0.002301382 0.002332827 0.00306418 7.99376E-4 0.002770715 0.001236704 0.001459651 0.002706335 0.004093925 0.001156921 0.001208736 0.001107207 0.003780449 0.003012292 0.001592129 8.43811E-4 0.001916356 9.71847E-4 0.001910903 0.002165046 0.001654324 0.002325094 0.002844565 9.8479E-4 0.001047862 0.002361564 9.28662E-4 0.001160715 7.68257E-4 0.00237903 0.002136297 0.002409988 9.75932E-4 0.002335699 0.002525095 0.002393388 0.001062891 0.002259838 0.002391512 0.001986631 0.002344449 0.002163655 0.002279675 0.001829257 8.10484E-4 0.002509936 8.60157E-4 0.002138733 0.002693829 8.73025E-4 0.002584594 0.002464137 0.002410147 0.001319317 0.002199918 0.002190845 0.002690285 7.9644E-4 9.35825E-4 0.002262076 0.002294761 0.001993288 0.003071742 8.65002E-4 0.002901299 0.002284285 0.002649415 0.002234332 9.47675E-4 0.001156454 0.002204079 0.00123752 0.001180963 0.002085042 0.002142958 0.001151216 0.002113256 0.003081363 0.001809804 0.0011549 0.002522479 6.51269E-4 9.6682E-4 9.31865E-4 0.002059581 0.002617326 0.001631211 0.002964728 0.002390602 0.002862146 9.25072E-4 0.002468308 0.00235918 7.14144E-4 0.002240868 0.001984016 0.002243061 0.002951011 0.00162336 0.00215691 0.0022194 0.002308357 0.002998386 9.60931E-4 0.003345498 0.001053815 8.45025E-4 0.00191949 0.001959691 0.001169139 0.001165455 9.3683E-4 0.002196581 0.001953163 0.001120918 8.06906E-4 0.002392366 2.14901E-4 0.001720012 0.001746443 0.001442808 0.002553231 0.003441732 0.001293641 0.001178854 0.003360847 9.73717E-4 0.001246148 0.001231333 0.002000505 0.002551973 0.002328502 7.39431E-4 0.002507461 0.00254283 0.002134993 0.001172206 0.002103422 0.002421944 0.001872422 0.002317623 0.001810593 0.002058172 0.001640469 9.76921E-4 0.002347662 8.49274E-4 0.002566678 0.002863251 8.2718E-4 0.002402257 0.002064669 0.001630966 0.001328641 0.002173463 0.002325857 0.00210296 8.07372E-4 9.98291E-4 0.002604378 0.002296108 0.001784912 0.002868078 8.24142E-4 0.00300939 0.003035551 0.002118969 0.001592102 9.48376E-4 0.001196692 0.002127857 9.01054E-4 8.87513E-4 0.002267653 0.002423747 0.001175251 0.00221535 0.002257194 0.001409069 8.26225E-4 0.002544689 9.52791E-4 7.42276E-4 7.62064E-4 0.002136919 0.001918328 0.001960036 0.002812176 0.00186623 0.002152801 8.28072E-4 0.002180902 0.001870906 9.75809E-4 0.002318466 0.002748833 0.002474074 0.003016802 0.001565868 0.002325864 0.002424669 0.002418155 0.002427245 7.56499E-4 0.003392094 0.00105816 0.001083618 0.002059423 0.002117101 9.44325E-4 0.001053219 0.001051075 0.003011781 0.002864187 0.001106791 7.87562E-4 0.002259176 8.23586E-4 0.001844255 0.00183427 0.002033893 0.001828007 0.001860675 0.001038273 8.05649E-4 0.002188687 0.001295597 0.001062359 0.00104695 0.002319648 0.001818001 0.002433084 6.69628E-4 0.002567578 0.002484691 0.001712229 0.00111177 0.00167064 0.002360229 0.001730643 0.001743721 0.002360535 0.002685552 0.00162117 7.21344E-4 0.002221581 9.36768E-4 0.002714016 0.002176254 0.001355861 0.003553661 0.002133124 0.002381355 0.001136442 0.002684937 0.001961751 0.002463626 8.6544E-4 0.0010378 0.002652023 0.002212072 0.001800705 0.001943021 8.69825E-4 0.002697545 0.002897644 0.002812869 0.002061668 0.001077438 8.50281E-4 0.002252692 9.23949E-4 0.001241862 0.0030693 0.002554273 8.52559E-4 0.002554074 0.003059669 0.001868063 0.001174191 0.001859335 9.31556E-4 9.36957E-4 9.61086E-4 0.001786161 0.002134556 0.002135436 0.002348103 0.00248371 0.002964617 8.12008E-4 0.001919337 0.001639657 0.001094561 0.003082458 0.002843558 0.002337797 0.003070609 0.001811794 0.002298973 0.002498271 0.002338483 0.002731958 9.39117E-4 0.003126892 0.0010723 8.98014E-4 0.00190225 0.002288301 9.67846E-4 8.86417E-4 7.5022E-4 0.001978133 0.002912829 0.001165903 7.92166E-4 0.001583414 0.001390668 0.00207782 0.001808552 0.001254519 0.001416135 0.002082611 0.001028542 9.5562E-4 0.002116424 0.00130811 0.001111063 0.001038526 0.002336445 0.002026921 0.002100104 7.50811E-4 0.002171124 0.002439965 0.001832316 0.001143838 0.001444789 0.002272589 0.001635577 0.001882954 0.001691623 0.002224459 0.00235968 0.001125061 0.002421436 0.001053835 0.00276978 0.002075861 0.001099769 0.002043955 0.001779688 0.002525594 0.001291585 0.002022965 0.002871588 0.003129882 8.8032E-4 0.001033798 0.00272561 0.002189684 0.00230454 0.002477777 7.82029E-4 0.002160124 0.002561918 0.002259923 0.002226754 0.00123828 0.001065832 0.003038272 7.96457E-4 0.001188077 0.002879276 0.00229626 9.62901E-4 0.002234932 0.00284213 0.001737368 0.001035631 0.002075196 0.001364609 8.5786E-4 0.001291234 0.001875315 0.003198984 0.001711964 0.002858983 0.001649496 0.002167945 6.49492E-4 0.002500765 0.001987227 0.00101436 0.002578285 0.003079888 0.002124921 0.00313687 0.001947883 0.002757126 0.00181099 0.001725636 0.003285105 0.001355919 0.002629194 7.88128E-4 0.001213634 0.002799163 0.002328821 0.001153102 0.001178417 8.20651E-4 0.002997754 0.002736574 0.001040461 8.54743E-4 0.001881987 8.6456E-4 0.002585116 0.001749581 0.002013446 0.002261439 0.002848125 0.00104983 6.80485E-4 0.002948966 0.001158323 9.72E-4 0.001128803 0.002295106 0.001912644 0.001756322 0.001013854 0.001833359 0.002380232 0.001553591 0.001035418 0.00198598 0.0027258 0.001728312 0.001562992 0.001668198 0.002200476 0.00242983 0.001201321 0.001874391 8.595E-4 0.002740023 0.002685352 0.001218711 0.002137054 0.002501113 0.0019406 8.77785E-4 0.002129806 0.002907009 0.001793895 7.46894E-4 6.26859E-4 0.002298751 0.00310126 0.002316741 0.003335632 0.001488176 0.002141737 0.003056971 0.002594726 0.001603409 0.001164668 9.77435E-4 0.002356529 7.35697E-4 0.00112775 0.002283132 0.002362953 8.32878E-4 0.002156958 0.002548492 0.001844902 0.001167839 0.001742827 8.7528E-4 0.001110707 6.98537E-4 0.001540051 0.001832467 0.001917886 0.002807021 0.00228334 0.002206406 8.82254E-4 0.00275423 0.002084994 0.001062255 0.00235546 0.002093104 0.002255254 0.002285642 0.001432228 0.002675184 0.001795539 0.002397008 0.003045559 9.73809E-4 0.00299855 0.001088624 0.001187727 0.002086838 0.00287864 0.001224283 0.001022546 0.001137244 0.002640485 0.003899121 0.001424118 0.001694155 0.002933457 0.001493874 0.002252649 0.001959228 0.002139595 0.001795865 0.002362181 0.001082132 8.06713E-4 0.002190022 8.53633E-4 9.33422E-4 8.48095E-4 0.002704578 0.001963481 0.001862728 0.001055838 0.002595414 0.002363045 0.002367823 0.00127291 0.001715337 0.00231547 0.001780993 0.001892182 0.002115331 0.002741601 0.002440224 7.91792E-4 0.002352101 9.55928E-4 2.01132E-4 1.48145E-4 8.34923E-4 0.002432075 0.002468818 0.002672902 9.65717E-4 0.003055847 0.003064328 0.001958474 8.81161E-4 9.53532E-4 0.002912153 0.002296901 0.002395246 0.00325244 0.001361539 0.002871579 0.002535248 0.002861432 0.001806272 0.001290608 9.66123E-4 0.002685079 9.03787E-4 0.001379397 0.002344454 0.002693021 0.001226378 0.00181178 0.002777806 0.001780096 0.001071624 0.002567457 0.001103793 9.66365E-4 0.00116333 0.001827943 0.002383399 0.002310229 0.002469251 0.002647936 0.002344089 9.76514E-4 0.002238293 0.002242994 0.001041015 0.00246329 0.002020647 0.002839343 0.003339706 0.001627537 0.003337423 0.002562069 0.002565297 0.003205319 9.13492E-4 0.002483606 0.001245597 9.27174E-4 0.003054096 0.003016939 9.15768E-4 7.44299E-4 8.42795E-4 0.003030927 0.00262629 9.20758E-4 9.10434E-4 0.002019692 9.97834E-4 0.002386744 0.002533966 0.002006246 0.001876738 0.002384093 0.001094004 9.13888E-4 0.002376118 0.001359295 9.16596E-4 8.34335E-4 0.002360071 1.89283E-4 1.7772E-4 6.74516E-4 0.002288483 0.002655803 1.89552E-4 0.001157699 1.93534E-4 0.003102315 0.002032654 0.002580632 1.81701E-4 0.002661196 0.002091371 0.001046563 1.79533E-4 7.3146E-4 0.001903246 0.002705338 7.12844E-4 0.002663538 1.68669E-4 0.002432391 0.001085992 0.002092172 0.001892123 1.75352E-4 8.88542E-4 1.8506E-4 0.00246958 0.003009909 2.4477E-4 0.002527559 9.74254E-4 0.003552072 0.003436178 0.003087579 2.47357E-4 9.43575E-4 0.001153546 0.002343276 8.82958E-4 0.001084946 0.003179756 0.002098309 0.001256729 0.00299565 0.002200295 2.20331E-4 9.59962E-4 1.7059E-4 1.92693E-4 0.001013807 9.5061E-4 0.002235529 0.002603161 1.99767E-4 0.003144127 0.001912743 0.002094552 2.15907E-4 0.002143053 0.001704318 9.96766E-4 0.002960123 0.00242451 0.002952206 0.002395372 0.002081426 0.00314071 0.00188035 0.002074299 0.002194013 0.001158788 0.003287707 0.001208307 0.001256091 0.002909258 0.002724728 0.001236841 9.78399E-4 7.16839E-4 0.002083809 0.001917584 0.001064202 0.001247973 0.002138082 0.001449433 0.002013696 0.001895079 1.93147E-4 0.001688869 2.18413E-4 0.001059599 0.001026382 0.00197448 0.001370701 0.001144748 0.00104653 0.001758598 0.002852768 0.002378336 7.12666E-4 0.002018524 0.002625243 0.002065144 8.33128E-4 0.00178831 0.002550544 0.001862022 0.002260904 0.001724873 0.002723502 0.001742254 8.53109E-4 0.001716842 8.22225E-4 0.002625426 0.002446392 0.001275707 0.003104444 0.002251064 0.002792865 0.001419517 0.00213857 0.00265962 0.002383323 8.15459E-4 0.001019215 0.00274761 0.002458344 0.001734769 0.003162017 7.77986E-4 0.00214228 0.002213412 0.003008538 0.002067315 8.41683E-4 9.49592E-4 0.002587232 8.43753E-4 0.001129084 0.002784025 0.002508707 0.00129348 0.002993108 0.003221307 0.001439996 0.001178913 0.001854464 9.58696E-4 9.25573E-4 0.001048235 0.001456845 0.002952399 0.002322622 0.002250536 0.001925762 0.002907769 0.001010502 0.002535684 0.001694214 0.001030486 0.002594382 0.002673334 0.002908003 0.002247 0.002096254 0.002284851 0.002631189 0.002326575 0.002797001 7.94153E-4 0.002527406 0.00109751 0.001173425 0.002354964 0.002888398 0.001328389 9.57263E-4 7.1941E-4 0.002383051 0.003094232 8.99409E-4 0.001158661 0.002637801 8.96931E-4 0.002046423 0.001810502 0.002341932 0.002225827 0.002625727 0.001017874 0.001007264 0.002105917 0.00109861 0.001166393 0.001162373 0.002790681 0.003032226 0.002638771 9.628E-4 0.001758208 0.002653621 0.001827682 0.001103772 0.001755923 0.002889135 0.001590344 0.001520826 0.001810927 0.00226889 0.002447353 0.001053869 0.002540024 9.66362E-4 0.002528842 0.002694163 0.001123797 0.003301032 0.002477942 0.002197902 8.60348E-4 0.002344651 0.003169488 0.002257201 8.64114E-4 8.99891E-4 0.002181384 0.00244244 0.002434238 0.002809895 7.70109E-4 0.003099618 0.003042908 0.002109676 0.002181724 0.001091136 0.001117686 0.002913362 0.001126618 7.24026E-4 0.002920711 0.002528597 0.001366193 0.003002379 0.002887622 0.001261616 0.001097598 0.002098649 8.61229E-4 0.001153502 9.51463E-4 0.001824528 0.002234979 0.001630461 0.002256913 0.00188932 0.002068688 0.001011745 0.002835754 0.002036629 9.43988E-4 0.002997081 0.003094158 0.003085841 0.002221297 0.001733951 0.002205496 0.002322219 0.002061745 0.003191844 7.34179E-4 0.003489236 0.001380156 9.42116E-4 0.003568146 0.002542527 9.1554E-4 9.77696E-4 0.001238211 0.002366189 0.002992943 0.001163681 0.001142172 0.001762684 0.001346501 0.001705919 0.002740154 0.001662031 0.001827252 0.003150054 0.001120912 0.00103434 0.002760588 0.001179406 8.8319E-4 0.001054746 0.001625443 0.002162001 0.002157574 0.00103594 0.002260229 0.002469305 0.002612378 8.32552E-4 0.002522268 0.00228242 0.002511771 0.002531339 0.002486485 0.00285611 0.001998927 0.001184988 0.002352477 0.001389189 0.00270105 0.002704235 8.32544E-4 0.003839557 0.003066116 0.003039427 0.001133097 0.002531099 0.003436216 0.002482217 6.67763E-4 6.97887E-4 0.002084991 0.002044151 0.002276103 0.002065775 0.001123437 0.00304669 0.002871147 0.002156149 0.001461379 0.001129512 9.73722E-4 0.002627221 9.17546E-4 7.60531E-4 0.002077662 0.002294948 9.7697E-4 0.00227087 0.00363141 0.001791478 0.001193514 0.002725068 7.48069E-4 0.001156527 0.001024496 0.002003572 0.002002684 0.003183352 0.002203879 0.002176445 0.003144013 8.98923E-4 0.003053146 0.001634509 0.001028269 0.002488087 0.002920726 0.002032806 0.003015676 0.001635514 0.002329063 0.002554651 0.002107196 0.002240011 0.001139848 0.002272265 0.001020649 9.02672E-4 0.003007848 0.002385768 8.61568E-4 0.001000051 7.49251E-4 0.0022958 0.001866185 9.84943E-4 7.08834E-4 0.001663725 0.001284353 0.002486947 0.001841979 0.001561915 0.001736916 0.002574993 7.45918E-4 9.79286E-4 0.003274144 0.001094735 0.001045304 9.81189E-4 0.002572561 0.002923824 0.002330831 9.76784E-4 0.002181257 0.002497155 0.002620536 0.001202487 0.002477129 0.002422585 0.001532707 0.00168101 0.001589822 0.002140196 0.00185425 0.001151059 0.002075761 9.10522E-4 0.001931415 0.002411823 7.071E-4 0.002074902 0.002520184 0.001457993 0.00121277 0.002553196 0.002958089 0.001828449 7.28443E-4 9.99348E-4 0.002524563 0.002891541 0.002077787 0.002637357 0.001061237 0.003063467 0.002036432 0.002260774 0.001537573 8.62564E-4 0.00103596 0.002740389 0.001068038 0.001048922 0.002035851 0.002191244 0.001058882 0.002586112 0.002393215 0.001916094 7.71543E-4 0.002656458 7.58384E-4 0.001241348 9.90346E-4 0.001594059 0.002444552 0.00174568 0.002467036 0.001472451 0.002308336 7.8336E-4 0.002205642 0.00170024 9.60418E-4 0.002851742 0.002993936 0.0028127 0.002063453 0.00162974 0.002811413 0.001565466 0.001539283 0.002210778 8.87784E-4 0.003265768 9.10274E-4 0.001190688 0.002921884 0.002040892 0.001153392 9.81078E-4 7.24711E-4 0.002160595 0.002230103 9.39362E-4 8.21205E-4 0.003008206 9.07441E-4 0.001970727 0.00179998 0.001542432 0.001841048 0.002640678 9.94611E-4 7.6547E-4 0.002054483 0.001288013 9.27258E-4 8.37931E-4 0.00210715 0.002564044 0.002484656 8.9373E-4 0.002506387 0.002098167 0.001832037 8.57691E-4 0.001643399 0.001856146 0.001632292 0.001580227 0.002207675 0.002593624 0.00171698 0.001153633 0.001677215 7.50134E-4 0.002303121 0.002634248 7.9916E-4 0.002958915 0.001768509 0.002213357 7.88222E-4 0.001725373 0.002889269 0.002580357 8.58638E-4 5.57737E-4 0.002789282 0.001969826 0.001806894 0.002416988 0.001202958 0.002291256 0.003094313 0.002101531 0.001568148 0.001243882 7.20136E-4 0.002316227 9.7517E-4 7.48289E-4 0.003035877 0.002299205 8.47807E-4 0.00236733 0.00291087 0.002246748 9.84156E-4 0.001667811 9.56962E-4 8.47888E-4 9.69797E-4 0.001338771 0.002145419 0.001518738 0.003640595 0.001662342 0.002157069 9.23595E-4 0.002618847 0.0016738 6.70099E-4 0.002993163 0.002428635 0.001807289 0.00237698 0.00192906 0.002201952 0.00284004 0.001838964 0.002725327 9.44001E-4 0.003163555 0.001041335 0.001144449 0.002675143 0.002823034 0.001189453 9.06786E-4 0.001151762 0.002162076 0.00180475 0.00105476 9.98514E-4 0.002497558 0.001216958 0.001950985 0.002080205 0.002099289 0.00199333 0.002629761 0.001043507 9.27838E-4 0.002155125 0.001034043 

Timer for Syntactic Relevance:: 162.553719749
Timer for solver: 27.456386743
		WINDOWS8.SPLX	WINDOWS8_C500_0.TESTCASES
			Diag: [mandatory(MakeTheKeyboardEasierToUse, MakeItEasierToType1), requires(AdjustTimeLimitsAndFlashingVisuals2, AdjustTimeLimitsAndFlashingVisuals), requires(TurnOnNarrator3, TurnOnNarrator), requires(ControlTheMouseWithTheKeyboard2, ControlTheMouseWithTheKeyboard), (((~Bold \/ Bold1) \/ Bold2) \/ Bold3), requires(SetupMouseKeys2, SetupMouseKeys), ((~Microphone \/ Microphone1) \/ Microphone2), ((~Magnifier \/ Magnifier1) \/ Magnifier2), requires(SetupMouseKeys1, SetupMouseKeys), ((~Advanced \/ Advanced1) \/ Advanced2)]
			Diag size: 10
The size of Consistency checks: 13258605
The number of Choco Solver calls: 15700
The number of different: 3
The number of INconsistent: 171
The number of union: 303
The number of post constraints: 13258605
The number of consistent: 15529
The number of unpost constraints: 13258605
The number of Consistency checks: 152

Timer for Syntactic Relevance:[thread=1]: 175.460375603
175.460375603 
Timer for solver[thread=1]: 26.749294533
0.001250542 0.001274363 9.36395E-4 2.04606E-4 0.00107631 0.001167942 8.54279E-4 0.00103324 1.66811E-4 0.001590504 1.84797E-4 0.002101954 0.001506537 0.001051657 0.001776051 0.001019537 0.001609119 0.001354881 2.03284E-4 0.001478452 0.001216682 6.67725E-4 1.83421E-4 9.61849E-4 0.001091085 1.52617E-4 1.51755E-4 9.7488E-5 1.46121E-4 1.53572E-4 0.002390502 0.001359855 0.001228572 0.001078386 5.63933E-4 0.002096756 0.001027544 0.00193857 0.001985158 8.72034E-4 0.001016804 9.72092E-4 9.53323E-4 0.001250749 0.001597366 0.001862161 0.001673724 5.2619E-4 0.002200966 0.001000202 1.86401E-4 1.31086E-4 1.47969E-4 1.53118E-4 2.32437E-4 1.36232E-4 1.40074E-4 1.50283E-4 1.50758E-4 1.56475E-4 0.001534646 0.00203591 0.001843785 0.001990732 0.001235892 8.13385E-4 0.001523667 0.002036521 7.52882E-4 0.002262591 0.001072423 0.001437956 0.002583383 0.002495934 0.002300173 0.001243111 0.002180498 0.002509753 0.002047132 0.00118937 0.001649 0.002048616 0.00175522 0.001825649 0.002715318 0.00263479 8.39864E-4 0.001491391 0.001489237 0.001695088 0.002273819 9.79448E-4 0.001494599 0.001614073 0.001552651 6.79007E-4 0.001610277 0.00253631 0.001277404 0.001153266 1.58477E-4 1.96519E-4 1.77332E-4 1.39876E-4 1.4257E-4 1.65029E-4 1.90017E-4 2.17791E-4 3.59647E-4 2.99757E-4 3.14531E-4 2.05704E-4 1.55173E-4 1.83246E-4 1.48572E-4 1.32175E-4 1.72542E-4 1.29182E-4 1.24059E-4 1.23614E-4 1.8402E-4 1.67947E-4 1.99946E-4 1.66148E-4 1.71813E-4 1.59311E-4 1.39607E-4 1.78919E-4 1.69635E-4 1.54163E-4 0.001058212 0.002298903 0.001009398 0.00184962 0.002099899 0.002879007 0.001511884 0.002471185 0.002460057 0.002881129 9.54991E-4 0.001215188 0.001769105 0.001735476 0.001975997 0.001832101 0.001693629 0.001843673 0.002087864 0.001185743 9.36469E-4 0.002777027 0.003287362 6.13864E-4 0.002162243 0.004391534 0.002233879 8.21064E-4 0.002465428 0.001920215 0.00117044 0.002370202 0.001112831 0.003620294 0.002075077 0.002905042 0.00125379 0.003313168 0.001352941 0.00210504 0.002950839 0.001219559 0.002526273 0.003870576 0.003649944 0.002243128 0.001113178 0.004081548 0.001164362 0.002549051 0.002816412 0.002375839 0.003117685 0.003985124 6.03519E-4 0.002539557 0.003855244 0.002435739 0.003140506 0.004412419 7.04692E-4 0.002103632 0.002388217 0.003208291 0.002352388 0.0017476 0.002522644 0.002408923 0.003185471 0.004299583 0.003994658 0.002066856 0.002298592 0.004134841 0.001670688 0.002111083 0.00190305 0.003254682 0.00275263 0.003885011 0.002872316 0.002534613 0.002547366 0.002371538 0.003383453 0.004478037 0.003517702 0.003418948 0.001516951 0.004156338 0.003720083 0.002418993 0.003659373 0.00383296 0.001935781 0.004619392 0.004465194 0.004902804 0.002391115 0.002591932 0.003513202 0.004159968 0.004019547 0.005369578 0.004240476 0.002480879 0.005178045 0.002224947 0.005053271 0.003504569 0.002523009 8.33673E-4 0.00209414 0.004460443 0.002863923 0.001955906 0.005831124 0.002893468 0.002053397 0.002808181 1.68889E-4 1.70868E-4 1.84228E-4 1.6636E-4 1.74629E-4 1.75796E-4 1.7249E-4 1.45312E-4 1.4601E-4 1.53734E-4 2.01472E-4 1.81497E-4 1.73625E-4 1.92959E-4 1.55348E-4 1.76902E-4 1.69717E-4 1.34269E-4 1.4817E-4 1.92239E-4 1.65382E-4 1.92278E-4 1.56901E-4 1.50424E-4 1.66246E-4 1.39048E-4 1.78359E-4 1.34671E-4 1.79318E-4 2.1574E-4 1.51397E-4 1.66343E-4 1.85198E-4 2.0166E-4 1.85569E-4 1.54179E-4 1.52974E-4 1.94519E-4 2.09947E-4 1.79121E-4 1.98153E-4 1.70095E-4 1.52172E-4 1.92454E-4 1.7753E-4 1.74471E-4 1.87647E-4 1.90665E-4 1.90679E-4 1.98043E-4 0.003078084 0.002448499 0.001741127 0.002307175 0.003214966 0.003572979 0.003386496 0.003010728 0.004940741 0.0030997 8.33498E-4 0.005470991 0.005278939 0.005764587 0.002889056 8.89076E-4 0.004629936 0.006767147 0.007294918 0.004196368 0.003973154 0.004263556 0.004275748 0.004250679 0.004579846 0.005854111 0.001259998 0.006210233 0.002869957 0.003547789 0.003319115 0.003819201 0.004818996 0.005088773 0.006006197 0.006019566 0.00291774 0.005123386 0.003033281 0.003089496 0.005087069 0.00498676 0.005911058 0.002910179 0.003868571 0.004502064 0.004656936 0.003548085 0.00311875 0.004439615 0.003381451 0.002843894 0.004694861 0.003475901 0.005474791 0.002474649 0.001615247 0.005419695 0.00206309 0.001986229 0.001855227 0.003956175 0.003393967 0.004111334 0.005923411 0.006289587 0.004056968 0.006357873 0.00352168 0.003715199 0.002891032 0.003584808 0.002351949 0.005435779 0.00556492 0.005678807 0.006186464 0.005285007 0.003059864 0.003120427 0.003720543 0.007418215 0.002201989 0.004576762 0.004261681 0.00103193 0.008690361 0.004441636 0.004947946 0.005249981 0.004340508 0.008485538 0.008785757 0.004769696 0.003680117 0.005467366 0.003699396 0.008833828 0.006993178 0.009281632 0.008239658 0.007614397 9.07425E-4 0.005374601 0.009601007 0.005531032 0.005075401 0.006484736 0.002989506 0.010252935 0.005315093 0.004271188 0.010411519 0.00490239 0.006000199 0.004308974 0.010297859 0.010397729 0.011689891 0.005350833 0.001110507 0.010293054 0.007226443 0.005741311 0.009580785 0.005704027 0.003590763 0.00924871 0.005907979 0.010797524 0.009918702 0.005153629 0.003665516 0.005188277 0.006652122 0.009408436 0.007911388 0.005872893 0.010195996 0.009750369 0.005764469 0.012080861 0.007667334 0.003956216 0.00660543 0.005372228 0.008810988 0.010187579 0.008838202 0.005569281 0.003201932 0.001698244 0.00733629 0.004065427 0.006179783 0.006433792 0.005550083 0.005049903 0.004643837 0.005602703 0.008241892 0.005286178 0.005827491 0.003505426 0.009604335 0.005358583 0.008072524 0.009724233 0.006602654 0.00517941 0.010688745 0.005184961 0.008642858 0.004392331 0.001509906 0.004241398 0.009229122 0.001442201 0.003150812 0.001576993 0.001594728 0.003257576 0.001441027 0.002646028 0.00179069 0.001600424 0.001256476 0.002312696 0.002698649 0.002024462 0.001767543 5.6893E-4 0.001964501 9.19555E-4 0.001631795 0.002617985 0.002653244 0.001739812 0.001142497 0.001444527 0.003609585 0.003109458 0.002566605 0.002636067 0.002575131 0.002478121 0.002588057 0.002625031 0.002607836 0.002498615 0.002570783 0.002589166 0.002511959 0.002451059 0.002579879 0.002481952 0.002351588 0.002372024 0.002559133 0.002481876 0.002499559 0.002499098 0.002550543 0.002513372 0.002401145 0.002465516 0.002677488 0.002593615 0.002493437 0.002578599 0.002489742 0.002534267 0.002492809 0.002539119 0.002395069 0.002457087 0.002521131 0.002855966 0.002977656 0.002849115 0.003136869 0.002632155 0.002464292 0.002644233 0.002524549 0.002604296 0.001947395 0.001889064 0.00179346 0.001847827 0.001830128 0.001933469 0.001998638 0.001970689 0.001848713 0.001971513 0.001901514 0.001966783 0.001872747 0.002021621 0.001993646 0.002034537 0.001926656 0.0019255 0.002721288 0.002536673 0.002406604 0.002474408 0.002494849 0.002522446 0.002445562 0.002582174 0.002508686 0.002374118 0.002369276 0.002638409 0.002535515 0.002521723 0.002390403 0.002696006 0.002686835 0.002385181 0.002517868 0.002658812 0.002056099 0.002024594 0.001955008 0.002109975 0.002046642 0.002012975 0.002036163 0.001929734 0.002153271 0.002487366 0.00225908 0.002073437 0.002019982 0.002013025 0.002170068 0.00207142 0.001889726 0.002022636 0.002058776 0.001958059 0.001984414 0.001929981 0.002128766 0.00202415 0.0020256 0.002033144 0.001953565 0.002100953 0.002108512 0.002099933 0.002088779 0.002089301 0.001983483 0.002060512 0.002035715 0.002109858 0.00209092 0.002031167 0.001984005 0.00196503 0.002187762 0.002013583 0.002074653 0.001961722 0.00240586 0.002252039 0.002385332 0.002304335 0.001997466 0.001963494 0.002010935 0.002074142 0.001897111 0.001851211 0.002411536 0.002005803 0.002816161 0.002291304 0.002368492 0.001939595 0.002013315 0.002087551 0.002050045 0.002000565 0.001985892 0.00195865 0.001940154 0.002002157 0.001973174 0.001980707 0.001963217 0.002005362 0.002080809 0.001937416 0.002166847 0.002096656 0.001954497 0.001958666 0.002099213 0.002066614 0.002069623 0.001974956 0.002004915 0.002026064 0.002049304 0.002356388 0.002482811 0.002001997 0.002113712 0.002020232 0.002045088 0.00209151 0.001993759 0.002004453 0.00220441 0.002167147 0.001991812 0.002044699 0.002071913 0.002031927 0.002067042 0.002120202 0.001966268 0.001927457 0.002066644 0.002147553 0.002017372 0.00205975 0.001976377 0.00210405 0.00198223 0.002007764 0.002090748 0.001984713 0.002112502 0.00208625 0.001992148 0.002128564 0.002240868 0.002125448 0.001983957 0.002095393 0.002113575 0.002041683 0.002043916 0.002010448 0.002062593 0.002051221 0.002001903 0.001916834 0.002047778 0.001975915 0.001956301 0.002033318 0.00205066 0.002100973 0.002035615 0.00201668 0.001974092 0.002074549 0.002159598 0.002673644 0.002512048 0.002451714 0.002577703 0.002370931 0.002575749 0.002421371 0.002426416 0.002557561 0.002437753 0.002520814 0.002578937 0.002560679 0.002765929 0.002870251 0.002804554 0.003023138 0.00296034 0.002816747 0.002913049 0.002864198 0.002906249 0.002744872 0.002964402 0.002760996 0.002772436 0.002847919 0.002882898 0.002837143 0.002864821 0.002867373 0.003040286 0.002895961 0.002822505 0.002823619 0.002962462 0.002806862 0.002818912 0.002840614 0.002866576 0.00290697 0.00279666 0.002848321 0.002954561 0.002867487 0.002933016 0.003148538 0.002903961 0.002850705 0.003007689 0.002925854 0.002831943 0.002961178 0.002948748 0.002844296 0.002979192 0.002878013 0.002815296 0.002969414 0.002967294 0.002887121 0.003239616 0.002943475 0.002903226 0.002924387 0.002901907 0.002853953 0.003044874 0.002884179 0.002910558 0.002953525 0.002866182 0.00277436 0.002986528 0.002912113 0.003057436 0.002970807 0.002894206 0.002795836 0.002741523 0.003156466 0.002820342 0.003005699 0.00294077 0.002868993 0.002844362 0.002997891 0.002980946 0.002896314 0.002896844 0.002867291 0.003054442 0.002897881 0.002887958 0.002863717 0.002830975 0.002982955 0.002896774 0.002971402 0.003065878 0.00293919 0.002891568 0.00291836 0.002990735 0.003167163 0.002795464 0.002914838 0.002819196 0.003083181 0.00299861 0.00331114 0.003330532 0.003036511 0.002990672 0.002852314 0.00288474 0.002883376 0.002701375 0.002845139 0.002833625 0.002866808 0.002874676 0.003108167 0.002835248 0.002906457 0.002960608 0.002992151 0.002748171 0.002887546 0.002845754 0.002819699 0.002907884 0.003023032 0.002881629 0.002837971 0.003063684 0.002901855 0.002762657 0.002821913 0.00287168 0.002871473 0.00282101 0.002847565 0.002973487 0.002821333 0.002937695 0.002956599 0.00285442 0.002921094 0.002790494 0.002973263 0.002822464 0.002808376 0.002798942 0.003041346 0.003327607 0.002900812 0.003025797 0.00286855 0.002915382 0.002834922 0.002829753 0.002906746 0.002901815 0.002975214 0.002855883 0.002805551 0.00295268 0.003017116 0.002827414 0.002949838 0.002981783 0.002856939 0.002895398 0.00295686 0.002885743 0.002921213 0.003104669 0.002773158 0.002835736 0.002885726 0.002882167 0.002846307 0.002851474 0.002869986 0.002846547 0.003327275 0.002951933 0.002984294 0.0030894 0.003216754 0.002937838 0.003273241 0.002913998 0.003041519 0.002977361 0.003024486 0.002933142 0.002770669 0.003245872 0.003113506 0.003139084 0.002835983 0.002833547 0.002937669 0.002891058 0.002866226 0.003044478 0.003190815 0.002941709 0.003266665 0.002940598 0.002963239 0.003108715 0.002914252 0.003236263 0.002962376 0.002807863 0.002858846 0.003047037 0.002948951 0.002951959 0.002954936 0.002889378 0.002847932 0.002900277 0.002956881 0.00296525 0.002983927 0.00293393 0.002856214 0.002917724 0.003001945 0.002858564 0.002781433 0.002975603 0.003033591 0.002752162 0.002841362 0.002958126 0.002880294 0.00294845 0.002962082 0.003071433 0.002986181 0.002852074 0.002891314 0.002999614 0.002939662 0.00288909 0.002867112 0.002932801 0.0028335 0.002858556 0.002909485 0.002912505 0.002871293 0.002723954 0.002882794 0.002906822 0.002849625 0.002973736 0.002877789 0.002913757 0.002907448 0.003040812 0.002839328 0.00291998 0.002824313 0.002985875 0.002849288 0.002972871 0.002838783 0.002866318 0.002987191 0.002957655 0.002879553 0.003001596 0.002903486 0.002898389 0.002723582 0.002817011 0.002900702 0.002845259 0.00297394 0.003396083 0.002856379 0.002902916 0.002751156 0.002691667 0.002804167 0.002852545 0.002910308 0.002798467 0.002767799 0.00288905 0.002997772 0.002893773 0.002806988 0.002864134 0.002986947 0.002696575 0.002746892 0.002858476 0.00286572 0.002822356 0.002874414 0.002737121 0.002830056 0.002804668 0.00287054 0.002723149 0.002750759 0.002787848 0.00293147 0.002885915 0.002727652 0.002834403 0.002794196 0.002883238 0.002765353 0.002873534 0.002951315 0.002960954 0.0028993 0.003127767 0.00299611 0.003315666 0.002821996 0.002858226 0.0027286 0.002804227 0.002885968 0.003043917 0.002794844 0.002840446 0.002850104 0.002902166 0.002913124 0.002916915 0.00271386 0.002844499 0.003072849 0.002929468 0.002942938 0.002886606 0.002757488 0.002779751 0.002908451 0.002816897 0.002920449 0.002891901 0.002770026 0.002865626 0.002793229 0.002784273 0.002762165 0.00270528 0.002741239 0.002762141 0.002883399 0.002731178 0.002727128 0.002791965 0.00294762 0.002855737 0.00280135 0.002915782 0.00268374 0.002779072 0.002904047 0.002805061 0.002837043 0.002754865 0.002754595 0.002729254 0.002772791 0.002817119 0.002919292 0.002823282 0.002809452 0.002746226 0.002772165 0.002843947 0.002701106 0.002852721 0.002888477 0.00280825 0.002952514 0.002836365 0.00289359 0.002832985 0.002787636 0.002907389 0.002798835 0.002812731 0.002841781 0.002907766 0.00281117 0.00282134 0.002786985 0.002866574 0.002826832 0.002800834 0.002888042 0.002912852 0.002887475 0.002847387 0.002971588 0.002783477 0.002924369 0.002859708 0.002731081 0.002836515 0.002858855 0.002823293 0.002705007 0.002808755 0.002673015 0.002779419 0.002752423 0.003350059 0.003297446 0.003274695 0.002874824 0.002820426 0.002858789 0.00276979 0.002821017 0.002837971 0.002798971 0.00279305 0.002980112 0.002881566 0.002827202 0.002841576 0.002855881 0.002878104 0.002779831 0.002918623 0.002878019 0.002807622 0.002854449 0.002849503 0.002802405 0.002884701 0.002971727 0.00287734 0.002086246 0.002236937 0.002086315 0.002003394 0.002014672 0.002092482 0.002087386 0.002348912 0.002085737 0.00206251 0.001890133 0.002060066 0.001902914 0.002120152 0.002065316 0.002086993 0.002050597 0.002088723 0.002005479 0.002089085 0.001931783 0.001947969 0.002119694 0.001968464 0.001961161 0.002116742 0.002101638 0.002098271 0.002040549 0.002068862 0.001950547 0.002272849 0.002032221 0.002134601 0.002278259 0.00226066 0.002244869 0.002121526 0.002219151 0.002118888 0.002035671 0.002038096 0.002155922 0.002202628 0.002181343 0.002156199 0.002158056 0.002157819 0.002180078 0.002221948 0.002077728 0.00212358 0.00210525 0.002216661 0.001970688 0.002485628 0.002321133 0.002096729 0.002059088 0.002012951 0.002179578 0.002081736 0.002072793 0.002148437 0.002088232 0.002312792 0.002395003 0.002171699 0.002171567 0.002088931 0.002410779 0.002063428 0.002075124 0.002101156 0.002071952 0.0020652 0.002037123 0.002100728 0.002127398 0.002449858 0.002632058 0.00246451 0.002330046 0.001983231 0.002138274 0.002316566 0.002055043 0.002001133 0.002062445 0.002072443 0.002047908 0.002096015 0.001994525 0.002023138 0.002079646 0.002096771 0.002109201 0.002112299 0.002168511 0.001989991 0.002035065 0.001981696 0.002036049 0.002208861 0.002002227 0.002409898 0.002056792 0.00205815 0.002087216 0.002188642 0.002004961 0.002191454 0.002034572 0.002644745 0.00241115 0.002058741 0.002243875 0.002444874 0.002115925 0.00218423 0.002062079 0.002089432 0.002002787 0.002466516 0.002071902 0.002106048 0.002426855 0.002161904 0.002065621 0.002056738 0.002119972 0.001962186 0.002038543 0.001995873 0.002154497 0.002066346 0.002073546 0.002066583 0.002111611 0.00219262 0.002143717 0.002035026 0.002092372 0.002055407 0.001976177 0.001979325 0.002306467 0.002074337 0.002124743 0.002045699 0.0024149 0.002110281 0.002020349 0.002058858 0.002425678 0.002040556 0.002065274 0.002125533 0.001960158 0.00201037 0.002613695 0.002143302 0.002091943 0.002136076 0.002210638 0.002196038 0.002021184 0.002025347 0.002041509 0.002071087 0.002035535 0.002281859 0.00217366 0.002121508 0.002016979 0.002016555 0.002212923 0.002014475 0.00233169 0.002106448 0.001973181 0.002004012 0.002054397 0.002068644 0.002010328 0.002033809 0.001954773 0.002090125 0.002141784 0.002005113 0.002010788 0.002030037 0.002051227 0.002058684 0.002056708 0.002067138 0.002164814 0.002090175 0.002008915 0.002165638 0.002082509 0.001987732 0.002180839 0.00198063 0.002088622 0.002079413 0.002081178 0.002029564 0.002030141 0.002017361 0.002074009 0.002014568 0.002086641 0.002041113 0.00217245 0.002165331 0.002009616 0.002087657 0.002056009 0.002077374 0.00206488 0.002014146 0.002269428 0.002182911 0.002056979 0.002122699 0.002226452 0.002101375 0.002093471 0.002091876 0.001978892 0.002075518 0.0026387 0.002126579 0.001982404 0.002030583 0.002047186 0.002091602 0.00226467 0.002082871 0.001953976 0.002127152 0.002585853 0.002200258 0.001995067 0.002011728 0.002020272 0.00203677 0.002044313 0.001944167 0.002043661 0.001990607 0.001963259 0.002232144 0.002001301 0.002102606 0.002023018 0.001987261 0.002026788 0.00200318 0.002096376 0.002024727 0.002021643 0.002005453 0.001985405 0.002015646 0.001989858 0.002017992 0.002008006 0.001978765 0.001964629 0.002047527 0.002024779 0.001992267 0.002052886 0.002000735 0.002068529 0.00204536 0.002106217 0.001977614 0.001964233 0.002020854 0.0019677 0.001958077 0.002054809 0.001973374 0.001993355 0.001996566 0.001985997 0.002046652 0.001988065 0.002119492 0.001994967 0.001922811 0.002049593 0.002024726 0.002063391 0.002013812 0.0020519 0.001989305 0.002005171 0.002008821 0.00192984 0.002080412 0.001973055 0.001988949 0.001967808 0.002015459 0.00208019 0.001950533 0.002431304 0.002382637 0.002359163 0.002331322 0.002070117 0.002043117 0.001975493 0.00202381 0.001952387 0.002080236 0.002076767 0.001986446 0.00198507 0.002039408 0.001958467 0.002062346 0.00199404 0.002042024 0.002026337 0.001992995 0.001981725 0.001997958 0.001979448 0.001978332 0.002007231 0.00206658 0.00194877 0.002045712 0.002065443 0.001945206 0.001967265 0.001967507 0.001939292 0.002007973 0.002059674 0.002028729 0.002247243 0.002037076 0.002083659 0.002013085 0.002150925 0.00195692 0.001958914 0.002037851 0.001980945 0.002030468 0.002004341 0.001941624 0.002064922 0.002058582 0.001997422 0.00199255 0.002083867 0.002026509 0.002031009 0.002058429 0.002019425 0.002027719 0.002015606 0.001999533 0.002007337 0.002050355 0.002041511 0.002016711 0.001945267 0.001941707 0.002021853 0.002024679 0.001995769 0.001983506 0.00200988 0.001994158 0.001964457 0.002045899 0.002042798 0.002043808 0.001984229 0.002040785 0.002035663 0.002064924 0.001926785 0.002022706 0.001927071 0.002024338 0.002069723 0.002012988 0.001997691 0.001963926 0.002063583 0.002047096 0.00199858 0.002041962 0.002012321 0.001998749 0.002059065 0.002001909 0.001984462 0.001990378 0.002026349 0.001943562 0.002015861 0.002019489 0.002280714 0.002239135 0.002085891 0.001979294 0.001969648 0.002048504 0.001983542 0.001943133 0.002131384 0.002041413 0.003521008 0.002799882 0.002460103 0.002129035 0.00204825 0.001998309 0.002073766 0.001986911 0.002011577 0.002003481 0.002027506 0.002101409 0.002125448 0.002115403 0.001976072 0.002048119 0.002064151 0.002061973 0.002066712 0.002092191 0.002073188 0.002138909 0.002095275 0.00210946 0.002066264 0.002062675 0.002127682 0.002185821 0.002085226 0.002062558 0.00208208 0.002028191 0.002144262 0.002021256 0.002061986 0.002062343 0.002034487 0.001982201 0.002090358 0.00205441 0.002078155 0.00207946 0.002139502 0.002028303 0.002188385 0.002143565 0.002130768 0.002055846 0.001987538 0.001998542 0.002725612 0.002486642 0.002134478 0.001973705 0.002997187 0.002895491 0.002964326 0.002931026 0.002906727 0.002752188 0.002428123 0.002486957 0.002141599 0.002066763 0.002129667 0.002115294 0.002054388 0.00207853 0.002264732 0.002166781 0.001987676 0.002059601 0.002077361 0.00209632 0.002141107 0.002031154 0.002165648 0.002034368 0.002078756 0.00203631 0.00211417 0.002044859 0.002029917 0.001990154 0.002024505 0.0020862 0.002087747 0.002016982 0.001959581 0.002010912 0.001981874 0.002162275 0.002078504 0.002010419 0.001971718 0.002103775 0.002011216 0.002055306 0.001984192 0.002121835 0.00204721 0.002027289 0.001963993 0.002158028 0.002094339 0.002076358 0.001949457 0.002036841 0.001965245 0.002040895 0.001980077 0.002026403 0.002105736 0.002031772 0.001986695 0.002028218 0.002220335 0.002373378 0.002359664 0.002261613 0.002471066 0.002452515 0.00251321 0.002329818 0.002126843 0.001988031 0.002061204 0.002142183 0.002096192 0.002058567 0.002054697 0.002100416 0.002129719 0.002046802 0.00197967 0.002113225 0.002109979 0.002031917 0.002007581 0.002093895 0.002065746 0.001954966 0.002036832 0.002019201 0.002058411 0.002051562 0.002088019 0.00201486 0.002087441 0.002121422 0.002006807 0.002051893 0.002074788 0.002075488 0.002015601 0.002097936 0.002067649 0.001979394 0.002095112 0.002059709 0.00207147 0.002351897 0.002069735 0.002010913 0.001984595 0.002009611 0.002044549 0.001989906 0.002015295 0.002007188 0.001936475 0.002017392 0.001982205 0.002134122 0.002050026 0.002160792 0.002049686 0.002033866 0.002085651 0.00198702 0.002050131 0.001940487 0.001944548 0.002044863 0.002135553 0.002032337 0.002016852 0.001981611 0.002014782 0.002004557 0.001974235 0.002026926 0.002052219 0.002037796 0.001970641 0.001995844 0.002186532 0.002875272 0.00197993 0.00297531 0.002044144 0.001963706 0.002039698 0.002353201 0.002094026 0.002087675 0.001963946 0.002012868 0.002059373 0.002002986 0.002008618 0.002036615 0.002095777 0.00200394 0.002002866 0.002120986 0.002043388 0.002140389 0.002033263 0.001996633 0.002024959 0.002003516 0.002010431 0.002066987 0.002072877 0.002026127 0.002024163 0.002002653 0.002505355 0.002429053 0.002392093 0.002478994 0.002443312 0.002489031 0.002444038 0.00243759 0.002069583 0.002147909 0.002350076 0.002001898 0.00213372 0.002063844 0.002087444 0.001993752 0.002069071 0.002036425 0.002078962 0.002110657 0.002058761 0.002101251 0.002104467 0.002073159 0.002083094 0.002016361 0.002027306 0.002002573 0.002137241 0.002021371 0.002071027 0.002028211 0.001991673 0.002002599 0.00198057 0.002010641 0.002063688 0.002007703 0.002034092 0.002186037 0.00208877 0.002441541 0.002150594 0.003113227 0.002064261 0.002086374 0.002297276 0.002702811 0.002059713 0.002031491 0.002064019 0.002061484 0.002006985 0.002004501 0.002043253 0.002054879 0.002032509 0.001993328 0.002067862 0.002084981 0.001969274 0.002011818 0.002074188 0.001963076 0.002010691 0.002028527 0.002044784 0.001995477 0.002012876 0.002012495 0.002006269 0.002098594 0.002016304 0.002059504 0.001970291 0.002094674 0.002058366 0.001985499 0.002006698 0.0020678 0.001977819 0.0020021 0.0019803 0.001966818 0.002000766 0.002022674 0.001987755 0.002401407 0.0025613 0.002499165 0.002501346 0.002945706 0.002822974 0.002836705 0.002475261 0.002413874 0.002412697 0.002404916 0.002048577 0.002069873 0.002145837 0.002020342 0.002088317 0.002133088 0.00203257 0.002089332 0.002079867 0.002052686 0.002082366 0.001928228 0.002127655 0.00199921 0.002061784 0.002036474 0.002092804 0.002020297 0.00202147 0.002089176 0.003030932 0.002061927 0.001963327 0.001988816 0.002048755 0.002041641 0.002143015 0.001970427 0.002067665 0.001969057 0.002032466 0.001951653 0.002294666 0.001995699 0.002013968 0.002014795 0.002054448 0.002044516 0.002032803 0.00203098 0.002124816 0.001989012 0.002093412 0.002030078 0.002009759 0.00203333 0.001991922 0.002134515 0.00203457 0.002060706 0.002041938 0.002007046 0.00208689 0.002047392 0.00201645 0.002046304 0.002054661 0.002046381 0.002095453 0.002065273 0.002101703 0.002306294 0.001983675 0.002077118 0.002089653 0.002045514 0.001959844 0.001982342 0.001972872 0.001940269 0.002013235 0.002041091 0.002002656 0.001964153 0.001995946 0.002030796 0.002071978 0.002243385 0.002320842 0.002195618 0.002618586 0.002531518 0.002444362 0.003478781 0.002108181 0.002001258 0.002114983 0.002122011 0.002127545 0.001994645 0.002032463 0.001995336 0.002008744 0.002070975 0.002092721 0.001976539 0.002077759 0.00198955 0.002113192 0.002086603 0.002003084 0.002040336 0.00206585 0.00207208 0.002051023 0.002069742 0.001996154 0.002107343 0.002126867 0.001991509 0.002042154 0.002043354 0.002106932 0.001957938 0.002057801 0.002022558 0.00216853 0.001983947 0.002099069 0.002035309 0.002136773 0.001995016 0.002050721 0.002018602 0.002012993 0.002093822 0.002026142 0.002084443 0.002074352 0.002005861 0.002094367 0.002094997 0.002127423 0.00206231 0.002053364 0.002023218 0.002006989 0.002054193 0.002114686 0.001979687 0.002160806 0.002125237 0.002126859 0.002036142 0.002008544 0.002018255 0.001982598 0.001993769 0.002017466 0.002086706 0.002052537 0.001978996 0.002204317 0.001953086 0.00204978 0.002022138 0.002027584 0.002014844 0.002020533 0.001959371 0.002020212 0.002012458 0.00207268 0.002023606 0.002034716 0.002030616 0.002050641 0.001995859 0.002010738 0.002058655 0.002032489 0.002024625 0.002008806 0.002088205 0.001986176 0.002044358 0.002103167 0.002130325 0.002111503 0.002082077 0.002066378 0.002104 0.002094943 0.002129441 0.002070595 0.00198206 0.002145851 0.00210667 0.002007197 0.002044599 0.00204656 0.002075264 0.002067297 0.002035554 0.002015814 0.001984971 0.002049316 0.002065744 0.002014344 0.002049157 0.002083037 0.00201229 0.002039331 0.002101254 0.001958716 0.002080234 0.002182292 0.002094527 0.002032933 0.002017542 0.002076815 0.002061046 0.00204343 0.002074597 0.002121298 0.002181123 0.002034706 0.001957744 0.002064352 0.00219243 0.00216461 0.002040085 0.001975025 0.001998435 0.002028031 0.002060841 0.002041022 0.002036138 0.001961252 0.001919068 0.002082444 0.001997665 0.002014085 0.00205475 0.001960986 0.001987134 0.00198987 0.002044958 0.00192951 0.002005812 0.00192443 0.002056345 0.002046768 0.002041223 0.001943591 0.002001886 0.002060722 0.002070139 0.002023444 0.002105637 0.002017415 0.002090353 0.002056025 0.002070522 0.002028091 0.001950995 0.002025878 0.002033761 0.002043488 0.002003113 0.002069363 0.002074534 0.002016445 0.0020956 0.002125287 0.001973213 0.002089858 0.002190101 0.002254098 0.002105165 0.002056213 0.00273625 0.002521884 0.002540573 0.002084423 0.00210521 0.001953617 0.002159214 0.002028288 0.002162175 0.002013367 0.002162938 0.002087409 0.002349084 0.002191277 0.00263782 0.002605975 0.002762036 0.00237433 0.00240766 0.002232782 0.00206322 0.002093845 0.002136138 0.002068306 0.002146648 0.002165924 0.002080762 0.002022012 0.002062021 0.002048919 0.002094141 0.002061754 0.001963965 0.002000314 0.00203627 0.001998156 0.002128399 0.002019695 0.002104637 0.002028562 0.002048122 0.002096327 0.00200492 0.002037699 0.002024092 0.002016423 0.002032504 0.001986899 0.001978036 0.002035544 0.002057545 0.001963516 0.002014959 0.002003612 0.00206219 0.002067922 0.002042648 0.001985583 0.002110713 0.002051782 0.002081501 0.002103728 0.00201731 0.00204682 0.002052118 0.00214617 0.002106292 0.002007247 0.002006714 0.001977457 0.002039699 0.001983206 0.002015294 0.001957989 0.001928637 0.002054912 0.002098818 0.002047845 0.002014518 0.002091088 0.003357027 0.00199823 0.001924754 0.002017048 0.001963821 0.002078433 0.001937197 0.002048116 0.002004844 0.002020805 0.001955807 0.002124747 0.002013616 0.002030634 0.002050625 0.00204874 0.002001705 0.002026216 0.002050363 0.002004834 0.002095588 0.001983898 0.002032239 0.002018694 0.002001064 0.002045037 0.002044398 0.002039177 0.002072675 0.002043679 0.002041059 0.001976413 0.001971614 0.001993884 0.002036143 0.002101751 0.001974461 0.001942351 0.002074873 0.002091598 0.002045306 0.001954049 0.002098367 0.002022501 0.002012236 0.002078156 0.001961455 0.002070124 0.00206607 0.00204088 0.002042219 0.00196406 0.001959088 0.002035302 0.002031386 0.002045686 0.002069014 0.001921467 0.002007735 0.00199495 0.00198887 0.002011701 0.001999258 0.002046798 0.002016549 0.001956982 0.001990721 0.001970284 0.002041696 0.001990314 0.00197382 0.002047882 0.002027012 0.001984382 0.001971445 0.002000647 0.001978378 0.001904975 0.002074422 0.002063947 0.002068231 0.001965458 0.001993093 0.001972187 0.002047283 0.002049384 0.001983184 0.001976241 0.002022039 0.002024721 0.00202053 0.002034147 0.002006912 0.002124333 0.002040387 0.002025971 0.002055205 0.002062489 0.002032192 0.002003698 0.002061551 0.002246879 0.001994421 0.002072706 0.00207389 0.002045884 0.002108875 0.002068444 0.00201517 0.002028849 0.001940737 0.002029247 0.001993101 0.002001374 0.002029063 0.001963689 0.001871812 0.002032398 0.002060062 0.002052555 0.00202751 0.00199457 0.001958185 0.002054023 0.00201821 0.001982852 0.002074706 0.002074432 0.002077779 0.00202997 0.002136332 0.001978055 0.002025605 0.002026573 0.001989514 0.002036942 0.002042095 0.002018233 0.002065716 0.001961055 0.00203486 0.002061964 0.001967612 0.002066405 0.001989803 0.002056879 0.002024182 0.002043953 0.002052932 0.002003065 0.002028556 0.002044407 0.001987738 0.001957996 0.002078658 0.00204561 0.002011867 0.002011017 0.002007538 0.002021186 0.002019492 0.001997745 0.002089464 0.002082695 0.002004824 0.002007232 0.002010457 0.001988093 0.002040369 0.001997188 0.001994284 0.002050115 0.002110028 0.002041355 0.001994715 0.001971131 0.001934871 0.002059719 0.002026396 0.00205517 0.002144938 0.002000679 0.002003348 0.002019312 0.001941128 0.001985337 0.002080869 0.002452793 0.002294023 0.002033854 0.001904246 0.00209947 0.001984618 0.001999846 0.001893927 0.001984813 0.002045821 0.002048998 0.002040869 0.002015982 0.002009641 0.002056211 0.002032596 0.002029 0.002023839 0.002191279 0.001976588 0.002035912 0.00197603 0.00204663 0.002012374 0.001997833 0.001987525 0.002038683 0.002008935 0.002025298 0.001890709 0.001948929 0.002004983 0.002050417 0.002019212 0.002043002 0.001973734 0.002062186 0.002252343 0.001995571 0.002086715 0.002026068 0.001998627 0.001978519 0.002029611 0.001986877 0.002046681 0.001994703 0.002073435 0.001987523 0.002075872 0.001997662 0.00193086 0.00200707 0.002069212 0.002010144 0.002012775 0.001999601 0.001933555 0.001976693 0.001970244 0.002018699 0.002035916 0.002035158 0.001985237 0.001994828 0.002045833 0.002016165 0.001990685 0.002006331 0.001978207 0.001979275 0.002009082 0.002076963 0.001940976 0.002057709 0.002017283 0.001996988 0.001948021 0.001986499 0.002064754 0.002092482 0.001982081 0.002002287 0.001950322 0.001984623 0.002048291 0.001906057 0.002072264 0.002112533 0.00194598 0.002070852 0.002027928 0.002094874 0.002038148 0.002040418 0.002010896 0.002039699 0.002006744 0.002032153 0.002034621 0.002078013 0.001972808 0.001968862 0.001964963 0.002048771 0.001978108 0.002043905 0.002068299 0.002431394 0.002330311 0.002415904 0.002425222 0.002101608 0.002029313 0.001939318 0.001907318 0.001964834 0.001936274 0.002003609 0.001942723 0.001995914 0.002166515 0.002123767 0.002032243 0.002024254 0.002005209 0.002027471 0.002001192 0.002222557 0.002001532 0.002007166 0.002062742 0.002043554 0.00200351 0.002017693 0.001926131 0.002123123 0.002018342 0.002023542 0.002084869 0.00209446 0.002109773 0.002011461 0.002093174 0.001988199 0.00197129 0.001999024 0.001943068 0.002079251 0.00203192 0.002026046 0.002110679 0.002110402 0.001961036 0.001969446 0.002034115 0.001980245 0.002027883 0.001992262 0.002047856 0.00201337 0.002003721 0.002294923 0.002027107 0.002034124 0.002008423 0.001953461 0.002013814 0.001934326 0.00194073 0.001971543 0.002055012 0.002022854 0.002021242 0.001992079 0.002020834 0.002001845 0.002024864 0.002032028 0.002046183 0.002052749 0.002034105 0.001978305 0.002019731 0.001935859 0.002034527 0.002002416 0.001959353 0.002015818 0.002115091 0.002057391 0.002047457 0.002075785 0.002040511 0.00203022 0.001987855 0.001995514 0.001959149 0.00206952 0.002038945 0.00200113 0.002026905 0.002058841 0.002068349 0.002076016 0.002063074 0.001998753 0.001943267 0.002036942 0.00201248 0.002014814 0.002041413 0.001954197 0.002045648 0.002010475 0.001949551 0.002048721 0.001946654 0.002167909 0.002063091 0.001997966 0.002008048 0.002043563 0.00198699 0.00199834 0.001999965 0.002025383 0.002036287 0.002165995 0.00235016 0.002223174 0.002158934 0.002054781 0.002055042 0.001971529 0.00205743 0.002045987 0.001986741 0.00201363 0.002108046 0.002049004 0.002026604 0.002086181 0.00212249 0.002113723 0.001939879 0.001972786 0.002034595 0.002111928 0.002001879 0.002040407 0.002024096 0.002031249 0.002046069 0.00207824 0.002042958 0.002095771 0.001981618 0.002019333 0.001993555 0.001973866 0.001966633 0.002064347 0.002043452 0.00198326 0.002008128 0.001962865 0.002164921 0.001968666 0.002043385 0.002097406 0.00197854 0.002025949 0.001988548 0.002036977 0.002024983 0.002094237 0.002066412 0.002095189 0.002003375 0.002085197 0.00214042 0.001997687 0.002021246 0.00199101 0.001983548 0.002113879 0.001981705 0.002067335 0.002042095 0.002058767 0.002082658 0.002043036 0.002019884 0.001963952 0.001963463 0.001990502 0.002054611 0.002009392 0.00203519 0.001992856 0.002062716 0.001958948 0.002042433 0.002072932 0.002011416 0.002035792 0.00198136 0.002058156 0.002001803 0.002024362 0.002093132 0.0021436 0.002050236 0.002012204 0.00203838 0.002006481 0.00198362 0.002000457 0.002064114 0.002018594 0.00194899 0.001986075 0.002062219 0.002045714 0.001993171 0.002054975 0.002029564 0.002039556 0.002063579 0.001955975 0.002084329 0.002111013 0.002063801 0.0019995 0.001978955 0.002062829 0.002015312 0.002021634 0.002045618 0.002054233 0.001966231 0.002021737 0.00200625 0.001944016 0.001968788 0.001975611 0.00197569 0.002054605 0.001983123 0.002042074 0.004101167 0.002911833 0.002098354 0.002009601 0.00202245 0.002032143 0.002047061 0.001978187 0.002031334 0.00205444 0.002050725 0.002100676 0.002099669 0.002071091 0.002122322 0.002094147 0.002092308 0.002007691 0.002130251 0.002033695 0.002086311 0.002066246 0.002110619 0.002101623 0.002070588 0.002167719 0.002152558 0.002102358 0.002065485 0.002085875 0.00205247 0.002064239 0.002023028 0.002006214 0.002118467 0.002198311 0.002282214 0.002162019 0.002199066 0.002099626 0.002246799 0.001996987 0.002151943 0.002054383 0.002137012 0.002066229 0.003304409 0.002071042 0.002072677 0.002051416 0.002106867 0.002019713 0.002025365 0.001984105 0.003022261 0.002926527 0.003108898 0.002972964 0.00307004 0.002893306 0.002625209 0.002427333 0.002445977 0.002048957 0.002040287 0.002213412 0.002001484 0.002031514 0.002094517 0.002056684 0.002122674 0.002079202 0.001989956 0.002078453 0.002079348 0.002078869 0.002080169 0.002159304 0.00235013 0.001985473 0.002091686 0.0020598 0.002102862 0.002067006 0.001949997 0.002025183 0.001968381 0.002035526 0.002080687 0.002106243 0.002045017 0.001985399 0.002002492 0.002047484 0.002072561 0.002102188 0.002001948 0.002022875 0.002054612 0.002043159 0.002073219 0.002052594 0.002049195 0.002081059 0.001991925 0.002060849 0.002231732 0.001974813 0.002077246 0.001985876 0.00211367 0.002076911 0.002159827 0.00205158 0.00199206 0.002056389 0.002091368 0.002027145 0.001946777 0.002045127 0.00202744 0.001946477 0.00196959 0.002101008 0.002037685 0.001985023 0.001959969 0.002073767 0.002067621 0.001999216 0.002044382 0.00196301 0.002859871 0.002811882 0.002969742 0.002165422 0.002087737 0.002011533 0.001900589 0.002043354 0.002051663 0.002092696 0.00198297 0.0021218 0.002048205 0.001972776 0.001998793 0.00208925 0.002169495 0.001983031 0.002079462 0.002066121 0.002021489 0.002046621 0.001994812 0.001963163 0.00203741 0.002100299 0.002090226 0.002095126 0.002167001 0.002082659 0.002275051 0.002019385 0.001997373 0.002029287 0.002092752 0.002020834 0.002150874 0.002028384 0.00199366 0.002010572 0.00204744 0.001960685 0.001972669 0.002102024 0.002097409 0.002102731 0.001988062 0.001989412 0.002043648 0.002223233 0.002083273 0.002045703 0.001971072 0.002080581 0.002017903 0.002002 0.002075725 0.002146455 0.002100048 0.001933113 0.001969378 0.002099863 0.002088406 0.001990642 0.002006939 0.002190936 0.002070432 0.001964074 0.002036866 0.002010515 0.002083055 0.00199259 0.001954563 0.002124481 0.002081184 0.001951467 0.002037132 0.002116078 0.002067252 0.001999341 0.00207459 0.002112271 0.001982641 0.002024634 0.002045107 0.002077676 0.002020076 0.002030098 0.00203245 0.001998296 0.001914595 0.001991195 0.001986125 0.001978257 0.00202672 0.002096399 0.00208755 0.001976744 0.00203494 0.002019119 0.001921514 0.001970062 0.002011276 0.002067395 0.002059997 0.002083025 0.002002666 0.003007007 0.00291558 0.002874902 0.002751846 0.002569683 0.00251943 0.002558307 0.002104549 0.00205431 0.002029238 0.002082774 0.002216372 0.002086849 0.002075923 0.001996735 0.002099607 0.002065002 0.001960827 0.002068333 0.002093183 0.00212701 0.002043097 0.002011019 0.001984826 0.002224339 0.002000804 0.002092445 0.002087117 0.002044844 0.002078646 0.001982815 0.002085529 0.002069433 0.001999099 0.00205632 0.002100514 0.002129989 0.002077815 0.00199049 0.001979331 0.002049544 0.002063431 0.002059435 0.002089257 0.002015839 0.001986527 0.002159681 0.00212602 0.001956461 0.002048505 0.001968257 0.00203149 0.002075176 0.002105109 0.002027663 0.002057852 0.002045424 0.002078886 0.00205131 0.002088668 0.002025326 0.002009341 0.002079202 0.002036538 0.002012689 0.002124494 0.00209556 0.002027013 0.00212129 0.001949597 0.002028685 0.001948142 0.001984443 0.002064345 0.002075438 0.00201817 0.002089823 0.002013374 0.002083995 0.002049326 0.002039895 0.002007921 0.002018378 0.001931137 0.002104004 0.002183513 0.002067652 0.002050536 0.002053137 0.002032281 0.002083382 0.002032305 0.002024396 0.001895263 0.002054955 0.001971652 0.002033757 0.001992234 0.002017043 0.002045466 0.002035559 0.002047724 0.001998121 0.001951967 0.002001461 0.002028689 0.002032464 0.002055542 0.00196039 0.002373331 0.002387426 0.002578607 0.002547454 0.002246021 0.002046199 0.002172937 0.002040993 0.002078245 0.00217225 0.002057724 0.002012007 0.002062566 0.002186721 0.002121025 0.002070158 0.002144528 0.002068978 0.002070313 0.002038699 0.002110412 0.002116494 0.002062726 0.002022719 0.002079729 0.002153655 0.002051223 0.002137827 0.002172905 0.002232049 0.002320826 0.002024801 0.002126096 0.002093684 0.002089505 0.002094231 0.002426212 0.002254773 0.002432149 0.002044004 0.002074977 0.002064694 0.002001034 0.001973739 0.002015586 0.002037725 0.002032668 0.001992652 0.002953507 0.002078872 0.002119152 0.002031796 0.002124689 0.002069595 0.002033008 0.002032715 0.002066733 0.002000777 0.001985768 0.002080144 0.002057127 0.00207873 0.002061369 0.002094615 0.001980855 0.001985007 0.002021836 0.002038671 0.002073604 0.001988299 0.002068755 0.002064597 0.002085047 0.00207741 0.002003251 0.002025147 0.002046894 0.002101907 0.002020476 0.002023035 0.00203082 0.00196584 0.001984616 0.002011186 0.002000735 0.00199599 0.002111519 0.002038568 0.002020896 0.002094419 0.001997554 0.002001777 0.001992347 0.001975423 0.002085228 0.00216646 0.002097537 0.002204608 0.002484634 0.002085158 0.002048355 0.002191841 0.002121384 0.002102888 0.002047844 0.00209797 0.002027091 0.001992368 0.002162541 0.002108626 0.002160782 0.002023392 0.002246203 0.002102373 0.002117217 0.002043419 0.0020129 0.002105245 0.002050917 0.002022179 0.002044245 0.00215417 0.002017251 0.002025339 0.00203611 0.00208172 0.002141591 0.002073182 0.002072379 0.002082102 0.00198426 0.001998013 0.00207795 0.002070649 0.002071896 0.002041136 0.001976532 0.002115469 0.002092443 0.002095935 0.002110292 0.002137702 0.002034447 0.001979909 0.002049815 0.002027876 0.002024584 0.001941669 0.001966068 0.002006961 0.002017192 0.002040326 0.002032386 0.002143336 0.002035346 0.00201241 0.002020993 0.002091397 0.002045368 0.001975514 0.002027851 0.001968328 0.002051366 0.001966598 0.002010799 0.001967939 0.002123546 0.001974468 0.002004072 0.002018695 0.002038595 0.002175074 0.002027961 0.002002821 0.002033137 0.002046601 0.001939534 0.002103336 0.002073484 0.00203157 0.002053146 0.002152652 0.002494123 0.0025259 0.002410126 0.002400318 0.002080863 0.002028888 0.002015914 0.00207722 0.002143113 0.002030757 0.002085449 0.002078722 0.002061048 0.002000636 0.001930256 0.002092842 0.002009603 0.002075818 0.002099416 0.002045576 0.002117564 0.002079509 0.002018791 0.001988804 0.002045144 0.002081639 0.002013698 0.002109062 0.002554901 0.002079955 0.002085982 0.001983103 0.002164814 0.001973206 0.001991966 0.002103834 0.002166876 0.002219309 0.002095678 0.002064814 0.002041839 0.002102247 0.002097442 0.002046833 0.002067009 0.001963287 0.002053681 0.002001747 0.002101887 0.002057429 0.002082597 0.002016968 0.002098604 0.002161371 0.001998343 0.002014483 0.002098588 0.002143679 0.002052291 0.001981284 0.00206859 0.002040385 0.001849363 0.001803483 0.001770092 0.002001229 0.001768829 0.002099007 0.00186479 0.002295361 0.001808799 0.002104142 0.001829836 0.00177306 0.001813844 0.002027484 0.001833391 0.002162552 0.001810791 0.002071487 0.002033821 0.002024958 0.002120212 0.002084808 0.001866286 0.001724385 0.002008186 0.002056173 0.002105844 0.00190098 0.002040496 0.002074834 0.002158109 0.002597929 0.002231989 0.002433238 0.002484642 0.00220382 0.002215506 0.00205249 0.001832487 0.002094586 0.002051622 0.001755713 0.002109121 0.002102394 0.002078559 0.0020549 0.001977889 0.001813457 0.002002339 0.001837829 0.002108432 0.001883433 0.002041825 0.001987896 0.002207377 0.001973164 0.002225399 0.00186266 0.002338764 0.001796869 0.002230982 0.001884962 0.00206758 0.001844815 0.002008961 0.002141712 0.001980367 0.002001833 0.002069956 0.001805516 0.002063705 0.001790379 0.001861844 0.002105228 0.001969926 0.002000326 0.002042969 0.002037437 0.002058368 0.002050523 0.001979353 0.001951735 0.001976967 0.002035883 0.002032725 0.002107055 0.002144778 0.001888885 0.001969722 0.001855082 0.002133921 0.001801043 0.001713938 0.001803802 0.002040561 0.002026525 0.002037823 0.002087678 0.002024046 0.00197216 0.001665234 0.00172818 0.001691884 0.002048655 0.001675321 0.002064985 0.00169626 0.002102906 0.00166109 0.002116941 0.001766993 0.001753666 0.001687688 0.001983089 0.001723826 0.002042632 0.001679541 0.002081387 0.002046514 0.002052036 0.002068912 0.002084278 0.001786672 0.001676847 0.002073128 0.002579458 0.002509089 0.00205696 0.002474818 0.001739092 0.00172652 0.002050584 0.001718212 0.002078407 0.002111597 0.001990333 0.002042751 0.002104015 0.001765083 0.002063212 0.002033521 0.001664827 0.002115564 0.002049078 0.00205955 0.002059198 0.001990412 0.001715887 0.002031393 0.001758731 0.002013381 0.001637399 0.001703901 0.001990664 0.002010464 0.00172546 0.001694956 0.001685171 0.002056148 0.001690116 0.002137777 0.001722061 0.002110892 0.001674366 0.002027881 0.002107459 0.00208331 0.001998884 0.002007809 0.001686293 0.002058781 0.001739596 0.001672645 0.002082985 0.002048351 0.002272681 0.002065159 0.002229217 0.00202106 0.00207349 0.00206735 0.001923998 0.001923973 0.002042699 0.002066375 0.002073586 0.001974787 0.001763799 0.002077451 0.001725064 0.002098698 0.00170163 0.001702357 0.001784471 0.001961555 0.002010243 0.002036701 0.001964407 0.002062123 0.002038196 0.001622778 0.001648021 0.001620677 0.002067725 0.00169138 0.002046269 0.001685655 0.002101768 0.001674142 0.002040969 0.001667723 0.001632693 0.001648712 0.001979124 0.001677214 0.002051404 0.001675747 0.002100518 0.002024525 0.001950715 0.001962655 0.002028907 0.001716281 0.001677943 0.001990684 0.002089495 0.002021162 0.002003032 0.002512132 0.002143667 0.001899667 0.00255557 0.002021347 0.002100224 0.002050843 0.001994224 0.002143008 0.002095547 0.001651426 0.002145501 0.002078551 0.001789435 0.002125006 0.002084883 0.001983585 0.002043167 0.002063783 0.001649093 0.002027094 0.001700045 0.002075889 0.001713777 0.001613738 0.001998504 0.002000312 0.001669159 0.001724461 0.001642269 0.002005857 0.001785637 0.002266226 0.00171094 0.002101415 0.001659556 0.002014521 0.002061771 0.002068034 0.002093181 0.002039931 0.001650145 0.002019699 0.001704685 0.001702753 0.002042974 0.001971125 0.002069 0.002019754 0.002055703 0.002055224 0.002023364 0.002077825 0.001993493 0.001935937 0.002172216 0.002049711 0.002069804 0.002026135 0.00169847 0.002078735 0.001688167 0.002101899 0.001653472 0.001599266 0.001681849 0.002030304 0.00201315 0.002114229 0.001998225 7.97355E-4 7.86626E-4 0.001702875 0.001655598 0.001662254 7.79941E-4 0.001698876 0.002075557 0.001670021 8.07624E-4 0.001656451 0.002114975 0.001846771 0.001576263 0.001656102 0.002022977 0.00162208 7.983E-4 0.001668713 7.67235E-4 0.001979858 0.001944233 7.69325E-4 0.00199878 0.001676592 0.00159279 8.5242E-4 0.002062947 0.002073704 0.001619779 8.07927E-4 6.09274E-4 0.001553059 0.002111974 0.001616886 0.002144141 7.6216E-4 0.002075354 0.00228849 0.00255859 0.002036452 0.001036918 9.7351E-4 0.001968639 9.5106E-4 9.26998E-4 0.002533499 0.00209251 7.96438E-4 0.001729804 0.002149373 0.001774415 8.36634E-4 0.001659477 6.33511E-4 7.61019E-4 7.56946E-4 0.001689281 0.00164239 0.00168573 0.002064849 0.001690921 0.002073152 6.43145E-4 0.002040745 0.00164749 7.91956E-4 0.002062332 0.00206259 0.001944773 0.002006121 0.001752048 0.002063333 0.001699057 0.00166807 0.002070464 8.21759E-4 0.002085493 7.95794E-4 7.5998E-4 0.002082015 0.002042205 8.01883E-4 7.67805E-4 7.94356E-4 0.002030389 0.002145183 8.54912E-4 7.50042E-4 0.0016443 8.82175E-4 0.001640334 0.002051025 0.001683379 0.00167703 0.001629638 8.04653E-4 8.35764E-4 0.002177443 7.97649E-4 7.49434E-4 7.54573E-4 0.001665416 0.001641794 0.001598664 7.64292E-4 0.001692732 0.002103316 0.001711885 7.82842E-4 0.001735561 0.002244081 0.001871281 0.00164553 0.001728878 0.001991079 0.001631988 7.87606E-4 0.001674589 7.86375E-4 0.002040689 0.002008036 7.72818E-4 0.002057336 0.001909148 0.001708306 8.05685E-4 0.002167599 0.002094305 0.001674435 7.87905E-4 6.18967E-4 0.001691675 0.002061283 0.001597328 0.002246351 7.74015E-4 0.001985791 0.002082857 0.002037175 0.001630506 7.79922E-4 7.32398E-4 0.001715824 8.2156E-4 7.91561E-4 0.002108052 0.002097755 7.48716E-4 0.001660416 0.002118287 0.001743994 7.78873E-4 0.001622137 5.99044E-4 7.73526E-4 7.47467E-4 0.001620051 0.00166579 0.001701641 0.002031139 0.002040341 0.002495214 7.43648E-4 0.002330379 0.00167914 7.79412E-4 0.002971854 0.002089666 0.002047656 0.002039583 0.001606433 0.002031933 0.001622936 0.001663491 0.002071628 7.98297E-4 0.00207587 7.67779E-4 8.08637E-4 0.002068147 0.002154636 8.8195E-4 8.47823E-4 8.0605E-4 0.002106435 0.001996703 7.8372E-4 7.44762E-4 0.001679226 7.70012E-4 0.001694537 0.002036534 0.001676265 0.001632395 0.001684458 7.73814E-4 7.48176E-4 0.002105413 7.9545E-4 8.17898E-4 7.72912E-4 0.001691337 0.001655583 0.001665661 7.39037E-4 0.001661903 0.00209857 0.001662616 8.24828E-4 0.001656912 0.002059621 0.001688866 0.001673345 0.00168032 0.001927455 0.001625522 7.89016E-4 0.001833273 8.16373E-4 0.002086233 0.002037039 8.05287E-4 0.002047299 0.001683508 0.001711838 7.8194E-4 0.002074535 0.002049904 0.001697661 7.71846E-4 5.97889E-4 0.001698449 0.00204779 0.00165798 0.002032572 7.74764E-4 0.001980361 0.002004611 0.001988776 0.001625392 8.22999E-4 7.60638E-4 0.001696526 7.98681E-4 7.71458E-4 0.0020855 0.001967191 7.57609E-4 0.00170151 0.002042802 0.001580911 7.63175E-4 0.001624829 6.17836E-4 7.99591E-4 7.76422E-4 0.001623495 0.001708773 0.001777239 0.002006061 0.001629954 0.001982165 6.12676E-4 0.002022105 0.001634248 7.71868E-4 0.002114566 0.002096915 0.002040261 0.002049419 0.001713096 0.002015746 0.001720711 0.001593597 0.002050029 7.45899E-4 0.002124661 7.79426E-4 7.62669E-4 0.002117621 0.002086929 8.1337E-4 7.41391E-4 7.89065E-4 0.002012355 0.002035149 8.94505E-4 7.73E-4 0.001705666 8.10834E-4 0.001638498 0.002058276 0.001576209 0.001665971 0.001611604 7.5706E-4 7.39864E-4 0.001994891 8.39658E-4 7.8099E-4 7.73225E-4 0.00172902 0.00169451 0.001634579 7.72084E-4 0.001673097 0.002087659 0.001635427 7.65439E-4 0.001672636 0.002045072 0.001633293 0.001660735 0.001608188 0.002110957 0.001538683 8.0067E-4 0.001642226 9.31327E-4 0.002229287 0.002331156 8.20081E-4 0.002125379 0.001631055 0.001541191 7.7871E-4 0.002126033 0.002026081 0.001684264 7.66572E-4 6.0143E-4 0.001685531 0.002088491 0.001868763 0.002168433 7.90163E-4 0.002019127 0.002058079 0.00197266 0.001700474 8.12452E-4 7.6181E-4 0.001627504 8.90164E-4 7.94551E-4 0.002051533 0.002199429 7.90717E-4 0.001798585 0.0020926 0.001724557 8.03287E-4 0.001690996 6.75492E-4 7.63426E-4 7.63761E-4 0.001620468 0.001653027 0.001635112 0.002162364 0.001639313 0.002057604 6.1421E-4 0.00200086 0.00166821 7.97846E-4 0.002097866 0.002055695 0.002011514 0.002838698 0.001693288 0.002007723 0.001739911 0.001672532 0.002058599 8.10036E-4 0.002010007 7.67589E-4 7.66281E-4 0.002128108 0.00198239 7.89137E-4 7.49933E-4 7.299E-4 0.002014588 0.002054152 7.72112E-4 7.67361E-4 0.001639039 7.77397E-4 0.001713033 0.002130706 0.001573595 0.001621221 0.001814056 8.4739E-4 7.46321E-4 0.002035652 7.82912E-4 7.83994E-4 7.90357E-4 0.001763449 0.001638648 0.001781007 7.6927E-4 0.001705318 0.002111433 0.001660291 7.81496E-4 0.001601339 0.002056819 0.00161743 0.001699718 0.001666943 0.001945642 0.001659305 8.09927E-4 0.00168662 7.50351E-4 0.002111611 0.002040747 8.06819E-4 0.002027557 0.001690859 0.001711647 7.91863E-4 0.002036213 0.002065363 0.00167373 7.99011E-4 6.3975E-4 0.001635783 0.002052246 0.001646621 0.002107912 8.10073E-4 0.002015959 0.00197713 0.001952452 0.001600807 8.25482E-4 7.65081E-4 0.001717903 7.87458E-4 7.67741E-4 0.00206335 0.002102586 7.69992E-4 0.001640294 0.002057666 0.001575239 8.15308E-4 0.001655455 6.22923E-4 7.534E-4 7.63466E-4 0.001562249 0.001615635 0.001480756 0.002039793 0.001677022 0.002007485 6.18492E-4 0.001978129 0.001601469 8.01646E-4 0.002114303 0.002040145 0.002019887 0.002104825 0.001555884 0.002030456 0.001646216 0.001587704 0.0020435 7.02516E-4 0.002049962 7.83897E-4 7.82936E-4 0.002379679 0.002075946 7.63671E-4 7.17132E-4 7.38437E-4 0.001861094 0.001963913 7.63177E-4 7.79596E-4 0.001606454 8.03442E-4 0.001650667 0.002160519 0.001468106 0.001620044 0.001712823 7.73869E-4 7.55694E-4 0.002146002 8.00985E-4 7.76926E-4 7.67222E-4 0.001616535 0.001584519 0.001651255 7.79663E-4 0.001606167 0.002078237 0.00162075 7.69628E-4 0.001538896 0.002009557 0.001680211 0.001632031 0.001570666 0.002029835 0.00159526 7.58066E-4 0.001657429 7.89078E-4 0.002016049 0.002019295 7.94926E-4 0.002086888 0.001645763 0.001700976 7.79538E-4 0.002017497 0.001949527 0.001938972 9.30357E-4 6.80199E-4 0.001790489 0.002228377 0.001711171 0.002038818 7.56712E-4 0.001987884 0.002064766 0.001948235 0.001524806 7.57192E-4 7.5471E-4 0.001614814 7.94749E-4 7.53861E-4 0.001998589 0.001988092 7.71957E-4 0.001616585 0.002137024 0.001523312 7.94552E-4 0.001562317 6.29609E-4 7.66578E-4 7.63109E-4 0.001606888 0.001642011 0.001460143 0.002094643 0.001566627 0.002122612 6.26655E-4 0.001848168 0.001627812 7.46101E-4 0.002050158 0.002002794 0.002024703 0.00204486 0.001501872 0.002034985 0.001639578 0.001739527 0.002048899 6.77839E-4 0.002072772 7.87105E-4 7.74846E-4 0.002038886 0.001962993 7.56142E-4 7.62472E-4 7.19078E-4 0.001893457 0.002024873 7.66701E-4 7.38418E-4 0.001655177 8.10371E-4 0.00163586 0.002047121 0.001442342 0.001636033 0.001637704 7.7422E-4 7.61079E-4 0.002078496 7.89195E-4 7.74408E-4 7.56343E-4 0.00171591 0.001658282 0.001688386 7.89055E-4 0.001653738 0.002123092 0.001658057 7.62742E-4 0.001493319 0.001998172 0.001645578 0.001619652 0.001590946 0.002053528 0.001673826 7.66267E-4 0.001640475 7.84299E-4 0.00209445 0.001975909 7.88604E-4 0.002093284 0.001606839 0.001682037 8.07355E-4 0.002065607 0.002043552 0.001644398 7.8524E-4 6.0213E-4 0.001617601 0.002065076 0.00165929 0.002107647 7.86144E-4 0.002033926 0.002035962 0.001998106 0.0015452 7.45899E-4 7.30422E-4 0.001682335 7.97415E-4 7.53066E-4 0.002049693 0.001977825 7.66326E-4 0.003328439 0.003330331 0.001999827 8.10639E-4 0.001610238 5.82178E-4 7.60774E-4 7.64576E-4 0.001553252 0.001689951 0.001494666 0.002090474 0.001667258 0.002034292 6.43092E-4 0.001934022 0.001662323 7.80111E-4 0.002129072 0.002088844 0.00204948 0.00206446 0.00148671 0.002123284 0.001676343 0.001671845 0.002082801 6.88135E-4 0.002065701 7.8643E-4 7.62455E-4 0.002096609 0.001963746 7.5438E-4 7.55927E-4 7.33133E-4 0.001958189 0.002221183 7.91797E-4 7.74225E-4 0.001693411 7.63999E-4 0.001700338 0.002187137 0.0014281 0.001661979 0.001713595 8.31648E-4 7.63135E-4 0.002131362 7.81749E-4 8.65448E-4 7.63633E-4 0.001652825 0.001725069 0.001693031 8.3733E-4 0.002527327 0.003125771 0.002633835 0.001292525 0.002274302 0.003433571 0.002460208 0.002348203 0.002265372 0.002791226 0.00229479 0.00109257 0.002198372 0.001119553 0.002872946 0.002158931 8.52781E-4 0.002230543 0.002172169 0.001830832 9.15943E-4 0.002158659 0.002125748 0.001755608 8.67839E-4 6.76825E-4 0.001749326 0.002071187 0.001757255 0.00222308 8.70433E-4 0.002185711 0.00217608 0.002167238 0.001683433 8.7003E-4 7.82252E-4 0.001645478 8.10343E-4 8.20955E-4 0.002247888 0.002171293 8.22229E-4 0.001680889 0.002113023 0.001544762 8.10586E-4 0.001706117 7.23481E-4 8.73998E-4 8.21151E-4 0.001796064 0.001952022 0.001847501 0.002211763 0.001813954 0.002173461 6.54614E-4 0.001958367 0.00171362 8.89691E-4 0.002316933 0.002483061 0.002159351 0.002045237 0.0014539 0.002016677 0.00170894 0.001733508 0.00205172 6.63466E-4 0.002103911 7.80191E-4 7.78784E-4 0.002140834 0.002022827 7.84875E-4 7.86009E-4 7.25692E-4 0.001952145 0.002000764 7.66593E-4 7.50077E-4 0.001688114 8.58644E-4 0.002041949 0.002249381 0.001342305 0.001674189 0.001601086 7.84745E-4 9.05477E-4 0.002116631 8.84729E-4 7.95286E-4 7.58334E-4 0.001707542 0.001692178 0.001664702 8.27955E-4 0.001679118 0.002117438 0.002215066 9.65425E-4 0.001835764 0.002510252 0.002096986 0.002041359 0.0015235 0.002042214 0.001824858 8.43816E-4 0.001679605 8.02378E-4 0.002072099 0.002053238 0.001148132 0.00240228 0.001900666 0.001768255 0.001115821 0.002752681 0.002678313 0.002284339 0.001032582 7.50665E-4 0.002054027 0.002442619 0.002077289 0.002574546 9.66091E-4 0.00218408 0.002484877 0.002218927 0.001688634 8.36454E-4 8.31417E-4 0.001776606 8.31118E-4 8.64054E-4 0.00215754 0.002318491 9.01801E-4 0.001819881 0.00248425 0.001501412 9.42375E-4 0.00192272 6.67828E-4 8.11661E-4 7.74464E-4 0.001680023 0.001752518 0.001502879 0.002129071 0.001727667 0.002188292 6.41915E-4 0.001856936 0.001724046 7.68245E-4 0.00220635 0.00212117 0.002086789 0.002123806 0.001505305 0.002001933 0.001666823 0.001633931 0.002109586 6.84067E-4 0.002142025 8.24751E-4 8.13287E-4 0.002424745 0.00229389 8.95585E-4 0.001032429 8.19496E-4 0.002221066 0.002180117 8.02424E-4 7.45748E-4 0.0016732 8.59678E-4 0.001741509 0.002188431 0.001476027 0.001741452 0.001747182 7.89787E-4 7.56377E-4 0.002263826 8.25213E-4 8.19773E-4 7.46839E-4 0.001662575 0.001643176 0.001814651 7.92534E-4 0.001716727 1.23887E-4 0.001697686 8.20374E-4 0.0014079 0.002143442 0.001701934 0.001687095 0.001571693 0.00201987 0.001665986 8.07437E-4 0.001711443 7.72884E-4 0.002044625 0.002054188 8.90853E-4 0.002567517 0.001683273 0.001770466 0.001192712 0.002865338 0.002780735 0.00228324 9.94669E-4 7.29551E-4 0.001978912 0.002444443 0.001929019 0.00210243 7.89675E-4 0.00204495 0.001981217 0.002063331 0.001651664 0.001055306 7.96762E-4 0.001679515 7.91827E-4 0.001005439 0.002467731 0.002742752 8.44564E-4 0.001852838 0.002600744 0.001587004 8.3035E-4 0.001741189 7.33037E-4 9.66243E-4 8.76732E-4 0.001717446 0.001709693 0.00153709 0.002185817 0.001669192 0.002081795 5.91351E-4 0.001771418 0.001738515 8.07124E-4 0.002143187 0.002053963 0.002059071 0.002071504 0.001431476 0.002047489 0.001636567 0.001636988 0.00202569 6.7915E-4 0.002135655 0.001163316 7.76519E-4 0.002103405 0.002072281 7.79256E-4 7.62839E-4 7.21108E-4 0.002015787 0.002071999 7.67555E-4 7.71011E-4 0.001753838 0.001155402 0.001755547 0.002043249 0.001399167 0.00158863 0.001621482 8.36454E-4 7.82393E-4 0.002160843 8.0525E-4 7.78695E-4 8.04106E-4 0.001674892 0.001690222 0.001718345 8.00006E-4 0.001632927 0.002127965 0.00168176 7.86891E-4 0.00142795 0.002040202 0.001640945 0.001581601 0.001475517 0.002063408 0.001696225 8.592E-4 0.001733536 7.97889E-4 0.002040685 0.002002073 7.56188E-4 0.001981795 0.001650687 0.001635377 7.96669E-4 0.002019086 0.001942944 0.001664767 7.89149E-4 5.89482E-4 0.001595505 0.002005014 0.001701446 0.002018769 7.63936E-4 0.001978325 0.001986738 0.002112251 0.002169723 0.001043074 0.00107927 0.002208826 0.001116992 9.74272E-4 0.002450327 0.002536276 9.27085E-4 0.002011912 0.002076705 0.001477378 8.02269E-4 0.001649631 7.53522E-4 8.07253E-4 7.52197E-4 0.0015639 0.001685121 0.001494812 0.00210976 0.001748329 0.002083658 6.2778E-4 0.001837675 0.001673286 8.13625E-4 0.001981273 0.002029272 0.002009517 0.002104238 0.00205838 0.002831349 0.001789124 0.001750727 0.002064913 7.16761E-4 0.002094671 8.53219E-4 7.98209E-4 0.002113606 0.00204344 7.75191E-4 7.69362E-4 7.59354E-4 0.002134593 0.002123056 7.84852E-4 7.75879E-4 0.001859845 8.719E-4 0.001684308 0.002391546 0.001447554 0.001638164 0.002132797 8.47727E-4 8.23013E-4 0.002199593 8.51074E-4 7.87873E-4 7.93683E-4 0.001730115 0.001678724 0.001656484 7.99514E-4 0.001781798 0.00242371 0.001919253 8.88283E-4 0.00147522 0.0020899 0.002082415 0.001936213 0.001593466 0.002030265 0.001661976 7.72742E-4 0.001754357 8.34904E-4 0.002063199 0.001982656 8.25516E-4 0.002032069 0.001630839 0.001712338 0.001024254 0.002544386 0.00223366 0.002191777 9.92639E-4 7.4642E-4 0.002130833 0.002689402 0.001721588 0.002123109 8.07793E-4 0.002109073 0.002106779 0.002062862 0.001543695 7.67332E-4 7.27522E-4 0.001636083 7.7111E-4 8.37591E-4 0.002131178 0.00188752 7.60272E-4 0.001698976 0.001960597 0.001447253 7.97298E-4 0.001664612 5.69655E-4 7.21782E-4 7.52533E-4 0.001594315 0.001661305 0.001434007 0.002206587 0.001880531 0.002444401 7.48861E-4 0.002317996 0.001864621 9.22893E-4 0.00200548 0.002042215 0.002133464 0.002084387 0.001469375 0.002023018 0.001678648 0.00172818 0.002127538 6.86271E-4 0.002109227 7.98981E-4 8.21755E-4 0.002142477 0.00209866 7.93675E-4 7.73665E-4 7.61275E-4 0.002007099 0.00257998 0.001288182 9.1206E-4 0.001692013 7.76256E-4 0.001734196 0.002073777 0.001412905 0.001652199 0.001758109 7.90235E-4 7.67207E-4 0.002102922 8.4294E-4 7.18101E-4 7.66262E-4 0.001749472 0.001719064 0.00164059 7.95459E-4 0.001712773 0.002079607 0.001703699 7.63719E-4 0.001665561 0.002640694 0.001739429 0.001866837 0.001712391 0.002018696 0.001696148 8.17525E-4 0.001694746 8.54774E-4 0.001788813 0.00185487 8.17041E-4 0.002069843 0.001676635 0.001614659 8.05029E-4 0.001966563 0.002026382 0.002126791 8.90791E-4 5.96417E-4 0.001712299 0.002302282 0.001894434 0.002207294 9.94955E-4 0.00213726 0.002132017 0.001992667 0.001437322 8.10259E-4 6.97576E-4 0.001668481 8.96947E-4 8.08671E-4 0.002269387 0.001870289 7.8331E-4 0.001646685 0.002310705 0.001583581 8.71182E-4 0.001717962 6.54724E-4 8.30502E-4 7.52252E-4 0.001666735 0.001636773 0.001454507 0.002054605 0.001707632 0.002080039 6.09351E-4 0.001908827 0.001465326 7.67669E-4 0.002112495 0.002034593 0.001989746 0.002015619 0.001499736 0.001995621 0.001679609 0.001741596 0.002069117 6.77969E-4 0.002007422 7.69038E-4 7.34326E-4 0.002073935 0.002047889 7.69532E-4 6.4795E-4 7.16827E-4 0.002024676 0.002062665 7.12835E-4 7.19215E-4 0.001682447 7.80353E-4 0.00163439 0.002371912 0.00136295 0.001692377 0.001607673 7.72865E-4 7.22276E-4 0.002074549 7.93441E-4 6.81382E-4 7.52876E-4 0.001526662 0.001609345 0.001776831 7.80058E-4 0.001628927 0.002011197 0.002168696 8.79053E-4 0.001486267 0.002183498 0.001654208 0.001767302 0.001579037 0.002030198 0.001657442 8.20106E-4 0.001718857 0.001015552 0.002211889 0.002166857 8.49558E-4 0.00251149 0.001621635 0.001570364 8.6366E-4 0.002056176 0.002074079 0.001723554 8.05441E-4 6.01222E-4 0.001672008 0.002053295 0.001649673 0.002038053 7.85277E-4 0.002065916 0.002008024 0.002076343 0.001328379 7.34613E-4 6.84578E-4 0.001608257 8.1555E-4 7.8443E-4 0.002092948 0.001798377 8.89264E-4 0.001891825 0.002110885 0.001378505 7.98134E-4 0.001607584 6.27592E-4 9.66005E-4 7.96965E-4 0.001477444 0.001630132 0.001504464 0.002469258 0.001904417 0.002052751 5.76622E-4 0.001829285 0.001454397 8.7947E-4 0.002043681 0.002971284 0.002059922 0.002042699 0.001450761 0.00197382 0.001721732 0.001706394 0.002015377 6.44709E-4 0.00210545 7.35634E-4 7.71798E-4 0.002066163 0.001922572 7.40661E-4 6.80311E-4 7.64631E-4 0.001938234 0.002046407 6.97538E-4 7.57837E-4 0.001697443 7.79328E-4 0.001731588 0.00207857 0.001376708 0.001647616 0.001657543 7.50986E-4 6.719E-4 0.002127394 8.20095E-4 7.36264E-4 7.41062E-4 0.001616965 0.001659378 0.00163928 7.45017E-4 0.001618726 0.002017604 0.001661503 7.9181E-4 0.001492872 0.002033247 0.001679066 0.001694567 0.001584428 0.002009788 0.001665397 8.27541E-4 0.001608007 7.78354E-4 0.001848114 0.001717135 7.20283E-4 0.002092094 0.001603349 0.001597447 7.83469E-4 0.002088384 0.002046697 0.001596926 7.94424E-4 5.93312E-4 0.001588974 0.002123804 0.001590612 0.002018247 7.69819E-4 0.002078414 0.001914354 0.002021841 0.001334539 7.40521E-4 6.53223E-4 0.00164965 7.57068E-4 7.50992E-4 0.002170204 0.001923427 7.40708E-4 0.00163194 0.001955824 0.001375056 7.63198E-4 0.001582873 5.81441E-4 7.5671E-4 7.36705E-4 0.00150036 0.001622421 0.001459972 0.002060866 0.001652857 0.002033449 6.53875E-4 0.001844359 0.001409226 7.76324E-4 0.002045275 0.002082424 0.002176324 0.002477879 0.001786693 0.002584583 0.002177782 0.001954689 0.002174635 6.63271E-4 0.002001569 7.69314E-4 7.90362E-4 0.002046531 0.001965875 7.54759E-4 6.43893E-4 7.19972E-4 0.001908983 0.001994229 7.00081E-4 7.5929E-4 0.001739338 8.11429E-4 0.001644306 0.002061178 0.001373434 0.001655557 0.00165813 7.82562E-4 6.61945E-4 0.002062638 7.64552E-4 6.61479E-4 7.53695E-4 0.001619523 0.001739346 0.001631376 7.51361E-4 0.001595253 0.001985416 0.001672723 7.92227E-4 0.001499769 0.002043046 0.001623435 0.001709367 0.001604777 0.002013985 0.001635809 7.85754E-4 0.001685838 7.77845E-4 0.001785954 0.001810773 7.26328E-4 0.001980942 0.001666804 0.001614021 7.86042E-4 0.002072183 0.001964578 0.00167576 7.87397E-4 6.02132E-4 0.001679783 0.001998777 0.001635268 0.00205699 7.8245E-4 0.002016105 0.002003899 0.002201725 0.001660847 8.24866E-4 8.04667E-4 0.001655266 8.27327E-4 9.3216E-4 0.002196551 0.001825083 7.62906E-4 0.001650942 0.002133356 0.001394786 7.89016E-4 0.001737479 6.3432E-4 7.66672E-4 7.58227E-4 0.001569543 0.001703164 0.001529262 0.002193497 0.00171416 0.002023343 6.27824E-4 0.001817623 0.001468125 8.00826E-4 0.002115671 0.002085827 0.002244393 0.00207181 0.001459372 0.001977368 0.001684702 0.00161493 0.002033623 6.82055E-4 0.002005251 7.0588E-4 7.47859E-4 0.002042436 0.002078493 6.76441E-4 6.83542E-4 6.9524E-4 0.001902487 0.002011858 6.9089E-4 7.70233E-4 0.001635136 7.42831E-4 0.001712696 0.002073721 0.001384519 0.001572296 0.001689854 7.5268E-4 6.82919E-4 0.002143779 8.96648E-4 6.99257E-4 7.58256E-4 0.001522387 0.001547512 0.001604836 7.46432E-4 0.001701118 0.002054158 0.001635784 7.51461E-4 0.001397161 0.002084925 0.001608913 0.001879128 0.001753342 0.002200686 0.002133865 0.001227436 0.001731725 7.96443E-4 0.001918251 0.001890917 7.69535E-4 0.002159394 0.001700224 0.001651606 8.06993E-4 0.002067034 0.002097517 0.001658423 7.30735E-4 5.91923E-4 0.001720052 0.002010859 0.001662152 0.002080319 8.34437E-4 0.002079894 0.001986228 0.001967653 0.001351943 7.91435E-4 6.77437E-4 0.001555213 7.72229E-4 7.3646E-4 0.002049654 0.001845907 7.74345E-4 0.001681296 0.002029963 0.001376374 7.66759E-4 0.001665245 6.10017E-4 7.56181E-4 7.4438E-4 0.001619148 0.001620848 0.001408772 0.002082878 0.001589223 0.002048641 5.66868E-4 0.001815893 0.001458911 7.86454E-4 0.002098145 0.002115797 0.002013427 0.003474333 0.002135203 0.00254173 0.00209302 0.003175329 0.002775429 8.90254E-4 0.002524536 9.15141E-4 9.26813E-4 0.002531451 0.002038563 7.14543E-4 6.79312E-4 7.14561E-4 0.001954265 0.002113681 6.94134E-4 7.56984E-4 0.001647931 8.11392E-4 0.001649629 0.002152499 0.001332416 0.001713078 0.001686665 7.39551E-4 6.98327E-4 0.002079304 7.70352E-4 7.06334E-4 9.1977E-4 0.001920305 0.001608421 0.001617182 7.92033E-4 0.003001278 0.002139764 0.001544692 8.08671E-4 0.001441612 0.002078191 0.001628405 0.001589688 0.001580065 0.00201477 0.001555325 7.79109E-4 0.00165449 8.0683E-4 0.001816506 0.001856172 7.24619E-4 0.001959722 0.001623374 0.001582758 7.79565E-4 0.002044618 0.002097523 0.002129691 7.76854E-4 6.54625E-4 0.001977179 0.002210512 0.002096948 0.002370466 7.51565E-4 0.002005582 0.002016996 0.002049375 0.001449334 7.76451E-4 6.67931E-4 0.001694402 8.0724E-4 7.34306E-4 0.002208254 0.001803022 7.53838E-4 0.001830173 0.002069486 0.001359458 7.19131E-4 0.001642831 6.42268E-4 7.87724E-4 7.12034E-4 0.001454133 0.001704219 0.001441014 0.0020566 0.001611934 0.002035586 6.03343E-4 0.00182362 0.001467218 7.18525E-4 0.002065609 0.002116906 0.00217106 0.001994797 0.00147441 0.002041297 0.001701339 0.001605481 0.00197638 6.6608E-4 0.002044286 7.52267E-4 7.0428E-4 0.00200951 0.001950057 7.30001E-4 7.30945E-4 7.11145E-4 0.001878385 0.002036763 6.87979E-4 7.93286E-4 0.00163487 7.86775E-4 0.001605035 0.002110853 0.001370096 0.00161869 0.00157096 7.33427E-4 6.30944E-4 0.002112896 7.66005E-4 6.86415E-4 7.10636E-4 0.001520669 0.001600557 0.001599552 7.62395E-4 0.001596303 0.00209113 0.001588455 8.14441E-4 0.001468842 0.002029535 0.001616124 0.001592385 0.001483383 0.002108256 0.001577201 7.93663E-4 0.001612811 7.7686E-4 0.001758673 0.001811568 8.13062E-4 0.002090812 0.001584747 0.001619696 8.14047E-4 0.002117142 0.00199432 0.001618192 7.88681E-4 6.06781E-4 0.001568326 0.002088254 0.00161322 0.002029168 7.11913E-4 0.002043045 0.001916015 0.002079474 0.001403419 7.68121E-4 6.21287E-4 0.00169754 7.71319E-4 7.36842E-4 0.001962549 0.002031362 7.73291E-4 0.002055756 0.002578898 0.00167037 8.69466E-4 0.001651293 5.98751E-4 7.86214E-4 7.09581E-4 0.001482647 0.001733555 0.001413465 0.002034507 0.001660449 0.0020842 6.02827E-4 0.001808577 0.001433601 7.85674E-4 0.002155899 0.002061953 0.002061689 0.002033788 0.001512685 0.001981103 0.001596327 0.001621291 0.002078206 6.80862E-4 0.002026664 7.32943E-4 7.73522E-4 0.002047517 0.002077874 7.5465E-4 6.87643E-4 7.40987E-4 0.001956364 0.002040777 6.93295E-4 7.22449E-4 0.001661224 8.03798E-4 0.001779316 0.002102611 0.001322808 0.001593009 0.001656174 6.95239E-4 6.86492E-4 0.002076912 7.83448E-4 6.43465E-4 7.21393E-4 0.001549276 0.001600196 0.001648145 7.97855E-4 0.001733313 0.002044495 0.001629208 7.43744E-4 0.001468226 0.001920107 0.001576671 0.001663589 0.001593046 0.001982566 0.001605796 7.71749E-4 0.001676706 7.73801E-4 0.00171351 0.001717359 7.15353E-4 0.002080558 0.001661307 0.001525902 8.13486E-4 0.00214205 0.002061504 0.001653715 7.78091E-4 5.84125E-4 0.001655948 0.002109124 0.001645058 0.002003313 7.42735E-4 0.002005539 0.002384054 0.0020855 0.001369884 7.496E-4 5.96274E-4 0.001666774 0.001017751 7.40775E-4 0.002073994 0.001738451 7.08361E-4 0.001659538 0.002137829 0.001540992 8.66124E-4 0.002011796 6.20761E-4 7.1096E-4 7.01821E-4 0.001444219 0.001620356 0.001414529 0.002011917 0.001649947 0.002008307 6.18305E-4 0.001780942 0.001461445 7.80163E-4 0.002022236 0.002141886 0.002056047 0.002101492 0.001452214 0.002061262 0.001663606 0.001764482 0.002097218 7.23864E-4 0.002069657 7.38613E-4 7.06091E-4 0.002004385 0.002003992 6.91199E-4 6.76058E-4 6.68206E-4 0.001974996 0.001948563 6.92055E-4 7.52553E-4 0.001626999 7.30304E-4 0.001701428 0.002072933 0.001321427 0.00162779 0.001627133 7.54472E-4 6.76476E-4 0.002052453 7.96781E-4 6.68839E-4 8.03489E-4 0.001577659 0.001575462 0.001580951 7.95071E-4 0.001696827 0.002079473 0.001541094 7.31488E-4 0.001480963 0.002059287 0.001558452 0.001609203 0.001556882 0.001981276 0.001422125 7.41026E-4 0.001581764 7.89201E-4 0.00177933 0.001827465 7.17429E-4 0.002064534 0.001675784 0.001553785 7.99605E-4 0.001920707 0.001822547 0.001561513 7.86003E-4 5.60388E-4 0.001640769 0.002030433 0.001513241 0.002074874 7.69163E-4 0.001991799 0.001972044 0.001966839 0.00138 6.98502E-4 6.79176E-4 0.00162449 7.89255E-4 7.07693E-4 0.002005455 0.001774393 7.40681E-4 0.001548372 0.002049574 0.001292368 6.96549E-4 0.001556379 6.78134E-4 7.15619E-4 6.80535E-4 0.001383524 0.001629352 0.001394207 0.002592403 0.001994246 0.002566642 6.56156E-4 0.00212941 0.001757985 7.87329E-4 0.002087813 0.002043845 0.002039802 0.002020645 0.001379736 0.00195239 0.001692667 0.001580259 0.002066247 6.61986E-4 0.002128159 7.19435E-4 7.02366E-4 0.001894318 0.002032211 6.78439E-4 6.65347E-4 7.2402E-4 0.002047825 0.001897869 7.15119E-4 7.77738E-4 0.001680453 7.06645E-4 0.001730208 0.002017894 0.001382003 0.001560176 0.001739065 6.88832E-4 6.3252E-4 0.002085899 7.73356E-4 7.28943E-4 7.73087E-4 0.001527669 0.001604325 0.00149703 7.38136E-4 0.001539683 0.002035458 0.001524363 7.82316E-4 0.001471983 0.002002386 0.001632986 0.001638994 0.001558392 0.002002461 0.001490003 7.76102E-4 0.001670277 8.35556E-4 0.001710846 0.001719285 6.66914E-4 0.002064072 0.001688111 0.001598405 8.24903E-4 0.002036557 0.002057653 0.001614822 8.04045E-4 5.78969E-4 0.001623989 0.001972595 0.001618393 0.002013081 7.7711E-4 0.002077442 0.001980854 0.002044895 0.001476083 7.63078E-4 6.70338E-4 0.001634542 7.60924E-4 6.93328E-4 0.002061386 0.001768991 6.85942E-4 0.001576854 0.001943466 0.001269797 6.9248E-4 0.001634644 5.91807E-4 6.88187E-4 8.20632E-4 0.001556452 0.001607744 0.001389345 0.002043976 0.001737193 0.002036351 5.66224E-4 0.0018504 0.001464978 7.24776E-4 0.002099709 0.001949553 0.002066248 0.002055084 0.001365177 0.002011371 0.001561429 0.001542745 0.002057811 6.59156E-4 0.001960871 7.46163E-4 7.16897E-4 0.001990378 0.0020306 7.53212E-4 6.86175E-4 7.28076E-4 0.001914947 0.001951054 6.83064E-4 7.56062E-4 0.001637625 6.93661E-4 0.001709374 0.002056505 0.001446171 0.001612078 0.001634586 6.62387E-4 5.66546E-4 0.002080341 7.974E-4 6.30546E-4 7.5228E-4 0.001590217 0.001642388 0.001558954 7.76644E-4 0.00166681 0.002039805 0.001545506 7.19928E-4 0.001371189 0.002031051 0.001650335 0.001597615 0.001434181 0.002030858 0.001588446 7.90117E-4 0.001587725 7.6246E-4 0.001726196 0.001774939 7.37754E-4 0.002005618 0.001550447 0.001621732 7.95174E-4 0.002003624 0.002008738 0.00154904 8.14937E-4 5.99984E-4 0.001690946 0.002142467 0.00159706 0.002071851 7.90683E-4 0.00189699 0.002105578 0.002001127 0.001393903 7.45209E-4 6.41251E-4 0.001643016 7.79361E-4 7.56289E-4 0.002059236 0.001802848 7.12563E-4 0.001655993 0.001973243 0.001297428 7.03935E-4 0.001580222 6.0523E-4 7.19831E-4 6.64245E-4 0.001474233 0.001544526 0.001422472 0.002021417 0.001594062 0.002005152 5.59153E-4 0.00186876 0.001343558 6.98699E-4 0.001986468 0.001912207 0.001970808 0.003702112 0.001814585 0.002576247 0.001688181 0.001533881 0.002070349 6.40306E-4 0.002060101 6.94892E-4 7.36627E-4 0.002091674 0.001884243 7.24304E-4 6.60486E-4 7.16423E-4 0.002427514 0.002195061 7.53124E-4 7.95551E-4 0.001688241 7.00475E-4 0.001691629 0.002089628 0.001322247 0.001596413 0.00170534 7.31772E-4 6.35704E-4 0.002049428 8.34098E-4 7.07732E-4 7.26348E-4 0.001417117 0.001849391 0.001431755 7.2227E-4 0.001517873 0.002418189 0.001394666 6.5792E-4 0.001312968 0.001844629 0.001384921 0.001339495 0.001383636 0.001725911 0.001345456 6.39933E-4 0.001476245 7.50646E-4 0.001628481 0.001768201 6.1299E-4 0.001860263 0.001522291 0.001442214 6.41312E-4 0.001733296 0.00181606 0.002029044 6.64129E-4 5.28212E-4 0.001984944 0.001946521 0.002131907 0.002486166 9.62821E-4 0.002509582 0.002601138 0.002604084 0.001824668 8.7449E-4 7.88551E-4 0.002257967 8.14055E-4 7.29666E-4 0.001983952 0.001865598 6.92467E-4 0.001887292 0.00242366 0.001160123 6.55151E-4 0.001476973 5.46372E-4 6.51222E-4 6.22002E-4 0.001313113 0.001945767 0.001286921 0.001813402 0.001519913 0.001869123 4.94007E-4 0.001527094 0.00137825 6.24751E-4 0.001843257 0.001721091 0.00183353 0.001781906 0.001631779 0.00185296 0.001431916 0.001347532 0.001845086 7.8971E-4 0.002276581 6.38111E-4 6.71853E-4 0.001709912 0.001673986 7.67698E-4 6.41016E-4 6.15564E-4 0.001675514 0.001711023 6.88439E-4 6.47939E-4 0.001392017 8.57462E-4 0.001512334 0.00181564 0.001187247 0.001234683 0.001800955 5.71478E-4 5.77842E-4 0.001819184 6.70666E-4 6.10996E-4 6.50713E-4 0.00134116 0.001749503 0.001334148 6.53447E-4 0.001437877 0.00250202 0.001635912 7.75181E-4 0.001651805 0.002278541 0.001717956 0.001681743 0.001656831 0.001833235 0.001235918 6.32601E-4 0.001498699 6.76978E-4 0.001703244 0.001847284 6.29891E-4 0.001788823 0.0014537 0.001382859 6.99363E-4 0.001814404 0.001875471 0.001796839 7.11498E-4 5.20558E-4 0.001878025 0.001782848 0.001426352 0.001711797 6.32813E-4 0.001839015 0.001693341 0.00178388 0.001373825 6.19603E-4 6.41183E-4 0.001893755 7.07684E-4 6.14144E-4 0.001761988 0.001797941 6.22864E-4 0.001863387 0.00221475 0.00118246 6.12836E-4 0.001411962 5.35659E-4 5.75491E-4 5.777E-4 0.001246609 0.001756137 0.002201408 0.001837969 0.001395339 0.001869563 4.90591E-4 0.001834631 0.001513107 6.55317E-4 0.001773029 0.001719355 0.001828491 0.001870547 0.001538217 0.001708621 0.001442355 0.001363885 0.001858174 7.54888E-4 0.002327328 6.30243E-4 6.38618E-4 0.001778005 0.001771291 8.21275E-4 6.65722E-4 6.29922E-4 0.001603295 0.001576771 6.59982E-4 6.22635E-4 0.001376248 8.50447E-4 0.001463587 0.001813255 0.001137607 0.00131257 0.001896136 5.43724E-4 5.38634E-4 0.001863825 6.59289E-4 6.6537E-4 6.62043E-4 0.001388302 0.001846873 0.001383286 5.93671E-4 0.001434137 0.002343299 0.001286846 6.13439E-4 0.001267123 0.001807756 0.001458426 0.001271818 0.001297404 0.001579346 0.001279296 6.6999E-4 0.001408004 6.30364E-4 0.001664196 0.001805358 5.55135E-4 0.001787161 0.003410002 0.002150841 9.52735E-4 0.002063076 0.002020486 0.002321715 8.32494E-4 6.05685E-4 0.002010131 0.002180093 0.001405411 0.001790831 6.96958E-4 0.001682777 0.001707604 0.001783417 0.001310326 6.69575E-4 6.54247E-4 0.001868641 6.86581E-4 6.49267E-4 0.001793766 0.001741884 6.50186E-4 0.001830076 0.002364074 0.001156286 6.12456E-4 0.001409855 5.30128E-4 6.51686E-4 6.17846E-4 0.001216781 0.001896162 0.001275199 0.001853422 0.001462652 0.00177096 4.63144E-4 0.001484871 0.001374288 6.70486E-4 0.001893672 0.001748891 0.001812135 0.001772121 0.001506601 0.001737524 0.001395538 0.001322524 0.001796036 7.73793E-4 0.002534522 6.33738E-4 6.25883E-4 0.00183179 0.001639092 8.14808E-4 6.51524E-4 6.13131E-4 0.00173061 0.001547472 6.61674E-4 5.91587E-4 0.001443916 8.97178E-4 0.001500129 0.001802242 0.001251816 0.001374097 0.002301863 6.7164E-4 6.79864E-4 0.002068304 6.68831E-4 6.833E-4 6.35118E-4 0.001330048 0.001864252 0.001314722 6.42631E-4 0.001376884 0.002359257 0.001275418 6.24296E-4 0.001228069 0.001748602 0.001365185 0.001344098 0.001277997 0.001692636 0.001321967 6.67587E-4 0.001358436 6.5114E-4 0.00157939 0.001766884 6.13893E-4 0.001767631 0.001382086 0.001459799 6.81105E-4 0.001787487 0.001717289 0.001816849 6.6509E-4 4.9843E-4 0.001913884 0.001760922 0.001363654 0.001773206 6.5759E-4 0.001728941 0.001728748 0.001696036 0.0012455 6.18415E-4 6.39224E-4 0.00183668 6.69216E-4 6.10234E-4 0.001764193 0.001652696 7.10018E-4 0.001880832 0.002322506 0.001170698 6.21081E-4 0.001491656 5.2248E-4 6.00028E-4 5.69273E-4 0.001267658 0.001783156 0.001204706 0.001752085 0.001347745 0.001765363 5.56212E-4 0.001689569 0.001368194 6.70478E-4 0.001818081 0.001668654 0.001727006 0.001808448 0.00156408 0.001723212 0.00138736 0.001363888 0.00180282 7.47031E-4 0.002322345 6.33476E-4 6.43944E-4 0.001766488 0.001584682 8.31132E-4 6.14283E-4 5.72951E-4 0.001701915 0.001606472 6.43473E-4 6.56505E-4 0.001453346 8.0478E-4 0.001463915 0.001864885 0.001188329 0.001317802 0.001897578 5.71251E-4 5.78313E-4 0.001820554 6.47209E-4 6.5906E-4 6.40947E-4 0.001306161 0.001797218 0.001366637 6.69529E-4 0.001425843 0.002324593 0.00134762 6.29539E-4 0.001197648 0.001680988 0.001416325 0.001431212 0.001327986 0.001752105 0.001356299 6.14304E-4 0.001467374 6.64668E-4 0.001560737 0.001636458 5.80255E-4 0.001816765 0.001386769 0.001401818 6.67199E-4 0.001680924 0.001701604 0.001917292 7.05994E-4 5.05303E-4 0.001765886 0.001847449 0.001426525 0.001799801 6.24482E-4 0.001736117 0.001649909 0.001765935 0.001317591 6.44414E-4 6.39041E-4 0.001796745 6.41621E-4 6.26614E-4 0.001797522 0.001724207 6.1108E-4 0.00175545 0.002289437 0.001150763 5.6687E-4 0.001405837 5.13736E-4 5.83176E-4 5.70956E-4 0.001232126 0.00184927 0.001214043 0.001791705 0.001417243 0.001753259 4.45215E-4 0.001547959 0.001369736 6.57778E-4 0.001721196 0.001677427 0.001792995 0.001758208 0.00146732 0.001680658 0.001386995 0.001309835 0.001791821 7.27748E-4 0.002331983 5.67822E-4 6.44064E-4 0.001669908 0.001731292 7.7952E-4 6.28729E-4 5.93145E-4 0.00165184 0.001594787 6.34332E-4 5.86004E-4 0.001420912 8.37431E-4 0.001393199 0.001760409 0.001204181 0.001188725 0.001887404 5.38848E-4 5.75248E-4 0.001905791 6.52327E-4 5.96803E-4 5.91739E-4 0.001383321 0.001729384 0.00133415 6.54142E-4 0.001354619 0.0024098 0.001345125 6.40476E-4 0.001433862 0.001767179 0.001419413 0.001398687 0.001355373 0.001632932 0.00122525 6.84072E-4 0.001353605 6.56272E-4 0.001614967 0.001736288 6.59662E-4 0.001651083 0.001340085 0.001422812 6.78056E-4 0.001747395 0.001761465 0.001927394 6.7131E-4 5.13542E-4 0.001821083 0.001786789 0.001407959 0.001657212 6.57438E-4 0.001674439 0.001747726 0.001685849 0.001301479 6.44483E-4 6.35299E-4 0.001814584 6.40267E-4 6.16922E-4 0.0017116 0.001661318 6.01016E-4 0.001887831 0.002308016 0.00116558 5.95646E-4 0.001416072 4.93409E-4 5.81424E-4 5.75058E-4 0.001290646 0.001879589 0.001202522 0.001742713 0.001330558 0.001916393 5.42725E-4 0.001507492 0.00130083 6.55571E-4 0.001767573 0.001601259 0.001773619 0.001697452 0.001528813 0.002531302 0.001337486 0.001352905 0.001677096 7.12029E-4 0.002232328 6.21569E-4 6.28382E-4 0.001708245 0.001787789 7.3382E-4 6.50762E-4 5.98794E-4 0.001771487 0.001599704 6.17781E-4 6.29963E-4 0.001390756 7.87251E-4 0.001436034 0.001720724 0.001092669 0.001401137 0.001924302 5.45884E-4 5.43103E-4 0.001752954 6.45991E-4 6.20254E-4 6.15183E-4 0.001251119 0.00176549 0.001323236 6.36035E-4 0.001377835 0.002246623 0.001328695 6.04131E-4 0.001203472 0.001750468 0.00141561 0.00139371 0.001290014 0.001881694 0.001198751 6.59249E-4 0.001394078 6.75826E-4 0.001565364 0.001706305 6.62101E-4 0.001752671 0.001395139 0.001379483 6.71855E-4 0.001624717 0.001606242 0.001863193 6.39426E-4 4.91947E-4 0.001791105 0.001776197 0.00146074 0.001765665 6.63545E-4 0.001791105 0.001752159 0.001680181 0.001314338 6.56371E-4 6.34721E-4 0.001867007 7.18619E-4 6.0275E-4 0.001792406 0.001730593 6.28555E-4 0.001927529 0.002245159 0.001135362 5.80282E-4 0.001432083 0.001443456 6.13482E-4 5.77567E-4 0.001240888 0.001790862 0.0012786 0.001725384 0.001441643 0.001756722 5.02092E-4 0.001527148 0.001381213 6.75806E-4 0.001771087 0.001696187 0.001630473 0.001762405 0.00144849 0.001840973 0.001347227 0.001317743 0.001685432 6.77733E-4 0.002216997 6.12167E-4 5.93009E-4 0.001783832 0.001615026 7.96537E-4 5.99736E-4 5.80896E-4 0.001517102 0.001681487 6.55464E-4 6.45353E-4 0.001365564 8.26792E-4 0.001434338 0.001728144 0.001250871 0.001333499 0.001871931 5.63969E-4 5.77604E-4 0.001821326 6.3849E-4 6.3146E-4 6.28909E-4 0.001306595 0.001733274 0.001244865 6.38659E-4 0.001362036 0.002149422 0.001328531 6.24708E-4 0.00123102 0.001749593 0.001426615 0.001357348 0.001647602 0.00165986 0.001811526 6.76681E-4 0.001364925 6.62537E-4 0.00155522 0.001753347 6.09626E-4 0.001770192 0.001378876 0.001394343 6.29888E-4 0.001674652 0.001674677 0.001868979 6.45484E-4 5.22729E-4 0.001852071 0.001787431 0.001367311 0.001706509 6.75233E-4 0.001929512 0.001798146 0.00182857 0.001437337 6.64482E-4 6.32063E-4 0.001859804 5.98147E-4 6.31477E-4 0.001742419 0.001553359 7.51712E-4 0.001821095 0.002259032 0.001148144 6.1914E-4 0.001451127 4.76586E-4 5.91575E-4 5.52081E-4 0.001268828 0.001879488 0.001220654 0.001705233 0.001407928 0.001775646 5.34642E-4 0.001514576 0.001410584 6.8311E-4 0.001702808 0.001664353 0.001791379 0.001743015 0.001553959 0.001730631 0.001386158 0.001329775 0.001766997 6.63064E-4 0.002234541 6.11132E-4 7.00093E-4 0.001792169 0.001744292 7.98523E-4 6.32623E-4 6.05526E-4 0.001637617 0.001645936 6.5322E-4 6.28537E-4 0.001423011 7.54107E-4 0.001325659 0.001769966 0.001155087 0.001312435 0.001875754 5.46994E-4 6.16583E-4 0.001697291 6.72789E-4 5.92738E-4 6.37047E-4 0.001286026 0.001698356 0.001306775 6.6781E-4 0.001396382 0.002377719 0.001356626 6.56559E-4 0.001248833 0.001739835 0.001350567 0.001297459 0.00133329 0.001708365 0.001311904 6.59419E-4 0.001434994 6.42315E-4 0.001589675 0.001706368 6.09917E-4 0.001623492 0.001409598 0.001408307 7.42225E-4 0.001747009 0.001682461 0.001850201 6.59097E-4 4.62909E-4 0.001819937 0.001680589 0.001350447 0.001709334 6.47343E-4 0.001759223 0.001645578 0.001740897 0.001319759 6.57892E-4 6.10017E-4 0.001797351 6.94207E-4 6.18245E-4 0.001782778 0.001697135 6.87605E-4 0.001805731 0.002222765 0.001020533 6.03595E-4 0.001413301 4.72302E-4 5.40552E-4 5.40485E-4 0.001238467 0.001822962 0.001228618 0.001738121 0.001402839 0.001830972 4.49594E-4 0.001529665 0.001372533 6.50763E-4 0.001772597 0.001676252 0.001661114 0.001703463 0.001526128 0.001701699 0.00128991 0.001373818 0.001747818 7.33587E-4 0.002283299 6.12553E-4 6.14438E-4 0.001752277 0.001716824 7.48241E-4 6.1815E-4 6.0571E-4 0.001649381 0.001590479 6.40329E-4 5.71234E-4 0.001384218 8.00567E-4 0.001446415 0.001790686 0.00114978 0.001303886 0.001834939 5.38044E-4 5.7809E-4 0.001657215 6.67274E-4 6.11635E-4 5.97835E-4 0.00123863 0.001759745 0.001355918 6.52128E-4 0.001370041 0.002212694 0.001303047 5.85987E-4 0.001215554 0.001771482 0.001323703 0.001376154 0.001263469 0.001640832 0.001341814 6.49283E-4 0.001371906 6.60906E-4 0.001556315 0.001715386 6.06264E-4 0.001803068 0.001380975 0.001347639 6.5164E-4 0.001737203 0.001687798 0.001820383 6.60096E-4 4.66086E-4 0.001708171 0.001736136 0.001303924 0.001736717 6.42681E-4 0.001718864 0.00165098 0.001719261 0.001226102 5.92731E-4 6.04189E-4 0.001782449 6.2448E-4 5.46547E-4 0.001745758 0.001919288 7.26751E-4 0.00183149 0.002075021 0.001121555 5.7083E-4 0.001383632 5.33167E-4 5.42913E-4 5.45517E-4 0.001251978 0.001867239 0.00120415 0.001775406 0.001339617 0.00168968 4.65083E-4 0.001508127 0.001388698 6.36741E-4 0.001712563 0.001645766 0.001628872 0.00167189 0.001497082 0.00164557 0.001325981 0.001487941 0.001984441 8.44944E-4 0.002342137 6.19865E-4 6.14327E-4 0.001751008 0.001706368 7.33357E-4 6.32037E-4 5.80621E-4 0.001648886 0.001645213 6.20081E-4 6.19193E-4 0.001377824 7.98727E-4 0.001386003 1.27332E-4 0.001121297 0.001341269 0.001850929 5.3443E-4 5.18961E-4 0.001642255 6.26085E-4 6.42163E-4 5.555E-4 0.001311372 0.001715747 0.001219173 6.38089E-4 0.001397071 0.002122851 0.001285324 6.06377E-4 0.001239778 0.00171926 0.001392249 0.001284901 0.001207659 0.001711641 0.001200204 6.58003E-4 0.001426767 6.03664E-4 0.001519557 0.001713873 5.69022E-4 0.001635451 0.001378176 0.001406101 6.5105E-4 0.001590673 0.001602955 0.001834205 5.97033E-4 4.37661E-4 0.001664522 0.001755293 0.001318178 0.00166616 6.46612E-4 0.001675254 0.001569155 0.001655204 0.001315111 5.77911E-4 5.47394E-4 0.001823514 5.97726E-4 6.20977E-4 0.001710004 0.001681178 6.02629E-4 0.001824491 0.00204972 0.001133909 5.62053E-4 0.001285539 4.49479E-4 5.27094E-4 5.51989E-4 0.001229635 0.001782567 0.001078913 0.001788959 0.00130257 0.001600331 4.68637E-4 0.001518568 0.001234168 5.72601E-4 0.001748815 0.001614223 0.001548406 0.001696834 0.001437201 0.001602958 0.001414438 0.001280471 0.001687079 6.49593E-4 0.002423517 6.32275E-4 5.6841E-4 0.001592618 0.001724571 7.23247E-4 5.63716E-4 5.20131E-4 0.001602009 0.001489864 6.70555E-4 6.20758E-4 0.001405488 8.23692E-4 0.001427531 0.001753841 0.001157173 0.001293888 0.001878823 5.35791E-4 5.62954E-4 0.001778185 6.61614E-4 5.60919E-4 5.58825E-4 0.001324081 0.001616247 0.001340846 6.55719E-4 0.001255095 0.002353861 0.001190886 5.32097E-4 0.001116771 0.001716726 0.001399929 0.001225965 0.00117815 0.001752821 0.001338001 5.77885E-4 0.001310596 5.99774E-4 0.001559131 0.001593024 6.30949E-4 0.001614615 0.001423926 0.001285323 6.59895E-4 0.001631897 0.001741081 0.001675954 6.03283E-4 4.36792E-4 0.001862973 0.001778696 0.001380183 0.001761018 6.35059E-4 0.001573305 0.001720545 0.001626108 0.001200272 5.82161E-4 5.54089E-4 0.001840866 6.83127E-4 5.71733E-4 0.001779888 0.001577857 6.38668E-4 0.001861049 0.002071706 0.001143125 6.28564E-4 0.001276283 5.0746E-4 5.70507E-4 5.60655E-4 0.00125149 0.001679188 0.001144586 0.001620262 0.001247018 0.001615789 4.70837E-4 0.001433804 0.001379573 5.81531E-4 0.0015994 0.001518291 0.001774162 0.001728385 0.001336397 0.001741513 0.001255346 0.001292963 0.001610765 7.34789E-4 0.002076832 6.07336E-4 6.20497E-4 0.001774834 0.001560747 7.16061E-4 6.31119E-4 6.08643E-4 0.001556276 0.001494969 6.28151E-4 6.22126E-4 0.00142498 8.09061E-4 0.001347052 0.001737456 0.001139463 0.001211412 0.002033286 5.84744E-4 5.26003E-4 0.001781999 6.18635E-4 5.9535E-4 6.02027E-4 0.00130511 0.00165339 0.001217804 6.18743E-4 0.001405032 0.002305824 0.001191839 5.51151E-4 0.001120295 1.49928E-4 0.001298344 0.001784462 0.001210424 0.00157157 0.001178672 6.44085E-4 0.001311706 6.25803E-4 0.001565114 0.001710118 6.10131E-4 0.00163443 0.001240601 0.001353834 6.3195E-4 0.001692519 0.001659992 0.001692887 6.39896E-4 5.38843E-4 0.001712091 0.001740895 0.001357875 0.001708207 5.86884E-4 0.001697057 0.001596184 0.001723393 0.001280011 5.83746E-4 5.40806E-4 0.001814301 5.97439E-4 6.23119E-4 0.001670385 0.001675377 5.52652E-4 0.001677529 0.002104522 0.00102519 5.81656E-4 0.001379676 5.04075E-4 6.06996E-4 5.47846E-4 0.001236291 0.001809375 0.001141567 0.001756415 0.001373445 0.001635497 4.13617E-4 0.001516508 0.001258926 6.48544E-4 0.001716057 0.001633287 0.001572761 0.001693805 0.001489902 0.00170933 0.001240748 0.001245861 0.001646926 6.88532E-4 0.002254216 5.49918E-4 5.64763E-4 0.001570895 0.001570399 7.77084E-4 5.67035E-4 5.33015E-4 0.001581925 0.001562895 5.5641E-4 6.09391E-4 0.001385095 7.39133E-4 0.0013012 0.00174745 0.001123938 0.001291381 0.001877684 5.20942E-4 5.67194E-4 0.001734311 6.08001E-4 6.21474E-4 6.07987E-4 0.001292514 0.001803053 0.001349318 5.71858E-4 0.001402159 0.002269105 0.001289363 5.47617E-4 0.001208799 0.001760949 0.00127984 0.001383165 0.001315003 0.001615666 0.001129765 5.85451E-4 0.001293072 6.33146E-4 0.001557979 0.001596917 6.22898E-4 0.001629746 0.001365383 0.001345973 6.56183E-4 0.001595499 0.001596793 0.001881891 6.93427E-4 5.85934E-4 0.002340713 0.001856768 0.00136915 0.001606597 6.7815E-4 0.001751002 0.001712341 0.001544738 0.001299779 6.42332E-4 6.14327E-4 0.001832663 6.46335E-4 5.96094E-4 0.001747337 0.001587439 5.75718E-4 0.001866677 0.002219725 0.001146179 5.74281E-4 0.001368977 4.99268E-4 5.7113E-4 5.52615E-4 0.001294808 0.001835615 0.001103553 0.001694249 0.001457752 0.001730819 4.60358E-4 0.001483045 0.001374013 6.36059E-4 0.001753235 0.001506912 0.001711091 0.00172487 0.001487274 0.001735024 0.001324499 0.001293078 0.001765801 6.36171E-4 0.002199258 5.98745E-4 6.36587E-4 0.001732732 0.001677552 7.17129E-4 5.76296E-4 5.35713E-4 0.001649692 0.001649106 5.73753E-4 6.05432E-4 0.001400632 8.09308E-4 0.001420257 0.001685494 0.001157983 0.001303351 0.001810973 5.147E-4 4.95805E-4 0.001698678 6.58061E-4 6.10758E-4 6.20328E-4 0.001283845 0.001762454 0.001202057 6.38623E-4 0.001266007 0.002236311 0.001313317 6.05103E-4 0.00122 0.001721152 0.001235355 0.001353216 0.001303445 0.001585342 0.00121901 6.42124E-4 0.001429373 6.13571E-4 0.001616311 0.00170746 5.91193E-4 0.001709003 0.001383301 0.001404973 6.74785E-4 0.001701456 0.001698147 0.001830825 6.69442E-4 4.64656E-4 0.001682753 0.001576107 0.001425266 0.001749587 6.32338E-4 0.00171379 0.001673419 0.001619787 0.001316702 6.47783E-4 6.12633E-4 0.001827138 6.6415E-4 6.32422E-4 0.001685536 0.001715417 6.43313E-4 0.001689553 1.18323E-4 0.00115254 5.6504E-4 0.001267936 4.44445E-4 5.8324E-4 5.60474E-4 0.001235671 0.00178072 0.001123468 0.001578712 0.001374303 0.001707242 4.3685E-4 0.001540094 0.00133778 5.71763E-4 0.001713021 0.001517933 0.001615042 0.001743713 0.001484545 0.001649543 0.001356902 0.001313476 0.001617891 7.10425E-4 0.002209222 6.34004E-4 6.01816E-4 0.001748638 0.001576089 7.42765E-4 5.48669E-4 5.79057E-4 0.001649137 0.001485854 5.62357E-4 5.64805E-4 0.001417955 7.31592E-4 0.001423681 0.001693758 0.001298139 0.001288363 0.001861842 5.25589E-4 5.10516E-4 0.001757915 6.50493E-4 5.94191E-4 6.02351E-4 0.001321618 0.001758232 0.001338401 5.96497E-4 0.001388207 0.002271768 0.001279845 5.852E-4 0.001217079 0.001741584 0.001400996 0.001401481 0.001294535 0.001585131 0.001189222 6.59369E-4 0.001242945 6.31643E-4 0.001542445 0.001562585 5.83881E-4 0.001775776 0.001338203 0.001363458 6.04383E-4 0.001641437 0.001699642 0.001863544 0.001405205 7.50861E-4 0.002462207 0.001673529 0.00137961 0.001602456 6.28206E-4 0.001861961 0.001707794 0.001738056 0.001204155 7.58275E-4 6.17366E-4 0.001855709 6.26064E-4 6.23945E-4 0.001630252 0.001733862 6.9455E-4 0.00191275 0.002223899 0.001073086 6.1859E-4 0.001390171 4.97518E-4 6.23483E-4 5.77299E-4 0.001315147 0.001812513 0.001237877 0.001765286 0.001482963 0.001618968 4.80749E-4 0.001510925 0.001395046 6.44096E-4 0.001791494 0.001662699 0.001697608 0.001774099 0.001410961 0.001564497 0.001336887 0.001331504 0.001680243 7.76047E-4 0.002340209 6.42595E-4 6.37814E-4 0.001993267 0.001708507 8.87137E-4 6.4693E-4 5.4543E-4 0.001705629 0.001645406 6.34159E-4 6.26634E-4 0.001419215 8.44276E-4 0.001408172 0.001862995 0.001040877 0.001269596 0.001762626 5.97367E-4 7.90275E-4 0.002438355 9.12221E-4 8.60911E-4 0.001031375 0.00192649 0.002379483 0.00158666 8.1017E-4 0.001584717 0.002832064 0.001225355 5.94247E-4 0.001181986 0.001834592 0.001335656 0.001539806 0.001305267 0.001601069 0.001323493 6.52146E-4 0.001433608 6.77934E-4 0.00162547 0.001775496 6.46027E-4 0.001823496 0.001405573 0.001340001 7.34258E-4 0.001780121 0.001650915 0.001852998 6.81249E-4 4.93826E-4 0.001880987 0.001589602 0.001279398 0.001591027 6.67027E-4 0.001763092 0.001758142 0.001703369 0.00128612 6.67248E-4 6.27968E-4 0.001877203 6.51331E-4 6.42954E-4 0.001819006 0.001719134 6.42106E-4 0.001959558 0.002102233 0.001130849 5.72203E-4 0.001370945 5.43371E-4 5.30641E-4 5.70662E-4 0.001136521 0.001792827 0.001182545 0.001781078 0.001403735 0.001740803 4.6287E-4 0.001586001 0.001247208 5.94828E-4 0.001554074 0.001624468 0.001694338 0.001720836 0.001505809 0.001747436 0.001248436 0.001311123 0.001792386 7.23861E-4 0.002246174 6.19465E-4 6.1729E-4 0.001738624 0.001700249 8.00746E-4 6.33224E-4 5.47189E-4 0.001546935 0.001509948 6.31172E-4 5.57407E-4 0.001385412 7.24257E-4 0.001801132 0.002448935 0.001435104 0.001655686 0.002050233 6.62765E-4 6.57415E-4 0.001887496 5.86614E-4 6.12199E-4 5.86049E-4 0.001318146 0.001737965 0.001216247 6.53514E-4 0.00134873 0.002747777 0.001353877 6.37458E-4 0.001114085 0.001774446 0.001408513 0.001364684 0.001323104 0.001741804 0.001201453 6.49613E-4 0.001314051 6.91495E-4 0.00163767 0.001732944 5.83362E-4 0.001799315 0.001390992 0.001422901 6.75775E-4 0.00162603 0.001981401 0.001898264 6.9532E-4 5.62009E-4 0.002184299 0.002275771 0.001839374 0.002231785 6.76844E-4 0.001748549 0.001745495 0.001551681 0.001232898 6.67578E-4 6.44556E-4 0.001845074 5.9548E-4 6.33396E-4 0.001783805 0.001660158 5.95748E-4 0.001876739 0.002104776 0.001183617 5.82233E-4 0.001430879 5.10184E-4 5.39884E-4 5.62281E-4 0.001139167 0.001678845 0.001116594 0.001793063 0.001293352 0.001642541 4.40327E-4 0.001519027 0.001290242 6.76188E-4 0.001711982 0.001654615 0.001787399 0.001706632 0.001440409 0.001724807 0.00135638 0.001267914 0.001756415 7.71989E-4 0.002225815 6.02608E-4 6.28589E-4 0.001681408 0.001724914 7.09054E-4 6.33029E-4 5.58449E-4 0.001481474 0.001610051 5.74136E-4 6.25302E-4 0.001414364 8.10915E-4 0.001440723 0.001690587 0.001124244 0.001320267 0.0018176 5.56904E-4 5.56494E-4 0.001700993 5.98955E-4 6.09985E-4 6.25741E-4 0.001579083 0.002272642 0.001728474 8.08682E-4 0.00180375 0.002801005 0.001645145 7.72314E-4 0.001321221 0.001783738 0.001430173 0.00139189 0.001321058 0.001781225 0.001222361 6.51629E-4 0.001454982 6.84907E-4 0.001682173 0.001762312 5.72879E-4 0.001833008 0.001458011 0.001413509 6.35426E-4 0.001715833 0.001640289 0.001718943 7.05918E-4 4.49508E-4 0.001816972 0.001596358 0.001452813 0.001753794 6.53637E-4 0.001770355 0.001716909 0.001678014 0.001373405 6.2567E-4 6.27777E-4 0.001843121 6.61549E-4 6.50825E-4 0.00178332 0.001554774 5.76048E-4 0.001705783 0.002249652 0.00115833 5.89125E-4 0.001317538 4.72826E-4 5.73035E-4 5.66066E-4 0.001228701 0.001822263 0.001217579 0.001775622 0.001240975 0.001710504 4.45946E-4 0.001568516 0.001379249 6.08536E-4 0.001770337 0.00164015 0.001733153 0.001711492 0.001526896 0.001767608 0.001358096 0.001274756 0.00164565 7.27125E-4 0.002195419 6.31913E-4 6.32649E-4 0.001748034 0.001716448 8.35414E-4 6.43733E-4 5.95935E-4 0.001657373 0.001580295 5.99048E-4 5.74609E-4 0.001409031 8.12996E-4 0.00134736 0.001806868 0.001076662 0.001300238 0.001687263 5.46103E-4 5.78597E-4 0.001777602 6.47933E-4 5.68215E-4 5.61155E-4 0.001323504 0.001763942 0.001321572 5.80172E-4 0.001344476 0.002257051 0.001203563 5.47364E-4 0.001177453 0.001737231 0.001489287 0.001491878 0.001716234 0.002333952 0.001594323 8.55528E-4 0.001603585 7.1645E-4 0.001640043 0.001742278 6.38015E-4 0.001792899 0.001433234 0.001286941 6.54487E-4 0.00172336 0.001534941 0.001881402 6.82169E-4 4.52126E-4 0.001794074 0.00172168 0.001299665 0.001706595 6.66687E-4 0.001789125 0.001691789 0.001662561 0.001210004 6.51356E-4 6.23491E-4 0.00191799 6.92778E-4 6.38215E-4 0.001781996 0.001673779 6.26677E-4 0.001699087 0.002026339 0.001130273 6.3168E-4 0.001317489 5.14525E-4 6.18605E-4 5.87166E-4 0.001285853 0.001682979 0.001221467 0.001807011 0.001319067 0.001603458 4.82949E-4 0.001645196 0.001385792 6.23081E-4 0.001790469 0.001481013 0.001593672 0.001696168 0.001559234 0.001583783 0.001372673 0.001331903 0.001611384 7.36189E-4 0.002285352 6.18204E-4 6.28392E-4 0.001681232 0.001761151 7.17265E-4 6.21256E-4 6.14584E-4 0.001633215 0.001488688 5.83352E-4 6.47337E-4 0.001397479 8.23819E-4 0.00141584 0.001783955 0.001135186 0.001314627 0.001682529 5.51059E-4 5.82472E-4 0.001766428 6.57381E-4 6.29441E-4 6.22416E-4 0.001321887 0.001806648 0.001334173 5.61332E-4 0.001288239 0.002075209 0.001282505 6.00244E-4 0.001233587 0.001741315 0.001268614 0.001389662 0.001330445 0.001589794 0.001157758 6.4142E-4 0.001413935 6.54627E-4 0.001553463 0.001641518 5.58947E-4 0.001748014 0.001379058 0.001668386 7.8065E-4 0.002147593 0.001938901 0.001859537 6.70822E-4 5.18358E-4 0.001879122 0.001707547 0.001531299 0.001849969 6.66345E-4 0.001688872 0.001784162 0.001589727 0.001197593 6.77608E-4 5.68029E-4 0.00182974 6.75158E-4 6.21164E-4 0.001655614 0.001601564 6.42408E-4 0.001808484 0.002220873 0.001135704 6.05836E-4 0.001474225 5.08354E-4 5.41686E-4 5.59382E-4 0.001187454 0.001659212 0.00129456 0.001777019 0.001385079 0.001745284 5.20192E-4 0.001547937 0.001390551 6.22094E-4 0.00178709 0.001528888 0.001615654 0.001704585 0.001545501 0.00174871 0.001387006 0.001349709 0.001732981 7.31246E-4 0.002253243 6.30388E-4 6.37017E-4 0.001743298 0.001725809 7.74704E-4 6.35883E-4 5.49653E-4 0.001505656 0.00167416 6.36906E-4 6.18614E-4 0.001410413 7.61717E-4 0.001316931 0.001819298 0.001130478 0.001301539 0.001843632 6.5529E-4 5.8092E-4 0.001724943 6.52142E-4 5.76024E-4 6.42943E-4 0.001348517 0.00166676 0.00129693 6.23452E-4 0.001399795 0.002111458 0.001198503 6.00588E-4 0.001184126 0.001747221 0.001341317 0.001390495 0.00168174 0.001573037 0.001285217 6.36717E-4 0.001320223 6.63624E-4 0.001563859 0.001554528 5.51106E-4 0.001710646 0.001390921 0.001297944 6.71803E-4 0.001727869 0.001567288 0.00183427 6.67133E-4 5.27527E-4 0.001846979 0.001657306 0.001387303 0.001610332 6.38677E-4 0.001762459 0.001670808 0.001549071 0.001268664 6.45825E-4 6.01833E-4 0.001898228 6.5231E-4 6.26859E-4 0.001614448 0.001489814 6.45189E-4 0.001813702 0.002226922 0.001140309 5.70503E-4 0.001240671 4.96476E-4 5.93205E-4 5.59478E-4 0.00113069 0.001943184 0.001212076 0.001635155 0.001380802 0.001719855 4.32166E-4 0.00150531 0.001582888 6.71029E-4 0.00162462 0.001698701 0.001714387 0.002073403 0.001624586 0.001805478 0.00148727 0.00131631 0.001733309 7.50281E-4 0.002273534 5.85314E-4 6.33446E-4 0.001574816 0.001628065 7.35903E-4 5.94795E-4 5.61143E-4 0.00156191 0.001692987 6.43177E-4 6.23002E-4 0.001464841 0.001141567 0.001426401 0.001696867 0.001043757 0.001288142 0.001879288 5.57136E-4 5.42068E-4 0.001785555 6.88533E-4 6.32659E-4 5.78415E-4 0.00135294 0.001790222 0.001336635 6.60626E-4 0.001275415 0.002421466 0.001314465 6.07408E-4 0.001137008 0.001731429 0.001382239 0.001463894 0.001355783 0.001564909 0.001216384 7.97309E-4 0.001331894 6.41924E-4 0.001590357 0.001583063 5.5327E-4 0.001645366 0.001420476 0.00140615 6.03379E-4 0.001720274 0.001755975 0.001698066 6.72666E-4 5.00767E-4 0.001691697 0.001764523 0.001417087 0.001782919 6.64716E-4 0.001733168 0.001834814 0.001622402 0.001519971 5.99771E-4 6.19395E-4 0.001876625 6.08655E-4 5.93154E-4 0.001736843 0.001634703 6.39444E-4 0.00175296 0.002135254 0.001018807 5.79308E-4 0.001298352 4.55445E-4 5.82049E-4 5.5057E-4 0.001217577 0.00177961 0.001186719 0.001604719 0.001282982 0.001631449 4.7332E-4 0.001517308 0.001351396 6.28794E-4 0.001882292 0.001633061 0.00166075 0.001749225 0.001543593 0.001655577 0.001371747 0.001313577 0.001638105 7.54613E-4 0.002234757 6.01556E-4 5.70831E-4 0.001706892 0.001724301 7.94878E-4 6.18522E-4 5.88242E-4 0.001509589 0.001704017 6.50172E-4 5.70089E-4 0.001455684 7.21675E-4 0.00128197 0.001807655 0.001133606 0.001319533 0.001862089 5.34722E-4 5.63814E-4 0.001727891 6.78302E-4 5.96963E-4 1.60879E-4 0.001247352 0.001764493 0.001287905 1.62429E-4 0.001385685 0.00224237 0.001313486 1.65318E-4 0.001175967 0.001667676 0.001314698 0.001335799 0.001262686 0.001654662 0.001267931 1.63958E-4 0.001401921 2.03414E-4 0.001539758 0.00158294 1.60799E-4 0.001695035 0.001676947 0.001557308 2.07049E-4 0.002077419 0.001985492 0.001860443 1.75242E-4 5.11768E-4 0.001991845 0.00183969 0.001343907 0.001671956 1.66408E-4 0.001665237 0.001587557 0.001550158 0.00126588 1.97714E-4 1.7838E-4 0.001864221 2.11094E-4 1.62408E-4 0.001720574 0.001550934 1.67064E-4 0.001664596 0.002208031 0.001031085 1.72925E-4 0.00124371 5.03435E-4 2.12002E-4 1.81106E-4 0.001128532 0.001588983 0.001085722 0.00169657 0.001404922 0.001677395 4.54663E-4 0.001493213 0.001206919 2.05139E-4 0.001559195 0.00153594 0.001739843 0.001694111 0.001555391 0.001679469 0.001258829 0.001314337 0.001697506 2.02192E-4 0.002269836 1.67332E-4 1.56876E-4 0.001490627 0.00162975 1.89139E-4 6.16597E-4 1.67883E-4 0.001687587 0.001625591 6.33072E-4 1.78099E-4 0.001383341 8.31676E-4 0.001263238 0.001672505 0.001160524 0.001269397 0.001700187 1.80149E-4 1.80865E-4 0.001639137 5.92305E-4 6.35211E-4 5.74256E-4 0.001314179 0.00172915 0.001334585 6.43289E-4 0.001217249 0.002259193 0.001186703 5.52119E-4 0.001133466 0.001793379 0.00133395 0.001277459 0.001235892 0.001694987 0.00129788 6.12162E-4 0.001458084 6.4593E-4 0.00160713 0.001610203 6.02565E-4 0.001707523 0.001402898 0.001541062 5.94197E-4 0.001586397 0.001648906 0.001810251 7.5137E-4 5.12372E-4 0.001855085 0.001727647 0.001435768 0.001755209 6.40995E-4 0.001722502 0.00157038 0.001647431 0.001303739 5.86552E-4 6.07598E-4 0.001855209 6.22568E-4 5.67582E-4 0.001725417 0.001509481 5.70298E-4 0.001790192 0.002230171 0.001087366 5.89656E-4 0.001418714 4.51653E-4 5.97747E-4 5.63249E-4 0.001127889 0.001680385 0.001294389 0.001769194 0.001359834 0.001593638 4.54384E-4 0.001439543 0.001251176 5.70008E-4 0.001696551 0.00159326 0.001727292 0.001744123 0.001510744 0.001717706 0.001238747 0.001327187 0.001706625 0.001608713 0.002038446 6.225E-4 6.44805E-4 0.001674518 0.001574737 7.81525E-4 6.29461E-4 5.45911E-4 0.00148891 0.001442023 6.40433E-4 6.26951E-4 0.001404289 8.06107E-4 0.001443696 0.001819719 0.001133444 0.001211679 0.001841781 5.28025E-4 5.69274E-4 0.001631621 6.36738E-4 6.34955E-4 6.26863E-4 0.001326968 0.001644641 0.001309838 6.3792E-4 0.001382113 0.002122315 0.001321395 5.99924E-4 0.001246054 0.001739617 0.001366583 0.001287973 0.001269794 0.001591374 0.001290521 6.39279E-4 0.001281336 6.07319E-4 0.001662572 0.001677996 6.02698E-4 0.001679242 0.0012646 0.001267555 6.03798E-4 0.001743109 0.001662012 0.001736157 6.83963E-4 4.86916E-4 0.001818287 0.001592091 0.001261884 0.002041042 7.54609E-4 0.001870079 0.001752138 0.001538226 0.001337118 6.27456E-4 6.04716E-4 0.00178008 5.89129E-4 5.50847E-4 0.001753232 0.00158662 6.31687E-4 0.001818203 0.002125332 0.001111421 5.75645E-4 0.001278984 4.91631E-4 5.43328E-4 5.53459E-4 0.00124493 0.001775944 0.001217663 0.002009605 0.001420635 0.001615971 4.53257E-4 0.001481753 0.00130848 5.51046E-4 0.00161512 0.001644732 0.001596241 0.00170198 0.001402996 0.001656316 0.0012597 0.001275844 0.001703555 6.42649E-4 0.002046223 6.11075E-4 6.33381E-4 0.001640077 0.001539552 7.17347E-4 5.52979E-4 6.03086E-4 0.001561701 0.001466648 5.63511E-4 6.25125E-4 0.001409977 9.39797E-4 0.001441222 0.001731422 0.001099245 0.001349287 0.001705072 5.45179E-4 5.56674E-4 0.001759851 5.9785E-4 6.40461E-4 5.55861E-4 0.001254979 0.001767267 0.001327254 5.84183E-4 0.001255868 0.002069294 0.001238144 6.10476E-4 0.001187047 0.001725699 0.001230272 0.001381982 0.001339398 0.001679439 0.001296808 6.3506E-4 0.001394842 5.80427E-4 0.001537224 0.001683929 6.19951E-4 0.001750541 0.001262489 0.001362117 6.01486E-4 0.001737628 0.001527398 0.001836899 7.90374E-4 4.89492E-4 0.001853687 0.00161886 0.001381693 0.001694152 5.91321E-4 0.001684443 0.001664115 0.001499686 0.001255107 5.8277E-4 5.52147E-4 0.001868929 6.43708E-4 6.04363E-4 0.001730385 0.001602695 6.27723E-4 0.001809664 0.00220011 0.00111449 5.77856E-4 0.001281131 4.92311E-4 5.95593E-4 5.33326E-4 0.001210646 0.001768042 0.001215019 0.001604491 0.001389108 0.001674892 4.77902E-4 0.001488611 0.001241869 5.7568E-4 0.001731546 0.001529237 0.00172304 0.001744301 0.001391316 0.001724633 0.001357587 0.001287923 0.001698193 7.01965E-4 0.002204915 5.9118E-4 5.66755E-4 0.001675526 0.001675828 7.51626E-4 5.99991E-4 5.84824E-4 0.00160554 0.001608717 5.83584E-4 6.23408E-4 0.001373535 8.08429E-4 0.001399674 0.001736312 0.001159675 0.001475049 0.001718689 5.44731E-4 5.63175E-4 0.001788883 5.94759E-4 6.25652E-4 6.16388E-4 0.001286406 0.001795751 0.00129005 6.38418E-4 0.001362122 0.002211918 0.001299657 5.41901E-4 0.001128199 0.001727103 0.001401936 0.0013828 0.001627965 0.002031938 0.00142387 7.50946E-4 0.001537142 6.10585E-4 0.001563944 0.001688908 6.15449E-4 0.001733784 0.001382035 0.001277164 6.06578E-4 0.001686976 0.001622858 0.0018265 6.58364E-4 4.95189E-4 0.001786879 0.001561337 0.001334232 0.001711721 5.88666E-4 0.001723206 0.001712797 0.001523618 0.001218195 5.75922E-4 5.508E-4 0.001833897 6.46017E-4 6.13598E-4 0.001751088 0.001582776 5.76811E-4 0.001838346 0.002067886 0.00109482 5.77183E-4 0.001375965 4.75665E-4 5.39714E-4 5.60279E-4 0.001252871 0.001662098 0.001188837 0.001663686 0.001386359 0.001594494 4.76489E-4 0.001530966 0.001340162 6.25736E-4 0.001725506 0.001485135 0.001716907 0.001667452 0.001392536 0.001686285 0.001259785 0.001293389 0.00166009 6.73816E-4 0.002192549 5.49466E-4 6.4273E-4 0.001687386 0.001670336 6.9801E-4 5.9816E-4 5.94601E-4 0.001639059 0.001617623 5.78983E-4 5.6001E-4 0.001356309 8.01897E-4 0.001410935 0.001701287 0.001136005 0.001188485 0.001796298 5.39135E-4 5.12956E-4 0.001773105 5.92409E-4 6.19027E-4 6.07506E-4 0.001292973 0.001656124 0.00131146 6.46558E-4 0.001232558 0.002261739 0.001319094 5.84491E-4 0.001230862 0.001720917 0.001257227 0.001388933 0.001268519 0.001680125 0.001281573 6.50042E-4 0.001374882 6.21597E-4 0.001543332 0.001681883 5.38947E-4 0.00158772 0.001338825 0.001368714 6.59516E-4 0.002100686 0.001869753 0.002213484 7.93373E-4 4.6645E-4 0.001606251 0.0016802 0.001393415 0.001585853 6.6842E-4 0.00165907 0.001682787 0.001602152 0.001341277 6.47488E-4 6.00599E-4 0.001792243 6.65376E-4 5.63164E-4 0.001618505 0.001600093 6.51491E-4 0.001704693 0.00206444 0.001088354 5.84524E-4 0.001245676 4.50561E-4 5.78631E-4 5.4787E-4 0.001231214 0.001591841 0.001113814 0.001752013 0.00138203 0.001694648 4.65087E-4 0.001508279 0.001335214 6.14234E-4 0.001752794 0.001749063 0.001700373 0.001702158 0.001330959 0.001684504 0.001257556 0.001301015 0.001658712 7.24034E-4 0.00217232 6.00701E-4 5.73182E-4 0.001528831 0.001550968 6.91663E-4 6.14619E-4 5.33846E-4 0.001630872 0.001641055 6.29852E-4 6.37177E-4 0.001398435 7.20248E-4 0.001329319 0.001767948 0.001098187 0.001324956 0.001835764 5.2397E-4 5.05052E-4 0.001638475 6.4126E-4 6.03719E-4 6.03013E-4 0.001333739 0.00162684 0.001196217 5.79818E-4 0.001388529 0.002110875 0.001188445 5.98224E-4 0.001104185 0.001798203 0.001258872 0.001373176 0.001211401 0.001682992 0.001201864 6.20163E-4 0.001400108 5.82513E-4 0.001578655 0.001723317 5.99991E-4 0.001721929 0.001351324 0.001399543 6.60874E-4 0.001626208 0.001642307 0.001689355 6.4855E-4 4.47563E-4 0.001798492 0.00173077 0.001438857 0.001869542 6.44338E-4 0.001690293 0.001712446 0.001700488 0.001412915 7.94011E-4 6.98836E-4 0.002086342 6.95522E-4 6.7204E-4 0.001874572 0.001574387 6.39619E-4 0.001706866 0.002040778 0.001093124 5.71379E-4 0.001346174 4.60747E-4 5.73206E-4 5.45278E-4 0.001122876 0.001754304 0.001090909 0.001606674 0.001521663 0.001622157 4.55821E-4 0.001429392 0.001241742 5.56759E-4 0.001776968 0.001618489 0.001691923 0.001730772 0.001443868 0.001714734 0.001371283 0.001313138 0.001583018 7.42045E-4 0.002021284 5.87306E-4 5.77033E-4 0.001532245 0.001711867 7.65076E-4 5.48985E-4 5.40966E-4 0.001495731 0.001498771 6.51678E-4 6.2406E-4 0.001431858 7.9739E-4 0.001392076 0.001741523 0.001104975 0.001310152 0.001666337 5.36098E-4 5.69284E-4 0.00174532 5.9968E-4 5.88931E-4 5.40796E-4 0.00129829 0.001690383 0.001210047 5.49239E-4 0.001270678 0.00230925 0.00129568 5.62338E-4 0.001220641 0.001777765 0.001296825 0.001254628 0.001300096 0.0015522 0.001182005 6.14592E-4 0.001302574 6.55751E-4 0.001568878 0.001686205 5.53327E-4 0.001761322 0.001354365 0.001355766 6.69505E-4 0.001686542 0.00162673 0.001744728 0.001372558 4.91247E-4 0.00181603 0.001709168 0.001212449 0.001599438 6.31681E-4 0.001672896 0.001578107 0.001547839 0.001474839 6.39187E-4 5.83851E-4 0.001766787 6.25818E-4 5.96921E-4 0.001707257 0.001461423 5.69372E-4 0.001777704 0.002785179 0.001397033 6.85449E-4 0.001476753 6.05475E-4 5.96313E-4 5.58019E-4 0.00119574 0.001789326 0.001217539 0.001746537 0.001409532 0.001714479 4.50999E-4 0.001492527 0.001352452 5.70719E-4 0.001627693 0.001575004 0.002107153 0.001714971 0.001526741 0.001567088 0.001363419 0.001284908 0.00160375 7.24527E-4 0.002272604 6.06516E-4 5.69374E-4 0.001636664 0.001677917 7.37219E-4 6.12087E-4 5.4055E-4 0.00159672 0.001561496 6.20207E-4 5.88112E-4 0.001402921 7.59214E-4 0.001405497 0.001687573 0.001012604 0.001255929 0.00182126 5.27433E-4 5.50388E-4 0.001651115 6.2094E-4 7.75254E-4 5.51251E-4 0.001356672 0.001778925 0.001273375 6.0221E-4 0.001310171 0.00223235 0.00142645 6.16872E-4 0.001357478 0.001758565 0.001348478 0.001249279 0.001285581 0.001527574 0.001232169 5.84185E-4 0.001326614 6.39487E-4 0.001606749 0.001716969 5.67953E-4 0.00166637 0.001298524 0.00129557 6.45118E-4 0.001642004 0.00149589 0.001598796 6.52089E-4 4.74394E-4 0.001820197 0.001778597 0.001430296 0.001712446 6.44959E-4 0.001690802 0.001693341 0.001504589 0.001345016 6.3144E-4 5.79358E-4 0.001811066 6.37924E-4 6.14395E-4 0.001723008 0.001884164 6.29043E-4 0.001873529 0.002162484 0.001033762 5.38306E-4 0.001280191 4.5891E-4 5.60499E-4 5.38167E-4 0.001263494 0.001631965 0.001082932 0.001792975 0.001255828 0.001700141 5.56811E-4 0.00153901 0.001240829 5.69556E-4 0.001799269 0.001562009 0.00155318 0.001696984 0.001557192 0.001695574 0.001413541 0.001372455 0.001685689 6.59706E-4 0.002276004 8.43266E-4 5.90025E-4 0.001702893 0.001744046 7.11042E-4 0.001000841 6.34274E-4 0.001728928 0.001655335 8.26791E-4 8.63502E-4 0.001357719 8.08568E-4 0.001352533 0.001692268 0.001031712 0.001166479 0.001758183 5.25737E-4 5.49243E-4 0.001854465 5.89257E-4 6.38024E-4 6.19483E-4 0.001316303 0.001695453 0.001431375 6.47522E-4 0.00139787 0.002355662 0.001372135 7.80115E-4 0.001279488 0.001790085 0.001493772 0.001280646 0.001247744 0.001692421 0.001658246 8.48795E-4 0.00182524 8.6867E-4 0.001863429 0.00183521 7.48392E-4 0.002089831 0.001835576 0.001968306 9.29063E-4 0.002030628 0.001695153 0.00186795 6.34302E-4 5.22644E-4 0.001762629 0.001851801 0.001363145 0.001781747 6.8546E-4 0.001970163 0.001769648 0.001683624 0.001217929 6.27961E-4 6.38356E-4 0.001812568 5.84244E-4 6.41336E-4 0.001726966 0.002355355 6.31358E-4 0.001738546 0.002194108 0.00109131 5.87896E-4 0.001421562 5.0097E-4 5.90289E-4 5.3878E-4 0.001147297 0.001740024 0.001239437 0.001824909 0.001286289 0.001749865 5.92969E-4 0.001560977 0.001393243 6.52424E-4 0.001686442 0.001631567 0.001760149 0.001794594 0.00150795 0.001673329 0.001208052 0.001352578 0.001679855 6.85633E-4 0.002185523 7.92617E-4 5.77012E-4 0.001662055 0.001618649 7.5755E-4 8.41821E-4 5.43813E-4 0.001480595 0.001526644 8.11736E-4 6.3314E-4 0.00134702 8.44075E-4 0.001325675 0.001720979 0.001093952 0.001176994 0.00182524 5.26522E-4 5.5207E-4 0.001642237 6.04204E-4 8.61261E-4 5.43613E-4 0.001332638 0.001711752 0.001304345 6.33323E-4 0.001318875 0.00228572 0.001313094 5.69725E-4 0.00161656 0.002226738 0.001718736 0.001741128 0.001375195 0.001651757 0.001362465 6.4521E-4 0.001302349 6.40383E-4 0.001656848 0.001777995 5.86749E-4 0.001828888 0.001335827 0.001448345 6.22352E-4 0.001699941 0.001594393 0.001813543 6.61828E-4 4.88945E-4 0.001736762 0.001669863 0.001386096 0.001757106 6.60003E-4 0.001690604 0.001590943 0.001670261 0.001324134 6.66928E-4 5.62463E-4 0.001853635 6.76939E-4 6.21278E-4 0.001788256 0.002327589 6.61256E-4 0.00183427 0.002029206 0.001162259 5.83851E-4 0.001393865 4.97883E-4 6.02077E-4 5.62179E-4 0.001222347 0.001811159 0.001194615 0.001708394 0.001396489 0.001796129 6.96882E-4 0.001542129 0.001367147 5.50128E-4 0.001825371 0.001690671 0.00164622 0.001803468 0.001552963 0.00170468 0.001448938 0.001327268 0.001647563 7.29988E-4 0.002252519 8.79338E-4 5.92245E-4 0.001507555 0.001680002 7.58206E-4 9.54282E-4 6.00671E-4 0.001490003 0.001715447 6.84147E-4 6.19868E-4 0.001336829 7.77935E-4 0.001503578 0.001751911 0.001137091 0.001347889 0.001887014 5.38159E-4 5.46973E-4 0.001761943 6.48199E-4 8.75048E-4 5.59349E-4 0.001292252 0.001672144 0.00120717 5.97188E-4 0.001292199 0.002413701 0.001364154 6.64496E-4 0.001227661 0.001666227 0.001373546 0.001367921 0.001245138 0.001672443 0.001158727 5.75243E-4 0.001464426 6.44259E-4 0.001636076 0.001711578 5.44665E-4 0.001691196 0.001417211 0.001423821 5.86694E-4 0.001560511 0.001704824 0.002034044 7.98847E-4 5.18453E-4 0.001993839 0.001785043 0.002067924 0.002289748 8.68057E-4 0.002416488 0.001711199 0.001657787 0.00121494 6.54158E-4 6.56055E-4 0.001860577 6.04969E-4 6.24751E-4 0.00174307 0.002267835 6.45033E-4 0.001901324 0.002267371 0.001060233 6.02333E-4 0.001408732 5.24757E-4 5.72172E-4 5.42854E-4 0.001364084 0.001636388 0.001141915 0.001798403 0.001450274 0.00171994 6.81737E-4 0.001554019 0.001528731 7.60011E-4 0.002238987 0.001951068 0.001998114 0.001745545 0.001448659 0.001707217 0.00139227 0.001346764 0.001582459 6.91461E-4 0.002085954 7.21131E-4 5.87554E-4 0.001661672 0.001635884 9.17266E-4 7.93567E-4 6.01923E-4 0.001683449 0.001689473 7.97585E-4 6.3939E-4 0.001393423 8.12528E-4 0.001308877 0.0018431 0.001166437 0.00131503 0.001929596 5.68487E-4 5.4909E-4 0.001805501 6.40556E-4 9.47147E-4 6.16706E-4 0.001337717 0.001848728 0.00125207 5.96479E-4 0.001284017 0.002211083 0.00124356 5.48641E-4 0.00121658 0.001804672 0.00133564 0.001254896 0.001186563 0.001770783 0.001211235 7.57919E-4 0.001285749 5.82698E-4 0.001636604 0.001761542 6.17385E-4 0.001695793 0.001322289 0.001398157 6.61236E-4 0.001677223 0.001603038 0.001828608 6.49725E-4 4.54798E-4 0.001695916 0.001737178 0.001317068 0.001704938 6.3505E-4 0.001640287 0.001613811 0.001571493 0.001370531 6.39232E-4 5.39322E-4 0.001910481 5.9704E-4 5.66889E-4 0.001713913 0.001909607 6.53233E-4 0.001813235 0.002020013 9.53814E-4 5.61042E-4 0.00122453 5.11896E-4 5.66053E-4 5.25012E-4 0.001172177 0.001796411 0.001231593 0.001570771 0.001433527 0.001592321 6.7001E-4 0.001570518 0.001464894 6.45189E-4 0.002126764 0.001577084 0.001591407 0.001754883 0.00149242 0.001606043 0.001398753 0.001323567 0.001816327 7.33926E-4 0.002183263 9.2835E-4 7.11114E-4 0.001822271 0.001921458 7.77688E-4 8.87715E-4 5.5065E-4 0.001704181 0.00154237 9.01787E-4 8.0657E-4 0.001402897 8.11658E-4 0.001289443 0.001826474 0.001117913 0.001374631 0.001735171 5.44317E-4 5.77313E-4 0.001813133 6.56903E-4 8.20207E-4 5.66603E-4 0.001317172 0.001669792 0.00136197 5.5204E-4 0.001315604 0.002119632 0.001366236 6.05677E-4 0.001165073 0.00177634 0.001268562 0.001425772 0.00130143 0.001696039 0.001205772 6.74062E-4 0.001350007 6.32158E-4 0.001591796 0.001771132 6.18704E-4 0.001773025 0.00147304 0.00135786 6.60433E-4 0.001670559 0.001608239 0.001870942 6.48156E-4 4.75693E-4 0.001788491 0.001634621 0.001300584 0.001669206 6.7136E-4 0.001802729 0.001775423 0.00158958 0.001314415 6.46731E-4 6.02089E-4 0.001841421 6.57119E-4 6.41152E-4 0.001704125 0.00203645 5.62435E-4 0.001826663 0.002147195 9.99959E-4 5.72111E-4 0.001229401 4.56003E-4 5.43685E-4 5.27432E-4 0.001083517 0.001579295 0.001121468 0.001773534 0.001250867 0.001704089 5.62662E-4 0.001385469 0.001479382 6.04545E-4 0.001777354 0.001989207 0.002042685 0.00198066 0.001605668 0.001570187 0.001598298 0.001483799 0.002064016 7.92809E-4 0.002204062 7.75935E-4 6.63081E-4 0.001561324 0.001738697 8.41882E-4 7.82303E-4 6.17501E-4 0.001691489 0.001618557 9.28205E-4 6.26606E-4 0.001410357 8.39557E-4 0.001413558 0.001765343 0.001137772 0.001253628 0.001858239 5.54819E-4 5.93117E-4 0.001763962 6.65578E-4 9.21755E-4 6.24395E-4 0.001354242 0.001637015 0.001399488 5.86889E-4 0.001368705 0.002343598 0.001187382 6.02865E-4 0.00121349 0.001737584 0.001249632 0.00128221 0.001305637 0.001638077 0.001170988 6.6147E-4 0.001411237 6.24935E-4 0.001629237 0.001716255 6.46979E-4 0.00156917 0.001421732 0.001283279 6.58052E-4 0.001592583 0.001577903 0.00172235 5.85576E-4 4.92833E-4 0.001845387 0.001714949 0.001430795 0.001529231 6.12765E-4 0.001680478 0.001741303 0.001655731 0.001305623 6.54461E-4 6.1776E-4 0.001728994 6.53083E-4 6.06686E-4 0.001709715 0.002191602 6.32389E-4 0.001761849 0.0020503 0.001115023 5.76721E-4 0.001347169 5.13228E-4 5.44305E-4 5.63157E-4 0.001195196 0.00161474 0.001228012 0.001742653 0.001279239 0.001697816 7.39515E-4 0.001476883 0.001237272 6.21752E-4 0.001723493 0.001645844 0.001643657 0.00170484 0.001574235 0.001720673 0.001476261 0.001356189 0.001798546 6.63987E-4 0.002329265 8.14826E-4 7.10707E-4 0.001692166 0.001773515 7.95636E-4 9.19938E-4 6.55416E-4 0.00169363 0.001669952 7.53785E-4 6.21559E-4 0.001437475 7.77934E-4 0.001398943 0.001756217 0.001102137 0.00122058 0.001846607 5.47988E-4 5.59362E-4 0.001692437 6.46206E-4 9.7422E-4 6.29285E-4 0.001340172 0.001761023 0.001351377 5.97466E-4 0.001249351 0.002274604 0.001270502 6.41609E-4 0.001191189 0.001753287 0.001466459 0.0012621 0.00134076 0.001750359 0.001313344 6.36638E-4 0.001325246 6.91689E-4 0.001637699 0.001752717 5.73324E-4 0.001776083 0.001419014 0.001407963 6.65186E-4 0.001656143 0.001646411 0.001905094 6.14988E-4 4.93089E-4 0.001717511 0.001705882 0.001307256 0.001595055 6.34994E-4 0.001634276 0.001808127 0.001519037 0.001359246 6.41482E-4 5.86776E-4 0.001898277 5.86104E-4 6.06942E-4 0.001686056 0.002081744 6.4946E-4 0.001673613 0.002221031 0.001147133 5.89121E-4 0.001376314 4.94364E-4 5.68895E-4 5.49999E-4 0.00118002 0.00167468 0.001154008 0.001732689 0.001237789 0.001761848 7.61859E-4 0.001417592 0.001308589 5.77827E-4 0.00172816 0.001563748 0.001771598 0.00175661 0.001374636 0.001756691 0.001277288 0.001329591 0.001739179 7.13034E-4 0.002101559 9.4408E-4 6.52511E-4 0.001670367 0.001658743 7.81593E-4 7.75799E-4 5.48287E-4 0.001702256 0.001682129 0.0011188 7.59206E-4 0.001695476 8.83895E-4 0.00187305 0.001819601 0.001090023 0.001358638 0.001820254 7.10483E-4 5.60997E-4 0.001839407 6.25604E-4 0.001259296 7.92997E-4 0.001754979 0.001994117 0.001458803 6.51558E-4 0.001549961 0.002555173 0.001602352 7.04692E-4 0.001651277 0.002197188 0.001596465 0.001838293 0.001490903 0.002110831 0.001620556 8.64162E-4 0.001661253 7.31056E-4 0.001876537 0.002030969 6.86886E-4 0.001940433 0.001525407 0.001633173 9.1683E-4 0.0021404 0.001822029 0.001906257 7.58465E-4 6.55477E-4 0.002050817 0.002238765 0.001869299 0.001885248 7.48445E-4 0.002171594 0.002083779 0.002007776 0.001487812 6.71165E-4 6.05304E-4 0.002021308 7.35467E-4 8.1868E-4 0.00204546 0.002523667 7.91745E-4 0.002019757 0.001920236 0.001457236 7.27846E-4 0.001658401 5.70458E-4 7.99513E-4 7.41489E-4 0.001447215 0.001950322 0.001364487 0.002002342 0.001554786 0.001932477 9.77984E-4 0.001923199 0.001447669 7.24754E-4 0.001889446 0.001910131 0.002260954 0.002204401 0.001430914 0.002180984 0.001915621 0.001546046 0.00190349 7.23045E-4 0.002529535 8.89297E-4 7.10348E-4 0.002052399 0.002231193 7.67515E-4 9.8244E-4 7.36326E-4 0.00184406 0.002694673 0.001082103 9.04012E-4 0.001825228 8.00657E-4 0.001630627 0.002185866 0.001500573 0.001520612 0.001895153 0.001002582 5.6606E-4 0.002148866 0.001238508 0.001016716 7.29458E-4 0.00149938 0.002268077 0.001748637 7.70539E-4 0.001539813 0.002300107 0.001517333 8.69887E-4 0.001547316 0.002384378 0.001359181 0.001560647 0.001459028 0.002279362 0.001703056 6.90888E-4 0.00223086 7.24503E-4 0.00170467 0.001925979 6.31991E-4 0.002313523 0.001929428 0.001611378 0.001169931 0.001832021 0.001997024 0.001863779 9.51688E-4 7.85497E-4 0.002332379 0.002029863 0.002336302 0.002165679 7.44635E-4 0.00256474 0.002329523 0.001719045 0.001334564 9.38696E-4 7.15355E-4 0.001971796 9.49865E-4 7.14809E-4 0.002632922 0.001927937 7.82865E-4 0.001805128 0.002103731 0.001323744 7.15274E-4 0.001421036 5.91487E-4 7.49723E-4 8.62976E-4 0.001907475 0.001673291 0.001618695 0.002377907 0.001679523 0.002135483 7.16338E-4 0.002449804 0.001567641 7.03355E-4 0.002201753 0.001754136 0.002468772 0.002324433 0.001450873 0.002755893 0.001440315 0.001612989 0.002208259 9.55765E-4 0.003912921 8.23733E-4 8.87213E-4 0.002646606 0.001933565 8.19805E-4 9.74406E-4 6.40585E-4 0.001736129 0.001741315 9.48724E-4 7.36848E-4 0.001707705 0.001039189 0.00204731 0.002564334 0.001333207 0.001891323 0.002313413 8.07277E-4 6.40655E-4 0.002039284 0.001221935 9.98483E-4 9.69415E-4 0.001718968 0.002078166 0.001503827 0.001061048 0.001561757 0.002196415 0.001640447 9.65923E-4 0.001591646 0.002163258 0.001635939 0.001527287 0.001513785 0.00260284 0.002320396 8.73855E-4 0.001784758 0.001141627 0.002383266 0.001951322 0.001079117 0.002116077 0.00166247 0.001874514 0.001059779 0.001863336 0.001676967 0.002274135 0.001066035 8.12769E-4 0.002391996 0.002122735 0.001924571 0.002202298 7.11081E-4 0.002707345 0.002308153 0.001837898 0.00146099 8.46409E-4 6.40687E-4 0.002355046 7.53321E-4 8.30974E-4 0.001933901 0.002331662 8.29614E-4 0.001649214 0.002277488 0.001491639 7.54186E-4 0.003061808 8.10778E-4 8.65799E-4 6.57737E-4 0.001469474 0.002449802 0.001599002 0.001901909 0.00140096 0.00204906 6.903E-4 0.0021458 0.00153819 9.2273E-4 0.00193751 0.001838673 0.00262373 0.002553304 0.002026933 0.002043129 0.001414101 0.001487022 0.00287821 8.01689E-4 0.003199945 0.001021669 7.98091E-4 0.002453002 0.002150522 7.41296E-4 8.74048E-4 7.09296E-4 0.001805466 0.002172964 0.001058017 7.1151E-4 0.001486662 0.001212962 0.001532457 0.002445917 0.001405875 0.001478899 0.002457943 6.04498E-4 7.01737E-4 0.002265159 8.14677E-4 9.88804E-4 7.2538E-4 0.002084441 0.002226814 0.001730268 6.8696E-4 0.001717344 0.002516859 0.001565193 7.84164E-4 0.001651942 0.002321864 0.001847442 0.002212811 0.001735147 0.002465504 0.001858451 6.63313E-4 0.001947208 8.86798E-4 0.001934524 0.002013649 7.70568E-4 0.001936684 0.001723808 0.001540071 0.001226692 0.002242383 0.002303523 0.002138097 7.87492E-4 6.34906E-4 0.002181232 0.002276869 0.002005912 0.002256592 8.25229E-4 0.002355458 0.002094354 0.002498704 0.001646682 0.001008948 8.3765E-4 0.002264194 0.001019928 0.001082842 0.002985549 0.002427602 7.48062E-4 0.002018484 0.002223979 0.001341592 7.03805E-4 0.001680423 7.19022E-4 7.35086E-4 6.76342E-4 0.001537559 0.001936201 0.00192579 0.002154896 0.001888517 0.002297098 6.98313E-4 0.002842057 0.001617417 7.12774E-4 0.00222745 0.002192785 0.002264606 0.002667949 0.001560454 0.002258294 0.001688591 0.001688418 0.002455327 7.48238E-4 0.002711243 8.40783E-4 8.60754E-4 0.002256266 0.002069424 7.74104E-4 6.36603E-4 6.05399E-4 0.002089754 0.002174657 7.7693E-4 7.34984E-4 0.001719138 8.67355E-4 0.001883287 0.002416055 0.001420378 0.001645706 0.002174885 6.87575E-4 6.12474E-4 0.002115857 8.03578E-4 6.96933E-4 6.92106E-4 0.001797394 0.002072632 0.001986336 8.17973E-4 0.00196643 0.002575195 0.001480637 6.85498E-4 0.001740895 0.002616407 0.00153885 0.001835951 0.001945912 0.002053784 0.001722301 7.45946E-4 0.001916349 9.22934E-4 0.002221238 0.002014665 7.5165E-4 0.002098141 0.001938298 0.001798997 8.34116E-4 0.002140062 0.001888011 0.002091707 8.71838E-4 5.83943E-4 0.001979517 0.002290574 0.001725739 0.001912838 6.59592E-4 0.002114311 0.00204399 0.001877881 0.001709887 7.82513E-4 7.14077E-4 0.002117737 8.52087E-4 8.2591E-4 0.001969758 0.002420585 8.24417E-4 0.001871608 0.001957722 0.001494574 8.11492E-4 0.001422914 6.77398E-4 7.72007E-4 8.94373E-4 0.001384505 0.001845162 0.00152733 0.002303617 0.001812211 0.002226419 5.38836E-4 0.001982133 0.001615372 6.7319E-4 0.002253316 0.002113068 0.002216469 0.002567421 0.00163617 0.002225636 0.001742114 0.002198149 0.00291822 8.9097E-4 0.002480493 7.74811E-4 8.94043E-4 0.002294869 0.002539926 0.001070993 7.82831E-4 9.9427E-4 0.002324453 0.002127868 0.001004681 8.61075E-4 0.001690909 0.001032245 0.001814433 0.003243414 0.001406432 0.001598047 0.002295559 7.52647E-4 6.3899E-4 0.002408159 9.22377E-4 8.16306E-4 6.86475E-4 0.001560493 0.002137957 0.001493111 7.86728E-4 0.001469858 0.002400113 0.001565688 6.60412E-4 0.001765755 0.002114753 0.0015645 0.001441429 0.00158226 0.00198984 0.001411583 7.90969E-4 0.001669691 7.70443E-4 0.001992927 0.002021868 8.96797E-4 0.002071399 0.002240803 0.00160705 7.11183E-4 0.001906232 0.00192559 0.002206604 8.7828E-4 8.53492E-4 0.002183843 0.00240856 0.002307781 0.001857917 6.90997E-4 0.002057291 0.002001925 0.002483782 0.00154938 0.001107605 9.21809E-4 0.002564264 0.001304571 8.1924E-4 0.002862144 0.002427603 0.00109288 0.00281337 0.002227941 0.001443914 6.86122E-4 0.001631408 5.65368E-4 9.92E-4 0.001026448 0.001482004 0.002114264 0.002247976 0.002157678 0.001661772 0.002089291 6.85845E-4 1.41699E-4 0.002049442 7.24152E-4 0.002079236 0.001826514 0.003093421 0.002096327 0.00163017 0.003045658 0.001588843 0.001595743 0.002659892 7.45406E-4 1.23604E-4 0.001002637 7.20004E-4 0.002660762 0.001989764 9.21966E-4 0.001037098 7.15106E-4 0.002013888 0.002412485 0.001143243 7.54575E-4 0.001637029 0.001301119 0.001618097 0.002000571 0.002406125 0.00169026 0.002432641 7.55728E-4 7.14607E-4 0.0024682 0.001095686 9.28532E-4 7.34878E-4 0.001931646 0.002094718 0.001971678 7.62736E-4 0.001548793 0.002611149 0.001922956 8.22468E-4 0.001608342 0.002414886 0.002317381 0.001659986 0.001582286 0.002471203 0.00162442 8.00596E-4 0.001813279 0.001571417 0.002051547 0.00278045 0.001027228 0.002229352 0.001783705 0.001816403 9.2803E-4 0.002311012 0.002187881 0.002521844 0.001308681 7.03713E-4 0.002284663 0.004017347 0.002844489 0.003151967 8.40727E-4 0.001996419 0.002351596 0.003115308 0.001757024 9.21913E-4 0.001576965 0.002659769 0.001179457 8.42345E-4 0.002500232 0.001906538 0.001913687 0.004149611 0.003292787 0.00261827 0.001601883 0.003437811 0.001170674 0.001073724 9.12136E-4 0.001699314 0.002621886 0.002409168 0.003908298 0.002152694 0.003233528 0.001164289 0.002978888 0.00225853 7.41931E-4 0.002169291 0.001932444 0.002284287 0.0028643 0.002253958 0.00321429 0.001765154 0.001750463 0.003007522 0.001161229 0.002659381 9.81211E-4 0.001174152 0.002760157 0.002726048 9.06878E-4 0.001029737 8.18563E-4 0.002080647 0.002020602 8.02885E-4 6.67885E-4 0.001618634 8.69849E-4 0.00179279 0.002430233 0.002053058 0.001657997 0.002836545 9.3895E-4 0.001398522 0.002788026 0.001389796 0.001383555 0.001056346 0.002991077 0.002442582 0.002442788 7.18825E-4 0.002069258 0.00235874 0.001757126 0.001069098 0.001759195 0.002150202 0.001660578 0.001682178 0.001679859 0.002176484 0.00253161 8.46606E-4 0.001780024 0.001027395 0.002011077 0.002734363 0.001143124 0.002545065 0.002134451 0.003167718 0.001288393 0.003060758 0.002621431 0.003161294 8.25735E-4 6.9572E-4 0.002263993 0.002200065 0.001713059 0.002618152 8.30947E-4 0.002279369 0.001977636 0.002233624 0.003068899 0.001179855 0.001100038 0.002170406 8.48714E-4 0.001072763 0.003056584 0.002165929 0.001147351 0.002213981 0.002213525 0.001569811 0.001190851 0.001690042 7.95293E-4 6.97833E-4 7.44276E-4 0.001496783 0.00377116 0.00303173 0.003117104 0.001840846 0.002886737 8.61484E-4 0.002164971 0.001973548 7.39943E-4 0.002497332 0.003155337 0.002437395 0.003216579 0.001620374 0.002195329 0.002067362 0.002261999 0.002511048 0.001180728 0.002609263 0.001305303 0.001205983 0.003164901 0.002292784 0.001294897 9.76664E-4 6.71247E-4 0.001966853 0.002139967 9.30419E-4 9.25523E-4 0.001963274 9.26056E-4 0.001849595 0.002256692 0.001521847 0.002427829 0.002165941 8.77745E-4 6.26555E-4 0.002319825 0.001296667 0.001102474 9.9127E-4 0.00215496 0.00197946 0.00153712 9.97799E-4 0.001737008 0.002509075 0.002225762 9.42779E-4 0.001752937 0.002645923 0.001720364 0.00239767 0.002074212 0.004817484 0.002044814 0.001348344 0.002151835 0.001505755 0.002115246 0.002038864 0.001003455 0.003068713 0.002530781 0.002340836 8.81324E-4 0.002190939 0.001946039 0.002859534 7.46409E-4 6.58092E-4 0.002032464 0.002549653 0.001543499 0.002520252 0.001114133 0.002559936 0.003149055 0.002237235 0.001920026 9.41656E-4 7.86875E-4 0.003013702 0.001254405 8.19336E-4 0.002387596 0.002863101 0.001027392 0.002232526 0.002495031 0.001791731 8.56054E-4 0.002439392 7.31491E-4 8.55209E-4 0.001189494 0.001568145 0.00282092 0.001761203 0.002784206 0.001697846 0.002129987 9.44227E-4 0.002297279 0.001913741 7.30168E-4 0.003075993 0.001841161 0.002151953 0.002799826 0.002115908 0.002210939 0.002397506 0.001778426 0.00222836 6.88846E-4 0.002489902 8.7244E-4 0.001188386 0.003106451 0.002161903 8.10685E-4 8.04219E-4 0.001052934 0.002396675 0.00229006 0.001163486 0.001003215 0.002149439 0.001238652 0.002382284 0.00220834 0.001683046 0.001983446 0.00262221 8.48245E-4 7.97756E-4 0.002090697 0.001292581 9.46227E-4 8.95149E-4 0.002059941 0.002722497 0.001511176 8.03827E-4 0.001787521 0.002576376 0.001602134 8.75099E-4 0.002242191 0.002246854 0.001983172 0.001927223 0.001772859 0.001912597 0.001663393 9.09107E-4 0.001611388 8.9766E-4 0.002570111 0.002055137 7.43999E-4 0.001899794 0.001945429 0.001888363 0.001382368 0.002341966 0.002697197 0.002119118 0.001295077 6.71006E-4 0.002030346 0.003239957 0.001711095 0.002637096 0.00101957 0.003180517 0.002088916 0.002836393 0.002233774 9.3336E-4 0.001077433 0.002886554 0.001053467 0.001242532 0.0027405 0.002563675 0.00105326 0.002660916 0.002313737 0.001465087 7.24077E-4 0.001825423 6.48545E-4 6.91511E-4 6.53588E-4 0.001445853 0.002030781 0.001588007 0.002218852 0.001744949 0.002297492 6.4008E-4 0.002131446 0.00163274 7.82387E-4 0.002018838 0.002195531 0.002366969 0.002402785 0.001651019 0.002108249 0.001663294 0.001798013 0.002062465 8.34085E-4 0.002431636 7.41464E-4 8.56317E-4 0.001961355 0.002075531 9.20923E-4 6.43625E-4 6.85498E-4 0.002044963 0.002171202 7.02284E-4 8.29099E-4 0.001659325 0.001074473 0.002010292 0.002339768 0.001567549 0.001588463 0.002124727 7.09456E-4 6.40911E-4 0.002224531 8.83776E-4 7.37972E-4 8.33463E-4 0.001804609 0.002040501 0.001551889 8.21491E-4 0.001694709 0.00245628 0.001572599 7.04045E-4 0.001722567 0.002397525 0.001602281 0.001807093 0.001550158 0.002066113 0.001579788 8.12454E-4 0.001773055 8.24115E-4 0.00197885 0.001885135 6.19073E-4 0.00187576 0.001640198 0.001879442 8.52826E-4 0.002148288 0.001920904 0.002098041 7.39369E-4 8.63715E-4 0.001988724 0.002123266 0.001750371 0.001798084 7.05989E-4 0.003188708 0.001847954 0.002017539 0.001470021 7.88752E-4 7.10622E-4 0.002008296 8.23917E-4 8.81842E-4 0.002062184 0.001876287 7.29746E-4 0.00214293 0.002427377 0.001424435 8.24603E-4 0.001617907 5.86988E-4 6.98731E-4 6.32429E-4 0.001520531 0.001931057 0.001651314 0.002217076 0.001521315 0.002333848 6.50345E-4 0.001852236 0.001733154 7.18277E-4 0.002213803 0.002198554 0.002293927 0.002156766 0.001542384 0.002331958 0.001731928 0.00159848 0.002362708 6.94415E-4 0.003500543 7.53669E-4 9.01852E-4 0.002057514 0.002132004 8.90363E-4 7.20005E-4 7.74696E-4 0.001993726 0.001998267 7.88067E-4 8.37207E-4 0.001676154 9.08193E-4 0.0018518 0.002115125 0.001558441 0.001554764 0.002170304 7.35474E-4 6.91385E-4 0.002174034 7.73025E-4 7.83784E-4 8.13903E-4 0.001646304 0.001965025 0.001569327 6.34641E-4 0.001510903 0.002543865 0.00162261 7.99486E-4 0.001487768 0.002392437 0.001684533 0.001490845 0.002177684 0.002580137 0.001877715 8.22101E-4 0.001833692 9.82551E-4 0.002060001 0.002215335 8.2133E-4 0.002295798 0.001759457 0.001919752 8.90334E-4 0.002022555 0.002177525 0.002074833 7.31833E-4 5.68506E-4 0.002200649 0.002194571 0.001844917 0.001933985 9.82186E-4 0.002663303 0.002450682 0.002280925 0.001430847 8.01324E-4 8.34709E-4 0.002381307 8.26047E-4 8.36E-4 0.002201577 0.001694605 6.93254E-4 0.002869605 0.002428895 0.001573107 8.22541E-4 0.001571225 5.66197E-4 7.66803E-4 6.619E-4 0.002169081 0.002286516 0.00168343 0.002339213 0.002179155 0.002396426 6.51719E-4 0.002220898 0.001710168 7.56378E-4 0.002036975 0.002264571 0.002108048 0.00204174 0.001630464 0.002321987 0.001768462 0.00160792 0.002289588 7.55866E-4 0.002638555 7.83498E-4 7.81763E-4 0.002093857 0.002019322 7.8169E-4 7.04688E-4 7.94623E-4 0.002168375 0.00192832 7.19419E-4 8.16498E-4 0.002525839 9.3764E-4 0.001690679 0.002358641 0.001376486 0.001470582 0.002075393 6.04536E-4 6.37088E-4 0.002090455 7.4045E-4 6.94497E-4 6.4783E-4 0.001537825 0.002116293 0.001565338 6.33087E-4 0.00151161 0.002576987 0.001832072 7.05879E-4 0.00157936 0.002254869 0.001694427 0.001743093 0.001674139 0.001864381 0.001605122 7.41627E-4 0.00145181 8.6256E-4 0.001871751 0.001879443 6.98857E-4 0.002320437 0.001719545 0.001724743 9.45713E-4 0.002176412 0.001831254 0.001973791 7.55393E-4 5.51007E-4 0.002233465 0.002190492 0.001851783 0.002286145 7.68965E-4 0.002147654 0.002073749 0.001888476 0.001413264 8.38865E-4 7.87478E-4 0.00219537 8.06277E-4 9.39038E-4 0.00260282 0.001960903 7.32573E-4 0.001965432 0.002219246 0.001524687 7.70304E-4 0.001637152 6.79027E-4 6.7181E-4 8.06565E-4 0.001705205 0.001996185 0.001470786 0.00211697 0.001629679 0.002235551 5.48769E-4 0.00185511 0.001670089 7.99173E-4 0.002364102 0.001966489 0.001965599 0.002333977 0.001659269 0.002213229 0.001828804 0.001624884 0.00226177 7.12342E-4 0.002595216 7.06595E-4 7.54695E-4 0.001970358 0.001884354 7.72151E-4 6.43139E-4 6.17147E-4 0.00222672 0.002202424 6.99585E-4 7.0367E-4 0.001533564 9.11131E-4 0.001845046 0.002194539 0.001501738 0.001723772 0.002117245 6.91898E-4 6.48211E-4 0.001957093 7.05936E-4 7.16061E-4 6.88065E-4 0.001681121 0.002008523 0.001766419 7.2666E-4 0.0016772 0.00256969 0.001639782 6.9887E-4 0.001718176 0.002208049 0.001817422 0.001810982 0.001486991 0.002400666 0.001780893 6.48036E-4 0.001696071 8.78251E-4 0.001944081 0.002041248 6.47929E-4 0.002376343 0.001553891 0.00188539 7.10742E-4 0.002188625 0.001968229 0.002083206 7.97755E-4 5.75444E-4 0.002103514 0.00230426 0.00163344 0.001896525 6.84796E-4 0.002173736 0.002368355 0.001830943 0.001548135 7.41013E-4 6.38221E-4 0.002075763 8.4731E-4 8.30077E-4 0.00237285 0.001835931 7.40229E-4 0.001899266 0.002223666 0.001475474 7.55771E-4 0.001571004 6.94019E-4 8.14111E-4 6.56935E-4 0.00136237 0.002095488 0.001586171 0.002115702 0.00179324 0.001949134 6.69222E-4 0.002091109 0.001518541 7.24774E-4 0.002197426 0.00200016 0.002284523 0.002074642 0.001507927 0.002231723 0.001718658 0.001537527 0.001840226 6.91213E-4 0.002570206 8.0438E-4 7.12251E-4 0.002297339 0.002090665 9.04072E-4 7.08029E-4 6.16649E-4 0.001829281 0.002287701 7.27852E-4 8.99594E-4 0.001839495 9.18216E-4 0.001894099 0.002008097 0.001461656 0.001591001 0.002119923 6.70653E-4 5.97076E-4 0.002138564 7.50497E-4 7.30452E-4 7.00458E-4 0.001758469 0.00200473 0.001577123 7.11489E-4 0.001974313 0.002256846 0.001590653 7.98715E-4 0.001564865 0.0020181 0.001774309 0.001676994 0.001533047 0.001776696 0.00142332 6.92214E-4 0.001855608 7.13211E-4 0.001862266 0.002088735 6.86243E-4 0.002282694 0.00157724 0.00170716 8.45106E-4 0.002225794 0.001893385 0.002188562 7.8559E-4 5.61743E-4 0.001950716 0.002311986 0.001876951 0.002041015 8.13886E-4 0.001903023 0.002144168 0.001749706 0.001551318 7.69612E-4 6.94055E-4 0.002183483 6.93662E-4 7.46907E-4 0.00238026 0.001948065 8.76962E-4 0.002095007 0.002172703 0.001552999 7.17029E-4 0.001754571 7.04094E-4 6.92767E-4 6.88356E-4 0.001696625 0.001870244 0.001619841 0.002267338 0.001466753 0.002269347 5.17189E-4 0.001972261 0.001747385 6.45838E-4 0.002174912 0.002188758 0.002289235 0.002342452 0.001629968 0.002117673 0.001842254 0.001586772 0.002370885 6.94631E-4 0.002354845 6.36695E-4 8.9181E-4 0.002084424 0.001825954 8.06836E-4 6.94763E-4 7.05864E-4 0.001924915 0.00196361 7.40636E-4 8.24264E-4 0.001828026 9.58079E-4 0.001945905 0.00210958 0.001368158 0.001400856 0.002063706 6.34866E-4 7.16379E-4 0.002714862 7.72829E-4 7.37022E-4 7.08542E-4 0.001480791 0.002104725 0.00161827 8.16902E-4 0.0019574 0.002746754 0.001562251 6.99116E-4 0.001670067 0.002152733 0.001649846 0.001586935 0.001738265 0.00223302 0.00163225 7.33838E-4 0.001694949 7.31457E-4 0.001839361 0.001858976 6.85014E-4 0.00225702 0.001693247 0.001621589 0.001006616 0.002013799 0.002097751 0.002020983 8.45989E-4 6.59723E-4 0.002010477 0.002158958 0.001671685 0.002301413 7.64417E-4 0.001846342 0.001931043 0.002032248 0.001540916 6.89877E-4 6.43171E-4 0.002094006 7.67958E-4 8.55089E-4 0.002092626 0.001873078 7.12786E-4 0.001911772 0.002330217 0.001437166 6.83554E-4 0.001506611 5.85341E-4 6.61218E-4 6.76207E-4 0.001547852 0.00186981 0.001667466 0.002047315 0.001686612 0.002072405 6.58884E-4 0.002004793 0.001546064 8.845E-4 0.002327729 0.001928573 0.002277127 0.002202345 0.0015948 0.002267213 0.001890451 0.001690183 0.002182691 7.24588E-4 0.002575195 7.12807E-4 8.53488E-4 0.001970154 0.001980794 8.82922E-4 6.90029E-4 7.96305E-4 0.001908835 0.002005313 7.56909E-4 7.271E-4 0.001828508 9.03044E-4 0.001699887 0.00204084 0.001399011 0.001530432 0.002217084 7.09406E-4 6.75457E-4 0.002121992 7.67418E-4 7.30999E-4 7.06835E-4 0.001829074 0.002038831 0.001546058 7.0107E-4 0.001792494 0.00252203 0.001819767 7.77947E-4 0.001699915 0.002113561 0.001791978 0.001620834 0.001546651 0.002027198 0.001453656 8.92065E-4 0.001719094 8.08652E-4 0.001991695 0.00198782 8.53877E-4 0.00199572 0.001536039 0.001980995 8.04236E-4 0.002173814 0.001937792 0.002069985 7.38009E-4 6.59742E-4 0.001935497 0.002251437 0.001897511 0.002368071 7.597E-4 0.002079771 0.002115154 0.002041929 0.001563065 7.0412E-4 7.54428E-4 0.002099187 7.1739E-4 6.43463E-4 0.001979738 0.001697329 7.52E-4 0.002195239 0.002209429 0.001564044 6.8323E-4 0.001641449 6.60025E-4 6.78489E-4 6.54247E-4 0.00153727 0.001854652 0.001629722 0.001943072 0.001625309 0.002271043 5.5925E-4 0.00210134 0.001571523 7.60679E-4 0.002156713 0.002645706 0.002742902 0.002921139 0.001627627 0.002111506 0.001581966 0.001856887 0.002053472 7.42209E-4 0.002415127 8.01364E-4 9.55048E-4 0.002035698 0.002064923 9.06161E-4 6.47857E-4 7.09982E-4 0.002214149 0.001910618 6.8601E-4 8.69111E-4 0.001583682 9.30486E-4 0.002021244 0.002097212 0.001568277 0.001443606 0.002060449 6.22261E-4 5.91664E-4 0.002103807 6.80882E-4 6.50232E-4 7.61988E-4 0.001731096 0.002009965 0.001569745 6.08933E-4 0.001500544 0.002255281 0.001698831 6.37898E-4 0.001694536 0.00202713 0.001530888 0.001706981 0.001497183 0.001820978 0.001792116 8.0244E-4 0.001787758 8.50486E-4 0.001838179 0.001877697 7.15523E-4 0.002089287 0.001951461 0.001483803 7.19423E-4 0.001958317 0.001938253 0.0020687 9.0243E-4 6.34032E-4 0.001939706 0.002235934 0.001633856 0.002125702 8.66963E-4 0.002321212 0.002088662 0.001869966 0.001553185 7.06735E-4 7.07413E-4 0.002123347 8.39269E-4 8.43089E-4 0.002397317 0.001889089 7.22353E-4 0.0021159 0.002176609 0.001611913 7.13194E-4 0.001878609 6.55493E-4 8.00609E-4 7.65622E-4 0.001610446 0.00205665 0.001612972 0.002138693 0.001751526 0.001937949 6.24992E-4 0.001918642 0.001451899 7.6241E-4 0.002395132 0.002029519 0.001961421 0.002149882 0.001419147 0.001996627 0.001873185 0.001482443 0.001997928 7.42536E-4 0.002486139 6.91399E-4 7.75284E-4 0.00178774 0.002044459 7.90843E-4 6.70981E-4 6.95804E-4 0.001756735 0.002241697 6.8349E-4 8.20952E-4 0.00165878 9.13543E-4 0.001904418 0.002057617 0.001376455 0.00177821 0.002054643 7.00305E-4 7.03941E-4 0.001860447 8.73119E-4 6.9942E-4 7.66866E-4 0.00156673 0.001868291 0.001773078 7.4871E-4 0.001610082 0.00241508 0.0016943 6.97105E-4 0.001529878 0.002095166 0.001637664 0.001464669 0.001506293 0.002235949 0.00150352 7.99342E-4 0.001930571 8.1678E-4 0.001863241 0.002033739 6.99706E-4 0.002362093 0.001660247 0.001757634 7.32073E-4 0.001784382 0.002159814 0.002043716 8.61361E-4 5.49369E-4 0.002159765 0.002217966 0.001810903 0.002025181 7.55013E-4 0.002298843 0.002179809 0.002004782 0.001625471 6.94103E-4 7.61832E-4 0.002108167 7.37337E-4 8.55875E-4 0.002115552 0.001849272 8.56312E-4 0.002130756 0.002227314 0.001464196 6.62953E-4 0.001842365 6.03425E-4 7.87343E-4 7.18648E-4 0.001551747 0.00205067 0.00161864 0.001862373 0.00181378 0.002216662 6.6605E-4 0.002013363 0.001668274 7.60727E-4 0.002183137 0.002182965 0.001983455 0.002005747 0.001626098 0.002080913 0.001669963 0.001809229 0.002239076 6.73396E-4 0.002495863 7.90491E-4 8.14241E-4 0.002138003 0.002172593 0.001076367 7.53058E-4 7.43964E-4 0.002955183 0.001853501 7.4531E-4 0.001051783 0.00191595 9.32375E-4 0.001722385 0.002068186 0.001605647 0.001783069 0.001965209 6.27423E-4 6.67323E-4 0.00226283 8.9843E-4 6.83603E-4 8.00712E-4 0.001580718 0.001988271 0.001763951 7.09047E-4 0.001797841 0.002524314 0.001783699 7.44423E-4 0.001532025 0.002141078 0.001775115 0.001613674 0.001531818 0.002012611 0.001619968 8.40183E-4 0.001709908 7.68776E-4 0.001821726 0.00206352 6.34411E-4 0.002175645 0.001903707 0.001551068 8.47673E-4 0.002230954 0.002113955 0.001970565 8.96705E-4 6.21368E-4 0.002139465 0.002241332 0.001921312 0.001908972 6.6491E-4 0.002372036 0.002155438 0.001809723 0.001662246 8.27861E-4 7.42352E-4 0.002221786 8.26376E-4 7.73308E-4 0.002172269 0.00172525 7.49537E-4 0.002101022 0.002284933 0.001482923 6.44966E-4 0.001696145 6.41774E-4 7.27671E-4 7.32611E-4 0.001392924 0.002007404 0.001601947 0.00207035 0.001405705 0.00196414 5.53904E-4 0.00211878 0.00150914 6.54377E-4 0.001973194 0.002315974 0.0020449 0.002322217 0.001876493 0.002804404 0.001993952 0.001856548 0.002383784 7.07522E-4 0.002568121 7.7522E-4 8.35558E-4 0.002808917 0.002424361 8.88649E-4 0.00115423 9.67271E-4 0.001971463 0.002109205 8.19939E-4 9.30158E-4 0.001638612 9.66442E-4 0.00197393 0.002199208 0.001612853 0.001419345 0.002046565 6.45213E-4 5.92375E-4 0.002151001 8.88026E-4 0.001014142 7.00673E-4 0.001618801 0.001986925 0.001679515 6.52327E-4 0.001687326 0.002460109 0.001889485 7.35668E-4 0.001732932 0.002313701 0.001530731 0.001364631 0.001512525 0.001757013 0.001661681 6.96094E-4 0.001681051 7.31177E-4 0.001882402 0.00183643 7.27593E-4 0.001982112 0.001832984 0.001677404 7.95971E-4 0.002023905 0.001806461 0.00194774 7.29492E-4 5.99207E-4 0.002163198 0.00226078 0.001841669 0.002258865 7.75185E-4 0.002331293 0.001998022 0.001752343 0.001471479 7.32809E-4 7.13754E-4 0.002103793 7.80253E-4 7.49995E-4 0.002109489 0.001721507 6.94601E-4 0.002061239 0.002115325 0.00149979 7.55662E-4 0.001843888 6.45741E-4 7.13354E-4 8.36525E-4 0.001734836 0.001906029 0.001657934 0.002102301 0.001540887 0.002091466 5.9866E-4 0.002119609 0.00154011 6.63279E-4 0.002310983 0.002211573 0.002180826 0.002074931 0.001672942 0.002182824 0.001837972 0.001549884 0.001991871 7.59365E-4 0.002584049 7.86808E-4 7.57666E-4 0.001860397 0.002137355 8.38876E-4 7.41257E-4 6.85763E-4 0.0019639 0.002342849 7.82582E-4 7.26329E-4 0.001625723 8.60968E-4 0.001766578 0.001986834 0.001590293 0.001723467 0.002156707 7.26659E-4 6.31239E-4 0.00232343 8.8778E-4 7.31537E-4 7.13498E-4 0.001675183 0.001921285 0.001695603 6.89256E-4 0.001586597 0.002436555 0.001617925 6.99464E-4 0.001480244 0.002359586 0.001767856 0.001619696 0.001596978 0.002169074 0.001491569 8.96831E-4 0.001485888 7.91662E-4 0.001815767 0.001960773 7.94419E-4 0.001956388 0.001531403 0.00181649 9.13573E-4 0.002039176 0.001930243 0.001955483 7.67924E-4 5.96708E-4 0.001935 0.002460431 0.001875773 0.001767656 6.51991E-4 0.001948017 0.002096351 0.002236381 0.001569722 8.62311E-4 6.87596E-4 0.002146992 7.58947E-4 7.01388E-4 0.002287697 0.001824101 7.04994E-4 0.002162174 0.002159613 0.001365785 8.05074E-4 0.001682088 6.07555E-4 7.31978E-4 7.25609E-4 0.001571835 0.002032264 0.001696993 0.002111938 0.001826274 0.00227049 5.82868E-4 0.001967875 0.00164151 7.06872E-4 0.002204666 0.002407754 0.002472845 0.002092635 0.001700811 0.002066864 0.001528843 0.001523859 0.002468 7.53192E-4 0.002759871 8.34838E-4 8.05567E-4 0.002070392 0.002207367 7.87522E-4 7.09716E-4 7.93411E-4 0.001741715 0.002107158 7.42167E-4 7.33928E-4 0.001628903 9.05261E-4 0.002008494 0.002277705 0.001529234 0.001701611 0.002117493 6.3791E-4 7.00382E-4 0.0019892 6.88484E-4 6.40268E-4 7.32511E-4 0.001682913 0.001871431 0.00160158 6.93246E-4 0.002005456 0.002484534 0.001598889 6.46152E-4 0.001668041 0.001958233 0.001625621 0.00146887 0.001509372 0.00230991 0.001774128 6.59532E-4 0.001915819 7.39472E-4 0.001805567 0.001990399 6.83782E-4 0.002035077 0.001457636 0.001762392 8.844E-4 0.002041705 0.002228819 0.002075033 7.81973E-4 6.43385E-4 0.00209589 0.002359499 0.001869154 0.001864174 6.62084E-4 0.002094676 0.002009793 0.002149148 0.001404327 7.41555E-4 6.97671E-4 0.002139038 7.38313E-4 7.68196E-4 0.002442673 0.001809083 7.38997E-4 0.002201152 0.002229942 0.001384761 6.79568E-4 0.001798119 6.9508E-4 0.001603622 7.36782E-4 0.001594761 0.002105581 0.001426525 0.00210677 0.001902274 0.002195208 6.56729E-4 0.001915158 0.001618435 7.44146E-4 0.002124756 0.002253591 0.001858248 0.002255117 0.001565096 0.002086159 0.001905341 0.001619255 0.002052538 7.28166E-4 0.002470514 7.24428E-4 8.10624E-4 0.001987633 0.002301737 8.69323E-4 6.10844E-4 8.09284E-4 0.001956085 0.0019336 7.63944E-4 7.36208E-4 0.001610378 9.84139E-4 0.001836106 0.002294935 0.001595742 0.001812672 0.002116535 6.27187E-4 6.69388E-4 0.002368661 7.67246E-4 6.25584E-4 8.45551E-4 0.001792314 0.002002406 0.001592858 8.14894E-4 0.001661958 0.002623606 0.001708588 7.32914E-4 0.001567011 0.00233375 0.001554552 0.00151131 0.001620057 0.002290308 0.001564385 7.22334E-4 0.001723039 7.16871E-4 0.00186405 0.002086041 7.07639E-4 0.002047619 0.001577097 0.001782778 6.84609E-4 0.001900426 0.002097428 0.002824192 9.47259E-4 6.58697E-4 0.00210715 0.00230618 0.001651314 0.002377952 7.1174E-4 0.002245609 0.002431917 0.002336689 0.002115964 7.93135E-4 6.27915E-4 0.00214765 9.02697E-4 8.88899E-4 0.002001604 0.002199622 7.38372E-4 0.002012671 0.002205828 0.001504826 8.55759E-4 0.001647269 7.36898E-4 7.62273E-4 7.72579E-4 0.001585153 0.00197898 0.001617335 0.002422691 0.001817303 0.00191048 5.92648E-4 0.002110418 0.001667457 6.64806E-4 0.002135142 0.001910012 0.002053538 0.002338972 0.001649329 0.002195685 0.001658321 0.00178241 0.002091806 7.5452E-4 0.002809036 6.5604E-4 7.22077E-4 0.0019715 0.002619863 0.001121707 6.7992E-4 7.5536E-4 0.001968749 0.002175066 7.56681E-4 8.26664E-4 0.001828654 9.14219E-4 0.001716557 0.002333065 0.001390516 0.001650263 0.002588758 8.26542E-4 7.3326E-4 0.002567821 8.49395E-4 6.81821E-4 8.80693E-4 0.001472739 0.002134486 0.001583231 7.02412E-4 0.001694632 0.002522873 0.001597073 7.16164E-4 0.001710506 0.002349561 0.001866206 0.001552994 0.001583381 0.00175108 0.001537083 6.69041E-4 0.001983422 8.03322E-4 0.001836948 0.001967248 6.78469E-4 0.002179535 0.002011609 0.002178493 8.83419E-4 0.002119515 0.002294966 0.002322408 9.71976E-4 8.18008E-4 0.002462462 0.002626446 0.001985551 0.002103183 8.30523E-4 0.002090307 0.002149588 0.002160119 0.001504045 7.42183E-4 7.49463E-4 0.002143653 7.91641E-4 7.20675E-4 0.002351427 0.002029415 7.62553E-4 0.002201895 0.00238363 0.001370449 7.74731E-4 0.001727516 5.54906E-4 8.65795E-4 6.72266E-4 0.001419201 0.001922158 0.001452398 0.002074723 0.00146288 0.001981225 6.49023E-4 0.002008547 0.001704491 7.8325E-4 0.00207649 0.001696818 0.002240594 0.002094016 0.001623368 0.002127079 0.001567538 0.002028861 0.002444391 7.04441E-4 0.002396796 8.1878E-4 7.7319E-4 0.00187503 0.002060547 7.96198E-4 7.08199E-4 8.27459E-4 0.002233731 0.002164523 0.001144322 8.2137E-4 0.002718721 0.001401086 0.002240662 0.002409339 0.001606529 0.001836909 0.00289621 7.63051E-4 7.41172E-4 0.002191897 7.42406E-4 7.18367E-4 7.43116E-4 0.001797294 0.001940429 0.001633508 7.70142E-4 0.00165379 0.002409704 0.001762803 7.86852E-4 0.001592818 0.002542464 0.001802732 0.001783895 0.001549752 0.00198019 0.002147718 6.56487E-4 0.001780061 7.23606E-4 0.001723061 0.0018046 6.80373E-4 0.001962273 0.001669178 0.001794069 7.06056E-4 0.002205765 0.001920062 0.00209291 7.29174E-4 5.56541E-4 0.002159488 0.002257768 0.001496734 0.002055981 7.20892E-4 0.002521069 0.002161599 0.002007913 0.001558905 6.63044E-4 7.09997E-4 0.002063791 7.4905E-4 9.21665E-4 0.002253762 0.001700986 7.73896E-4 0.002001952 0.002217408 0.001708112 6.66011E-4 0.001438381 5.57498E-4 6.75033E-4 6.60799E-4 0.001513159 0.002059728 0.001638729 0.002296136 0.001917014 0.002088227 5.44694E-4 0.001956355 0.001701177 8.14591E-4 0.002305948 0.001898581 0.002427513 0.002136087 0.001491773 0.002271719 0.001663276 0.00201008 0.002624071 7.62462E-4 0.004267351 0.001024783 7.51167E-4 0.002051425 0.003044389 9.47754E-4 7.07136E-4 7.53718E-4 0.002118135 0.001835719 7.6138E-4 7.52359E-4 0.00184459 9.43512E-4 0.001795648 0.002348633 0.001540309 0.001779803 0.002266497 6.74466E-4 6.08513E-4 0.002237615 8.07714E-4 7.77054E-4 0.001075637 0.001717298 0.002150167 0.001757265 8.12394E-4 0.001702386 0.002434143 0.001832056 0.001022766 0.001786196 0.002028856 0.002053202 0.001651836 0.001563034 0.001952667 0.002315537 7.72246E-4 0.001754347 8.9767E-4 0.001853137 0.002136287 7.50533E-4 0.002379889 0.001761835 0.001894099 8.92899E-4 0.002002726 0.002230566 0.001953008 6.82435E-4 6.66032E-4 0.00215197 0.002287869 0.001742872 0.002142117 7.12073E-4 0.002110919 0.002339263 0.002016995 0.001588176 9.19412E-4 7.61039E-4 0.002148664 9.55182E-4 8.60657E-4 0.002485032 0.002169516 8.66551E-4 0.002132415 0.002763567 0.001654446 8.08605E-4 0.001984688 8.10466E-4 8.27973E-4 7.6471E-4 0.00167301 0.002018977 0.00162848 0.002104094 0.001474485 0.00239419 5.0644E-4 0.001957368 0.001647271 6.91567E-4 0.002267399 0.002224678 0.002493448 0.002140054 0.001938405 0.002335378 0.001627262 0.001776657 0.002066828 7.84822E-4 0.002698975 7.05072E-4 9.70781E-4 0.002137793 0.002294718 8.68333E-4 7.49355E-4 8.48023E-4 0.002492431 0.002706325 8.42452E-4 7.66289E-4 0.001875779 8.43895E-4 0.002345179 0.002268004 0.00146209 0.001511993 0.00228863 6.46287E-4 6.32049E-4 0.002120332 0.001020385 9.4028E-4 6.85744E-4 0.001877475 0.00212442 0.001691454 7.75276E-4 0.001872749 0.002427735 0.001663314 6.88286E-4 0.001808888 0.002369375 0.001710879 0.001566832 0.001695413 0.002376648 0.001633306 6.72983E-4 0.002456815 0.001006557 0.001932685 0.001940071 7.33942E-4 0.001865755 0.001634515 0.001931006 9.69895E-4 0.002219405 0.002257285 0.002124433 7.77517E-4 6.26502E-4 0.002117533 0.002151105 0.001950543 0.002340962 8.27301E-4 0.002337739 0.002512037 0.001920071 0.001627555 7.91925E-4 6.43615E-4 0.002227851 9.79769E-4 9.07962E-4 0.002242849 0.001829098 8.82174E-4 0.001924361 0.002175721 0.001559604 7.91002E-4 0.001741254 5.93219E-4 7.73105E-4 7.02307E-4 0.001428696 0.002065283 0.001732064 0.002107483 0.001780002 0.002283259 6.25634E-4 0.002246962 0.00157572 6.82823E-4 0.002110298 0.002180512 0.002375315 0.002494988 0.001385223 0.002495948 0.001402327 0.001943561 0.002039946 8.58588E-4 0.003063839 6.93164E-4 7.3229E-4 0.002327316 0.002388662 9.88483E-4 7.97655E-4 6.46354E-4 0.001910309 0.002318531 7.961E-4 6.82378E-4 0.001836068 8.79502E-4 0.00171177 0.002071015 0.001481752 0.001794914 0.002172684 7.48419E-4 6.18079E-4 0.002161158 9.5039E-4 6.73977E-4 8.16884E-4 0.001862902 0.002261546 0.001773533 6.50324E-4 0.001726962 0.002647379 0.001492923 6.69503E-4 0.001882736 0.003057124 0.00169538 0.002361791 0.001893994 0.002135205 0.002304222 0.001002268 0.001804761 9.59145E-4 0.001961 0.001916877 0.001040554 0.003250615 0.002595988 0.002573106 0.001160169 0.003106217 0.003064936 0.00195129 7.24824E-4 9.26232E-4 0.002730994 0.002665755 0.001722889 0.002581646 8.052E-4 0.002359526 0.002766638 0.002476701 0.001709511 0.001215557 9.62671E-4 0.002124246 0.001204013 9.97436E-4 0.002152467 0.00231868 8.06786E-4 0.001857636 0.002805381 0.00170533 7.13853E-4 0.002329067 6.7094E-4 0.001088368 9.99312E-4 0.001518159 0.00185547 0.002307769 0.002325585 0.001775834 0.002285418 9.00715E-4 0.00231545 0.001609288 9.02325E-4 0.002943906 0.002022064 0.001915057 0.003050173 0.00184909 0.00225021 0.002350691 0.002212297 0.002719457 6.71671E-4 0.002922343 0.002189379 0.001742663 0.003416564 0.00298161 0.001104712 7.88581E-4 7.40925E-4 0.002764715 0.002508523 0.00118419 0.001049063 0.002328034 0.001035528 0.001956093 0.002288273 0.002144093 0.001944148 0.002324158 0.001175756 8.95479E-4 0.003202028 8.2559E-4 0.001095835 9.98108E-4 0.0021355 0.003070549 0.001922334 9.83915E-4 0.002199403 0.00262056 0.001840969 0.001207706 0.00229072 0.003254529 0.001840847 0.002545706 0.001811704 0.002921437 0.002388843 0.001375707 0.002333759 0.001277239 0.002876311 0.002011684 0.001164026 0.002758639 0.002011995 0.001850646 0.001307882 0.002128335 0.002694495 0.002143708 8.10272E-4 6.32743E-4 0.002179055 0.002255934 0.003230568 0.002970943 0.001100324 0.004195249 0.002860517 0.003790206 0.001961096 0.001101082 9.3193E-4 0.003381424 0.001638932 9.7062E-4 0.003644707 0.00294195 8.98068E-4 0.002193043 0.002340466 0.001709967 0.001187736 0.002632594 7.13518E-4 8.4394E-4 7.90266E-4 0.001743694 0.002610137 0.001751198 0.002868297 0.002177977 0.002361438 9.7996E-4 0.002079747 0.001806463 7.33215E-4 0.002335718 0.002218254 0.002297007 0.002535597 0.001695357 0.002779082 0.002830754 0.002548263 0.002453565 0.001220745 0.00253031 0.001017678 0.001227551 0.002883026 0.002247511 8.17269E-4 9.8915E-4 8.10789E-4 0.002432692 0.002606386 0.001023446 9.13121E-4 0.001687252 8.56993E-4 0.001664957 0.002196319 0.001518272 0.001777996 0.00278144 7.11134E-4 0.001033212 0.003111924 0.001626926 0.001384899 0.00141082 0.002349099 0.00243517 0.002124963 0.001138015 0.002994009 0.002295014 0.002177104 0.001091218 0.002051572 0.002887908 0.002497782 0.001885552 0.001932873 0.002505764 0.002671327 0.001305338 0.002726748 0.001029886 0.002407372 0.002643264 0.001335159 0.002674226 0.002260714 0.001905145 0.001187659 0.003266006 0.002752578 0.00252393 8.59773E-4 8.89098E-4 0.002750678 0.002851351 0.002266332 0.002715269 8.52138E-4 0.003044571 0.002190831 0.001839241 0.002080292 0.00113665 0.001051743 0.002180201 0.001168122 0.001111023 0.002016795 0.002515095 9.04267E-4 0.002721994 0.002190862 0.001953142 0.001213829 0.001763523 0.001196976 0.001096029 0.001033757 0.001523442 0.002645589 0.002151538 0.002398099 0.001710403 0.002831328 9.27612E-4 0.002657753 0.002308645 8.92225E-4 0.002878112 0.002215764 0.002153935 0.002196484 0.001533504 0.002801234 0.001937974 0.002125424 0.002899582 9.01812E-4 0.002645548 9.98697E-4 9.86659E-4 0.002521622 0.002366515 8.9315E-4 8.88057E-4 8.32417E-4 0.002840307 0.002327057 0.001079504 9.85743E-4 0.00169934 0.001190966 0.002003988 0.002188464 0.001534455 0.00216857 0.002720416 0.001023103 6.87331E-4 0.00207326 0.001243517 8.89805E-4 0.001165713 0.002532757 0.001892763 0.001596861 8.71836E-4 0.001751754 0.003216852 0.00197218 7.69049E-4 0.002109639 0.003007949 0.001627903 0.001852069 0.001702367 0.002524887 0.00228963 8.49125E-4 0.002136887 7.75202E-4 0.002624295 0.002116047 7.69967E-4 0.00211686 0.001839534 0.001645354 8.73508E-4 0.003580212 0.003737271 0.002664164 0.001024017 0.001180438 0.003314086 0.003439743 0.002515446 0.00214346 0.001235244 0.002210497 0.003050278 0.002527343 0.002226413 9.10018E-4 0.001198009 0.002143223 0.001080069 7.97861E-4 0.002034824 0.002498358 0.001058483 0.002758265 0.002863259 0.001745571 7.26341E-4 0.00244924 7.00272E-4 0.00108161 0.001464183 0.00302865 0.002068186 0.002001171 0.003062817 0.001930929 0.002338017 8.35054E-4 0.002036765 0.001589229 7.35915E-4 0.002768929 0.002036095 0.002119515 0.003153097 0.00195122 0.002257356 0.002363613 0.002473756 0.002828588 9.46468E-4 0.00335698 0.001198695 0.001237888 0.002499683 0.003107459 0.00109755 0.001530395 0.001190207 0.002940968 0.002683288 0.001292226 9.5028E-4 0.001740313 0.001630407 0.004098815 0.003170889 0.001897118 0.001610115 0.002633442 9.70381E-4 9.94547E-4 0.00286791 8.3802E-4 0.001111473 8.20217E-4 0.001732064 0.002014216 0.001585893 9.72778E-4 0.001757187 0.002412638 0.001737984 0.001082796 0.001411455 0.003200403 0.001502166 0.001773834 0.002542663 0.002326259 0.00152486 0.001212371 0.001996954 0.00104206 0.002049629 0.002135902 7.53028E-4 0.002641115 0.001833661 0.002385568 0.001141666 0.002180924 0.002798517 0.002101739 9.00976E-4 8.7861E-4 0.001863043 0.002136122 0.001927859 0.002973316 7.49602E-4 0.00225136 0.003053011 0.00278122 0.002040021 0.001218137 7.69195E-4 0.002042346 0.001410236 0.001401528 0.003549597 0.003075078 0.001094416 0.001947587 0.002604891 0.001452884 0.001248227 0.002658856 9.0493E-4 0.001045765 8.30981E-4 0.002225579 0.001957351 0.002062616 0.002538516 0.001832179 0.002675509 8.60198E-4 0.001813804 0.001796885 6.78518E-4 0.002306353 0.002599526 0.002865492 0.00287076 0.002074257 0.002260102 0.001837431 0.002314431 0.002896226 8.46208E-4 0.003821045 0.001053603 8.22319E-4 0.002897966 0.00285321 0.001184206 7.68331E-4 8.34984E-4 0.002067172 0.002268662 0.001050099 7.12683E-4 0.001858436 8.53426E-4 0.002585942 0.002906219 0.001537363 0.002245964 0.002635456 9.37387E-4 8.76435E-4 0.002507647 0.001140228 0.00125613 9.10752E-4 0.001791792 0.002498982 0.002100111 0.001089497 0.002324072 0.002305726 0.002133267 7.67149E-4 0.001342949 0.002202737 0.00157338 0.001623788 0.002198051 0.002579794 0.002171565 0.001109896 0.002308409 0.001123861 0.001963879 0.0020859 0.001149559 0.00231811 0.00230225 0.001577366 0.001173893 0.001995534 0.001926988 0.002671679 8.1049E-4 6.40813E-4 0.002104789 0.002036061 0.001817328 0.002664689 7.05716E-4 0.002037857 0.002830379 0.002071366 0.001655247 8.50558E-4 6.51746E-4 0.001941396 8.0481E-4 0.001076553 0.001858006 0.002794975 0.001362774 0.003350533 0.003945132 0.001588493 0.001172773 0.002125114 7.63467E-4 8.35653E-4 7.49531E-4 0.002352912 0.001947498 0.002195149 0.002044121 0.002375712 0.002570766 9.05347E-4 0.002063504 0.002246485 9.48989E-4 0.002305419 0.002098627 0.00297265 0.002820772 0.001812015 0.002899556 0.001819997 0.001951013 0.002968269 0.001049465 0.003324058 0.001136731 8.56888E-4 0.002769867 0.002234589 0.00122241 9.21703E-4 0.001124953 0.002895702 0.002169168 0.001149386 0.001058539 0.001883254 8.60716E-4 0.001669197 0.003014287 0.002089172 0.001723219 0.002700123 7.46675E-4 0.00102921 0.002810845 8.49019E-4 0.001079687 0.001093791 0.002178722 0.001986406 0.002179648 0.001010852 0.002297815 0.002363962 0.002162803 7.41155E-4 0.002338349 0.003083006 0.001799104 0.001718811 0.00162573 0.002388979 0.002227331 0.001049995 0.0017637 7.41837E-4 0.002546375 0.002639057 0.001126082 0.001989912 0.002200606 0.001675958 0.001182528 0.00251509 0.001989894 0.002645428 7.45949E-4 9.08494E-4 0.002684527 0.002245433 0.00228693 0.002152054 7.76041E-4 0.002214185 0.002186183 0.0028703 0.001668769 8.05056E-4 7.33716E-4 0.002729951 7.84717E-4 0.00105739 0.002862213 0.002388605 8.60465E-4 0.002669735 0.002854743 0.001765981 7.54745E-4 0.001867658 9.74526E-4 8.00193E-4 9.12096E-4 0.002029495 0.002485483 0.001630407 0.002783306 0.002406667 0.002715827 7.64688E-4 0.002560005 0.00225585 7.0554E-4 0.002714103 0.003206715 0.003032762 0.002728139 0.001936609 0.00339949 0.002420542 0.00181449 0.002777496 8.93662E-4 0.003283126 0.00122923 0.001064629 0.003097685 0.002990634 0.001092429 0.001001373 7.57148E-4 0.00199307 0.00185814 0.001141559 0.001147782 0.002253287 0.001296283 0.002222536 0.002238675 0.001507673 0.002135345 0.002068295 0.001014816 6.98063E-4 0.002911034 0.00120785 0.001098174 0.001217254 0.002416556 0.002607372 0.002211877 0.001046627 0.001634443 0.002559766 0.00158652 0.001130054 0.001697883 0.003043587 0.001533992 0.001694416 0.00164859 0.002805456 0.002385033 0.001188849 0.002318347 0.001125766 0.002661835 0.002641811 0.001083217 0.002144347 0.001984847 0.00232726 0.001111025 0.002087728 0.001988788 0.001955726 7.26158E-4 6.04545E-4 0.002189377 0.002631798 0.001712447 0.002112968 7.57468E-4 0.003131221 0.002122748 0.002513459 0.002130615 7.93598E-4 0.001055234 0.002522348 9.49522E-4 0.001042826 0.00268097 0.002272736 0.001096155 0.002434638 0.002274373 0.001791889 7.45107E-4 0.002375532 5.97815E-4 0.001045881 7.79919E-4 0.00144746 0.002547042 0.002067442 0.002949901 0.002238008 0.002218291 9.22132E-4 0.00195353 0.002498538 0.001108434 0.003216042 0.002330645 0.002641834 0.002269 0.001481437 0.002143667 0.001617173 0.001807532 0.002907932 8.22633E-4 0.003018896 0.001040283 8.28531E-4 0.002754218 0.002224034 8.32983E-4 9.8716E-4 0.001103575 0.002863573 0.002610994 0.001035856 7.97848E-4 0.002275847 9.06853E-4 0.002434662 0.002876746 0.001795657 0.002230849 0.002643404 9.57366E-4 9.06026E-4 0.002929666 8.55842E-4 0.001049596 0.001140526 0.002296952 0.001905942 0.003053352 9.55257E-4 0.002857327 0.002308619 0.001595836 7.25002E-4 0.001635595 0.002893013 0.001565933 0.002425209 0.002111594 0.002094768 0.001740596 0.001143673 0.001739515 8.53039E-4 0.002577869 0.00218065 0.001094601 0.00213534 0.001738088 0.001805177 0.001207866 0.002005013 0.001967665 0.002480092 8.15263E-4 8.65011E-4 0.002819715 0.002732875 0.001803469 0.002103143 7.19301E-4 0.002249101 0.002691109 0.002572657 0.002213805 0.001102206 0.00106923 0.002711257 9.14634E-4 8.37241E-4 0.002856843 0.002408193 8.23457E-4 0.002860097 0.002964959 0.001744758 0.001131491 0.001854797 9.21671E-4 0.001140059 7.87358E-4 0.002048092 0.002313267 0.00162618 0.002152167 0.002325996 0.002525442 8.91564E-4 0.002652439 0.001727793 0.001041966 0.002211648 0.002819274 0.002433969 0.002805843 0.00134271 0.002079709 0.00205551 0.001721804 0.002582889 9.78153E-4 0.002835102 9.62885E-4 0.001110137 0.00263907 0.002721918 0.001213419 0.001079118 7.47299E-4 0.002939365 0.002602171 9.8461E-4 8.16301E-4 0.002480225 8.31472E-4 0.00206239 0.002909016 0.001369797 0.001631304 0.00252512 9.42499E-4 9.67117E-4 0.002122602 0.001133257 0.001057962 7.67199E-4 0.001550541 0.002401088 0.001988101 9.96993E-4 0.00228616 0.002406918 0.001654618 7.7906E-4 0.002283676 0.002947908 0.00227139 0.001752001 0.002104358 0.00200911 0.002065907 7.35717E-4 0.002166574 9.73131E-4 0.002689421 0.001879392 0.001114864 0.002251625 0.002243082 0.00240793 0.001538839 0.003822995 0.003476417 0.003334589 0.001018182 9.88319E-4 0.002512358 0.002887689 0.002522437 0.002764683 7.72677E-4 0.002839191 0.002897719 0.002927716 0.00199417 8.59941E-4 0.001015967 0.002778201 8.57697E-4 8.84389E-4 0.00209673 0.002441118 8.23283E-4 0.001951959 0.002321331 0.00194259 8.35014E-4 0.002182437 8.82169E-4 0.00112578 0.001300412 0.00205568 0.002389114 0.002112994 0.002299956 0.001792697 0.003155882 7.42041E-4 0.00250227 0.001733301 0.001125939 0.002660998 0.002116015 0.002076343 0.002914882 0.001372279 0.002656087 0.002452408 0.001722157 0.002206412 7.98815E-4 0.003114473 0.001061292 0.001105872 0.002150149 0.002098823 9.07652E-4 0.00101467 8.22616E-4 0.00201764 0.0027924 0.001113407 0.001046478 0.001846964 0.001332756 0.002412409 0.002419666 0.001526385 0.001655161 0.001950611 9.98585E-4 9.60415E-4 0.00206745 0.001105391 0.001047791 9.93438E-4 0.002211098 0.002496423 0.001849662 0.001169741 0.002596176 0.002413554 0.001626766 8.91606E-4 0.001884611 0.003052526 0.001800845 0.002420064 0.001507916 0.002755154 0.001744161 7.96109E-4 0.001586128 0.001095766 0.001969449 0.002659522 9.62086E-4 0.002391188 0.00229117 0.002365106 0.001160268 0.002754917 0.00257659 0.002064349 7.41261E-4 8.50771E-4 0.002020778 0.003212389 0.00186059 0.002398727 9.06885E-4 0.002824497 0.002166565 0.002501666 0.00224203 0.001082441 0.001095999 0.002617839 0.0010575 0.001217178 0.002816815 0.002467984 0.001015824 0.002525281 0.002924967 0.001551196 8.16273E-4 0.001766073 6.71449E-4 7.75391E-4 7.86144E-4 0.002110885 0.002018255 0.001633815 0.002350091 0.001743003 0.002170898 8.20977E-4 0.001983054 0.002313406 6.78548E-4 0.002107874 0.00207126 0.002118663 0.002997223 0.002097212 0.00195893 0.001855272 0.001955859 0.002029554 9.97736E-4 0.003301269 8.85454E-4 0.001030566 0.002053495 0.002765645 0.001232422 9.25498E-4 7.83687E-4 0.002550085 0.002974143 0.001179728 8.15387E-4 0.002331273 0.001261857 0.001933145 0.002867719 0.001519003 0.002063184 0.002732671 0.00116679 8.60406E-4 0.003336277 0.001415738 0.001187934 8.76568E-4 0.00286175 0.002835639 0.001718246 7.16091E-4 0.002025207 0.002448805 0.001552362 6.99203E-4 0.002096935 0.00301793 0.00237417 0.001751357 0.001510319 0.002114034 0.002387582 0.001069457 0.001604119 0.001122926 0.002588956 0.002540529 0.00102703 0.002940703 0.002341763 0.00169345 8.13364E-4 0.002155806 0.002056508 0.002597487 7.29016E-4 9.02706E-4 0.0026067 0.002253166 0.00237367 0.002207255 8.70885E-4 0.002115251 0.00228416 0.001933962 0.002120893 7.34978E-4 7.53407E-4 0.002937683 0.001174155 8.21631E-4 0.002994587 0.001766722 8.00754E-4 0.002479333 0.002737687 0.00179242 0.00129069 0.001662582 0.001041881 0.001038043 6.89698E-4 0.001605649 0.002039746 0.001716198 0.003431412 0.001656058 0.002224312 8.06139E-4 0.002047407 0.001711704 7.26338E-4 0.002830252 0.002083102 0.002382435 0.002933877 0.001604774 0.002239052 0.002482332 0.002467092 0.002759054 9.63502E-4 0.002438406 8.71991E-4 7.16325E-4 0.002111607 0.002343339 9.36653E-4 9.33307E-4 7.455E-4 0.002688159 0.002470537 9.7171E-4 8.95782E-4 0.001795484 8.62499E-4 0.002155412 0.002092022 0.001429496 0.001676189 0.002102274 9.41009E-4 0.001066933 0.002911227 8.21223E-4 9.05309E-4 0.001230131 0.002534167 0.002692711 0.002126509 0.001049621 0.001664939 0.00223616 0.001701679 9.78723E-4 0.001696687 0.002890599 0.001674628 0.001697938 0.002342895 0.002618158 0.002046583 0.001005831 0.00258047 8.3469E-4 0.002776093 0.002169824 0.001104725 0.00224119 0.0018043 0.002323762 0.001227664 0.002742618 0.002138682 0.002743 7.40241E-4 9.071E-4 0.001941159 0.002293794 0.00182538 0.001935091 0.001283624 0.002627299 0.002931607 0.00206192 0.002195727 8.8291E-4 0.001106199 0.002721689 0.001189413 8.72125E-4 0.003030101 0.002495227 0.00100879 0.00204089 0.002205531 0.001949944 0.001077345 0.002066046 6.29578E-4 0.001085301 0.001011963 0.001557885 0.002556915 0.001658532 0.003094851 0.001606176 0.00294512 9.73553E-4 0.002586285 0.001809068 6.93981E-4 0.002225323 0.002160886 0.002059568 0.002423908 0.00211833 0.002704219 0.001797074 0.001750345 0.002178829 0.00111397 0.002585832 0.001070707 0.001209935 0.002860314 0.002239043 0.001224258 9.83051E-4 7.00166E-4 0.002136297 0.002777557 0.001013096 9.46169E-4 0.001819647 0.001162699 0.002154654 0.002118464 0.002045809 0.002309969 0.002531486 7.28735E-4 0.00100254 0.002949629 8.60328E-4 0.001091399 0.001042233 0.001627974 0.002013154 0.002209155 0.001033838 0.002437885 0.002470616 0.002265992 8.1601E-4 0.001588909 0.002733417 0.002338015 0.001852132 0.002175517 0.002685066 0.002302177 0.001233658 0.00186791 0.001271588 0.002643479 0.002154888 0.001317109 0.002767249 0.002632335 0.002385263 8.07315E-4 0.002234057 0.001993255 0.002568808 8.15079E-4 6.78165E-4 0.002663884 0.00225134 0.001673088 0.002690636 7.93153E-4 0.002179306 0.002504038 0.002852041 0.001987652 0.001116596 8.15952E-4 0.002365277 6.93642E-4 9.53459E-4 0.002828813 0.002436848 8.00372E-4 0.002867613 0.002950753 0.001796395 0.001094671 0.002465909 9.11121E-4 8.18943E-4 7.49131E-4 0.002271652 0.002533605 0.002101136 0.002889564 0.001615483 0.00272328 7.58209E-4 0.001890666 0.001541183 0.001036209 0.002957195 0.002678214 0.002222158 0.003051566 0.001596315 0.002090439 0.0018638 0.002264388 0.002726515 8.83302E-4 0.002674122 0.001036118 7.64901E-4 0.002616579 0.002747477 0.00112524 9.72294E-4 7.07687E-4 0.002021571 0.002864057 0.001111635 8.40906E-4 0.001811695 0.001186782 0.002514539 0.002210322 0.00195648 0.002471587 0.002888623 9.49285E-4 9.45486E-4 0.003109658 0.001149975 0.001012097 0.001031859 0.00164919 0.002404301 0.001713516 0.001138853 0.002205624 0.002351363 0.002212365 0.001078691 0.001953504 0.00309906 0.002246994 0.002179246 0.001474973 0.003183931 0.002087196 8.52147E-4 0.002111242 8.11184E-4 0.0025879 0.00214892 0.001049728 0.002741751 0.002267778 0.00244621 0.001330797 0.002169603 0.002082166 0.001938102 7.8798E-4 7.44696E-4 0.002824846 0.002745944 0.001933225 0.00280228 8.05059E-4 0.002820274 0.002556499 0.002491736 0.002035364 0.001242548 0.001169026 0.002111085 0.001074237 7.97497E-4 0.00212369 0.002359349 0.001049258 0.002003628 0.002319834 0.001695163 0.001282747 0.00206399 8.73246E-4 6.98677E-4 7.76013E-4 0.001757293 0.002515372 0.001564123 0.002862419 0.001768517 0.002111479 7.66645E-4 0.002522709 0.002207493 7.49024E-4 0.002113841 0.002065815 0.002190713 0.002987755 0.002078081 0.002935451 0.002457284 0.002213959 0.002846801 0.00104971 0.003258338 0.001355717 0.001256558 0.002142324 0.002848325 7.8878E-4 9.69685E-4 7.75423E-4 0.001848907 0.001903503 9.78067E-4 7.33841E-4 0.001735304 0.001017896 0.001676592 0.002510985 0.002027554 0.00152494 0.002747351 9.84716E-4 7.29391E-4 0.002937531 8.56903E-4 0.001072737 8.46339E-4 0.002814312 0.002395315 0.002349147 7.27749E-4 0.002492371 0.002300962 0.002208893 9.43219E-4 0.002240456 0.002656757 0.002370896 0.002362753 0.001707137 0.002764222 0.002169418 0.00106263 0.002522262 9.01153E-4 0.002405645 0.00279935 0.00107923 0.002483939 0.002311062 0.001976657 8.11451E-4 0.001955903 0.00275361 0.002076765 7.85911E-4 8.8798E-4 0.002012421 0.002204291 0.001770261 0.002676775 0.001182986 0.002716379 0.001929208 0.0019745 0.002017365 0.001274813 8.61065E-4 0.001975679 0.001179958 0.001046394 0.002795128 0.002141162 0.00111133 0.002177041 0.002956252 0.001407933 8.03477E-4 0.002313275 7.29917E-4 0.001063989 8.53926E-4 0.001657181 0.002573289 0.001613283 0.002122895 0.001708066 0.00281595 9.07906E-4 0.002130849 0.002196233 7.87803E-4 0.002925306 0.001966466 0.002940774 0.002646761 0.001534118 0.002164206 0.002516852 0.001879071 0.0021027 8.46052E-4 0.003475678 0.001160589 7.64126E-4 0.001932034 0.00213313 7.93867E-4 9.71551E-4 7.34006E-4 0.002015359 0.002240616 0.001103275 8.03374E-4 0.002424351 8.35974E-4 0.001980661 0.002287352 0.00155147 0.002191816 0.00260182 9.42375E-4 7.04665E-4 0.003198661 0.001112208 9.8681E-4 0.001056444 1.92578E-4 0.002038168 0.001616473 0.001086798 1.87195E-4 0.002312544 0.001793484 7.33067E-4 0.001681265 0.002221606 1.89875E-4 1.82252E-4 0.0015946 0.002598542 1.99669E-4 0.001058862 0.00241279 0.0010513 0.002578966 0.002743577 0.001230851 0.002915132 0.002147701 1.96179E-4 0.001134605 0.002893734 0.002126193 0.002366002 8.11827E-4 8.91963E-4 1.94368E-4 0.002081689 0.002018034 0.002361659 0.001250207 0.003127022 0.002059615 0.002643096 0.001793981 0.001306151 0.001116357 2.29603E-4 8.20349E-4 0.001134314 0.002061662 0.002352842 0.001016296 2.46039E-4 0.002396821 0.001915234 0.001143691 0.001892029 8.06304E-4 7.59942E-4 7.59681E-4 1.8094E-4 1.97761E-4 0.002249094 0.002884212 1.96512E-4 0.002473656 8.37679E-4 0.002701961 1.94914E-4 0.00103073 0.002919728 0.00276251 0.00287827 0.00302954 1.90833E-4 0.002713139 1.94075E-4 2.06739E-4 0.002895189 6.3018E-4 0.003155464 8.99019E-4 0.001082738 0.001856084 0.002034905 0.001210461 9.19133E-4 7.66369E-4 0.002795488 0.002004718 0.001009627 9.76321E-4 1.68492E-4 8.00674E-4 0.002153045 0.001703662 0.00131377 2.05231E-4 0.002459846 8.28355E-4 9.90174E-4 0.002798352 9.38808E-4 9.47558E-4 7.91551E-4 0.001735969 0.00180103 0.002322493 7.8323E-4 0.001739901 0.002493019 0.002148281 0.001092958 0.001552984 0.002750166 0.00157448 0.001660603 0.002234462 0.002636121 0.002165634 7.86386E-4 0.001549918 7.964E-4 0.002533267 0.002541031 0.00107063 0.002779591 0.002142062 0.002060768 8.89789E-4 0.00342332 0.002285856 0.00203428 7.21755E-4 8.61559E-4 0.002084852 0.001965828 0.001783281 0.002726307 7.00321E-4 0.002073254 0.002835361 0.00202041 0.002228131 9.84843E-4 0.00101972 0.002062365 0.001135885 0.001068077 0.001875319 0.002349825 9.84581E-4 0.002168956 0.002077058 0.001400061 7.00694E-4 0.001510175 8.70469E-4 7.90285E-4 9.50939E-4 0.002016343 0.002204605 0.001758141 0.002559923 0.001625652 0.002023553 8.32991E-4 0.001973101 0.001662333 6.93564E-4 0.002261679 0.002601073 0.002216196 0.002924644 0.001375498 0.002820668 0.002137973 0.002270972 0.00289095 7.38027E-4 0.002439264 0.001056348 0.001142625 0.002063828 0.002710915 7.86972E-4 7.78102E-4 7.43462E-4 0.002513829 0.002050082 0.001068061 7.52792E-4 0.001765608 8.72585E-4 0.001731817 0.001766878 0.001471785 0.001598832 0.002672645 9.1138E-4 9.1265E-4 0.002151561 8.48325E-4 0.001041479 6.67039E-4 0.002114804 0.00192988 0.002198616 8.86216E-4 0.00215554 0.002197042 0.002284238 0.001075415 0.002028771 0.002172804 0.001742499 0.002183262 0.001957796 0.002056207 0.001677179 7.22316E-4 0.002245276 7.91878E-4 0.001981679 0.002525017 8.0161E-4 0.002367681 0.002313051 0.002233309 0.001186302 0.002131419 0.002015648 0.00245275 7.12873E-4 8.54637E-4 0.002193298 0.002143791 0.001765234 0.002841142 8.19296E-4 0.002546134 0.002102382 0.002564147 0.002578259 0.001098464 0.001308582 0.002361046 0.001126834 0.00105876 0.001941713 0.001965478 0.001050899 0.001993467 0.002846413 0.001673841 0.001043666 0.002360197 7.03331E-4 9.20395E-4 8.76624E-4 0.001921607 0.002423107 0.001524655 0.002777039 0.002217992 0.002669022 8.37134E-4 0.002600716 0.002246406 6.55922E-4 0.002151524 0.001886915 0.002118562 0.002944723 0.001626548 0.002052452 0.002129212 0.002160498 0.002961759 9.06203E-4 0.003099071 0.001003275 8.19834E-4 0.001817188 0.001918863 9.96206E-4 9.58952E-4 7.60281E-4 0.002202479 0.001909206 0.001074007 7.5641E-4 0.001712987 1.68157E-4 0.001660832 0.001637857 0.001320387 0.002123949 0.002663797 9.96299E-4 8.95371E-4 0.002604026 7.27663E-4 0.001070883 0.001125029 0.001688493 0.002367902 0.00204958 6.81816E-4 0.002272331 0.002381701 0.001973175 0.001011957 0.001966945 0.002242815 0.001718444 0.002171876 0.001638584 0.001864353 0.001518514 8.78694E-4 0.002174192 7.91026E-4 0.002365342 0.002604022 7.67871E-4 0.002208044 0.001864228 0.001514362 0.001208176 0.001983426 0.002120949 0.0019298 7.24586E-4 9.1476E-4 0.002503938 0.002106845 0.001719064 0.002683983 7.54902E-4 0.002812661 0.002694527 0.001991141 0.001495131 7.57727E-4 0.001057677 0.002057286 8.39494E-4 8.99778E-4 0.00262332 0.00226473 0.001099319 0.0020666 0.002098679 0.001306517 7.35947E-4 0.002384541 8.74287E-4 6.99305E-4 6.76572E-4 0.002009618 0.001807692 0.001821418 0.00259889 0.001710726 0.00205144 7.67982E-4 0.002024957 0.001804895 9.3542E-4 0.002198355 0.002536111 0.002274788 0.00295931 0.001444391 0.002251706 0.002286125 0.002270252 0.002313671 7.73162E-4 0.003693145 0.001180095 0.001090895 0.001925463 0.002012525 8.43996E-4 9.87124E-4 9.96908E-4 0.003090026 0.002715129 0.001050298 7.63557E-4 0.00217008 8.14983E-4 0.001756524 0.001742783 0.00188608 0.001726141 0.001817057 9.88924E-4 7.70184E-4 0.002073051 0.001201777 0.001003726 0.001049659 0.002186207 0.001868368 0.002291047 6.73953E-4 0.002461099 0.002358645 0.001652904 0.001135638 0.001631829 0.002266703 0.001687486 0.001635357 0.002309248 0.002515992 0.00163869 7.46397E-4 0.002107335 8.44708E-4 0.002560243 0.002094381 0.001017383 0.002529404 0.001538772 0.001816097 0.001057429 0.002559555 0.001879092 0.002377101 7.30889E-4 8.70886E-4 0.002626996 0.002031666 0.001620577 0.001831441 7.44976E-4 0.002587061 0.002691614 0.002618196 0.001879467 0.00103125 8.01823E-4 0.002093392 8.0273E-4 0.001148035 0.002665732 0.002338419 8.02978E-4 0.002303913 0.003020481 0.001742961 0.001084574 0.00171947 8.57492E-4 8.9417E-4 8.98018E-4 0.001708693 0.001937798 0.002032918 0.002207834 0.002226159 0.00279849 8.05998E-4 0.00178061 0.001489624 0.001013629 0.00286647 0.002637108 0.002130194 0.002870281 0.001655288 0.002144471 0.002301625 0.002172388 0.002553339 8.60361E-4 0.002944643 9.97251E-4 8.16356E-4 0.001788942 0.002147779 8.77345E-4 8.89882E-4 7.26064E-4 0.001958305 0.003025524 0.001130714 7.08601E-4 0.001515903 0.001234244 0.001977454 0.002005114 0.001339273 0.001363719 0.001943953 9.72638E-4 8.92522E-4 0.001989311 0.001228341 0.001111773 9.30387E-4 0.002220064 0.001963338 0.002017935 7.01125E-4 0.002140074 0.002205395 0.001750721 0.001074744 0.001358505 0.002180088 0.001549936 0.001805538 0.00162744 0.002197153 0.002194195 0.001087811 0.002304665 9.48788E-4 0.002551206 0.0019717 0.00104695 0.001966488 0.001680284 0.002365604 0.001110857 0.00187871 0.002706792 0.002752582 7.88012E-4 9.56437E-4 0.002636633 0.002133228 0.002307502 0.002432805 8.02901E-4 0.002469698 0.002553439 0.002026292 0.002108563 0.001148647 0.001025466 0.002919179 7.82572E-4 0.001147517 0.00273498 0.002230101 9.32875E-4 0.002073358 0.002654382 0.001187476 7.19075E-4 0.00145494 9.58465E-4 6.55759E-4 0.001014992 0.0014919 0.002554316 0.001625606 0.002686125 0.001721927 0.002119617 5.88042E-4 0.002348527 0.001854714 0.001085419 0.002352559 0.002734517 0.001910871 0.002885368 0.001795352 0.002635023 0.001671494 0.001589682 0.003096642 0.001024995 0.002611797 7.33586E-4 0.001106508 0.002585394 0.002182548 0.001128306 9.42973E-4 6.98749E-4 0.002583885 0.002544409 9.56196E-4 7.65838E-4 0.001774921 8.15615E-4 0.002356044 0.00164739 0.001877115 0.001970237 0.002633879 0.00100234 6.03718E-4 0.002754567 0.001137704 9.4316E-4 0.001320337 0.002618872 0.002081135 0.00201036 9.64225E-4 0.00170891 0.002252278 0.001453005 0.001025591 0.001892045 0.00251701 0.001600383 0.001530716 0.00148989 0.002054615 0.002307176 0.001185545 0.001772872 8.07169E-4 0.002586855 0.002626867 0.001159481 0.001973412 0.002324777 0.001803346 8.36466E-4 0.00210003 0.002760321 0.001699917 6.89856E-4 5.92884E-4 0.002244203 0.002730576 0.00206621 0.002827431 7.41261E-4 0.002071081 0.002904622 0.002425807 0.001545736 0.001313442 9.20743E-4 0.002227364 6.90057E-4 0.001022209 0.002121033 0.0021841 8.10655E-4 0.002065949 0.002360297 0.001733701 0.001091904 0.001642882 8.07325E-4 0.001030302 6.53473E-4 0.001625174 0.002060085 0.001808656 0.002700716 0.002131998 0.002081377 8.54734E-4 0.002595093 0.001969973 9.9732E-4 0.002265888 0.001993622 0.00212585 0.002187646 0.001389475 0.002695777 0.001714453 0.002340279 0.003033786 9.17072E-4 0.002835725 9.81141E-4 0.00104678 0.001971489 0.002716381 0.001157937 9.9811E-4 0.001074626 0.002516257 0.002739578 9.837E-4 0.001170551 0.002306011 0.001286934 0.001818962 0.00178196 0.002033187 0.001686746 0.002262828 8.84624E-4 6.77382E-4 0.002011957 8.19679E-4 8.56032E-4 8.81816E-4 0.002574732 0.001843102 0.001711277 9.57776E-4 0.002415901 0.002185998 0.002250178 0.001170832 0.001642402 0.002237114 0.001620362 0.00177421 0.001977168 0.002609206 0.002249855 7.42576E-4 0.002146067 8.66191E-4 2.09219E-4 1.72556E-4 9.89324E-4 0.002726823 0.002868748 0.00254468 8.84911E-4 0.002864497 0.002884975 0.001859617 8.27241E-4 8.77792E-4 0.002700219 0.002218943 0.002375405 0.003095827 0.001215189 0.002770591 0.002471317 0.002557506 0.001747136 0.001222895 8.97049E-4 0.002578352 8.68744E-4 0.001291618 0.002740034 0.002399611 0.001135964 0.001740136 0.00264642 0.001714301 9.92777E-4 0.002427773 9.66997E-4 8.51258E-4 0.001108887 0.001754448 0.00223888 0.00217228 0.002332994 0.00249727 0.002206986 9.01222E-4 0.002149454 0.002216863 9.46876E-4 0.002335898 0.001893261 0.002754928 0.003122265 0.00154581 0.003096883 0.002405601 0.002402234 0.003049011 8.7061E-4 0.002359308 0.001171286 8.69945E-4 0.002919012 0.002822375 8.84951E-4 7.10948E-4 8.31831E-4 0.002901987 0.002500063 9.07843E-4 9.06118E-4 0.001929182 8.8049E-4 0.002265561 0.002508957 0.00189701 0.001689874 0.002305636 0.001088677 8.45131E-4 0.002262444 0.001281033 8.87051E-4 7.95758E-4 0.002377359 1.71125E-4 1.55658E-4 6.41891E-4 0.002146515 0.002498585 1.78246E-4 0.001107433 1.88082E-4 0.002912037 0.001931145 0.002472422 1.67201E-4 0.002526815 0.001991386 0.001031619 1.71983E-4 7.11765E-4 0.001806845 0.002585272 6.91426E-4 0.002550384 2.52474E-4 0.002591845 0.001137807 0.002474747 0.001926533 1.99904E-4 9.20757E-4 2.10896E-4 0.002238606 0.002999737 1.72628E-4 0.002360206 8.20272E-4 0.002665833 0.002760147 0.002593051 2.25191E-4 7.66173E-4 0.001082813 0.002273618 7.96744E-4 9.9489E-4 0.003020495 0.001975032 0.001263513 0.002923483 0.002761344 2.46857E-4 8.44349E-4 1.83084E-4 1.8842E-4 0.001008923 9.58705E-4 0.002152346 0.0025206 1.85184E-4 0.003019436 0.001831058 0.002035218 1.99871E-4 0.002117047 0.001635797 9.50422E-4 0.003425621 0.002331168 0.002827017 0.002468704 0.001979375 0.003306935 0.002445612 0.002114074 0.002297912 0.001183105 0.003214978 0.001210738 0.001227831 0.003081173 0.002732323 0.001209909 9.79612E-4 7.68208E-4 0.002161472 0.001840875 0.001046866 0.00125294 0.001987486 0.001289253 0.001883352 0.001738411 2.62715E-4 0.00176891 1.85282E-4 0.001070197 8.23197E-4 0.001925731 0.001411907 0.001145656 0.001080923 0.001736083 0.002843171 0.00235127 6.9903E-4 0.001963622 0.002772918 0.002112829 8.41678E-4 0.001870844 0.002592898 0.001952098 0.002629064 0.001707756 0.002845795 0.001914391 0.001049555 0.001635963 0.001322882 0.003123022 0.002844157 0.001174669 0.002871043 0.002197276 0.002762843 0.001457716 0.002103729 0.002623957 0.002276194 8.34502E-4 0.001070307 0.002680248 0.002436704 0.001741384 0.003176942 8.13952E-4 0.00205072 0.00216946 0.003065572 0.002393054 9.70882E-4 0.001141598 0.002341835 8.02449E-4 0.001077975 0.002890824 0.002424224 0.001237546 0.002839143 0.003363112 0.001351415 0.001418242 0.001894037 0.001208486 9.25929E-4 0.001192255 0.00166564 0.003774867 0.002418191 0.00225728 0.002069894 0.002866936 0.001014289 0.002600288 0.001607184 0.00103635 0.00265793 0.002510706 0.002922121 0.002198732 0.002034421 0.002268647 0.002572957 0.002219445 0.002755792 7.75728E-4 0.002475129 0.001109924 0.001108638 0.002291306 0.002787774 0.001333858 9.47401E-4 7.33003E-4 0.002341572 0.003024192 0.001479106 0.001522945 0.003424272 0.001009282 0.00207777 0.00183154 0.002329044 0.002331019 0.002684513 0.001000839 0.001011523 0.002165687 9.94158E-4 0.001012222 0.001003329 0.002655206 0.002829785 0.002571621 0.001020666 0.00171296 0.002731345 0.001885424 0.001382246 0.002046812 0.002992744 0.001697718 0.001630697 0.001952633 0.002297405 0.002522517 0.001124115 0.002560264 0.00101804 0.002589483 0.002654305 0.001154569 0.003332301 0.002512839 0.002247975 8.91957E-4 0.0022837 0.003284614 0.002446301 0.001038598 0.001635374 0.003555371 0.002334844 0.002914904 0.003319828 8.15616E-4 0.003098969 0.003114158 0.002066132 0.003053033 0.001533154 0.00158886 0.004140315 0.001604206 0.001033595 0.003168427 0.002877698 0.001392476 0.002263499 0.002688031 0.001245825 0.001150539 0.001781314 7.83521E-4 0.001022762 8.50064E-4 0.001838615 0.002283032 0.001720001 0.002303757 0.001885512 0.002090253 0.001032396 0.002845276 0.001982021 9.56829E-4 0.002963085 0.003086724 0.003089915 0.002318275 0.001774551 0.002199004 0.002366236 0.002119003 0.003193023 7.561E-4 0.003282447 0.00125134 8.32165E-4 0.002940322 0.00248525 9.47649E-4 9.52788E-4 0.001128992 0.002271068 0.003058202 0.00115042 0.00108734 0.001732526 0.001285743 0.001643643 0.002639015 0.00155895 0.001753238 0.003013097 0.001037981 0.001001556 0.002626399 0.001143524 8.24377E-4 9.94242E-4 0.001612733 0.002081475 0.002917649 0.001378211 0.00301458 0.002882625 0.003046559 0.001002165 0.002607335 0.002255564 0.002508762 0.002543826 0.002488609 0.002837356 0.002061826 0.001207639 0.002327981 0.001399796 0.002774824 0.002806309 8.26899E-4 0.003175798 0.002778919 0.002098511 0.00104026 0.002277695 0.003102798 0.002332473 7.46493E-4 8.06073E-4 0.002075127 0.002024066 0.002237087 0.002068341 0.001119469 0.002953512 0.002954905 0.002237685 0.001511247 0.001132366 0.001034507 0.002611154 8.97417E-4 7.86769E-4 0.002058971 0.002279689 0.001008232 0.002207879 0.003119457 0.001410825 0.001066077 0.002320361 6.52137E-4 0.00139692 0.00126528 0.002351135 0.002516723 0.002288634 0.001952733 0.001765767 0.002909549 9.43162E-4 0.002556828 0.001544111 9.92137E-4 0.002023747 0.001990722 0.001924376 0.00277096 0.001519174 0.002413662 0.002487072 0.002063978 0.002130463 0.001040117 0.002286777 0.001081626 8.74446E-4 0.002762226 0.002178889 8.08319E-4 9.60435E-4 8.50849E-4 0.002122073 0.00182978 9.82835E-4 8.23324E-4 0.001620989 0.001173719 0.002396487 0.001885487 0.001561828 0.00164805 0.002493249 9.46783E-4 0.00119083 0.003863809 0.001379691 0.001055648 0.001054636 0.002634106 0.00279565 0.002232312 9.12824E-4 0.002038957 0.002267229 0.002193552 0.001027618 0.002286672 0.002393261 0.001539775 0.001449862 0.001477193 0.002008636 0.001561955 0.001072568 0.001925178 9.03173E-4 0.001956155 0.002350654 6.77421E-4 0.001981401 0.002915173 0.001616678 0.001212956 0.002730426 0.00341397 0.002083999 8.53733E-4 0.001131307 0.002488905 0.002808947 0.002089171 0.00256037 0.001058225 0.003035925 0.001960909 0.002245766 0.001483518 9.69555E-4 0.00122176 0.003277166 0.001160579 0.001300146 0.002154032 0.002251789 0.001129916 0.002624092 0.002395516 0.001773163 7.20763E-4 0.002414849 6.35731E-4 0.001111687 9.64125E-4 0.001568963 0.002306994 0.001664755 0.002731361 0.001918081 0.002256751 8.80242E-4 0.001920135 0.001660113 9.2095E-4 0.002952982 0.002197156 0.002054307 0.002020009 0.001618543 0.002836819 0.001532593 0.001512765 0.002157983 8.79673E-4 0.003174365 9.0677E-4 0.001251482 0.002892667 0.002051691 0.001249194 9.05453E-4 7.40091E-4 0.0021665 0.002214412 9.58588E-4 7.69422E-4 0.002483113 8.86359E-4 0.002000532 0.001641545 0.001500633 0.001783571 0.002510779 9.02983E-4 7.28756E-4 0.001928915 0.001252346 9.21444E-4 8.28033E-4 0.00217003 0.002461216 0.002413085 8.82989E-4 0.002436259 0.002010586 0.001819614 8.35176E-4 0.001654217 0.001844353 0.001565796 0.001573548 0.002189514 0.002404429 0.001662953 0.001123909 0.001619024 9.03718E-4 0.002401072 0.00262319 7.86452E-4 0.003239433 0.001834921 0.002706056 9.39639E-4 0.002066556 0.003325302 0.003154203 0.001031219 7.35922E-4 0.003318803 0.002073613 0.001697026 0.002305592 0.001212944 0.002501767 0.003092652 0.002121923 0.00181562 0.001493184 8.71077E-4 0.002723105 0.001019761 7.87953E-4 0.00303169 0.002233404 0.001095811 0.002448967 0.003087986 0.002514265 0.00124343 0.00206035 0.001196282 0.0015345 9.8709E-4 0.001373875 0.002034984 0.001544273 0.002857417 0.001709145 0.002084588 9.45775E-4 0.002623908 0.002023915 7.234E-4 0.003030517 0.002534699 0.002001595 0.002505721 0.002049858 0.002214828 0.002518638 0.001948187 0.003472517 9.10629E-4 0.003170303 0.001094943 0.001138877 0.002738021 0.00288181 0.00122824 9.46001E-4 0.001184518 0.002190417 0.001865496 0.001069701 7.2045E-4 0.002504708 0.001234853 0.00195606 0.001967645 0.001905744 0.002015412 0.002676462 0.001110317 0.001037521 0.002157681 9.93248E-4 

Timer for Syntactic Relevance:: 175.460375603
Timer for solver: 26.749294533

Syntactic Relevance Evaluation Results:
0.5612457216666666	
1.9435814296666667	
7.948629778	
27.468371161666667	
49.952944655	
152.589049241	
135.454394552	

Syntactic Relevance Evaluation Results - Solver:
0.047531079	
0.20634298266666665	
1.388400064	
6.239506839333333	
7.227679739	
22.50667896766667	
31.440510181999997	
