ubuntu ubuntu_c25_0.wcnf
	Output: c Implicit hitting set based approach to MBD with multiple observations
c author(s):      Alexey Ignatiev     [email:aignatiev@ciencias.ulisboa.pt]
c contributor(s): Joao Marques-Silva  [email:jpms@ciencias.ulisboa.pt]
c contributor(s): Antonio Morgado     [email:ajmorgado@ciencias.ulisboa.pt]
c contributor(s): Georg Weissenbacher [email:georg.weissenbacher@tuwien.ac.at]
c 
c # of system cls: 690
c # of components: 689
c # of observations: 25
c # of failures: 5
c D: 163 630 660 672 0
c D: 163 242 253 630 660 0
c D: 163 245 253 630 660 0
c D: 163 246 253 630 660 0
c D: 163 250 253 630 660 0
c D: 163 253 257 630 660 0
c D: 163 257 266 630 660 0
c D: 163 257 630 660 685 0
c D: 163 257 630 655 660 0
c D: 163 245 630 655 660 0
c D: 163 245 266 630 660 0
c D: 163 246 266 630 660 0
c D: 163 246 630 660 685 0
c D: 173 246 630 660 685 0
c D: 246 630 660 676 685 0
c D: 200 246 630 660 685 0
c D: 193 246 630 660 685 0
c D: 189 246 630 660 685 0
c D: 185 246 630 660 685 0
c D: 185 246 253 630 660 0
c D: 185 246 630 660 680 0
c D: 185 246 630 655 660 0
c D: 185 246 266 630 660 0
c D: 185 630 660 672 0
c D: 185 246 630 643 660 0
c D: 173 246 630 643 660 0
c D: 163 246 630 643 660 0
c D: 173 246 253 630 660 0
c D: 173 246 630 660 680 0
c D: 173 630 660 672 0
c D: 173 246 630 655 660 0
c D: 173 246 266 630 660 0
c D: 163 246 630 655 660 0
c D: 163 246 630 660 680 0
c D: 163 242 630 660 680 0
c D: 163 250 630 660 680 0
c D: 163 257 630 660 680 0
c D: 163 245 630 660 680 0
c D: 189 242 630 660 680 0
c D: 189 250 630 660 680 0
c D: 185 250 630 660 680 0
c D: 193 250 630 660 680 0
c D: 200 250 630 660 680 0
c D: 163 250 630 655 660 0
c D: 163 250 266 630 660 0
c D: 163 250 630 643 660 0
c D: 163 250 630 660 685 0
c D: 163 245 630 660 685 0
c D: 163 242 630 655 660 0
c D: 163 242 266 630 660 0
c D: 245 266 630 660 676 0
c D: 200 245 266 630 660 0
c D: 189 245 266 630 660 0
c D: 193 245 266 630 660 0
c D: 193 245 630 660 685 0
c D: 193 245 630 660 680 0
c D: 193 245 630 643 660 0
c D: 193 245 253 630 660 0
c D: 193 253 257 630 660 0
c D: 193 242 253 630 660 0
c D: 193 242 630 660 680 0
c D: 193 242 266 630 660 0
c D: 193 242 630 643 660 0
c D: 189 242 253 630 660 0
c D: 185 242 253 630 660 0
c D: 242 253 630 660 676 0
c D: 200 242 253 630 660 0
c D: 173 242 253 630 660 0
c D: 173 245 253 630 660 0
c D: 173 253 257 630 660 0
c D: 200 630 660 672 0
c D: 200 253 257 630 660 0
c D: 200 257 630 660 680 0
c D: 200 257 630 660 685 0
c D: 200 257 266 630 660 0
c D: 200 257 630 655 660 0
c D: 200 257 630 643 660 0
c D: 163 257 630 643 660 0
c D: 257 630 643 660 676 0
c D: 193 257 630 643 660 0
c D: 173 257 630 643 660 0
c D: 189 257 630 643 660 0
c D: 189 245 630 643 660 0
c D: 189 246 630 643 660 0
c D: 189 242 630 643 660 0
c D: 189 250 630 643 660 0
c D: 189 630 660 672 0
c D: 189 257 630 660 685 0
c D: 189 257 630 655 660 0
c D: 189 257 266 630 660 0
c D: 189 257 630 660 680 0
c D: 189 253 257 630 660 0
c D: 630 660 672 676 0
c D: 257 630 660 676 685 0
c D: 242 630 660 676 685 0
c D: 250 630 660 676 685 0
c D: 245 630 660 676 685 0
c D: 173 250 630 660 685 0
c D: 200 250 630 660 685 0
c D: 193 250 630 660 685 0
c D: 189 250 630 660 685 0
c D: 185 250 630 660 685 0
c D: 200 250 253 630 660 0
c D: 200 250 630 643 660 0
c D: 200 250 266 630 660 0
c D: 200 250 630 655 660 0
c D: 200 246 266 630 660 0
c D: 200 242 266 630 660 0
c D: 200 242 630 660 685 0
c D: 200 242 630 655 660 0
c D: 200 246 630 655 660 0
c D: 200 246 630 643 660 0
c D: 200 246 630 660 680 0
c D: 200 242 630 643 660 0
c D: 173 242 630 643 660 0
c D: 173 242 630 660 680 0
c D: 173 242 630 660 685 0
c D: 163 242 630 660 685 0
c D: 189 242 630 660 685 0
c D: 189 245 630 660 685 0
c D: 189 246 253 630 660 0
c D: 189 246 630 660 680 0
c D: 189 246 630 655 660 0
c D: 246 630 655 660 676 0
c D: 193 246 630 655 660 0
c D: 193 246 630 643 660 0
c D: 193 246 630 660 680 0
c D: 193 246 266 630 660 0
c D: 193 630 660 672 0
c D: 193 246 253 630 660 0
c D: 246 253 630 660 676 0
c D: 246 630 660 676 680 0
c D: 246 630 643 660 676 0
c D: 246 266 630 660 676 0
c D: 189 246 266 630 660 0
c D: 189 250 266 630 660 0
c D: 189 250 630 655 660 0
c D: 173 250 266 630 660 0
c D: 193 250 266 630 660 0
c D: 173 250 630 655 660 0
c D: 185 250 630 655 660 0
c D: 193 250 630 655 660 0
c D: 250 630 655 660 676 0
c D: 245 630 655 660 676 0
c D: 242 630 655 660 676 0
c D: 257 630 655 660 676 0
c D: 257 630 660 676 680 0
c D: 257 266 630 660 676 0
c D: 253 257 630 660 676 0
c D: 193 257 266 630 660 0
c D: 185 257 266 630 660 0
c D: 173 257 266 630 660 0
c D: 173 245 266 630 660 0
c D: 173 242 266 630 660 0
c D: 173 242 630 655 660 0
c D: 193 242 630 655 660 0
c D: 185 242 630 655 660 0
c D: 185 245 630 655 660 0
c D: 185 257 630 655 660 0
c D: 185 257 630 660 685 0
c D: 185 253 257 630 660 0
c D: 185 257 630 643 660 0
c D: 185 257 630 660 680 0
c D: 173 257 630 660 680 0
c D: 173 257 630 655 660 0
c D: 200 245 630 643 660 0
c D: 163 245 630 643 660 0
c D: 185 245 630 643 660 0
c D: 173 245 630 643 660 0
c D: 173 245 630 655 660 0
c D: 173 245 630 660 680 0
c D: 200 245 630 660 680 0
c D: 189 245 630 660 680 0
c D: 189 245 630 655 660 0
c D: 200 245 630 655 660 0
c D: 189 242 630 655 660 0
c D: 193 245 630 655 660 0
c D: 193 250 630 643 660 0
c D: 193 250 253 630 660 0
c D: 173 250 253 630 660 0
c D: 250 253 630 660 676 0
c D: 250 630 660 676 680 0
c D: 173 250 630 660 680 0
c D: 185 250 253 630 660 0
c D: 189 250 253 630 660 0
c D: 185 250 266 630 660 0
c D: 185 242 266 630 660 0
c D: 185 242 630 660 680 0
c D: 185 242 630 660 685 0
c D: 173 257 630 660 685 0
c D: 173 245 630 660 685 0
c D: 185 245 630 660 685 0
c D: 185 245 630 660 680 0
c D: 245 630 643 660 676 0
c D: 185 245 266 630 660 0
c D: 200 245 630 660 685 0
c D: 245 630 660 676 680 0
c D: 250 630 643 660 676 0
c D: 250 266 630 660 676 0
c D: 245 253 630 660 676 0
c D: 200 245 253 630 660 0
c D: 189 245 253 630 660 0
c D: 185 245 253 630 660 0
c D: 200 242 630 660 680 0
c D: 185 242 630 643 660 0
c D: 200 246 253 630 660 0
c D: 163 242 630 643 660 0
c D: 189 242 266 630 660 0
c D: 242 266 630 660 676 0
c D: 242 630 643 660 676 0
c D: 193 242 630 660 685 0
c D: 193 257 630 655 660 0
c D: 193 257 630 660 685 0
c D: 193 257 630 660 680 0
c D: 185 250 630 643 660 0
c D: 242 630 660 676 680 0
c D: 173 250 630 643 660 0
c D: 200 621 630 643 660 670 0
c D: 621 630 643 660 670 676 0
c D: 163 621 630 643 660 670 0
c D: 185 621 630 643 660 670 0
c D: 173 621 630 643 660 670 0
c D: 189 621 630 643 660 670 0
c D: 163 266 621 630 660 670 0
c D: 266 621 630 660 670 676 0
c D: 253 621 630 660 670 676 0
c D: 200 253 621 630 660 670 0
c D: 200 266 621 630 660 670 0
c D: 193 266 621 630 660 670 0
c D: 193 621 630 660 670 685 0
c D: 193 621 630 660 670 680 0
c D: 193 621 630 655 660 670 0
c D: 185 621 630 655 660 670 0
c D: 163 621 630 655 660 670 0
c D: 163 253 621 630 660 670 0
c D: 163 621 630 660 670 685 0
c D: 163 621 630 660 670 680 0
c D: 173 621 630 655 660 670 0
c D: 173 266 621 630 660 670 0
c D: 173 621 630 660 670 680 0
c D: 173 253 621 630 660 670 0
c D: 173 621 630 660 670 685 0
c D: 185 253 621 630 660 670 0
c D: 185 621 630 660 670 685 0
c D: 200 621 630 660 670 680 0
c D: 185 621 630 660 670 680 0
c D: 185 266 621 630 660 670 0
c D: 200 621 630 660 670 685 0
c D: 621 630 660 670 676 680 0
c D: 621 630 660 670 676 685 0
c D: 193 621 630 643 660 670 0
c D: 189 621 630 660 670 685 0
c D: 189 266 621 630 660 670 0
c D: 189 253 621 630 660 670 0
c D: 193 253 621 630 660 670 0
c D: 189 621 630 655 660 670 0
c D: 621 630 655 660 670 676 0
c D: 200 621 630 655 660 670 0
c D: 189 621 630 660 670 680 0
c D: 173 239 253 630 660 670 0
c D: 185 239 253 630 660 670 0
c D: 200 239 253 630 660 670 0
c D: 189 239 253 630 660 670 0
c D: 239 253 630 660 670 676 0
c D: 193 239 253 630 660 670 0
c D: 185 239 630 660 670 680 0
c D: 173 239 630 660 670 680 0
c D: 239 630 660 670 676 680 0
c D: 193 239 630 660 670 680 0
c D: 193 239 630 660 670 685 0
c D: 193 239 630 643 660 670 0
c D: 193 239 266 630 660 670 0
c D: 185 239 266 630 660 670 0
c D: 239 266 630 660 670 676 0
c D: 163 239 266 630 660 670 0
c D: 200 239 266 630 660 670 0
c D: 163 239 630 655 660 670 0
c D: 173 239 630 655 660 670 0
c D: 193 239 630 655 660 670 0
c D: 239 630 655 660 670 676 0
c D: 189 239 630 655 660 670 0
c D: 200 239 630 655 660 670 0
c D: 185 239 630 655 660 670 0
c D: 189 239 266 630 660 670 0
c D: 189 239 630 660 670 685 0
c D: 185 239 630 660 670 685 0
c D: 185 239 630 643 660 670 0
c D: 189 239 630 643 660 670 0
c D: 163 239 630 643 660 670 0
c D: 239 630 643 660 670 676 0
c D: 173 239 630 643 660 670 0
c D: 200 239 630 643 660 670 0
c D: 200 239 630 660 670 680 0
c D: 200 239 630 660 670 685 0
c D: 173 239 630 660 670 685 0
c D: 239 630 660 670 676 685 0
c D: 163 239 630 660 670 685 0
c D: 163 239 253 630 660 670 0
c D: 163 239 630 660 670 680 0
c D: 173 239 266 630 660 670 0
c D: 189 239 630 660 670 680 0
c D: 189 220 630 660 670 680 0
c D: 189 220 630 655 660 670 0
c D: 220 630 655 660 670 676 0
c D: 200 220 630 655 660 670 0
c D: 193 220 630 655 660 670 0
c D: 185 220 630 655 660 670 0
c D: 173 220 630 655 660 670 0
c D: 163 220 630 655 660 670 0
c D: 163 220 253 630 660 670 0
c D: 185 220 253 630 660 670 0
c D: 185 220 630 660 670 685 0
c D: 185 220 630 643 660 670 0
c D: 185 220 266 630 660 670 0
c D: 185 220 630 660 670 680 0
c D: 163 220 630 660 670 680 0
c D: 173 220 630 660 670 680 0
c D: 173 220 266 630 660 670 0
c D: 173 220 630 643 660 670 0
c D: 163 220 630 643 660 670 0
c D: 163 220 266 630 660 670 0
c D: 163 220 630 660 670 685 0
c D: 200 220 630 660 670 685 0
c D: 200 220 253 630 660 670 0
c D: 200 220 630 660 670 680 0
c D: 200 220 266 630 660 670 0
c D: 200 220 630 643 660 670 0
c D: 189 220 630 643 660 670 0
c D: 189 220 253 630 660 670 0
c D: 189 220 266 630 660 670 0
c D: 189 220 630 660 670 685 0
c D: 193 220 266 630 660 670 0
c D: 193 220 253 630 660 670 0
c D: 220 253 630 660 670 676 0
c D: 173 220 253 630 660 670 0
c D: 220 266 630 660 670 676 0
c D: 220 630 643 660 670 676 0
c D: 220 630 660 670 676 680 0
c D: 220 630 660 670 676 685 0
c D: 193 220 630 643 660 670 0
c D: 193 220 630 660 670 685 0
c D: 173 220 630 660 670 685 0
c D: 193 220 630 660 670 680 0
c # of iters: 349
c # of diags: 343
c # of expls: 6

	Time: 85.29186248779297 ms
ubuntu ubuntu_c25_0.wcnf
	Output: c Implicit hitting set based approach to MBD with multiple observations
c author(s):      Alexey Ignatiev     [email:aignatiev@ciencias.ulisboa.pt]
c contributor(s): Joao Marques-Silva  [email:jpms@ciencias.ulisboa.pt]
c contributor(s): Antonio Morgado     [email:ajmorgado@ciencias.ulisboa.pt]
c contributor(s): Georg Weissenbacher [email:georg.weissenbacher@tuwien.ac.at]
c 
c # of system cls: 690
c # of components: 689
c # of observations: 25
c # of failures: 5
c D: 163 630 660 672 0
c D: 163 242 253 630 660 0
c D: 163 245 253 630 660 0
c D: 163 246 253 630 660 0
c D: 163 250 253 630 660 0
c D: 163 253 257 630 660 0
c D: 163 257 266 630 660 0
c D: 163 257 630 660 685 0
c D: 163 257 630 655 660 0
c D: 163 245 630 655 660 0
c D: 163 245 266 630 660 0
c D: 163 246 266 630 660 0
c D: 163 246 630 660 685 0
c D: 173 246 630 660 685 0
c D: 246 630 660 676 685 0
c D: 200 246 630 660 685 0
c D: 193 246 630 660 685 0
c D: 189 246 630 660 685 0
c D: 185 246 630 660 685 0
c D: 185 246 253 630 660 0
c D: 185 246 630 660 680 0
c D: 185 246 630 655 660 0
c D: 185 246 266 630 660 0
c D: 185 630 660 672 0
c D: 185 246 630 643 660 0
c D: 173 246 630 643 660 0
c D: 163 246 630 643 660 0
c D: 173 246 253 630 660 0
c D: 173 246 630 660 680 0
c D: 173 630 660 672 0
c D: 173 246 630 655 660 0
c D: 173 246 266 630 660 0
c D: 163 246 630 655 660 0
c D: 163 246 630 660 680 0
c D: 163 242 630 660 680 0
c D: 163 250 630 660 680 0
c D: 163 257 630 660 680 0
c D: 163 245 630 660 680 0
c D: 189 242 630 660 680 0
c D: 189 250 630 660 680 0
c D: 185 250 630 660 680 0
c D: 193 250 630 660 680 0
c D: 200 250 630 660 680 0
c D: 163 250 630 655 660 0
c D: 163 250 266 630 660 0
c D: 163 250 630 643 660 0
c D: 163 250 630 660 685 0
c D: 163 245 630 660 685 0
c D: 163 242 630 655 660 0
c D: 163 242 266 630 660 0
c D: 245 266 630 660 676 0
c D: 200 245 266 630 660 0
c D: 189 245 266 630 660 0
c D: 193 245 266 630 660 0
c D: 193 245 630 660 685 0
c D: 193 245 630 660 680 0
c D: 193 245 630 643 660 0
c D: 193 245 253 630 660 0
c D: 193 253 257 630 660 0
c D: 193 242 253 630 660 0
c D: 193 242 630 660 680 0
c D: 193 242 266 630 660 0
c D: 193 242 630 643 660 0
c D: 189 242 253 630 660 0
c D: 185 242 253 630 660 0
c D: 242 253 630 660 676 0
c D: 200 242 253 630 660 0
c D: 173 242 253 630 660 0
c D: 173 245 253 630 660 0
c D: 173 253 257 630 660 0
c D: 200 630 660 672 0
c D: 200 253 257 630 660 0
c D: 200 257 630 660 680 0
c D: 200 257 630 660 685 0
c D: 200 257 266 630 660 0
c D: 200 257 630 655 660 0
c D: 200 257 630 643 660 0
c D: 163 257 630 643 660 0
c D: 257 630 643 660 676 0
c D: 193 257 630 643 660 0
c D: 173 257 630 643 660 0
c D: 189 257 630 643 660 0
c D: 189 245 630 643 660 0
c D: 189 246 630 643 660 0
c D: 189 242 630 643 660 0
c D: 189 250 630 643 660 0
c D: 189 630 660 672 0
c D: 189 257 630 660 685 0
c D: 189 257 630 655 660 0
c D: 189 257 266 630 660 0
c D: 189 257 630 660 680 0
c D: 189 253 257 630 660 0
c D: 630 660 672 676 0
c D: 257 630 660 676 685 0
c D: 242 630 660 676 685 0
c D: 250 630 660 676 685 0
c D: 245 630 660 676 685 0
c D: 173 250 630 660 685 0
c D: 200 250 630 660 685 0
c D: 193 250 630 660 685 0
c D: 189 250 630 660 685 0
c D: 185 250 630 660 685 0
c D: 200 250 253 630 660 0
c D: 200 250 630 643 660 0
c D: 200 250 266 630 660 0
c D: 200 250 630 655 660 0
c D: 200 246 266 630 660 0
c D: 200 242 266 630 660 0
c D: 200 242 630 660 685 0
c D: 200 242 630 655 660 0
c D: 200 246 630 655 660 0
c D: 200 246 630 643 660 0
c D: 200 246 630 660 680 0
c D: 200 242 630 643 660 0
c D: 173 242 630 643 660 0
c D: 173 242 630 660 680 0
c D: 173 242 630 660 685 0
c D: 163 242 630 660 685 0
c D: 189 242 630 660 685 0
c D: 189 245 630 660 685 0
c D: 189 246 253 630 660 0
c D: 189 246 630 660 680 0
c D: 189 246 630 655 660 0
c D: 246 630 655 660 676 0
c D: 193 246 630 655 660 0
c D: 193 246 630 643 660 0
c D: 193 246 630 660 680 0
c D: 193 246 266 630 660 0
c D: 193 630 660 672 0
c D: 193 246 253 630 660 0
c D: 246 253 630 660 676 0
c D: 246 630 660 676 680 0
c D: 246 630 643 660 676 0
c D: 246 266 630 660 676 0
c D: 189 246 266 630 660 0
c D: 189 250 266 630 660 0
c D: 189 250 630 655 660 0
c D: 173 250 266 630 660 0
c D: 193 250 266 630 660 0
c D: 173 250 630 655 660 0
c D: 185 250 630 655 660 0
c D: 193 250 630 655 660 0
c D: 250 630 655 660 676 0
c D: 245 630 655 660 676 0
c D: 242 630 655 660 676 0
c D: 257 630 655 660 676 0
c D: 257 630 660 676 680 0
c D: 257 266 630 660 676 0
c D: 253 257 630 660 676 0
c D: 193 257 266 630 660 0
c D: 185 257 266 630 660 0
c D: 173 257 266 630 660 0
c D: 173 245 266 630 660 0
c D: 173 242 266 630 660 0
c D: 173 242 630 655 660 0
c D: 193 242 630 655 660 0
c D: 185 242 630 655 660 0
c D: 185 245 630 655 660 0
c D: 185 257 630 655 660 0
c D: 185 257 630 660 685 0
c D: 185 253 257 630 660 0
c D: 185 257 630 643 660 0
c D: 185 257 630 660 680 0
c D: 173 257 630 660 680 0
c D: 173 257 630 655 660 0
c D: 200 245 630 643 660 0
c D: 163 245 630 643 660 0
c D: 185 245 630 643 660 0
c D: 173 245 630 643 660 0
c D: 173 245 630 655 660 0
c D: 173 245 630 660 680 0
c D: 200 245 630 660 680 0
c D: 189 245 630 660 680 0
c D: 189 245 630 655 660 0
c D: 200 245 630 655 660 0
c D: 189 242 630 655 660 0
c D: 193 245 630 655 660 0
c D: 193 250 630 643 660 0
c D: 193 250 253 630 660 0
c D: 173 250 253 630 660 0
c D: 250 253 630 660 676 0
c D: 250 630 660 676 680 0
c D: 173 250 630 660 680 0
c D: 185 250 253 630 660 0
c D: 189 250 253 630 660 0
c D: 185 250 266 630 660 0
c D: 185 242 266 630 660 0
c D: 185 242 630 660 680 0
c D: 185 242 630 660 685 0
c D: 173 257 630 660 685 0
c D: 173 245 630 660 685 0
c D: 185 245 630 660 685 0
c D: 185 245 630 660 680 0
c D: 245 630 643 660 676 0
c D: 185 245 266 630 660 0
c D: 200 245 630 660 685 0
c D: 245 630 660 676 680 0
c D: 250 630 643 660 676 0
c D: 250 266 630 660 676 0
c D: 245 253 630 660 676 0
c D: 200 245 253 630 660 0
c D: 189 245 253 630 660 0
c D: 185 245 253 630 660 0
c D: 200 242 630 660 680 0
c D: 185 242 630 643 660 0
c D: 200 246 253 630 660 0
c D: 163 242 630 643 660 0
c D: 189 242 266 630 660 0
c D: 242 266 630 660 676 0
c D: 242 630 643 660 676 0
c D: 193 242 630 660 685 0
c D: 193 257 630 655 660 0
c D: 193 257 630 660 685 0
c D: 193 257 630 660 680 0
c D: 185 250 630 643 660 0
c D: 242 630 660 676 680 0
c D: 173 250 630 643 660 0
c D: 200 621 630 643 660 670 0
c D: 621 630 643 660 670 676 0
c D: 163 621 630 643 660 670 0
c D: 185 621 630 643 660 670 0
c D: 173 621 630 643 660 670 0
c D: 189 621 630 643 660 670 0
c D: 163 266 621 630 660 670 0
c D: 266 621 630 660 670 676 0
c D: 253 621 630 660 670 676 0
c D: 200 253 621 630 660 670 0
c D: 200 266 621 630 660 670 0
c D: 193 266 621 630 660 670 0
c D: 193 621 630 660 670 685 0
c D: 193 621 630 660 670 680 0
c D: 193 621 630 655 660 670 0
c D: 185 621 630 655 660 670 0
c D: 163 621 630 655 660 670 0
c D: 163 253 621 630 660 670 0
c D: 163 621 630 660 670 685 0
c D: 163 621 630 660 670 680 0
c D: 173 621 630 655 660 670 0
c D: 173 266 621 630 660 670 0
c D: 173 621 630 660 670 680 0
c D: 173 253 621 630 660 670 0
c D: 173 621 630 660 670 685 0
c D: 185 253 621 630 660 670 0
c D: 185 621 630 660 670 685 0
c D: 200 621 630 660 670 680 0
c D: 185 621 630 660 670 680 0
c D: 185 266 621 630 660 670 0
c D: 200 621 630 660 670 685 0
c D: 621 630 660 670 676 680 0
c D: 621 630 660 670 676 685 0
c D: 193 621 630 643 660 670 0
c D: 189 621 630 660 670 685 0
c D: 189 266 621 630 660 670 0
c D: 189 253 621 630 660 670 0
c D: 193 253 621 630 660 670 0
c D: 189 621 630 655 660 670 0
c D: 621 630 655 660 670 676 0
c D: 200 621 630 655 660 670 0
c D: 189 621 630 660 670 680 0
c D: 173 239 253 630 660 670 0
c D: 185 239 253 630 660 670 0
c D: 200 239 253 630 660 670 0
c D: 189 239 253 630 660 670 0
c D: 239 253 630 660 670 676 0
c D: 193 239 253 630 660 670 0
c D: 185 239 630 660 670 680 0
c D: 173 239 630 660 670 680 0
c D: 239 630 660 670 676 680 0
c D: 193 239 630 660 670 680 0
c D: 193 239 630 660 670 685 0
c D: 193 239 630 643 660 670 0
c D: 193 239 266 630 660 670 0
c D: 185 239 266 630 660 670 0
c D: 239 266 630 660 670 676 0
c D: 163 239 266 630 660 670 0
c D: 200 239 266 630 660 670 0
c D: 163 239 630 655 660 670 0
c D: 173 239 630 655 660 670 0
c D: 193 239 630 655 660 670 0
c D: 239 630 655 660 670 676 0
c D: 189 239 630 655 660 670 0
c D: 200 239 630 655 660 670 0
c D: 185 239 630 655 660 670 0
c D: 189 239 266 630 660 670 0
c D: 189 239 630 660 670 685 0
c D: 185 239 630 660 670 685 0
c D: 185 239 630 643 660 670 0
c D: 189 239 630 643 660 670 0
c D: 163 239 630 643 660 670 0
c D: 239 630 643 660 670 676 0
c D: 173 239 630 643 660 670 0
c D: 200 239 630 643 660 670 0
c D: 200 239 630 660 670 680 0
c D: 200 239 630 660 670 685 0
c D: 173 239 630 660 670 685 0
c D: 239 630 660 670 676 685 0
c D: 163 239 630 660 670 685 0
c D: 163 239 253 630 660 670 0
c D: 163 239 630 660 670 680 0
c D: 173 239 266 630 660 670 0
c D: 189 239 630 660 670 680 0
c D: 189 220 630 660 670 680 0
c D: 189 220 630 655 660 670 0
c D: 220 630 655 660 670 676 0
c D: 200 220 630 655 660 670 0
c D: 193 220 630 655 660 670 0
c D: 185 220 630 655 660 670 0
c D: 173 220 630 655 660 670 0
c D: 163 220 630 655 660 670 0
c D: 163 220 253 630 660 670 0
c D: 185 220 253 630 660 670 0
c D: 185 220 630 660 670 685 0
c D: 185 220 630 643 660 670 0
c D: 185 220 266 630 660 670 0
c D: 185 220 630 660 670 680 0
c D: 163 220 630 660 670 680 0
c D: 173 220 630 660 670 680 0
c D: 173 220 266 630 660 670 0
c D: 173 220 630 643 660 670 0
c D: 163 220 630 643 660 670 0
c D: 163 220 266 630 660 670 0
c D: 163 220 630 660 670 685 0
c D: 200 220 630 660 670 685 0
c D: 200 220 253 630 660 670 0
c D: 200 220 630 660 670 680 0
c D: 200 220 266 630 660 670 0
c D: 200 220 630 643 660 670 0
c D: 189 220 630 643 660 670 0
c D: 189 220 253 630 660 670 0
c D: 189 220 266 630 660 670 0
c D: 189 220 630 660 670 685 0
c D: 193 220 266 630 660 670 0
c D: 193 220 253 630 660 670 0
c D: 220 253 630 660 670 676 0
c D: 173 220 253 630 660 670 0
c D: 220 266 630 660 670 676 0
c D: 220 630 643 660 670 676 0
c D: 220 630 660 670 676 680 0
c D: 220 630 660 670 676 685 0
c D: 193 220 630 643 660 670 0
c D: 193 220 630 660 670 685 0
c D: 173 220 630 660 670 685 0
c D: 193 220 630 660 670 680 0
c # of iters: 349
c # of diags: 343
c # of expls: 6

	Time: 85.42013168334961 ms
ubuntu ubuntu_c25_0.wcnf
	Output: c Implicit hitting set based approach to MBD with multiple observations
c author(s):      Alexey Ignatiev     [email:aignatiev@ciencias.ulisboa.pt]
c contributor(s): Joao Marques-Silva  [email:jpms@ciencias.ulisboa.pt]
c contributor(s): Antonio Morgado     [email:ajmorgado@ciencias.ulisboa.pt]
c contributor(s): Georg Weissenbacher [email:georg.weissenbacher@tuwien.ac.at]
c 
c # of system cls: 690
c # of components: 689
c # of observations: 25
c # of failures: 5
c D: 163 630 660 672 0
c D: 163 242 253 630 660 0
c D: 163 245 253 630 660 0
c D: 163 246 253 630 660 0
c D: 163 250 253 630 660 0
c D: 163 253 257 630 660 0
c D: 163 257 266 630 660 0
c D: 163 257 630 660 685 0
c D: 163 257 630 655 660 0
c D: 163 245 630 655 660 0
c D: 163 245 266 630 660 0
c D: 163 246 266 630 660 0
c D: 163 246 630 660 685 0
c D: 173 246 630 660 685 0
c D: 246 630 660 676 685 0
c D: 200 246 630 660 685 0
c D: 193 246 630 660 685 0
c D: 189 246 630 660 685 0
c D: 185 246 630 660 685 0
c D: 185 246 253 630 660 0
c D: 185 246 630 660 680 0
c D: 185 246 630 655 660 0
c D: 185 246 266 630 660 0
c D: 185 630 660 672 0
c D: 185 246 630 643 660 0
c D: 173 246 630 643 660 0
c D: 163 246 630 643 660 0
c D: 173 246 253 630 660 0
c D: 173 246 630 660 680 0
c D: 173 630 660 672 0
c D: 173 246 630 655 660 0
c D: 173 246 266 630 660 0
c D: 163 246 630 655 660 0
c D: 163 246 630 660 680 0
c D: 163 242 630 660 680 0
c D: 163 250 630 660 680 0
c D: 163 257 630 660 680 0
c D: 163 245 630 660 680 0
c D: 189 242 630 660 680 0
c D: 189 250 630 660 680 0
c D: 185 250 630 660 680 0
c D: 193 250 630 660 680 0
c D: 200 250 630 660 680 0
c D: 163 250 630 655 660 0
c D: 163 250 266 630 660 0
c D: 163 250 630 643 660 0
c D: 163 250 630 660 685 0
c D: 163 245 630 660 685 0
c D: 163 242 630 655 660 0
c D: 163 242 266 630 660 0
c D: 245 266 630 660 676 0
c D: 200 245 266 630 660 0
c D: 189 245 266 630 660 0
c D: 193 245 266 630 660 0
c D: 193 245 630 660 685 0
c D: 193 245 630 660 680 0
c D: 193 245 630 643 660 0
c D: 193 245 253 630 660 0
c D: 193 253 257 630 660 0
c D: 193 242 253 630 660 0
c D: 193 242 630 660 680 0
c D: 193 242 266 630 660 0
c D: 193 242 630 643 660 0
c D: 189 242 253 630 660 0
c D: 185 242 253 630 660 0
c D: 242 253 630 660 676 0
c D: 200 242 253 630 660 0
c D: 173 242 253 630 660 0
c D: 173 245 253 630 660 0
c D: 173 253 257 630 660 0
c D: 200 630 660 672 0
c D: 200 253 257 630 660 0
c D: 200 257 630 660 680 0
c D: 200 257 630 660 685 0
c D: 200 257 266 630 660 0
c D: 200 257 630 655 660 0
c D: 200 257 630 643 660 0
c D: 163 257 630 643 660 0
c D: 257 630 643 660 676 0
c D: 193 257 630 643 660 0
c D: 173 257 630 643 660 0
c D: 189 257 630 643 660 0
c D: 189 245 630 643 660 0
c D: 189 246 630 643 660 0
c D: 189 242 630 643 660 0
c D: 189 250 630 643 660 0
c D: 189 630 660 672 0
c D: 189 257 630 660 685 0
c D: 189 257 630 655 660 0
c D: 189 257 266 630 660 0
c D: 189 257 630 660 680 0
c D: 189 253 257 630 660 0
c D: 630 660 672 676 0
c D: 257 630 660 676 685 0
c D: 242 630 660 676 685 0
c D: 250 630 660 676 685 0
c D: 245 630 660 676 685 0
c D: 173 250 630 660 685 0
c D: 200 250 630 660 685 0
c D: 193 250 630 660 685 0
c D: 189 250 630 660 685 0
c D: 185 250 630 660 685 0
c D: 200 250 253 630 660 0
c D: 200 250 630 643 660 0
c D: 200 250 266 630 660 0
c D: 200 250 630 655 660 0
c D: 200 246 266 630 660 0
c D: 200 242 266 630 660 0
c D: 200 242 630 660 685 0
c D: 200 242 630 655 660 0
c D: 200 246 630 655 660 0
c D: 200 246 630 643 660 0
c D: 200 246 630 660 680 0
c D: 200 242 630 643 660 0
c D: 173 242 630 643 660 0
c D: 173 242 630 660 680 0
c D: 173 242 630 660 685 0
c D: 163 242 630 660 685 0
c D: 189 242 630 660 685 0
c D: 189 245 630 660 685 0
c D: 189 246 253 630 660 0
c D: 189 246 630 660 680 0
c D: 189 246 630 655 660 0
c D: 246 630 655 660 676 0
c D: 193 246 630 655 660 0
c D: 193 246 630 643 660 0
c D: 193 246 630 660 680 0
c D: 193 246 266 630 660 0
c D: 193 630 660 672 0
c D: 193 246 253 630 660 0
c D: 246 253 630 660 676 0
c D: 246 630 660 676 680 0
c D: 246 630 643 660 676 0
c D: 246 266 630 660 676 0
c D: 189 246 266 630 660 0
c D: 189 250 266 630 660 0
c D: 189 250 630 655 660 0
c D: 173 250 266 630 660 0
c D: 193 250 266 630 660 0
c D: 173 250 630 655 660 0
c D: 185 250 630 655 660 0
c D: 193 250 630 655 660 0
c D: 250 630 655 660 676 0
c D: 245 630 655 660 676 0
c D: 242 630 655 660 676 0
c D: 257 630 655 660 676 0
c D: 257 630 660 676 680 0
c D: 257 266 630 660 676 0
c D: 253 257 630 660 676 0
c D: 193 257 266 630 660 0
c D: 185 257 266 630 660 0
c D: 173 257 266 630 660 0
c D: 173 245 266 630 660 0
c D: 173 242 266 630 660 0
c D: 173 242 630 655 660 0
c D: 193 242 630 655 660 0
c D: 185 242 630 655 660 0
c D: 185 245 630 655 660 0
c D: 185 257 630 655 660 0
c D: 185 257 630 660 685 0
c D: 185 253 257 630 660 0
c D: 185 257 630 643 660 0
c D: 185 257 630 660 680 0
c D: 173 257 630 660 680 0
c D: 173 257 630 655 660 0
c D: 200 245 630 643 660 0
c D: 163 245 630 643 660 0
c D: 185 245 630 643 660 0
c D: 173 245 630 643 660 0
c D: 173 245 630 655 660 0
c D: 173 245 630 660 680 0
c D: 200 245 630 660 680 0
c D: 189 245 630 660 680 0
c D: 189 245 630 655 660 0
c D: 200 245 630 655 660 0
c D: 189 242 630 655 660 0
c D: 193 245 630 655 660 0
c D: 193 250 630 643 660 0
c D: 193 250 253 630 660 0
c D: 173 250 253 630 660 0
c D: 250 253 630 660 676 0
c D: 250 630 660 676 680 0
c D: 173 250 630 660 680 0
c D: 185 250 253 630 660 0
c D: 189 250 253 630 660 0
c D: 185 250 266 630 660 0
c D: 185 242 266 630 660 0
c D: 185 242 630 660 680 0
c D: 185 242 630 660 685 0
c D: 173 257 630 660 685 0
c D: 173 245 630 660 685 0
c D: 185 245 630 660 685 0
c D: 185 245 630 660 680 0
c D: 245 630 643 660 676 0
c D: 185 245 266 630 660 0
c D: 200 245 630 660 685 0
c D: 245 630 660 676 680 0
c D: 250 630 643 660 676 0
c D: 250 266 630 660 676 0
c D: 245 253 630 660 676 0
c D: 200 245 253 630 660 0
c D: 189 245 253 630 660 0
c D: 185 245 253 630 660 0
c D: 200 242 630 660 680 0
c D: 185 242 630 643 660 0
c D: 200 246 253 630 660 0
c D: 163 242 630 643 660 0
c D: 189 242 266 630 660 0
c D: 242 266 630 660 676 0
c D: 242 630 643 660 676 0
c D: 193 242 630 660 685 0
c D: 193 257 630 655 660 0
c D: 193 257 630 660 685 0
c D: 193 257 630 660 680 0
c D: 185 250 630 643 660 0
c D: 242 630 660 676 680 0
c D: 173 250 630 643 660 0
c D: 200 621 630 643 660 670 0
c D: 621 630 643 660 670 676 0
c D: 163 621 630 643 660 670 0
c D: 185 621 630 643 660 670 0
c D: 173 621 630 643 660 670 0
c D: 189 621 630 643 660 670 0
c D: 163 266 621 630 660 670 0
c D: 266 621 630 660 670 676 0
c D: 253 621 630 660 670 676 0
c D: 200 253 621 630 660 670 0
c D: 200 266 621 630 660 670 0
c D: 193 266 621 630 660 670 0
c D: 193 621 630 660 670 685 0
c D: 193 621 630 660 670 680 0
c D: 193 621 630 655 660 670 0
c D: 185 621 630 655 660 670 0
c D: 163 621 630 655 660 670 0
c D: 163 253 621 630 660 670 0
c D: 163 621 630 660 670 685 0
c D: 163 621 630 660 670 680 0
c D: 173 621 630 655 660 670 0
c D: 173 266 621 630 660 670 0
c D: 173 621 630 660 670 680 0
c D: 173 253 621 630 660 670 0
c D: 173 621 630 660 670 685 0
c D: 185 253 621 630 660 670 0
c D: 185 621 630 660 670 685 0
c D: 200 621 630 660 670 680 0
c D: 185 621 630 660 670 680 0
c D: 185 266 621 630 660 670 0
c D: 200 621 630 660 670 685 0
c D: 621 630 660 670 676 680 0
c D: 621 630 660 670 676 685 0
c D: 193 621 630 643 660 670 0
c D: 189 621 630 660 670 685 0
c D: 189 266 621 630 660 670 0
c D: 189 253 621 630 660 670 0
c D: 193 253 621 630 660 670 0
c D: 189 621 630 655 660 670 0
c D: 621 630 655 660 670 676 0
c D: 200 621 630 655 660 670 0
c D: 189 621 630 660 670 680 0
c D: 173 239 253 630 660 670 0
c D: 185 239 253 630 660 670 0
c D: 200 239 253 630 660 670 0
c D: 189 239 253 630 660 670 0
c D: 239 253 630 660 670 676 0
c D: 193 239 253 630 660 670 0
c D: 185 239 630 660 670 680 0
c D: 173 239 630 660 670 680 0
c D: 239 630 660 670 676 680 0
c D: 193 239 630 660 670 680 0
c D: 193 239 630 660 670 685 0
c D: 193 239 630 643 660 670 0
c D: 193 239 266 630 660 670 0
c D: 185 239 266 630 660 670 0
c D: 239 266 630 660 670 676 0
c D: 163 239 266 630 660 670 0
c D: 200 239 266 630 660 670 0
c D: 163 239 630 655 660 670 0
c D: 173 239 630 655 660 670 0
c D: 193 239 630 655 660 670 0
c D: 239 630 655 660 670 676 0
c D: 189 239 630 655 660 670 0
c D: 200 239 630 655 660 670 0
c D: 185 239 630 655 660 670 0
c D: 189 239 266 630 660 670 0
c D: 189 239 630 660 670 685 0
c D: 185 239 630 660 670 685 0
c D: 185 239 630 643 660 670 0
c D: 189 239 630 643 660 670 0
c D: 163 239 630 643 660 670 0
c D: 239 630 643 660 670 676 0
c D: 173 239 630 643 660 670 0
c D: 200 239 630 643 660 670 0
c D: 200 239 630 660 670 680 0
c D: 200 239 630 660 670 685 0
c D: 173 239 630 660 670 685 0
c D: 239 630 660 670 676 685 0
c D: 163 239 630 660 670 685 0
c D: 163 239 253 630 660 670 0
c D: 163 239 630 660 670 680 0
c D: 173 239 266 630 660 670 0
c D: 189 239 630 660 670 680 0
c D: 189 220 630 660 670 680 0
c D: 189 220 630 655 660 670 0
c D: 220 630 655 660 670 676 0
c D: 200 220 630 655 660 670 0
c D: 193 220 630 655 660 670 0
c D: 185 220 630 655 660 670 0
c D: 173 220 630 655 660 670 0
c D: 163 220 630 655 660 670 0
c D: 163 220 253 630 660 670 0
c D: 185 220 253 630 660 670 0
c D: 185 220 630 660 670 685 0
c D: 185 220 630 643 660 670 0
c D: 185 220 266 630 660 670 0
c D: 185 220 630 660 670 680 0
c D: 163 220 630 660 670 680 0
c D: 173 220 630 660 670 680 0
c D: 173 220 266 630 660 670 0
c D: 173 220 630 643 660 670 0
c D: 163 220 630 643 660 670 0
c D: 163 220 266 630 660 670 0
c D: 163 220 630 660 670 685 0
c D: 200 220 630 660 670 685 0
c D: 200 220 253 630 660 670 0
c D: 200 220 630 660 670 680 0
c D: 200 220 266 630 660 670 0
c D: 200 220 630 643 660 670 0
c D: 189 220 630 643 660 670 0
c D: 189 220 253 630 660 670 0
c D: 189 220 266 630 660 670 0
c D: 189 220 630 660 670 685 0
c D: 193 220 266 630 660 670 0
c D: 193 220 253 630 660 670 0
c D: 220 253 630 660 670 676 0
c D: 173 220 253 630 660 670 0
c D: 220 266 630 660 670 676 0
c D: 220 630 643 660 670 676 0
c D: 220 630 660 670 676 680 0
c D: 220 630 660 670 676 685 0
c D: 193 220 630 643 660 670 0
c D: 193 220 630 660 670 685 0
c D: 173 220 630 660 670 685 0
c D: 193 220 630 660 670 680 0
c # of iters: 349
c # of diags: 343
c # of expls: 6

	Time: 83.60409736633301 ms
	Average Time: 84.77203051249187 ms

Averages
	ubuntu_c25_0.wcnf: 84.77203051249187 ms
ubuntu ubuntu_c25_0.wcnf
	Output: c # of failures: 5
c D: 163 630 660 672 0
c D: 163 242 253 630 660 0
c D: 163 245 253 630 660 0
c D: 163 246 253 630 660 0
c D: 163 250 253 630 660 0
c D: 163 253 257 630 660 0
c D: 163 257 266 630 660 0
c D: 163 257 630 660 685 0
c D: 163 257 630 655 660 0
c D: 163 245 630 655 660 0
c D: 163 245 266 630 660 0
c D: 163 246 266 630 660 0
c D: 163 246 630 660 685 0
c D: 173 246 630 660 685 0
c D: 246 630 660 676 685 0
c D: 200 246 630 660 685 0
c D: 193 246 630 660 685 0
c D: 189 246 630 660 685 0
c D: 185 246 630 660 685 0
c D: 185 246 253 630 660 0
c D: 185 246 630 660 680 0
c D: 185 246 630 655 660 0
c D: 185 246 266 630 660 0
c D: 185 630 660 672 0
c D: 185 246 630 643 660 0
c D: 173 246 630 643 660 0
c D: 163 246 630 643 660 0
c D: 173 246 253 630 660 0
c D: 173 246 630 660 680 0
c D: 173 630 660 672 0
c D: 173 246 630 655 660 0
c D: 173 246 266 630 660 0
c D: 163 246 630 655 660 0
c D: 163 246 630 660 680 0
c D: 163 242 630 660 680 0
c D: 163 250 630 660 680 0
c D: 163 257 630 660 680 0
c D: 163 245 630 660 680 0
c D: 189 242 630 660 680 0
c D: 189 250 630 660 680 0
c D: 185 250 630 660 680 0
c D: 193 250 630 660 680 0
c D: 200 250 630 660 680 0
c D: 163 250 630 655 660 0
c D: 163 250 266 630 660 0
c D: 163 250 630 643 660 0
c D: 163 250 630 660 685 0
c D: 163 245 630 660 685 0
c D: 163 242 630 655 660 0
c D: 163 242 266 630 660 0
c D: 245 266 630 660 676 0
c D: 200 245 266 630 660 0
c D: 189 245 266 630 660 0
c D: 193 245 266 630 660 0
c D: 193 245 630 660 685 0
c D: 193 245 630 660 680 0
c D: 193 245 630 643 660 0
c D: 193 245 253 630 660 0
c D: 193 253 257 630 660 0
c D: 193 242 253 630 660 0
c D: 193 242 630 660 680 0
c D: 193 242 266 630 660 0
c D: 193 242 630 643 660 0
c D: 189 242 253 630 660 0
c D: 185 242 253 630 660 0
c D: 242 253 630 660 676 0
c D: 200 242 253 630 660 0
c D: 173 242 253 630 660 0
c D: 173 245 253 630 660 0
c D: 173 253 257 630 660 0
c D: 200 630 660 672 0
c D: 200 253 257 630 660 0
c D: 200 257 630 660 680 0
c D: 200 257 630 660 685 0
c D: 200 257 266 630 660 0
c D: 200 257 630 655 660 0
c D: 200 257 630 643 660 0
c D: 163 257 630 643 660 0
c D: 257 630 643 660 676 0
c D: 193 257 630 643 660 0
c D: 173 257 630 643 660 0
c D: 189 257 630 643 660 0
c D: 189 245 630 643 660 0
c D: 189 246 630 643 660 0
c D: 189 242 630 643 660 0
c D: 189 250 630 643 660 0
c D: 189 630 660 672 0
c D: 189 257 630 660 685 0
c D: 189 257 630 655 660 0
c D: 189 257 266 630 660 0
c D: 189 257 630 660 680 0
c D: 189 253 257 630 660 0
c D: 630 660 672 676 0
c D: 257 630 660 676 685 0
c D: 242 630 660 676 685 0
c D: 250 630 660 676 685 0
c D: 245 630 660 676 685 0
c D: 173 250 630 660 685 0
c D: 200 250 630 660 685 0
c D: 193 250 630 660 685 0
c D: 189 250 630 660 685 0
c D: 185 250 630 660 685 0
c D: 200 250 253 630 660 0
c D: 200 250 630 643 660 0
c D: 200 250 266 630 660 0
c D: 200 250 630 655 660 0
c D: 200 246 266 630 660 0
c D: 200 242 266 630 660 0
c D: 200 242 630 660 685 0
c D: 200 242 630 655 660 0
c D: 200 246 630 655 660 0
c D: 200 246 630 643 660 0
c D: 200 246 630 660 680 0
c D: 200 242 630 643 660 0
c D: 173 242 630 643 660 0
c D: 173 242 630 660 680 0
c D: 173 242 630 660 685 0
c D: 163 242 630 660 685 0
c D: 189 242 630 660 685 0
c D: 189 245 630 660 685 0
c D: 189 246 253 630 660 0
c D: 189 246 630 660 680 0
c D: 189 246 630 655 660 0
c D: 246 630 655 660 676 0
c D: 193 246 630 655 660 0
c D: 193 246 630 643 660 0
c D: 193 246 630 660 680 0
c D: 193 246 266 630 660 0
c D: 193 630 660 672 0
c D: 193 246 253 630 660 0
c D: 246 253 630 660 676 0
c D: 246 630 660 676 680 0
c D: 246 630 643 660 676 0
c D: 246 266 630 660 676 0
c D: 189 246 266 630 660 0
c D: 189 250 266 630 660 0
c D: 189 250 630 655 660 0
c D: 173 250 266 630 660 0
c D: 193 250 266 630 660 0
c D: 173 250 630 655 660 0
c D: 185 250 630 655 660 0
c D: 193 250 630 655 660 0
c D: 250 630 655 660 676 0
c D: 245 630 655 660 676 0
c D: 242 630 655 660 676 0
c D: 257 630 655 660 676 0
c D: 257 630 660 676 680 0
c D: 257 266 630 660 676 0
c D: 253 257 630 660 676 0
c D: 193 257 266 630 660 0
c D: 185 257 266 630 660 0
c D: 173 257 266 630 660 0
c D: 173 245 266 630 660 0
c D: 173 242 266 630 660 0
c D: 173 242 630 655 660 0
c D: 193 242 630 655 660 0
c D: 185 242 630 655 660 0
c D: 185 245 630 655 660 0
c D: 185 257 630 655 660 0
c D: 185 257 630 660 685 0
c D: 185 253 257 630 660 0
c D: 185 257 630 643 660 0
c D: 185 257 630 660 680 0
c D: 173 257 630 660 680 0
c D: 173 257 630 655 660 0
c D: 200 245 630 643 660 0
c D: 163 245 630 643 660 0
c D: 185 245 630 643 660 0
c D: 173 245 630 643 660 0
c D: 173 245 630 655 660 0
c D: 173 245 630 660 680 0
c D: 200 245 630 660 680 0
c D: 189 245 630 660 680 0
c D: 189 245 630 655 660 0
c D: 200 245 630 655 660 0
c D: 189 242 630 655 660 0
c D: 193 245 630 655 660 0
c D: 193 250 630 643 660 0
c D: 193 250 253 630 660 0
c D: 173 250 253 630 660 0
c D: 250 253 630 660 676 0
c D: 250 630 660 676 680 0
c D: 173 250 630 660 680 0
c D: 185 250 253 630 660 0
c D: 189 250 253 630 660 0
c D: 185 250 266 630 660 0
c D: 185 242 266 630 660 0
c D: 185 242 630 660 680 0
c D: 185 242 630 660 685 0
c D: 173 257 630 660 685 0
c D: 173 245 630 660 685 0
c D: 185 245 630 660 685 0
c D: 185 245 630 660 680 0
c D: 245 630 643 660 676 0
c D: 185 245 266 630 660 0
c D: 200 245 630 660 685 0
c D: 245 630 660 676 680 0
c D: 250 630 643 660 676 0
c D: 250 266 630 660 676 0
c D: 245 253 630 660 676 0
c D: 200 245 253 630 660 0
c D: 189 245 253 630 660 0
c D: 185 245 253 630 660 0
c D: 200 242 630 660 680 0
c D: 185 242 630 643 660 0
c D: 200 246 253 630 660 0
c D: 163 242 630 643 660 0
c D: 189 242 266 630 660 0
c D: 242 266 630 660 676 0
c D: 242 630 643 660 676 0
c D: 193 242 630 660 685 0
c D: 193 257 630 655 660 0
c D: 193 257 630 660 685 0
c D: 193 257 630 660 680 0
c D: 185 250 630 643 660 0
c D: 242 630 660 676 680 0
c D: 173 250 630 643 660 0
c D: 200 621 630 643 660 670 0
c D: 621 630 643 660 670 676 0
c D: 163 621 630 643 660 670 0
c D: 185 621 630 643 660 670 0
c D: 173 621 630 643 660 670 0
c D: 189 621 630 643 660 670 0
c D: 163 266 621 630 660 670 0
c D: 266 621 630 660 670 676 0
c D: 253 621 630 660 670 676 0
c D: 200 253 621 630 660 670 0
c D: 200 266 621 630 660 670 0
c D: 193 266 621 630 660 670 0
c D: 193 621 630 660 670 685 0
c D: 193 621 630 660 670 680 0
c D: 193 621 630 655 660 670 0
c D: 185 621 630 655 660 670 0
c D: 163 621 630 655 660 670 0
c D: 163 253 621 630 660 670 0
c D: 163 621 630 660 670 685 0
c D: 163 621 630 660 670 680 0
c D: 173 621 630 655 660 670 0
c D: 173 266 621 630 660 670 0
c D: 173 621 630 660 670 680 0
c D: 173 253 621 630 660 670 0
c D: 173 621 630 660 670 685 0
c D: 185 253 621 630 660 670 0
c D: 185 621 630 660 670 685 0
c D: 200 621 630 660 670 680 0
c D: 185 621 630 660 670 680 0
c D: 185 266 621 630 660 670 0
c D: 200 621 630 660 670 685 0
c D: 621 630 660 670 676 680 0
c D: 621 630 660 670 676 685 0
c D: 193 621 630 643 660 670 0
c D: 189 621 630 660 670 685 0
c D: 189 266 621 630 660 670 0
c D: 189 253 621 630 660 670 0
c D: 193 253 621 630 660 670 0
c D: 189 621 630 655 660 670 0
c D: 621 630 655 660 670 676 0
c D: 200 621 630 655 660 670 0
c D: 189 621 630 660 670 680 0
c D: 173 239 253 630 660 670 0
c D: 185 239 253 630 660 670 0
c D: 200 239 253 630 660 670 0
c D: 189 239 253 630 660 670 0
c D: 239 253 630 660 670 676 0
c D: 193 239 253 630 660 670 0
c D: 185 239 630 660 670 680 0
c D: 173 239 630 660 670 680 0
c D: 239 630 660 670 676 680 0
c D: 193 239 630 660 670 680 0
c D: 193 239 630 660 670 685 0
c D: 193 239 630 643 660 670 0
c D: 193 239 266 630 660 670 0
c D: 185 239 266 630 660 670 0
c D: 239 266 630 660 670 676 0
c D: 163 239 266 630 660 670 0
c D: 200 239 266 630 660 670 0
c D: 163 239 630 655 660 670 0
c D: 173 239 630 655 660 670 0
c D: 193 239 630 655 660 670 0
c D: 239 630 655 660 670 676 0
c D: 189 239 630 655 660 670 0
c D: 200 239 630 655 660 670 0
c D: 185 239 630 655 660 670 0
c D: 189 239 266 630 660 670 0
c D: 189 239 630 660 670 685 0
c D: 185 239 630 660 670 685 0
c D: 185 239 630 643 660 670 0
c D: 189 239 630 643 660 670 0
c D: 163 239 630 643 660 670 0
c D: 239 630 643 660 670 676 0
c D: 173 239 630 643 660 670 0
c D: 200 239 630 643 660 670 0
c D: 200 239 630 660 670 680 0
c D: 200 239 630 660 670 685 0
c D: 173 239 630 660 670 685 0
c D: 239 630 660 670 676 685 0
c D: 163 239 630 660 670 685 0
c D: 163 239 253 630 660 670 0
c D: 163 239 630 660 670 680 0
c D: 173 239 266 630 660 670 0
c D: 189 239 630 660 670 680 0
c D: 189 220 630 660 670 680 0
c D: 189 220 630 655 660 670 0
c D: 220 630 655 660 670 676 0
c D: 200 220 630 655 660 670 0
c D: 193 220 630 655 660 670 0
c D: 185 220 630 655 660 670 0
c D: 173 220 630 655 660 670 0
c D: 163 220 630 655 660 670 0
c D: 163 220 253 630 660 670 0
c D: 185 220 253 630 660 670 0
c D: 185 220 630 660 670 685 0
c D: 185 220 630 643 660 670 0
c D: 185 220 266 630 660 670 0
c D: 185 220 630 660 670 680 0
c D: 163 220 630 660 670 680 0
c D: 173 220 630 660 670 680 0
c D: 173 220 266 630 660 670 0
c D: 173 220 630 643 660 670 0
c D: 163 220 630 643 660 670 0
c D: 163 220 266 630 660 670 0
c D: 163 220 630 660 670 685 0
c D: 200 220 630 660 670 685 0
c D: 200 220 253 630 660 670 0
c D: 200 220 630 660 670 680 0
c D: 200 220 266 630 660 670 0
c D: 200 220 630 643 660 670 0
c D: 189 220 630 643 660 670 0
c D: 189 220 253 630 660 670 0
c D: 189 220 266 630 660 670 0
c D: 189 220 630 660 670 685 0
c D: 193 220 266 630 660 670 0
c D: 193 220 253 630 660 670 0
c D: 220 253 630 660 670 676 0
c D: 173 220 253 630 660 670 0
c D: 220 266 630 660 670 676 0
c D: 220 630 643 660 670 676 0
c D: 220 630 660 670 676 680 0
c D: 220 630 660 670 676 685 0
c D: 193 220 630 643 660 670 0
c D: 193 220 630 660 670 685 0
c D: 173 220 630 660 670 685 0
c D: 193 220 630 660 670 680 0

	Time: 42.34766960144043 ms
ubuntu ubuntu_c25_0.wcnf
	Output: c # of failures: 5
c D: 163 630 660 672 0
c D: 163 242 253 630 660 0
c D: 163 245 253 630 660 0
c D: 163 246 253 630 660 0
c D: 163 250 253 630 660 0
c D: 163 253 257 630 660 0
c D: 163 257 266 630 660 0
c D: 163 257 630 660 685 0
c D: 163 257 630 655 660 0
c D: 163 245 630 655 660 0
c D: 163 245 266 630 660 0
c D: 163 246 266 630 660 0
c D: 163 246 630 660 685 0
c D: 173 246 630 660 685 0
c D: 246 630 660 676 685 0
c D: 200 246 630 660 685 0
c D: 193 246 630 660 685 0
c D: 189 246 630 660 685 0
c D: 185 246 630 660 685 0
c D: 185 246 253 630 660 0
c D: 185 246 630 660 680 0
c D: 185 246 630 655 660 0
c D: 185 246 266 630 660 0
c D: 185 630 660 672 0
c D: 185 246 630 643 660 0
c D: 173 246 630 643 660 0
c D: 163 246 630 643 660 0
c D: 173 246 253 630 660 0
c D: 173 246 630 660 680 0
c D: 173 630 660 672 0
c D: 173 246 630 655 660 0
c D: 173 246 266 630 660 0
c D: 163 246 630 655 660 0
c D: 163 246 630 660 680 0
c D: 163 242 630 660 680 0
c D: 163 250 630 660 680 0
c D: 163 257 630 660 680 0
c D: 163 245 630 660 680 0
c D: 189 242 630 660 680 0
c D: 189 250 630 660 680 0
c D: 185 250 630 660 680 0
c D: 193 250 630 660 680 0
c D: 200 250 630 660 680 0
c D: 163 250 630 655 660 0
c D: 163 250 266 630 660 0
c D: 163 250 630 643 660 0
c D: 163 250 630 660 685 0
c D: 163 245 630 660 685 0
c D: 163 242 630 655 660 0
c D: 163 242 266 630 660 0
c D: 245 266 630 660 676 0
c D: 200 245 266 630 660 0
c D: 189 245 266 630 660 0
c D: 193 245 266 630 660 0
c D: 193 245 630 660 685 0
c D: 193 245 630 660 680 0
c D: 193 245 630 643 660 0
c D: 193 245 253 630 660 0
c D: 193 253 257 630 660 0
c D: 193 242 253 630 660 0
c D: 193 242 630 660 680 0
c D: 193 242 266 630 660 0
c D: 193 242 630 643 660 0
c D: 189 242 253 630 660 0
c D: 185 242 253 630 660 0
c D: 242 253 630 660 676 0
c D: 200 242 253 630 660 0
c D: 173 242 253 630 660 0
c D: 173 245 253 630 660 0
c D: 173 253 257 630 660 0
c D: 200 630 660 672 0
c D: 200 253 257 630 660 0
c D: 200 257 630 660 680 0
c D: 200 257 630 660 685 0
c D: 200 257 266 630 660 0
c D: 200 257 630 655 660 0
c D: 200 257 630 643 660 0
c D: 163 257 630 643 660 0
c D: 257 630 643 660 676 0
c D: 193 257 630 643 660 0
c D: 173 257 630 643 660 0
c D: 189 257 630 643 660 0
c D: 189 245 630 643 660 0
c D: 189 246 630 643 660 0
c D: 189 242 630 643 660 0
c D: 189 250 630 643 660 0
c D: 189 630 660 672 0
c D: 189 257 630 660 685 0
c D: 189 257 630 655 660 0
c D: 189 257 266 630 660 0
c D: 189 257 630 660 680 0
c D: 189 253 257 630 660 0
c D: 630 660 672 676 0
c D: 257 630 660 676 685 0
c D: 242 630 660 676 685 0
c D: 250 630 660 676 685 0
c D: 245 630 660 676 685 0
c D: 173 250 630 660 685 0
c D: 200 250 630 660 685 0
c D: 193 250 630 660 685 0
c D: 189 250 630 660 685 0
c D: 185 250 630 660 685 0
c D: 200 250 253 630 660 0
c D: 200 250 630 643 660 0
c D: 200 250 266 630 660 0
c D: 200 250 630 655 660 0
c D: 200 246 266 630 660 0
c D: 200 242 266 630 660 0
c D: 200 242 630 660 685 0
c D: 200 242 630 655 660 0
c D: 200 246 630 655 660 0
c D: 200 246 630 643 660 0
c D: 200 246 630 660 680 0
c D: 200 242 630 643 660 0
c D: 173 242 630 643 660 0
c D: 173 242 630 660 680 0
c D: 173 242 630 660 685 0
c D: 163 242 630 660 685 0
c D: 189 242 630 660 685 0
c D: 189 245 630 660 685 0
c D: 189 246 253 630 660 0
c D: 189 246 630 660 680 0
c D: 189 246 630 655 660 0
c D: 246 630 655 660 676 0
c D: 193 246 630 655 660 0
c D: 193 246 630 643 660 0
c D: 193 246 630 660 680 0
c D: 193 246 266 630 660 0
c D: 193 630 660 672 0
c D: 193 246 253 630 660 0
c D: 246 253 630 660 676 0
c D: 246 630 660 676 680 0
c D: 246 630 643 660 676 0
c D: 246 266 630 660 676 0
c D: 189 246 266 630 660 0
c D: 189 250 266 630 660 0
c D: 189 250 630 655 660 0
c D: 173 250 266 630 660 0
c D: 193 250 266 630 660 0
c D: 173 250 630 655 660 0
c D: 185 250 630 655 660 0
c D: 193 250 630 655 660 0
c D: 250 630 655 660 676 0
c D: 245 630 655 660 676 0
c D: 242 630 655 660 676 0
c D: 257 630 655 660 676 0
c D: 257 630 660 676 680 0
c D: 257 266 630 660 676 0
c D: 253 257 630 660 676 0
c D: 193 257 266 630 660 0
c D: 185 257 266 630 660 0
c D: 173 257 266 630 660 0
c D: 173 245 266 630 660 0
c D: 173 242 266 630 660 0
c D: 173 242 630 655 660 0
c D: 193 242 630 655 660 0
c D: 185 242 630 655 660 0
c D: 185 245 630 655 660 0
c D: 185 257 630 655 660 0
c D: 185 257 630 660 685 0
c D: 185 253 257 630 660 0
c D: 185 257 630 643 660 0
c D: 185 257 630 660 680 0
c D: 173 257 630 660 680 0
c D: 173 257 630 655 660 0
c D: 200 245 630 643 660 0
c D: 163 245 630 643 660 0
c D: 185 245 630 643 660 0
c D: 173 245 630 643 660 0
c D: 173 245 630 655 660 0
c D: 173 245 630 660 680 0
c D: 200 245 630 660 680 0
c D: 189 245 630 660 680 0
c D: 189 245 630 655 660 0
c D: 200 245 630 655 660 0
c D: 189 242 630 655 660 0
c D: 193 245 630 655 660 0
c D: 193 250 630 643 660 0
c D: 193 250 253 630 660 0
c D: 173 250 253 630 660 0
c D: 250 253 630 660 676 0
c D: 250 630 660 676 680 0
c D: 173 250 630 660 680 0
c D: 185 250 253 630 660 0
c D: 189 250 253 630 660 0
c D: 185 250 266 630 660 0
c D: 185 242 266 630 660 0
c D: 185 242 630 660 680 0
c D: 185 242 630 660 685 0
c D: 173 257 630 660 685 0
c D: 173 245 630 660 685 0
c D: 185 245 630 660 685 0
c D: 185 245 630 660 680 0
c D: 245 630 643 660 676 0
c D: 185 245 266 630 660 0
c D: 200 245 630 660 685 0
c D: 245 630 660 676 680 0
c D: 250 630 643 660 676 0
c D: 250 266 630 660 676 0
c D: 245 253 630 660 676 0
c D: 200 245 253 630 660 0
c D: 189 245 253 630 660 0
c D: 185 245 253 630 660 0
c D: 200 242 630 660 680 0
c D: 185 242 630 643 660 0
c D: 200 246 253 630 660 0
c D: 163 242 630 643 660 0
c D: 189 242 266 630 660 0
c D: 242 266 630 660 676 0
c D: 242 630 643 660 676 0
c D: 193 242 630 660 685 0
c D: 193 257 630 655 660 0
c D: 193 257 630 660 685 0
c D: 193 257 630 660 680 0
c D: 185 250 630 643 660 0
c D: 242 630 660 676 680 0
c D: 173 250 630 643 660 0
c D: 200 621 630 643 660 670 0
c D: 621 630 643 660 670 676 0
c D: 163 621 630 643 660 670 0
c D: 185 621 630 643 660 670 0
c D: 173 621 630 643 660 670 0
c D: 189 621 630 643 660 670 0
c D: 163 266 621 630 660 670 0
c D: 266 621 630 660 670 676 0
c D: 253 621 630 660 670 676 0
c D: 200 253 621 630 660 670 0
c D: 200 266 621 630 660 670 0
c D: 193 266 621 630 660 670 0
c D: 193 621 630 660 670 685 0
c D: 193 621 630 660 670 680 0
c D: 193 621 630 655 660 670 0
c D: 185 621 630 655 660 670 0
c D: 163 621 630 655 660 670 0
c D: 163 253 621 630 660 670 0
c D: 163 621 630 660 670 685 0
c D: 163 621 630 660 670 680 0
c D: 173 621 630 655 660 670 0
c D: 173 266 621 630 660 670 0
c D: 173 621 630 660 670 680 0
c D: 173 253 621 630 660 670 0
c D: 173 621 630 660 670 685 0
c D: 185 253 621 630 660 670 0
c D: 185 621 630 660 670 685 0
c D: 200 621 630 660 670 680 0
c D: 185 621 630 660 670 680 0
c D: 185 266 621 630 660 670 0
c D: 200 621 630 660 670 685 0
c D: 621 630 660 670 676 680 0
c D: 621 630 660 670 676 685 0
c D: 193 621 630 643 660 670 0
c D: 189 621 630 660 670 685 0
c D: 189 266 621 630 660 670 0
c D: 189 253 621 630 660 670 0
c D: 193 253 621 630 660 670 0
c D: 189 621 630 655 660 670 0
c D: 621 630 655 660 670 676 0
c D: 200 621 630 655 660 670 0
c D: 189 621 630 660 670 680 0
c D: 173 239 253 630 660 670 0
c D: 185 239 253 630 660 670 0
c D: 200 239 253 630 660 670 0
c D: 189 239 253 630 660 670 0
c D: 239 253 630 660 670 676 0
c D: 193 239 253 630 660 670 0
c D: 185 239 630 660 670 680 0
c D: 173 239 630 660 670 680 0
c D: 239 630 660 670 676 680 0
c D: 193 239 630 660 670 680 0
c D: 193 239 630 660 670 685 0
c D: 193 239 630 643 660 670 0
c D: 193 239 266 630 660 670 0
c D: 185 239 266 630 660 670 0
c D: 239 266 630 660 670 676 0
c D: 163 239 266 630 660 670 0
c D: 200 239 266 630 660 670 0
c D: 163 239 630 655 660 670 0
c D: 173 239 630 655 660 670 0
c D: 193 239 630 655 660 670 0
c D: 239 630 655 660 670 676 0
c D: 189 239 630 655 660 670 0
c D: 200 239 630 655 660 670 0
c D: 185 239 630 655 660 670 0
c D: 189 239 266 630 660 670 0
c D: 189 239 630 660 670 685 0
c D: 185 239 630 660 670 685 0
c D: 185 239 630 643 660 670 0
c D: 189 239 630 643 660 670 0
c D: 163 239 630 643 660 670 0
c D: 239 630 643 660 670 676 0
c D: 173 239 630 643 660 670 0
c D: 200 239 630 643 660 670 0
c D: 200 239 630 660 670 680 0
c D: 200 239 630 660 670 685 0
c D: 173 239 630 660 670 685 0
c D: 239 630 660 670 676 685 0
c D: 163 239 630 660 670 685 0
c D: 163 239 253 630 660 670 0
c D: 163 239 630 660 670 680 0
c D: 173 239 266 630 660 670 0
c D: 189 239 630 660 670 680 0
c D: 189 220 630 660 670 680 0
c D: 189 220 630 655 660 670 0
c D: 220 630 655 660 670 676 0
c D: 200 220 630 655 660 670 0
c D: 193 220 630 655 660 670 0
c D: 185 220 630 655 660 670 0
c D: 173 220 630 655 660 670 0
c D: 163 220 630 655 660 670 0
c D: 163 220 253 630 660 670 0
c D: 185 220 253 630 660 670 0
c D: 185 220 630 660 670 685 0
c D: 185 220 630 643 660 670 0
c D: 185 220 266 630 660 670 0
c D: 185 220 630 660 670 680 0
c D: 163 220 630 660 670 680 0
c D: 173 220 630 660 670 680 0
c D: 173 220 266 630 660 670 0
c D: 173 220 630 643 660 670 0
c D: 163 220 630 643 660 670 0
c D: 163 220 266 630 660 670 0
c D: 163 220 630 660 670 685 0
c D: 200 220 630 660 670 685 0
c D: 200 220 253 630 660 670 0
c D: 200 220 630 660 670 680 0
c D: 200 220 266 630 660 670 0
c D: 200 220 630 643 660 670 0
c D: 189 220 630 643 660 670 0
c D: 189 220 253 630 660 670 0
c D: 189 220 266 630 660 670 0
c D: 189 220 630 660 670 685 0
c D: 193 220 266 630 660 670 0
c D: 193 220 253 630 660 670 0
c D: 220 253 630 660 670 676 0
c D: 173 220 253 630 660 670 0
c D: 220 266 630 660 670 676 0
c D: 220 630 643 660 670 676 0
c D: 220 630 660 670 676 680 0
c D: 220 630 660 670 676 685 0
c D: 193 220 630 643 660 670 0
c D: 193 220 630 660 670 685 0
c D: 173 220 630 660 670 685 0
c D: 193 220 630 660 670 680 0

	Time: 43.29705238342285 ms
ubuntu ubuntu_c25_0.wcnf
	Output: c # of failures: 5
c D: 163 630 660 672 0
c D: 163 242 253 630 660 0
c D: 163 245 253 630 660 0
c D: 163 246 253 630 660 0
c D: 163 250 253 630 660 0
c D: 163 253 257 630 660 0
c D: 163 257 266 630 660 0
c D: 163 257 630 660 685 0
c D: 163 257 630 655 660 0
c D: 163 245 630 655 660 0
c D: 163 245 266 630 660 0
c D: 163 246 266 630 660 0
c D: 163 246 630 660 685 0
c D: 173 246 630 660 685 0
c D: 246 630 660 676 685 0
c D: 200 246 630 660 685 0
c D: 193 246 630 660 685 0
c D: 189 246 630 660 685 0
c D: 185 246 630 660 685 0
c D: 185 246 253 630 660 0
c D: 185 246 630 660 680 0
c D: 185 246 630 655 660 0
c D: 185 246 266 630 660 0
c D: 185 630 660 672 0
c D: 185 246 630 643 660 0
c D: 173 246 630 643 660 0
c D: 163 246 630 643 660 0
c D: 173 246 253 630 660 0
c D: 173 246 630 660 680 0
c D: 173 630 660 672 0
c D: 173 246 630 655 660 0
c D: 173 246 266 630 660 0
c D: 163 246 630 655 660 0
c D: 163 246 630 660 680 0
c D: 163 242 630 660 680 0
c D: 163 250 630 660 680 0
c D: 163 257 630 660 680 0
c D: 163 245 630 660 680 0
c D: 189 242 630 660 680 0
c D: 189 250 630 660 680 0
c D: 185 250 630 660 680 0
c D: 193 250 630 660 680 0
c D: 200 250 630 660 680 0
c D: 163 250 630 655 660 0
c D: 163 250 266 630 660 0
c D: 163 250 630 643 660 0
c D: 163 250 630 660 685 0
c D: 163 245 630 660 685 0
c D: 163 242 630 655 660 0
c D: 163 242 266 630 660 0
c D: 245 266 630 660 676 0
c D: 200 245 266 630 660 0
c D: 189 245 266 630 660 0
c D: 193 245 266 630 660 0
c D: 193 245 630 660 685 0
c D: 193 245 630 660 680 0
c D: 193 245 630 643 660 0
c D: 193 245 253 630 660 0
c D: 193 253 257 630 660 0
c D: 193 242 253 630 660 0
c D: 193 242 630 660 680 0
c D: 193 242 266 630 660 0
c D: 193 242 630 643 660 0
c D: 189 242 253 630 660 0
c D: 185 242 253 630 660 0
c D: 242 253 630 660 676 0
c D: 200 242 253 630 660 0
c D: 173 242 253 630 660 0
c D: 173 245 253 630 660 0
c D: 173 253 257 630 660 0
c D: 200 630 660 672 0
c D: 200 253 257 630 660 0
c D: 200 257 630 660 680 0
c D: 200 257 630 660 685 0
c D: 200 257 266 630 660 0
c D: 200 257 630 655 660 0
c D: 200 257 630 643 660 0
c D: 163 257 630 643 660 0
c D: 257 630 643 660 676 0
c D: 193 257 630 643 660 0
c D: 173 257 630 643 660 0
c D: 189 257 630 643 660 0
c D: 189 245 630 643 660 0
c D: 189 246 630 643 660 0
c D: 189 242 630 643 660 0
c D: 189 250 630 643 660 0
c D: 189 630 660 672 0
c D: 189 257 630 660 685 0
c D: 189 257 630 655 660 0
c D: 189 257 266 630 660 0
c D: 189 257 630 660 680 0
c D: 189 253 257 630 660 0
c D: 630 660 672 676 0
c D: 257 630 660 676 685 0
c D: 242 630 660 676 685 0
c D: 250 630 660 676 685 0
c D: 245 630 660 676 685 0
c D: 173 250 630 660 685 0
c D: 200 250 630 660 685 0
c D: 193 250 630 660 685 0
c D: 189 250 630 660 685 0
c D: 185 250 630 660 685 0
c D: 200 250 253 630 660 0
c D: 200 250 630 643 660 0
c D: 200 250 266 630 660 0
c D: 200 250 630 655 660 0
c D: 200 246 266 630 660 0
c D: 200 242 266 630 660 0
c D: 200 242 630 660 685 0
c D: 200 242 630 655 660 0
c D: 200 246 630 655 660 0
c D: 200 246 630 643 660 0
c D: 200 246 630 660 680 0
c D: 200 242 630 643 660 0
c D: 173 242 630 643 660 0
c D: 173 242 630 660 680 0
c D: 173 242 630 660 685 0
c D: 163 242 630 660 685 0
c D: 189 242 630 660 685 0
c D: 189 245 630 660 685 0
c D: 189 246 253 630 660 0
c D: 189 246 630 660 680 0
c D: 189 246 630 655 660 0
c D: 246 630 655 660 676 0
c D: 193 246 630 655 660 0
c D: 193 246 630 643 660 0
c D: 193 246 630 660 680 0
c D: 193 246 266 630 660 0
c D: 193 630 660 672 0
c D: 193 246 253 630 660 0
c D: 246 253 630 660 676 0
c D: 246 630 660 676 680 0
c D: 246 630 643 660 676 0
c D: 246 266 630 660 676 0
c D: 189 246 266 630 660 0
c D: 189 250 266 630 660 0
c D: 189 250 630 655 660 0
c D: 173 250 266 630 660 0
c D: 193 250 266 630 660 0
c D: 173 250 630 655 660 0
c D: 185 250 630 655 660 0
c D: 193 250 630 655 660 0
c D: 250 630 655 660 676 0
c D: 245 630 655 660 676 0
c D: 242 630 655 660 676 0
c D: 257 630 655 660 676 0
c D: 257 630 660 676 680 0
c D: 257 266 630 660 676 0
c D: 253 257 630 660 676 0
c D: 193 257 266 630 660 0
c D: 185 257 266 630 660 0
c D: 173 257 266 630 660 0
c D: 173 245 266 630 660 0
c D: 173 242 266 630 660 0
c D: 173 242 630 655 660 0
c D: 193 242 630 655 660 0
c D: 185 242 630 655 660 0
c D: 185 245 630 655 660 0
c D: 185 257 630 655 660 0
c D: 185 257 630 660 685 0
c D: 185 253 257 630 660 0
c D: 185 257 630 643 660 0
c D: 185 257 630 660 680 0
c D: 173 257 630 660 680 0
c D: 173 257 630 655 660 0
c D: 200 245 630 643 660 0
c D: 163 245 630 643 660 0
c D: 185 245 630 643 660 0
c D: 173 245 630 643 660 0
c D: 173 245 630 655 660 0
c D: 173 245 630 660 680 0
c D: 200 245 630 660 680 0
c D: 189 245 630 660 680 0
c D: 189 245 630 655 660 0
c D: 200 245 630 655 660 0
c D: 189 242 630 655 660 0
c D: 193 245 630 655 660 0
c D: 193 250 630 643 660 0
c D: 193 250 253 630 660 0
c D: 173 250 253 630 660 0
c D: 250 253 630 660 676 0
c D: 250 630 660 676 680 0
c D: 173 250 630 660 680 0
c D: 185 250 253 630 660 0
c D: 189 250 253 630 660 0
c D: 185 250 266 630 660 0
c D: 185 242 266 630 660 0
c D: 185 242 630 660 680 0
c D: 185 242 630 660 685 0
c D: 173 257 630 660 685 0
c D: 173 245 630 660 685 0
c D: 185 245 630 660 685 0
c D: 185 245 630 660 680 0
c D: 245 630 643 660 676 0
c D: 185 245 266 630 660 0
c D: 200 245 630 660 685 0
c D: 245 630 660 676 680 0
c D: 250 630 643 660 676 0
c D: 250 266 630 660 676 0
c D: 245 253 630 660 676 0
c D: 200 245 253 630 660 0
c D: 189 245 253 630 660 0
c D: 185 245 253 630 660 0
c D: 200 242 630 660 680 0
c D: 185 242 630 643 660 0
c D: 200 246 253 630 660 0
c D: 163 242 630 643 660 0
c D: 189 242 266 630 660 0
c D: 242 266 630 660 676 0
c D: 242 630 643 660 676 0
c D: 193 242 630 660 685 0
c D: 193 257 630 655 660 0
c D: 193 257 630 660 685 0
c D: 193 257 630 660 680 0
c D: 185 250 630 643 660 0
c D: 242 630 660 676 680 0
c D: 173 250 630 643 660 0
c D: 200 621 630 643 660 670 0
c D: 621 630 643 660 670 676 0
c D: 163 621 630 643 660 670 0
c D: 185 621 630 643 660 670 0
c D: 173 621 630 643 660 670 0
c D: 189 621 630 643 660 670 0
c D: 163 266 621 630 660 670 0
c D: 266 621 630 660 670 676 0
c D: 253 621 630 660 670 676 0
c D: 200 253 621 630 660 670 0
c D: 200 266 621 630 660 670 0
c D: 193 266 621 630 660 670 0
c D: 193 621 630 660 670 685 0
c D: 193 621 630 660 670 680 0
c D: 193 621 630 655 660 670 0
c D: 185 621 630 655 660 670 0
c D: 163 621 630 655 660 670 0
c D: 163 253 621 630 660 670 0
c D: 163 621 630 660 670 685 0
c D: 163 621 630 660 670 680 0
c D: 173 621 630 655 660 670 0
c D: 173 266 621 630 660 670 0
c D: 173 621 630 660 670 680 0
c D: 173 253 621 630 660 670 0
c D: 173 621 630 660 670 685 0
c D: 185 253 621 630 660 670 0
c D: 185 621 630 660 670 685 0
c D: 200 621 630 660 670 680 0
c D: 185 621 630 660 670 680 0
c D: 185 266 621 630 660 670 0
c D: 200 621 630 660 670 685 0
c D: 621 630 660 670 676 680 0
c D: 621 630 660 670 676 685 0
c D: 193 621 630 643 660 670 0
c D: 189 621 630 660 670 685 0
c D: 189 266 621 630 660 670 0
c D: 189 253 621 630 660 670 0
c D: 193 253 621 630 660 670 0
c D: 189 621 630 655 660 670 0
c D: 621 630 655 660 670 676 0
c D: 200 621 630 655 660 670 0
c D: 189 621 630 660 670 680 0
c D: 173 239 253 630 660 670 0
c D: 185 239 253 630 660 670 0
c D: 200 239 253 630 660 670 0
c D: 189 239 253 630 660 670 0
c D: 239 253 630 660 670 676 0
c D: 193 239 253 630 660 670 0
c D: 185 239 630 660 670 680 0
c D: 173 239 630 660 670 680 0
c D: 239 630 660 670 676 680 0
c D: 193 239 630 660 670 680 0
c D: 193 239 630 660 670 685 0
c D: 193 239 630 643 660 670 0
c D: 193 239 266 630 660 670 0
c D: 185 239 266 630 660 670 0
c D: 239 266 630 660 670 676 0
c D: 163 239 266 630 660 670 0
c D: 200 239 266 630 660 670 0
c D: 163 239 630 655 660 670 0
c D: 173 239 630 655 660 670 0
c D: 193 239 630 655 660 670 0
c D: 239 630 655 660 670 676 0
c D: 189 239 630 655 660 670 0
c D: 200 239 630 655 660 670 0
c D: 185 239 630 655 660 670 0
c D: 189 239 266 630 660 670 0
c D: 189 239 630 660 670 685 0
c D: 185 239 630 660 670 685 0
c D: 185 239 630 643 660 670 0
c D: 189 239 630 643 660 670 0
c D: 163 239 630 643 660 670 0
c D: 239 630 643 660 670 676 0
c D: 173 239 630 643 660 670 0
c D: 200 239 630 643 660 670 0
c D: 200 239 630 660 670 680 0
c D: 200 239 630 660 670 685 0
c D: 173 239 630 660 670 685 0
c D: 239 630 660 670 676 685 0
c D: 163 239 630 660 670 685 0
c D: 163 239 253 630 660 670 0
c D: 163 239 630 660 670 680 0
c D: 173 239 266 630 660 670 0
c D: 189 239 630 660 670 680 0
c D: 189 220 630 660 670 680 0
c D: 189 220 630 655 660 670 0
c D: 220 630 655 660 670 676 0
c D: 200 220 630 655 660 670 0
c D: 193 220 630 655 660 670 0
c D: 185 220 630 655 660 670 0
c D: 173 220 630 655 660 670 0
c D: 163 220 630 655 660 670 0
c D: 163 220 253 630 660 670 0
c D: 185 220 253 630 660 670 0
c D: 185 220 630 660 670 685 0
c D: 185 220 630 643 660 670 0
c D: 185 220 266 630 660 670 0
c D: 185 220 630 660 670 680 0
c D: 163 220 630 660 670 680 0
c D: 173 220 630 660 670 680 0
c D: 173 220 266 630 660 670 0
c D: 173 220 630 643 660 670 0
c D: 163 220 630 643 660 670 0
c D: 163 220 266 630 660 670 0
c D: 163 220 630 660 670 685 0
c D: 200 220 630 660 670 685 0
c D: 200 220 253 630 660 670 0
c D: 200 220 630 660 670 680 0
c D: 200 220 266 630 660 670 0
c D: 200 220 630 643 660 670 0
c D: 189 220 630 643 660 670 0
c D: 189 220 253 630 660 670 0
c D: 189 220 266 630 660 670 0
c D: 189 220 630 660 670 685 0
c D: 193 220 266 630 660 670 0
c D: 193 220 253 630 660 670 0
c D: 220 253 630 660 670 676 0
c D: 173 220 253 630 660 670 0
c D: 220 266 630 660 670 676 0
c D: 220 630 643 660 670 676 0
c D: 220 630 660 670 676 680 0
c D: 220 630 660 670 676 685 0
c D: 193 220 630 643 660 670 0
c D: 193 220 630 660 670 685 0
c D: 173 220 630 660 670 685 0
c D: 193 220 630 660 670 680 0

	Time: 43.05720329284668 ms
	Average Time: 42.900641759236656 ms

Averages
	ubuntu_c25_0.wcnf: 42.900641759236656 ms
ubuntu ubuntu_c25_0.wcnf
	Output: c # of failures: 5
c D: 163 630 660 672 0
c D: 163 242 253 630 660 0
c D: 163 245 253 630 660 0
c D: 163 246 253 630 660 0
c D: 163 250 253 630 660 0
c D: 163 253 257 630 660 0
c D: 163 257 266 630 660 0
c D: 163 257 630 660 685 0
c D: 163 257 630 655 660 0
c D: 163 245 630 655 660 0
c D: 163 245 266 630 660 0
c D: 163 246 266 630 660 0
c D: 163 246 630 660 685 0
c D: 173 246 630 660 685 0
c D: 246 630 660 676 685 0
c D: 200 246 630 660 685 0
c D: 193 246 630 660 685 0
c D: 189 246 630 660 685 0
c D: 185 246 630 660 685 0
c D: 185 246 253 630 660 0
c D: 185 246 630 660 680 0
c D: 185 246 630 655 660 0
c D: 185 246 266 630 660 0
c D: 185 630 660 672 0
c D: 185 246 630 643 660 0
c D: 173 246 630 643 660 0
c D: 163 246 630 643 660 0
c D: 173 246 253 630 660 0
c D: 173 246 630 660 680 0
c D: 173 630 660 672 0
c D: 173 246 630 655 660 0
c D: 173 246 266 630 660 0
c D: 163 246 630 655 660 0
c D: 163 246 630 660 680 0
c D: 163 242 630 660 680 0
c D: 163 250 630 660 680 0
c D: 163 257 630 660 680 0
c D: 163 245 630 660 680 0
c D: 189 242 630 660 680 0
c D: 189 250 630 660 680 0
c D: 185 250 630 660 680 0
c D: 193 250 630 660 680 0
c D: 200 250 630 660 680 0
c D: 163 250 630 655 660 0
c D: 163 250 266 630 660 0
c D: 163 250 630 643 660 0
c D: 163 250 630 660 685 0
c D: 163 245 630 660 685 0
c D: 163 242 630 655 660 0
c D: 163 242 266 630 660 0
c D: 245 266 630 660 676 0
c D: 200 245 266 630 660 0
c D: 189 245 266 630 660 0
c D: 193 245 266 630 660 0
c D: 193 245 630 660 685 0
c D: 193 245 630 660 680 0
c D: 193 245 630 643 660 0
c D: 193 245 253 630 660 0
c D: 193 253 257 630 660 0
c D: 193 242 253 630 660 0
c D: 193 242 630 660 680 0
c D: 193 242 266 630 660 0
c D: 193 242 630 643 660 0
c D: 189 242 253 630 660 0
c D: 185 242 253 630 660 0
c D: 242 253 630 660 676 0
c D: 200 242 253 630 660 0
c D: 173 242 253 630 660 0
c D: 173 245 253 630 660 0
c D: 173 253 257 630 660 0
c D: 200 630 660 672 0
c D: 200 253 257 630 660 0
c D: 200 257 630 660 680 0
c D: 200 257 630 660 685 0
c D: 200 257 266 630 660 0
c D: 200 257 630 655 660 0
c D: 200 257 630 643 660 0
c D: 163 257 630 643 660 0
c D: 257 630 643 660 676 0
c D: 193 257 630 643 660 0
c D: 173 257 630 643 660 0
c D: 189 257 630 643 660 0
c D: 189 245 630 643 660 0
c D: 189 246 630 643 660 0
c D: 189 242 630 643 660 0
c D: 189 250 630 643 660 0
c D: 189 630 660 672 0
c D: 189 257 630 660 685 0
c D: 189 257 630 655 660 0
c D: 189 257 266 630 660 0
c D: 189 257 630 660 680 0
c D: 189 253 257 630 660 0
c D: 630 660 672 676 0
c D: 257 630 660 676 685 0
c D: 242 630 660 676 685 0
c D: 250 630 660 676 685 0
c D: 245 630 660 676 685 0
c D: 173 250 630 660 685 0
c D: 200 250 630 660 685 0
c D: 193 250 630 660 685 0
c D: 189 250 630 660 685 0
c D: 185 250 630 660 685 0
c D: 200 250 253 630 660 0
c D: 200 250 630 643 660 0
c D: 200 250 266 630 660 0
c D: 200 250 630 655 660 0
c D: 200 246 266 630 660 0
c D: 200 242 266 630 660 0
c D: 200 242 630 660 685 0
c D: 200 242 630 655 660 0
c D: 200 246 630 655 660 0
c D: 200 246 630 643 660 0
c D: 200 246 630 660 680 0
c D: 200 242 630 643 660 0
c D: 173 242 630 643 660 0
c D: 173 242 630 660 680 0
c D: 173 242 630 660 685 0
c D: 163 242 630 660 685 0
c D: 189 242 630 660 685 0
c D: 189 245 630 660 685 0
c D: 189 246 253 630 660 0
c D: 189 246 630 660 680 0
c D: 189 246 630 655 660 0
c D: 246 630 655 660 676 0
c D: 193 246 630 655 660 0
c D: 193 246 630 643 660 0
c D: 193 246 630 660 680 0
c D: 193 246 266 630 660 0
c D: 193 630 660 672 0
c D: 193 246 253 630 660 0
c D: 246 253 630 660 676 0
c D: 246 630 660 676 680 0
c D: 246 630 643 660 676 0
c D: 246 266 630 660 676 0
c D: 189 246 266 630 660 0
c D: 189 250 266 630 660 0
c D: 189 250 630 655 660 0
c D: 173 250 266 630 660 0
c D: 193 250 266 630 660 0
c D: 173 250 630 655 660 0
c D: 185 250 630 655 660 0
c D: 193 250 630 655 660 0
c D: 250 630 655 660 676 0
c D: 245 630 655 660 676 0
c D: 242 630 655 660 676 0
c D: 257 630 655 660 676 0
c D: 257 630 660 676 680 0
c D: 257 266 630 660 676 0
c D: 253 257 630 660 676 0
c D: 193 257 266 630 660 0
c D: 185 257 266 630 660 0
c D: 173 257 266 630 660 0
c D: 173 245 266 630 660 0
c D: 173 242 266 630 660 0
c D: 173 242 630 655 660 0
c D: 193 242 630 655 660 0
c D: 185 242 630 655 660 0
c D: 185 245 630 655 660 0
c D: 185 257 630 655 660 0
c D: 185 257 630 660 685 0
c D: 185 253 257 630 660 0
c D: 185 257 630 643 660 0
c D: 185 257 630 660 680 0
c D: 173 257 630 660 680 0
c D: 173 257 630 655 660 0
c D: 200 245 630 643 660 0
c D: 163 245 630 643 660 0
c D: 185 245 630 643 660 0
c D: 173 245 630 643 660 0
c D: 173 245 630 655 660 0
c D: 173 245 630 660 680 0
c D: 200 245 630 660 680 0
c D: 189 245 630 660 680 0
c D: 189 245 630 655 660 0
c D: 200 245 630 655 660 0
c D: 189 242 630 655 660 0
c D: 193 245 630 655 660 0
c D: 193 250 630 643 660 0
c D: 193 250 253 630 660 0
c D: 173 250 253 630 660 0
c D: 250 253 630 660 676 0
c D: 250 630 660 676 680 0
c D: 173 250 630 660 680 0
c D: 185 250 253 630 660 0
c D: 189 250 253 630 660 0
c D: 185 250 266 630 660 0
c D: 185 242 266 630 660 0
c D: 185 242 630 660 680 0
c D: 185 242 630 660 685 0
c D: 173 257 630 660 685 0
c D: 173 245 630 660 685 0
c D: 185 245 630 660 685 0
c D: 185 245 630 660 680 0
c D: 245 630 643 660 676 0
c D: 185 245 266 630 660 0
c D: 200 245 630 660 685 0
c D: 245 630 660 676 680 0
c D: 250 630 643 660 676 0
c D: 250 266 630 660 676 0
c D: 245 253 630 660 676 0
c D: 200 245 253 630 660 0
c D: 189 245 253 630 660 0
c D: 185 245 253 630 660 0
c D: 200 242 630 660 680 0
c D: 185 242 630 643 660 0
c D: 200 246 253 630 660 0
c D: 163 242 630 643 660 0
c D: 189 242 266 630 660 0
c D: 242 266 630 660 676 0
c D: 242 630 643 660 676 0
c D: 193 242 630 660 685 0
c D: 193 257 630 655 660 0
c D: 193 257 630 660 685 0
c D: 193 257 630 660 680 0
c D: 185 250 630 643 660 0
c D: 242 630 660 676 680 0
c D: 173 250 630 643 660 0
c D: 200 621 630 643 660 670 0
c D: 621 630 643 660 670 676 0
c D: 163 621 630 643 660 670 0
c D: 185 621 630 643 660 670 0
c D: 173 621 630 643 660 670 0
c D: 189 621 630 643 660 670 0
c D: 163 266 621 630 660 670 0
c D: 266 621 630 660 670 676 0
c D: 253 621 630 660 670 676 0
c D: 200 253 621 630 660 670 0
c D: 200 266 621 630 660 670 0
c D: 193 266 621 630 660 670 0
c D: 193 621 630 660 670 685 0
c D: 193 621 630 660 670 680 0
c D: 193 621 630 655 660 670 0
c D: 185 621 630 655 660 670 0
c D: 163 621 630 655 660 670 0
c D: 163 253 621 630 660 670 0
c D: 163 621 630 660 670 685 0
c D: 163 621 630 660 670 680 0
c D: 173 621 630 655 660 670 0
c D: 173 266 621 630 660 670 0
c D: 173 621 630 660 670 680 0
c D: 173 253 621 630 660 670 0
c D: 173 621 630 660 670 685 0
c D: 185 253 621 630 660 670 0
c D: 185 621 630 660 670 685 0
c D: 200 621 630 660 670 680 0
c D: 185 621 630 660 670 680 0
c D: 185 266 621 630 660 670 0
c D: 200 621 630 660 670 685 0
c D: 621 630 660 670 676 680 0
c D: 621 630 660 670 676 685 0
c D: 193 621 630 643 660 670 0
c D: 189 621 630 660 670 685 0
c D: 189 266 621 630 660 670 0
c D: 189 253 621 630 660 670 0
c D: 193 253 621 630 660 670 0
c D: 189 621 630 655 660 670 0
c D: 621 630 655 660 670 676 0
c D: 200 621 630 655 660 670 0
c D: 189 621 630 660 670 680 0
c D: 173 239 253 630 660 670 0
c D: 185 239 253 630 660 670 0
c D: 200 239 253 630 660 670 0
c D: 189 239 253 630 660 670 0
c D: 239 253 630 660 670 676 0
c D: 193 239 253 630 660 670 0
c D: 185 239 630 660 670 680 0
c D: 173 239 630 660 670 680 0
c D: 239 630 660 670 676 680 0
c D: 193 239 630 660 670 680 0
c D: 193 239 630 660 670 685 0
c D: 193 239 630 643 660 670 0
c D: 193 239 266 630 660 670 0
c D: 185 239 266 630 660 670 0
c D: 239 266 630 660 670 676 0
c D: 163 239 266 630 660 670 0
c D: 200 239 266 630 660 670 0
c D: 163 239 630 655 660 670 0
c D: 173 239 630 655 660 670 0
c D: 193 239 630 655 660 670 0
c D: 239 630 655 660 670 676 0
c D: 189 239 630 655 660 670 0
c D: 200 239 630 655 660 670 0
c D: 185 239 630 655 660 670 0
c D: 189 239 266 630 660 670 0
c D: 189 239 630 660 670 685 0
c D: 185 239 630 660 670 685 0
c D: 185 239 630 643 660 670 0
c D: 189 239 630 643 660 670 0
c D: 163 239 630 643 660 670 0
c D: 239 630 643 660 670 676 0
c D: 173 239 630 643 660 670 0
c D: 200 239 630 643 660 670 0
c D: 200 239 630 660 670 680 0
c D: 200 239 630 660 670 685 0
c D: 173 239 630 660 670 685 0
c D: 239 630 660 670 676 685 0
c D: 163 239 630 660 670 685 0
c D: 163 239 253 630 660 670 0
c D: 163 239 630 660 670 680 0
c D: 173 239 266 630 660 670 0
c D: 189 239 630 660 670 680 0
c D: 189 220 630 660 670 680 0
c D: 189 220 630 655 660 670 0
c D: 220 630 655 660 670 676 0
c D: 200 220 630 655 660 670 0
c D: 193 220 630 655 660 670 0
c D: 185 220 630 655 660 670 0
c D: 173 220 630 655 660 670 0
c D: 163 220 630 655 660 670 0
c D: 163 220 253 630 660 670 0
c D: 185 220 253 630 660 670 0
c D: 185 220 630 660 670 685 0
c D: 185 220 630 643 660 670 0
c D: 185 220 266 630 660 670 0
c D: 185 220 630 660 670 680 0
c D: 163 220 630 660 670 680 0
c D: 173 220 630 660 670 680 0
c D: 173 220 266 630 660 670 0
c D: 173 220 630 643 660 670 0
c D: 163 220 630 643 660 670 0
c D: 163 220 266 630 660 670 0
c D: 163 220 630 660 670 685 0
c D: 200 220 630 660 670 685 0
c D: 200 220 253 630 660 670 0
c D: 200 220 630 660 670 680 0
c D: 200 220 266 630 660 670 0
c D: 200 220 630 643 660 670 0
c D: 189 220 630 643 660 670 0
c D: 189 220 253 630 660 670 0
c D: 189 220 266 630 660 670 0
c D: 189 220 630 660 670 685 0
c D: 193 220 266 630 660 670 0
c D: 193 220 253 630 660 670 0
c D: 220 253 630 660 670 676 0
c D: 173 220 253 630 660 670 0
c D: 220 266 630 660 670 676 0
c D: 220 630 643 660 670 676 0
c D: 220 630 660 670 676 680 0
c D: 220 630 660 670 676 685 0
c D: 193 220 630 643 660 670 0
c D: 193 220 630 660 670 685 0
c D: 173 220 630 660 670 685 0
c D: 193 220 630 660 670 680 0

	Time: 44.473886489868164 ms
ubuntu ubuntu_c25_0.wcnf
	Output: c # of failures: 5
c D: 163 630 660 672 0
c D: 163 242 253 630 660 0
c D: 163 245 253 630 660 0
c D: 163 246 253 630 660 0
c D: 163 250 253 630 660 0
c D: 163 253 257 630 660 0
c D: 163 257 266 630 660 0
c D: 163 257 630 660 685 0
c D: 163 257 630 655 660 0
c D: 163 245 630 655 660 0
c D: 163 245 266 630 660 0
c D: 163 246 266 630 660 0
c D: 163 246 630 660 685 0
c D: 173 246 630 660 685 0
c D: 246 630 660 676 685 0
c D: 200 246 630 660 685 0
c D: 193 246 630 660 685 0
c D: 189 246 630 660 685 0
c D: 185 246 630 660 685 0
c D: 185 246 253 630 660 0
c D: 185 246 630 660 680 0
c D: 185 246 630 655 660 0
c D: 185 246 266 630 660 0
c D: 185 630 660 672 0
c D: 185 246 630 643 660 0
c D: 173 246 630 643 660 0
c D: 163 246 630 643 660 0
c D: 173 246 253 630 660 0
c D: 173 246 630 660 680 0
c D: 173 630 660 672 0
c D: 173 246 630 655 660 0
c D: 173 246 266 630 660 0
c D: 163 246 630 655 660 0
c D: 163 246 630 660 680 0
c D: 163 242 630 660 680 0
c D: 163 250 630 660 680 0
c D: 163 257 630 660 680 0
c D: 163 245 630 660 680 0
c D: 189 242 630 660 680 0
c D: 189 250 630 660 680 0
c D: 185 250 630 660 680 0
c D: 193 250 630 660 680 0
c D: 200 250 630 660 680 0
c D: 163 250 630 655 660 0
c D: 163 250 266 630 660 0
c D: 163 250 630 643 660 0
c D: 163 250 630 660 685 0
c D: 163 245 630 660 685 0
c D: 163 242 630 655 660 0
c D: 163 242 266 630 660 0
c D: 245 266 630 660 676 0
c D: 200 245 266 630 660 0
c D: 189 245 266 630 660 0
c D: 193 245 266 630 660 0
c D: 193 245 630 660 685 0
c D: 193 245 630 660 680 0
c D: 193 245 630 643 660 0
c D: 193 245 253 630 660 0
c D: 193 253 257 630 660 0
c D: 193 242 253 630 660 0
c D: 193 242 630 660 680 0
c D: 193 242 266 630 660 0
c D: 193 242 630 643 660 0
c D: 189 242 253 630 660 0
c D: 185 242 253 630 660 0
c D: 242 253 630 660 676 0
c D: 200 242 253 630 660 0
c D: 173 242 253 630 660 0
c D: 173 245 253 630 660 0
c D: 173 253 257 630 660 0
c D: 200 630 660 672 0
c D: 200 253 257 630 660 0
c D: 200 257 630 660 680 0
c D: 200 257 630 660 685 0
c D: 200 257 266 630 660 0
c D: 200 257 630 655 660 0
c D: 200 257 630 643 660 0
c D: 163 257 630 643 660 0
c D: 257 630 643 660 676 0
c D: 193 257 630 643 660 0
c D: 173 257 630 643 660 0
c D: 189 257 630 643 660 0
c D: 189 245 630 643 660 0
c D: 189 246 630 643 660 0
c D: 189 242 630 643 660 0
c D: 189 250 630 643 660 0
c D: 189 630 660 672 0
c D: 189 257 630 660 685 0
c D: 189 257 630 655 660 0
c D: 189 257 266 630 660 0
c D: 189 257 630 660 680 0
c D: 189 253 257 630 660 0
c D: 630 660 672 676 0
c D: 257 630 660 676 685 0
c D: 242 630 660 676 685 0
c D: 250 630 660 676 685 0
c D: 245 630 660 676 685 0
c D: 173 250 630 660 685 0
c D: 200 250 630 660 685 0
c D: 193 250 630 660 685 0
c D: 189 250 630 660 685 0
c D: 185 250 630 660 685 0
c D: 200 250 253 630 660 0
c D: 200 250 630 643 660 0
c D: 200 250 266 630 660 0
c D: 200 250 630 655 660 0
c D: 200 246 266 630 660 0
c D: 200 242 266 630 660 0
c D: 200 242 630 660 685 0
c D: 200 242 630 655 660 0
c D: 200 246 630 655 660 0
c D: 200 246 630 643 660 0
c D: 200 246 630 660 680 0
c D: 200 242 630 643 660 0
c D: 173 242 630 643 660 0
c D: 173 242 630 660 680 0
c D: 173 242 630 660 685 0
c D: 163 242 630 660 685 0
c D: 189 242 630 660 685 0
c D: 189 245 630 660 685 0
c D: 189 246 253 630 660 0
c D: 189 246 630 660 680 0
c D: 189 246 630 655 660 0
c D: 246 630 655 660 676 0
c D: 193 246 630 655 660 0
c D: 193 246 630 643 660 0
c D: 193 246 630 660 680 0
c D: 193 246 266 630 660 0
c D: 193 630 660 672 0
c D: 193 246 253 630 660 0
c D: 246 253 630 660 676 0
c D: 246 630 660 676 680 0
c D: 246 630 643 660 676 0
c D: 246 266 630 660 676 0
c D: 189 246 266 630 660 0
c D: 189 250 266 630 660 0
c D: 189 250 630 655 660 0
c D: 173 250 266 630 660 0
c D: 193 250 266 630 660 0
c D: 173 250 630 655 660 0
c D: 185 250 630 655 660 0
c D: 193 250 630 655 660 0
c D: 250 630 655 660 676 0
c D: 245 630 655 660 676 0
c D: 242 630 655 660 676 0
c D: 257 630 655 660 676 0
c D: 257 630 660 676 680 0
c D: 257 266 630 660 676 0
c D: 253 257 630 660 676 0
c D: 193 257 266 630 660 0
c D: 185 257 266 630 660 0
c D: 173 257 266 630 660 0
c D: 173 245 266 630 660 0
c D: 173 242 266 630 660 0
c D: 173 242 630 655 660 0
c D: 193 242 630 655 660 0
c D: 185 242 630 655 660 0
c D: 185 245 630 655 660 0
c D: 185 257 630 655 660 0
c D: 185 257 630 660 685 0
c D: 185 253 257 630 660 0
c D: 185 257 630 643 660 0
c D: 185 257 630 660 680 0
c D: 173 257 630 660 680 0
c D: 173 257 630 655 660 0
c D: 200 245 630 643 660 0
c D: 163 245 630 643 660 0
c D: 185 245 630 643 660 0
c D: 173 245 630 643 660 0
c D: 173 245 630 655 660 0
c D: 173 245 630 660 680 0
c D: 200 245 630 660 680 0
c D: 189 245 630 660 680 0
c D: 189 245 630 655 660 0
c D: 200 245 630 655 660 0
c D: 189 242 630 655 660 0
c D: 193 245 630 655 660 0
c D: 193 250 630 643 660 0
c D: 193 250 253 630 660 0
c D: 173 250 253 630 660 0
c D: 250 253 630 660 676 0
c D: 250 630 660 676 680 0
c D: 173 250 630 660 680 0
c D: 185 250 253 630 660 0
c D: 189 250 253 630 660 0
c D: 185 250 266 630 660 0
c D: 185 242 266 630 660 0
c D: 185 242 630 660 680 0
c D: 185 242 630 660 685 0
c D: 173 257 630 660 685 0
c D: 173 245 630 660 685 0
c D: 185 245 630 660 685 0
c D: 185 245 630 660 680 0
c D: 245 630 643 660 676 0
c D: 185 245 266 630 660 0
c D: 200 245 630 660 685 0
c D: 245 630 660 676 680 0
c D: 250 630 643 660 676 0
c D: 250 266 630 660 676 0
c D: 245 253 630 660 676 0
c D: 200 245 253 630 660 0
c D: 189 245 253 630 660 0
c D: 185 245 253 630 660 0
c D: 200 242 630 660 680 0
c D: 185 242 630 643 660 0
c D: 200 246 253 630 660 0
c D: 163 242 630 643 660 0
c D: 189 242 266 630 660 0
c D: 242 266 630 660 676 0
c D: 242 630 643 660 676 0
c D: 193 242 630 660 685 0
c D: 193 257 630 655 660 0
c D: 193 257 630 660 685 0
c D: 193 257 630 660 680 0
c D: 185 250 630 643 660 0
c D: 242 630 660 676 680 0
c D: 173 250 630 643 660 0
c D: 200 621 630 643 660 670 0
c D: 621 630 643 660 670 676 0
c D: 163 621 630 643 660 670 0
c D: 185 621 630 643 660 670 0
c D: 173 621 630 643 660 670 0
c D: 189 621 630 643 660 670 0
c D: 163 266 621 630 660 670 0
c D: 266 621 630 660 670 676 0
c D: 253 621 630 660 670 676 0
c D: 200 253 621 630 660 670 0
c D: 200 266 621 630 660 670 0
c D: 193 266 621 630 660 670 0
c D: 193 621 630 660 670 685 0
c D: 193 621 630 660 670 680 0
c D: 193 621 630 655 660 670 0
c D: 185 621 630 655 660 670 0
c D: 163 621 630 655 660 670 0
c D: 163 253 621 630 660 670 0
c D: 163 621 630 660 670 685 0
c D: 163 621 630 660 670 680 0
c D: 173 621 630 655 660 670 0
c D: 173 266 621 630 660 670 0
c D: 173 621 630 660 670 680 0
c D: 173 253 621 630 660 670 0
c D: 173 621 630 660 670 685 0
c D: 185 253 621 630 660 670 0
c D: 185 621 630 660 670 685 0
c D: 200 621 630 660 670 680 0
c D: 185 621 630 660 670 680 0
c D: 185 266 621 630 660 670 0
c D: 200 621 630 660 670 685 0
c D: 621 630 660 670 676 680 0
c D: 621 630 660 670 676 685 0
c D: 193 621 630 643 660 670 0
c D: 189 621 630 660 670 685 0
c D: 189 266 621 630 660 670 0
c D: 189 253 621 630 660 670 0
c D: 193 253 621 630 660 670 0
c D: 189 621 630 655 660 670 0
c D: 621 630 655 660 670 676 0
c D: 200 621 630 655 660 670 0
c D: 189 621 630 660 670 680 0
c D: 173 239 253 630 660 670 0
c D: 185 239 253 630 660 670 0
c D: 200 239 253 630 660 670 0
c D: 189 239 253 630 660 670 0
c D: 239 253 630 660 670 676 0
c D: 193 239 253 630 660 670 0
c D: 185 239 630 660 670 680 0
c D: 173 239 630 660 670 680 0
c D: 239 630 660 670 676 680 0
c D: 193 239 630 660 670 680 0
c D: 193 239 630 660 670 685 0
c D: 193 239 630 643 660 670 0
c D: 193 239 266 630 660 670 0
c D: 185 239 266 630 660 670 0
c D: 239 266 630 660 670 676 0
c D: 163 239 266 630 660 670 0
c D: 200 239 266 630 660 670 0
c D: 163 239 630 655 660 670 0
c D: 173 239 630 655 660 670 0
c D: 193 239 630 655 660 670 0
c D: 239 630 655 660 670 676 0
c D: 189 239 630 655 660 670 0
c D: 200 239 630 655 660 670 0
c D: 185 239 630 655 660 670 0
c D: 189 239 266 630 660 670 0
c D: 189 239 630 660 670 685 0
c D: 185 239 630 660 670 685 0
c D: 185 239 630 643 660 670 0
c D: 189 239 630 643 660 670 0
c D: 163 239 630 643 660 670 0
c D: 239 630 643 660 670 676 0
c D: 173 239 630 643 660 670 0
c D: 200 239 630 643 660 670 0
c D: 200 239 630 660 670 680 0
c D: 200 239 630 660 670 685 0
c D: 173 239 630 660 670 685 0
c D: 239 630 660 670 676 685 0
c D: 163 239 630 660 670 685 0
c D: 163 239 253 630 660 670 0
c D: 163 239 630 660 670 680 0
c D: 173 239 266 630 660 670 0
c D: 189 239 630 660 670 680 0
c D: 189 220 630 660 670 680 0
c D: 189 220 630 655 660 670 0
c D: 220 630 655 660 670 676 0
c D: 200 220 630 655 660 670 0
c D: 193 220 630 655 660 670 0
c D: 185 220 630 655 660 670 0
c D: 173 220 630 655 660 670 0
c D: 163 220 630 655 660 670 0
c D: 163 220 253 630 660 670 0
c D: 185 220 253 630 660 670 0
c D: 185 220 630 660 670 685 0
c D: 185 220 630 643 660 670 0
c D: 185 220 266 630 660 670 0
c D: 185 220 630 660 670 680 0
c D: 163 220 630 660 670 680 0
c D: 173 220 630 660 670 680 0
c D: 173 220 266 630 660 670 0
c D: 173 220 630 643 660 670 0
c D: 163 220 630 643 660 670 0
c D: 163 220 266 630 660 670 0
c D: 163 220 630 660 670 685 0
c D: 200 220 630 660 670 685 0
c D: 200 220 253 630 660 670 0
c D: 200 220 630 660 670 680 0
c D: 200 220 266 630 660 670 0
c D: 200 220 630 643 660 670 0
c D: 189 220 630 643 660 670 0
c D: 189 220 253 630 660 670 0
c D: 189 220 266 630 660 670 0
c D: 189 220 630 660 670 685 0
c D: 193 220 266 630 660 670 0
c D: 193 220 253 630 660 670 0
c D: 220 253 630 660 670 676 0
c D: 173 220 253 630 660 670 0
c D: 220 266 630 660 670 676 0
c D: 220 630 643 660 670 676 0
c D: 220 630 660 670 676 680 0
c D: 220 630 660 670 676 685 0
c D: 193 220 630 643 660 670 0
c D: 193 220 630 660 670 685 0
c D: 173 220 630 660 670 685 0
c D: 193 220 630 660 670 680 0

	Time: 45.213937759399414 ms
ubuntu ubuntu_c25_0.wcnf
	Output: c # of failures: 5
c D: 163 630 660 672 0
c D: 163 242 253 630 660 0
c D: 163 245 253 630 660 0
c D: 163 246 253 630 660 0
c D: 163 250 253 630 660 0
c D: 163 253 257 630 660 0
c D: 163 257 266 630 660 0
c D: 163 257 630 660 685 0
c D: 163 257 630 655 660 0
c D: 163 245 630 655 660 0
c D: 163 245 266 630 660 0
c D: 163 246 266 630 660 0
c D: 163 246 630 660 685 0
c D: 173 246 630 660 685 0
c D: 246 630 660 676 685 0
c D: 200 246 630 660 685 0
c D: 193 246 630 660 685 0
c D: 189 246 630 660 685 0
c D: 185 246 630 660 685 0
c D: 185 246 253 630 660 0
c D: 185 246 630 660 680 0
c D: 185 246 630 655 660 0
c D: 185 246 266 630 660 0
c D: 185 630 660 672 0
c D: 185 246 630 643 660 0
c D: 173 246 630 643 660 0
c D: 163 246 630 643 660 0
c D: 173 246 253 630 660 0
c D: 173 246 630 660 680 0
c D: 173 630 660 672 0
c D: 173 246 630 655 660 0
c D: 173 246 266 630 660 0
c D: 163 246 630 655 660 0
c D: 163 246 630 660 680 0
c D: 163 242 630 660 680 0
c D: 163 250 630 660 680 0
c D: 163 257 630 660 680 0
c D: 163 245 630 660 680 0
c D: 189 242 630 660 680 0
c D: 189 250 630 660 680 0
c D: 185 250 630 660 680 0
c D: 193 250 630 660 680 0
c D: 200 250 630 660 680 0
c D: 163 250 630 655 660 0
c D: 163 250 266 630 660 0
c D: 163 250 630 643 660 0
c D: 163 250 630 660 685 0
c D: 163 245 630 660 685 0
c D: 163 242 630 655 660 0
c D: 163 242 266 630 660 0
c D: 245 266 630 660 676 0
c D: 200 245 266 630 660 0
c D: 189 245 266 630 660 0
c D: 193 245 266 630 660 0
c D: 193 245 630 660 685 0
c D: 193 245 630 660 680 0
c D: 193 245 630 643 660 0
c D: 193 245 253 630 660 0
c D: 193 253 257 630 660 0
c D: 193 242 253 630 660 0
c D: 193 242 630 660 680 0
c D: 193 242 266 630 660 0
c D: 193 242 630 643 660 0
c D: 189 242 253 630 660 0
c D: 185 242 253 630 660 0
c D: 242 253 630 660 676 0
c D: 200 242 253 630 660 0
c D: 173 242 253 630 660 0
c D: 173 245 253 630 660 0
c D: 173 253 257 630 660 0
c D: 200 630 660 672 0
c D: 200 253 257 630 660 0
c D: 200 257 630 660 680 0
c D: 200 257 630 660 685 0
c D: 200 257 266 630 660 0
c D: 200 257 630 655 660 0
c D: 200 257 630 643 660 0
c D: 163 257 630 643 660 0
c D: 257 630 643 660 676 0
c D: 193 257 630 643 660 0
c D: 173 257 630 643 660 0
c D: 189 257 630 643 660 0
c D: 189 245 630 643 660 0
c D: 189 246 630 643 660 0
c D: 189 242 630 643 660 0
c D: 189 250 630 643 660 0
c D: 189 630 660 672 0
c D: 189 257 630 660 685 0
c D: 189 257 630 655 660 0
c D: 189 257 266 630 660 0
c D: 189 257 630 660 680 0
c D: 189 253 257 630 660 0
c D: 630 660 672 676 0
c D: 257 630 660 676 685 0
c D: 242 630 660 676 685 0
c D: 250 630 660 676 685 0
c D: 245 630 660 676 685 0
c D: 173 250 630 660 685 0
c D: 200 250 630 660 685 0
c D: 193 250 630 660 685 0
c D: 189 250 630 660 685 0
c D: 185 250 630 660 685 0
c D: 200 250 253 630 660 0
c D: 200 250 630 643 660 0
c D: 200 250 266 630 660 0
c D: 200 250 630 655 660 0
c D: 200 246 266 630 660 0
c D: 200 242 266 630 660 0
c D: 200 242 630 660 685 0
c D: 200 242 630 655 660 0
c D: 200 246 630 655 660 0
c D: 200 246 630 643 660 0
c D: 200 246 630 660 680 0
c D: 200 242 630 643 660 0
c D: 173 242 630 643 660 0
c D: 173 242 630 660 680 0
c D: 173 242 630 660 685 0
c D: 163 242 630 660 685 0
c D: 189 242 630 660 685 0
c D: 189 245 630 660 685 0
c D: 189 246 253 630 660 0
c D: 189 246 630 660 680 0
c D: 189 246 630 655 660 0
c D: 246 630 655 660 676 0
c D: 193 246 630 655 660 0
c D: 193 246 630 643 660 0
c D: 193 246 630 660 680 0
c D: 193 246 266 630 660 0
c D: 193 630 660 672 0
c D: 193 246 253 630 660 0
c D: 246 253 630 660 676 0
c D: 246 630 660 676 680 0
c D: 246 630 643 660 676 0
c D: 246 266 630 660 676 0
c D: 189 246 266 630 660 0
c D: 189 250 266 630 660 0
c D: 189 250 630 655 660 0
c D: 173 250 266 630 660 0
c D: 193 250 266 630 660 0
c D: 173 250 630 655 660 0
c D: 185 250 630 655 660 0
c D: 193 250 630 655 660 0
c D: 250 630 655 660 676 0
c D: 245 630 655 660 676 0
c D: 242 630 655 660 676 0
c D: 257 630 655 660 676 0
c D: 257 630 660 676 680 0
c D: 257 266 630 660 676 0
c D: 253 257 630 660 676 0
c D: 193 257 266 630 660 0
c D: 185 257 266 630 660 0
c D: 173 257 266 630 660 0
c D: 173 245 266 630 660 0
c D: 173 242 266 630 660 0
c D: 173 242 630 655 660 0
c D: 193 242 630 655 660 0
c D: 185 242 630 655 660 0
c D: 185 245 630 655 660 0
c D: 185 257 630 655 660 0
c D: 185 257 630 660 685 0
c D: 185 253 257 630 660 0
c D: 185 257 630 643 660 0
c D: 185 257 630 660 680 0
c D: 173 257 630 660 680 0
c D: 173 257 630 655 660 0
c D: 200 245 630 643 660 0
c D: 163 245 630 643 660 0
c D: 185 245 630 643 660 0
c D: 173 245 630 643 660 0
c D: 173 245 630 655 660 0
c D: 173 245 630 660 680 0
c D: 200 245 630 660 680 0
c D: 189 245 630 660 680 0
c D: 189 245 630 655 660 0
c D: 200 245 630 655 660 0
c D: 189 242 630 655 660 0
c D: 193 245 630 655 660 0
c D: 193 250 630 643 660 0
c D: 193 250 253 630 660 0
c D: 173 250 253 630 660 0
c D: 250 253 630 660 676 0
c D: 250 630 660 676 680 0
c D: 173 250 630 660 680 0
c D: 185 250 253 630 660 0
c D: 189 250 253 630 660 0
c D: 185 250 266 630 660 0
c D: 185 242 266 630 660 0
c D: 185 242 630 660 680 0
c D: 185 242 630 660 685 0
c D: 173 257 630 660 685 0
c D: 173 245 630 660 685 0
c D: 185 245 630 660 685 0
c D: 185 245 630 660 680 0
c D: 245 630 643 660 676 0
c D: 185 245 266 630 660 0
c D: 200 245 630 660 685 0
c D: 245 630 660 676 680 0
c D: 250 630 643 660 676 0
c D: 250 266 630 660 676 0
c D: 245 253 630 660 676 0
c D: 200 245 253 630 660 0
c D: 189 245 253 630 660 0
c D: 185 245 253 630 660 0
c D: 200 242 630 660 680 0
c D: 185 242 630 643 660 0
c D: 200 246 253 630 660 0
c D: 163 242 630 643 660 0
c D: 189 242 266 630 660 0
c D: 242 266 630 660 676 0
c D: 242 630 643 660 676 0
c D: 193 242 630 660 685 0
c D: 193 257 630 655 660 0
c D: 193 257 630 660 685 0
c D: 193 257 630 660 680 0
c D: 185 250 630 643 660 0
c D: 242 630 660 676 680 0
c D: 173 250 630 643 660 0
c D: 200 621 630 643 660 670 0
c D: 621 630 643 660 670 676 0
c D: 163 621 630 643 660 670 0
c D: 185 621 630 643 660 670 0
c D: 173 621 630 643 660 670 0
c D: 189 621 630 643 660 670 0
c D: 163 266 621 630 660 670 0
c D: 266 621 630 660 670 676 0
c D: 253 621 630 660 670 676 0
c D: 200 253 621 630 660 670 0
c D: 200 266 621 630 660 670 0
c D: 193 266 621 630 660 670 0
c D: 193 621 630 660 670 685 0
c D: 193 621 630 660 670 680 0
c D: 193 621 630 655 660 670 0
c D: 185 621 630 655 660 670 0
c D: 163 621 630 655 660 670 0
c D: 163 253 621 630 660 670 0
c D: 163 621 630 660 670 685 0
c D: 163 621 630 660 670 680 0
c D: 173 621 630 655 660 670 0
c D: 173 266 621 630 660 670 0
c D: 173 621 630 660 670 680 0
c D: 173 253 621 630 660 670 0
c D: 173 621 630 660 670 685 0
c D: 185 253 621 630 660 670 0
c D: 185 621 630 660 670 685 0
c D: 200 621 630 660 670 680 0
c D: 185 621 630 660 670 680 0
c D: 185 266 621 630 660 670 0
c D: 200 621 630 660 670 685 0
c D: 621 630 660 670 676 680 0
c D: 621 630 660 670 676 685 0
c D: 193 621 630 643 660 670 0
c D: 189 621 630 660 670 685 0
c D: 189 266 621 630 660 670 0
c D: 189 253 621 630 660 670 0
c D: 193 253 621 630 660 670 0
c D: 189 621 630 655 660 670 0
c D: 621 630 655 660 670 676 0
c D: 200 621 630 655 660 670 0
c D: 189 621 630 660 670 680 0
c D: 173 239 253 630 660 670 0
c D: 185 239 253 630 660 670 0
c D: 200 239 253 630 660 670 0
c D: 189 239 253 630 660 670 0
c D: 239 253 630 660 670 676 0
c D: 193 239 253 630 660 670 0
c D: 185 239 630 660 670 680 0
c D: 173 239 630 660 670 680 0
c D: 239 630 660 670 676 680 0
c D: 193 239 630 660 670 680 0
c D: 193 239 630 660 670 685 0
c D: 193 239 630 643 660 670 0
c D: 193 239 266 630 660 670 0
c D: 185 239 266 630 660 670 0
c D: 239 266 630 660 670 676 0
c D: 163 239 266 630 660 670 0
c D: 200 239 266 630 660 670 0
c D: 163 239 630 655 660 670 0
c D: 173 239 630 655 660 670 0
c D: 193 239 630 655 660 670 0
c D: 239 630 655 660 670 676 0
c D: 189 239 630 655 660 670 0
c D: 200 239 630 655 660 670 0
c D: 185 239 630 655 660 670 0
c D: 189 239 266 630 660 670 0
c D: 189 239 630 660 670 685 0
c D: 185 239 630 660 670 685 0
c D: 185 239 630 643 660 670 0
c D: 189 239 630 643 660 670 0
c D: 163 239 630 643 660 670 0
c D: 239 630 643 660 670 676 0
c D: 173 239 630 643 660 670 0
c D: 200 239 630 643 660 670 0
c D: 200 239 630 660 670 680 0
c D: 200 239 630 660 670 685 0
c D: 173 239 630 660 670 685 0
c D: 239 630 660 670 676 685 0
c D: 163 239 630 660 670 685 0
c D: 163 239 253 630 660 670 0
c D: 163 239 630 660 670 680 0
c D: 173 239 266 630 660 670 0
c D: 189 239 630 660 670 680 0
c D: 189 220 630 660 670 680 0
c D: 189 220 630 655 660 670 0
c D: 220 630 655 660 670 676 0
c D: 200 220 630 655 660 670 0
c D: 193 220 630 655 660 670 0
c D: 185 220 630 655 660 670 0
c D: 173 220 630 655 660 670 0
c D: 163 220 630 655 660 670 0
c D: 163 220 253 630 660 670 0
c D: 185 220 253 630 660 670 0
c D: 185 220 630 660 670 685 0
c D: 185 220 630 643 660 670 0
c D: 185 220 266 630 660 670 0
c D: 185 220 630 660 670 680 0
c D: 163 220 630 660 670 680 0
c D: 173 220 630 660 670 680 0
c D: 173 220 266 630 660 670 0
c D: 173 220 630 643 660 670 0
c D: 163 220 630 643 660 670 0
c D: 163 220 266 630 660 670 0
c D: 163 220 630 660 670 685 0
c D: 200 220 630 660 670 685 0
c D: 200 220 253 630 660 670 0
c D: 200 220 630 660 670 680 0
c D: 200 220 266 630 660 670 0
c D: 200 220 630 643 660 670 0
c D: 189 220 630 643 660 670 0
c D: 189 220 253 630 660 670 0
c D: 189 220 266 630 660 670 0
c D: 189 220 630 660 670 685 0
c D: 193 220 266 630 660 670 0
c D: 193 220 253 630 660 670 0
c D: 220 253 630 660 670 676 0
c D: 173 220 253 630 660 670 0
c D: 220 266 630 660 670 676 0
c D: 220 630 643 660 670 676 0
c D: 220 630 660 670 676 680 0
c D: 220 630 660 670 676 685 0
c D: 193 220 630 643 660 670 0
c D: 193 220 630 660 670 685 0
c D: 173 220 630 660 670 685 0
c D: 193 220 630 660 670 680 0

	Time: 44.61503028869629 ms
	Average Time: 44.76761817932129 ms

Averages
	ubuntu_c25_0.wcnf: 44.76761817932129 ms
ubuntu ubuntu_c25_0.wcnf
	Output: c # of failures: 5
c D: 163 630 660 672 0
c D: 163 242 253 630 660 0
c D: 163 245 253 630 660 0
c D: 163 246 253 630 660 0
c D: 163 250 253 630 660 0
c D: 163 253 257 630 660 0
c D: 163 257 266 630 660 0
c D: 163 257 630 660 685 0
c D: 163 257 630 655 660 0
c D: 163 245 630 655 660 0
c D: 163 245 266 630 660 0
c D: 163 246 266 630 660 0
c D: 163 246 630 660 685 0
c D: 173 246 630 660 685 0
c D: 246 630 660 676 685 0
c D: 200 246 630 660 685 0
c D: 193 246 630 660 685 0
c D: 189 246 630 660 685 0
c D: 185 246 630 660 685 0
c D: 185 246 253 630 660 0
c D: 185 246 630 660 680 0
c D: 185 246 630 655 660 0
c D: 185 246 266 630 660 0
c D: 185 630 660 672 0
c D: 185 246 630 643 660 0
c D: 173 246 630 643 660 0
c D: 163 246 630 643 660 0
c D: 173 246 253 630 660 0
c D: 173 246 630 660 680 0
c D: 173 630 660 672 0
c D: 173 246 630 655 660 0
c D: 173 246 266 630 660 0
c D: 163 246 630 655 660 0
c D: 163 246 630 660 680 0
c D: 163 242 630 660 680 0
c D: 163 250 630 660 680 0
c D: 163 257 630 660 680 0
c D: 163 245 630 660 680 0
c D: 189 242 630 660 680 0
c D: 189 250 630 660 680 0
c D: 185 250 630 660 680 0
c D: 193 250 630 660 680 0
c D: 200 250 630 660 680 0
c D: 163 250 630 655 660 0
c D: 163 250 266 630 660 0
c D: 163 250 630 643 660 0
c D: 163 250 630 660 685 0
c D: 163 245 630 660 685 0
c D: 163 242 630 655 660 0
c D: 163 242 266 630 660 0
c D: 245 266 630 660 676 0
c D: 200 245 266 630 660 0
c D: 189 245 266 630 660 0
c D: 193 245 266 630 660 0
c D: 193 245 630 660 685 0
c D: 193 245 630 660 680 0
c D: 193 245 630 643 660 0
c D: 193 245 253 630 660 0
c D: 193 253 257 630 660 0
c D: 193 242 253 630 660 0
c D: 193 242 630 660 680 0
c D: 193 242 266 630 660 0
c D: 193 242 630 643 660 0
c D: 189 242 253 630 660 0
c D: 185 242 253 630 660 0
c D: 242 253 630 660 676 0
c D: 200 242 253 630 660 0
c D: 173 242 253 630 660 0
c D: 173 245 253 630 660 0
c D: 173 253 257 630 660 0
c D: 200 630 660 672 0
c D: 200 253 257 630 660 0
c D: 200 257 630 660 680 0
c D: 200 257 630 660 685 0
c D: 200 257 266 630 660 0
c D: 200 257 630 655 660 0
c D: 200 257 630 643 660 0
c D: 163 257 630 643 660 0
c D: 257 630 643 660 676 0
c D: 193 257 630 643 660 0
c D: 173 257 630 643 660 0
c D: 189 257 630 643 660 0
c D: 189 245 630 643 660 0
c D: 189 246 630 643 660 0
c D: 189 242 630 643 660 0
c D: 189 250 630 643 660 0
c D: 189 630 660 672 0
c D: 189 257 630 660 685 0
c D: 189 257 630 655 660 0
c D: 189 257 266 630 660 0
c D: 189 257 630 660 680 0
c D: 189 253 257 630 660 0
c D: 630 660 672 676 0
c D: 257 630 660 676 685 0
c D: 242 630 660 676 685 0
c D: 250 630 660 676 685 0
c D: 245 630 660 676 685 0
c D: 173 250 630 660 685 0
c D: 200 250 630 660 685 0
c D: 193 250 630 660 685 0
c D: 189 250 630 660 685 0
c D: 185 250 630 660 685 0
c D: 200 250 253 630 660 0
c D: 200 250 630 643 660 0
c D: 200 250 266 630 660 0
c D: 200 250 630 655 660 0
c D: 200 246 266 630 660 0
c D: 200 242 266 630 660 0
c D: 200 242 630 660 685 0
c D: 200 242 630 655 660 0
c D: 200 246 630 655 660 0
c D: 200 246 630 643 660 0
c D: 200 246 630 660 680 0
c D: 200 242 630 643 660 0
c D: 173 242 630 643 660 0
c D: 173 242 630 660 680 0
c D: 173 242 630 660 685 0
c D: 163 242 630 660 685 0
c D: 189 242 630 660 685 0
c D: 189 245 630 660 685 0
c D: 189 246 253 630 660 0
c D: 189 246 630 660 680 0
c D: 189 246 630 655 660 0
c D: 246 630 655 660 676 0
c D: 193 246 630 655 660 0
c D: 193 246 630 643 660 0
c D: 193 246 630 660 680 0
c D: 193 246 266 630 660 0
c D: 193 630 660 672 0
c D: 193 246 253 630 660 0
c D: 246 253 630 660 676 0
c D: 246 630 660 676 680 0
c D: 246 630 643 660 676 0
c D: 246 266 630 660 676 0
c D: 189 246 266 630 660 0
c D: 189 250 266 630 660 0
c D: 189 250 630 655 660 0
c D: 173 250 266 630 660 0
c D: 193 250 266 630 660 0
c D: 173 250 630 655 660 0
c D: 185 250 630 655 660 0
c D: 193 250 630 655 660 0
c D: 250 630 655 660 676 0
c D: 245 630 655 660 676 0
c D: 242 630 655 660 676 0
c D: 257 630 655 660 676 0
c D: 257 630 660 676 680 0
c D: 257 266 630 660 676 0
c D: 253 257 630 660 676 0
c D: 193 257 266 630 660 0
c D: 185 257 266 630 660 0
c D: 173 257 266 630 660 0
c D: 173 245 266 630 660 0
c D: 173 242 266 630 660 0
c D: 173 242 630 655 660 0
c D: 193 242 630 655 660 0
c D: 185 242 630 655 660 0
c D: 185 245 630 655 660 0
c D: 185 257 630 655 660 0
c D: 185 257 630 660 685 0
c D: 185 253 257 630 660 0
c D: 185 257 630 643 660 0
c D: 185 257 630 660 680 0
c D: 173 257 630 660 680 0
c D: 173 257 630 655 660 0
c D: 200 245 630 643 660 0
c D: 163 245 630 643 660 0
c D: 185 245 630 643 660 0
c D: 173 245 630 643 660 0
c D: 173 245 630 655 660 0
c D: 173 245 630 660 680 0
c D: 200 245 630 660 680 0
c D: 189 245 630 660 680 0
c D: 189 245 630 655 660 0
c D: 200 245 630 655 660 0
c D: 189 242 630 655 660 0
c D: 193 245 630 655 660 0
c D: 193 250 630 643 660 0
c D: 193 250 253 630 660 0
c D: 173 250 253 630 660 0
c D: 250 253 630 660 676 0
c D: 250 630 660 676 680 0
c D: 173 250 630 660 680 0
c D: 185 250 253 630 660 0
c D: 189 250 253 630 660 0
c D: 185 250 266 630 660 0
c D: 185 242 266 630 660 0
c D: 185 242 630 660 680 0
c D: 185 242 630 660 685 0
c D: 173 257 630 660 685 0
c D: 173 245 630 660 685 0
c D: 185 245 630 660 685 0
c D: 185 245 630 660 680 0
c D: 245 630 643 660 676 0
c D: 185 245 266 630 660 0
c D: 200 245 630 660 685 0
c D: 245 630 660 676 680 0
c D: 250 630 643 660 676 0
c D: 250 266 630 660 676 0
c D: 245 253 630 660 676 0
c D: 200 245 253 630 660 0
c D: 189 245 253 630 660 0
c D: 185 245 253 630 660 0
c D: 200 242 630 660 680 0
c D: 185 242 630 643 660 0
c D: 200 246 253 630 660 0
c D: 163 242 630 643 660 0
c D: 189 242 266 630 660 0
c D: 242 266 630 660 676 0
c D: 242 630 643 660 676 0
c D: 193 242 630 660 685 0
c D: 193 257 630 655 660 0
c D: 193 257 630 660 685 0
c D: 193 257 630 660 680 0
c D: 185 250 630 643 660 0
c D: 242 630 660 676 680 0
c D: 173 250 630 643 660 0
c D: 200 621 630 643 660 670 0
c D: 621 630 643 660 670 676 0
c D: 163 621 630 643 660 670 0
c D: 185 621 630 643 660 670 0
c D: 173 621 630 643 660 670 0
c D: 189 621 630 643 660 670 0
c D: 163 266 621 630 660 670 0
c D: 266 621 630 660 670 676 0
c D: 253 621 630 660 670 676 0
c D: 200 253 621 630 660 670 0
c D: 200 266 621 630 660 670 0
c D: 193 266 621 630 660 670 0
c D: 193 621 630 660 670 685 0
c D: 193 621 630 660 670 680 0
c D: 193 621 630 655 660 670 0
c D: 185 621 630 655 660 670 0
c D: 163 621 630 655 660 670 0
c D: 163 253 621 630 660 670 0
c D: 163 621 630 660 670 685 0
c D: 163 621 630 660 670 680 0
c D: 173 621 630 655 660 670 0
c D: 173 266 621 630 660 670 0
c D: 173 621 630 660 670 680 0
c D: 173 253 621 630 660 670 0
c D: 173 621 630 660 670 685 0
c D: 185 253 621 630 660 670 0
c D: 185 621 630 660 670 685 0
c D: 200 621 630 660 670 680 0
c D: 185 621 630 660 670 680 0
c D: 185 266 621 630 660 670 0
c D: 200 621 630 660 670 685 0
c D: 621 630 660 670 676 680 0
c D: 621 630 660 670 676 685 0
c D: 193 621 630 643 660 670 0
c D: 189 621 630 660 670 685 0
c D: 189 266 621 630 660 670 0
c D: 189 253 621 630 660 670 0
c D: 193 253 621 630 660 670 0
c D: 189 621 630 655 660 670 0
c D: 621 630 655 660 670 676 0
c D: 200 621 630 655 660 670 0
c D: 189 621 630 660 670 680 0
c D: 173 239 253 630 660 670 0
c D: 185 239 253 630 660 670 0
c D: 200 239 253 630 660 670 0
c D: 189 239 253 630 660 670 0
c D: 239 253 630 660 670 676 0
c D: 193 239 253 630 660 670 0
c D: 185 239 630 660 670 680 0
c D: 173 239 630 660 670 680 0
c D: 239 630 660 670 676 680 0
c D: 193 239 630 660 670 680 0
c D: 193 239 630 660 670 685 0
c D: 193 239 630 643 660 670 0
c D: 193 239 266 630 660 670 0
c D: 185 239 266 630 660 670 0
c D: 239 266 630 660 670 676 0
c D: 163 239 266 630 660 670 0
c D: 200 239 266 630 660 670 0
c D: 163 239 630 655 660 670 0
c D: 173 239 630 655 660 670 0
c D: 193 239 630 655 660 670 0
c D: 239 630 655 660 670 676 0
c D: 189 239 630 655 660 670 0
c D: 200 239 630 655 660 670 0
c D: 185 239 630 655 660 670 0
c D: 189 239 266 630 660 670 0
c D: 189 239 630 660 670 685 0
c D: 185 239 630 660 670 685 0
c D: 185 239 630 643 660 670 0
c D: 189 239 630 643 660 670 0
c D: 163 239 630 643 660 670 0
c D: 239 630 643 660 670 676 0
c D: 173 239 630 643 660 670 0
c D: 200 239 630 643 660 670 0
c D: 200 239 630 660 670 680 0
c D: 200 239 630 660 670 685 0
c D: 173 239 630 660 670 685 0
c D: 239 630 660 670 676 685 0
c D: 163 239 630 660 670 685 0
c D: 163 239 253 630 660 670 0
c D: 163 239 630 660 670 680 0
c D: 173 239 266 630 660 670 0
c D: 189 239 630 660 670 680 0
c D: 189 220 630 660 670 680 0
c D: 189 220 630 655 660 670 0
c D: 220 630 655 660 670 676 0
c D: 200 220 630 655 660 670 0
c D: 193 220 630 655 660 670 0
c D: 185 220 630 655 660 670 0
c D: 173 220 630 655 660 670 0
c D: 163 220 630 655 660 670 0
c D: 163 220 253 630 660 670 0
c D: 185 220 253 630 660 670 0
c D: 185 220 630 660 670 685 0
c D: 185 220 630 643 660 670 0
c D: 185 220 266 630 660 670 0
c D: 185 220 630 660 670 680 0
c D: 163 220 630 660 670 680 0
c D: 173 220 630 660 670 680 0
c D: 173 220 266 630 660 670 0
c D: 173 220 630 643 660 670 0
c D: 163 220 630 643 660 670 0
c D: 163 220 266 630 660 670 0
c D: 163 220 630 660 670 685 0
c D: 200 220 630 660 670 685 0
c D: 200 220 253 630 660 670 0
c D: 200 220 630 660 670 680 0
c D: 200 220 266 630 660 670 0
c D: 200 220 630 643 660 670 0
c D: 189 220 630 643 660 670 0
c D: 189 220 253 630 660 670 0
c D: 189 220 266 630 660 670 0
c D: 189 220 630 660 670 685 0
c D: 193 220 266 630 660 670 0
c D: 193 220 253 630 660 670 0
c D: 220 253 630 660 670 676 0
c D: 173 220 253 630 660 670 0
c D: 220 266 630 660 670 676 0
c D: 220 630 643 660 670 676 0
c D: 220 630 660 670 676 680 0
c D: 220 630 660 670 676 685 0
c D: 193 220 630 643 660 670 0
c D: 193 220 630 660 670 685 0
c D: 173 220 630 660 670 685 0
c D: 193 220 630 660 670 680 0

	Time: 85.30879020690918 ms
ubuntu ubuntu_c25_0.wcnf
	Output: c # of failures: 5
c D: 163 630 660 672 0
c D: 163 242 253 630 660 0
c D: 163 245 253 630 660 0
c D: 163 246 253 630 660 0
c D: 163 250 253 630 660 0
c D: 163 253 257 630 660 0
c D: 163 257 266 630 660 0
c D: 163 257 630 660 685 0
c D: 163 257 630 655 660 0
c D: 163 245 630 655 660 0
c D: 163 245 266 630 660 0
c D: 163 246 266 630 660 0
c D: 163 246 630 660 685 0
c D: 173 246 630 660 685 0
c D: 246 630 660 676 685 0
c D: 200 246 630 660 685 0
c D: 193 246 630 660 685 0
c D: 189 246 630 660 685 0
c D: 185 246 630 660 685 0
c D: 185 246 253 630 660 0
c D: 185 246 630 660 680 0
c D: 185 246 630 655 660 0
c D: 185 246 266 630 660 0
c D: 185 630 660 672 0
c D: 185 246 630 643 660 0
c D: 173 246 630 643 660 0
c D: 163 246 630 643 660 0
c D: 173 246 253 630 660 0
c D: 173 246 630 660 680 0
c D: 173 630 660 672 0
c D: 173 246 630 655 660 0
c D: 173 246 266 630 660 0
c D: 163 246 630 655 660 0
c D: 163 246 630 660 680 0
c D: 163 242 630 660 680 0
c D: 163 250 630 660 680 0
c D: 163 257 630 660 680 0
c D: 163 245 630 660 680 0
c D: 189 242 630 660 680 0
c D: 189 250 630 660 680 0
c D: 185 250 630 660 680 0
c D: 193 250 630 660 680 0
c D: 200 250 630 660 680 0
c D: 163 250 630 655 660 0
c D: 163 250 266 630 660 0
c D: 163 250 630 643 660 0
c D: 163 250 630 660 685 0
c D: 163 245 630 660 685 0
c D: 163 242 630 655 660 0
c D: 163 242 266 630 660 0
c D: 245 266 630 660 676 0
c D: 200 245 266 630 660 0
c D: 189 245 266 630 660 0
c D: 193 245 266 630 660 0
c D: 193 245 630 660 685 0
c D: 193 245 630 660 680 0
c D: 193 245 630 643 660 0
c D: 193 245 253 630 660 0
c D: 193 253 257 630 660 0
c D: 193 242 253 630 660 0
c D: 193 242 630 660 680 0
c D: 193 242 266 630 660 0
c D: 193 242 630 643 660 0
c D: 189 242 253 630 660 0
c D: 185 242 253 630 660 0
c D: 242 253 630 660 676 0
c D: 200 242 253 630 660 0
c D: 173 242 253 630 660 0
c D: 173 245 253 630 660 0
c D: 173 253 257 630 660 0
c D: 200 630 660 672 0
c D: 200 253 257 630 660 0
c D: 200 257 630 660 680 0
c D: 200 257 630 660 685 0
c D: 200 257 266 630 660 0
c D: 200 257 630 655 660 0
c D: 200 257 630 643 660 0
c D: 163 257 630 643 660 0
c D: 257 630 643 660 676 0
c D: 193 257 630 643 660 0
c D: 173 257 630 643 660 0
c D: 189 257 630 643 660 0
c D: 189 245 630 643 660 0
c D: 189 246 630 643 660 0
c D: 189 242 630 643 660 0
c D: 189 250 630 643 660 0
c D: 189 630 660 672 0
c D: 189 257 630 660 685 0
c D: 189 257 630 655 660 0
c D: 189 257 266 630 660 0
c D: 189 257 630 660 680 0
c D: 189 253 257 630 660 0
c D: 630 660 672 676 0
c D: 257 630 660 676 685 0
c D: 242 630 660 676 685 0
c D: 250 630 660 676 685 0
c D: 245 630 660 676 685 0
c D: 173 250 630 660 685 0
c D: 200 250 630 660 685 0
c D: 193 250 630 660 685 0
c D: 189 250 630 660 685 0
c D: 185 250 630 660 685 0
c D: 200 250 253 630 660 0
c D: 200 250 630 643 660 0
c D: 200 250 266 630 660 0
c D: 200 250 630 655 660 0
c D: 200 246 266 630 660 0
c D: 200 242 266 630 660 0
c D: 200 242 630 660 685 0
c D: 200 242 630 655 660 0
c D: 200 246 630 655 660 0
c D: 200 246 630 643 660 0
c D: 200 246 630 660 680 0
c D: 200 242 630 643 660 0
c D: 173 242 630 643 660 0
c D: 173 242 630 660 680 0
c D: 173 242 630 660 685 0
c D: 163 242 630 660 685 0
c D: 189 242 630 660 685 0
c D: 189 245 630 660 685 0
c D: 189 246 253 630 660 0
c D: 189 246 630 660 680 0
c D: 189 246 630 655 660 0
c D: 246 630 655 660 676 0
c D: 193 246 630 655 660 0
c D: 193 246 630 643 660 0
c D: 193 246 630 660 680 0
c D: 193 246 266 630 660 0
c D: 193 630 660 672 0
c D: 193 246 253 630 660 0
c D: 246 253 630 660 676 0
c D: 246 630 660 676 680 0
c D: 246 630 643 660 676 0
c D: 246 266 630 660 676 0
c D: 189 246 266 630 660 0
c D: 189 250 266 630 660 0
c D: 189 250 630 655 660 0
c D: 173 250 266 630 660 0
c D: 193 250 266 630 660 0
c D: 173 250 630 655 660 0
c D: 185 250 630 655 660 0
c D: 193 250 630 655 660 0
c D: 250 630 655 660 676 0
c D: 245 630 655 660 676 0
c D: 242 630 655 660 676 0
c D: 257 630 655 660 676 0
c D: 257 630 660 676 680 0
c D: 257 266 630 660 676 0
c D: 253 257 630 660 676 0
c D: 193 257 266 630 660 0
c D: 185 257 266 630 660 0
c D: 173 257 266 630 660 0
c D: 173 245 266 630 660 0
c D: 173 242 266 630 660 0
c D: 173 242 630 655 660 0
c D: 193 242 630 655 660 0
c D: 185 242 630 655 660 0
c D: 185 245 630 655 660 0
c D: 185 257 630 655 660 0
c D: 185 257 630 660 685 0
c D: 185 253 257 630 660 0
c D: 185 257 630 643 660 0
c D: 185 257 630 660 680 0
c D: 173 257 630 660 680 0
c D: 173 257 630 655 660 0
c D: 200 245 630 643 660 0
c D: 163 245 630 643 660 0
c D: 185 245 630 643 660 0
c D: 173 245 630 643 660 0
c D: 173 245 630 655 660 0
c D: 173 245 630 660 680 0
c D: 200 245 630 660 680 0
c D: 189 245 630 660 680 0
c D: 189 245 630 655 660 0
c D: 200 245 630 655 660 0
c D: 189 242 630 655 660 0
c D: 193 245 630 655 660 0
c D: 193 250 630 643 660 0
c D: 193 250 253 630 660 0
c D: 173 250 253 630 660 0
c D: 250 253 630 660 676 0
c D: 250 630 660 676 680 0
c D: 173 250 630 660 680 0
c D: 185 250 253 630 660 0
c D: 189 250 253 630 660 0
c D: 185 250 266 630 660 0
c D: 185 242 266 630 660 0
c D: 185 242 630 660 680 0
c D: 185 242 630 660 685 0
c D: 173 257 630 660 685 0
c D: 173 245 630 660 685 0
c D: 185 245 630 660 685 0
c D: 185 245 630 660 680 0
c D: 245 630 643 660 676 0
c D: 185 245 266 630 660 0
c D: 200 245 630 660 685 0
c D: 245 630 660 676 680 0
c D: 250 630 643 660 676 0
c D: 250 266 630 660 676 0
c D: 245 253 630 660 676 0
c D: 200 245 253 630 660 0
c D: 189 245 253 630 660 0
c D: 185 245 253 630 660 0
c D: 200 242 630 660 680 0
c D: 185 242 630 643 660 0
c D: 200 246 253 630 660 0
c D: 163 242 630 643 660 0
c D: 189 242 266 630 660 0
c D: 242 266 630 660 676 0
c D: 242 630 643 660 676 0
c D: 193 242 630 660 685 0
c D: 193 257 630 655 660 0
c D: 193 257 630 660 685 0
c D: 193 257 630 660 680 0
c D: 185 250 630 643 660 0
c D: 242 630 660 676 680 0
c D: 173 250 630 643 660 0
c D: 200 621 630 643 660 670 0
c D: 621 630 643 660 670 676 0
c D: 163 621 630 643 660 670 0
c D: 185 621 630 643 660 670 0
c D: 173 621 630 643 660 670 0
c D: 189 621 630 643 660 670 0
c D: 163 266 621 630 660 670 0
c D: 266 621 630 660 670 676 0
c D: 253 621 630 660 670 676 0
c D: 200 253 621 630 660 670 0
c D: 200 266 621 630 660 670 0
c D: 193 266 621 630 660 670 0
c D: 193 621 630 660 670 685 0
c D: 193 621 630 660 670 680 0
c D: 193 621 630 655 660 670 0
c D: 185 621 630 655 660 670 0
c D: 163 621 630 655 660 670 0
c D: 163 253 621 630 660 670 0
c D: 163 621 630 660 670 685 0
c D: 163 621 630 660 670 680 0
c D: 173 621 630 655 660 670 0
c D: 173 266 621 630 660 670 0
c D: 173 621 630 660 670 680 0
c D: 173 253 621 630 660 670 0
c D: 173 621 630 660 670 685 0
c D: 185 253 621 630 660 670 0
c D: 185 621 630 660 670 685 0
c D: 200 621 630 660 670 680 0
c D: 185 621 630 660 670 680 0
c D: 185 266 621 630 660 670 0
c D: 200 621 630 660 670 685 0
c D: 621 630 660 670 676 680 0
c D: 621 630 660 670 676 685 0
c D: 193 621 630 643 660 670 0
c D: 189 621 630 660 670 685 0
c D: 189 266 621 630 660 670 0
c D: 189 253 621 630 660 670 0
c D: 193 253 621 630 660 670 0
c D: 189 621 630 655 660 670 0
c D: 621 630 655 660 670 676 0
c D: 200 621 630 655 660 670 0
c D: 189 621 630 660 670 680 0
c D: 173 239 253 630 660 670 0
c D: 185 239 253 630 660 670 0
c D: 200 239 253 630 660 670 0
c D: 189 239 253 630 660 670 0
c D: 239 253 630 660 670 676 0
c D: 193 239 253 630 660 670 0
c D: 185 239 630 660 670 680 0
c D: 173 239 630 660 670 680 0
c D: 239 630 660 670 676 680 0
c D: 193 239 630 660 670 680 0
c D: 193 239 630 660 670 685 0
c D: 193 239 630 643 660 670 0
c D: 193 239 266 630 660 670 0
c D: 185 239 266 630 660 670 0
c D: 239 266 630 660 670 676 0
c D: 163 239 266 630 660 670 0
c D: 200 239 266 630 660 670 0
c D: 163 239 630 655 660 670 0
c D: 173 239 630 655 660 670 0
c D: 193 239 630 655 660 670 0
c D: 239 630 655 660 670 676 0
c D: 189 239 630 655 660 670 0
c D: 200 239 630 655 660 670 0
c D: 185 239 630 655 660 670 0
c D: 189 239 266 630 660 670 0
c D: 189 239 630 660 670 685 0
c D: 185 239 630 660 670 685 0
c D: 185 239 630 643 660 670 0
c D: 189 239 630 643 660 670 0
c D: 163 239 630 643 660 670 0
c D: 239 630 643 660 670 676 0
c D: 173 239 630 643 660 670 0
c D: 200 239 630 643 660 670 0
c D: 200 239 630 660 670 680 0
c D: 200 239 630 660 670 685 0
c D: 173 239 630 660 670 685 0
c D: 239 630 660 670 676 685 0
c D: 163 239 630 660 670 685 0
c D: 163 239 253 630 660 670 0
c D: 163 239 630 660 670 680 0
c D: 173 239 266 630 660 670 0
c D: 189 239 630 660 670 680 0
c D: 189 220 630 660 670 680 0
c D: 189 220 630 655 660 670 0
c D: 220 630 655 660 670 676 0
c D: 200 220 630 655 660 670 0
c D: 193 220 630 655 660 670 0
c D: 185 220 630 655 660 670 0
c D: 173 220 630 655 660 670 0
c D: 163 220 630 655 660 670 0
c D: 163 220 253 630 660 670 0
c D: 185 220 253 630 660 670 0
c D: 185 220 630 660 670 685 0
c D: 185 220 630 643 660 670 0
c D: 185 220 266 630 660 670 0
c D: 185 220 630 660 670 680 0
c D: 163 220 630 660 670 680 0
c D: 173 220 630 660 670 680 0
c D: 173 220 266 630 660 670 0
c D: 173 220 630 643 660 670 0
c D: 163 220 630 643 660 670 0
c D: 163 220 266 630 660 670 0
c D: 163 220 630 660 670 685 0
c D: 200 220 630 660 670 685 0
c D: 200 220 253 630 660 670 0
c D: 200 220 630 660 670 680 0
c D: 200 220 266 630 660 670 0
c D: 200 220 630 643 660 670 0
c D: 189 220 630 643 660 670 0
c D: 189 220 253 630 660 670 0
c D: 189 220 266 630 660 670 0
c D: 189 220 630 660 670 685 0
c D: 193 220 266 630 660 670 0
c D: 193 220 253 630 660 670 0
c D: 220 253 630 660 670 676 0
c D: 173 220 253 630 660 670 0
c D: 220 266 630 660 670 676 0
c D: 220 630 643 660 670 676 0
c D: 220 630 660 670 676 680 0
c D: 220 630 660 670 676 685 0
c D: 193 220 630 643 660 670 0
c D: 193 220 630 660 670 685 0
c D: 173 220 630 660 670 685 0
c D: 193 220 630 660 670 680 0

	Time: 85.48188209533691 ms
ubuntu ubuntu_c25_0.wcnf
	Output: c # of failures: 5
c D: 163 630 660 672 0
c D: 163 242 253 630 660 0
c D: 163 245 253 630 660 0
c D: 163 246 253 630 660 0
c D: 163 250 253 630 660 0
c D: 163 253 257 630 660 0
c D: 163 257 266 630 660 0
c D: 163 257 630 660 685 0
c D: 163 257 630 655 660 0
c D: 163 245 630 655 660 0
c D: 163 245 266 630 660 0
c D: 163 246 266 630 660 0
c D: 163 246 630 660 685 0
c D: 173 246 630 660 685 0
c D: 246 630 660 676 685 0
c D: 200 246 630 660 685 0
c D: 193 246 630 660 685 0
c D: 189 246 630 660 685 0
c D: 185 246 630 660 685 0
c D: 185 246 253 630 660 0
c D: 185 246 630 660 680 0
c D: 185 246 630 655 660 0
c D: 185 246 266 630 660 0
c D: 185 630 660 672 0
c D: 185 246 630 643 660 0
c D: 173 246 630 643 660 0
c D: 163 246 630 643 660 0
c D: 173 246 253 630 660 0
c D: 173 246 630 660 680 0
c D: 173 630 660 672 0
c D: 173 246 630 655 660 0
c D: 173 246 266 630 660 0
c D: 163 246 630 655 660 0
c D: 163 246 630 660 680 0
c D: 163 242 630 660 680 0
c D: 163 250 630 660 680 0
c D: 163 257 630 660 680 0
c D: 163 245 630 660 680 0
c D: 189 242 630 660 680 0
c D: 189 250 630 660 680 0
c D: 185 250 630 660 680 0
c D: 193 250 630 660 680 0
c D: 200 250 630 660 680 0
c D: 163 250 630 655 660 0
c D: 163 250 266 630 660 0
c D: 163 250 630 643 660 0
c D: 163 250 630 660 685 0
c D: 163 245 630 660 685 0
c D: 163 242 630 655 660 0
c D: 163 242 266 630 660 0
c D: 245 266 630 660 676 0
c D: 200 245 266 630 660 0
c D: 189 245 266 630 660 0
c D: 193 245 266 630 660 0
c D: 193 245 630 660 685 0
c D: 193 245 630 660 680 0
c D: 193 245 630 643 660 0
c D: 193 245 253 630 660 0
c D: 193 253 257 630 660 0
c D: 193 242 253 630 660 0
c D: 193 242 630 660 680 0
c D: 193 242 266 630 660 0
c D: 193 242 630 643 660 0
c D: 189 242 253 630 660 0
c D: 185 242 253 630 660 0
c D: 242 253 630 660 676 0
c D: 200 242 253 630 660 0
c D: 173 242 253 630 660 0
c D: 173 245 253 630 660 0
c D: 173 253 257 630 660 0
c D: 200 630 660 672 0
c D: 200 253 257 630 660 0
c D: 200 257 630 660 680 0
c D: 200 257 630 660 685 0
c D: 200 257 266 630 660 0
c D: 200 257 630 655 660 0
c D: 200 257 630 643 660 0
c D: 163 257 630 643 660 0
c D: 257 630 643 660 676 0
c D: 193 257 630 643 660 0
c D: 173 257 630 643 660 0
c D: 189 257 630 643 660 0
c D: 189 245 630 643 660 0
c D: 189 246 630 643 660 0
c D: 189 242 630 643 660 0
c D: 189 250 630 643 660 0
c D: 189 630 660 672 0
c D: 189 257 630 660 685 0
c D: 189 257 630 655 660 0
c D: 189 257 266 630 660 0
c D: 189 257 630 660 680 0
c D: 189 253 257 630 660 0
c D: 630 660 672 676 0
c D: 257 630 660 676 685 0
c D: 242 630 660 676 685 0
c D: 250 630 660 676 685 0
c D: 245 630 660 676 685 0
c D: 173 250 630 660 685 0
c D: 200 250 630 660 685 0
c D: 193 250 630 660 685 0
c D: 189 250 630 660 685 0
c D: 185 250 630 660 685 0
c D: 200 250 253 630 660 0
c D: 200 250 630 643 660 0
c D: 200 250 266 630 660 0
c D: 200 250 630 655 660 0
c D: 200 246 266 630 660 0
c D: 200 242 266 630 660 0
c D: 200 242 630 660 685 0
c D: 200 242 630 655 660 0
c D: 200 246 630 655 660 0
c D: 200 246 630 643 660 0
c D: 200 246 630 660 680 0
c D: 200 242 630 643 660 0
c D: 173 242 630 643 660 0
c D: 173 242 630 660 680 0
c D: 173 242 630 660 685 0
c D: 163 242 630 660 685 0
c D: 189 242 630 660 685 0
c D: 189 245 630 660 685 0
c D: 189 246 253 630 660 0
c D: 189 246 630 660 680 0
c D: 189 246 630 655 660 0
c D: 246 630 655 660 676 0
c D: 193 246 630 655 660 0
c D: 193 246 630 643 660 0
c D: 193 246 630 660 680 0
c D: 193 246 266 630 660 0
c D: 193 630 660 672 0
c D: 193 246 253 630 660 0
c D: 246 253 630 660 676 0
c D: 246 630 660 676 680 0
c D: 246 630 643 660 676 0
c D: 246 266 630 660 676 0
c D: 189 246 266 630 660 0
c D: 189 250 266 630 660 0
c D: 189 250 630 655 660 0
c D: 173 250 266 630 660 0
c D: 193 250 266 630 660 0
c D: 173 250 630 655 660 0
c D: 185 250 630 655 660 0
c D: 193 250 630 655 660 0
c D: 250 630 655 660 676 0
c D: 245 630 655 660 676 0
c D: 242 630 655 660 676 0
c D: 257 630 655 660 676 0
c D: 257 630 660 676 680 0
c D: 257 266 630 660 676 0
c D: 253 257 630 660 676 0
c D: 193 257 266 630 660 0
c D: 185 257 266 630 660 0
c D: 173 257 266 630 660 0
c D: 173 245 266 630 660 0
c D: 173 242 266 630 660 0
c D: 173 242 630 655 660 0
c D: 193 242 630 655 660 0
c D: 185 242 630 655 660 0
c D: 185 245 630 655 660 0
c D: 185 257 630 655 660 0
c D: 185 257 630 660 685 0
c D: 185 253 257 630 660 0
c D: 185 257 630 643 660 0
c D: 185 257 630 660 680 0
c D: 173 257 630 660 680 0
c D: 173 257 630 655 660 0
c D: 200 245 630 643 660 0
c D: 163 245 630 643 660 0
c D: 185 245 630 643 660 0
c D: 173 245 630 643 660 0
c D: 173 245 630 655 660 0
c D: 173 245 630 660 680 0
c D: 200 245 630 660 680 0
c D: 189 245 630 660 680 0
c D: 189 245 630 655 660 0
c D: 200 245 630 655 660 0
c D: 189 242 630 655 660 0
c D: 193 245 630 655 660 0
c D: 193 250 630 643 660 0
c D: 193 250 253 630 660 0
c D: 173 250 253 630 660 0
c D: 250 253 630 660 676 0
c D: 250 630 660 676 680 0
c D: 173 250 630 660 680 0
c D: 185 250 253 630 660 0
c D: 189 250 253 630 660 0
c D: 185 250 266 630 660 0
c D: 185 242 266 630 660 0
c D: 185 242 630 660 680 0
c D: 185 242 630 660 685 0
c D: 173 257 630 660 685 0
c D: 173 245 630 660 685 0
c D: 185 245 630 660 685 0
c D: 185 245 630 660 680 0
c D: 245 630 643 660 676 0
c D: 185 245 266 630 660 0
c D: 200 245 630 660 685 0
c D: 245 630 660 676 680 0
c D: 250 630 643 660 676 0
c D: 250 266 630 660 676 0
c D: 245 253 630 660 676 0
c D: 200 245 253 630 660 0
c D: 189 245 253 630 660 0
c D: 185 245 253 630 660 0
c D: 200 242 630 660 680 0
c D: 185 242 630 643 660 0
c D: 200 246 253 630 660 0
c D: 163 242 630 643 660 0
c D: 189 242 266 630 660 0
c D: 242 266 630 660 676 0
c D: 242 630 643 660 676 0
c D: 193 242 630 660 685 0
c D: 193 257 630 655 660 0
c D: 193 257 630 660 685 0
c D: 193 257 630 660 680 0
c D: 185 250 630 643 660 0
c D: 242 630 660 676 680 0
c D: 173 250 630 643 660 0
c D: 200 621 630 643 660 670 0
c D: 621 630 643 660 670 676 0
c D: 163 621 630 643 660 670 0
c D: 185 621 630 643 660 670 0
c D: 173 621 630 643 660 670 0
c D: 189 621 630 643 660 670 0
c D: 163 266 621 630 660 670 0
c D: 266 621 630 660 670 676 0
c D: 253 621 630 660 670 676 0
c D: 200 253 621 630 660 670 0
c D: 200 266 621 630 660 670 0
c D: 193 266 621 630 660 670 0
c D: 193 621 630 660 670 685 0
c D: 193 621 630 660 670 680 0
c D: 193 621 630 655 660 670 0
c D: 185 621 630 655 660 670 0
c D: 163 621 630 655 660 670 0
c D: 163 253 621 630 660 670 0
c D: 163 621 630 660 670 685 0
c D: 163 621 630 660 670 680 0
c D: 173 621 630 655 660 670 0
c D: 173 266 621 630 660 670 0
c D: 173 621 630 660 670 680 0
c D: 173 253 621 630 660 670 0
c D: 173 621 630 660 670 685 0
c D: 185 253 621 630 660 670 0
c D: 185 621 630 660 670 685 0
c D: 200 621 630 660 670 680 0
c D: 185 621 630 660 670 680 0
c D: 185 266 621 630 660 670 0
c D: 200 621 630 660 670 685 0
c D: 621 630 660 670 676 680 0
c D: 621 630 660 670 676 685 0
c D: 193 621 630 643 660 670 0
c D: 189 621 630 660 670 685 0
c D: 189 266 621 630 660 670 0
c D: 189 253 621 630 660 670 0
c D: 193 253 621 630 660 670 0
c D: 189 621 630 655 660 670 0
c D: 621 630 655 660 670 676 0
c D: 200 621 630 655 660 670 0
c D: 189 621 630 660 670 680 0
c D: 173 239 253 630 660 670 0
c D: 185 239 253 630 660 670 0
c D: 200 239 253 630 660 670 0
c D: 189 239 253 630 660 670 0
c D: 239 253 630 660 670 676 0
c D: 193 239 253 630 660 670 0
c D: 185 239 630 660 670 680 0
c D: 173 239 630 660 670 680 0
c D: 239 630 660 670 676 680 0
c D: 193 239 630 660 670 680 0
c D: 193 239 630 660 670 685 0
c D: 193 239 630 643 660 670 0
c D: 193 239 266 630 660 670 0
c D: 185 239 266 630 660 670 0
c D: 239 266 630 660 670 676 0
c D: 163 239 266 630 660 670 0
c D: 200 239 266 630 660 670 0
c D: 163 239 630 655 660 670 0
c D: 173 239 630 655 660 670 0
c D: 193 239 630 655 660 670 0
c D: 239 630 655 660 670 676 0
c D: 189 239 630 655 660 670 0
c D: 200 239 630 655 660 670 0
c D: 185 239 630 655 660 670 0
c D: 189 239 266 630 660 670 0
c D: 189 239 630 660 670 685 0
c D: 185 239 630 660 670 685 0
c D: 185 239 630 643 660 670 0
c D: 189 239 630 643 660 670 0
c D: 163 239 630 643 660 670 0
c D: 239 630 643 660 670 676 0
c D: 173 239 630 643 660 670 0
c D: 200 239 630 643 660 670 0
c D: 200 239 630 660 670 680 0
c D: 200 239 630 660 670 685 0
c D: 173 239 630 660 670 685 0
c D: 239 630 660 670 676 685 0
c D: 163 239 630 660 670 685 0
c D: 163 239 253 630 660 670 0
c D: 163 239 630 660 670 680 0
c D: 173 239 266 630 660 670 0
c D: 189 239 630 660 670 680 0
c D: 189 220 630 660 670 680 0
c D: 189 220 630 655 660 670 0
c D: 220 630 655 660 670 676 0
c D: 200 220 630 655 660 670 0
c D: 193 220 630 655 660 670 0
c D: 185 220 630 655 660 670 0
c D: 173 220 630 655 660 670 0
c D: 163 220 630 655 660 670 0
c D: 163 220 253 630 660 670 0
c D: 185 220 253 630 660 670 0
c D: 185 220 630 660 670 685 0
c D: 185 220 630 643 660 670 0
c D: 185 220 266 630 660 670 0
c D: 185 220 630 660 670 680 0
c D: 163 220 630 660 670 680 0
c D: 173 220 630 660 670 680 0
c D: 173 220 266 630 660 670 0
c D: 173 220 630 643 660 670 0
c D: 163 220 630 643 660 670 0
c D: 163 220 266 630 660 670 0
c D: 163 220 630 660 670 685 0
c D: 200 220 630 660 670 685 0
c D: 200 220 253 630 660 670 0
c D: 200 220 630 660 670 680 0
c D: 200 220 266 630 660 670 0
c D: 200 220 630 643 660 670 0
c D: 189 220 630 643 660 670 0
c D: 189 220 253 630 660 670 0
c D: 189 220 266 630 660 670 0
c D: 189 220 630 660 670 685 0
c D: 193 220 266 630 660 670 0
c D: 193 220 253 630 660 670 0
c D: 220 253 630 660 670 676 0
c D: 173 220 253 630 660 670 0
c D: 220 266 630 660 670 676 0
c D: 220 630 643 660 670 676 0
c D: 220 630 660 670 676 680 0
c D: 220 630 660 670 676 685 0
c D: 193 220 630 643 660 670 0
c D: 193 220 630 660 670 685 0
c D: 173 220 630 660 670 685 0
c D: 193 220 630 660 670 680 0

	Time: 86.41839027404785 ms
	Average Time: 85.73635419209798 ms

Averages
	ubuntu_c25_0.wcnf: 85.73635419209798 ms
['hsd/hsd', '-e', 'all', '-c', 'scenarios_wcnf/ubuntu_c25_0.wcnf']
ubuntu ubuntu_c25_0.wcnf
	Output: c # of failures: 5
c D: 163 630 660 672 0
c D: 163 242 253 630 660 0
c D: 163 245 253 630 660 0
c D: 163 246 253 630 660 0
c D: 163 250 253 630 660 0
c D: 163 253 257 630 660 0
c D: 163 257 266 630 660 0
c D: 163 257 630 660 685 0
c D: 163 257 630 655 660 0
c D: 163 245 630 655 660 0
c D: 163 245 266 630 660 0
c D: 163 246 266 630 660 0
c D: 163 246 630 660 685 0
c D: 173 246 630 660 685 0
c D: 246 630 660 676 685 0
c D: 200 246 630 660 685 0
c D: 193 246 630 660 685 0
c D: 189 246 630 660 685 0
c D: 185 246 630 660 685 0
c D: 185 246 253 630 660 0
c D: 185 246 630 660 680 0
c D: 185 246 630 655 660 0
c D: 185 246 266 630 660 0
c D: 185 630 660 672 0
c D: 185 246 630 643 660 0
c D: 173 246 630 643 660 0
c D: 163 246 630 643 660 0
c D: 173 246 253 630 660 0
c D: 173 246 630 660 680 0
c D: 173 630 660 672 0
c D: 173 246 630 655 660 0
c D: 173 246 266 630 660 0
c D: 163 246 630 655 660 0
c D: 163 246 630 660 680 0
c D: 163 242 630 660 680 0
c D: 163 250 630 660 680 0
c D: 163 257 630 660 680 0
c D: 163 245 630 660 680 0
c D: 189 242 630 660 680 0
c D: 189 250 630 660 680 0
c D: 185 250 630 660 680 0
c D: 193 250 630 660 680 0
c D: 200 250 630 660 680 0
c D: 163 250 630 655 660 0
c D: 163 250 266 630 660 0
c D: 163 250 630 643 660 0
c D: 163 250 630 660 685 0
c D: 163 245 630 660 685 0
c D: 163 242 630 655 660 0
c D: 163 242 266 630 660 0
c D: 245 266 630 660 676 0
c D: 200 245 266 630 660 0
c D: 189 245 266 630 660 0
c D: 193 245 266 630 660 0
c D: 193 245 630 660 685 0
c D: 193 245 630 660 680 0
c D: 193 245 630 643 660 0
c D: 193 245 253 630 660 0
c D: 193 253 257 630 660 0
c D: 193 242 253 630 660 0
c D: 193 242 630 660 680 0
c D: 193 242 266 630 660 0
c D: 193 242 630 643 660 0
c D: 189 242 253 630 660 0
c D: 185 242 253 630 660 0
c D: 242 253 630 660 676 0
c D: 200 242 253 630 660 0
c D: 173 242 253 630 660 0
c D: 173 245 253 630 660 0
c D: 173 253 257 630 660 0
c D: 200 630 660 672 0
c D: 200 253 257 630 660 0
c D: 200 257 630 660 680 0
c D: 200 257 630 660 685 0
c D: 200 257 266 630 660 0
c D: 200 257 630 655 660 0
c D: 200 257 630 643 660 0
c D: 163 257 630 643 660 0
c D: 257 630 643 660 676 0
c D: 193 257 630 643 660 0
c D: 173 257 630 643 660 0
c D: 189 257 630 643 660 0
c D: 189 245 630 643 660 0
c D: 189 246 630 643 660 0
c D: 189 242 630 643 660 0
c D: 189 250 630 643 660 0
c D: 189 630 660 672 0
c D: 189 257 630 660 685 0
c D: 189 257 630 655 660 0
c D: 189 257 266 630 660 0
c D: 189 257 630 660 680 0
c D: 189 253 257 630 660 0
c D: 630 660 672 676 0
c D: 257 630 660 676 685 0
c D: 242 630 660 676 685 0
c D: 250 630 660 676 685 0
c D: 245 630 660 676 685 0
c D: 173 250 630 660 685 0
c D: 200 250 630 660 685 0
c D: 193 250 630 660 685 0
c D: 189 250 630 660 685 0
c D: 185 250 630 660 685 0
c D: 200 250 253 630 660 0
c D: 200 250 630 643 660 0
c D: 200 250 266 630 660 0
c D: 200 250 630 655 660 0
c D: 200 246 266 630 660 0
c D: 200 242 266 630 660 0
c D: 200 242 630 660 685 0
c D: 200 242 630 655 660 0
c D: 200 246 630 655 660 0
c D: 200 246 630 643 660 0
c D: 200 246 630 660 680 0
c D: 200 242 630 643 660 0
c D: 173 242 630 643 660 0
c D: 173 242 630 660 680 0
c D: 173 242 630 660 685 0
c D: 163 242 630 660 685 0
c D: 189 242 630 660 685 0
c D: 189 245 630 660 685 0
c D: 189 246 253 630 660 0
c D: 189 246 630 660 680 0
c D: 189 246 630 655 660 0
c D: 246 630 655 660 676 0
c D: 193 246 630 655 660 0
c D: 193 246 630 643 660 0
c D: 193 246 630 660 680 0
c D: 193 246 266 630 660 0
c D: 193 630 660 672 0
c D: 193 246 253 630 660 0
c D: 246 253 630 660 676 0
c D: 246 630 660 676 680 0
c D: 246 630 643 660 676 0
c D: 246 266 630 660 676 0
c D: 189 246 266 630 660 0
c D: 189 250 266 630 660 0
c D: 189 250 630 655 660 0
c D: 173 250 266 630 660 0
c D: 193 250 266 630 660 0
c D: 173 250 630 655 660 0
c D: 185 250 630 655 660 0
c D: 193 250 630 655 660 0
c D: 250 630 655 660 676 0
c D: 245 630 655 660 676 0
c D: 242 630 655 660 676 0
c D: 257 630 655 660 676 0
c D: 257 630 660 676 680 0
c D: 257 266 630 660 676 0
c D: 253 257 630 660 676 0
c D: 193 257 266 630 660 0
c D: 185 257 266 630 660 0
c D: 173 257 266 630 660 0
c D: 173 245 266 630 660 0
c D: 173 242 266 630 660 0
c D: 173 242 630 655 660 0
c D: 193 242 630 655 660 0
c D: 185 242 630 655 660 0
c D: 185 245 630 655 660 0
c D: 185 257 630 655 660 0
c D: 185 257 630 660 685 0
c D: 185 253 257 630 660 0
c D: 185 257 630 643 660 0
c D: 185 257 630 660 680 0
c D: 173 257 630 660 680 0
c D: 173 257 630 655 660 0
c D: 200 245 630 643 660 0
c D: 163 245 630 643 660 0
c D: 185 245 630 643 660 0
c D: 173 245 630 643 660 0
c D: 173 245 630 655 660 0
c D: 173 245 630 660 680 0
c D: 200 245 630 660 680 0
c D: 189 245 630 660 680 0
c D: 189 245 630 655 660 0
c D: 200 245 630 655 660 0
c D: 189 242 630 655 660 0
c D: 193 245 630 655 660 0
c D: 193 250 630 643 660 0
c D: 193 250 253 630 660 0
c D: 173 250 253 630 660 0
c D: 250 253 630 660 676 0
c D: 250 630 660 676 680 0
c D: 173 250 630 660 680 0
c D: 185 250 253 630 660 0
c D: 189 250 253 630 660 0
c D: 185 250 266 630 660 0
c D: 185 242 266 630 660 0
c D: 185 242 630 660 680 0
c D: 185 242 630 660 685 0
c D: 173 257 630 660 685 0
c D: 173 245 630 660 685 0
c D: 185 245 630 660 685 0
c D: 185 245 630 660 680 0
c D: 245 630 643 660 676 0
c D: 185 245 266 630 660 0
c D: 200 245 630 660 685 0
c D: 245 630 660 676 680 0
c D: 250 630 643 660 676 0
c D: 250 266 630 660 676 0
c D: 245 253 630 660 676 0
c D: 200 245 253 630 660 0
c D: 189 245 253 630 660 0
c D: 185 245 253 630 660 0
c D: 200 242 630 660 680 0
c D: 185 242 630 643 660 0
c D: 200 246 253 630 660 0
c D: 163 242 630 643 660 0
c D: 189 242 266 630 660 0
c D: 242 266 630 660 676 0
c D: 242 630 643 660 676 0
c D: 193 242 630 660 685 0
c D: 193 257 630 655 660 0
c D: 193 257 630 660 685 0
c D: 193 257 630 660 680 0
c D: 185 250 630 643 660 0
c D: 242 630 660 676 680 0
c D: 173 250 630 643 660 0
c D: 200 621 630 643 660 670 0
c D: 621 630 643 660 670 676 0
c D: 163 621 630 643 660 670 0
c D: 185 621 630 643 660 670 0
c D: 173 621 630 643 660 670 0
c D: 189 621 630 643 660 670 0
c D: 163 266 621 630 660 670 0
c D: 266 621 630 660 670 676 0
c D: 253 621 630 660 670 676 0
c D: 200 253 621 630 660 670 0
c D: 200 266 621 630 660 670 0
c D: 193 266 621 630 660 670 0
c D: 193 621 630 660 670 685 0
c D: 193 621 630 660 670 680 0
c D: 193 621 630 655 660 670 0
c D: 185 621 630 655 660 670 0
c D: 163 621 630 655 660 670 0
c D: 163 253 621 630 660 670 0
c D: 163 621 630 660 670 685 0
c D: 163 621 630 660 670 680 0
c D: 173 621 630 655 660 670 0
c D: 173 266 621 630 660 670 0
c D: 173 621 630 660 670 680 0
c D: 173 253 621 630 660 670 0
c D: 173 621 630 660 670 685 0
c D: 185 253 621 630 660 670 0
c D: 185 621 630 660 670 685 0
c D: 200 621 630 660 670 680 0
c D: 185 621 630 660 670 680 0
c D: 185 266 621 630 660 670 0
c D: 200 621 630 660 670 685 0
c D: 621 630 660 670 676 680 0
c D: 621 630 660 670 676 685 0
c D: 193 621 630 643 660 670 0
c D: 189 621 630 660 670 685 0
c D: 189 266 621 630 660 670 0
c D: 189 253 621 630 660 670 0
c D: 193 253 621 630 660 670 0
c D: 189 621 630 655 660 670 0
c D: 621 630 655 660 670 676 0
c D: 200 621 630 655 660 670 0
c D: 189 621 630 660 670 680 0
c D: 173 239 253 630 660 670 0
c D: 185 239 253 630 660 670 0
c D: 200 239 253 630 660 670 0
c D: 189 239 253 630 660 670 0
c D: 239 253 630 660 670 676 0
c D: 193 239 253 630 660 670 0
c D: 185 239 630 660 670 680 0
c D: 173 239 630 660 670 680 0
c D: 239 630 660 670 676 680 0
c D: 193 239 630 660 670 680 0
c D: 193 239 630 660 670 685 0
c D: 193 239 630 643 660 670 0
c D: 193 239 266 630 660 670 0
c D: 185 239 266 630 660 670 0
c D: 239 266 630 660 670 676 0
c D: 163 239 266 630 660 670 0
c D: 200 239 266 630 660 670 0
c D: 163 239 630 655 660 670 0
c D: 173 239 630 655 660 670 0
c D: 193 239 630 655 660 670 0
c D: 239 630 655 660 670 676 0
c D: 189 239 630 655 660 670 0
c D: 200 239 630 655 660 670 0
c D: 185 239 630 655 660 670 0
c D: 189 239 266 630 660 670 0
c D: 189 239 630 660 670 685 0
c D: 185 239 630 660 670 685 0
c D: 185 239 630 643 660 670 0
c D: 189 239 630 643 660 670 0
c D: 163 239 630 643 660 670 0
c D: 239 630 643 660 670 676 0
c D: 173 239 630 643 660 670 0
c D: 200 239 630 643 660 670 0
c D: 200 239 630 660 670 680 0
c D: 200 239 630 660 670 685 0
c D: 173 239 630 660 670 685 0
c D: 239 630 660 670 676 685 0
c D: 163 239 630 660 670 685 0
c D: 163 239 253 630 660 670 0
c D: 163 239 630 660 670 680 0
c D: 173 239 266 630 660 670 0
c D: 189 239 630 660 670 680 0
c D: 189 220 630 660 670 680 0
c D: 189 220 630 655 660 670 0
c D: 220 630 655 660 670 676 0
c D: 200 220 630 655 660 670 0
c D: 193 220 630 655 660 670 0
c D: 185 220 630 655 660 670 0
c D: 173 220 630 655 660 670 0
c D: 163 220 630 655 660 670 0
c D: 163 220 253 630 660 670 0
c D: 185 220 253 630 660 670 0
c D: 185 220 630 660 670 685 0
c D: 185 220 630 643 660 670 0
c D: 185 220 266 630 660 670 0
c D: 185 220 630 660 670 680 0
c D: 163 220 630 660 670 680 0
c D: 173 220 630 660 670 680 0
c D: 173 220 266 630 660 670 0
c D: 173 220 630 643 660 670 0
c D: 163 220 630 643 660 670 0
c D: 163 220 266 630 660 670 0
c D: 163 220 630 660 670 685 0
c D: 200 220 630 660 670 685 0
c D: 200 220 253 630 660 670 0
c D: 200 220 630 660 670 680 0
c D: 200 220 266 630 660 670 0
c D: 200 220 630 643 660 670 0
c D: 189 220 630 643 660 670 0
c D: 189 220 253 630 660 670 0
c D: 189 220 266 630 660 670 0
c D: 189 220 630 660 670 685 0
c D: 193 220 266 630 660 670 0
c D: 193 220 253 630 660 670 0
c D: 220 253 630 660 670 676 0
c D: 173 220 253 630 660 670 0
c D: 220 266 630 660 670 676 0
c D: 220 630 643 660 670 676 0
c D: 220 630 660 670 676 680 0
c D: 220 630 660 670 676 685 0
c D: 193 220 630 643 660 670 0
c D: 193 220 630 660 670 685 0
c D: 173 220 630 660 670 685 0
c D: 193 220 630 660 670 680 0

	Time: 85.18099784851074 ms
['hsd/hsd', '-e', 'all', '-c', 'scenarios_wcnf/ubuntu_c25_0.wcnf']
ubuntu ubuntu_c25_0.wcnf
	Output: c # of failures: 5
c D: 163 630 660 672 0
c D: 163 242 253 630 660 0
c D: 163 245 253 630 660 0
c D: 163 246 253 630 660 0
c D: 163 250 253 630 660 0
c D: 163 253 257 630 660 0
c D: 163 257 266 630 660 0
c D: 163 257 630 660 685 0
c D: 163 257 630 655 660 0
c D: 163 245 630 655 660 0
c D: 163 245 266 630 660 0
c D: 163 246 266 630 660 0
c D: 163 246 630 660 685 0
c D: 173 246 630 660 685 0
c D: 246 630 660 676 685 0
c D: 200 246 630 660 685 0
c D: 193 246 630 660 685 0
c D: 189 246 630 660 685 0
c D: 185 246 630 660 685 0
c D: 185 246 253 630 660 0
c D: 185 246 630 660 680 0
c D: 185 246 630 655 660 0
c D: 185 246 266 630 660 0
c D: 185 630 660 672 0
c D: 185 246 630 643 660 0
c D: 173 246 630 643 660 0
c D: 163 246 630 643 660 0
c D: 173 246 253 630 660 0
c D: 173 246 630 660 680 0
c D: 173 630 660 672 0
c D: 173 246 630 655 660 0
c D: 173 246 266 630 660 0
c D: 163 246 630 655 660 0
c D: 163 246 630 660 680 0
c D: 163 242 630 660 680 0
c D: 163 250 630 660 680 0
c D: 163 257 630 660 680 0
c D: 163 245 630 660 680 0
c D: 189 242 630 660 680 0
c D: 189 250 630 660 680 0
c D: 185 250 630 660 680 0
c D: 193 250 630 660 680 0
c D: 200 250 630 660 680 0
c D: 163 250 630 655 660 0
c D: 163 250 266 630 660 0
c D: 163 250 630 643 660 0
c D: 163 250 630 660 685 0
c D: 163 245 630 660 685 0
c D: 163 242 630 655 660 0
c D: 163 242 266 630 660 0
c D: 245 266 630 660 676 0
c D: 200 245 266 630 660 0
c D: 189 245 266 630 660 0
c D: 193 245 266 630 660 0
c D: 193 245 630 660 685 0
c D: 193 245 630 660 680 0
c D: 193 245 630 643 660 0
c D: 193 245 253 630 660 0
c D: 193 253 257 630 660 0
c D: 193 242 253 630 660 0
c D: 193 242 630 660 680 0
c D: 193 242 266 630 660 0
c D: 193 242 630 643 660 0
c D: 189 242 253 630 660 0
c D: 185 242 253 630 660 0
c D: 242 253 630 660 676 0
c D: 200 242 253 630 660 0
c D: 173 242 253 630 660 0
c D: 173 245 253 630 660 0
c D: 173 253 257 630 660 0
c D: 200 630 660 672 0
c D: 200 253 257 630 660 0
c D: 200 257 630 660 680 0
c D: 200 257 630 660 685 0
c D: 200 257 266 630 660 0
c D: 200 257 630 655 660 0
c D: 200 257 630 643 660 0
c D: 163 257 630 643 660 0
c D: 257 630 643 660 676 0
c D: 193 257 630 643 660 0
c D: 173 257 630 643 660 0
c D: 189 257 630 643 660 0
c D: 189 245 630 643 660 0
c D: 189 246 630 643 660 0
c D: 189 242 630 643 660 0
c D: 189 250 630 643 660 0
c D: 189 630 660 672 0
c D: 189 257 630 660 685 0
c D: 189 257 630 655 660 0
c D: 189 257 266 630 660 0
c D: 189 257 630 660 680 0
c D: 189 253 257 630 660 0
c D: 630 660 672 676 0
c D: 257 630 660 676 685 0
c D: 242 630 660 676 685 0
c D: 250 630 660 676 685 0
c D: 245 630 660 676 685 0
c D: 173 250 630 660 685 0
c D: 200 250 630 660 685 0
c D: 193 250 630 660 685 0
c D: 189 250 630 660 685 0
c D: 185 250 630 660 685 0
c D: 200 250 253 630 660 0
c D: 200 250 630 643 660 0
c D: 200 250 266 630 660 0
c D: 200 250 630 655 660 0
c D: 200 246 266 630 660 0
c D: 200 242 266 630 660 0
c D: 200 242 630 660 685 0
c D: 200 242 630 655 660 0
c D: 200 246 630 655 660 0
c D: 200 246 630 643 660 0
c D: 200 246 630 660 680 0
c D: 200 242 630 643 660 0
c D: 173 242 630 643 660 0
c D: 173 242 630 660 680 0
c D: 173 242 630 660 685 0
c D: 163 242 630 660 685 0
c D: 189 242 630 660 685 0
c D: 189 245 630 660 685 0
c D: 189 246 253 630 660 0
c D: 189 246 630 660 680 0
c D: 189 246 630 655 660 0
c D: 246 630 655 660 676 0
c D: 193 246 630 655 660 0
c D: 193 246 630 643 660 0
c D: 193 246 630 660 680 0
c D: 193 246 266 630 660 0
c D: 193 630 660 672 0
c D: 193 246 253 630 660 0
c D: 246 253 630 660 676 0
c D: 246 630 660 676 680 0
c D: 246 630 643 660 676 0
c D: 246 266 630 660 676 0
c D: 189 246 266 630 660 0
c D: 189 250 266 630 660 0
c D: 189 250 630 655 660 0
c D: 173 250 266 630 660 0
c D: 193 250 266 630 660 0
c D: 173 250 630 655 660 0
c D: 185 250 630 655 660 0
c D: 193 250 630 655 660 0
c D: 250 630 655 660 676 0
c D: 245 630 655 660 676 0
c D: 242 630 655 660 676 0
c D: 257 630 655 660 676 0
c D: 257 630 660 676 680 0
c D: 257 266 630 660 676 0
c D: 253 257 630 660 676 0
c D: 193 257 266 630 660 0
c D: 185 257 266 630 660 0
c D: 173 257 266 630 660 0
c D: 173 245 266 630 660 0
c D: 173 242 266 630 660 0
c D: 173 242 630 655 660 0
c D: 193 242 630 655 660 0
c D: 185 242 630 655 660 0
c D: 185 245 630 655 660 0
c D: 185 257 630 655 660 0
c D: 185 257 630 660 685 0
c D: 185 253 257 630 660 0
c D: 185 257 630 643 660 0
c D: 185 257 630 660 680 0
c D: 173 257 630 660 680 0
c D: 173 257 630 655 660 0
c D: 200 245 630 643 660 0
c D: 163 245 630 643 660 0
c D: 185 245 630 643 660 0
c D: 173 245 630 643 660 0
c D: 173 245 630 655 660 0
c D: 173 245 630 660 680 0
c D: 200 245 630 660 680 0
c D: 189 245 630 660 680 0
c D: 189 245 630 655 660 0
c D: 200 245 630 655 660 0
c D: 189 242 630 655 660 0
c D: 193 245 630 655 660 0
c D: 193 250 630 643 660 0
c D: 193 250 253 630 660 0
c D: 173 250 253 630 660 0
c D: 250 253 630 660 676 0
c D: 250 630 660 676 680 0
c D: 173 250 630 660 680 0
c D: 185 250 253 630 660 0
c D: 189 250 253 630 660 0
c D: 185 250 266 630 660 0
c D: 185 242 266 630 660 0
c D: 185 242 630 660 680 0
c D: 185 242 630 660 685 0
c D: 173 257 630 660 685 0
c D: 173 245 630 660 685 0
c D: 185 245 630 660 685 0
c D: 185 245 630 660 680 0
c D: 245 630 643 660 676 0
c D: 185 245 266 630 660 0
c D: 200 245 630 660 685 0
c D: 245 630 660 676 680 0
c D: 250 630 643 660 676 0
c D: 250 266 630 660 676 0
c D: 245 253 630 660 676 0
c D: 200 245 253 630 660 0
c D: 189 245 253 630 660 0
c D: 185 245 253 630 660 0
c D: 200 242 630 660 680 0
c D: 185 242 630 643 660 0
c D: 200 246 253 630 660 0
c D: 163 242 630 643 660 0
c D: 189 242 266 630 660 0
c D: 242 266 630 660 676 0
c D: 242 630 643 660 676 0
c D: 193 242 630 660 685 0
c D: 193 257 630 655 660 0
c D: 193 257 630 660 685 0
c D: 193 257 630 660 680 0
c D: 185 250 630 643 660 0
c D: 242 630 660 676 680 0
c D: 173 250 630 643 660 0
c D: 200 621 630 643 660 670 0
c D: 621 630 643 660 670 676 0
c D: 163 621 630 643 660 670 0
c D: 185 621 630 643 660 670 0
c D: 173 621 630 643 660 670 0
c D: 189 621 630 643 660 670 0
c D: 163 266 621 630 660 670 0
c D: 266 621 630 660 670 676 0
c D: 253 621 630 660 670 676 0
c D: 200 253 621 630 660 670 0
c D: 200 266 621 630 660 670 0
c D: 193 266 621 630 660 670 0
c D: 193 621 630 660 670 685 0
c D: 193 621 630 660 670 680 0
c D: 193 621 630 655 660 670 0
c D: 185 621 630 655 660 670 0
c D: 163 621 630 655 660 670 0
c D: 163 253 621 630 660 670 0
c D: 163 621 630 660 670 685 0
c D: 163 621 630 660 670 680 0
c D: 173 621 630 655 660 670 0
c D: 173 266 621 630 660 670 0
c D: 173 621 630 660 670 680 0
c D: 173 253 621 630 660 670 0
c D: 173 621 630 660 670 685 0
c D: 185 253 621 630 660 670 0
c D: 185 621 630 660 670 685 0
c D: 200 621 630 660 670 680 0
c D: 185 621 630 660 670 680 0
c D: 185 266 621 630 660 670 0
c D: 200 621 630 660 670 685 0
c D: 621 630 660 670 676 680 0
c D: 621 630 660 670 676 685 0
c D: 193 621 630 643 660 670 0
c D: 189 621 630 660 670 685 0
c D: 189 266 621 630 660 670 0
c D: 189 253 621 630 660 670 0
c D: 193 253 621 630 660 670 0
c D: 189 621 630 655 660 670 0
c D: 621 630 655 660 670 676 0
c D: 200 621 630 655 660 670 0
c D: 189 621 630 660 670 680 0
c D: 173 239 253 630 660 670 0
c D: 185 239 253 630 660 670 0
c D: 200 239 253 630 660 670 0
c D: 189 239 253 630 660 670 0
c D: 239 253 630 660 670 676 0
c D: 193 239 253 630 660 670 0
c D: 185 239 630 660 670 680 0
c D: 173 239 630 660 670 680 0
c D: 239 630 660 670 676 680 0
c D: 193 239 630 660 670 680 0
c D: 193 239 630 660 670 685 0
c D: 193 239 630 643 660 670 0
c D: 193 239 266 630 660 670 0
c D: 185 239 266 630 660 670 0
c D: 239 266 630 660 670 676 0
c D: 163 239 266 630 660 670 0
c D: 200 239 266 630 660 670 0
c D: 163 239 630 655 660 670 0
c D: 173 239 630 655 660 670 0
c D: 193 239 630 655 660 670 0
c D: 239 630 655 660 670 676 0
c D: 189 239 630 655 660 670 0
c D: 200 239 630 655 660 670 0
c D: 185 239 630 655 660 670 0
c D: 189 239 266 630 660 670 0
c D: 189 239 630 660 670 685 0
c D: 185 239 630 660 670 685 0
c D: 185 239 630 643 660 670 0
c D: 189 239 630 643 660 670 0
c D: 163 239 630 643 660 670 0
c D: 239 630 643 660 670 676 0
c D: 173 239 630 643 660 670 0
c D: 200 239 630 643 660 670 0
c D: 200 239 630 660 670 680 0
c D: 200 239 630 660 670 685 0
c D: 173 239 630 660 670 685 0
c D: 239 630 660 670 676 685 0
c D: 163 239 630 660 670 685 0
c D: 163 239 253 630 660 670 0
c D: 163 239 630 660 670 680 0
c D: 173 239 266 630 660 670 0
c D: 189 239 630 660 670 680 0
c D: 189 220 630 660 670 680 0
c D: 189 220 630 655 660 670 0
c D: 220 630 655 660 670 676 0
c D: 200 220 630 655 660 670 0
c D: 193 220 630 655 660 670 0
c D: 185 220 630 655 660 670 0
c D: 173 220 630 655 660 670 0
c D: 163 220 630 655 660 670 0
c D: 163 220 253 630 660 670 0
c D: 185 220 253 630 660 670 0
c D: 185 220 630 660 670 685 0
c D: 185 220 630 643 660 670 0
c D: 185 220 266 630 660 670 0
c D: 185 220 630 660 670 680 0
c D: 163 220 630 660 670 680 0
c D: 173 220 630 660 670 680 0
c D: 173 220 266 630 660 670 0
c D: 173 220 630 643 660 670 0
c D: 163 220 630 643 660 670 0
c D: 163 220 266 630 660 670 0
c D: 163 220 630 660 670 685 0
c D: 200 220 630 660 670 685 0
c D: 200 220 253 630 660 670 0
c D: 200 220 630 660 670 680 0
c D: 200 220 266 630 660 670 0
c D: 200 220 630 643 660 670 0
c D: 189 220 630 643 660 670 0
c D: 189 220 253 630 660 670 0
c D: 189 220 266 630 660 670 0
c D: 189 220 630 660 670 685 0
c D: 193 220 266 630 660 670 0
c D: 193 220 253 630 660 670 0
c D: 220 253 630 660 670 676 0
c D: 173 220 253 630 660 670 0
c D: 220 266 630 660 670 676 0
c D: 220 630 643 660 670 676 0
c D: 220 630 660 670 676 680 0
c D: 220 630 660 670 676 685 0
c D: 193 220 630 643 660 670 0
c D: 193 220 630 660 670 685 0
c D: 173 220 630 660 670 685 0
c D: 193 220 630 660 670 680 0

	Time: 84.33198928833008 ms
['hsd/hsd', '-e', 'all', '-c', 'scenarios_wcnf/ubuntu_c25_0.wcnf']
ubuntu ubuntu_c25_0.wcnf
	Output: c # of failures: 5
c D: 163 630 660 672 0
c D: 163 242 253 630 660 0
c D: 163 245 253 630 660 0
c D: 163 246 253 630 660 0
c D: 163 250 253 630 660 0
c D: 163 253 257 630 660 0
c D: 163 257 266 630 660 0
c D: 163 257 630 660 685 0
c D: 163 257 630 655 660 0
c D: 163 245 630 655 660 0
c D: 163 245 266 630 660 0
c D: 163 246 266 630 660 0
c D: 163 246 630 660 685 0
c D: 173 246 630 660 685 0
c D: 246 630 660 676 685 0
c D: 200 246 630 660 685 0
c D: 193 246 630 660 685 0
c D: 189 246 630 660 685 0
c D: 185 246 630 660 685 0
c D: 185 246 253 630 660 0
c D: 185 246 630 660 680 0
c D: 185 246 630 655 660 0
c D: 185 246 266 630 660 0
c D: 185 630 660 672 0
c D: 185 246 630 643 660 0
c D: 173 246 630 643 660 0
c D: 163 246 630 643 660 0
c D: 173 246 253 630 660 0
c D: 173 246 630 660 680 0
c D: 173 630 660 672 0
c D: 173 246 630 655 660 0
c D: 173 246 266 630 660 0
c D: 163 246 630 655 660 0
c D: 163 246 630 660 680 0
c D: 163 242 630 660 680 0
c D: 163 250 630 660 680 0
c D: 163 257 630 660 680 0
c D: 163 245 630 660 680 0
c D: 189 242 630 660 680 0
c D: 189 250 630 660 680 0
c D: 185 250 630 660 680 0
c D: 193 250 630 660 680 0
c D: 200 250 630 660 680 0
c D: 163 250 630 655 660 0
c D: 163 250 266 630 660 0
c D: 163 250 630 643 660 0
c D: 163 250 630 660 685 0
c D: 163 245 630 660 685 0
c D: 163 242 630 655 660 0
c D: 163 242 266 630 660 0
c D: 245 266 630 660 676 0
c D: 200 245 266 630 660 0
c D: 189 245 266 630 660 0
c D: 193 245 266 630 660 0
c D: 193 245 630 660 685 0
c D: 193 245 630 660 680 0
c D: 193 245 630 643 660 0
c D: 193 245 253 630 660 0
c D: 193 253 257 630 660 0
c D: 193 242 253 630 660 0
c D: 193 242 630 660 680 0
c D: 193 242 266 630 660 0
c D: 193 242 630 643 660 0
c D: 189 242 253 630 660 0
c D: 185 242 253 630 660 0
c D: 242 253 630 660 676 0
c D: 200 242 253 630 660 0
c D: 173 242 253 630 660 0
c D: 173 245 253 630 660 0
c D: 173 253 257 630 660 0
c D: 200 630 660 672 0
c D: 200 253 257 630 660 0
c D: 200 257 630 660 680 0
c D: 200 257 630 660 685 0
c D: 200 257 266 630 660 0
c D: 200 257 630 655 660 0
c D: 200 257 630 643 660 0
c D: 163 257 630 643 660 0
c D: 257 630 643 660 676 0
c D: 193 257 630 643 660 0
c D: 173 257 630 643 660 0
c D: 189 257 630 643 660 0
c D: 189 245 630 643 660 0
c D: 189 246 630 643 660 0
c D: 189 242 630 643 660 0
c D: 189 250 630 643 660 0
c D: 189 630 660 672 0
c D: 189 257 630 660 685 0
c D: 189 257 630 655 660 0
c D: 189 257 266 630 660 0
c D: 189 257 630 660 680 0
c D: 189 253 257 630 660 0
c D: 630 660 672 676 0
c D: 257 630 660 676 685 0
c D: 242 630 660 676 685 0
c D: 250 630 660 676 685 0
c D: 245 630 660 676 685 0
c D: 173 250 630 660 685 0
c D: 200 250 630 660 685 0
c D: 193 250 630 660 685 0
c D: 189 250 630 660 685 0
c D: 185 250 630 660 685 0
c D: 200 250 253 630 660 0
c D: 200 250 630 643 660 0
c D: 200 250 266 630 660 0
c D: 200 250 630 655 660 0
c D: 200 246 266 630 660 0
c D: 200 242 266 630 660 0
c D: 200 242 630 660 685 0
c D: 200 242 630 655 660 0
c D: 200 246 630 655 660 0
c D: 200 246 630 643 660 0
c D: 200 246 630 660 680 0
c D: 200 242 630 643 660 0
c D: 173 242 630 643 660 0
c D: 173 242 630 660 680 0
c D: 173 242 630 660 685 0
c D: 163 242 630 660 685 0
c D: 189 242 630 660 685 0
c D: 189 245 630 660 685 0
c D: 189 246 253 630 660 0
c D: 189 246 630 660 680 0
c D: 189 246 630 655 660 0
c D: 246 630 655 660 676 0
c D: 193 246 630 655 660 0
c D: 193 246 630 643 660 0
c D: 193 246 630 660 680 0
c D: 193 246 266 630 660 0
c D: 193 630 660 672 0
c D: 193 246 253 630 660 0
c D: 246 253 630 660 676 0
c D: 246 630 660 676 680 0
c D: 246 630 643 660 676 0
c D: 246 266 630 660 676 0
c D: 189 246 266 630 660 0
c D: 189 250 266 630 660 0
c D: 189 250 630 655 660 0
c D: 173 250 266 630 660 0
c D: 193 250 266 630 660 0
c D: 173 250 630 655 660 0
c D: 185 250 630 655 660 0
c D: 193 250 630 655 660 0
c D: 250 630 655 660 676 0
c D: 245 630 655 660 676 0
c D: 242 630 655 660 676 0
c D: 257 630 655 660 676 0
c D: 257 630 660 676 680 0
c D: 257 266 630 660 676 0
c D: 253 257 630 660 676 0
c D: 193 257 266 630 660 0
c D: 185 257 266 630 660 0
c D: 173 257 266 630 660 0
c D: 173 245 266 630 660 0
c D: 173 242 266 630 660 0
c D: 173 242 630 655 660 0
c D: 193 242 630 655 660 0
c D: 185 242 630 655 660 0
c D: 185 245 630 655 660 0
c D: 185 257 630 655 660 0
c D: 185 257 630 660 685 0
c D: 185 253 257 630 660 0
c D: 185 257 630 643 660 0
c D: 185 257 630 660 680 0
c D: 173 257 630 660 680 0
c D: 173 257 630 655 660 0
c D: 200 245 630 643 660 0
c D: 163 245 630 643 660 0
c D: 185 245 630 643 660 0
c D: 173 245 630 643 660 0
c D: 173 245 630 655 660 0
c D: 173 245 630 660 680 0
c D: 200 245 630 660 680 0
c D: 189 245 630 660 680 0
c D: 189 245 630 655 660 0
c D: 200 245 630 655 660 0
c D: 189 242 630 655 660 0
c D: 193 245 630 655 660 0
c D: 193 250 630 643 660 0
c D: 193 250 253 630 660 0
c D: 173 250 253 630 660 0
c D: 250 253 630 660 676 0
c D: 250 630 660 676 680 0
c D: 173 250 630 660 680 0
c D: 185 250 253 630 660 0
c D: 189 250 253 630 660 0
c D: 185 250 266 630 660 0
c D: 185 242 266 630 660 0
c D: 185 242 630 660 680 0
c D: 185 242 630 660 685 0
c D: 173 257 630 660 685 0
c D: 173 245 630 660 685 0
c D: 185 245 630 660 685 0
c D: 185 245 630 660 680 0
c D: 245 630 643 660 676 0
c D: 185 245 266 630 660 0
c D: 200 245 630 660 685 0
c D: 245 630 660 676 680 0
c D: 250 630 643 660 676 0
c D: 250 266 630 660 676 0
c D: 245 253 630 660 676 0
c D: 200 245 253 630 660 0
c D: 189 245 253 630 660 0
c D: 185 245 253 630 660 0
c D: 200 242 630 660 680 0
c D: 185 242 630 643 660 0
c D: 200 246 253 630 660 0
c D: 163 242 630 643 660 0
c D: 189 242 266 630 660 0
c D: 242 266 630 660 676 0
c D: 242 630 643 660 676 0
c D: 193 242 630 660 685 0
c D: 193 257 630 655 660 0
c D: 193 257 630 660 685 0
c D: 193 257 630 660 680 0
c D: 185 250 630 643 660 0
c D: 242 630 660 676 680 0
c D: 173 250 630 643 660 0
c D: 200 621 630 643 660 670 0
c D: 621 630 643 660 670 676 0
c D: 163 621 630 643 660 670 0
c D: 185 621 630 643 660 670 0
c D: 173 621 630 643 660 670 0
c D: 189 621 630 643 660 670 0
c D: 163 266 621 630 660 670 0
c D: 266 621 630 660 670 676 0
c D: 253 621 630 660 670 676 0
c D: 200 253 621 630 660 670 0
c D: 200 266 621 630 660 670 0
c D: 193 266 621 630 660 670 0
c D: 193 621 630 660 670 685 0
c D: 193 621 630 660 670 680 0
c D: 193 621 630 655 660 670 0
c D: 185 621 630 655 660 670 0
c D: 163 621 630 655 660 670 0
c D: 163 253 621 630 660 670 0
c D: 163 621 630 660 670 685 0
c D: 163 621 630 660 670 680 0
c D: 173 621 630 655 660 670 0
c D: 173 266 621 630 660 670 0
c D: 173 621 630 660 670 680 0
c D: 173 253 621 630 660 670 0
c D: 173 621 630 660 670 685 0
c D: 185 253 621 630 660 670 0
c D: 185 621 630 660 670 685 0
c D: 200 621 630 660 670 680 0
c D: 185 621 630 660 670 680 0
c D: 185 266 621 630 660 670 0
c D: 200 621 630 660 670 685 0
c D: 621 630 660 670 676 680 0
c D: 621 630 660 670 676 685 0
c D: 193 621 630 643 660 670 0
c D: 189 621 630 660 670 685 0
c D: 189 266 621 630 660 670 0
c D: 189 253 621 630 660 670 0
c D: 193 253 621 630 660 670 0
c D: 189 621 630 655 660 670 0
c D: 621 630 655 660 670 676 0
c D: 200 621 630 655 660 670 0
c D: 189 621 630 660 670 680 0
c D: 173 239 253 630 660 670 0
c D: 185 239 253 630 660 670 0
c D: 200 239 253 630 660 670 0
c D: 189 239 253 630 660 670 0
c D: 239 253 630 660 670 676 0
c D: 193 239 253 630 660 670 0
c D: 185 239 630 660 670 680 0
c D: 173 239 630 660 670 680 0
c D: 239 630 660 670 676 680 0
c D: 193 239 630 660 670 680 0
c D: 193 239 630 660 670 685 0
c D: 193 239 630 643 660 670 0
c D: 193 239 266 630 660 670 0
c D: 185 239 266 630 660 670 0
c D: 239 266 630 660 670 676 0
c D: 163 239 266 630 660 670 0
c D: 200 239 266 630 660 670 0
c D: 163 239 630 655 660 670 0
c D: 173 239 630 655 660 670 0
c D: 193 239 630 655 660 670 0
c D: 239 630 655 660 670 676 0
c D: 189 239 630 655 660 670 0
c D: 200 239 630 655 660 670 0
c D: 185 239 630 655 660 670 0
c D: 189 239 266 630 660 670 0
c D: 189 239 630 660 670 685 0
c D: 185 239 630 660 670 685 0
c D: 185 239 630 643 660 670 0
c D: 189 239 630 643 660 670 0
c D: 163 239 630 643 660 670 0
c D: 239 630 643 660 670 676 0
c D: 173 239 630 643 660 670 0
c D: 200 239 630 643 660 670 0
c D: 200 239 630 660 670 680 0
c D: 200 239 630 660 670 685 0
c D: 173 239 630 660 670 685 0
c D: 239 630 660 670 676 685 0
c D: 163 239 630 660 670 685 0
c D: 163 239 253 630 660 670 0
c D: 163 239 630 660 670 680 0
c D: 173 239 266 630 660 670 0
c D: 189 239 630 660 670 680 0
c D: 189 220 630 660 670 680 0
c D: 189 220 630 655 660 670 0
c D: 220 630 655 660 670 676 0
c D: 200 220 630 655 660 670 0
c D: 193 220 630 655 660 670 0
c D: 185 220 630 655 660 670 0
c D: 173 220 630 655 660 670 0
c D: 163 220 630 655 660 670 0
c D: 163 220 253 630 660 670 0
c D: 185 220 253 630 660 670 0
c D: 185 220 630 660 670 685 0
c D: 185 220 630 643 660 670 0
c D: 185 220 266 630 660 670 0
c D: 185 220 630 660 670 680 0
c D: 163 220 630 660 670 680 0
c D: 173 220 630 660 670 680 0
c D: 173 220 266 630 660 670 0
c D: 173 220 630 643 660 670 0
c D: 163 220 630 643 660 670 0
c D: 163 220 266 630 660 670 0
c D: 163 220 630 660 670 685 0
c D: 200 220 630 660 670 685 0
c D: 200 220 253 630 660 670 0
c D: 200 220 630 660 670 680 0
c D: 200 220 266 630 660 670 0
c D: 200 220 630 643 660 670 0
c D: 189 220 630 643 660 670 0
c D: 189 220 253 630 660 670 0
c D: 189 220 266 630 660 670 0
c D: 189 220 630 660 670 685 0
c D: 193 220 266 630 660 670 0
c D: 193 220 253 630 660 670 0
c D: 220 253 630 660 670 676 0
c D: 173 220 253 630 660 670 0
c D: 220 266 630 660 670 676 0
c D: 220 630 643 660 670 676 0
c D: 220 630 660 670 676 680 0
c D: 220 630 660 670 676 685 0
c D: 193 220 630 643 660 670 0
c D: 193 220 630 660 670 685 0
c D: 173 220 630 660 670 685 0
c D: 193 220 630 660 670 680 0

	Time: 84.10191535949707 ms
	Average Time: 84.53830083211263 ms

Averages
	ubuntu_c25_0.wcnf: 84.53830083211263 ms
['hsd/hsd', '-e', 'all', '-c', '-s', 'scenarios_wcnf/ubuntu_c25_0.wcnf']
ubuntu ubuntu_c25_0.wcnf
	Output: c # of failures: 5
s OPTIMUM FOUND
o 4
c D: 163 630 660 672 0
c D: 200 630 660 672 0
c D: 185 630 660 672 0
c D: 173 630 660 672 0
c D: 630 660 672 676 0
c D: 193 630 660 672 0
c D: 189 630 660 672 0
c D: 189 245 253 630 660 0
c D: 189 245 266 630 660 0
c D: 189 245 630 643 660 0
c D: 189 242 630 643 660 0
c D: 189 242 630 655 660 0
c D: 189 250 630 655 660 0
c D: 193 250 630 655 660 0
c D: 163 250 630 655 660 0
c D: 163 250 630 643 660 0
c D: 163 250 253 630 660 0
c D: 163 242 253 630 660 0
c D: 163 253 257 630 660 0
c D: 173 253 257 630 660 0
c D: 173 242 253 630 660 0
c D: 173 250 253 630 660 0
c D: 173 246 253 630 660 0
c D: 173 245 253 630 660 0
c D: 173 245 630 655 660 0
c D: 173 246 630 655 660 0
c D: 173 246 630 643 660 0
c D: 173 245 630 643 660 0
c D: 185 245 630 643 660 0
c D: 185 246 630 643 660 0
c D: 185 246 630 655 660 0
c D: 185 245 630 655 660 0
c D: 163 245 630 655 660 0
c D: 163 246 630 655 660 0
c D: 163 246 630 643 660 0
c D: 163 245 630 643 660 0
c D: 163 245 253 630 660 0
c D: 163 246 253 630 660 0
c D: 163 246 266 630 660 0
c D: 163 245 266 630 660 0
c D: 163 245 630 660 680 0
c D: 163 246 630 660 680 0
c D: 193 246 630 660 680 0
c D: 193 245 630 660 680 0
c D: 189 245 630 660 680 0
c D: 189 246 630 660 680 0
c D: 185 246 630 660 680 0
c D: 185 245 630 660 680 0
c D: 173 245 630 660 680 0
c D: 173 246 630 660 680 0
c D: 246 630 660 676 680 0
c D: 200 246 630 660 680 0
c D: 200 245 630 660 680 0
c D: 245 630 660 676 680 0
c D: 245 630 660 676 685 0
c D: 200 245 630 660 685 0
c D: 200 246 630 660 685 0
c D: 246 630 660 676 685 0
c D: 246 630 643 660 676 0
c D: 200 246 630 643 660 0
c D: 200 245 630 643 660 0
c D: 245 630 643 660 676 0
c D: 245 630 655 660 676 0
c D: 200 245 630 655 660 0
c D: 200 246 630 655 660 0
c D: 246 630 655 660 676 0
c D: 246 253 630 660 676 0
c D: 200 246 253 630 660 0
c D: 200 245 253 630 660 0
c D: 245 253 630 660 676 0
c D: 245 266 630 660 676 0
c D: 200 245 266 630 660 0
c D: 200 246 266 630 660 0
c D: 246 266 630 660 676 0
c D: 163 246 630 660 685 0
c D: 163 245 630 660 685 0
c D: 163 242 630 660 685 0
c D: 163 242 630 660 680 0
c D: 200 242 630 660 680 0
c D: 242 630 660 676 680 0
c D: 242 630 660 676 685 0
c D: 200 242 630 660 685 0
c D: 200 250 630 660 685 0
c D: 250 630 660 676 685 0
c D: 250 630 660 676 680 0
c D: 200 250 630 660 680 0
c D: 163 250 630 660 680 0
c D: 163 250 630 660 685 0
c D: 163 257 630 660 685 0
c D: 163 257 630 660 680 0
c D: 200 257 630 660 680 0
c D: 257 630 660 676 680 0
c D: 257 630 660 676 685 0
c D: 200 257 630 660 685 0
c D: 200 257 630 655 660 0
c D: 257 630 655 660 676 0
c D: 163 257 630 655 660 0
c D: 163 257 630 643 660 0
c D: 257 630 643 660 676 0
c D: 200 257 630 643 660 0
c D: 200 253 257 630 660 0
c D: 253 257 630 660 676 0
c D: 257 266 630 660 676 0
c D: 200 257 266 630 660 0
c D: 163 257 266 630 660 0
c D: 163 242 266 630 660 0
c D: 200 242 266 630 660 0
c D: 242 266 630 660 676 0
c D: 242 253 630 660 676 0
c D: 200 242 253 630 660 0
c D: 200 242 630 643 660 0
c D: 242 630 643 660 676 0
c D: 163 242 630 643 660 0
c D: 200 250 630 643 660 0
c D: 250 630 643 660 676 0
c D: 250 630 655 660 676 0
c D: 200 250 630 655 660 0
c D: 200 242 630 655 660 0
c D: 242 630 655 660 676 0
c D: 163 242 630 655 660 0
c D: 163 250 266 630 660 0
c D: 200 250 266 630 660 0
c D: 250 266 630 660 676 0
c D: 250 253 630 660 676 0
c D: 200 250 253 630 660 0
c D: 173 250 266 630 660 0
c D: 173 257 266 630 660 0
c D: 173 242 266 630 660 0
c D: 185 242 266 630 660 0
c D: 185 242 253 630 660 0
c D: 185 250 253 630 660 0
c D: 185 250 266 630 660 0
c D: 185 257 266 630 660 0
c D: 185 253 257 630 660 0
c D: 193 253 257 630 660 0
c D: 193 257 266 630 660 0
c D: 193 250 266 630 660 0
c D: 193 250 253 630 660 0
c D: 193 242 253 630 660 0
c D: 193 242 266 630 660 0
c D: 189 242 266 630 660 0
c D: 189 242 253 630 660 0
c D: 189 253 257 630 660 0
c D: 189 257 266 630 660 0
c D: 189 250 266 630 660 0
c D: 189 250 253 630 660 0
c D: 189 246 253 630 660 0
c D: 189 246 266 630 660 0
c D: 193 246 266 630 660 0
c D: 193 246 253 630 660 0
c D: 193 245 253 630 660 0
c D: 193 245 266 630 660 0
c D: 173 245 266 630 660 0
c D: 173 246 266 630 660 0
c D: 185 246 266 630 660 0
c D: 185 246 253 630 660 0
c D: 185 245 253 630 660 0
c D: 185 245 266 630 660 0
c D: 193 245 630 643 660 0
c D: 193 246 630 643 660 0
c D: 189 246 630 643 660 0
c D: 189 246 630 655 660 0
c D: 189 245 630 655 660 0
c D: 193 245 630 655 660 0
c D: 193 246 630 655 660 0
c D: 193 246 630 660 685 0
c D: 193 245 630 660 685 0
c D: 189 245 630 660 685 0
c D: 189 246 630 660 685 0
c D: 185 246 630 660 685 0
c D: 185 245 630 660 685 0
c D: 173 245 630 660 685 0
c D: 173 246 630 660 685 0
c D: 173 242 630 660 685 0
c D: 173 250 630 660 685 0
c D: 173 257 630 660 685 0
c D: 185 257 630 660 685 0
c D: 185 250 630 660 685 0
c D: 185 242 630 660 685 0
c D: 185 242 630 660 680 0
c D: 185 250 630 660 680 0
c D: 185 257 630 660 680 0
c D: 173 257 630 660 680 0
c D: 173 250 630 660 680 0
c D: 173 242 630 660 680 0
c D: 173 242 630 655 660 0
c D: 173 250 630 655 660 0
c D: 173 257 630 655 660 0
c D: 185 257 630 655 660 0
c D: 185 250 630 655 660 0
c D: 185 242 630 655 660 0
c D: 185 242 630 643 660 0
c D: 185 250 630 643 660 0
c D: 185 257 630 643 660 0
c D: 173 257 630 643 660 0
c D: 173 250 630 643 660 0
c D: 173 242 630 643 660 0
c D: 193 242 630 643 660 0
c D: 193 250 630 643 660 0
c D: 193 257 630 643 660 0
c D: 193 257 630 655 660 0
c D: 193 242 630 655 660 0
c D: 189 257 630 655 660 0
c D: 189 257 630 643 660 0
c D: 189 250 630 643 660 0
c D: 189 250 630 660 680 0
c D: 189 242 630 660 680 0
c D: 189 257 630 660 680 0
c D: 193 257 630 660 680 0
c D: 193 250 630 660 680 0
c D: 193 242 630 660 680 0
c D: 193 242 630 660 685 0
c D: 193 250 630 660 685 0
c D: 193 257 630 660 685 0
c D: 189 257 630 660 685 0
c D: 189 250 630 660 685 0
c D: 189 242 630 660 685 0
c D: 189 220 630 660 670 685 0
c D: 193 220 630 660 670 685 0
c D: 193 220 630 660 670 680 0
c D: 189 220 630 660 670 680 0
c D: 189 239 630 660 670 680 0
c D: 193 239 630 660 670 680 0
c D: 193 239 630 660 670 685 0
c D: 189 239 630 660 670 685 0
c D: 189 621 630 660 670 685 0
c D: 193 621 630 660 670 685 0
c D: 193 621 630 660 670 680 0
c D: 189 621 630 660 670 680 0
c D: 189 239 630 643 660 670 0
c D: 193 239 630 643 660 670 0
c D: 193 239 630 655 660 670 0
c D: 189 239 630 655 660 670 0
c D: 189 621 630 643 660 670 0
c D: 193 621 630 643 660 670 0
c D: 193 621 630 655 660 670 0
c D: 189 621 630 655 660 670 0
c D: 189 220 630 655 660 670 0
c D: 193 220 630 655 660 670 0
c D: 193 220 630 643 660 670 0
c D: 189 220 630 643 660 670 0
c D: 193 239 266 630 660 670 0
c D: 189 239 266 630 660 670 0
c D: 189 239 253 630 660 670 0
c D: 193 239 253 630 660 670 0
c D: 193 253 621 630 660 670 0
c D: 189 253 621 630 660 670 0
c D: 189 266 621 630 660 670 0
c D: 193 266 621 630 660 670 0
c D: 193 220 266 630 660 670 0
c D: 189 220 266 630 660 670 0
c D: 189 220 253 630 660 670 0
c D: 193 220 253 630 660 670 0
c D: 163 220 630 655 660 670 0
c D: 163 220 630 643 660 670 0
c D: 163 239 630 643 660 670 0
c D: 163 239 630 655 660 670 0
c D: 239 630 655 660 670 676 0
c D: 239 630 643 660 670 676 0
c D: 200 239 630 643 660 670 0
c D: 200 239 630 655 660 670 0
c D: 200 621 630 655 660 670 0
c D: 200 621 630 643 660 670 0
c D: 621 630 643 660 670 676 0
c D: 621 630 655 660 670 676 0
c D: 163 621 630 655 660 670 0
c D: 163 621 630 643 660 670 0
c D: 220 630 643 660 670 676 0
c D: 220 630 655 660 670 676 0
c D: 200 220 630 655 660 670 0
c D: 200 220 630 643 660 670 0
c D: 200 220 630 660 670 685 0
c D: 220 630 660 670 676 685 0
c D: 163 220 630 660 670 685 0
c D: 239 630 660 670 676 685 0
c D: 200 239 630 660 670 685 0
c D: 163 239 630 660 670 685 0
c D: 163 239 630 660 670 680 0
c D: 239 630 660 670 676 680 0
c D: 200 239 630 660 670 680 0
c D: 200 621 630 660 670 685 0
c D: 621 630 660 670 676 685 0
c D: 163 621 630 660 670 685 0
c D: 163 621 630 660 670 680 0
c D: 621 630 660 670 676 680 0
c D: 200 621 630 660 670 680 0
c D: 163 220 630 660 670 680 0
c D: 220 630 660 670 676 680 0
c D: 200 220 630 660 670 680 0
c D: 220 266 630 660 670 676 0
c D: 200 220 266 630 660 670 0
c D: 163 220 266 630 660 670 0
c D: 163 220 253 630 660 670 0
c D: 220 253 630 660 670 676 0
c D: 200 220 253 630 660 670 0
c D: 200 239 266 630 660 670 0
c D: 239 266 630 660 670 676 0
c D: 163 239 266 630 660 670 0
c D: 163 239 253 630 660 670 0
c D: 239 253 630 660 670 676 0
c D: 200 239 253 630 660 670 0
c D: 200 253 621 630 660 670 0
c D: 253 621 630 660 670 676 0
c D: 163 253 621 630 660 670 0
c D: 163 266 621 630 660 670 0
c D: 266 621 630 660 670 676 0
c D: 200 266 621 630 660 670 0
c D: 185 239 630 660 670 680 0
c D: 173 239 630 660 670 680 0
c D: 173 239 630 660 670 685 0
c D: 185 239 630 660 670 685 0
c D: 185 621 630 660 670 685 0
c D: 173 621 630 660 670 685 0
c D: 173 621 630 660 670 680 0
c D: 185 621 630 660 670 680 0
c D: 185 220 630 660 670 685 0
c D: 173 220 630 660 670 685 0
c D: 173 220 630 660 670 680 0
c D: 185 220 630 660 670 680 0
c D: 173 220 266 630 660 670 0
c D: 173 220 253 630 660 670 0
c D: 185 220 253 630 660 670 0
c D: 185 220 266 630 660 670 0
c D: 173 239 266 630 660 670 0
c D: 173 239 253 630 660 670 0
c D: 185 239 253 630 660 670 0
c D: 185 239 266 630 660 670 0
c D: 185 266 621 630 660 670 0
c D: 185 253 621 630 660 670 0
c D: 173 253 621 630 660 670 0
c D: 173 266 621 630 660 670 0
c D: 173 239 630 655 660 670 0
c D: 185 239 630 655 660 670 0
c D: 185 239 630 643 660 670 0
c D: 173 239 630 643 660 670 0
c D: 173 621 630 643 660 670 0
c D: 185 621 630 643 660 670 0
c D: 185 621 630 655 660 670 0
c D: 173 621 630 655 660 670 0
c D: 173 220 630 655 660 670 0
c D: 185 220 630 655 660 670 0
c D: 185 220 630 643 660 670 0
c D: 173 220 630 643 660 670 0

	Time: 96.92621231079102 ms
['hsd/hsd', '-e', 'all', '-c', '-s', 'scenarios_wcnf/ubuntu_c25_0.wcnf']
ubuntu ubuntu_c25_0.wcnf
	Output: c # of failures: 5
s OPTIMUM FOUND
o 4
c D: 163 630 660 672 0
c D: 200 630 660 672 0
c D: 185 630 660 672 0
c D: 173 630 660 672 0
c D: 630 660 672 676 0
c D: 193 630 660 672 0
c D: 189 630 660 672 0
c D: 189 245 253 630 660 0
c D: 189 245 266 630 660 0
c D: 189 245 630 643 660 0
c D: 189 242 630 643 660 0
c D: 189 242 630 655 660 0
c D: 189 250 630 655 660 0
c D: 193 250 630 655 660 0
c D: 163 250 630 655 660 0
c D: 163 250 630 643 660 0
c D: 163 250 253 630 660 0
c D: 163 242 253 630 660 0
c D: 163 253 257 630 660 0
c D: 173 253 257 630 660 0
c D: 173 242 253 630 660 0
c D: 173 250 253 630 660 0
c D: 173 246 253 630 660 0
c D: 173 245 253 630 660 0
c D: 173 245 630 655 660 0
c D: 173 246 630 655 660 0
c D: 173 246 630 643 660 0
c D: 173 245 630 643 660 0
c D: 185 245 630 643 660 0
c D: 185 246 630 643 660 0
c D: 185 246 630 655 660 0
c D: 185 245 630 655 660 0
c D: 163 245 630 655 660 0
c D: 163 246 630 655 660 0
c D: 163 246 630 643 660 0
c D: 163 245 630 643 660 0
c D: 163 245 253 630 660 0
c D: 163 246 253 630 660 0
c D: 163 246 266 630 660 0
c D: 163 245 266 630 660 0
c D: 163 245 630 660 680 0
c D: 163 246 630 660 680 0
c D: 193 246 630 660 680 0
c D: 193 245 630 660 680 0
c D: 189 245 630 660 680 0
c D: 189 246 630 660 680 0
c D: 185 246 630 660 680 0
c D: 185 245 630 660 680 0
c D: 173 245 630 660 680 0
c D: 173 246 630 660 680 0
c D: 246 630 660 676 680 0
c D: 200 246 630 660 680 0
c D: 200 245 630 660 680 0
c D: 245 630 660 676 680 0
c D: 245 630 660 676 685 0
c D: 200 245 630 660 685 0
c D: 200 246 630 660 685 0
c D: 246 630 660 676 685 0
c D: 246 630 643 660 676 0
c D: 200 246 630 643 660 0
c D: 200 245 630 643 660 0
c D: 245 630 643 660 676 0
c D: 245 630 655 660 676 0
c D: 200 245 630 655 660 0
c D: 200 246 630 655 660 0
c D: 246 630 655 660 676 0
c D: 246 253 630 660 676 0
c D: 200 246 253 630 660 0
c D: 200 245 253 630 660 0
c D: 245 253 630 660 676 0
c D: 245 266 630 660 676 0
c D: 200 245 266 630 660 0
c D: 200 246 266 630 660 0
c D: 246 266 630 660 676 0
c D: 163 246 630 660 685 0
c D: 163 245 630 660 685 0
c D: 163 242 630 660 685 0
c D: 163 242 630 660 680 0
c D: 200 242 630 660 680 0
c D: 242 630 660 676 680 0
c D: 242 630 660 676 685 0
c D: 200 242 630 660 685 0
c D: 200 250 630 660 685 0
c D: 250 630 660 676 685 0
c D: 250 630 660 676 680 0
c D: 200 250 630 660 680 0
c D: 163 250 630 660 680 0
c D: 163 250 630 660 685 0
c D: 163 257 630 660 685 0
c D: 163 257 630 660 680 0
c D: 200 257 630 660 680 0
c D: 257 630 660 676 680 0
c D: 257 630 660 676 685 0
c D: 200 257 630 660 685 0
c D: 200 257 630 655 660 0
c D: 257 630 655 660 676 0
c D: 163 257 630 655 660 0
c D: 163 257 630 643 660 0
c D: 257 630 643 660 676 0
c D: 200 257 630 643 660 0
c D: 200 253 257 630 660 0
c D: 253 257 630 660 676 0
c D: 257 266 630 660 676 0
c D: 200 257 266 630 660 0
c D: 163 257 266 630 660 0
c D: 163 242 266 630 660 0
c D: 200 242 266 630 660 0
c D: 242 266 630 660 676 0
c D: 242 253 630 660 676 0
c D: 200 242 253 630 660 0
c D: 200 242 630 643 660 0
c D: 242 630 643 660 676 0
c D: 163 242 630 643 660 0
c D: 200 250 630 643 660 0
c D: 250 630 643 660 676 0
c D: 250 630 655 660 676 0
c D: 200 250 630 655 660 0
c D: 200 242 630 655 660 0
c D: 242 630 655 660 676 0
c D: 163 242 630 655 660 0
c D: 163 250 266 630 660 0
c D: 200 250 266 630 660 0
c D: 250 266 630 660 676 0
c D: 250 253 630 660 676 0
c D: 200 250 253 630 660 0
c D: 173 250 266 630 660 0
c D: 173 257 266 630 660 0
c D: 173 242 266 630 660 0
c D: 185 242 266 630 660 0
c D: 185 242 253 630 660 0
c D: 185 250 253 630 660 0
c D: 185 250 266 630 660 0
c D: 185 257 266 630 660 0
c D: 185 253 257 630 660 0
c D: 193 253 257 630 660 0
c D: 193 257 266 630 660 0
c D: 193 250 266 630 660 0
c D: 193 250 253 630 660 0
c D: 193 242 253 630 660 0
c D: 193 242 266 630 660 0
c D: 189 242 266 630 660 0
c D: 189 242 253 630 660 0
c D: 189 253 257 630 660 0
c D: 189 257 266 630 660 0
c D: 189 250 266 630 660 0
c D: 189 250 253 630 660 0
c D: 189 246 253 630 660 0
c D: 189 246 266 630 660 0
c D: 193 246 266 630 660 0
c D: 193 246 253 630 660 0
c D: 193 245 253 630 660 0
c D: 193 245 266 630 660 0
c D: 173 245 266 630 660 0
c D: 173 246 266 630 660 0
c D: 185 246 266 630 660 0
c D: 185 246 253 630 660 0
c D: 185 245 253 630 660 0
c D: 185 245 266 630 660 0
c D: 193 245 630 643 660 0
c D: 193 246 630 643 660 0
c D: 189 246 630 643 660 0
c D: 189 246 630 655 660 0
c D: 189 245 630 655 660 0
c D: 193 245 630 655 660 0
c D: 193 246 630 655 660 0
c D: 193 246 630 660 685 0
c D: 193 245 630 660 685 0
c D: 189 245 630 660 685 0
c D: 189 246 630 660 685 0
c D: 185 246 630 660 685 0
c D: 185 245 630 660 685 0
c D: 173 245 630 660 685 0
c D: 173 246 630 660 685 0
c D: 173 242 630 660 685 0
c D: 173 250 630 660 685 0
c D: 173 257 630 660 685 0
c D: 185 257 630 660 685 0
c D: 185 250 630 660 685 0
c D: 185 242 630 660 685 0
c D: 185 242 630 660 680 0
c D: 185 250 630 660 680 0
c D: 185 257 630 660 680 0
c D: 173 257 630 660 680 0
c D: 173 250 630 660 680 0
c D: 173 242 630 660 680 0
c D: 173 242 630 655 660 0
c D: 173 250 630 655 660 0
c D: 173 257 630 655 660 0
c D: 185 257 630 655 660 0
c D: 185 250 630 655 660 0
c D: 185 242 630 655 660 0
c D: 185 242 630 643 660 0
c D: 185 250 630 643 660 0
c D: 185 257 630 643 660 0
c D: 173 257 630 643 660 0
c D: 173 250 630 643 660 0
c D: 173 242 630 643 660 0
c D: 193 242 630 643 660 0
c D: 193 250 630 643 660 0
c D: 193 257 630 643 660 0
c D: 193 257 630 655 660 0
c D: 193 242 630 655 660 0
c D: 189 257 630 655 660 0
c D: 189 257 630 643 660 0
c D: 189 250 630 643 660 0
c D: 189 250 630 660 680 0
c D: 189 242 630 660 680 0
c D: 189 257 630 660 680 0
c D: 193 257 630 660 680 0
c D: 193 250 630 660 680 0
c D: 193 242 630 660 680 0
c D: 193 242 630 660 685 0
c D: 193 250 630 660 685 0
c D: 193 257 630 660 685 0
c D: 189 257 630 660 685 0
c D: 189 250 630 660 685 0
c D: 189 242 630 660 685 0
c D: 189 220 630 660 670 685 0
c D: 193 220 630 660 670 685 0
c D: 193 220 630 660 670 680 0
c D: 189 220 630 660 670 680 0
c D: 189 239 630 660 670 680 0
c D: 193 239 630 660 670 680 0
c D: 193 239 630 660 670 685 0
c D: 189 239 630 660 670 685 0
c D: 189 621 630 660 670 685 0
c D: 193 621 630 660 670 685 0
c D: 193 621 630 660 670 680 0
c D: 189 621 630 660 670 680 0
c D: 189 239 630 643 660 670 0
c D: 193 239 630 643 660 670 0
c D: 193 239 630 655 660 670 0
c D: 189 239 630 655 660 670 0
c D: 189 621 630 643 660 670 0
c D: 193 621 630 643 660 670 0
c D: 193 621 630 655 660 670 0
c D: 189 621 630 655 660 670 0
c D: 189 220 630 655 660 670 0
c D: 193 220 630 655 660 670 0
c D: 193 220 630 643 660 670 0
c D: 189 220 630 643 660 670 0
c D: 193 239 266 630 660 670 0
c D: 189 239 266 630 660 670 0
c D: 189 239 253 630 660 670 0
c D: 193 239 253 630 660 670 0
c D: 193 253 621 630 660 670 0
c D: 189 253 621 630 660 670 0
c D: 189 266 621 630 660 670 0
c D: 193 266 621 630 660 670 0
c D: 193 220 266 630 660 670 0
c D: 189 220 266 630 660 670 0
c D: 189 220 253 630 660 670 0
c D: 193 220 253 630 660 670 0
c D: 163 220 630 655 660 670 0
c D: 163 220 630 643 660 670 0
c D: 163 239 630 643 660 670 0
c D: 163 239 630 655 660 670 0
c D: 239 630 655 660 670 676 0
c D: 239 630 643 660 670 676 0
c D: 200 239 630 643 660 670 0
c D: 200 239 630 655 660 670 0
c D: 200 621 630 655 660 670 0
c D: 200 621 630 643 660 670 0
c D: 621 630 643 660 670 676 0
c D: 621 630 655 660 670 676 0
c D: 163 621 630 655 660 670 0
c D: 163 621 630 643 660 670 0
c D: 220 630 643 660 670 676 0
c D: 220 630 655 660 670 676 0
c D: 200 220 630 655 660 670 0
c D: 200 220 630 643 660 670 0
c D: 200 220 630 660 670 685 0
c D: 220 630 660 670 676 685 0
c D: 163 220 630 660 670 685 0
c D: 239 630 660 670 676 685 0
c D: 200 239 630 660 670 685 0
c D: 163 239 630 660 670 685 0
c D: 163 239 630 660 670 680 0
c D: 239 630 660 670 676 680 0
c D: 200 239 630 660 670 680 0
c D: 200 621 630 660 670 685 0
c D: 621 630 660 670 676 685 0
c D: 163 621 630 660 670 685 0
c D: 163 621 630 660 670 680 0
c D: 621 630 660 670 676 680 0
c D: 200 621 630 660 670 680 0
c D: 163 220 630 660 670 680 0
c D: 220 630 660 670 676 680 0
c D: 200 220 630 660 670 680 0
c D: 220 266 630 660 670 676 0
c D: 200 220 266 630 660 670 0
c D: 163 220 266 630 660 670 0
c D: 163 220 253 630 660 670 0
c D: 220 253 630 660 670 676 0
c D: 200 220 253 630 660 670 0
c D: 200 239 266 630 660 670 0
c D: 239 266 630 660 670 676 0
c D: 163 239 266 630 660 670 0
c D: 163 239 253 630 660 670 0
c D: 239 253 630 660 670 676 0
c D: 200 239 253 630 660 670 0
c D: 200 253 621 630 660 670 0
c D: 253 621 630 660 670 676 0
c D: 163 253 621 630 660 670 0
c D: 163 266 621 630 660 670 0
c D: 266 621 630 660 670 676 0
c D: 200 266 621 630 660 670 0
c D: 185 239 630 660 670 680 0
c D: 173 239 630 660 670 680 0
c D: 173 239 630 660 670 685 0
c D: 185 239 630 660 670 685 0
c D: 185 621 630 660 670 685 0
c D: 173 621 630 660 670 685 0
c D: 173 621 630 660 670 680 0
c D: 185 621 630 660 670 680 0
c D: 185 220 630 660 670 685 0
c D: 173 220 630 660 670 685 0
c D: 173 220 630 660 670 680 0
c D: 185 220 630 660 670 680 0
c D: 173 220 266 630 660 670 0
c D: 173 220 253 630 660 670 0
c D: 185 220 253 630 660 670 0
c D: 185 220 266 630 660 670 0
c D: 173 239 266 630 660 670 0
c D: 173 239 253 630 660 670 0
c D: 185 239 253 630 660 670 0
c D: 185 239 266 630 660 670 0
c D: 185 266 621 630 660 670 0
c D: 185 253 621 630 660 670 0
c D: 173 253 621 630 660 670 0
c D: 173 266 621 630 660 670 0
c D: 173 239 630 655 660 670 0
c D: 185 239 630 655 660 670 0
c D: 185 239 630 643 660 670 0
c D: 173 239 630 643 660 670 0
c D: 173 621 630 643 660 670 0
c D: 185 621 630 643 660 670 0
c D: 185 621 630 655 660 670 0
c D: 173 621 630 655 660 670 0
c D: 173 220 630 655 660 670 0
c D: 185 220 630 655 660 670 0
c D: 185 220 630 643 660 670 0
c D: 173 220 630 643 660 670 0

	Time: 96.40097618103027 ms
['hsd/hsd', '-e', 'all', '-c', '-s', 'scenarios_wcnf/ubuntu_c25_0.wcnf']
ubuntu ubuntu_c25_0.wcnf
	Output: c # of failures: 5
s OPTIMUM FOUND
o 4
c D: 163 630 660 672 0
c D: 200 630 660 672 0
c D: 185 630 660 672 0
c D: 173 630 660 672 0
c D: 630 660 672 676 0
c D: 193 630 660 672 0
c D: 189 630 660 672 0
c D: 189 245 253 630 660 0
c D: 189 245 266 630 660 0
c D: 189 245 630 643 660 0
c D: 189 242 630 643 660 0
c D: 189 242 630 655 660 0
c D: 189 250 630 655 660 0
c D: 193 250 630 655 660 0
c D: 163 250 630 655 660 0
c D: 163 250 630 643 660 0
c D: 163 250 253 630 660 0
c D: 163 242 253 630 660 0
c D: 163 253 257 630 660 0
c D: 173 253 257 630 660 0
c D: 173 242 253 630 660 0
c D: 173 250 253 630 660 0
c D: 173 246 253 630 660 0
c D: 173 245 253 630 660 0
c D: 173 245 630 655 660 0
c D: 173 246 630 655 660 0
c D: 173 246 630 643 660 0
c D: 173 245 630 643 660 0
c D: 185 245 630 643 660 0
c D: 185 246 630 643 660 0
c D: 185 246 630 655 660 0
c D: 185 245 630 655 660 0
c D: 163 245 630 655 660 0
c D: 163 246 630 655 660 0
c D: 163 246 630 643 660 0
c D: 163 245 630 643 660 0
c D: 163 245 253 630 660 0
c D: 163 246 253 630 660 0
c D: 163 246 266 630 660 0
c D: 163 245 266 630 660 0
c D: 163 245 630 660 680 0
c D: 163 246 630 660 680 0
c D: 193 246 630 660 680 0
c D: 193 245 630 660 680 0
c D: 189 245 630 660 680 0
c D: 189 246 630 660 680 0
c D: 185 246 630 660 680 0
c D: 185 245 630 660 680 0
c D: 173 245 630 660 680 0
c D: 173 246 630 660 680 0
c D: 246 630 660 676 680 0
c D: 200 246 630 660 680 0
c D: 200 245 630 660 680 0
c D: 245 630 660 676 680 0
c D: 245 630 660 676 685 0
c D: 200 245 630 660 685 0
c D: 200 246 630 660 685 0
c D: 246 630 660 676 685 0
c D: 246 630 643 660 676 0
c D: 200 246 630 643 660 0
c D: 200 245 630 643 660 0
c D: 245 630 643 660 676 0
c D: 245 630 655 660 676 0
c D: 200 245 630 655 660 0
c D: 200 246 630 655 660 0
c D: 246 630 655 660 676 0
c D: 246 253 630 660 676 0
c D: 200 246 253 630 660 0
c D: 200 245 253 630 660 0
c D: 245 253 630 660 676 0
c D: 245 266 630 660 676 0
c D: 200 245 266 630 660 0
c D: 200 246 266 630 660 0
c D: 246 266 630 660 676 0
c D: 163 246 630 660 685 0
c D: 163 245 630 660 685 0
c D: 163 242 630 660 685 0
c D: 163 242 630 660 680 0
c D: 200 242 630 660 680 0
c D: 242 630 660 676 680 0
c D: 242 630 660 676 685 0
c D: 200 242 630 660 685 0
c D: 200 250 630 660 685 0
c D: 250 630 660 676 685 0
c D: 250 630 660 676 680 0
c D: 200 250 630 660 680 0
c D: 163 250 630 660 680 0
c D: 163 250 630 660 685 0
c D: 163 257 630 660 685 0
c D: 163 257 630 660 680 0
c D: 200 257 630 660 680 0
c D: 257 630 660 676 680 0
c D: 257 630 660 676 685 0
c D: 200 257 630 660 685 0
c D: 200 257 630 655 660 0
c D: 257 630 655 660 676 0
c D: 163 257 630 655 660 0
c D: 163 257 630 643 660 0
c D: 257 630 643 660 676 0
c D: 200 257 630 643 660 0
c D: 200 253 257 630 660 0
c D: 253 257 630 660 676 0
c D: 257 266 630 660 676 0
c D: 200 257 266 630 660 0
c D: 163 257 266 630 660 0
c D: 163 242 266 630 660 0
c D: 200 242 266 630 660 0
c D: 242 266 630 660 676 0
c D: 242 253 630 660 676 0
c D: 200 242 253 630 660 0
c D: 200 242 630 643 660 0
c D: 242 630 643 660 676 0
c D: 163 242 630 643 660 0
c D: 200 250 630 643 660 0
c D: 250 630 643 660 676 0
c D: 250 630 655 660 676 0
c D: 200 250 630 655 660 0
c D: 200 242 630 655 660 0
c D: 242 630 655 660 676 0
c D: 163 242 630 655 660 0
c D: 163 250 266 630 660 0
c D: 200 250 266 630 660 0
c D: 250 266 630 660 676 0
c D: 250 253 630 660 676 0
c D: 200 250 253 630 660 0
c D: 173 250 266 630 660 0
c D: 173 257 266 630 660 0
c D: 173 242 266 630 660 0
c D: 185 242 266 630 660 0
c D: 185 242 253 630 660 0
c D: 185 250 253 630 660 0
c D: 185 250 266 630 660 0
c D: 185 257 266 630 660 0
c D: 185 253 257 630 660 0
c D: 193 253 257 630 660 0
c D: 193 257 266 630 660 0
c D: 193 250 266 630 660 0
c D: 193 250 253 630 660 0
c D: 193 242 253 630 660 0
c D: 193 242 266 630 660 0
c D: 189 242 266 630 660 0
c D: 189 242 253 630 660 0
c D: 189 253 257 630 660 0
c D: 189 257 266 630 660 0
c D: 189 250 266 630 660 0
c D: 189 250 253 630 660 0
c D: 189 246 253 630 660 0
c D: 189 246 266 630 660 0
c D: 193 246 266 630 660 0
c D: 193 246 253 630 660 0
c D: 193 245 253 630 660 0
c D: 193 245 266 630 660 0
c D: 173 245 266 630 660 0
c D: 173 246 266 630 660 0
c D: 185 246 266 630 660 0
c D: 185 246 253 630 660 0
c D: 185 245 253 630 660 0
c D: 185 245 266 630 660 0
c D: 193 245 630 643 660 0
c D: 193 246 630 643 660 0
c D: 189 246 630 643 660 0
c D: 189 246 630 655 660 0
c D: 189 245 630 655 660 0
c D: 193 245 630 655 660 0
c D: 193 246 630 655 660 0
c D: 193 246 630 660 685 0
c D: 193 245 630 660 685 0
c D: 189 245 630 660 685 0
c D: 189 246 630 660 685 0
c D: 185 246 630 660 685 0
c D: 185 245 630 660 685 0
c D: 173 245 630 660 685 0
c D: 173 246 630 660 685 0
c D: 173 242 630 660 685 0
c D: 173 250 630 660 685 0
c D: 173 257 630 660 685 0
c D: 185 257 630 660 685 0
c D: 185 250 630 660 685 0
c D: 185 242 630 660 685 0
c D: 185 242 630 660 680 0
c D: 185 250 630 660 680 0
c D: 185 257 630 660 680 0
c D: 173 257 630 660 680 0
c D: 173 250 630 660 680 0
c D: 173 242 630 660 680 0
c D: 173 242 630 655 660 0
c D: 173 250 630 655 660 0
c D: 173 257 630 655 660 0
c D: 185 257 630 655 660 0
c D: 185 250 630 655 660 0
c D: 185 242 630 655 660 0
c D: 185 242 630 643 660 0
c D: 185 250 630 643 660 0
c D: 185 257 630 643 660 0
c D: 173 257 630 643 660 0
c D: 173 250 630 643 660 0
c D: 173 242 630 643 660 0
c D: 193 242 630 643 660 0
c D: 193 250 630 643 660 0
c D: 193 257 630 643 660 0
c D: 193 257 630 655 660 0
c D: 193 242 630 655 660 0
c D: 189 257 630 655 660 0
c D: 189 257 630 643 660 0
c D: 189 250 630 643 660 0
c D: 189 250 630 660 680 0
c D: 189 242 630 660 680 0
c D: 189 257 630 660 680 0
c D: 193 257 630 660 680 0
c D: 193 250 630 660 680 0
c D: 193 242 630 660 680 0
c D: 193 242 630 660 685 0
c D: 193 250 630 660 685 0
c D: 193 257 630 660 685 0
c D: 189 257 630 660 685 0
c D: 189 250 630 660 685 0
c D: 189 242 630 660 685 0
c D: 189 220 630 660 670 685 0
c D: 193 220 630 660 670 685 0
c D: 193 220 630 660 670 680 0
c D: 189 220 630 660 670 680 0
c D: 189 239 630 660 670 680 0
c D: 193 239 630 660 670 680 0
c D: 193 239 630 660 670 685 0
c D: 189 239 630 660 670 685 0
c D: 189 621 630 660 670 685 0
c D: 193 621 630 660 670 685 0
c D: 193 621 630 660 670 680 0
c D: 189 621 630 660 670 680 0
c D: 189 239 630 643 660 670 0
c D: 193 239 630 643 660 670 0
c D: 193 239 630 655 660 670 0
c D: 189 239 630 655 660 670 0
c D: 189 621 630 643 660 670 0
c D: 193 621 630 643 660 670 0
c D: 193 621 630 655 660 670 0
c D: 189 621 630 655 660 670 0
c D: 189 220 630 655 660 670 0
c D: 193 220 630 655 660 670 0
c D: 193 220 630 643 660 670 0
c D: 189 220 630 643 660 670 0
c D: 193 239 266 630 660 670 0
c D: 189 239 266 630 660 670 0
c D: 189 239 253 630 660 670 0
c D: 193 239 253 630 660 670 0
c D: 193 253 621 630 660 670 0
c D: 189 253 621 630 660 670 0
c D: 189 266 621 630 660 670 0
c D: 193 266 621 630 660 670 0
c D: 193 220 266 630 660 670 0
c D: 189 220 266 630 660 670 0
c D: 189 220 253 630 660 670 0
c D: 193 220 253 630 660 670 0
c D: 163 220 630 655 660 670 0
c D: 163 220 630 643 660 670 0
c D: 163 239 630 643 660 670 0
c D: 163 239 630 655 660 670 0
c D: 239 630 655 660 670 676 0
c D: 239 630 643 660 670 676 0
c D: 200 239 630 643 660 670 0
c D: 200 239 630 655 660 670 0
c D: 200 621 630 655 660 670 0
c D: 200 621 630 643 660 670 0
c D: 621 630 643 660 670 676 0
c D: 621 630 655 660 670 676 0
c D: 163 621 630 655 660 670 0
c D: 163 621 630 643 660 670 0
c D: 220 630 643 660 670 676 0
c D: 220 630 655 660 670 676 0
c D: 200 220 630 655 660 670 0
c D: 200 220 630 643 660 670 0
c D: 200 220 630 660 670 685 0
c D: 220 630 660 670 676 685 0
c D: 163 220 630 660 670 685 0
c D: 239 630 660 670 676 685 0
c D: 200 239 630 660 670 685 0
c D: 163 239 630 660 670 685 0
c D: 163 239 630 660 670 680 0
c D: 239 630 660 670 676 680 0
c D: 200 239 630 660 670 680 0
c D: 200 621 630 660 670 685 0
c D: 621 630 660 670 676 685 0
c D: 163 621 630 660 670 685 0
c D: 163 621 630 660 670 680 0
c D: 621 630 660 670 676 680 0
c D: 200 621 630 660 670 680 0
c D: 163 220 630 660 670 680 0
c D: 220 630 660 670 676 680 0
c D: 200 220 630 660 670 680 0
c D: 220 266 630 660 670 676 0
c D: 200 220 266 630 660 670 0
c D: 163 220 266 630 660 670 0
c D: 163 220 253 630 660 670 0
c D: 220 253 630 660 670 676 0
c D: 200 220 253 630 660 670 0
c D: 200 239 266 630 660 670 0
c D: 239 266 630 660 670 676 0
c D: 163 239 266 630 660 670 0
c D: 163 239 253 630 660 670 0
c D: 239 253 630 660 670 676 0
c D: 200 239 253 630 660 670 0
c D: 200 253 621 630 660 670 0
c D: 253 621 630 660 670 676 0
c D: 163 253 621 630 660 670 0
c D: 163 266 621 630 660 670 0
c D: 266 621 630 660 670 676 0
c D: 200 266 621 630 660 670 0
c D: 185 239 630 660 670 680 0
c D: 173 239 630 660 670 680 0
c D: 173 239 630 660 670 685 0
c D: 185 239 630 660 670 685 0
c D: 185 621 630 660 670 685 0
c D: 173 621 630 660 670 685 0
c D: 173 621 630 660 670 680 0
c D: 185 621 630 660 670 680 0
c D: 185 220 630 660 670 685 0
c D: 173 220 630 660 670 685 0
c D: 173 220 630 660 670 680 0
c D: 185 220 630 660 670 680 0
c D: 173 220 266 630 660 670 0
c D: 173 220 253 630 660 670 0
c D: 185 220 253 630 660 670 0
c D: 185 220 266 630 660 670 0
c D: 173 239 266 630 660 670 0
c D: 173 239 253 630 660 670 0
c D: 185 239 253 630 660 670 0
c D: 185 239 266 630 660 670 0
c D: 185 266 621 630 660 670 0
c D: 185 253 621 630 660 670 0
c D: 173 253 621 630 660 670 0
c D: 173 266 621 630 660 670 0
c D: 173 239 630 655 660 670 0
c D: 185 239 630 655 660 670 0
c D: 185 239 630 643 660 670 0
c D: 173 239 630 643 660 670 0
c D: 173 621 630 643 660 670 0
c D: 185 621 630 643 660 670 0
c D: 185 621 630 655 660 670 0
c D: 173 621 630 655 660 670 0
c D: 173 220 630 655 660 670 0
c D: 185 220 630 655 660 670 0
c D: 185 220 630 643 660 670 0
c D: 173 220 630 643 660 670 0

	Time: 97.33414649963379 ms
	Average Time: 96.88711166381836 ms

Averages
	ubuntu_c25_0.wcnf: 96.88711166381836 ms
['hsd/hsd', '-e', 'all', '-c', '-s', '-v', 'scenarios_wcnf/ubuntu_c25_0.wcnf']
ubuntu ubuntu_c25_0.wcnf
	Output: c Implicit hitting set based approach to MBD with multiple observations
c author(s):      Alexey Ignatiev     [email:aignatiev@ciencias.ulisboa.pt]
c contributor(s): Joao Marques-Silva  [email:jpms@ciencias.ulisboa.pt]
c contributor(s): Antonio Morgado     [email:ajmorgado@ciencias.ulisboa.pt]
c contributor(s): Georg Weissenbacher [email:georg.weissenbacher@tuwien.ac.at]
c 
c # of system cls: 690
c # of components: 689
c # of observations: 25
c # of failures: 5
c cost: 1; iters: 1
c cost: 2; iters: 2
c cost: 3; iters: 3
c cost: 4; iters: 5
s OPTIMUM FOUND
o 4
c D: 163 630 660 672 0
c D: 200 630 660 672 0
c D: 185 630 660 672 0
c D: 173 630 660 672 0
c D: 630 660 672 676 0
c D: 193 630 660 672 0
c D: 189 630 660 672 0
c cost: 5; iters: 12
c D: 189 245 253 630 660 0
c D: 189 245 266 630 660 0
c D: 189 245 630 643 660 0
c D: 189 242 630 643 660 0
c D: 189 242 630 655 660 0
c D: 189 250 630 655 660 0
c D: 193 250 630 655 660 0
c D: 163 250 630 655 660 0
c D: 163 250 630 643 660 0
c D: 163 250 253 630 660 0
c D: 163 242 253 630 660 0
c D: 163 253 257 630 660 0
c D: 173 253 257 630 660 0
c D: 173 242 253 630 660 0
c D: 173 250 253 630 660 0
c D: 173 246 253 630 660 0
c D: 173 245 253 630 660 0
c D: 173 245 630 655 660 0
c D: 173 246 630 655 660 0
c D: 173 246 630 643 660 0
c D: 173 245 630 643 660 0
c D: 185 245 630 643 660 0
c D: 185 246 630 643 660 0
c D: 185 246 630 655 660 0
c D: 185 245 630 655 660 0
c D: 163 245 630 655 660 0
c D: 163 246 630 655 660 0
c D: 163 246 630 643 660 0
c D: 163 245 630 643 660 0
c D: 163 245 253 630 660 0
c D: 163 246 253 630 660 0
c D: 163 246 266 630 660 0
c D: 163 245 266 630 660 0
c D: 163 245 630 660 680 0
c D: 163 246 630 660 680 0
c D: 193 246 630 660 680 0
c D: 193 245 630 660 680 0
c D: 189 245 630 660 680 0
c D: 189 246 630 660 680 0
c D: 185 246 630 660 680 0
c D: 185 245 630 660 680 0
c D: 173 245 630 660 680 0
c D: 173 246 630 660 680 0
c D: 246 630 660 676 680 0
c D: 200 246 630 660 680 0
c D: 200 245 630 660 680 0
c D: 245 630 660 676 680 0
c D: 245 630 660 676 685 0
c D: 200 245 630 660 685 0
c D: 200 246 630 660 685 0
c D: 246 630 660 676 685 0
c D: 246 630 643 660 676 0
c D: 200 246 630 643 660 0
c D: 200 245 630 643 660 0
c D: 245 630 643 660 676 0
c D: 245 630 655 660 676 0
c D: 200 245 630 655 660 0
c D: 200 246 630 655 660 0
c D: 246 630 655 660 676 0
c D: 246 253 630 660 676 0
c D: 200 246 253 630 660 0
c D: 200 245 253 630 660 0
c D: 245 253 630 660 676 0
c D: 245 266 630 660 676 0
c D: 200 245 266 630 660 0
c D: 200 246 266 630 660 0
c D: 246 266 630 660 676 0
c D: 163 246 630 660 685 0
c D: 163 245 630 660 685 0
c D: 163 242 630 660 685 0
c D: 163 242 630 660 680 0
c D: 200 242 630 660 680 0
c D: 242 630 660 676 680 0
c D: 242 630 660 676 685 0
c D: 200 242 630 660 685 0
c D: 200 250 630 660 685 0
c D: 250 630 660 676 685 0
c D: 250 630 660 676 680 0
c D: 200 250 630 660 680 0
c D: 163 250 630 660 680 0
c D: 163 250 630 660 685 0
c D: 163 257 630 660 685 0
c D: 163 257 630 660 680 0
c D: 200 257 630 660 680 0
c D: 257 630 660 676 680 0
c D: 257 630 660 676 685 0
c D: 200 257 630 660 685 0
c D: 200 257 630 655 660 0
c D: 257 630 655 660 676 0
c D: 163 257 630 655 660 0
c D: 163 257 630 643 660 0
c D: 257 630 643 660 676 0
c D: 200 257 630 643 660 0
c D: 200 253 257 630 660 0
c D: 253 257 630 660 676 0
c D: 257 266 630 660 676 0
c D: 200 257 266 630 660 0
c D: 163 257 266 630 660 0
c D: 163 242 266 630 660 0
c D: 200 242 266 630 660 0
c D: 242 266 630 660 676 0
c D: 242 253 630 660 676 0
c D: 200 242 253 630 660 0
c D: 200 242 630 643 660 0
c D: 242 630 643 660 676 0
c D: 163 242 630 643 660 0
c D: 200 250 630 643 660 0
c D: 250 630 643 660 676 0
c D: 250 630 655 660 676 0
c D: 200 250 630 655 660 0
c D: 200 242 630 655 660 0
c D: 242 630 655 660 676 0
c D: 163 242 630 655 660 0
c D: 163 250 266 630 660 0
c D: 200 250 266 630 660 0
c D: 250 266 630 660 676 0
c D: 250 253 630 660 676 0
c D: 200 250 253 630 660 0
c D: 173 250 266 630 660 0
c D: 173 257 266 630 660 0
c D: 173 242 266 630 660 0
c D: 185 242 266 630 660 0
c D: 185 242 253 630 660 0
c D: 185 250 253 630 660 0
c D: 185 250 266 630 660 0
c D: 185 257 266 630 660 0
c D: 185 253 257 630 660 0
c D: 193 253 257 630 660 0
c D: 193 257 266 630 660 0
c D: 193 250 266 630 660 0
c D: 193 250 253 630 660 0
c D: 193 242 253 630 660 0
c D: 193 242 266 630 660 0
c D: 189 242 266 630 660 0
c D: 189 242 253 630 660 0
c D: 189 253 257 630 660 0
c D: 189 257 266 630 660 0
c D: 189 250 266 630 660 0
c D: 189 250 253 630 660 0
c D: 189 246 253 630 660 0
c D: 189 246 266 630 660 0
c D: 193 246 266 630 660 0
c D: 193 246 253 630 660 0
c D: 193 245 253 630 660 0
c D: 193 245 266 630 660 0
c D: 173 245 266 630 660 0
c D: 173 246 266 630 660 0
c D: 185 246 266 630 660 0
c D: 185 246 253 630 660 0
c D: 185 245 253 630 660 0
c D: 185 245 266 630 660 0
c D: 193 245 630 643 660 0
c D: 193 246 630 643 660 0
c D: 189 246 630 643 660 0
c D: 189 246 630 655 660 0
c D: 189 245 630 655 660 0
c D: 193 245 630 655 660 0
c D: 193 246 630 655 660 0
c D: 193 246 630 660 685 0
c D: 193 245 630 660 685 0
c D: 189 245 630 660 685 0
c D: 189 246 630 660 685 0
c D: 185 246 630 660 685 0
c D: 185 245 630 660 685 0
c D: 173 245 630 660 685 0
c D: 173 246 630 660 685 0
c D: 173 242 630 660 685 0
c D: 173 250 630 660 685 0
c D: 173 257 630 660 685 0
c D: 185 257 630 660 685 0
c D: 185 250 630 660 685 0
c D: 185 242 630 660 685 0
c D: 185 242 630 660 680 0
c D: 185 250 630 660 680 0
c D: 185 257 630 660 680 0
c D: 173 257 630 660 680 0
c D: 173 250 630 660 680 0
c D: 173 242 630 660 680 0
c D: 173 242 630 655 660 0
c D: 173 250 630 655 660 0
c D: 173 257 630 655 660 0
c D: 185 257 630 655 660 0
c D: 185 250 630 655 660 0
c D: 185 242 630 655 660 0
c D: 185 242 630 643 660 0
c D: 185 250 630 643 660 0
c D: 185 257 630 643 660 0
c D: 173 257 630 643 660 0
c D: 173 250 630 643 660 0
c D: 173 242 630 643 660 0
c D: 193 242 630 643 660 0
c D: 193 250 630 643 660 0
c D: 193 257 630 643 660 0
c D: 193 257 630 655 660 0
c D: 193 242 630 655 660 0
c D: 189 257 630 655 660 0
c D: 189 257 630 643 660 0
c D: 189 250 630 643 660 0
c D: 189 250 630 660 680 0
c D: 189 242 630 660 680 0
c D: 189 257 630 660 680 0
c D: 193 257 630 660 680 0
c D: 193 250 630 660 680 0
c D: 193 242 630 660 680 0
c D: 193 242 630 660 685 0
c D: 193 250 630 660 685 0
c D: 193 257 630 660 685 0
c D: 189 257 630 660 685 0
c D: 189 250 630 660 685 0
c D: 189 242 630 660 685 0
c cost: 6; iters: 223
c D: 189 220 630 660 670 685 0
c D: 193 220 630 660 670 685 0
c D: 193 220 630 660 670 680 0
c D: 189 220 630 660 670 680 0
c D: 189 239 630 660 670 680 0
c D: 193 239 630 660 670 680 0
c D: 193 239 630 660 670 685 0
c D: 189 239 630 660 670 685 0
c D: 189 621 630 660 670 685 0
c D: 193 621 630 660 670 685 0
c D: 193 621 630 660 670 680 0
c D: 189 621 630 660 670 680 0
c D: 189 239 630 643 660 670 0
c D: 193 239 630 643 660 670 0
c D: 193 239 630 655 660 670 0
c D: 189 239 630 655 660 670 0
c D: 189 621 630 643 660 670 0
c D: 193 621 630 643 660 670 0
c D: 193 621 630 655 660 670 0
c D: 189 621 630 655 660 670 0
c D: 189 220 630 655 660 670 0
c D: 193 220 630 655 660 670 0
c D: 193 220 630 643 660 670 0
c D: 189 220 630 643 660 670 0
c D: 193 239 266 630 660 670 0
c D: 189 239 266 630 660 670 0
c D: 189 239 253 630 660 670 0
c D: 193 239 253 630 660 670 0
c D: 193 253 621 630 660 670 0
c D: 189 253 621 630 660 670 0
c D: 189 266 621 630 660 670 0
c D: 193 266 621 630 660 670 0
c D: 193 220 266 630 660 670 0
c D: 189 220 266 630 660 670 0
c D: 189 220 253 630 660 670 0
c D: 193 220 253 630 660 670 0
c D: 163 220 630 655 660 670 0
c D: 163 220 630 643 660 670 0
c D: 163 239 630 643 660 670 0
c D: 163 239 630 655 660 670 0
c D: 239 630 655 660 670 676 0
c D: 239 630 643 660 670 676 0
c D: 200 239 630 643 660 670 0
c D: 200 239 630 655 660 670 0
c D: 200 621 630 655 660 670 0
c D: 200 621 630 643 660 670 0
c D: 621 630 643 660 670 676 0
c D: 621 630 655 660 670 676 0
c D: 163 621 630 655 660 670 0
c D: 163 621 630 643 660 670 0
c D: 220 630 643 660 670 676 0
c D: 220 630 655 660 670 676 0
c D: 200 220 630 655 660 670 0
c D: 200 220 630 643 660 670 0
c D: 200 220 630 660 670 685 0
c D: 220 630 660 670 676 685 0
c D: 163 220 630 660 670 685 0
c D: 239 630 660 670 676 685 0
c D: 200 239 630 660 670 685 0
c D: 163 239 630 660 670 685 0
c D: 163 239 630 660 670 680 0
c D: 239 630 660 670 676 680 0
c D: 200 239 630 660 670 680 0
c D: 200 621 630 660 670 685 0
c D: 621 630 660 670 676 685 0
c D: 163 621 630 660 670 685 0
c D: 163 621 630 660 670 680 0
c D: 621 630 660 670 676 680 0
c D: 200 621 630 660 670 680 0
c D: 163 220 630 660 670 680 0
c D: 220 630 660 670 676 680 0
c D: 200 220 630 660 670 680 0
c D: 220 266 630 660 670 676 0
c D: 200 220 266 630 660 670 0
c D: 163 220 266 630 660 670 0
c D: 163 220 253 630 660 670 0
c D: 220 253 630 660 670 676 0
c D: 200 220 253 630 660 670 0
c D: 200 239 266 630 660 670 0
c D: 239 266 630 660 670 676 0
c D: 163 239 266 630 660 670 0
c D: 163 239 253 630 660 670 0
c D: 239 253 630 660 670 676 0
c D: 200 239 253 630 660 670 0
c D: 200 253 621 630 660 670 0
c D: 253 621 630 660 670 676 0
c D: 163 253 621 630 660 670 0
c D: 163 266 621 630 660 670 0
c D: 266 621 630 660 670 676 0
c D: 200 266 621 630 660 670 0
c D: 185 239 630 660 670 680 0
c D: 173 239 630 660 670 680 0
c D: 173 239 630 660 670 685 0
c D: 185 239 630 660 670 685 0
c D: 185 621 630 660 670 685 0
c D: 173 621 630 660 670 685 0
c D: 173 621 630 660 670 680 0
c D: 185 621 630 660 670 680 0
c D: 185 220 630 660 670 685 0
c D: 173 220 630 660 670 685 0
c D: 173 220 630 660 670 680 0
c D: 185 220 630 660 670 680 0
c D: 173 220 266 630 660 670 0
c D: 173 220 253 630 660 670 0
c D: 185 220 253 630 660 670 0
c D: 185 220 266 630 660 670 0
c D: 173 239 266 630 660 670 0
c D: 173 239 253 630 660 670 0
c D: 185 239 253 630 660 670 0
c D: 185 239 266 630 660 670 0
c D: 185 266 621 630 660 670 0
c D: 185 253 621 630 660 670 0
c D: 173 253 621 630 660 670 0
c D: 173 266 621 630 660 670 0
c D: 173 239 630 655 660 670 0
c D: 185 239 630 655 660 670 0
c D: 185 239 630 643 660 670 0
c D: 173 239 630 643 660 670 0
c D: 173 621 630 643 660 670 0
c D: 185 621 630 643 660 670 0
c D: 185 621 630 655 660 670 0
c D: 173 621 630 655 660 670 0
c D: 173 220 630 655 660 670 0
c D: 185 220 630 655 660 670 0
c D: 185 220 630 643 660 670 0
c D: 173 220 630 643 660 670 0
c # of iters: 349
c # of diags: 343
c # of expls: 6

	Time: 96.45295143127441 ms
['hsd/hsd', '-e', 'all', '-c', '-s', '-v', 'scenarios_wcnf/ubuntu_c25_0.wcnf']
ubuntu ubuntu_c25_0.wcnf
	Output: c Implicit hitting set based approach to MBD with multiple observations
c author(s):      Alexey Ignatiev     [email:aignatiev@ciencias.ulisboa.pt]
c contributor(s): Joao Marques-Silva  [email:jpms@ciencias.ulisboa.pt]
c contributor(s): Antonio Morgado     [email:ajmorgado@ciencias.ulisboa.pt]
c contributor(s): Georg Weissenbacher [email:georg.weissenbacher@tuwien.ac.at]
c 
c # of system cls: 690
c # of components: 689
c # of observations: 25
c # of failures: 5
c cost: 1; iters: 1
c cost: 2; iters: 2
c cost: 3; iters: 3
c cost: 4; iters: 5
s OPTIMUM FOUND
o 4
c D: 163 630 660 672 0
c D: 200 630 660 672 0
c D: 185 630 660 672 0
c D: 173 630 660 672 0
c D: 630 660 672 676 0
c D: 193 630 660 672 0
c D: 189 630 660 672 0
c cost: 5; iters: 12
c D: 189 245 253 630 660 0
c D: 189 245 266 630 660 0
c D: 189 245 630 643 660 0
c D: 189 242 630 643 660 0
c D: 189 242 630 655 660 0
c D: 189 250 630 655 660 0
c D: 193 250 630 655 660 0
c D: 163 250 630 655 660 0
c D: 163 250 630 643 660 0
c D: 163 250 253 630 660 0
c D: 163 242 253 630 660 0
c D: 163 253 257 630 660 0
c D: 173 253 257 630 660 0
c D: 173 242 253 630 660 0
c D: 173 250 253 630 660 0
c D: 173 246 253 630 660 0
c D: 173 245 253 630 660 0
c D: 173 245 630 655 660 0
c D: 173 246 630 655 660 0
c D: 173 246 630 643 660 0
c D: 173 245 630 643 660 0
c D: 185 245 630 643 660 0
c D: 185 246 630 643 660 0
c D: 185 246 630 655 660 0
c D: 185 245 630 655 660 0
c D: 163 245 630 655 660 0
c D: 163 246 630 655 660 0
c D: 163 246 630 643 660 0
c D: 163 245 630 643 660 0
c D: 163 245 253 630 660 0
c D: 163 246 253 630 660 0
c D: 163 246 266 630 660 0
c D: 163 245 266 630 660 0
c D: 163 245 630 660 680 0
c D: 163 246 630 660 680 0
c D: 193 246 630 660 680 0
c D: 193 245 630 660 680 0
c D: 189 245 630 660 680 0
c D: 189 246 630 660 680 0
c D: 185 246 630 660 680 0
c D: 185 245 630 660 680 0
c D: 173 245 630 660 680 0
c D: 173 246 630 660 680 0
c D: 246 630 660 676 680 0
c D: 200 246 630 660 680 0
c D: 200 245 630 660 680 0
c D: 245 630 660 676 680 0
c D: 245 630 660 676 685 0
c D: 200 245 630 660 685 0
c D: 200 246 630 660 685 0
c D: 246 630 660 676 685 0
c D: 246 630 643 660 676 0
c D: 200 246 630 643 660 0
c D: 200 245 630 643 660 0
c D: 245 630 643 660 676 0
c D: 245 630 655 660 676 0
c D: 200 245 630 655 660 0
c D: 200 246 630 655 660 0
c D: 246 630 655 660 676 0
c D: 246 253 630 660 676 0
c D: 200 246 253 630 660 0
c D: 200 245 253 630 660 0
c D: 245 253 630 660 676 0
c D: 245 266 630 660 676 0
c D: 200 245 266 630 660 0
c D: 200 246 266 630 660 0
c D: 246 266 630 660 676 0
c D: 163 246 630 660 685 0
c D: 163 245 630 660 685 0
c D: 163 242 630 660 685 0
c D: 163 242 630 660 680 0
c D: 200 242 630 660 680 0
c D: 242 630 660 676 680 0
c D: 242 630 660 676 685 0
c D: 200 242 630 660 685 0
c D: 200 250 630 660 685 0
c D: 250 630 660 676 685 0
c D: 250 630 660 676 680 0
c D: 200 250 630 660 680 0
c D: 163 250 630 660 680 0
c D: 163 250 630 660 685 0
c D: 163 257 630 660 685 0
c D: 163 257 630 660 680 0
c D: 200 257 630 660 680 0
c D: 257 630 660 676 680 0
c D: 257 630 660 676 685 0
c D: 200 257 630 660 685 0
c D: 200 257 630 655 660 0
c D: 257 630 655 660 676 0
c D: 163 257 630 655 660 0
c D: 163 257 630 643 660 0
c D: 257 630 643 660 676 0
c D: 200 257 630 643 660 0
c D: 200 253 257 630 660 0
c D: 253 257 630 660 676 0
c D: 257 266 630 660 676 0
c D: 200 257 266 630 660 0
c D: 163 257 266 630 660 0
c D: 163 242 266 630 660 0
c D: 200 242 266 630 660 0
c D: 242 266 630 660 676 0
c D: 242 253 630 660 676 0
c D: 200 242 253 630 660 0
c D: 200 242 630 643 660 0
c D: 242 630 643 660 676 0
c D: 163 242 630 643 660 0
c D: 200 250 630 643 660 0
c D: 250 630 643 660 676 0
c D: 250 630 655 660 676 0
c D: 200 250 630 655 660 0
c D: 200 242 630 655 660 0
c D: 242 630 655 660 676 0
c D: 163 242 630 655 660 0
c D: 163 250 266 630 660 0
c D: 200 250 266 630 660 0
c D: 250 266 630 660 676 0
c D: 250 253 630 660 676 0
c D: 200 250 253 630 660 0
c D: 173 250 266 630 660 0
c D: 173 257 266 630 660 0
c D: 173 242 266 630 660 0
c D: 185 242 266 630 660 0
c D: 185 242 253 630 660 0
c D: 185 250 253 630 660 0
c D: 185 250 266 630 660 0
c D: 185 257 266 630 660 0
c D: 185 253 257 630 660 0
c D: 193 253 257 630 660 0
c D: 193 257 266 630 660 0
c D: 193 250 266 630 660 0
c D: 193 250 253 630 660 0
c D: 193 242 253 630 660 0
c D: 193 242 266 630 660 0
c D: 189 242 266 630 660 0
c D: 189 242 253 630 660 0
c D: 189 253 257 630 660 0
c D: 189 257 266 630 660 0
c D: 189 250 266 630 660 0
c D: 189 250 253 630 660 0
c D: 189 246 253 630 660 0
c D: 189 246 266 630 660 0
c D: 193 246 266 630 660 0
c D: 193 246 253 630 660 0
c D: 193 245 253 630 660 0
c D: 193 245 266 630 660 0
c D: 173 245 266 630 660 0
c D: 173 246 266 630 660 0
c D: 185 246 266 630 660 0
c D: 185 246 253 630 660 0
c D: 185 245 253 630 660 0
c D: 185 245 266 630 660 0
c D: 193 245 630 643 660 0
c D: 193 246 630 643 660 0
c D: 189 246 630 643 660 0
c D: 189 246 630 655 660 0
c D: 189 245 630 655 660 0
c D: 193 245 630 655 660 0
c D: 193 246 630 655 660 0
c D: 193 246 630 660 685 0
c D: 193 245 630 660 685 0
c D: 189 245 630 660 685 0
c D: 189 246 630 660 685 0
c D: 185 246 630 660 685 0
c D: 185 245 630 660 685 0
c D: 173 245 630 660 685 0
c D: 173 246 630 660 685 0
c D: 173 242 630 660 685 0
c D: 173 250 630 660 685 0
c D: 173 257 630 660 685 0
c D: 185 257 630 660 685 0
c D: 185 250 630 660 685 0
c D: 185 242 630 660 685 0
c D: 185 242 630 660 680 0
c D: 185 250 630 660 680 0
c D: 185 257 630 660 680 0
c D: 173 257 630 660 680 0
c D: 173 250 630 660 680 0
c D: 173 242 630 660 680 0
c D: 173 242 630 655 660 0
c D: 173 250 630 655 660 0
c D: 173 257 630 655 660 0
c D: 185 257 630 655 660 0
c D: 185 250 630 655 660 0
c D: 185 242 630 655 660 0
c D: 185 242 630 643 660 0
c D: 185 250 630 643 660 0
c D: 185 257 630 643 660 0
c D: 173 257 630 643 660 0
c D: 173 250 630 643 660 0
c D: 173 242 630 643 660 0
c D: 193 242 630 643 660 0
c D: 193 250 630 643 660 0
c D: 193 257 630 643 660 0
c D: 193 257 630 655 660 0
c D: 193 242 630 655 660 0
c D: 189 257 630 655 660 0
c D: 189 257 630 643 660 0
c D: 189 250 630 643 660 0
c D: 189 250 630 660 680 0
c D: 189 242 630 660 680 0
c D: 189 257 630 660 680 0
c D: 193 257 630 660 680 0
c D: 193 250 630 660 680 0
c D: 193 242 630 660 680 0
c D: 193 242 630 660 685 0
c D: 193 250 630 660 685 0
c D: 193 257 630 660 685 0
c D: 189 257 630 660 685 0
c D: 189 250 630 660 685 0
c D: 189 242 630 660 685 0
c cost: 6; iters: 223
c D: 189 220 630 660 670 685 0
c D: 193 220 630 660 670 685 0
c D: 193 220 630 660 670 680 0
c D: 189 220 630 660 670 680 0
c D: 189 239 630 660 670 680 0
c D: 193 239 630 660 670 680 0
c D: 193 239 630 660 670 685 0
c D: 189 239 630 660 670 685 0
c D: 189 621 630 660 670 685 0
c D: 193 621 630 660 670 685 0
c D: 193 621 630 660 670 680 0
c D: 189 621 630 660 670 680 0
c D: 189 239 630 643 660 670 0
c D: 193 239 630 643 660 670 0
c D: 193 239 630 655 660 670 0
c D: 189 239 630 655 660 670 0
c D: 189 621 630 643 660 670 0
c D: 193 621 630 643 660 670 0
c D: 193 621 630 655 660 670 0
c D: 189 621 630 655 660 670 0
c D: 189 220 630 655 660 670 0
c D: 193 220 630 655 660 670 0
c D: 193 220 630 643 660 670 0
c D: 189 220 630 643 660 670 0
c D: 193 239 266 630 660 670 0
c D: 189 239 266 630 660 670 0
c D: 189 239 253 630 660 670 0
c D: 193 239 253 630 660 670 0
c D: 193 253 621 630 660 670 0
c D: 189 253 621 630 660 670 0
c D: 189 266 621 630 660 670 0
c D: 193 266 621 630 660 670 0
c D: 193 220 266 630 660 670 0
c D: 189 220 266 630 660 670 0
c D: 189 220 253 630 660 670 0
c D: 193 220 253 630 660 670 0
c D: 163 220 630 655 660 670 0
c D: 163 220 630 643 660 670 0
c D: 163 239 630 643 660 670 0
c D: 163 239 630 655 660 670 0
c D: 239 630 655 660 670 676 0
c D: 239 630 643 660 670 676 0
c D: 200 239 630 643 660 670 0
c D: 200 239 630 655 660 670 0
c D: 200 621 630 655 660 670 0
c D: 200 621 630 643 660 670 0
c D: 621 630 643 660 670 676 0
c D: 621 630 655 660 670 676 0
c D: 163 621 630 655 660 670 0
c D: 163 621 630 643 660 670 0
c D: 220 630 643 660 670 676 0
c D: 220 630 655 660 670 676 0
c D: 200 220 630 655 660 670 0
c D: 200 220 630 643 660 670 0
c D: 200 220 630 660 670 685 0
c D: 220 630 660 670 676 685 0
c D: 163 220 630 660 670 685 0
c D: 239 630 660 670 676 685 0
c D: 200 239 630 660 670 685 0
c D: 163 239 630 660 670 685 0
c D: 163 239 630 660 670 680 0
c D: 239 630 660 670 676 680 0
c D: 200 239 630 660 670 680 0
c D: 200 621 630 660 670 685 0
c D: 621 630 660 670 676 685 0
c D: 163 621 630 660 670 685 0
c D: 163 621 630 660 670 680 0
c D: 621 630 660 670 676 680 0
c D: 200 621 630 660 670 680 0
c D: 163 220 630 660 670 680 0
c D: 220 630 660 670 676 680 0
c D: 200 220 630 660 670 680 0
c D: 220 266 630 660 670 676 0
c D: 200 220 266 630 660 670 0
c D: 163 220 266 630 660 670 0
c D: 163 220 253 630 660 670 0
c D: 220 253 630 660 670 676 0
c D: 200 220 253 630 660 670 0
c D: 200 239 266 630 660 670 0
c D: 239 266 630 660 670 676 0
c D: 163 239 266 630 660 670 0
c D: 163 239 253 630 660 670 0
c D: 239 253 630 660 670 676 0
c D: 200 239 253 630 660 670 0
c D: 200 253 621 630 660 670 0
c D: 253 621 630 660 670 676 0
c D: 163 253 621 630 660 670 0
c D: 163 266 621 630 660 670 0
c D: 266 621 630 660 670 676 0
c D: 200 266 621 630 660 670 0
c D: 185 239 630 660 670 680 0
c D: 173 239 630 660 670 680 0
c D: 173 239 630 660 670 685 0
c D: 185 239 630 660 670 685 0
c D: 185 621 630 660 670 685 0
c D: 173 621 630 660 670 685 0
c D: 173 621 630 660 670 680 0
c D: 185 621 630 660 670 680 0
c D: 185 220 630 660 670 685 0
c D: 173 220 630 660 670 685 0
c D: 173 220 630 660 670 680 0
c D: 185 220 630 660 670 680 0
c D: 173 220 266 630 660 670 0
c D: 173 220 253 630 660 670 0
c D: 185 220 253 630 660 670 0
c D: 185 220 266 630 660 670 0
c D: 173 239 266 630 660 670 0
c D: 173 239 253 630 660 670 0
c D: 185 239 253 630 660 670 0
c D: 185 239 266 630 660 670 0
c D: 185 266 621 630 660 670 0
c D: 185 253 621 630 660 670 0
c D: 173 253 621 630 660 670 0
c D: 173 266 621 630 660 670 0
c D: 173 239 630 655 660 670 0
c D: 185 239 630 655 660 670 0
c D: 185 239 630 643 660 670 0
c D: 173 239 630 643 660 670 0
c D: 173 621 630 643 660 670 0
c D: 185 621 630 643 660 670 0
c D: 185 621 630 655 660 670 0
c D: 173 621 630 655 660 670 0
c D: 173 220 630 655 660 670 0
c D: 185 220 630 655 660 670 0
c D: 185 220 630 643 660 670 0
c D: 173 220 630 643 660 670 0
c # of iters: 349
c # of diags: 343
c # of expls: 6

	Time: 97.81599044799805 ms
['hsd/hsd', '-e', 'all', '-c', '-s', '-v', 'scenarios_wcnf/ubuntu_c25_0.wcnf']
ubuntu ubuntu_c25_0.wcnf
	Output: c Implicit hitting set based approach to MBD with multiple observations
c author(s):      Alexey Ignatiev     [email:aignatiev@ciencias.ulisboa.pt]
c contributor(s): Joao Marques-Silva  [email:jpms@ciencias.ulisboa.pt]
c contributor(s): Antonio Morgado     [email:ajmorgado@ciencias.ulisboa.pt]
c contributor(s): Georg Weissenbacher [email:georg.weissenbacher@tuwien.ac.at]
c 
c # of system cls: 690
c # of components: 689
c # of observations: 25
c # of failures: 5
c cost: 1; iters: 1
c cost: 2; iters: 2
c cost: 3; iters: 3
c cost: 4; iters: 5
s OPTIMUM FOUND
o 4
c D: 163 630 660 672 0
c D: 200 630 660 672 0
c D: 185 630 660 672 0
c D: 173 630 660 672 0
c D: 630 660 672 676 0
c D: 193 630 660 672 0
c D: 189 630 660 672 0
c cost: 5; iters: 12
c D: 189 245 253 630 660 0
c D: 189 245 266 630 660 0
c D: 189 245 630 643 660 0
c D: 189 242 630 643 660 0
c D: 189 242 630 655 660 0
c D: 189 250 630 655 660 0
c D: 193 250 630 655 660 0
c D: 163 250 630 655 660 0
c D: 163 250 630 643 660 0
c D: 163 250 253 630 660 0
c D: 163 242 253 630 660 0
c D: 163 253 257 630 660 0
c D: 173 253 257 630 660 0
c D: 173 242 253 630 660 0
c D: 173 250 253 630 660 0
c D: 173 246 253 630 660 0
c D: 173 245 253 630 660 0
c D: 173 245 630 655 660 0
c D: 173 246 630 655 660 0
c D: 173 246 630 643 660 0
c D: 173 245 630 643 660 0
c D: 185 245 630 643 660 0
c D: 185 246 630 643 660 0
c D: 185 246 630 655 660 0
c D: 185 245 630 655 660 0
c D: 163 245 630 655 660 0
c D: 163 246 630 655 660 0
c D: 163 246 630 643 660 0
c D: 163 245 630 643 660 0
c D: 163 245 253 630 660 0
c D: 163 246 253 630 660 0
c D: 163 246 266 630 660 0
c D: 163 245 266 630 660 0
c D: 163 245 630 660 680 0
c D: 163 246 630 660 680 0
c D: 193 246 630 660 680 0
c D: 193 245 630 660 680 0
c D: 189 245 630 660 680 0
c D: 189 246 630 660 680 0
c D: 185 246 630 660 680 0
c D: 185 245 630 660 680 0
c D: 173 245 630 660 680 0
c D: 173 246 630 660 680 0
c D: 246 630 660 676 680 0
c D: 200 246 630 660 680 0
c D: 200 245 630 660 680 0
c D: 245 630 660 676 680 0
c D: 245 630 660 676 685 0
c D: 200 245 630 660 685 0
c D: 200 246 630 660 685 0
c D: 246 630 660 676 685 0
c D: 246 630 643 660 676 0
c D: 200 246 630 643 660 0
c D: 200 245 630 643 660 0
c D: 245 630 643 660 676 0
c D: 245 630 655 660 676 0
c D: 200 245 630 655 660 0
c D: 200 246 630 655 660 0
c D: 246 630 655 660 676 0
c D: 246 253 630 660 676 0
c D: 200 246 253 630 660 0
c D: 200 245 253 630 660 0
c D: 245 253 630 660 676 0
c D: 245 266 630 660 676 0
c D: 200 245 266 630 660 0
c D: 200 246 266 630 660 0
c D: 246 266 630 660 676 0
c D: 163 246 630 660 685 0
c D: 163 245 630 660 685 0
c D: 163 242 630 660 685 0
c D: 163 242 630 660 680 0
c D: 200 242 630 660 680 0
c D: 242 630 660 676 680 0
c D: 242 630 660 676 685 0
c D: 200 242 630 660 685 0
c D: 200 250 630 660 685 0
c D: 250 630 660 676 685 0
c D: 250 630 660 676 680 0
c D: 200 250 630 660 680 0
c D: 163 250 630 660 680 0
c D: 163 250 630 660 685 0
c D: 163 257 630 660 685 0
c D: 163 257 630 660 680 0
c D: 200 257 630 660 680 0
c D: 257 630 660 676 680 0
c D: 257 630 660 676 685 0
c D: 200 257 630 660 685 0
c D: 200 257 630 655 660 0
c D: 257 630 655 660 676 0
c D: 163 257 630 655 660 0
c D: 163 257 630 643 660 0
c D: 257 630 643 660 676 0
c D: 200 257 630 643 660 0
c D: 200 253 257 630 660 0
c D: 253 257 630 660 676 0
c D: 257 266 630 660 676 0
c D: 200 257 266 630 660 0
c D: 163 257 266 630 660 0
c D: 163 242 266 630 660 0
c D: 200 242 266 630 660 0
c D: 242 266 630 660 676 0
c D: 242 253 630 660 676 0
c D: 200 242 253 630 660 0
c D: 200 242 630 643 660 0
c D: 242 630 643 660 676 0
c D: 163 242 630 643 660 0
c D: 200 250 630 643 660 0
c D: 250 630 643 660 676 0
c D: 250 630 655 660 676 0
c D: 200 250 630 655 660 0
c D: 200 242 630 655 660 0
c D: 242 630 655 660 676 0
c D: 163 242 630 655 660 0
c D: 163 250 266 630 660 0
c D: 200 250 266 630 660 0
c D: 250 266 630 660 676 0
c D: 250 253 630 660 676 0
c D: 200 250 253 630 660 0
c D: 173 250 266 630 660 0
c D: 173 257 266 630 660 0
c D: 173 242 266 630 660 0
c D: 185 242 266 630 660 0
c D: 185 242 253 630 660 0
c D: 185 250 253 630 660 0
c D: 185 250 266 630 660 0
c D: 185 257 266 630 660 0
c D: 185 253 257 630 660 0
c D: 193 253 257 630 660 0
c D: 193 257 266 630 660 0
c D: 193 250 266 630 660 0
c D: 193 250 253 630 660 0
c D: 193 242 253 630 660 0
c D: 193 242 266 630 660 0
c D: 189 242 266 630 660 0
c D: 189 242 253 630 660 0
c D: 189 253 257 630 660 0
c D: 189 257 266 630 660 0
c D: 189 250 266 630 660 0
c D: 189 250 253 630 660 0
c D: 189 246 253 630 660 0
c D: 189 246 266 630 660 0
c D: 193 246 266 630 660 0
c D: 193 246 253 630 660 0
c D: 193 245 253 630 660 0
c D: 193 245 266 630 660 0
c D: 173 245 266 630 660 0
c D: 173 246 266 630 660 0
c D: 185 246 266 630 660 0
c D: 185 246 253 630 660 0
c D: 185 245 253 630 660 0
c D: 185 245 266 630 660 0
c D: 193 245 630 643 660 0
c D: 193 246 630 643 660 0
c D: 189 246 630 643 660 0
c D: 189 246 630 655 660 0
c D: 189 245 630 655 660 0
c D: 193 245 630 655 660 0
c D: 193 246 630 655 660 0
c D: 193 246 630 660 685 0
c D: 193 245 630 660 685 0
c D: 189 245 630 660 685 0
c D: 189 246 630 660 685 0
c D: 185 246 630 660 685 0
c D: 185 245 630 660 685 0
c D: 173 245 630 660 685 0
c D: 173 246 630 660 685 0
c D: 173 242 630 660 685 0
c D: 173 250 630 660 685 0
c D: 173 257 630 660 685 0
c D: 185 257 630 660 685 0
c D: 185 250 630 660 685 0
c D: 185 242 630 660 685 0
c D: 185 242 630 660 680 0
c D: 185 250 630 660 680 0
c D: 185 257 630 660 680 0
c D: 173 257 630 660 680 0
c D: 173 250 630 660 680 0
c D: 173 242 630 660 680 0
c D: 173 242 630 655 660 0
c D: 173 250 630 655 660 0
c D: 173 257 630 655 660 0
c D: 185 257 630 655 660 0
c D: 185 250 630 655 660 0
c D: 185 242 630 655 660 0
c D: 185 242 630 643 660 0
c D: 185 250 630 643 660 0
c D: 185 257 630 643 660 0
c D: 173 257 630 643 660 0
c D: 173 250 630 643 660 0
c D: 173 242 630 643 660 0
c D: 193 242 630 643 660 0
c D: 193 250 630 643 660 0
c D: 193 257 630 643 660 0
c D: 193 257 630 655 660 0
c D: 193 242 630 655 660 0
c D: 189 257 630 655 660 0
c D: 189 257 630 643 660 0
c D: 189 250 630 643 660 0
c D: 189 250 630 660 680 0
c D: 189 242 630 660 680 0
c D: 189 257 630 660 680 0
c D: 193 257 630 660 680 0
c D: 193 250 630 660 680 0
c D: 193 242 630 660 680 0
c D: 193 242 630 660 685 0
c D: 193 250 630 660 685 0
c D: 193 257 630 660 685 0
c D: 189 257 630 660 685 0
c D: 189 250 630 660 685 0
c D: 189 242 630 660 685 0
c cost: 6; iters: 223
c D: 189 220 630 660 670 685 0
c D: 193 220 630 660 670 685 0
c D: 193 220 630 660 670 680 0
c D: 189 220 630 660 670 680 0
c D: 189 239 630 660 670 680 0
c D: 193 239 630 660 670 680 0
c D: 193 239 630 660 670 685 0
c D: 189 239 630 660 670 685 0
c D: 189 621 630 660 670 685 0
c D: 193 621 630 660 670 685 0
c D: 193 621 630 660 670 680 0
c D: 189 621 630 660 670 680 0
c D: 189 239 630 643 660 670 0
c D: 193 239 630 643 660 670 0
c D: 193 239 630 655 660 670 0
c D: 189 239 630 655 660 670 0
c D: 189 621 630 643 660 670 0
c D: 193 621 630 643 660 670 0
c D: 193 621 630 655 660 670 0
c D: 189 621 630 655 660 670 0
c D: 189 220 630 655 660 670 0
c D: 193 220 630 655 660 670 0
c D: 193 220 630 643 660 670 0
c D: 189 220 630 643 660 670 0
c D: 193 239 266 630 660 670 0
c D: 189 239 266 630 660 670 0
c D: 189 239 253 630 660 670 0
c D: 193 239 253 630 660 670 0
c D: 193 253 621 630 660 670 0
c D: 189 253 621 630 660 670 0
c D: 189 266 621 630 660 670 0
c D: 193 266 621 630 660 670 0
c D: 193 220 266 630 660 670 0
c D: 189 220 266 630 660 670 0
c D: 189 220 253 630 660 670 0
c D: 193 220 253 630 660 670 0
c D: 163 220 630 655 660 670 0
c D: 163 220 630 643 660 670 0
c D: 163 239 630 643 660 670 0
c D: 163 239 630 655 660 670 0
c D: 239 630 655 660 670 676 0
c D: 239 630 643 660 670 676 0
c D: 200 239 630 643 660 670 0
c D: 200 239 630 655 660 670 0
c D: 200 621 630 655 660 670 0
c D: 200 621 630 643 660 670 0
c D: 621 630 643 660 670 676 0
c D: 621 630 655 660 670 676 0
c D: 163 621 630 655 660 670 0
c D: 163 621 630 643 660 670 0
c D: 220 630 643 660 670 676 0
c D: 220 630 655 660 670 676 0
c D: 200 220 630 655 660 670 0
c D: 200 220 630 643 660 670 0
c D: 200 220 630 660 670 685 0
c D: 220 630 660 670 676 685 0
c D: 163 220 630 660 670 685 0
c D: 239 630 660 670 676 685 0
c D: 200 239 630 660 670 685 0
c D: 163 239 630 660 670 685 0
c D: 163 239 630 660 670 680 0
c D: 239 630 660 670 676 680 0
c D: 200 239 630 660 670 680 0
c D: 200 621 630 660 670 685 0
c D: 621 630 660 670 676 685 0
c D: 163 621 630 660 670 685 0
c D: 163 621 630 660 670 680 0
c D: 621 630 660 670 676 680 0
c D: 200 621 630 660 670 680 0
c D: 163 220 630 660 670 680 0
c D: 220 630 660 670 676 680 0
c D: 200 220 630 660 670 680 0
c D: 220 266 630 660 670 676 0
c D: 200 220 266 630 660 670 0
c D: 163 220 266 630 660 670 0
c D: 163 220 253 630 660 670 0
c D: 220 253 630 660 670 676 0
c D: 200 220 253 630 660 670 0
c D: 200 239 266 630 660 670 0
c D: 239 266 630 660 670 676 0
c D: 163 239 266 630 660 670 0
c D: 163 239 253 630 660 670 0
c D: 239 253 630 660 670 676 0
c D: 200 239 253 630 660 670 0
c D: 200 253 621 630 660 670 0
c D: 253 621 630 660 670 676 0
c D: 163 253 621 630 660 670 0
c D: 163 266 621 630 660 670 0
c D: 266 621 630 660 670 676 0
c D: 200 266 621 630 660 670 0
c D: 185 239 630 660 670 680 0
c D: 173 239 630 660 670 680 0
c D: 173 239 630 660 670 685 0
c D: 185 239 630 660 670 685 0
c D: 185 621 630 660 670 685 0
c D: 173 621 630 660 670 685 0
c D: 173 621 630 660 670 680 0
c D: 185 621 630 660 670 680 0
c D: 185 220 630 660 670 685 0
c D: 173 220 630 660 670 685 0
c D: 173 220 630 660 670 680 0
c D: 185 220 630 660 670 680 0
c D: 173 220 266 630 660 670 0
c D: 173 220 253 630 660 670 0
c D: 185 220 253 630 660 670 0
c D: 185 220 266 630 660 670 0
c D: 173 239 266 630 660 670 0
c D: 173 239 253 630 660 670 0
c D: 185 239 253 630 660 670 0
c D: 185 239 266 630 660 670 0
c D: 185 266 621 630 660 670 0
c D: 185 253 621 630 660 670 0
c D: 173 253 621 630 660 670 0
c D: 173 266 621 630 660 670 0
c D: 173 239 630 655 660 670 0
c D: 185 239 630 655 660 670 0
c D: 185 239 630 643 660 670 0
c D: 173 239 630 643 660 670 0
c D: 173 621 630 643 660 670 0
c D: 185 621 630 643 660 670 0
c D: 185 621 630 655 660 670 0
c D: 173 621 630 655 660 670 0
c D: 173 220 630 655 660 670 0
c D: 185 220 630 655 660 670 0
c D: 185 220 630 643 660 670 0
c D: 173 220 630 643 660 670 0
c # of iters: 349
c # of diags: 343
c # of expls: 6

	Time: 95.54600715637207 ms
	Average Time: 96.60498301188152 ms

Averages
	ubuntu_c25_0.wcnf: 96.60498301188152 ms
