		UBUNTU.SPLX	UBUNTU_C5_0.TESTCASES
			Diag: [requires(Displays1, Displays)]
			Diag size: 1
The size of Consistency checks: 18662
The number of Choco Solver calls: 31
The number of different: 3
The number of INconsistent: 2
The number of union: 51
The number of post constraints: 18662
The number of consistent: 29
The number of unpost constraints: 18662
The number of Consistency checks: 26

Timer for Syntactic Relevance:[thread=1]: 0.198429531
0.198429531 
Timer for solver[thread=1]: 0.020226179
5.39944E-4 2.9994E-4 4.85093E-4 1.4357E-4 5.32636E-4 4.96011E-4 5.63901E-4 5.78964E-4 5.58335E-4 7.67169E-4 7.52731E-4 7.24497E-4 7.66594E-4 9.20915E-4 0.00106308 0.001238549 0.001162522 7.58844E-4 0.001043147 4.84518E-4 6.76831E-4 5.85039E-4 5.76888E-4 5.60189E-4 4.40725E-4 1.48916E-4 6.26635E-4 7.39373E-4 6.79546E-4 6.29993E-4 6.81084E-4 

Timer for Syntactic Relevance:: 0.198429531
Timer for solver: 0.020226179
		UBUNTU.SPLX	UBUNTU_C5_0.TESTCASES
			Diag: [requires(Displays1, Displays)]
			Diag size: 1
The size of Consistency checks: 18662
The number of Choco Solver calls: 31
The number of different: 3
The number of INconsistent: 2
The number of union: 51
The number of post constraints: 18662
The number of consistent: 29
The number of unpost constraints: 18662
The number of Consistency checks: 26

Timer for Syntactic Relevance:[thread=1]: 0.199418303
0.199418303 
Timer for solver[thread=1]: 0.020392954
5.77731E-4 3.19539E-4 4.83386E-4 1.42475E-4 5.74353E-4 5.69228E-4 5.51945E-4 6.37616E-4 5.75116E-4 7.90339E-4 8.09534E-4 7.57089E-4 8.51895E-4 9.52497E-4 0.001116488 0.001319923 0.001229096 7.98401E-4 0.00110371 4.98212E-4 6.18367E-4 5.90008E-4 5.91603E-4 5.74855E-4 4.67968E-4 1.20945E-4 5.53975E-4 5.63466E-4 5.60242E-4 5.44053E-4 5.48899E-4 

Timer for Syntactic Relevance:: 0.199418303
Timer for solver: 0.020392954
		UBUNTU.SPLX	UBUNTU_C5_0.TESTCASES
			Diag: [requires(Displays1, Displays)]
			Diag size: 1
The size of Consistency checks: 18662
The number of Choco Solver calls: 31
The number of different: 3
The number of INconsistent: 2
The number of union: 51
The number of post constraints: 18662
The number of consistent: 29
The number of unpost constraints: 18662
The number of Consistency checks: 26

Timer for Syntactic Relevance:[thread=1]: 0.194324765
0.194324765 
Timer for solver[thread=1]: 0.0195846
5.4413E-4 2.86443E-4 4.7746E-4 1.342E-4 5.19037E-4 5.09043E-4 5.33403E-4 5.90619E-4 5.73801E-4 7.79958E-4 7.85463E-4 7.15818E-4 7.92905E-4 9.46707E-4 0.001091711 0.001263244 0.001171635 7.62013E-4 0.001081281 4.91746E-4 6.23653E-4 5.8143E-4 5.66718E-4 5.5268E-4 4.31888E-4 1.07286E-4 5.31819E-4 5.37824E-4 5.23228E-4 5.41753E-4 5.35704E-4 

Timer for Syntactic Relevance:: 0.194324765
Timer for solver: 0.0195846
		UBUNTU.SPLX	UBUNTU_C10_0.TESTCASES
			Diag: [requires(Displays1, Displays), ((~Normal \/ Normal1) \/ Normal2)]
			Diag size: 2
The size of Consistency checks: 55856
The number of Choco Solver calls: 94
The number of different: 3
The number of INconsistent: 4
The number of union: 83
The number of post constraints: 55856
The number of consistent: 90
The number of unpost constraints: 55856
The number of Consistency checks: 42

Timer for Syntactic Relevance:[thread=1]: 0.600828521
0.600828521 
Timer for solver[thread=1]: 0.075339347
7.27648E-4 4.02758E-4 6.31328E-4 1.64778E-4 7.672E-4 2.0866E-4 3.80926E-4 7.29125E-4 7.49518E-4 5.91505E-4 8.61613E-4 8.98409E-4 7.33639E-4 6.26952E-4 6.10053E-4 6.90214E-4 7.35034E-4 7.19909E-4 7.75492E-4 8.30762E-4 7.99014E-4 6.36447E-4 7.64358E-4 6.51578E-4 7.78037E-4 0.001246534 0.001276305 7.9056E-4 7.81402E-4 7.11856E-4 9.23822E-4 7.27775E-4 9.32338E-4 9.9015E-4 0.002726085 0.002391302 0.00264947 0.002650467 0.002689489 0.002319597 0.002668522 0.002389584 0.002557598 0.001974686 0.002381378 6.35999E-4 7.73705E-4 3.29899E-4 7.47347E-4 2.17539E-4 7.15492E-4 2.4499E-4 7.42678E-4 2.3856E-4 7.74808E-4 2.23412E-4 8.23987E-4 2.29607E-4 7.75683E-4 2.40515E-4 7.59369E-4 2.45962E-4 8.14724E-4 2.48868E-4 7.53981E-4 2.4229E-4 7.46147E-4 2.34889E-4 8.21239E-4 2.34597E-4 7.61833E-4 2.38864E-4 7.32348E-4 2.35521E-4 1.04895E-4 2.26102E-4 7.85225E-4 2.29824E-4 6.28164E-4 1.29795E-4 6.47551E-4 2.27865E-4 7.27872E-4 2.27468E-4 6.55503E-4 2.37013E-4 6.64799E-4 2.40904E-4 6.28172E-4 2.37393E-4 6.43503E-4 2.30681E-4 6.0554E-4 2.32348E-4 

Timer for Syntactic Relevance:: 0.600828521
Timer for solver: 0.075339347
		UBUNTU.SPLX	UBUNTU_C10_0.TESTCASES
			Diag: [requires(Displays1, Displays), ((~Normal \/ Normal1) \/ Normal2)]
			Diag size: 2
The size of Consistency checks: 55856
The number of Choco Solver calls: 94
The number of different: 3
The number of INconsistent: 4
The number of union: 83
The number of post constraints: 55856
The number of consistent: 90
The number of unpost constraints: 55856
The number of Consistency checks: 42

Timer for Syntactic Relevance:[thread=1]: 0.553637794
0.553637794 
Timer for solver[thread=1]: 0.075177648
4.93582E-4 2.94585E-4 4.62617E-4 1.20431E-4 5.07957E-4 1.29027E-4 2.76525E-4 6.43217E-4 8.60863E-4 4.54113E-4 6.26851E-4 6.95796E-4 6.47195E-4 5.82578E-4 6.08222E-4 6.40387E-4 7.15239E-4 6.63813E-4 7.23251E-4 8.23933E-4 7.39377E-4 5.98335E-4 7.36765E-4 6.24787E-4 0.00108146 0.001739321 0.001717059 0.001053731 0.001042559 8.17731E-4 9.59374E-4 7.14738E-4 9.13973E-4 9.51561E-4 0.002717049 0.002426056 0.00265635 0.002595201 0.002695409 0.002364498 0.00250951 0.002378591 0.002665117 0.002066774 0.002412833 6.63334E-4 8.24624E-4 3.57679E-4 7.95865E-4 2.7692E-4 7.10082E-4 2.31711E-4 7.12134E-4 2.32545E-4 7.57222E-4 2.23367E-4 8.36374E-4 2.85825E-4 7.59759E-4 2.29332E-4 7.49257E-4 2.38081E-4 7.69212E-4 2.28825E-4 7.39726E-4 2.20543E-4 7.26656E-4 2.43061E-4 8.41094E-4 2.31217E-4 7.70232E-4 2.2914E-4 7.24324E-4 2.31632E-4 9.5649E-5 2.22934E-4 7.58288E-4 2.20371E-4 6.42813E-4 1.28032E-4 6.35489E-4 2.38422E-4 6.39643E-4 2.20963E-4 6.42388E-4 2.79953E-4 6.37524E-4 2.24326E-4 6.31806E-4 2.77023E-4 6.30506E-4 2.33853E-4 6.04819E-4 2.24732E-4 

Timer for Syntactic Relevance:: 0.553637794
Timer for solver: 0.075177648
		UBUNTU.SPLX	UBUNTU_C10_0.TESTCASES
			Diag: [requires(Displays1, Displays), ((~Normal \/ Normal1) \/ Normal2)]
			Diag size: 2
The size of Consistency checks: 55856
The number of Choco Solver calls: 94
The number of different: 3
The number of INconsistent: 4
The number of union: 83
The number of post constraints: 55856
The number of consistent: 90
The number of unpost constraints: 55856
The number of Consistency checks: 42

Timer for Syntactic Relevance:[thread=1]: 0.552539598
0.552539598 
Timer for solver[thread=1]: 0.07177963
5.37016E-4 2.89076E-4 4.55748E-4 1.24307E-4 5.45003E-4 1.34278E-4 2.84424E-4 5.60309E-4 6.11601E-4 4.81996E-4 6.43607E-4 7.13341E-4 6.74279E-4 6.07519E-4 6.05549E-4 6.81014E-4 7.16901E-4 6.85513E-4 7.32081E-4 7.95776E-4 7.34559E-4 6.12292E-4 7.24339E-4 6.3444E-4 7.54056E-4 0.001195165 0.001179663 7.66014E-4 7.50331E-4 6.66022E-4 8.83434E-4 6.90747E-4 9.05018E-4 9.18984E-4 0.002660832 0.002328632 0.002611859 0.002542767 0.002672471 0.00227575 0.002403559 0.002287911 0.002526924 0.001953936 0.002338328 6.15314E-4 7.46109E-4 3.12259E-4 7.72858E-4 2.10123E-4 6.766E-4 2.38766E-4 7.05174E-4 3.47356E-4 7.6213E-4 2.14726E-4 8.15949E-4 2.20677E-4 7.5566E-4 2.1798E-4 7.32022E-4 2.6484E-4 8.02107E-4 2.28258E-4 7.35025E-4 2.31801E-4 7.17795E-4 2.34463E-4 7.85267E-4 2.23129E-4 8.25118E-4 2.54705E-4 7.41326E-4 2.42571E-4 1.11069E-4 2.23524E-4 7.72902E-4 2.18473E-4 6.08284E-4 1.16785E-4 6.30547E-4 2.42228E-4 6.68396E-4 2.30123E-4 6.46194E-4 2.47183E-4 6.73441E-4 2.32916E-4 6.30117E-4 2.45518E-4 6.33816E-4 2.48297E-4 6.30461E-4 2.41877E-4 

Timer for Syntactic Relevance:: 0.552539598
Timer for solver: 0.07177963
		UBUNTU.SPLX	UBUNTU_C25_0.TESTCASES
			Diag: [requires(UniversalAccess1, UniversalAccess), requires(Displays1, Displays), ((~Speed \/ Speed1) \/ Speed2), ((~Normal \/ Normal1) \/ Normal2)]
			Diag size: 4
The size of Consistency checks: 246938
The number of Choco Solver calls: 430
The number of different: 3
The number of INconsistent: 9
The number of union: 161
The number of post constraints: 246938
The number of consistent: 421
The number of unpost constraints: 246938
The number of Consistency checks: 81

Timer for Syntactic Relevance:[thread=1]: 2.599648279
2.599648279 
Timer for solver[thread=1]: 0.398747485
5.77287E-4 3.04619E-4 4.88838E-4 1.315E-4 5.28865E-4 1.36113E-4 3.44364E-4 5.70172E-4 5.91929E-4 4.54973E-4 2.26911E-4 3.93485E-4 3.97061E-4 1.38476E-4 5.08676E-4 5.99899E-4 4.34044E-4 6.91226E-4 4.62755E-4 3.57163E-4 5.8145E-4 0.00109227 1.15716E-4 5.08515E-4 5.99581E-4 7.7253E-4 8.73626E-4 8.22973E-4 7.91351E-4 8.143E-4 9.09351E-4 9.06973E-4 0.001000314 8.67289E-4 8.93681E-4 0.001082716 0.001569137 0.001302646 0.002027981 0.002134699 0.002317677 0.002328279 0.001947889 0.002274477 8.41829E-4 7.33119E-4 7.83821E-4 7.65163E-4 8.30535E-4 7.79361E-4 8.02964E-4 7.91219E-4 8.10356E-4 7.99987E-4 8.35703E-4 8.42949E-4 8.24069E-4 8.84303E-4 8.13847E-4 8.07397E-4 9.41346E-4 8.83451E-4 9.72571E-4 9.39891E-4 0.001061904 9.95506E-4 9.84112E-4 0.001087464 9.53264E-4 9.87899E-4 0.001038703 0.001093518 9.83499E-4 9.57621E-4 0.001098269 0.001035187 0.001088013 0.00104383 0.001051702 0.001081592 0.001093904 0.001088405 0.001075402 0.001069894 0.001026707 0.001039741 0.001089633 0.001194089 0.001178004 0.001076516 0.001116248 0.001048994 0.001065661 0.001149601 0.001096306 0.001206693 0.001220414 0.001256682 0.001304831 0.001295078 0.001234736 0.001214474 0.001192776 0.001200008 0.001131951 0.001273278 0.00126624 0.001162756 0.001207857 9.75108E-4 0.001218278 0.001272606 0.001163939 0.001197554 0.001326547 0.001552375 0.001686956 0.001694124 0.001743487 0.001508636 0.001597253 0.001595459 0.001835538 0.001699529 0.001386823 0.001551374 0.001531238 0.001765681 0.001591849 0.001295299 0.001721485 0.001467942 0.001766823 0.001702179 0.001244391 0.001589936 0.001478986 0.001905454 0.001831515 0.001727279 0.00205337 0.001647919 0.002017181 0.002108196 0.001783908 0.002281717 6.75682E-4 0.002132256 0.002093445 0.001736481 0.002076171 3.49304E-4 0.002318802 0.00251723 0.002170367 0.002702617 4.43824E-4 0.002991671 0.00271904 0.002189527 0.002730968 4.32433E-4 0.002604238 0.00252118 0.002201784 0.00266751 3.95273E-4 0.0028088 0.002541461 0.00220273 0.00263773 4.07965E-4 0.002705919 0.002855929 0.002165273 0.002595402 4.27212E-4 0.002969074 0.002639998 0.002185409 0.002688871 4.00616E-4 0.00268927 0.002699371 0.001914675 0.00271839 4.14038E-4 0.002748163 0.002482796 0.002210938 0.002755332 4.12823E-4 0.002774281 0.002518147 0.001967437 0.002778151 4.08515E-4 0.002788959 0.002552364 0.002080779 0.00257404 3.96429E-4 0.002815628 6.24148E-4 5.10022E-4 6.81154E-4 2.04307E-4 3.30409E-4 6.78017E-4 5.78223E-4 6.16508E-4 2.09482E-4 3.33784E-4 7.04261E-4 5.63834E-4 7.01262E-4 2.12803E-4 3.58281E-4 6.48745E-4 5.52921E-4 6.54695E-4 2.05618E-4 3.50296E-4 6.19618E-4 9.1595E-5 6.80921E-4 2.14693E-4 3.78533E-4 7.06733E-4 5.01086E-4 6.93642E-4 2.19035E-4 3.62127E-4 0.002387658 6.84004E-4 6.55824E-4 2.24714E-4 3.61009E-4 6.64856E-4 5.3089E-4 6.20194E-4 2.09715E-4 3.49016E-4 5.85651E-4 5.49114E-4 6.36846E-4 2.17278E-4 3.53991E-4 6.27575E-4 5.6355E-4 6.95743E-4 2.17408E-4 3.50967E-4 6.60395E-4 5.6789E-4 6.0053E-4 2.10694E-4 3.20293E-4 6.94263E-4 5.4273E-4 6.26351E-4 2.22646E-4 3.17039E-4 6.21542E-4 5.38562E-4 6.44644E-4 2.16142E-4 3.14442E-4 6.59682E-4 5.34266E-4 6.39646E-4 2.35406E-4 3.56124E-4 6.54025E-4 5.38601E-4 6.57034E-4 2.19144E-4 3.46252E-4 6.84428E-4 5.42647E-4 6.46292E-4 2.41969E-4 3.41003E-4 7.65682E-4 6.68966E-4 7.31887E-4 2.54388E-4 4.14911E-4 7.46496E-4 6.58425E-4 7.087E-4 2.80433E-4 4.24198E-4 7.67425E-4 6.72292E-4 6.85975E-4 2.53101E-4 4.30014E-4 7.4391E-4 6.54588E-4 7.25857E-4 2.61403E-4 4.17257E-4 7.25654E-4 5.67616E-4 7.6673E-4 2.5677E-4 4.05142E-4 7.6029E-4 6.37506E-4 7.84969E-4 2.5956E-4 4.2086E-4 7.3127E-4 6.55569E-4 7.0753E-4 2.56887E-4 4.46422E-4 7.27899E-4 6.41016E-4 1.01653E-4 2.5622E-4 3.82761E-4 7.07968E-4 6.11591E-4 7.7077E-4 2.55798E-4 3.89918E-4 6.74319E-4 6.57535E-4 8.01877E-4 2.86941E-4 4.02352E-4 6.76534E-4 6.22715E-4 7.75968E-4 2.51844E-4 3.71602E-4 7.90908E-4 6.26072E-4 7.54807E-4 2.844E-4 3.85354E-4 5.93679E-4 6.19747E-4 6.19714E-4 2.45408E-4 4.01047E-4 5.72438E-4 6.15606E-4 6.7847E-4 2.51277E-4 3.8762E-4 6.20887E-4 5.99692E-4 7.14155E-4 2.55063E-4 4.03957E-4 6.23558E-4 5.96134E-4 6.81866E-4 2.68657E-4 4.03735E-4 6.35453E-4 5.43556E-4 7.67778E-4 2.63774E-4 1.20949E-4 6.50374E-4 6.19914E-4 7.15432E-4 1.25642E-4 4.40846E-4 6.65235E-4 6.10773E-4 6.85687E-4 2.61505E-4 4.54343E-4 6.03859E-4 6.39515E-4 6.89832E-4 2.96812E-4 3.81682E-4 6.58918E-4 6.02659E-4 7.41075E-4 2.61914E-4 4.19381E-4 6.44419E-4 6.2894E-4 6.57749E-4 3.03354E-4 4.53448E-4 7.43219E-4 5.60171E-4 7.68501E-4 2.66437E-4 5.02677E-4 6.97192E-4 4.22803E-4 5.80852E-4 2.71816E-4 4.51518E-4 4.99789E-4 4.16044E-4 4.82971E-4 2.90769E-4 3.45173E-4 8.21962E-4 6.04349E-4 6.68459E-4 2.24145E-4 3.46564E-4 7.13325E-4 7.17536E-4 6.68018E-4 2.22908E-4 3.54504E-4 7.65909E-4 6.22862E-4 6.32912E-4 2.2618E-4 3.39234E-4 6.82352E-4 6.44124E-4 7.49576E-4 2.1831E-4 3.5127E-4 7.83449E-4 6.69862E-4 

Timer for Syntactic Relevance:: 2.599648279
Timer for solver: 0.398747485
		UBUNTU.SPLX	UBUNTU_C25_0.TESTCASES
			Diag: [requires(UniversalAccess1, UniversalAccess), requires(Displays1, Displays), ((~Speed \/ Speed1) \/ Speed2), ((~Normal \/ Normal1) \/ Normal2)]
			Diag size: 4
The size of Consistency checks: 246938
The number of Choco Solver calls: 430
The number of different: 3
The number of INconsistent: 9
The number of union: 161
The number of post constraints: 246938
The number of consistent: 421
The number of unpost constraints: 246938
The number of Consistency checks: 81

Timer for Syntactic Relevance:[thread=1]: 2.799557783
2.799557783 
Timer for solver[thread=1]: 0.409167828
5.4562E-4 2.92907E-4 4.80173E-4 1.29871E-4 5.45401E-4 1.37454E-4 2.95316E-4 5.64262E-4 6.56511E-4 4.62516E-4 1.58893E-4 3.93257E-4 3.89979E-4 1.1809E-4 4.69213E-4 5.87196E-4 3.47111E-4 6.49469E-4 4.44693E-4 3.61312E-4 6.00091E-4 0.001171977 1.05551E-4 5.02402E-4 5.64746E-4 7.39466E-4 8.69733E-4 8.23384E-4 7.96851E-4 7.95597E-4 0.001133098 0.001076878 0.001161927 0.001035259 0.00105638 0.001311938 0.001920042 0.001414889 0.002101886 0.002211003 0.002383851 0.002427348 0.002546919 0.002898178 0.001100927 0.001034021 9.87048E-4 9.35601E-4 0.001001237 9.90306E-4 9.89946E-4 9.49716E-4 8.17588E-4 8.1411E-4 8.57446E-4 7.89983E-4 8.32446E-4 8.45318E-4 8.53217E-4 8.22502E-4 9.43536E-4 9.09576E-4 0.001082736 9.7998E-4 0.001049159 9.81372E-4 0.001241415 0.001102747 9.84756E-4 0.001009169 0.001077344 0.001106399 0.001003243 9.60941E-4 0.0011232 0.00104643 0.001118372 0.00113665 0.001035975 0.001103282 0.001137649 0.001109244 0.00110761 0.001968965 0.001223152 0.001105153 0.001132783 0.001145036 0.001206816 0.001123073 0.001128488 0.001071798 0.001103233 0.001199117 0.001117294 0.001222838 0.001236491 0.001231665 0.001325175 0.001330702 0.001265955 0.001231059 0.001221881 0.001221463 0.001106363 0.001273075 0.001253764 0.001187153 0.001222353 9.99875E-4 0.001228925 0.001235987 0.001169834 0.001215951 0.001322747 0.00156786 0.00168929 0.001982485 0.001712026 0.001476899 0.001572947 0.001569614 0.001845144 0.001681025 0.001344923 0.001549482 0.001522446 0.001786857 0.001965393 0.001280695 0.00171537 0.001465314 0.001756598 0.001669771 0.001222828 0.00158124 0.001442312 0.001873758 0.001803296 0.001693775 0.002066332 0.001645024 0.002007715 0.002104684 0.001733869 0.002241406 6.7577E-4 0.002151089 0.002099182 0.001734982 0.002059597 4.01843E-4 0.002330263 0.002785037 0.00216046 0.002697212 4.14492E-4 0.003020286 0.002767489 0.002183785 0.002777098 4.4213E-4 0.002701144 0.002592475 0.002264469 0.002760796 4.53429E-4 0.002840891 0.002577268 0.002164973 0.002701105 4.29571E-4 0.002765452 0.002764472 0.002189693 0.002583112 4.45904E-4 0.002884268 0.00258338 0.00220804 0.002745726 4.17538E-4 0.002676966 0.002639241 0.001962168 0.002732233 4.50365E-4 0.00280755 0.002502276 0.00224588 0.002783331 4.37621E-4 0.002811779 0.002576251 0.002002447 0.002664595 5.3559E-4 0.002775684 0.002597077 0.002104658 0.002609136 4.19351E-4 0.002839647 6.42228E-4 5.43889E-4 6.67491E-4 2.17762E-4 3.40483E-4 6.95175E-4 5.63247E-4 6.3819E-4 2.28227E-4 3.53574E-4 7.48344E-4 5.92281E-4 7.15846E-4 2.34872E-4 3.77243E-4 6.75751E-4 5.81972E-4 6.84484E-4 2.24001E-4 3.68683E-4 7.2661E-4 9.9748E-5 6.57948E-4 2.27481E-4 3.82114E-4 7.26304E-4 4.94482E-4 7.02021E-4 2.42407E-4 3.5572E-4 6.8202E-4 6.05289E-4 6.66947E-4 2.22851E-4 3.76194E-4 6.6966E-4 5.40636E-4 6.3531E-4 2.23862E-4 3.62024E-4 6.02104E-4 5.74052E-4 6.54755E-4 2.26732E-4 3.66323E-4 6.48181E-4 5.81882E-4 7.15234E-4 2.36199E-4 3.59795E-4 6.69448E-4 5.92149E-4 6.20844E-4 2.31787E-4 3.48431E-4 6.6536E-4 5.5696E-4 6.21079E-4 2.2342E-4 3.18918E-4 6.67436E-4 6.0789E-4 6.61453E-4 2.34356E-4 3.32007E-4 6.75508E-4 5.49676E-4 6.72756E-4 2.23429E-4 3.36898E-4 6.58627E-4 5.58749E-4 6.59344E-4 2.24794E-4 3.44848E-4 6.95736E-4 5.59909E-4 6.75521E-4 2.40991E-4 4.45567E-4 7.70879E-4 7.30607E-4 8.02516E-4 2.82529E-4 4.32101E-4 7.73866E-4 6.829E-4 7.81494E-4 2.76448E-4 4.24117E-4 8.15938E-4 7.02676E-4 7.15121E-4 2.71538E-4 4.16215E-4 7.80913E-4 6.89068E-4 7.70748E-4 2.73831E-4 4.46019E-4 7.60072E-4 6.01976E-4 7.9143E-4 2.90881E-4 4.30215E-4 7.96757E-4 6.64551E-4 8.07151E-4 2.722E-4 3.98899E-4 7.57144E-4 6.93424E-4 7.3253E-4 2.71613E-4 4.3308E-4 7.47355E-4 6.77482E-4 1.43933E-4 3.36861E-4 4.78117E-4 8.83999E-4 7.35926E-4 9.12923E-4 3.21186E-4 4.71891E-4 8.15398E-4 6.90274E-4 8.71736E-4 2.73412E-4 4.31658E-4 7.30032E-4 6.42183E-4 8.01035E-4 2.56592E-4 3.66072E-4 8.29005E-4 6.48784E-4 7.3425E-4 2.74524E-4 4.02271E-4 6.12714E-4 6.39178E-4 6.59115E-4 2.94231E-4 4.2549E-4 5.84561E-4 6.09505E-4 6.79253E-4 2.53005E-4 4.29329E-4 6.1537E-4 6.06641E-4 7.19864E-4 2.55291E-4 3.92671E-4 6.11415E-4 5.89074E-4 6.69975E-4 2.52814E-4 3.90626E-4 6.42003E-4 5.45902E-4 7.76858E-4 2.68578E-4 1.16933E-4 6.5435E-4 6.05532E-4 7.28696E-4 1.20024E-4 4.26507E-4 6.61167E-4 5.98024E-4 6.9148E-4 2.75004E-4 4.59653E-4 6.10172E-4 6.35078E-4 7.03524E-4 2.73565E-4 3.92818E-4 6.70797E-4 6.13151E-4 7.40277E-4 2.80538E-4 5.91641E-4 6.44479E-4 6.64607E-4 6.60179E-4 2.60711E-4 4.47263E-4 6.8537E-4 5.69273E-4 7.58428E-4 2.59652E-4 4.94924E-4 7.06225E-4 4.04994E-4 5.06048E-4 2.65966E-4 4.89969E-4 5.00922E-4 4.0882E-4 4.8036E-4 3.4254E-4 3.42649E-4 8.2189E-4 6.06797E-4 6.61444E-4 2.44223E-4 3.38536E-4 7.04283E-4 7.02414E-4 6.53135E-4 2.74256E-4 3.64313E-4 8.92108E-4 5.94939E-4 6.26779E-4 2.27402E-4 3.39583E-4 6.80586E-4 6.49355E-4 7.49506E-4 2.26564E-4 3.43991E-4 7.8309E-4 6.68352E-4 

Timer for Syntactic Relevance:: 2.799557783
Timer for solver: 0.409167828
		UBUNTU.SPLX	UBUNTU_C25_0.TESTCASES
			Diag: [requires(UniversalAccess1, UniversalAccess), requires(Displays1, Displays), ((~Speed \/ Speed1) \/ Speed2), ((~Normal \/ Normal1) \/ Normal2)]
			Diag size: 4
The size of Consistency checks: 246938
The number of Choco Solver calls: 430
The number of different: 3
The number of INconsistent: 9
The number of union: 161
The number of post constraints: 246938
The number of consistent: 421
The number of unpost constraints: 246938
The number of Consistency checks: 81

Timer for Syntactic Relevance:[thread=1]: 2.599883191
2.599883191 
Timer for solver[thread=1]: 0.398861192
5.37513E-4 3.07533E-4 4.74255E-4 1.26903E-4 5.25061E-4 1.5245E-4 2.95964E-4 5.63053E-4 6.51054E-4 4.64521E-4 1.5544E-4 3.75104E-4 3.87626E-4 1.21685E-4 4.70066E-4 5.92793E-4 3.41663E-4 6.68882E-4 4.28039E-4 3.47251E-4 5.73856E-4 0.001044181 9.7853E-5 4.72024E-4 5.35217E-4 7.08899E-4 8.32898E-4 8.0301E-4 7.54127E-4 8.15414E-4 8.67408E-4 8.63038E-4 9.54588E-4 8.49187E-4 8.99304E-4 0.001070548 0.001561554 0.001294982 0.00198794 0.002075953 0.00229454 0.002301072 0.00194352 0.002229636 8.12437E-4 8.51681E-4 7.38028E-4 7.50496E-4 8.01202E-4 0.001032551 8.52027E-4 7.9706E-4 7.97125E-4 8.29603E-4 8.62037E-4 8.24381E-4 8.47556E-4 8.71482E-4 9.10958E-4 8.48972E-4 9.44315E-4 9.55963E-4 9.85153E-4 9.8034E-4 0.001086012 9.96306E-4 9.74693E-4 0.00105703 0.001001577 9.74346E-4 0.001042746 0.001092004 0.001023389 9.6243E-4 0.001085611 0.001028012 0.001123912 0.001053333 0.001026492 0.001067025 0.001117661 0.001089159 0.001058419 0.001088846 0.001025352 0.00104777 0.001093701 0.001156035 0.001196446 0.001085568 0.001153801 0.00106727 0.001080916 0.001155315 0.001120668 0.001245545 0.001235457 0.001203095 0.001334338 0.001311674 0.001295065 0.001229864 0.001233869 0.001197922 0.00108793 0.00125528 0.001279609 0.001178521 0.001251314 0.001020148 0.001212705 0.001224729 0.001153425 0.001197731 0.001300248 0.001545163 0.001584975 0.001667607 0.001735988 0.001466071 0.00154425 0.001536108 0.001883389 0.001666958 0.001325622 0.001529982 0.001565477 0.001768404 0.001626538 0.001337817 0.001697963 0.001432056 0.001742343 0.001643773 0.001217117 0.001559369 0.001434902 0.001836078 0.001778754 0.001712977 0.002221433 0.001686315 0.002018094 0.002219436 0.001700429 0.002220471 6.64152E-4 0.002129846 0.002100993 0.001714094 0.002028479 3.56838E-4 0.002316408 0.002649899 0.00215197 0.002728854 4.00287E-4 0.002984357 0.002725835 0.002154887 0.002802832 4.25503E-4 0.002587568 0.002515708 0.002177564 0.002665732 3.93821E-4 0.002814466 0.00253328 0.002139169 0.002647544 4.39729E-4 0.002729877 0.002734117 0.003637726 0.00255328 4.22936E-4 0.002849933 0.002553864 0.002192872 0.002703159 4.09823E-4 0.002663202 0.002629648 0.001951982 0.002701657 4.31501E-4 0.002782256 0.002541725 0.002226704 0.002815557 4.28929E-4 0.002794904 0.002582323 0.00200545 0.0027334 4.3792E-4 0.002776882 0.002588098 0.002274916 0.002612756 4.21173E-4 0.002845616 6.27404E-4 5.18241E-4 6.57203E-4 2.10449E-4 3.37298E-4 7.13474E-4 5.51469E-4 6.29333E-4 2.08559E-4 3.37308E-4 7.12574E-4 5.77508E-4 6.96018E-4 2.48321E-4 3.63238E-4 6.63271E-4 5.65168E-4 6.63007E-4 2.10555E-4 3.51496E-4 6.23465E-4 9.3073E-5 6.37339E-4 2.11582E-4 3.69291E-4 7.23732E-4 4.82935E-4 6.92541E-4 2.21165E-4 3.91123E-4 6.80249E-4 6.12615E-4 6.5644E-4 2.19181E-4 3.65399E-4 6.47281E-4 5.35581E-4 6.17905E-4 2.17449E-4 3.54082E-4 6.33392E-4 5.57056E-4 0.00101774 2.20794E-4 3.93122E-4 6.44319E-4 5.32775E-4 6.65374E-4 2.20819E-4 3.30081E-4 7.27313E-4 5.78586E-4 6.02621E-4 2.16869E-4 3.35439E-4 6.53488E-4 5.49549E-4 6.08912E-4 2.12691E-4 3.09949E-4 6.28409E-4 5.70774E-4 6.85023E-4 2.19056E-4 3.10526E-4 6.49186E-4 5.2991E-4 6.38255E-4 2.11861E-4 3.2427E-4 6.59452E-4 5.57544E-4 6.44716E-4 2.03906E-4 3.27856E-4 6.6551E-4 5.34713E-4 6.44656E-4 2.11075E-4 3.22432E-4 7.14865E-4 6.2058E-4 7.35764E-4 2.80906E-4 4.37869E-4 7.40734E-4 6.46611E-4 6.98968E-4 2.52372E-4 3.9094E-4 7.57995E-4 7.01932E-4 7.07662E-4 2.83512E-4 4.22569E-4 7.39089E-4 6.8457E-4 7.1562E-4 2.43914E-4 4.12933E-4 7.22244E-4 5.75198E-4 7.92274E-4 2.50148E-4 3.98316E-4 7.43143E-4 6.43549E-4 7.65995E-4 2.48272E-4 3.67978E-4 7.22998E-4 6.75357E-4 7.03495E-4 2.54011E-4 4.56737E-4 7.14357E-4 6.44578E-4 9.7411E-5 2.50977E-4 3.82511E-4 8.1729E-4 6.17335E-4 7.57833E-4 2.50711E-4 3.82519E-4 6.57386E-4 6.18833E-4 7.99383E-4 2.48841E-4 4.04763E-4 6.61753E-4 6.34917E-4 7.80883E-4 2.44322E-4 3.60771E-4 7.73377E-4 6.30378E-4 7.05668E-4 2.51894E-4 3.82761E-4 5.93931E-4 6.85075E-4 6.28861E-4 2.547E-4 4.10769E-4 5.77088E-4 6.11723E-4 6.59715E-4 2.44483E-4 3.82549E-4 6.04887E-4 5.80238E-4 8.24421E-4 4.14143E-4 6.22236E-4 7.32159E-4 6.39889E-4 6.70519E-4 2.5915E-4 3.85961E-4 6.18361E-4 7.54227E-4 7.67039E-4 2.55266E-4 1.23589E-4 6.35538E-4 5.87885E-4 7.05949E-4 1.20716E-4 4.26554E-4 6.57991E-4 5.90423E-4 6.67639E-4 2.62996E-4 4.48892E-4 5.83133E-4 6.09771E-4 6.85622E-4 2.74799E-4 3.91237E-4 6.64355E-4 6.19575E-4 7.23926E-4 2.6196E-4 4.28763E-4 6.6468E-4 6.50006E-4 6.75792E-4 2.64415E-4 4.58573E-4 7.08628E-4 5.75955E-4 7.61142E-4 2.66975E-4 5.0117E-4 7.29276E-4 4.78823E-4 5.11687E-4 2.64211E-4 4.52034E-4 5.02746E-4 4.44519E-4 4.72204E-4 3.16416E-4 3.35705E-4 8.17017E-4 5.99459E-4 6.946E-4 2.24431E-4 3.41462E-4 7.13143E-4 7.05693E-4 6.67264E-4 2.19633E-4 3.52293E-4 7.50303E-4 5.88119E-4 6.06381E-4 2.53221E-4 3.38324E-4 6.82068E-4 6.44004E-4 7.35462E-4 2.15918E-4 3.62254E-4 7.86047E-4 6.74377E-4 

Timer for Syntactic Relevance:: 2.599883191
Timer for solver: 0.398861192
		UBUNTU.SPLX	UBUNTU_C50_0.TESTCASES
			Diag: [requires(UniversalAccess1, UniversalAccess), requires(Low1, Low), requires(Displays1, Displays), ((~Speed \/ Speed1) \/ Speed2), ((~Normal \/ Normal1) \/ Normal2), ((((~Fast \/ Fast1) \/ Fast2) \/ Fast3) \/ Fast4)]
			Diag size: 6
The size of Consistency checks: 571461
The number of Choco Solver calls: 1010
The number of different: 3
The number of INconsistent: 17
The number of union: 191
The number of post constraints: 571461
The number of consistent: 993
The number of unpost constraints: 571461
The number of Consistency checks: 96

Timer for Syntactic Relevance:[thread=1]: 5.00310853
5.00310853 
Timer for solver[thread=1]: 0.697849777
5.52312E-4 3.07354E-4 4.73652E-4 1.26252E-4 5.44839E-4 1.4328E-4 3.59271E-4 5.49097E-4 5.86101E-4 5.35515E-4 1.52294E-4 3.63254E-4 3.77817E-4 1.14743E-4 4.57989E-4 5.77527E-4 3.53361E-4 6.66541E-4 4.26162E-4 3.38763E-4 5.73718E-4 0.001031194 9.8578E-5 4.72535E-4 5.32248E-4 1.50706E-4 1.0843E-4 2.01274E-4 1.33739E-4 1.35333E-4 6.41595E-4 8.56484E-4 7.64978E-4 7.09618E-4 4.17929E-4 8.60601E-4 7.24368E-4 7.3315E-4 0.001003741 8.24143E-4 6.49339E-4 6.68511E-4 6.75771E-4 0.001078781 9.02187E-4 6.84685E-4 7.52136E-4 8.28884E-4 9.98671E-4 4.49225E-4 0.001715185 0.001425588 6.96809E-4 7.36177E-4 7.12618E-4 7.55689E-4 8.39786E-4 7.8136E-4 7.319E-4 8.14188E-4 7.9897E-4 7.67347E-4 8.14243E-4 7.93477E-4 9.47659E-4 9.16509E-4 9.43452E-4 8.63255E-4 9.07821E-4 9.27745E-4 0.001067398 0.001007894 0.001018917 9.71286E-4 0.001086529 0.001122265 0.001198736 0.001113226 0.001058843 0.001238809 0.001219796 0.001231596 0.001326327 0.001180462 0.001328457 0.001150084 0.001155886 0.001219896 0.001268731 0.001202892 0.0013281 0.001268061 0.001277194 0.001244771 0.001084657 0.001262395 0.001527861 0.001434795 0.00142875 0.001656137 0.001365081 0.001303908 0.001339605 0.001366648 0.001575859 0.001381702 0.001487933 0.001704543 0.001361266 0.001396144 0.001345769 0.001400998 0.00146199 0.001381556 0.001356344 0.001413957 0.001981577 7.80277E-4 7.33694E-4 7.8149E-4 7.0816E-4 7.61318E-4 7.77856E-4 8.06462E-4 8.95064E-4 8.96695E-4 8.39167E-4 9.09638E-4 8.92431E-4 8.63008E-4 8.16217E-4 7.53153E-4 7.93292E-4 7.75775E-4 7.88527E-4 8.07197E-4 8.22157E-4 8.04161E-4 8.39893E-4 7.96089E-4 8.36448E-4 8.01282E-4 8.18004E-4 8.10513E-4 8.22137E-4 8.03652E-4 8.13807E-4 7.98074E-4 8.06837E-4 7.97448E-4 8.57202E-4 8.37195E-4 8.4581E-4 8.20162E-4 8.26247E-4 7.9529E-4 8.25824E-4 8.10888E-4 8.04507E-4 8.87302E-4 7.93543E-4 7.56432E-4 7.70185E-4 8.20304E-4 8.43832E-4 8.45135E-4 7.94598E-4 7.84661E-4 8.0444E-4 8.89007E-4 8.38385E-4 8.08116E-4 7.97641E-4 8.04805E-4 8.49309E-4 8.41298E-4 8.02646E-4 8.23826E-4 9.59711E-4 9.6794E-4 9.28192E-4 8.31155E-4 8.70119E-4 8.58113E-4 9.02725E-4 9.06328E-4 8.59249E-4 9.6636E-4 8.9279E-4 8.85946E-4 9.32586E-4 8.11847E-4 9.91585E-4 4.90061E-4 5.60113E-4 4.57826E-4 4.89381E-4 5.3696E-4 5.65044E-4 4.74524E-4 6.43453E-4 5.32746E-4 5.65903E-4 4.95407E-4 0.001070207 0.001026668 0.001029014 8.68645E-4 9.60016E-4 0.001092628 9.32268E-4 0.001051329 8.68338E-4 8.78315E-4 8.45044E-4 9.74198E-4 0.001006279 8.89138E-4 0.001066098 9.71163E-4 9.53467E-4 0.001074927 8.56593E-4 8.84934E-4 0.001018487 0.001002833 9.97459E-4 9.10197E-4 0.001000068 0.001052663 8.82755E-4 9.90912E-4 0.001020769 9.87966E-4 9.87706E-4 8.8758E-4 8.64485E-4 9.23985E-4 0.001088668 0.001064732 0.001047257 9.8758E-4 0.001113448 0.001076003 9.87536E-4 8.26858E-4 8.25708E-4 8.94566E-4 9.80451E-4 9.7647E-4 8.87583E-4 9.64473E-4 8.78376E-4 9.64224E-4 8.05013E-4 9.14636E-4 8.95511E-4 0.001092303 9.59893E-4 9.56227E-4 9.9152E-4 9.0358E-4 8.69887E-4 9.58071E-4 7.61495E-4 8.25681E-4 8.28196E-4 8.86169E-4 9.74255E-4 8.51337E-4 0.001008221 9.00114E-4 9.61036E-4 9.65244E-4 7.52047E-4 8.12175E-4 8.44065E-4 0.001023158 8.84041E-4 0.001027345 9.23736E-4 8.40662E-4 8.98211E-4 8.62946E-4 8.00739E-4 6.22342E-4 8.82613E-4 7.75509E-4 8.7021E-4 8.80377E-4 9.46168E-4 8.06085E-4 8.85376E-4 7.93024E-4 7.49197E-4 7.32661E-4 0.001002302 7.82374E-4 7.05441E-4 9.28438E-4 8.7042E-4 7.81354E-4 8.69719E-4 7.47321E-4 8.17233E-4 6.73692E-4 9.95338E-4 7.82066E-4 8.30308E-4 7.42655E-4 8.433E-4 8.15766E-4 7.56133E-4 7.80817E-4 7.78813E-4 7.01848E-4 0.001030356 8.23534E-4 7.98193E-4 8.11433E-4 8.72935E-4 7.50247E-4 7.62472E-4 8.53788E-4 7.53422E-4 6.85268E-4 8.89449E-4 7.78172E-4 7.42643E-4 7.85608E-4 8.83332E-4 6.67765E-4 8.90578E-4 9.03663E-4 6.68409E-4 6.6498E-4 9.83855E-4 7.47665E-4 8.38327E-4 8.87313E-4 7.39223E-4 2.70601E-4 8.94106E-4 7.88391E-4 6.52836E-4 2.81546E-4 0.00101763 7.19814E-4 3.16666E-4 7.85173E-4 8.41346E-4 2.90584E-4 9.19742E-4 8.10148E-4 7.32425E-4 1.89331E-4 0.001034882 7.66594E-4 2.25648E-4 9.33485E-4 8.62002E-4 2.20903E-4 8.51217E-4 9.00605E-4 7.69558E-4 1.9057E-4 9.03304E-4 7.57989E-4 2.65254E-4 8.76047E-4 8.65259E-4 2.11665E-4 8.61215E-4 8.33436E-4 7.21217E-4 1.99683E-4 9.5076E-4 8.9078E-4 2.34763E-4 8.60964E-4 8.12817E-4 2.47637E-4 9.11011E-4 8.6448E-4 7.56656E-4 1.9442E-4 0.001067179 8.86049E-4 2.73096E-4 9.11514E-4 8.96819E-4 2.13045E-4 8.07972E-4 8.89199E-4 7.23167E-4 1.98519E-4 9.70058E-4 8.56218E-4 3.12356E-4 9.29967E-4 8.4551E-4 2.07125E-4 8.62757E-4 7.70174E-4 7.2736E-4 1.90843E-4 8.72636E-4 8.80649E-4 2.29922E-4 8.7846E-4 7.45753E-4 2.13628E-4 8.17388E-4 8.48405E-4 6.91542E-4 1.9607E-4 8.80801E-4 8.48768E-4 2.25723E-4 8.47375E-4 8.71518E-4 2.46694E-4 8.85247E-4 7.7147E-4 7.10077E-4 2.34065E-4 9.51552E-4 7.3147E-4 2.77985E-4 8.70224E-4 8.32031E-4 2.13832E-4 8.53322E-4 8.34349E-4 7.36067E-4 1.92625E-4 0.001029433 9.0296E-4 2.28749E-4 9.2549E-4 8.15268E-4 2.17842E-4 7.65562E-4 7.51811E-4 6.8928E-4 1.99764E-4 9.87368E-4 8.39341E-4 2.4252E-4 8.73791E-4 8.29245E-4 2.50384E-4 8.01012E-4 9.09816E-4 6.72906E-4 1.9836E-4 9.17486E-4 7.91086E-4 2.29884E-4 8.08381E-4 8.3738E-4 2.19438E-4 8.63792E-4 8.60555E-4 6.21552E-4 2.40985E-4 0.002523598 7.71286E-4 2.38031E-4 7.4613E-4 7.8134E-4 2.18908E-4 3.37297E-4 7.66666E-4 6.76253E-4 2.03975E-4 9.34238E-4 8.26666E-4 2.32969E-4 8.5299E-4 7.67023E-4 2.28122E-4 3.80392E-4 8.36216E-4 6.32961E-4 1.996E-4 9.5753E-4 8.31361E-4 2.35422E-4 8.16043E-4 8.98611E-4 2.16702E-4 3.30703E-4 7.74672E-4 6.25189E-4 2.00694E-4 9.41272E-4 7.93036E-4 2.29823E-4 9.14222E-4 7.56568E-4 2.24713E-4 3.25182E-4 8.98285E-4 8.07633E-4 1.99431E-4 0.001087313 9.4328E-4 2.37938E-4 8.15584E-4 7.58592E-4 2.1199E-4 3.93495E-4 7.95399E-4 6.16079E-4 2.06326E-4 9.78763E-4 8.34212E-4 2.36654E-4 8.80893E-4 9.00687E-4 2.45592E-4 3.69516E-4 8.63548E-4 6.25456E-4 1.99119E-4 8.71415E-4 8.88097E-4 2.70575E-4 8.17133E-4 8.84332E-4 2.20608E-4 3.86367E-4 8.70046E-4 1.2851E-4 2.00749E-4 3.50105E-4 2.18796E-4 2.20603E-4 8.22962E-4 7.4836E-4 2.55528E-4 4.34502E-4 9.77565E-4 7.8757E-4 2.64328E-4 9.58895E-4 9.78828E-4 2.99052E-4 0.001057586 0.001003539 2.76089E-4 4.18203E-4 9.58432E-4 7.83034E-4 2.42368E-4 0.00101462 8.89171E-4 2.89374E-4 0.001046069 9.76764E-4 2.83226E-4 4.52146E-4 0.001025321 7.93399E-4 2.48135E-4 8.98601E-4 8.78204E-4 2.93868E-4 9.59543E-4 9.54754E-4 2.81304E-4 4.41716E-4 9.0302E-4 8.00538E-4 2.43379E-4 9.25585E-4 9.8365E-4 2.9042E-4 9.44747E-4 0.00102874 3.25074E-4 4.90431E-4 9.43652E-4 8.24919E-4 2.33965E-4 9.24875E-4 8.53926E-4 2.94611E-4 0.001048602 9.16475E-4 2.77281E-4 3.94155E-4 9.6403E-4 7.33178E-4 2.43365E-4 9.22446E-4 0.001011075 2.87902E-4 0.001057966 0.001012536 2.70819E-4 4.6051E-4 8.92538E-4 7.82868E-4 2.3929E-4 1.01413E-4 9.00449E-4 2.77418E-4 0.001027558 8.29401E-4 2.33449E-4 4.10179E-4 8.91895E-4 7.9791E-4 2.36763E-4 9.28034E-4 9.24813E-4 2.75826E-4 8.21431E-4 9.34762E-4 2.41951E-4 3.681E-4 8.83504E-4 7.80507E-4 2.28187E-4 8.63087E-4 8.3882E-4 2.88882E-4 9.53315E-4 9.35398E-4 2.49721E-4 4.03338E-4 8.60355E-4 7.82128E-4 2.28234E-4 8.81372E-4 9.01374E-4 2.84944E-4 0.001044512 9.22353E-4 2.64344E-4 3.8334E-4 8.97797E-4 6.56008E-4 2.49757E-4 8.98507E-4 9.33584E-4 2.7412E-4 8.41032E-4 8.61039E-4 2.44278E-4 3.9724E-4 8.87145E-4 6.96401E-4 2.29244E-4 9.02925E-4 8.67975E-4 2.74E-4 9.57919E-4 7.72976E-4 2.17082E-4 4.47051E-4 8.04321E-4 7.23993E-4 2.33686E-4 9.19054E-4 8.57885E-4 2.72995E-4 9.65305E-4 8.41176E-4 2.60931E-4 4.05953E-4 8.37059E-4 6.96315E-4 2.07555E-4 9.15535E-4 9.43942E-4 2.80484E-4 8.37528E-4 8.26644E-4 2.4076E-4 3.69319E-4 7.94968E-4 6.50155E-4 2.3098E-4 8.46919E-4 7.92487E-4 2.58576E-4 7.83295E-4 8.08943E-4 2.27476E-4 3.1854E-4 9.13057E-4 6.66746E-4 2.40159E-4 7.93192E-4 8.51065E-4 3.73987E-4 8.57006E-4 8.73546E-4 2.60209E-4 4.41144E-4 7.04433E-4 6.5555E-4 2.19465E-4 7.60851E-4 7.78105E-4 2.94905E-4 8.21567E-4 8.31145E-4 2.50742E-4 4.30456E-4 7.90092E-4 6.57735E-4 2.28934E-4 8.44748E-4 8.53149E-4 2.85098E-4 8.59399E-4 7.61929E-4 2.56562E-4 4.24584E-4 8.46962E-4 6.81665E-4 2.39789E-4 8.83814E-4 8.72494E-4 2.77527E-4 8.01764E-4 8.29483E-4 2.60385E-4 3.32729E-4 7.70863E-4 7.80111E-4 2.28005E-4 7.91925E-4 8.97956E-4 2.82383E-4 7.69962E-4 7.95597E-4 2.47382E-4 3.68864E-4 8.12361E-4 7.49048E-4 2.26136E-4 8.02595E-4 8.73803E-4 2.91034E-4 8.50398E-4 8.79514E-4 2.70026E-4 4.40418E-4 7.20404E-4 7.43858E-4 2.26993E-4 8.50661E-4 8.14232E-4 2.99456E-4 8.48846E-4 9.8084E-5 2.58831E-4 3.76758E-4 6.6968E-4 6.61857E-4 2.26834E-4 8.39476E-4 7.43232E-4 2.70939E-4 7.13811E-4 7.84408E-4 2.6641E-4 3.46337E-4 8.38328E-4 6.89661E-4 2.39721E-4 7.81931E-4 8.86183E-4 2.93787E-4 7.70913E-4 8.04878E-4 2.5407E-4 3.5347E-4 9.12588E-4 7.12241E-4 2.16145E-4 7.8787E-4 0.001256425 2.69123E-4 8.90236E-4 8.54433E-4 2.44976E-4 3.36352E-4 6.95716E-4 6.62858E-4 2.10201E-4 7.78437E-4 8.68591E-4 2.84011E-4 8.29006E-4 8.26691E-4 2.58596E-4 3.36558E-4 8.00888E-4 6.65945E-4 2.2172E-4 7.82403E-4 7.79606E-4 2.81003E-4 7.88181E-4 7.40867E-4 3.39679E-4 3.5731E-4 7.57367E-4 5.4941E-4 2.31511E-4 7.10758E-4 7.2067E-4 2.73751E-4 6.42745E-4 7.40133E-4 2.57318E-4 3.11089E-4 7.00192E-4 5.80937E-4 2.83111E-4 7.46457E-4 7.08919E-4 2.93571E-4 7.60168E-4 7.64804E-4 2.66579E-4 3.11871E-4 7.86515E-4 5.96636E-4 2.39826E-4 7.58108E-4 6.67477E-4 2.80911E-4 6.72002E-4 6.71539E-4 2.56206E-4 3.62459E-4 8.24933E-4 6.26512E-4 2.35109E-4 7.56139E-4 7.05635E-4 2.64388E-4 7.02331E-4 7.37988E-4 2.69331E-4 3.23986E-4 7.61421E-4 6.05795E-4 2.49289E-4 7.58308E-4 6.66183E-4 2.81339E-4 6.70872E-4 6.45631E-4 2.35744E-4 1.21626E-4 7.33245E-4 5.60452E-4 2.33787E-4 7.58787E-4 7.08665E-4 1.45819E-4 7.309E-4 7.06367E-4 2.58654E-4 3.74693E-4 7.24614E-4 6.12376E-4 2.41502E-4 7.28867E-4 7.14716E-4 2.70822E-4 6.53958E-4 6.52103E-4 1.21126E-4 3.19878E-4 6.78033E-4 5.42028E-4 2.1281E-4 7.36139E-4 8.34767E-4 3.62183E-4 7.30062E-4 7.76238E-4 2.50748E-4 3.65482E-4 6.94836E-4 6.2023E-4 2.61567E-4 7.57274E-4 8.13324E-4 2.92305E-4 7.46565E-4 7.69911E-4 2.6966E-4 3.41409E-4 7.59962E-4 5.52675E-4 2.55644E-4 7.34729E-4 6.11525E-4 2.78711E-4 7.55627E-4 7.27136E-4 2.5156E-4 3.64319E-4 6.96848E-4 5.91788E-4 2.14738E-4 7.29638E-4 6.90965E-4 2.67918E-4 7.13291E-4 7.36531E-4 2.62723E-4 3.49367E-4 7.8149E-4 5.67511E-4 2.56802E-4 7.37088E-4 6.85682E-4 2.74164E-4 7.19756E-4 6.85558E-4 2.63586E-4 3.52478E-4 7.86081E-4 6.017E-4 2.36612E-4 7.16549E-4 6.93838E-4 2.69895E-4 6.84679E-4 7.23023E-4 2.97212E-4 3.35733E-4 7.61172E-4 5.8422E-4 2.55047E-4 7.51712E-4 6.65227E-4 2.72167E-4 7.55115E-4 7.20921E-4 2.53842E-4 3.51657E-4 7.70875E-4 5.02045E-4 2.62133E-4 7.37538E-4 7.22197E-4 2.71317E-4 6.88559E-4 7.40878E-4 2.49635E-4 3.44509E-4 6.73343E-4 5.90204E-4 2.69181E-4 7.43394E-4 7.36151E-4 2.71517E-4 6.72312E-4 7.12832E-4 2.42167E-4 3.25797E-4 6.79585E-4 5.93101E-4 2.64478E-4 7.2658E-4 6.86489E-4 2.72453E-4 6.96591E-4 7.31285E-4 2.69935E-4 3.80147E-4 6.66297E-4 5.88763E-4 2.51638E-4 7.94013E-4 6.07402E-4 2.85108E-4 7.62617E-4 8.17157E-4 2.7617E-4 3.3206E-4 7.3731E-4 6.04948E-4 2.34445E-4 7.10486E-4 7.65164E-4 2.90855E-4 8.10339E-4 7.69666E-4 2.86312E-4 4.64815E-4 7.59611E-4 6.79368E-4 1.91185E-4 7.379E-4 8.25376E-4 2.9266E-4 7.93888E-4 

Timer for Syntactic Relevance:: 5.00310853
Timer for solver: 0.697849777
		UBUNTU.SPLX	UBUNTU_C50_0.TESTCASES
			Diag: [requires(UniversalAccess1, UniversalAccess), requires(Low1, Low), requires(Displays1, Displays), ((~Speed \/ Speed1) \/ Speed2), ((~Normal \/ Normal1) \/ Normal2), ((((~Fast \/ Fast1) \/ Fast2) \/ Fast3) \/ Fast4)]
			Diag size: 6
The size of Consistency checks: 571461
The number of Choco Solver calls: 1010
The number of different: 3
The number of INconsistent: 17
The number of union: 191
The number of post constraints: 571461
The number of consistent: 993
The number of unpost constraints: 571461
The number of Consistency checks: 96

Timer for Syntactic Relevance:[thread=1]: 5.250064736
5.250064736 
Timer for solver[thread=1]: 0.72038448
6.3873E-4 3.40718E-4 5.51373E-4 1.71311E-4 6.39464E-4 1.67426E-4 3.2757E-4 5.9553E-4 6.28491E-4 4.96014E-4 1.75964E-4 4.18871E-4 4.34045E-4 1.47459E-4 5.1828E-4 6.9641E-4 3.66579E-4 6.73973E-4 4.41272E-4 3.58574E-4 6.1189E-4 0.001112799 1.10123E-4 5.89595E-4 5.882E-4 2.43477E-4 1.92355E-4 2.09674E-4 1.34775E-4 1.08901E-4 6.22127E-4 8.53242E-4 7.54696E-4 7.21872E-4 4.05553E-4 9.47777E-4 7.25152E-4 7.81405E-4 9.91581E-4 8.25085E-4 7.75605E-4 6.64885E-4 6.98242E-4 0.001149884 9.5027E-4 7.66624E-4 8.3857E-4 0.001015402 0.001222616 5.52912E-4 0.002490846 0.002082228 9.266E-4 0.001024712 9.92512E-4 0.001112021 0.001190019 0.001118855 0.001035383 0.001141695 0.001119221 8.51977E-4 8.44744E-4 8.20883E-4 9.8624E-4 0.00142119 0.001332657 9.42363E-4 0.001255942 0.001324485 0.001288205 9.79685E-4 0.00102568 9.64451E-4 0.001107338 0.001114586 0.001166684 0.001178178 0.00107765 0.001200923 0.001248914 0.001195077 0.00130058 0.001195744 0.00132237 0.001141234 0.001132855 0.001325215 0.001349516 0.001257653 0.001319881 0.001258394 0.001286285 0.001262531 0.001130216 0.001314335 0.001500782 0.001473932 0.001409768 0.001514392 0.001361172 0.001307188 0.001404844 0.001367237 0.00156414 0.001382534 0.001514543 0.001691474 0.001425206 0.001451536 0.001390581 0.001373528 0.001336408 0.001368229 0.00130848 0.001988947 0.002778345 0.00105965 0.001033324 0.001071245 9.0097E-4 9.23232E-4 9.35878E-4 9.14287E-4 0.001051357 0.001091419 0.001020306 0.001078324 0.001019302 8.76983E-4 8.43337E-4 8.22328E-4 8.38413E-4 8.01339E-4 8.86037E-4 8.15814E-4 8.22495E-4 8.34305E-4 8.42403E-4 8.26279E-4 8.6006E-4 8.2387E-4 8.19971E-4 8.25551E-4 8.35435E-4 8.12433E-4 8.58861E-4 8.38373E-4 8.17534E-4 8.08152E-4 8.03764E-4 8.1008E-4 8.26496E-4 8.23763E-4 8.22493E-4 8.27879E-4 8.59471E-4 8.01715E-4 8.12614E-4 8.1891E-4 8.47034E-4 7.71917E-4 7.8015E-4 8.26432E-4 8.74351E-4 8.09639E-4 8.52059E-4 7.93049E-4 8.051E-4 8.09513E-4 8.14722E-4 8.62719E-4 8.15986E-4 8.33196E-4 8.06502E-4 7.97177E-4 8.12043E-4 8.2537E-4 9.66769E-4 9.06821E-4 9.39356E-4 8.35932E-4 9.41537E-4 8.48557E-4 8.90626E-4 9.27098E-4 8.66283E-4 9.89772E-4 9.06203E-4 9.05189E-4 9.42852E-4 0.00101452 0.00125646 6.02536E-4 6.91675E-4 5.63586E-4 5.97529E-4 6.54291E-4 6.83043E-4 5.8232E-4 7.34765E-4 6.87238E-4 6.94431E-4 6.12531E-4 0.001296286 0.001059746 0.001176541 0.001036415 0.001138394 0.001153786 9.295E-4 9.64834E-4 8.65434E-4 9.65698E-4 8.61084E-4 9.91966E-4 0.001013939 9.00251E-4 0.001078644 0.001017761 9.01124E-4 0.001086263 8.11465E-4 8.78308E-4 9.82196E-4 0.001013171 9.9947E-4 9.111E-4 9.90177E-4 0.001096749 8.9508E-4 0.001027047 0.00103264 0.001028427 9.51497E-4 8.87227E-4 8.67156E-4 8.4872E-4 0.001060323 0.001033338 9.81372E-4 0.00105579 0.001168006 0.001179366 0.001239605 0.001064475 0.001049255 0.001114088 0.001030787 0.001000491 9.32061E-4 9.73588E-4 8.87292E-4 9.57995E-4 8.31889E-4 9.25525E-4 9.88876E-4 0.001085454 9.82731E-4 9.98624E-4 0.001011506 9.33413E-4 9.13279E-4 0.00112406 7.58329E-4 8.71996E-4 8.31154E-4 8.80088E-4 9.22171E-4 8.54467E-4 9.83017E-4 9.22927E-4 9.97794E-4 9.71712E-4 7.55971E-4 8.47913E-4 8.40146E-4 0.00101768 8.60479E-4 0.001049894 9.11119E-4 8.51684E-4 8.50352E-4 8.5611E-4 7.5402E-4 6.14818E-4 8.84709E-4 7.67481E-4 8.75583E-4 9.30755E-4 9.3347E-4 8.14697E-4 8.90964E-4 7.64031E-4 7.21578E-4 6.93811E-4 0.001032049 7.85498E-4 7.16376E-4 9.88826E-4 7.95213E-4 7.78808E-4 8.75938E-4 7.56106E-4 8.17758E-4 6.34172E-4 0.001026149 7.34722E-4 8.61462E-4 7.80663E-4 8.81281E-4 8.62995E-4 7.55407E-4 7.3505E-4 8.15685E-4 7.40378E-4 0.001071234 8.51807E-4 7.60786E-4 8.18641E-4 8.26252E-4 7.5507E-4 7.70157E-4 8.50039E-4 7.51776E-4 6.80756E-4 0.001089222 7.87911E-4 7.52165E-4 7.76421E-4 8.8765E-4 7.12007E-4 8.78371E-4 8.94928E-4 6.65593E-4 6.92382E-4 9.89608E-4 7.49031E-4 8.57705E-4 8.80274E-4 7.69225E-4 2.49443E-4 8.84582E-4 7.63265E-4 6.58933E-4 2.7373E-4 0.001017002 7.19975E-4 3.18451E-4 7.91373E-4 8.29034E-4 2.11508E-4 9.21046E-4 8.17927E-4 7.9152E-4 2.24732E-4 9.97101E-4 7.62675E-4 2.26547E-4 9.12701E-4 8.45388E-4 2.1383E-4 8.85683E-4 8.96331E-4 7.66995E-4 2.01452E-4 9.05045E-4 7.72179E-4 2.49515E-4 8.79933E-4 8.50033E-4 2.13041E-4 8.59668E-4 8.44837E-4 7.33095E-4 1.89595E-4 9.14885E-4 8.49012E-4 2.62592E-4 8.58607E-4 7.64594E-4 2.09323E-4 9.11332E-4 8.63599E-4 7.2364E-4 1.94602E-4 0.001058464 9.18485E-4 2.39534E-4 8.84666E-4 9.26079E-4 2.13967E-4 7.66483E-4 8.98942E-4 7.5684E-4 2.29257E-4 9.75536E-4 8.55111E-4 2.32792E-4 8.98943E-4 8.31823E-4 2.06148E-4 8.48619E-4 7.66089E-4 7.14333E-4 1.88208E-4 8.6363E-4 8.82725E-4 2.33611E-4 8.78566E-4 7.50996E-4 2.51977E-4 7.76832E-4 8.57165E-4 6.79109E-4 1.93027E-4 8.81934E-4 8.48987E-4 2.34575E-4 8.32261E-4 8.77679E-4 2.08861E-4 8.77623E-4 7.56546E-4 7.28461E-4 2.01727E-4 9.65435E-4 7.71207E-4 2.37346E-4 8.33186E-4 8.35538E-4 2.16825E-4 8.43083E-4 8.75829E-4 8.87666E-4 2.44566E-4 0.001265252 0.001092598 2.97659E-4 0.001096229 9.25009E-4 2.56411E-4 8.3811E-4 7.55138E-4 6.92828E-4 1.98281E-4 9.91233E-4 8.45087E-4 2.35108E-4 8.59194E-4 8.33833E-4 2.1096E-4 7.75865E-4 8.8878E-4 7.1128E-4 2.38297E-4 9.27974E-4 8.26861E-4 2.49331E-4 7.74687E-4 8.34343E-4 2.25417E-4 8.48512E-4 8.40786E-4 6.24926E-4 2.03764E-4 0.002643586 7.62064E-4 2.38536E-4 7.51854E-4 7.64926E-4 2.366E-4 3.40102E-4 7.7627E-4 6.79883E-4 2.07154E-4 9.33181E-4 8.13242E-4 2.30942E-4 8.5348E-4 7.85313E-4 2.14671E-4 4.07214E-4 8.43687E-4 6.38618E-4 1.99382E-4 9.54255E-4 8.30378E-4 2.35291E-4 8.23703E-4 8.97683E-4 2.17005E-4 3.14203E-4 7.95899E-4 6.37541E-4 2.08166E-4 9.41724E-4 8.46442E-4 2.31901E-4 9.55978E-4 7.08237E-4 2.56701E-4 3.64278E-4 8.67177E-4 7.29091E-4 2.42091E-4 0.001038399 8.48661E-4 2.27365E-4 7.65146E-4 8.18372E-4 2.19868E-4 4.01073E-4 7.84446E-4 6.09554E-4 1.94557E-4 9.64425E-4 8.31835E-4 2.73341E-4 8.68444E-4 8.81089E-4 2.21414E-4 3.69136E-4 8.86392E-4 6.27123E-4 2.39172E-4 8.72909E-4 8.80751E-4 2.34773E-4 7.9572E-4 8.80818E-4 2.2194E-4 3.87387E-4 8.43044E-4 9.1182E-5 1.99884E-4 3.60928E-4 2.23701E-4 2.22905E-4 7.81351E-4 7.52645E-4 2.18005E-4 3.96704E-4 9.65747E-4 7.63666E-4 2.6262E-4 9.19534E-4 9.62379E-4 2.88182E-4 0.001041411 0.001032282 3.11028E-4 4.13712E-4 9.03733E-4 7.79046E-4 2.58421E-4 0.001059796 9.03794E-4 3.32044E-4 0.00104311 9.87697E-4 2.71469E-4 4.56168E-4 0.001056492 8.43152E-4 2.47899E-4 9.32752E-4 8.8935E-4 2.89801E-4 9.66783E-4 0.001025295 3.07354E-4 4.55737E-4 9.21522E-4 8.06031E-4 2.44257E-4 9.44466E-4 9.48126E-4 2.91603E-4 9.17448E-4 9.82234E-4 2.66167E-4 4.59845E-4 9.27932E-4 8.39096E-4 2.52301E-4 9.89917E-4 8.9613E-4 3.02572E-4 0.001061467 0.001008553 2.71277E-4 3.99773E-4 9.81069E-4 7.42101E-4 2.36381E-4 9.292E-4 9.82174E-4 2.91233E-4 0.001091473 0.001101891 3.03912E-4 4.59699E-4 9.03014E-4 8.43481E-4 2.40014E-4 1.04945E-4 9.08497E-4 2.86895E-4 0.001036649 8.40735E-4 2.80572E-4 4.18448E-4 8.67515E-4 8.47952E-4 2.32527E-4 9.36842E-4 9.1657E-4 2.83373E-4 8.3401E-4 9.50708E-4 2.38106E-4 3.55397E-4 8.95711E-4 7.86798E-4 2.26104E-4 8.61686E-4 8.88407E-4 2.98125E-4 9.76818E-4 9.56552E-4 2.61733E-4 4.18715E-4 8.7853E-4 7.8318E-4 2.41986E-4 8.89252E-4 9.11965E-4 2.84127E-4 0.001061189 9.30198E-4 2.5653E-4 4.71401E-4 0.001009975 6.81947E-4 2.26604E-4 9.0089E-4 9.2225E-4 2.80817E-4 8.77884E-4 8.80479E-4 2.49285E-4 4.11764E-4 8.63392E-4 6.8381E-4 2.40581E-4 9.32967E-4 8.93146E-4 2.85825E-4 9.931E-4 7.78704E-4 2.21621E-4 4.41666E-4 8.0536E-4 7.27246E-4 2.36991E-4 9.14687E-4 8.70106E-4 2.807E-4 9.63783E-4 8.56989E-4 2.55003E-4 3.94653E-4 8.36445E-4 7.38788E-4 2.20453E-4 9.19135E-4 9.42662E-4 2.80369E-4 8.44893E-4 8.58293E-4 2.46135E-4 3.69973E-4 7.94838E-4 6.4645E-4 2.3105E-4 8.56602E-4 8.13175E-4 2.7297E-4 7.9853E-4 0.001014539 2.84134E-4 4.00787E-4 0.001127166 8.08297E-4 2.89721E-4 9.59316E-4 0.001036258 3.59509E-4 0.001003012 7.79524E-4 3.10714E-4 4.54018E-4 7.61339E-4 6.69233E-4 2.26458E-4 7.75451E-4 7.74781E-4 3.05433E-4 8.52998E-4 8.45016E-4 2.59745E-4 4.33989E-4 7.91895E-4 6.56415E-4 2.31962E-4 8.53183E-4 8.68246E-4 3.52857E-4 8.70391E-4 7.96857E-4 2.7547E-4 4.3946E-4 8.77642E-4 7.19564E-4 2.52655E-4 8.56647E-4 9.26715E-4 3.01246E-4 8.52417E-4 8.49619E-4 2.9848E-4 3.5978E-4 7.29828E-4 7.78823E-4 2.29758E-4 7.798E-4 9.16858E-4 2.95926E-4 7.86875E-4 8.09051E-4 2.58533E-4 3.63918E-4 9.2904E-4 7.50217E-4 2.45292E-4 8.16972E-4 8.82849E-4 3.26883E-4 8.44716E-4 9.01708E-4 2.60821E-4 4.33344E-4 7.17585E-4 7.36844E-4 2.31181E-4 8.69402E-4 8.30009E-4 2.99534E-4 8.96576E-4 9.9202E-5 2.66208E-4 3.84538E-4 6.70536E-4 6.54763E-4 2.32449E-4 8.47713E-4 7.54396E-4 3.68582E-4 7.30042E-4 7.92979E-4 2.5286E-4 3.45991E-4 8.35928E-4 6.94804E-4 2.3871E-4 7.84655E-4 8.83538E-4 3.0285E-4 7.70415E-4 8.73372E-4 2.58574E-4 3.82814E-4 9.74867E-4 6.86685E-4 2.21545E-4 8.01319E-4 8.70714E-4 2.81536E-4 9.63196E-4 8.79362E-4 2.55775E-4 3.42733E-4 7.06136E-4 6.6986E-4 2.17739E-4 7.84955E-4 8.76197E-4 3.11026E-4 8.60021E-4 8.54098E-4 2.64905E-4 3.47448E-4 8.10072E-4 6.78291E-4 2.21851E-4 7.95702E-4 7.91528E-4 2.99188E-4 8.0794E-4 7.52692E-4 2.8399E-4 3.54765E-4 7.53802E-4 5.39728E-4 2.76573E-4 7.45656E-4 7.29305E-4 2.88518E-4 6.65783E-4 7.61184E-4 2.46469E-4 3.2178E-4 7.33178E-4 5.78889E-4 3.28415E-4 7.36516E-4 7.0098E-4 2.99602E-4 7.4094E-4 7.40931E-4 2.71804E-4 3.07697E-4 7.64116E-4 5.73656E-4 2.28172E-4 7.26402E-4 6.66155E-4 2.79664E-4 6.48663E-4 9.14444E-4 2.89627E-4 3.56616E-4 7.90474E-4 6.24372E-4 2.39613E-4 7.42707E-4 6.79304E-4 2.60375E-4 6.90665E-4 7.33139E-4 2.62608E-4 3.1373E-4 7.37714E-4 5.96407E-4 2.77774E-4 7.44769E-4 6.43473E-4 2.62849E-4 6.42569E-4 6.35125E-4 2.72749E-4 1.5809E-4 7.15137E-4 5.50228E-4 2.74701E-4 7.40782E-4 6.92185E-4 1.48012E-4 7.10343E-4 7.02431E-4 2.9043E-4 3.64813E-4 7.11017E-4 5.94131E-4 2.80209E-4 7.1088E-4 6.96159E-4 3.08987E-4 6.40295E-4 6.434E-4 1.19952E-4 3.13453E-4 6.58078E-4 5.32676E-4 2.09919E-4 7.11881E-4 7.07015E-4 2.53882E-4 7.02478E-4 7.5929E-4 4.07499E-4 3.93278E-4 9.01259E-4 6.16229E-4 2.51725E-4 9.64757E-4 9.80674E-4 2.82911E-4 7.32379E-4 7.69097E-4 2.77091E-4 3.3235E-4 7.35493E-4 5.45516E-4 2.30631E-4 7.15991E-4 6.02843E-4 3.20319E-4 7.78325E-4 7.30778E-4 2.53121E-4 3.59287E-4 7.2506E-4 5.89428E-4 2.11934E-4 7.28084E-4 7.2576E-4 2.62691E-4 7.05118E-4 7.36445E-4 2.67756E-4 3.48744E-4 8.20676E-4 5.68635E-4 2.46335E-4 7.34483E-4 6.91737E-4 2.71099E-4 6.92379E-4 6.98303E-4 2.71035E-4 3.57608E-4 7.71383E-4 5.94529E-4 2.38173E-4 7.19116E-4 6.88904E-4 2.6745E-4 6.83345E-4 6.87599E-4 2.83365E-4 3.40177E-4 7.49781E-4 6.26232E-4 2.4897E-4 7.30223E-4 6.73537E-4 2.9217E-4 8.21505E-4 7.87651E-4 2.55003E-4 3.52968E-4 7.70949E-4 5.02371E-4 2.36865E-4 7.21887E-4 7.18505E-4 2.69838E-4 6.58357E-4 7.78353E-4 2.70036E-4 3.5124E-4 6.65799E-4 5.91416E-4 2.39973E-4 7.34814E-4 7.33784E-4 2.71514E-4 6.76089E-4 7.06957E-4 2.48473E-4 3.33959E-4 6.76784E-4 5.95612E-4 2.45393E-4 7.14681E-4 6.83904E-4 2.58179E-4 6.78391E-4 7.12375E-4 2.91195E-4 3.69285E-4 6.66166E-4 5.87065E-4 2.29274E-4 7.81366E-4 6.39743E-4 2.76655E-4 8.85578E-4 8.16661E-4 2.63789E-4 3.38686E-4 7.42554E-4 5.90359E-4 2.30647E-4 7.01906E-4 7.61306E-4 2.71385E-4 8.03685E-4 8.02444E-4 2.89691E-4 4.08673E-4 7.52393E-4 6.87044E-4 1.82699E-4 7.62465E-4 8.31533E-4 2.80183E-4 8.0344E-4 

Timer for Syntactic Relevance:: 5.250064736
Timer for solver: 0.72038448
		UBUNTU.SPLX	UBUNTU_C50_0.TESTCASES
			Diag: [requires(UniversalAccess1, UniversalAccess), requires(Low1, Low), requires(Displays1, Displays), ((~Speed \/ Speed1) \/ Speed2), ((~Normal \/ Normal1) \/ Normal2), ((((~Fast \/ Fast1) \/ Fast2) \/ Fast3) \/ Fast4)]
			Diag size: 6
The size of Consistency checks: 571461
The number of Choco Solver calls: 1010
The number of different: 3
The number of INconsistent: 17
The number of union: 191
The number of post constraints: 571461
The number of consistent: 993
The number of unpost constraints: 571461
The number of Consistency checks: 96

Timer for Syntactic Relevance:[thread=1]: 5.146217216
5.146217216 
Timer for solver[thread=1]: 0.718290892
5.55881E-4 2.86089E-4 4.4869E-4 1.24244E-4 5.11586E-4 1.31535E-4 2.79964E-4 5.93766E-4 6.09441E-4 4.61583E-4 1.47247E-4 3.84571E-4 3.91873E-4 1.22394E-4 4.96395E-4 6.07781E-4 3.6386E-4 6.74514E-4 4.51138E-4 3.56601E-4 5.94943E-4 0.001076722 1.04167E-4 4.96516E-4 5.64774E-4 1.40587E-4 1.22887E-4 1.86223E-4 1.30226E-4 1.08446E-4 6.37018E-4 9.01254E-4 7.72907E-4 7.30183E-4 4.42919E-4 8.69643E-4 7.20944E-4 7.48605E-4 0.001002225 8.58234E-4 6.87259E-4 6.79583E-4 6.90732E-4 0.001087431 9.06719E-4 6.79498E-4 7.38996E-4 8.21959E-4 9.89097E-4 4.44737E-4 0.001716194 0.001426927 6.39452E-4 7.25086E-4 6.96372E-4 7.57972E-4 8.34431E-4 7.85177E-4 7.2854E-4 8.18458E-4 8.36018E-4 7.71417E-4 8.07358E-4 7.92137E-4 9.71912E-4 9.21193E-4 9.2115E-4 8.67831E-4 9.18372E-4 9.21853E-4 0.001080581 9.73781E-4 0.001035585 9.63072E-4 0.001094058 0.001125524 0.001160412 0.001126537 0.001070124 0.001179675 0.001234541 0.001178615 0.001282908 0.001162395 0.001325625 0.001137731 0.001115971 0.001279614 0.001246398 0.001208949 0.001312722 0.001264375 0.001309995 0.001218695 0.001085108 0.001272473 0.001403723 0.001438207 0.001436221 0.001534492 0.001357774 0.001304336 0.001348707 0.001367358 0.001588309 0.001393792 0.001467017 0.001702439 0.001386853 0.001389698 0.001345181 0.00136305 0.001327383 0.001338785 0.001393314 0.00140915 0.001944516 7.31675E-4 7.23072E-4 7.58319E-4 6.99904E-4 7.43317E-4 7.64554E-4 8.23402E-4 8.68143E-4 9.12419E-4 8.52085E-4 8.98993E-4 8.6799E-4 8.46135E-4 8.14114E-4 7.97992E-4 8.5774E-4 7.86483E-4 7.94269E-4 8.09532E-4 8.44577E-4 8.37666E-4 8.26455E-4 8.03833E-4 8.31683E-4 0.00103152 9.95807E-4 9.86871E-4 0.001019925 0.001033876 0.001036783 0.001005216 9.98378E-4 8.58447E-4 8.02308E-4 8.10806E-4 8.16812E-4 8.14964E-4 8.36942E-4 8.39687E-4 8.18956E-4 8.30026E-4 8.55287E-4 8.40302E-4 8.09319E-4 7.59785E-4 7.65666E-4 8.14558E-4 8.5055E-4 8.4889E-4 8.62506E-4 8.26763E-4 8.03727E-4 8.24477E-4 8.06236E-4 8.21538E-4 8.13922E-4 8.58091E-4 8.10866E-4 8.29819E-4 7.64048E-4 8.23713E-4 9.97165E-4 8.86027E-4 9.62749E-4 8.28954E-4 8.74598E-4 8.49321E-4 9.62095E-4 9.00197E-4 9.00907E-4 9.75044E-4 9.03144E-4 8.91768E-4 9.39159E-4 8.1756E-4 9.88777E-4 5.10577E-4 5.57674E-4 4.67293E-4 4.83838E-4 5.44057E-4 5.61769E-4 4.79393E-4 6.01562E-4 5.36125E-4 5.69604E-4 4.994E-4 0.001072252 8.94217E-4 9.85136E-4 8.89875E-4 9.65893E-4 0.001095968 8.93912E-4 0.001004841 8.64053E-4 9.11469E-4 8.51091E-4 9.80437E-4 0.001025094 8.86718E-4 0.001065823 9.72398E-4 8.99745E-4 0.001103568 8.10734E-4 8.82852E-4 0.001030867 0.001000135 9.85851E-4 9.47343E-4 9.91393E-4 0.00110622 9.16822E-4 9.86527E-4 0.001031595 0.001031281 9.54361E-4 8.76324E-4 8.73465E-4 8.52661E-4 0.001056523 0.001030298 9.69626E-4 8.9583E-4 9.56248E-4 9.7439E-4 9.67218E-4 8.89573E-4 8.15586E-4 8.78595E-4 0.001001602 9.90681E-4 8.7492E-4 9.62282E-4 8.88043E-4 9.88389E-4 8.10506E-4 9.08238E-4 9.46305E-4 0.001058451 9.65283E-4 9.8207E-4 9.89961E-4 9.26148E-4 8.62346E-4 9.54058E-4 7.52533E-4 8.39263E-4 8.33031E-4 9.3403E-4 9.18884E-4 8.52631E-4 0.001002197 9.11701E-4 9.58678E-4 9.60285E-4 7.55413E-4 8.06357E-4 8.27905E-4 0.001020436 9.09077E-4 0.00102697 8.93474E-4 8.35785E-4 8.51689E-4 8.57036E-4 7.56801E-4 6.22125E-4 8.88387E-4 7.56601E-4 8.7021E-4 8.79469E-4 9.19141E-4 7.99458E-4 8.9425E-4 7.44909E-4 7.50109E-4 6.78287E-4 0.001027448 7.81953E-4 7.01426E-4 9.13261E-4 8.29047E-4 8.26563E-4 8.24983E-4 7.60505E-4 7.72787E-4 6.39367E-4 9.94591E-4 7.44183E-4 8.35861E-4 7.42168E-4 9.16768E-4 8.1044E-4 8.28353E-4 7.45655E-4 7.76095E-4 6.98036E-4 0.001030214 8.38927E-4 7.89528E-4 8.08487E-4 8.56929E-4 7.42954E-4 7.60846E-4 8.07064E-4 7.47839E-4 7.25914E-4 9.00112E-4 7.36364E-4 7.57337E-4 7.76687E-4 8.95199E-4 6.6785E-4 8.67804E-4 8.97222E-4 6.73972E-4 7.031E-4 9.87916E-4 7.53983E-4 8.4414E-4 8.69871E-4 7.23313E-4 2.35639E-4 8.73675E-4 7.96059E-4 6.39943E-4 2.86973E-4 0.001013081 7.50454E-4 3.13216E-4 7.87954E-4 8.35987E-4 2.12614E-4 9.09932E-4 8.42929E-4 7.30423E-4 2.04168E-4 0.001218075 8.42424E-4 2.38907E-4 0.001090073 8.59618E-4 3.08375E-4 8.57518E-4 9.0718E-4 7.75672E-4 1.91217E-4 9.86541E-4 7.60844E-4 2.29632E-4 8.27103E-4 8.40941E-4 2.57369E-4 8.66868E-4 8.29815E-4 7.10747E-4 1.94623E-4 9.26725E-4 8.86379E-4 2.20686E-4 8.71153E-4 7.68247E-4 2.89574E-4 0.001092655 0.001042949 8.49206E-4 2.35842E-4 0.001243861 0.001048926 2.73522E-4 0.001038492 9.22157E-4 2.5071E-4 7.57204E-4 8.49579E-4 7.24524E-4 1.94767E-4 0.001009089 8.45652E-4 2.40705E-4 9.07382E-4 8.28784E-4 2.18797E-4 8.46969E-4 7.65998E-4 7.18725E-4 1.88036E-4 8.6341E-4 8.76005E-4 2.26688E-4 8.91673E-4 7.50366E-4 2.10152E-4 7.54409E-4 8.44485E-4 7.50888E-4 2.24756E-4 8.53927E-4 8.78422E-4 2.29363E-4 8.23392E-4 9.30585E-4 2.41504E-4 8.95896E-4 7.68666E-4 7.09792E-4 2.00731E-4 9.52419E-4 7.41595E-4 2.33763E-4 8.60307E-4 8.28753E-4 2.31787E-4 8.22747E-4 8.32673E-4 6.83851E-4 2.05755E-4 0.001028234 8.97558E-4 2.37927E-4 9.5346E-4 7.73899E-4 2.17411E-4 7.48749E-4 7.45625E-4 6.93157E-4 1.98622E-4 9.74193E-4 8.38227E-4 2.37828E-4 9.27438E-4 8.31011E-4 2.11862E-4 7.69491E-4 8.54523E-4 6.59784E-4 1.98859E-4 9.04408E-4 7.67E-4 2.24078E-4 0.001196339 9.96828E-4 3.6647E-4 0.001039414 9.3264E-4 7.47373E-4 3.70995E-4 0.001246058 9.93485E-4 3.45684E-4 9.6446E-4 0.00131449 3.0974E-4 4.42218E-4 0.001028007 8.81083E-4 2.63538E-4 0.001180268 0.001032341 3.14585E-4 0.001078747 9.68238E-4 2.64717E-4 3.95308E-4 8.87243E-4 6.50176E-4 2.21195E-4 9.93768E-4 8.66224E-4 2.45214E-4 8.59203E-4 9.23253E-4 2.54514E-4 3.43671E-4 8.08349E-4 6.8164E-4 2.1865E-4 9.86923E-4 8.4379E-4 2.58053E-4 9.49927E-4 7.31063E-4 2.69568E-4 3.5268E-4 8.97163E-4 7.63529E-4 2.17417E-4 0.001109938 9.30165E-4 4.11513E-4 8.48791E-4 8.09372E-4 2.55243E-4 4.32387E-4 8.01717E-4 6.50083E-4 2.2237E-4 0.001022012 8.88133E-4 2.73223E-4 9.22655E-4 9.41933E-4 2.35615E-4 3.96506E-4 9.32619E-4 6.54022E-4 2.19872E-4 9.06837E-4 9.35478E-4 2.52749E-4 8.33054E-4 9.80303E-4 2.41338E-4 3.91737E-4 8.61414E-4 9.9628E-5 2.10681E-4 3.80946E-4 3.16456E-4 2.52043E-4 8.1847E-4 7.80162E-4 2.57472E-4 4.34602E-4 9.98488E-4 7.8657E-4 2.53939E-4 9.46023E-4 9.92454E-4 3.04361E-4 0.001086351 0.001023723 3.06128E-4 4.28123E-4 9.46337E-4 7.98061E-4 2.6496E-4 0.00106872 9.37236E-4 3.09942E-4 0.001076543 0.001168595 2.92782E-4 4.7982E-4 0.001077136 8.60842E-4 2.56342E-4 9.30739E-4 9.31529E-4 3.39913E-4 0.001014023 0.001040627 2.99156E-4 4.725E-4 9.60517E-4 8.37295E-4 2.5327E-4 0.001033211 9.87487E-4 3.05331E-4 9.59324E-4 0.001008456 2.79351E-4 4.56079E-4 9.29414E-4 8.4507E-4 2.47569E-4 9.91207E-4 8.80484E-4 3.07969E-4 0.00115962 9.36753E-4 2.67719E-4 4.12212E-4 9.84408E-4 7.44874E-4 2.46472E-4 9.3954E-4 0.001006739 2.98433E-4 0.001217896 0.001036584 2.69651E-4 4.59385E-4 9.13693E-4 8.10451E-4 2.51483E-4 1.0799E-4 9.27613E-4 3.16296E-4 0.001420328 0.001120564 3.18325E-4 5.3381E-4 0.001123214 0.001037284 3.00058E-4 0.001177208 9.47061E-4 3.25898E-4 8.27995E-4 9.01941E-4 2.47977E-4 3.59892E-4 8.87134E-4 7.96875E-4 2.35067E-4 8.90065E-4 8.85375E-4 3.36603E-4 0.001002598 9.54813E-4 2.62396E-4 4.22547E-4 8.79126E-4 8.02233E-4 2.3408E-4 8.85535E-4 9.57918E-4 2.84834E-4 0.001044574 9.3501E-4 2.57262E-4 3.93844E-4 9.21436E-4 6.91078E-4 2.50734E-4 9.01877E-4 9.6641E-4 2.79413E-4 8.70576E-4 8.82808E-4 2.54754E-4 4.13654E-4 8.74784E-4 7.06003E-4 2.39317E-4 9.40746E-4 8.93516E-4 2.84926E-4 9.79023E-4 7.87397E-4 2.73754E-4 4.77127E-4 8.49324E-4 7.46924E-4 2.46645E-4 9.22667E-4 8.75451E-4 3.10505E-4 9.66385E-4 8.55432E-4 2.59947E-4 4.11001E-4 0.001126677 7.2785E-4 2.56611E-4 9.19494E-4 9.45848E-4 2.77668E-4 9.19905E-4 8.32356E-4 2.48705E-4 3.81793E-4 8.22488E-4 6.5745E-4 2.37086E-4 8.52089E-4 8.16129E-4 2.74307E-4 8.00076E-4 9.55495E-4 2.37997E-4 3.79737E-4 9.76224E-4 6.99149E-4 4.11841E-4 0.00101312 9.20248E-4 3.0408E-4 8.62253E-4 7.73192E-4 2.69104E-4 6.76715E-4 8.87587E-4 0.001021797 2.9431E-4 0.001078565 0.001352397 5.52426E-4 9.41166E-4 9.56831E-4 2.99267E-4 4.56705E-4 0.001110011 7.30421E-4 2.69139E-4 9.31106E-4 9.25776E-4 3.33511E-4 9.23408E-4 7.83474E-4 2.70184E-4 4.34131E-4 8.77545E-4 7.05536E-4 2.41957E-4 8.74292E-4 9.00291E-4 2.85501E-4 8.60359E-4 8.56089E-4 2.76477E-4 3.34777E-4 8.02713E-4 8.27812E-4 2.644E-4 8.30474E-4 0.001177761 3.02448E-4 8.58467E-4 8.57476E-4 2.64931E-4 3.71578E-4 8.59083E-4 7.91919E-4 2.25259E-4 8.83046E-4 9.47859E-4 3.10796E-4 9.11426E-4 9.58345E-4 2.78352E-4 4.70365E-4 7.88658E-4 8.00524E-4 2.4178E-4 9.36088E-4 8.85794E-4 3.15895E-4 9.24432E-4 1.01475E-4 2.75283E-4 3.9876E-4 7.13835E-4 6.96891E-4 2.398E-4 9.14574E-4 8.15171E-4 2.81107E-4 7.74474E-4 8.65036E-4 2.67293E-4 3.67568E-4 8.9121E-4 7.46152E-4 2.38029E-4 8.41679E-4 9.94805E-4 3.14831E-4 8.27134E-4 8.764E-4 2.57344E-4 3.74303E-4 0.001005773 7.31061E-4 2.36828E-4 9.03323E-4 9.49023E-4 2.985E-4 9.57023E-4 9.28629E-4 2.60701E-4 3.59474E-4 7.61197E-4 7.15167E-4 2.26295E-4 8.45807E-4 9.49676E-4 3.16778E-4 9.0095E-4 8.89908E-4 2.61926E-4 3.64403E-4 8.5926E-4 7.211E-4 2.23392E-4 8.60621E-4 8.55643E-4 2.98681E-4 8.62379E-4 8.05739E-4 2.2926E-4 3.71596E-4 8.10571E-4 5.8417E-4 2.48997E-4 7.67115E-4 7.84751E-4 2.93599E-4 6.98812E-4 7.9911E-4 2.55684E-4 3.21165E-4 7.11811E-4 5.97388E-4 2.50221E-4 7.48489E-4 7.05738E-4 2.94193E-4 7.65009E-4 7.62492E-4 3.59796E-4 3.78616E-4 9.29353E-4 7.09714E-4 2.84807E-4 8.91525E-4 7.86243E-4 3.29686E-4 8.03467E-4 8.03606E-4 3.01789E-4 3.86601E-4 8.36879E-4 6.41144E-4 2.43877E-4 7.62552E-4 7.09187E-4 2.79618E-4 7.01804E-4 7.5208E-4 3.10634E-4 3.32458E-4 7.66453E-4 6.04073E-4 2.49291E-4 7.54514E-4 6.75983E-4 2.76231E-4 6.65641E-4 6.49412E-4 2.42573E-4 1.51786E-4 7.27567E-4 5.75227E-4 2.42875E-4 7.57327E-4 7.11743E-4 1.53279E-4 7.31287E-4 7.18879E-4 2.6599E-4 3.78058E-4 7.57868E-4 6.14639E-4 2.44844E-4 7.28128E-4 7.08585E-4 2.83054E-4 6.54799E-4 6.57104E-4 1.31402E-4 3.32503E-4 6.91741E-4 5.60638E-4 2.16787E-4 7.34355E-4 7.21165E-4 2.67751E-4 7.20054E-4 7.85517E-4 2.65483E-4 3.63428E-4 6.88643E-4 6.15181E-4 2.74982E-4 7.68231E-4 7.38212E-4 2.78383E-4 7.46738E-4 7.98872E-4 2.78232E-4 3.52708E-4 7.53151E-4 6.12108E-4 2.6026E-4 7.38832E-4 6.36431E-4 2.86177E-4 7.62626E-4 7.51792E-4 2.72699E-4 3.8364E-4 7.18505E-4 6.07952E-4 2.42701E-4 7.73872E-4 7.15987E-4 2.77278E-4 7.32241E-4 7.74788E-4 2.86189E-4 3.6012E-4 8.06918E-4 5.94307E-4 2.63676E-4 7.7264E-4 7.2435E-4 2.87315E-4 7.10552E-4 7.24748E-4 2.85946E-4 3.75933E-4 8.05333E-4 6.23924E-4 2.52814E-4 7.50375E-4 7.17923E-4 2.92261E-4 7.11758E-4 7.17756E-4 2.7446E-4 3.5764E-4 7.69734E-4 6.02731E-4 2.58419E-4 7.50487E-4 6.84899E-4 2.84344E-4 7.90236E-4 7.58234E-4 2.64064E-4 3.59797E-4 7.99149E-4 5.17044E-4 2.47864E-4 7.59392E-4 7.36629E-4 2.74053E-4 6.94299E-4 7.45268E-4 2.54725E-4 3.82535E-4 6.69127E-4 5.92464E-4 2.48513E-4 7.4227E-4 7.2625E-4 2.70996E-4 6.66643E-4 7.13088E-4 2.32887E-4 3.59869E-4 6.7984E-4 5.91311E-4 2.43341E-4 7.21381E-4 6.86453E-4 2.67449E-4 6.71227E-4 7.2562E-4 2.5621E-4 3.65389E-4 6.59014E-4 6.28586E-4 2.2784E-4 7.8029E-4 5.9599E-4 2.92947E-4 8.00684E-4 7.76493E-4 2.64278E-4 3.19652E-4 7.17126E-4 5.55738E-4 2.17248E-4 6.84643E-4 7.43251E-4 2.70424E-4 8.55141E-4 7.51118E-4 2.65153E-4 4.2356E-4 7.22411E-4 8.35985E-4 1.81804E-4 7.22642E-4 8.03127E-4 2.64181E-4 7.83109E-4 

Timer for Syntactic Relevance:: 5.146217216
Timer for solver: 0.718290892
		UBUNTU.SPLX	UBUNTU_C100_0.TESTCASES
			Diag: [requires(UniversalAccess1, UniversalAccess), requires(Low1, Low), requires(Displays1, Displays), ((~Speed \/ Speed1) \/ Speed2), (((~AcceptanceDelay \/ AcceptanceDelay1) \/ AcceptanceDelay2) \/ AcceptanceDelay3), ((~Normal \/ Normal1) \/ Normal2), ((((~Fast \/ Fast1) \/ Fast2) \/ Fast3) \/ Fast4)]
			Diag size: 7
The size of Consistency checks: 1193905
The number of Choco Solver calls: 2120
The number of different: 3
The number of INconsistent: 32
The number of union: 201
The number of post constraints: 1193905
The number of consistent: 2088
The number of unpost constraints: 1193905
The number of Consistency checks: 101

Timer for Syntactic Relevance:[thread=1]: 10.301180056
10.301180056 
Timer for solver[thread=1]: 1.424410058
4.88541E-4 2.9312E-4 4.83406E-4 1.44911E-4 5.17996E-4 1.31368E-4 2.92522E-4 5.72254E-4 5.843E-4 4.38901E-4 1.33992E-4 3.61068E-4 3.75474E-4 1.10222E-4 4.63547E-4 5.80574E-4 3.41406E-4 6.57419E-4 4.17786E-4 3.38136E-4 5.80087E-4 0.001055565 1.0591E-4 4.93498E-4 5.51361E-4 1.42513E-4 1.13483E-4 1.72881E-4 1.43347E-4 1.10641E-4 6.39215E-4 8.70237E-4 7.76967E-4 7.6248E-4 4.38851E-4 8.531E-4 7.27604E-4 7.40103E-4 9.5256E-4 7.85712E-4 6.48976E-4 6.34545E-4 6.36841E-4 0.001102846 8.8854E-4 6.88883E-4 7.25447E-4 8.26521E-4 9.92207E-4 5.84701E-4 1.16718E-4 1.77575E-4 1.46018E-4 1.36456E-4 1.5184E-4 1.84737E-4 1.56129E-4 1.50878E-4 1.14637E-4 1.59499E-4 3.30735E-4 6.58264E-4 6.61506E-4 6.19293E-4 7.08473E-4 5.91353E-4 6.6504E-4 3.32874E-4 6.05332E-4 3.3573E-4 3.48395E-4 6.76389E-4 8.1117E-4 6.39298E-4 6.12372E-4 5.19798E-4 6.13242E-4 6.49892E-4 6.01936E-4 7.21424E-4 3.15401E-4 6.77605E-4 8.59345E-4 7.21175E-4 6.57551E-4 7.57879E-4 6.97267E-4 7.70419E-4 8.72847E-4 3.79932E-4 7.46868E-4 6.84231E-4 8.10003E-4 6.54232E-4 6.40422E-4 7.65108E-4 8.85032E-4 6.03904E-4 8.16115E-4 8.20171E-4 0.001157699 0.001244857 0.001295305 0.0013249 0.001637417 0.001495925 0.001492991 0.001430912 0.00155556 0.001647666 0.001577711 0.00161271 0.001657361 0.001823234 0.001782822 0.002078117 0.001670771 0.001776991 0.001753522 0.00169386 0.001870659 0.004583541 0.004567605 0.004438884 0.004496428 0.004972636 0.004718294 7.21935E-4 7.48038E-4 7.72008E-4 8.64002E-4 8.30246E-4 8.4961E-4 7.62367E-4 7.11561E-4 7.16045E-4 7.6249E-4 7.41693E-4 7.37847E-4 7.77945E-4 7.89558E-4 7.89372E-4 7.70404E-4 7.33884E-4 7.98815E-4 7.34355E-4 7.64346E-4 7.98835E-4 7.42644E-4 8.11414E-4 7.50584E-4 7.88826E-4 8.67138E-4 7.94132E-4 7.62646E-4 7.07497E-4 7.59887E-4 8.26667E-4 8.61373E-4 7.92991E-4 7.84588E-4 8.02012E-4 7.42436E-4 7.63134E-4 7.61459E-4 6.97613E-4 8.17721E-4 7.19999E-4 7.24623E-4 7.85419E-4 8.01602E-4 8.08852E-4 7.69989E-4 8.02924E-4 7.428E-4 8.3502E-4 8.63083E-4 7.75828E-4 8.34835E-4 7.68988E-4 7.96133E-4 7.77795E-4 7.53699E-4 7.82849E-4 7.79324E-4 8.08395E-4 8.12723E-4 7.97718E-4 8.31766E-4 7.83611E-4 8.24136E-4 7.98367E-4 8.06063E-4 8.52531E-4 7.781E-4 7.67056E-4 7.69642E-4 8.74015E-4 8.23156E-4 8.08733E-4 7.79959E-4 8.26108E-4 7.92603E-4 7.90781E-4 8.05087E-4 7.56434E-4 7.49651E-4 7.7893E-4 8.25254E-4 8.06169E-4 7.74365E-4 7.95332E-4 7.6822E-4 7.89664E-4 8.5749E-4 8.21551E-4 8.02129E-4 7.55153E-4 7.87505E-4 7.70863E-4 7.89671E-4 7.47616E-4 7.67567E-4 8.81398E-4 8.9176E-4 7.72582E-4 8.37933E-4 8.33482E-4 8.29479E-4 8.43886E-4 8.75473E-4 7.79571E-4 8.57716E-4 7.75394E-4 7.58139E-4 8.70543E-4 7.65835E-4 8.11433E-4 7.37327E-4 8.34539E-4 8.36673E-4 8.19688E-4 7.45179E-4 8.29478E-4 8.63329E-4 9.44444E-4 0.001008743 9.55865E-4 8.75304E-4 8.73711E-4 0.001020538 9.82974E-4 9.66456E-4 8.52549E-4 8.18794E-4 8.22923E-4 8.43575E-4 7.8361E-4 8.48762E-4 8.32202E-4 8.52645E-4 8.20517E-4 7.93267E-4 7.09114E-4 8.30625E-4 8.50466E-4 8.18352E-4 8.21137E-4 9.38366E-4 8.07721E-4 8.26543E-4 8.31183E-4 7.66392E-4 8.44302E-4 7.72084E-4 7.74197E-4 8.50928E-4 8.26361E-4 8.39907E-4 7.84913E-4 7.46779E-4 9.16193E-4 8.00218E-4 7.09709E-4 7.84136E-4 7.59084E-4 8.38557E-4 8.51188E-4 8.06409E-4 8.33811E-4 8.65025E-4 7.68577E-4 8.14477E-4 7.63774E-4 7.70178E-4 7.47762E-4 8.32942E-4 8.64359E-4 7.10082E-4 7.01877E-4 8.36888E-4 7.72253E-4 9.0171E-4 8.16176E-4 7.73434E-4 8.08156E-4 8.27546E-4 8.42475E-4 7.22322E-4 8.58164E-4 7.95284E-4 8.08636E-4 8.52145E-4 7.92813E-4 8.52886E-4 8.37105E-4 9.18026E-4 9.36496E-4 8.50837E-4 8.43692E-4 8.58743E-4 9.00977E-4 7.31174E-4 8.11473E-4 6.91934E-4 8.36529E-4 7.76197E-4 8.91878E-4 8.12754E-4 8.49553E-4 7.73538E-4 8.38111E-4 8.17165E-4 7.90333E-4 7.9696E-4 7.42315E-4 8.2253E-4 8.28425E-4 7.49657E-4 8.0161E-4 8.37681E-4 7.84508E-4 8.14897E-4 7.12985E-4 8.99933E-4 7.65862E-4 7.91929E-4 8.16939E-4 7.94267E-4 0.001014577 8.20699E-4 7.65285E-4 8.25487E-4 7.93977E-4 8.69073E-4 8.75819E-4 7.68321E-4 8.33888E-4 7.91101E-4 7.71229E-4 8.01072E-4 7.54237E-4 7.32626E-4 7.53435E-4 7.36676E-4 7.39523E-4 8.5048E-4 8.4319E-4 7.78932E-4 8.28227E-4 8.30242E-4 8.10957E-4 8.33867E-4 8.41824E-4 8.2704E-4 8.1772E-4 8.12136E-4 8.09117E-4 8.3404E-4 8.13027E-4 8.72164E-4 7.31712E-4 7.92724E-4 7.86178E-4 8.3076E-4 8.10143E-4 8.42057E-4 8.50081E-4 8.15326E-4 7.54421E-4 8.215E-4 7.71606E-4 8.33918E-4 8.7355E-4 8.34514E-4 8.03147E-4 7.67041E-4 8.25108E-4 8.09221E-4 7.70763E-4 7.9282E-4 7.41178E-4 8.04935E-4 8.42851E-4 8.09335E-4 8.48298E-4 8.19949E-4 8.24699E-4 7.4973E-4 8.72834E-4 8.06763E-4 8.23108E-4 8.82302E-4 8.1143E-4 8.09812E-4 7.79263E-4 8.35942E-4 8.44579E-4 7.41623E-4 8.48468E-4 8.9664E-4 8.58684E-4 7.85485E-4 7.98902E-4 7.53998E-4 8.01008E-4 7.96806E-4 7.88882E-4 7.95358E-4 8.36076E-4 8.32622E-4 8.18755E-4 8.2082E-4 8.03694E-4 7.72758E-4 6.60924E-4 7.59498E-4 8.02246E-4 7.13747E-4 8.37037E-4 8.09472E-4 8.3446E-4 7.85417E-4 8.1096E-4 7.84024E-4 7.16223E-4 8.20848E-4 7.70556E-4 8.20108E-4 9.11532E-4 7.0127E-4 7.21097E-4 6.93859E-4 7.389E-4 7.39398E-4 8.26263E-4 8.87532E-4 8.34659E-4 8.3864E-4 9.04763E-4 7.93773E-4 7.94458E-4 7.83644E-4 8.07549E-4 7.79945E-4 7.82137E-4 8.1038E-4 9.00547E-4 8.08969E-4 7.36828E-4 7.12556E-4 8.09611E-4 7.29012E-4 7.94084E-4 7.74549E-4 8.12583E-4 9.56398E-4 8.19348E-4 8.71993E-4 8.97506E-4 8.44182E-4 8.70084E-4 8.79019E-4 8.27324E-4 0.001002441 0.001012295 9.38965E-4 9.2255E-4 8.67484E-4 9.76531E-4 8.19489E-4 8.22462E-4 9.73276E-4 9.97729E-4 9.02215E-4 9.85856E-4 9.5607E-4 8.91897E-4 9.41491E-4 9.03792E-4 9.74798E-4 8.98185E-4 8.59099E-4 0.001001204 9.91366E-4 9.51939E-4 9.76E-4 9.28562E-4 8.48567E-4 9.50425E-4 9.53637E-4 9.3106E-4 9.91038E-4 0.001031801 8.2301E-4 9.84132E-4 9.7929E-4 7.02484E-4 9.88661E-4 8.22454E-4 8.66894E-4 8.56478E-4 8.70888E-4 9.24148E-4 8.03044E-4 8.40765E-4 0.001005163 9.42982E-4 9.24069E-4 8.82272E-4 8.89473E-4 8.0928E-4 8.9313E-4 9.99465E-4 7.95392E-4 8.41233E-4 9.26389E-4 8.18309E-4 8.86E-4 9.08457E-4 9.62355E-4 8.46723E-4 8.94253E-4 9.35604E-4 8.3201E-4 8.09181E-4 8.33667E-4 8.18517E-4 9.85386E-4 9.22616E-4 9.85586E-4 8.88804E-4 9.26203E-4 8.32008E-4 7.44337E-4 9.49689E-4 9.75773E-4 7.73373E-4 8.26758E-4 8.88731E-4 9.11054E-4 9.62213E-4 9.16254E-4 8.78286E-4 7.55151E-4 7.96365E-4 9.48193E-4 9.40151E-4 9.54919E-4 9.1687E-4 8.76605E-4 9.44576E-4 9.0321E-4 9.64654E-4 7.09923E-4 8.97242E-4 9.32947E-4 6.86049E-4 9.9761E-4 8.06874E-4 8.41584E-4 0.001010596 8.5141E-4 9.73207E-4 7.15479E-4 7.39138E-4 8.44992E-4 9.44956E-4 9.28491E-4 9.20022E-4 9.36125E-4 9.57653E-4 9.65543E-4 0.001019464 8.70496E-4 8.16413E-4 9.66498E-4 7.99973E-4 9.46937E-4 8.62145E-4 8.50429E-4 8.65585E-4 9.51189E-4 8.88421E-4 7.04037E-4 6.85475E-4 8.88896E-4 8.43312E-4 8.29608E-4 8.84438E-4 8.65733E-4 8.50295E-4 9.40156E-4 8.38352E-4 7.33606E-4 9.28346E-4 8.84668E-4 8.57193E-4 9.44074E-4 8.40265E-4 9.54945E-4 8.1889E-4 9.84392E-4 8.06971E-4 7.6602E-4 6.70108E-4 7.86031E-4 8.41788E-4 9.00876E-4 8.39188E-4 8.11046E-4 8.76122E-4 9.56709E-4 8.50355E-4 7.86863E-4 9.77808E-4 8.79156E-4 7.91912E-4 8.6823E-4 8.66126E-4 9.3618E-4 8.42343E-4 8.43484E-4 8.29251E-4 7.10041E-4 8.03325E-4 8.90238E-4 9.10019E-4 8.60275E-4 0.001001348 7.85502E-4 8.73644E-4 9.51252E-4 8.48585E-4 8.21545E-4 9.93201E-4 9.28555E-4 7.3714E-4 9.15745E-4 9.08819E-4 9.21113E-4 7.82994E-4 8.34817E-4 9.66463E-4 7.16028E-4 7.39672E-4 8.95062E-4 9.35389E-4 9.25847E-4 9.11217E-4 9.15637E-4 8.38975E-4 9.80014E-4 8.58164E-4 7.49871E-4 8.43728E-4 9.07018E-4 7.1943E-4 8.3862E-4 7.03529E-4 8.97408E-4 7.46901E-4 8.09565E-4 9.45969E-4 8.03385E-4 7.04641E-4 8.26352E-4 9.43614E-4 7.99325E-4 0.001014864 9.46178E-4 7.64676E-4 8.82578E-4 8.14459E-4 7.54727E-4 8.28215E-4 7.20576E-4 7.78233E-4 9.60824E-4 6.92712E-4 8.14545E-4 3.89137E-4 8.39613E-4 8.41703E-4 7.08722E-4 3.41425E-4 7.92727E-4 8.18145E-4 4.82454E-4 9.67072E-4 9.29172E-4 3.46628E-4 8.60628E-4 8.95922E-4 7.82225E-4 9.75344E-4 3.66412E-4 8.41527E-4 9.04825E-4 3.79686E-4 0.001024464 3.14989E-4 8.67322E-4 9.86243E-4 8.23644E-4 2.31081E-4 8.83462E-4 9.38355E-4 2.95017E-4 8.62001E-4 8.85466E-4 2.63631E-4 9.70734E-4 9.4279E-4 7.18238E-4 8.95105E-4 2.90722E-4 6.78588E-4 9.55865E-4 2.60779E-4 9.70208E-4 3.0828E-4 8.50971E-4 8.55778E-4 7.85854E-4 2.31433E-4 9.08645E-4 8.479E-4 2.90937E-4 8.75219E-4 8.77741E-4 2.76553E-4 9.56695E-4 9.17136E-4 6.96361E-4 9.6525E-4 2.97962E-4 8.02104E-4 8.67196E-4 2.62062E-4 8.55729E-4 2.93374E-4 0.001016733 8.28315E-4 7.34539E-4 2.34616E-4 9.45529E-4 9.53591E-4 2.95956E-4 0.001005135 9.58356E-4 2.8742E-4 8.67766E-4 9.137E-4 7.97253E-4 9.4869E-4 3.19153E-4 7.03017E-4 9.25676E-4 2.64768E-4 8.56258E-4 2.84399E-4 8.83085E-4 7.91329E-4 7.81485E-4 2.69406E-4 9.24414E-4 9.11048E-4 4.14915E-4 0.001008682 9.16728E-4 2.93991E-4 8.4775E-4 8.47831E-4 7.37901E-4 8.35669E-4 2.84696E-4 7.03209E-4 9.02482E-4 2.59716E-4 8.64057E-4 2.78733E-4 9.01621E-4 8.50559E-4 8.10614E-4 2.40497E-4 8.60082E-4 9.30775E-4 3.28828E-4 0.001000573 8.65088E-4 2.74799E-4 8.71312E-4 9.55145E-4 8.64389E-4 8.40272E-4 2.77914E-4 8.20258E-4 7.91833E-4 2.65539E-4 8.51233E-4 2.87952E-4 8.47008E-4 8.17422E-4 7.24663E-4 2.71998E-4 8.46798E-4 9.00707E-4 2.83531E-4 9.83331E-4 8.27212E-4 2.64593E-4 8.86331E-4 9.58995E-4 7.45418E-4 8.99147E-4 2.68107E-4 7.36711E-4 8.60415E-4 2.62019E-4 9.89972E-4 3.20162E-4 9.11279E-4 7.12603E-4 7.60348E-4 2.26144E-4 7.73284E-4 9.04675E-4 2.86776E-4 9.52258E-4 8.07219E-4 2.5106E-4 8.28654E-4 9.26145E-4 6.85649E-4 8.36248E-4 2.62811E-4 7.88094E-4 8.02589E-4 2.61732E-4 8.41017E-4 2.57486E-4 9.43111E-4 8.24516E-4 7.66913E-4 2.35353E-4 8.71594E-4 8.26223E-4 2.83169E-4 9.11407E-4 8.97595E-4 2.56307E-4 9.87989E-4 8.64241E-4 7.82749E-4 9.06569E-4 2.63651E-4 7.01644E-4 8.71901E-4 2.55484E-4 8.53319E-4 2.64906E-4 9.10022E-4 7.85513E-4 8.09872E-4 2.33194E-4 7.88024E-4 8.01691E-4 2.83067E-4 8.82107E-4 9.02314E-4 2.58425E-4 9.51806E-4 8.32073E-4 7.36572E-4 8.12785E-4 3.00507E-4 7.61418E-4 8.09239E-4 2.61735E-4 8.93434E-4 2.70748E-4 8.75225E-4 8.05072E-4 7.96821E-4 2.28949E-4 9.06198E-4 8.59299E-4 2.83698E-4 9.66383E-4 8.9173E-4 2.66202E-4 8.32147E-4 8.32993E-4 7.38517E-4 9.0155E-4 2.6051E-4 7.5837E-4 8.65357E-4 2.97392E-4 8.21117E-4 2.6807E-4 9.24609E-4 7.31782E-4 7.68866E-4 2.3047E-4 7.95626E-4 9.45849E-4 2.94098E-4 9.22966E-4 8.80739E-4 2.6354E-4 8.59981E-4 8.9437E-4 7.49074E-4 8.22821E-4 2.61178E-4 6.85796E-4 8.29524E-4 2.65087E-4 8.59657E-4 2.69186E-4 9.63954E-4 8.94899E-4 7.94586E-4 2.42973E-4 7.99905E-4 9.16782E-4 2.82844E-4 9.16862E-4 9.86644E-4 2.69099E-4 9.24679E-4 7.83297E-4 7.74767E-4 0.001072603 2.72012E-4 6.99809E-4 8.98473E-4 2.63902E-4 9.15473E-4 2.92201E-4 4.68769E-4 8.29732E-4 7.06E-4 2.47287E-4 8.12023E-4 8.12514E-4 3.07379E-4 9.51864E-4 8.29286E-4 2.74954E-4 9.47678E-4 8.6452E-4 6.47617E-4 9.19254E-4 2.98456E-4 3.40397E-4 8.43515E-4 2.63428E-4 9.29515E-4 2.75529E-4 4.74222E-4 8.51137E-4 8.19732E-4 2.52891E-4 8.49873E-4 8.75772E-4 3.95771E-4 0.001024233 8.41128E-4 2.75227E-4 8.45315E-4 8.0653E-4 7.73701E-4 8.19479E-4 2.57894E-4 3.33648E-4 9.27362E-4 2.69008E-4 8.59255E-4 3.01448E-4 4.40539E-4 8.88414E-4 7.53636E-4 2.41502E-4 8.50494E-4 8.44073E-4 2.91858E-4 9.0951E-4 8.46459E-4 3.01527E-4 8.88226E-4 8.4807E-4 8.40433E-4 8.77009E-4 2.57731E-4 3.06011E-4 8.1275E-4 2.6467E-4 8.55952E-4 3.06707E-4 3.93907E-4 8.11129E-4 7.47343E-4 2.52507E-4 8.23053E-4 8.7844E-4 3.47291E-4 9.01162E-4 8.64657E-4 2.6599E-4 8.96262E-4 8.55642E-4 6.85533E-4 8.81914E-4 2.62166E-4 3.06378E-4 8.85827E-4 3.43657E-4 8.39401E-4 2.70039E-4 3.85382E-4 8.51635E-4 7.25677E-4 2.40008E-4 8.14046E-4 8.78435E-4 2.93333E-4 8.82152E-4 8.90842E-4 2.65211E-4 8.88745E-4 8.65171E-4 6.37114E-4 8.89114E-4 2.58574E-4 3.0662E-4 7.79875E-4 2.81411E-4 8.21439E-4 2.69872E-4 3.82926E-4 8.2846E-4 6.56712E-4 2.29909E-4 8.0943E-4 8.65363E-4 2.85889E-4 9.02553E-4 8.35356E-4 2.70963E-4 8.21679E-4 8.2662E-4 6.54954E-4 8.23896E-4 2.53257E-4 3.41301E-4 7.84439E-4 2.55759E-4 4.39191E-4 2.55882E-4 3.96587E-4 8.29125E-4 9.8206E-5 2.42698E-4 3.65663E-4 2.75669E-4 3.18188E-4 4.57158E-4 8.49734E-4 2.56394E-4 3.58874E-4 8.4872E-4 1.15943E-4 2.72459E-4 2.4935E-4 2.93897E-4 3.63598E-4 2.74349E-4 8.70539E-4 2.69151E-4 4.30559E-4 8.55163E-4 7.61974E-4 2.34401E-4 7.96075E-4 8.32074E-4 2.89394E-4 8.79173E-4 8.58331E-4 2.62769E-4 8.53627E-4 7.94151E-4 6.35048E-4 8.73073E-4 2.62204E-4 3.49674E-4 8.08596E-4 3.01265E-4 8.68323E-4 3.04314E-4 3.84903E-4 8.38069E-4 7.29142E-4 2.34879E-4 0.002503365 8.66019E-4 2.97368E-4 8.75348E-4 8.81276E-4 2.73251E-4 8.88816E-4 8.61169E-4 6.61615E-4 8.76202E-4 2.69119E-4 3.05514E-4 8.23916E-4 2.64109E-4 8.51552E-4 2.8408E-4 3.87256E-4 8.45791E-4 7.04241E-4 2.78567E-4 8.46912E-4 8.64589E-4 3.00271E-4 8.46824E-4 8.70621E-4 3.0533E-4 8.4259E-4 9.01623E-4 6.91274E-4 9.65405E-4 2.68425E-4 3.00775E-4 8.15472E-4 2.77198E-4 8.7889E-4 2.71049E-4 3.8669E-4 8.15067E-4 7.02535E-4 2.48352E-4 7.79755E-4 8.61525E-4 2.91541E-4 8.99431E-4 8.58303E-4 2.74991E-4 8.35956E-4 8.80183E-4 6.53711E-4 8.84003E-4 2.6969E-4 3.04287E-4 8.52484E-4 2.67284E-4 8.54053E-4 2.76156E-4 3.9116E-4 8.34663E-4 7.16448E-4 2.43825E-4 8.07951E-4 8.60062E-4 2.88048E-4 9.02377E-4 8.44191E-4 3.07652E-4 9.2892E-4 8.31974E-4 6.70883E-4 8.84619E-4 2.73028E-4 3.02981E-4 8.09163E-4 2.63697E-4 8.21848E-4 2.70206E-4 3.8412E-4 8.757E-4 6.96669E-4 2.44361E-4 7.9606E-4 8.7423E-4 2.96972E-4 8.7805E-4 8.48666E-4 2.65082E-4 8.77496E-4 8.34932E-4 6.66927E-4 8.91637E-4 2.73127E-4 3.05285E-4 8.31247E-4 2.97711E-4 8.38805E-4 2.80018E-4 3.85259E-4 8.62871E-4 7.13813E-4 2.31332E-4 9.5528E-5 7.97335E-4 2.57704E-4 8.98636E-4 8.31069E-4 2.60283E-4 8.18385E-4 8.24064E-4 6.45066E-4 8.37806E-4 2.57532E-4 3.13163E-4 8.87692E-4 2.96987E-4 9.42961E-4 2.66786E-4 3.20731E-4 7.0692E-4 5.68618E-4 2.32923E-4 7.80153E-4 8.29721E-4 2.59953E-4 8.28981E-4 7.20038E-4 3.06036E-4 7.909E-4 7.60143E-4 6.4552E-4 7.58162E-4 2.6043E-4 2.76721E-4 7.49336E-4 2.62045E-4 7.88313E-4 2.44545E-4 3.02435E-4 8.84353E-4 6.2905E-4 2.28416E-4 8.10368E-4 7.63982E-4 2.64563E-4 7.03669E-4 8.14282E-4 2.71284E-4 8.01865E-4 8.35456E-4 6.82452E-4 7.92579E-4 2.66785E-4 2.75238E-4 7.48505E-4 2.98504E-4 7.2843E-4 2.61788E-4 3.44234E-4 7.93554E-4 6.54146E-4 2.26845E-4 7.44348E-4 8.1994E-4 2.6648E-4 7.34091E-4 7.74735E-4 2.65203E-4 8.05385E-4 7.60271E-4 6.72572E-4 7.99026E-4 3.83589E-4 3.23172E-4 7.51191E-4 2.63329E-4 6.96936E-4 2.47855E-4 3.44024E-4 7.8584E-4 6.33853E-4 2.26261E-4 7.7231E-4 7.95979E-4 3.33766E-4 7.30372E-4 7.66673E-4 2.67874E-4 7.00523E-4 7.98433E-4 6.62422E-4 8.14418E-4 3.05404E-4 3.17282E-4 9.67596E-4 3.30576E-4 8.16665E-4 3.137E-4 4.10931E-4 8.66349E-4 7.61277E-4 2.66755E-4 8.88486E-4 8.16939E-4 2.75085E-4 7.74061E-4 7.88905E-4 2.68103E-4 7.5309E-4 7.77347E-4 7.16351E-4 7.51486E-4 2.9382E-4 2.9735E-4 7.6677E-4 2.73257E-4 7.80923E-4 2.44743E-4 3.45438E-4 8.0089E-4 6.06154E-4 2.32516E-4 7.8504E-4 7.66368E-4 3.10935E-4 7.20385E-4 7.6056E-4 2.69528E-4 8.21656E-4 7.16613E-4 6.71566E-4 7.40303E-4 2.69684E-4 2.80714E-4 7.77232E-4 2.84892E-4 7.22651E-4 2.54653E-4 3.45934E-4 7.2567E-4 5.49417E-4 2.1353E-4 7.67177E-4 8.13075E-4 2.80271E-4 7.86066E-4 7.56264E-4 2.82043E-4 8.11167E-4 7.78506E-4 6.55827E-4 8.16071E-4 2.98733E-4 2.97023E-4 7.83891E-4 3.228E-4 7.76425E-4 2.7214E-4 3.62294E-4 7.93227E-4 6.53256E-4 2.21488E-4 7.88775E-4 7.70211E-4 2.89149E-4 8.01724E-4 7.66529E-4 2.68981E-4 7.51976E-4 6.84227E-4 6.546E-4 8.12059E-4 2.66916E-4 2.79421E-4 7.61804E-4 2.66706E-4 7.12228E-4 2.61514E-4 3.14544E-4 7.40574E-4 6.65031E-4 2.30785E-4 8.06243E-4 7.41528E-4 2.88925E-4 7.56403E-4 7.11781E-4 4.23433E-4 7.80629E-4 7.58916E-4 7.13242E-4 8.45542E-4 2.74088E-4 2.86168E-4 7.79545E-4 2.72427E-4 6.97741E-4 2.50235E-4 3.26669E-4 7.87041E-4 6.61851E-4 2.75054E-4 7.4415E-4 7.06127E-4 2.63146E-4 7.46673E-4 7.37727E-4 2.60427E-4 7.75338E-4 7.80308E-4 6.64086E-4 7.55148E-4 2.65846E-4 2.92223E-4 7.42796E-4 2.81068E-4 7.97249E-4 2.56576E-4 2.97788E-4 8.08596E-4 6.43095E-4 2.25725E-4 7.88608E-4 7.18305E-4 2.94069E-4 7.318E-4 7.60546E-4 2.61901E-4 7.81857E-4 7.70988E-4 6.63622E-4 7.85677E-4 2.5939E-4 2.89013E-4 7.15532E-4 2.63679E-4 7.05481E-4 2.90782E-4 3.35171E-4 8.09123E-4 6.60868E-4 2.75731E-4 7.46162E-4 8.11674E-4 2.51033E-4 7.01072E-4 7.63533E-4 2.72285E-4 8.17006E-4 7.43726E-4 6.54611E-4 8.59117E-4 2.57334E-4 2.76086E-4 7.57223E-4 2.6526E-4 8.31706E-4 2.58777E-4 3.23284E-4 8.05329E-4 5.77828E-4 2.71771E-4 7.96264E-4 7.90167E-4 2.52668E-4 7.6293E-4 6.94069E-4 2.60275E-4 7.42017E-4 6.7436E-4 6.75664E-4 7.9472E-4 2.65757E-4 2.89362E-4 7.7297E-4 2.65195E-4 7.66247E-4 2.52635E-4 3.51562E-4 7.65788E-4 6.66601E-4 2.37444E-4 7.64713E-4 8.07484E-4 2.97845E-4 7.04502E-4 7.77079E-4 2.69522E-4 7.71134E-4 7.40928E-4 6.39918E-4 8.03795E-4 2.65028E-4 2.82566E-4 7.63083E-4 2.72001E-4 8.07736E-4 3.07331E-4 3.56971E-4 7.52533E-4 5.84753E-4 2.38639E-4 7.83456E-4 7.62221E-4 2.86021E-4 7.07505E-4 7.37986E-4 2.72445E-4 8.08069E-4 6.95683E-4 6.66392E-4 8.15231E-4 2.6352E-4 2.83686E-4 7.49219E-4 2.63712E-4 6.81542E-4 2.31907E-4 3.11985E-4 7.70713E-4 5.89674E-4 2.45701E-4 8.03223E-4 8.15197E-4 2.64717E-4 7.46626E-4 8.00834E-4 2.72588E-4 7.79936E-4 6.76638E-4 6.67851E-4 7.78002E-4 2.67296E-4 2.83252E-4 7.83576E-4 2.72795E-4 7.77653E-4 2.65402E-4 3.53434E-4 8.02956E-4 6.36827E-4 2.35033E-4 7.67709E-4 7.37509E-4 2.59158E-4 7.66737E-4 7.95108E-4 2.66594E-4 7.85257E-4 8.07051E-4 6.58389E-4 7.19198E-4 2.61995E-4 2.82963E-4 7.44561E-4 2.75341E-4 7.78837E-4 2.60358E-4 3.03784E-4 7.87869E-4 5.74787E-4 2.37707E-4 7.79019E-4 7.10305E-4 2.68807E-4 7.57334E-4 7.55853E-4 2.64606E-4 7.52076E-4 7.42617E-4 6.81679E-4 7.49049E-4 2.71965E-4 2.9581E-4 7.74524E-4 2.74847E-4 9.634E-5 2.50559E-4 3.34913E-4 8.32235E-4 6.26602E-4 2.32124E-4 8.31863E-4 8.27114E-4 2.58677E-4 6.88795E-4 9.0223E-5 2.55348E-4 7.07438E-4 7.48716E-4 7.05716E-4 7.70233E-4 2.69104E-4 2.62977E-4 7.2107E-4 2.62564E-4 7.36961E-4 2.63238E-4 3.46986E-4 9.4437E-4 7.443E-4 2.44837E-4 7.96314E-4 7.05471E-4 2.75897E-4 7.77856E-4 7.87197E-4 2.98611E-4 8.1414E-4 9.69382E-4 7.88188E-4 7.14205E-4 2.77977E-4 2.90149E-4 7.58372E-4 2.76227E-4 7.53284E-4 2.49503E-4 3.37814E-4 7.85209E-4 5.72078E-4 2.29618E-4 7.4579E-4 7.70685E-4 2.83991E-4 7.66047E-4 7.50075E-4 2.7463E-4 7.35535E-4 6.83264E-4 6.58364E-4 8.00668E-4 2.70685E-4 2.90398E-4 7.57661E-4 2.73333E-4 8.00269E-4 2.74405E-4 3.49369E-4 8.0305E-4 6.01762E-4 2.39746E-4 7.6282E-4 7.56156E-4 2.87265E-4 7.17329E-4 7.35904E-4 2.78834E-4 7.96898E-4 6.77038E-4 6.44544E-4 7.22057E-4 2.63082E-4 2.82482E-4 7.59706E-4 2.74449E-4 7.57958E-4 2.59022E-4 3.43736E-4 8.07112E-4 0.001480629 5.09875E-4 0.001435653 0.001068114 3.68026E-4 9.83635E-4 7.634E-4 2.69444E-4 6.82201E-4 7.30522E-4 6.65696E-4 7.86976E-4 2.73619E-4 2.94042E-4 7.71292E-4 3.09528E-4 6.46037E-4 2.66847E-4 3.5157E-4 7.07806E-4 6.23967E-4 2.44682E-4 6.86959E-4 6.8408E-4 3.01383E-4 6.92511E-4 6.70045E-4 2.76575E-4 6.78321E-4 6.65943E-4 6.09437E-4 6.98103E-4 2.79932E-4 2.96281E-4 6.90895E-4 2.83324E-4 7.27558E-4 2.46238E-4 3.6188E-4 7.51427E-4 5.96664E-4 3.97255E-4 0.001122014 0.001012077 5.00483E-4 7.26189E-4 6.7889E-4 2.77765E-4 6.16719E-4 6.27196E-4 5.93111E-4 7.07983E-4 2.79959E-4 2.89287E-4 6.78936E-4 3.20406E-4 6.93278E-4 2.38277E-4 3.50602E-4 6.87388E-4 5.74658E-4 2.15814E-4 6.98758E-4 6.81539E-4 2.71242E-4 7.23391E-4 7.75301E-4 2.76743E-4 6.88842E-4 6.60291E-4 5.9463E-4 6.93751E-4 2.76355E-4 2.9793E-4 7.18365E-4 2.79696E-4 6.7782E-4 2.64118E-4 3.39623E-4 6.78915E-4 5.85962E-4 2.44112E-4 7.52055E-4 6.93341E-4 2.76137E-4 6.28448E-4 7.41078E-4 2.89553E-4 6.70453E-4 6.86412E-4 5.80431E-4 7.36277E-4 2.91532E-4 2.88103E-4 6.72266E-4 2.79635E-4 7.28414E-4 2.55424E-4 3.20909E-4 6.5747E-4 5.22666E-4 2.38038E-4 7.2613E-4 6.8347E-4 2.70388E-4 7.25641E-4 6.99802E-4 2.85034E-4 6.90741E-4 6.55629E-4 6.79523E-4 0.001096231 3.69262E-4 3.43256E-4 8.39747E-4 3.29937E-4 8.72166E-4 3.20358E-4 1.58275E-4 8.65447E-4 6.73161E-4 3.06965E-4 9.22319E-4 8.36211E-4 1.86139E-4 8.0584E-4 8.32934E-4 3.39171E-4 8.33217E-4 8.19103E-4 7.07784E-4 9.93991E-4 3.73168E-4 4.05291E-4 8.93269E-4 3.8338E-4 8.13952E-4 3.37315E-4 4.66225E-4 8.10047E-4 5.53854E-4 2.47282E-4 7.57589E-4 7.00519E-4 2.96779E-4 8.16032E-4 6.90555E-4 3.23646E-4 6.05283E-4 6.76534E-4 5.70465E-4 7.28425E-4 2.81974E-4 2.95269E-4 6.91058E-4 2.78007E-4 7.17581E-4 2.73395E-4 3.20676E-4 7.54828E-4 5.67506E-4 2.79703E-4 7.00837E-4 7.00375E-4 2.7378E-4 7.20996E-4 7.48787E-4 1.39873E-4 6.93089E-4 5.8139E-4 5.76205E-4 6.13586E-4 2.63835E-4 2.74924E-4 7.34079E-4 1.23255E-4 5.97148E-4 1.26056E-4 3.68294E-4 7.54313E-4 5.30505E-4 2.36844E-4 6.77693E-4 6.18013E-4 3.12518E-4 6.06067E-4 7.32559E-4 3.11722E-4 6.62807E-4 6.26365E-4 5.5056E-4 7.59485E-4 2.67135E-4 2.78892E-4 6.98468E-4 2.78042E-4 7.07191E-4 2.42264E-4 3.60179E-4 6.67289E-4 5.4398E-4 2.25919E-4 6.99579E-4 6.99963E-4 2.75776E-4 7.19938E-4 6.66281E-4 2.79313E-4 6.8878E-4 6.27623E-4 5.88419E-4 6.31711E-4 2.8098E-4 2.98132E-4 6.76067E-4 2.79424E-4 7.01018E-4 2.63743E-4 3.33879E-4 6.67806E-4 7.31962E-4 3.0602E-4 8.86971E-4 8.87791E-4 3.61504E-4 8.88044E-4 9.83024E-4 3.54073E-4 7.27006E-4 6.16586E-4 6.10808E-4 7.02585E-4 2.87785E-4 3.02434E-4 7.00206E-4 2.79591E-4 7.32066E-4 2.92382E-4 3.39239E-4 0.001702202 4.91394E-4 2.37524E-4 7.11241E-4 6.58314E-4 2.89439E-4 7.22272E-4 7.46973E-4 3.63062E-4 7.04123E-4 7.05861E-4 5.86106E-4 6.77304E-4 2.93606E-4 3.15326E-4 6.93329E-4 2.75362E-4 6.5586E-4 3.15792E-4 3.52231E-4 6.41314E-4 5.90371E-4 2.43207E-4 6.94979E-4 6.17209E-4 2.83415E-4 6.92543E-4 7.37057E-4 2.82589E-4 6.09091E-4 6.7554E-4 6.17073E-4 7.17307E-4 2.76344E-4 3.0816E-4 6.95176E-4 2.81542E-4 7.3626E-4 2.77624E-4 3.58781E-4 6.42477E-4 5.53277E-4 2.47566E-4 6.7413E-4 6.99237E-4 2.73078E-4 6.86648E-4 7.11212E-4 2.84758E-4 7.44217E-4 6.48035E-4 6.0631E-4 6.8141E-4 2.7554E-4 3.03118E-4 7.03762E-4 2.83589E-4 7.16516E-4 3.03497E-4 3.53231E-4 7.09872E-4 5.30391E-4 2.35486E-4 6.73776E-4 6.77516E-4 2.67657E-4 6.85205E-4 8.08625E-4 2.84172E-4 6.68836E-4 6.40261E-4 5.94105E-4 6.69773E-4 2.70468E-4 2.99372E-4 6.93726E-4 2.72152E-4 6.38965E-4 2.66157E-4 3.40714E-4 7.05779E-4 5.71354E-4 2.36746E-4 6.87388E-4 6.65464E-4 2.62043E-4 6.95532E-4 7.71116E-4 2.77404E-4 7.31402E-4 6.76741E-4 6.13775E-4 6.69766E-4 3.09078E-4 2.92364E-4 6.67287E-4 2.77408E-4 7.0364E-4 2.70136E-4 3.60119E-4 6.44154E-4 5.14746E-4 2.95605E-4 6.86368E-4 6.73111E-4 2.67741E-4 6.75126E-4 7.43107E-4 2.72744E-4 6.88507E-4 6.61616E-4 6.04231E-4 6.88773E-4 3.02261E-4 3.00418E-4 6.84289E-4 2.79147E-4 7.02561E-4 2.62413E-4 3.52497E-4 7.01598E-4 7.68867E-4 2.49517E-4 7.07215E-4 7.14158E-4 2.74334E-4 7.02851E-4 7.63385E-4 2.73302E-4 6.5584E-4 6.07932E-4 5.96679E-4 7.07632E-4 2.62456E-4 2.84196E-4 6.89583E-4 2.60709E-4 8.39988E-4 3.18433E-4 4.07205E-4 7.91946E-4 6.658E-4 2.88618E-4 8.17934E-4 7.31487E-4 3.01693E-4 7.15359E-4 7.49908E-4 2.83098E-4 6.36312E-4 6.319E-4 5.99982E-4 6.17114E-4 2.71505E-4 3.00793E-4 7.12272E-4 2.94863E-4 7.00455E-4 2.77152E-4 3.57508E-4 6.35375E-4 5.26211E-4 2.41639E-4 6.85037E-4 6.70798E-4 2.63164E-4 6.90833E-4 7.63042E-4 2.82673E-4 6.79383E-4 6.72463E-4 6.05309E-4 6.60537E-4 2.94083E-4 2.94355E-4 7.00683E-4 2.88813E-4 7.21169E-4 2.47408E-4 3.60991E-4 6.49138E-4 5.65788E-4 1.80883E-4 7.32023E-4 6.55398E-4 2.60838E-4 6.68459E-4 7.75607E-4 3.12269E-4 7.56531E-4 7.01678E-4 5.68762E-4 6.7962E-4 1.74225E-4 2.98155E-4 6.86771E-4 2.69501E-4 

Timer for Syntactic Relevance:: 10.301180056
Timer for solver: 1.424410058
		UBUNTU.SPLX	UBUNTU_C100_0.TESTCASES
			Diag: [requires(UniversalAccess1, UniversalAccess), requires(Low1, Low), requires(Displays1, Displays), ((~Speed \/ Speed1) \/ Speed2), (((~AcceptanceDelay \/ AcceptanceDelay1) \/ AcceptanceDelay2) \/ AcceptanceDelay3), ((~Normal \/ Normal1) \/ Normal2), ((((~Fast \/ Fast1) \/ Fast2) \/ Fast3) \/ Fast4)]
			Diag size: 7
The size of Consistency checks: 1193905
The number of Choco Solver calls: 2120
The number of different: 3
The number of INconsistent: 32
The number of union: 201
The number of post constraints: 1193905
The number of consistent: 2088
The number of unpost constraints: 1193905
The number of Consistency checks: 101

Timer for Syntactic Relevance:[thread=1]: 9.952965508
9.952965508 
Timer for solver[thread=1]: 1.410095805
5.37841E-4 2.83425E-4 4.7274E-4 1.25167E-4 5.1658E-4 1.46856E-4 2.97058E-4 6.08003E-4 6.069E-4 4.61308E-4 1.48881E-4 3.85565E-4 4.01753E-4 1.18886E-4 4.7018E-4 6.06213E-4 3.61307E-4 6.75172E-4 4.3501E-4 3.68562E-4 5.80397E-4 0.001037119 1.06581E-4 4.73788E-4 5.49401E-4 1.48388E-4 1.22851E-4 1.83375E-4 1.28114E-4 1.05988E-4 6.19182E-4 8.46095E-4 7.80881E-4 7.12046E-4 4.06093E-4 8.60664E-4 7.27015E-4 7.10357E-4 9.46461E-4 7.74749E-4 6.36408E-4 6.69605E-4 6.77355E-4 0.001079543 9.08599E-4 6.71491E-4 7.15431E-4 8.86026E-4 0.00102696 4.65244E-4 9.354E-5 1.26349E-4 1.12845E-4 1.05327E-4 1.22446E-4 1.45235E-4 1.61255E-4 1.29405E-4 1.00486E-4 1.2829E-4 2.74168E-4 5.59108E-4 5.95404E-4 5.3746E-4 6.77582E-4 6.55121E-4 6.04671E-4 2.92877E-4 5.75302E-4 3.32489E-4 3.46974E-4 6.75905E-4 7.70833E-4 6.44426E-4 6.08438E-4 5.3354E-4 6.71061E-4 6.51138E-4 5.67659E-4 7.67766E-4 3.06181E-4 6.6787E-4 8.16911E-4 7.27569E-4 6.61729E-4 7.57077E-4 7.53691E-4 8.05808E-4 8.76135E-4 3.83041E-4 7.38328E-4 7.33447E-4 8.2534E-4 6.5762E-4 6.20727E-4 7.34025E-4 8.94902E-4 6.0338E-4 8.88318E-4 8.34318E-4 0.001206974 0.001203106 0.001339696 0.001403803 0.001485609 0.001444952 0.001438012 0.001452618 0.001536369 0.001638562 0.001594664 0.001560627 0.001756818 0.001820201 0.001745721 0.002098608 0.001748284 0.001807223 0.00181395 0.001644353 0.001848827 0.004597062 0.004540194 0.004409642 0.004807196 0.005019506 0.004910911 8.30646E-4 8.17327E-4 8.00437E-4 8.06608E-4 8.3188E-4 7.81485E-4 8.12663E-4 7.84189E-4 7.49305E-4 7.40843E-4 7.63248E-4 7.10741E-4 7.55774E-4 8.0679E-4 7.92854E-4 8.08413E-4 7.39791E-4 8.29892E-4 7.34085E-4 8.12381E-4 8.02502E-4 7.85469E-4 8.40843E-4 7.87261E-4 7.95011E-4 8.54231E-4 7.9322E-4 7.837E-4 7.49616E-4 7.78824E-4 7.99094E-4 7.83698E-4 8.05706E-4 7.9211E-4 7.98374E-4 7.96799E-4 8.03821E-4 7.55635E-4 7.06371E-4 7.8896E-4 7.21627E-4 7.59107E-4 7.81947E-4 7.73739E-4 7.59807E-4 8.57483E-4 8.28353E-4 7.53789E-4 8.31299E-4 8.21385E-4 7.38375E-4 8.70628E-4 7.69879E-4 7.71574E-4 7.95153E-4 7.53063E-4 8.1268E-4 7.78955E-4 7.97626E-4 8.16375E-4 7.95088E-4 8.86185E-4 7.82497E-4 8.34374E-4 7.78328E-4 7.7533E-4 8.53485E-4 8.0439E-4 7.63789E-4 7.66056E-4 8.59754E-4 8.22307E-4 8.05721E-4 8.2007E-4 7.79264E-4 8.02944E-4 7.55364E-4 8.04334E-4 7.73821E-4 7.38795E-4 7.77184E-4 8.20233E-4 8.1296E-4 7.80259E-4 8.05905E-4 8.20632E-4 7.79726E-4 8.50416E-4 8.15604E-4 7.95393E-4 7.54752E-4 7.92636E-4 7.80758E-4 8.40992E-4 7.87325E-4 8.03586E-4 8.35288E-4 9.06875E-4 8.05825E-4 7.98137E-4 7.97462E-4 8.46207E-4 7.63939E-4 8.84834E-4 7.70749E-4 8.41086E-4 7.34087E-4 7.82981E-4 8.99495E-4 7.56426E-4 8.13458E-4 7.47395E-4 8.17815E-4 8.39508E-4 8.11799E-4 7.35154E-4 8.2935E-4 8.02745E-4 7.48557E-4 8.61289E-4 8.07258E-4 7.54561E-4 7.47813E-4 8.64763E-4 8.40817E-4 8.32938E-4 7.82325E-4 8.25383E-4 8.21907E-4 8.41285E-4 8.26722E-4 8.95109E-4 8.77037E-4 8.21158E-4 8.91544E-4 8.39604E-4 7.11319E-4 8.3027E-4 8.50645E-4 7.91037E-4 8.13157E-4 8.43376E-4 8.16865E-4 8.37376E-4 8.018E-4 7.6556E-4 8.46497E-4 7.92762E-4 7.33366E-4 8.53618E-4 8.29711E-4 8.36001E-4 7.80982E-4 7.33829E-4 8.63102E-4 8.00506E-4 7.03824E-4 8.05759E-4 7.52982E-4 8.80778E-4 8.49615E-4 8.07858E-4 8.3512E-4 8.33122E-4 7.70918E-4 8.06385E-4 7.72837E-4 7.7677E-4 7.94634E-4 8.44045E-4 8.20889E-4 7.13746E-4 7.02854E-4 8.2319E-4 7.61216E-4 8.97511E-4 8.23616E-4 7.77088E-4 8.11777E-4 8.60127E-4 8.3292E-4 7.52391E-4 8.41454E-4 7.96221E-4 8.12536E-4 8.972E-4 7.96246E-4 8.09048E-4 7.97763E-4 8.30966E-4 8.15403E-4 8.4285E-4 8.35867E-4 8.59928E-4 8.57155E-4 7.2972E-4 8.07589E-4 6.91957E-4 8.7661E-4 7.8054E-4 8.44032E-4 7.7115E-4 8.38004E-4 7.79802E-4 8.07428E-4 8.26452E-4 7.95431E-4 8.00208E-4 7.38666E-4 8.68313E-4 8.11554E-4 7.62965E-4 8.38414E-4 8.64935E-4 7.82254E-4 8.1202E-4 7.39798E-4 8.58631E-4 7.67669E-4 8.31129E-4 8.06554E-4 7.80549E-4 8.19701E-4 8.40091E-4 7.74643E-4 8.21845E-4 7.81012E-4 8.78069E-4 8.32311E-4 7.77462E-4 8.38463E-4 7.57498E-4 9.07372E-4 8.70061E-4 7.9577E-4 7.46488E-4 7.43603E-4 7.28544E-4 7.32445E-4 8.47652E-4 8.83467E-4 8.15958E-4 8.40424E-4 8.30277E-4 8.12938E-4 8.20689E-4 8.6134E-4 8.69175E-4 8.1385E-4 8.53296E-4 8.163E-4 8.42715E-4 8.15555E-4 8.80422E-4 7.37437E-4 7.93938E-4 7.97329E-4 0.00113409 7.8909E-4 7.57816E-4 8.45803E-4 8.21314E-4 7.60433E-4 8.1572E-4 7.39975E-4 8.25826E-4 9.458E-4 8.77755E-4 8.01623E-4 7.72483E-4 8.27982E-4 8.45721E-4 7.82621E-4 8.11833E-4 7.43901E-4 8.67011E-4 8.38841E-4 8.17961E-4 8.1693E-4 8.27125E-4 8.35979E-4 7.46618E-4 8.69409E-4 8.41698E-4 8.59255E-4 9.04669E-4 8.1838E-4 8.10483E-4 7.75386E-4 7.78302E-4 7.97823E-4 7.23138E-4 8.42792E-4 8.7109E-4 8.4815E-4 7.96291E-4 7.64967E-4 7.40257E-4 7.99989E-4 7.58451E-4 7.77072E-4 8.28021E-4 9.18845E-4 8.66311E-4 8.3387E-4 8.19704E-4 8.14318E-4 8.10582E-4 6.64854E-4 7.17077E-4 8.01971E-4 7.21202E-4 8.19202E-4 7.87707E-4 0.001035709 7.96571E-4 8.2039E-4 7.96476E-4 9.53818E-4 8.84998E-4 7.47195E-4 8.39919E-4 8.66192E-4 6.98254E-4 7.16004E-4 6.98654E-4 7.37669E-4 7.38931E-4 8.31962E-4 8.05578E-4 7.81002E-4 8.77893E-4 8.62186E-4 8.39184E-4 7.97722E-4 7.85925E-4 8.49269E-4 7.3819E-4 7.85542E-4 8.16743E-4 8.21507E-4 8.03373E-4 7.45511E-4 7.57519E-4 8.11137E-4 7.34179E-4 8.07102E-4 7.42852E-4 7.50612E-4 8.36159E-4 8.41749E-4 7.948E-4 8.90918E-4 8.57308E-4 8.67554E-4 8.55571E-4 8.76891E-4 9.9378E-4 9.86306E-4 9.18134E-4 9.41463E-4 8.48712E-4 9.88608E-4 8.31402E-4 8.27667E-4 9.30824E-4 9.93093E-4 0.001055595 0.00106539 9.65472E-4 8.77228E-4 9.91995E-4 9.03263E-4 0.001021104 9.02859E-4 9.05942E-4 9.74236E-4 9.97661E-4 9.0183E-4 9.34416E-4 9.16679E-4 8.51973E-4 9.36661E-4 9.96436E-4 9.38391E-4 9.62592E-4 0.001031571 8.10848E-4 9.96494E-4 0.001030888 7.25189E-4 0.001019297 8.23728E-4 8.51109E-4 8.57954E-4 8.32754E-4 9.2739E-4 8.05218E-4 8.33429E-4 9.61912E-4 9.28597E-4 9.05994E-4 8.57031E-4 8.8774E-4 8.37545E-4 8.94297E-4 9.84637E-4 7.94204E-4 8.40224E-4 9.16841E-4 8.5556E-4 8.70176E-4 9.19887E-4 9.53423E-4 8.35386E-4 9.09543E-4 9.14451E-4 8.71672E-4 8.06203E-4 8.62243E-4 8.17637E-4 9.70217E-4 9.29262E-4 9.78183E-4 8.97099E-4 8.92493E-4 8.45122E-4 7.05575E-4 9.32538E-4 9.8182E-4 7.66016E-4 8.36401E-4 8.81229E-4 8.99721E-4 9.66875E-4 8.68298E-4 8.66335E-4 7.32258E-4 8.4796E-4 9.34588E-4 9.04247E-4 9.56083E-4 8.75918E-4 8.86492E-4 9.10122E-4 9.14392E-4 9.47064E-4 7.2155E-4 8.94431E-4 9.4038E-4 7.31391E-4 9.54311E-4 8.10187E-4 8.09239E-4 9.62089E-4 8.41834E-4 0.00101398 7.51553E-4 7.18589E-4 8.55605E-4 0.001007299 0.001026059 0.001082928 0.001109832 8.77772E-4 9.67358E-4 9.23272E-4 7.9246E-4 8.20758E-4 0.0010148 7.52675E-4 9.51038E-4 8.74127E-4 8.62652E-4 8.78259E-4 0.001004738 8.42347E-4 7.16607E-4 6.77075E-4 8.721E-4 8.49984E-4 8.14631E-4 9.33993E-4 8.64653E-4 8.33619E-4 9.84514E-4 8.15749E-4 7.90908E-4 9.33218E-4 8.86294E-4 7.06645E-4 9.69275E-4 8.4494E-4 0.001001291 8.31629E-4 9.57918E-4 0.001037873 7.77463E-4 7.55624E-4 8.11156E-4 8.56243E-4 9.10697E-4 8.35903E-4 8.05967E-4 9.18376E-4 9.10984E-4 8.49617E-4 7.93075E-4 0.001018656 8.45523E-4 7.49122E-4 8.75754E-4 8.68638E-4 9.43671E-4 8.89638E-4 8.53991E-4 8.22667E-4 7.34404E-4 7.15963E-4 8.63113E-4 9.12626E-4 8.53331E-4 0.001032494 7.82092E-4 8.5956E-4 9.48295E-4 8.59872E-4 8.04426E-4 9.47103E-4 9.22052E-4 7.80576E-4 9.28158E-4 9.07236E-4 9.36326E-4 7.94834E-4 8.32552E-4 9.52202E-4 7.28448E-4 7.4324E-4 9.40442E-4 9.32535E-4 9.24984E-4 9.42388E-4 8.75812E-4 8.83132E-4 0.001179535 8.27927E-4 7.34566E-4 8.42876E-4 8.97615E-4 7.3088E-4 8.4982E-4 7.03114E-4 9.4141E-4 7.14508E-4 7.92313E-4 9.44403E-4 8.16645E-4 7.18879E-4 8.32303E-4 9.54233E-4 8.0205E-4 8.96124E-4 9.50882E-4 7.74502E-4 8.63747E-4 8.24717E-4 7.549E-4 8.26772E-4 7.67134E-4 7.39437E-4 9.33138E-4 7.1727E-4 7.83371E-4 3.74244E-4 8.29731E-4 8.54171E-4 7.12225E-4 3.42832E-4 7.94065E-4 8.1236E-4 4.10918E-4 0.001003905 9.08617E-4 3.69904E-4 8.466E-4 8.86463E-4 7.60957E-4 9.09508E-4 3.61623E-4 8.00077E-4 9.44393E-4 4.17915E-4 9.26876E-4 2.65262E-4 8.56691E-4 9.29603E-4 8.09276E-4 2.40431E-4 8.16768E-4 9.40574E-4 2.99476E-4 8.36724E-4 8.3639E-4 2.68446E-4 9.43826E-4 9.11027E-4 6.97755E-4 8.76503E-4 2.90618E-4 6.7735E-4 9.26804E-4 2.97586E-4 9.61966E-4 3.01564E-4 8.39903E-4 8.48269E-4 7.64935E-4 2.34913E-4 8.82893E-4 8.28848E-4 2.82943E-4 8.53841E-4 8.7345E-4 2.62355E-4 9.12589E-4 8.83717E-4 7.26746E-4 9.39918E-4 2.83888E-4 8.38941E-4 8.48464E-4 2.61262E-4 8.23889E-4 2.66483E-4 9.6869E-4 8.07883E-4 7.32496E-4 2.39457E-4 9.20677E-4 9.24572E-4 3.03543E-4 9.85267E-4 9.33279E-4 2.56468E-4 8.47862E-4 8.917E-4 7.56089E-4 9.22399E-4 2.65979E-4 6.9081E-4 9.27541E-4 2.78041E-4 8.34583E-4 2.72202E-4 8.8689E-4 8.15949E-4 7.49713E-4 2.31602E-4 8.73988E-4 8.09664E-4 2.84127E-4 9.6303E-4 8.80622E-4 3.13305E-4 8.63918E-4 8.24142E-4 7.54029E-4 8.43369E-4 2.79561E-4 6.88734E-4 8.90973E-4 2.59824E-4 8.16836E-4 2.72127E-4 9.05113E-4 8.16674E-4 8.02424E-4 2.36778E-4 8.3549E-4 9.15903E-4 2.90593E-4 9.48216E-4 8.39542E-4 3.04833E-4 8.56232E-4 9.48603E-4 8.02826E-4 8.25465E-4 2.82366E-4 7.98304E-4 7.97958E-4 3.83606E-4 0.001013679 3.24275E-4 9.93999E-4 9.65213E-4 8.62682E-4 2.73931E-4 9.05938E-4 9.74752E-4 2.96796E-4 9.90884E-4 8.48842E-4 2.98217E-4 8.76952E-4 9.65215E-4 7.60599E-4 9.27352E-4 2.83148E-4 7.28474E-4 8.63112E-4 2.57232E-4 9.76568E-4 3.08855E-4 9.11865E-4 7.03764E-4 7.49158E-4 2.41815E-4 7.75485E-4 9.34775E-4 2.93821E-4 0.001002468 8.26961E-4 2.67037E-4 8.1301E-4 9.24703E-4 7.17059E-4 8.47996E-4 2.61506E-4 7.89686E-4 7.98292E-4 2.8774E-4 8.84952E-4 3.04958E-4 9.45939E-4 8.25431E-4 8.0561E-4 2.33507E-4 8.25659E-4 8.18206E-4 2.87292E-4 9.40096E-4 8.59192E-4 2.57714E-4 9.92113E-4 8.56419E-4 7.81849E-4 9.07004E-4 2.66345E-4 8.96306E-4 8.79528E-4 2.89797E-4 8.5944E-4 2.72255E-4 9.04151E-4 7.75416E-4 8.0008E-4 2.34768E-4 7.78382E-4 8.07286E-4 2.93733E-4 8.69227E-4 9.25324E-4 2.71364E-4 9.37436E-4 8.14592E-4 7.28357E-4 8.02421E-4 2.5656E-4 7.5305E-4 8.09959E-4 2.59589E-4 8.9502E-4 2.86419E-4 8.74849E-4 7.92804E-4 7.82547E-4 2.3839E-4 8.93259E-4 8.60233E-4 2.91221E-4 9.24379E-4 9.41556E-4 2.85625E-4 8.407E-4 8.37902E-4 7.73838E-4 9.01609E-4 2.64303E-4 7.50426E-4 8.61444E-4 2.64552E-4 8.28837E-4 2.8462E-4 9.29018E-4 7.27898E-4 7.7191E-4 2.31488E-4 8.21388E-4 9.15122E-4 2.88436E-4 9.25899E-4 8.98388E-4 2.65055E-4 8.39458E-4 7.80724E-4 7.30266E-4 8.19939E-4 2.53696E-4 7.29114E-4 8.57974E-4 2.98476E-4 8.38653E-4 2.72631E-4 9.52267E-4 8.83177E-4 7.87114E-4 2.42716E-4 8.03276E-4 9.15527E-4 2.86418E-4 9.00972E-4 9.45148E-4 2.61502E-4 9.08544E-4 7.86719E-4 7.71452E-4 8.94914E-4 2.58653E-4 6.82143E-4 8.52071E-4 2.56939E-4 9.81507E-4 2.75009E-4 4.5619E-4 8.20777E-4 6.94961E-4 2.43877E-4 8.07993E-4 8.0894E-4 2.94222E-4 9.63253E-4 8.20628E-4 2.5936E-4 0.001098281 8.76176E-4 6.48772E-4 9.15131E-4 2.577E-4 3.53295E-4 8.57931E-4 2.58961E-4 7.80853E-4 2.90301E-4 4.73551E-4 7.96503E-4 8.37289E-4 2.37105E-4 8.00633E-4 8.37197E-4 2.81966E-4 9.32381E-4 8.3129E-4 2.59538E-4 8.28455E-4 8.07992E-4 7.68916E-4 8.3302E-4 2.59608E-4 3.70785E-4 8.92549E-4 3.09206E-4 8.52391E-4 2.64856E-4 4.22738E-4 8.32207E-4 7.46624E-4 2.42982E-4 8.36748E-4 0.001107547 3.36742E-4 9.37992E-4 9.27917E-4 3.49795E-4 8.80936E-4 8.67495E-4 8.39956E-4 9.0427E-4 2.63422E-4 3.03984E-4 8.10495E-4 2.58856E-4 8.68318E-4 2.84814E-4 3.89554E-4 8.07395E-4 7.53308E-4 2.46271E-4 8.17655E-4 8.54613E-4 3.05079E-4 8.74258E-4 8.49938E-4 2.61824E-4 8.45723E-4 8.86952E-4 6.80988E-4 8.66105E-4 2.59974E-4 3.02489E-4 8.32615E-4 2.61223E-4 8.36186E-4 3.07685E-4 3.8327E-4 8.38192E-4 7.16632E-4 2.33094E-4 8.04906E-4 8.68453E-4 2.91032E-4 8.54618E-4 8.62397E-4 2.65714E-4 8.85398E-4 8.55656E-4 6.32514E-4 8.43221E-4 2.63823E-4 3.55049E-4 7.88505E-4 2.6468E-4 8.24572E-4 2.67821E-4 3.9329E-4 8.61013E-4 6.6313E-4 2.3547E-4 8.00506E-4 9.05864E-4 2.90936E-4 8.86264E-4 8.18779E-4 2.67554E-4 8.55756E-4 8.27543E-4 6.9544E-4 8.37846E-4 2.65943E-4 3.10096E-4 7.89116E-4 2.66021E-4 4.56323E-4 3.39527E-4 4.02686E-4 8.34585E-4 8.9324E-5 2.38165E-4 3.64461E-4 2.77023E-4 2.75304E-4 4.0502E-4 8.37627E-4 2.64673E-4 3.60592E-4 8.53994E-4 1.24796E-4 2.78223E-4 2.94703E-4 3.25452E-4 3.64342E-4 2.55485E-4 8.72493E-4 2.88337E-4 3.91431E-4 8.54158E-4 6.97771E-4 2.44695E-4 8.03261E-4 8.76347E-4 2.99424E-4 8.8312E-4 8.33829E-4 2.72506E-4 8.87721E-4 8.14348E-4 6.47489E-4 8.62138E-4 2.89273E-4 3.24709E-4 8.02693E-4 2.6944E-4 8.60667E-4 2.6966E-4 4.21618E-4 8.43867E-4 6.88817E-4 2.39292E-4 8.73928E-4 9.01474E-4 2.99634E-4 8.69619E-4 8.52411E-4 2.70913E-4 9.07191E-4 8.68296E-4 6.63645E-4 8.88375E-4 2.72924E-4 3.12119E-4 8.28047E-4 2.63707E-4 8.53328E-4 2.83413E-4 3.88692E-4 8.59719E-4 7.10985E-4 2.48728E-4 8.26783E-4 8.88433E-4 2.94293E-4 8.8386E-4 8.7228E-4 2.59471E-4 8.25863E-4 8.77799E-4 6.55966E-4 8.42471E-4 3.05194E-4 3.42284E-4 8.20686E-4 2.75927E-4 8.71227E-4 2.75785E-4 3.97353E-4 7.83075E-4 6.95656E-4 2.47186E-4 8.7424E-4 8.82736E-4 2.96339E-4 9.00661E-4 8.47989E-4 2.68345E-4 8.30035E-4 8.73356E-4 6.52813E-4 9.04196E-4 2.6419E-4 3.35352E-4 8.05992E-4 2.57501E-4 8.49151E-4 2.69626E-4 3.92076E-4 8.26086E-4 7.05077E-4 2.82945E-4 8.10942E-4 8.53223E-4 3.13337E-4 9.01696E-4 8.35877E-4 2.64937E-4 8.80993E-4 8.3923E-4 6.74254E-4 9.16184E-4 2.64639E-4 3.17189E-4 8.0988E-4 2.97766E-4 8.25818E-4 2.75136E-4 3.93349E-4 9.69307E-4 6.99689E-4 2.40028E-4 8.02509E-4 8.74346E-4 3.05619E-4 9.04196E-4 8.63146E-4 2.65793E-4 8.71677E-4 8.27136E-4 6.59221E-4 9.09537E-4 2.69467E-4 3.14735E-4 8.44713E-4 2.85888E-4 8.7125E-4 3.08546E-4 3.96932E-4 8.61979E-4 7.02349E-4 2.42444E-4 1.03012E-4 8.21836E-4 2.61237E-4 9.05791E-4 8.41825E-4 2.62687E-4 8.41735E-4 8.33317E-4 6.49179E-4 9.18789E-4 2.65014E-4 3.11444E-4 8.06043E-4 2.78153E-4 7.4996E-4 2.62426E-4 3.20291E-4 7.11091E-4 5.72237E-4 2.18466E-4 7.73343E-4 7.84926E-4 2.45611E-4 8.69823E-4 7.51604E-4 2.70851E-4 7.41048E-4 7.52361E-4 6.91956E-4 7.62214E-4 2.68901E-4 2.79022E-4 7.4824E-4 2.69804E-4 7.68028E-4 2.56188E-4 3.15956E-4 8.40247E-4 6.39261E-4 2.39509E-4 7.88482E-4 7.35322E-4 2.65142E-4 7.09229E-4 8.18199E-4 2.99837E-4 8.39533E-4 6.99546E-4 6.95298E-4 8.05862E-4 2.60775E-4 2.71659E-4 7.42436E-4 2.5562E-4 6.99144E-4 3.01127E-4 3.81951E-4 8.28932E-4 6.7264E-4 2.22785E-4 7.50107E-4 8.26298E-4 2.71591E-4 7.77289E-4 7.80719E-4 2.75614E-4 7.7498E-4 7.65889E-4 6.60755E-4 7.91474E-4 3.1285E-4 2.86908E-4 7.46414E-4 2.64596E-4 6.97344E-4 2.57461E-4 3.53302E-4 8.24398E-4 6.30642E-4 2.2557E-4 9.04366E-4 8.07895E-4 2.77374E-4 7.26255E-4 7.63828E-4 2.66766E-4 6.96287E-4 7.61641E-4 6.61078E-4 8.24651E-4 2.68514E-4 2.92584E-4 8.01365E-4 2.60956E-4 6.67914E-4 3.12404E-4 3.38457E-4 7.20598E-4 6.53777E-4 3.3547E-4 7.94377E-4 7.93431E-4 2.71546E-4 7.68605E-4 8.17931E-4 2.65237E-4 7.42084E-4 7.64892E-4 6.65409E-4 7.3814E-4 2.75292E-4 2.76942E-4 7.64565E-4 2.66473E-4 7.61647E-4 2.4353E-4 3.39949E-4 7.79441E-4 5.88345E-4 2.36102E-4 7.75097E-4 7.45921E-4 2.85866E-4 7.02296E-4 7.47086E-4 2.77003E-4 7.7835E-4 7.12547E-4 6.94067E-4 7.21776E-4 2.61178E-4 2.77405E-4 7.48771E-4 2.77706E-4 7.10183E-4 2.47276E-4 3.36631E-4 7.07683E-4 5.45655E-4 2.1213E-4 7.77115E-4 8.22391E-4 2.79549E-4 7.74622E-4 7.53865E-4 3.02516E-4 8.31035E-4 7.75013E-4 6.43971E-4 7.65751E-4 2.62156E-4 2.91256E-4 7.70491E-4 2.72305E-4 7.5805E-4 2.67986E-4 3.79131E-4 7.91276E-4 6.8264E-4 2.13058E-4 7.66911E-4 7.56226E-4 2.95727E-4 8.00318E-4 7.56482E-4 2.74675E-4 7.30624E-4 6.99578E-4 6.52878E-4 7.9254E-4 2.99858E-4 2.82703E-4 7.43416E-4 3.05999E-4 6.94244E-4 2.57746E-4 3.01078E-4 7.65925E-4 6.66103E-4 2.3178E-4 7.95463E-4 7.33594E-4 2.81604E-4 8.68905E-4 7.52214E-4 2.91268E-4 7.85319E-4 7.69201E-4 6.57552E-4 8.05883E-4 2.72685E-4 2.84526E-4 7.64286E-4 2.61889E-4 6.95189E-4 2.55236E-4 3.02785E-4 8.09254E-4 7.09263E-4 2.71254E-4 7.36656E-4 7.09984E-4 2.64921E-4 7.9818E-4 7.36114E-4 2.74502E-4 7.85477E-4 7.41895E-4 6.77878E-4 7.56758E-4 2.64571E-4 3.25611E-4 7.50722E-4 2.68436E-4 7.9749E-4 2.667E-4 3.07915E-4 8.21969E-4 6.49153E-4 2.52452E-4 7.88164E-4 7.17261E-4 3.00924E-4 7.9032E-4 7.61825E-4 3.12408E-4 7.97564E-4 7.83567E-4 7.07871E-4 7.96452E-4 3.06949E-4 2.85013E-4 7.19532E-4 2.8262E-4 7.09795E-4 2.62659E-4 3.39717E-4 8.46517E-4 6.71073E-4 2.57251E-4 7.6397E-4 8.0876E-4 2.65296E-4 7.07665E-4 7.64559E-4 3.10332E-4 7.80791E-4 7.30321E-4 6.64576E-4 8.31451E-4 2.73297E-4 2.84025E-4 7.55571E-4 2.64741E-4 8.18608E-4 2.69605E-4 3.32116E-4 8.05545E-4 5.80054E-4 2.75833E-4 8.05559E-4 7.89769E-4 2.64208E-4 7.77739E-4 7.01785E-4 2.63555E-4 7.0406E-4 6.69956E-4 6.6153E-4 7.89034E-4 2.76629E-4 2.92604E-4 7.68884E-4 2.66648E-4 7.6045E-4 2.5394E-4 3.51308E-4 7.46392E-4 6.6133E-4 2.8822E-4 7.59899E-4 8.38671E-4 2.96168E-4 7.0928E-4 7.92706E-4 2.75765E-4 7.72591E-4 7.52723E-4 6.42843E-4 8.26986E-4 2.75544E-4 3.26033E-4 7.97754E-4 2.65951E-4 8.58548E-4 2.64998E-4 3.60438E-4 8.30751E-4 5.89768E-4 2.54956E-4 7.94338E-4 7.82355E-4 2.97546E-4 7.12252E-4 7.31782E-4 2.62991E-4 8.1701E-4 6.89487E-4 6.69702E-4 8.32526E-4 2.73808E-4 2.92463E-4 7.52589E-4 2.75107E-4 6.89669E-4 2.73549E-4 3.16556E-4 7.53004E-4 5.824E-4 2.34182E-4 8.37475E-4 8.23708E-4 2.76023E-4 7.50578E-4 8.07774E-4 3.04571E-4 7.70109E-4 6.70095E-4 6.70822E-4 7.87E-4 2.711E-4 3.2326E-4 7.77993E-4 2.64874E-4 7.7264E-4 2.999E-4 3.57636E-4 8.0902E-4 6.27538E-4 2.39038E-4 7.73003E-4 7.55192E-4 3.00831E-4 7.71996E-4 7.84712E-4 2.59828E-4 7.84609E-4 8.04664E-4 6.70088E-4 7.2575E-4 2.88265E-4 2.73875E-4 7.88153E-4 2.71069E-4 8.13997E-4 2.63639E-4 3.2456E-4 7.94688E-4 6.11318E-4 2.64888E-4 7.89721E-4 7.19897E-4 2.7264E-4 8.01647E-4 7.64907E-4 2.73164E-4 7.54171E-4 7.36942E-4 6.85469E-4 7.44162E-4 2.74487E-4 2.97717E-4 7.71709E-4 3.2132E-4 9.717E-5 2.53125E-4 3.44157E-4 8.31491E-4 6.15612E-4 2.25896E-4 8.24475E-4 8.31226E-4 2.56254E-4 6.83382E-4 8.6963E-5 2.54613E-4 7.21071E-4 7.66325E-4 7.00039E-4 7.63672E-4 2.71153E-4 2.62341E-4 7.24209E-4 3.11009E-4 7.36852E-4 2.67631E-4 3.48507E-4 8.15883E-4 6.5276E-4 2.35528E-4 7.95966E-4 7.0522E-4 2.86389E-4 8.07844E-4 7.8148E-4 2.78999E-4 7.6407E-4 7.79795E-4 7.22094E-4 7.19672E-4 2.7646E-4 2.88124E-4 7.58271E-4 2.8061E-4 7.67146E-4 2.43608E-4 3.45333E-4 9.66409E-4 5.70523E-4 2.29279E-4 7.60087E-4 7.77998E-4 2.88401E-4 7.79595E-4 7.43763E-4 2.83353E-4 7.4348E-4 6.90207E-4 6.61682E-4 7.95736E-4 2.72758E-4 2.90129E-4 7.49403E-4 2.63823E-4 7.99948E-4 2.72181E-4 3.45399E-4 7.99693E-4 6.04326E-4 2.41337E-4 7.58584E-4 7.59826E-4 2.88898E-4 7.101E-4 7.38422E-4 2.72364E-4 7.94799E-4 6.75091E-4 6.53198E-4 7.33073E-4 2.66289E-4 2.96694E-4 7.67645E-4 2.80381E-4 7.55743E-4 2.58079E-4 3.29672E-4 8.02514E-4 7.45074E-4 2.37008E-4 7.54119E-4 6.59616E-4 2.78565E-4 7.28734E-4 7.69058E-4 2.74448E-4 7.01259E-4 7.40567E-4 6.73389E-4 7.85203E-4 2.693E-4 2.89571E-4 7.69311E-4 2.77553E-4 6.42035E-4 2.64122E-4 3.40609E-4 7.10616E-4 5.52179E-4 2.33308E-4 6.73102E-4 8.3656E-4 3.45445E-4 8.04859E-4 7.6596E-4 3.2182E-4 7.54131E-4 7.6266E-4 6.79672E-4 7.61082E-4 3.24992E-4 2.89653E-4 6.91786E-4 2.81578E-4 7.03547E-4 2.46645E-4 3.54531E-4 7.37013E-4 5.9039E-4 2.46158E-4 6.7097E-4 6.15943E-4 2.79506E-4 6.86514E-4 6.87886E-4 3.36712E-4 5.9998E-4 6.08447E-4 5.73062E-4 6.83112E-4 2.65764E-4 2.82377E-4 6.93886E-4 2.68077E-4 7.0619E-4 2.37257E-4 3.37415E-4 6.64537E-4 6.01347E-4 2.25387E-4 6.81334E-4 6.83015E-4 2.70198E-4 6.93629E-4 7.67117E-4 2.74455E-4 6.83754E-4 6.50809E-4 5.8805E-4 6.97053E-4 2.67742E-4 2.95279E-4 6.68893E-4 2.82308E-4 6.80485E-4 2.67783E-4 3.33884E-4 6.77487E-4 5.65247E-4 2.34217E-4 7.05122E-4 6.80724E-4 2.76396E-4 6.24974E-4 7.41646E-4 2.7786E-4 6.67627E-4 6.90455E-4 5.77327E-4 6.78076E-4 2.72376E-4 2.86226E-4 6.67605E-4 2.82169E-4 7.14552E-4 2.47698E-4 3.1931E-4 6.45188E-4 5.12154E-4 2.43091E-4 6.71468E-4 6.77959E-4 2.70187E-4 7.10841E-4 6.71742E-4 2.98539E-4 6.55735E-4 6.53533E-4 5.9339E-4 6.47158E-4 2.71543E-4 2.85209E-4 6.97916E-4 2.75465E-4 6.84071E-4 2.37146E-4 1.16067E-4 6.85353E-4 5.44572E-4 2.36855E-4 6.8611E-4 6.70209E-4 1.47236E-4 6.52805E-4 6.78483E-4 2.69686E-4 6.85411E-4 6.75486E-4 5.74303E-4 6.78423E-4 2.73266E-4 2.85967E-4 6.51328E-4 2.64737E-4 5.96429E-4 2.43823E-4 3.43366E-4 7.34522E-4 5.4179E-4 2.33981E-4 6.98787E-4 6.67449E-4 2.61955E-4 6.78522E-4 6.61962E-4 2.77171E-4 5.80509E-4 6.72713E-4 5.63676E-4 6.92803E-4 2.63247E-4 2.91537E-4 6.74975E-4 2.71368E-4 7.00334E-4 9.39426E-4 3.32625E-4 7.68367E-4 5.69778E-4 2.43875E-4 6.98329E-4 7.02284E-4 2.71111E-4 7.16755E-4 7.47084E-4 1.29354E-4 7.1847E-4 8.379E-4 8.00386E-4 8.54894E-4 3.81499E-4 3.87576E-4 9.43751E-4 1.6533E-4 8.26811E-4 1.42819E-4 3.83777E-4 7.57938E-4 5.24387E-4 2.32005E-4 6.82405E-4 6.16135E-4 2.61645E-4 6.01256E-4 7.24393E-4 2.67665E-4 6.58299E-4 5.8858E-4 5.53953E-4 8.15731E-4 2.7194E-4 2.73376E-4 6.66707E-4 3.16368E-4 7.12447E-4 2.32261E-4 3.50634E-4 6.61836E-4 5.32924E-4 2.13339E-4 6.97304E-4 6.92909E-4 2.69811E-4 7.14371E-4 6.58594E-4 2.79133E-4 6.69796E-4 6.07349E-4 5.76763E-4 6.19726E-4 2.68287E-4 2.80953E-4 6.69546E-4 2.77062E-4 6.9885E-4 2.58968E-4 3.41981E-4 6.7568E-4 5.60398E-4 2.44744E-4 6.90582E-4 6.78431E-4 2.67705E-4 6.80452E-4 7.45319E-4 2.79673E-4 7.09737E-4 5.8962E-4 5.69816E-4 6.60547E-4 2.98566E-4 2.83517E-4 6.68143E-4 2.64838E-4 6.57761E-4 2.39901E-4 3.50752E-4 7.3161E-4 4.69534E-4 2.20532E-4 6.846E-4 6.72615E-4 2.64381E-4 7.04334E-4 7.24836E-4 2.67137E-4 7.1975E-4 6.66855E-4 5.74139E-4 6.56386E-4 2.71517E-4 2.93375E-4 6.76832E-4 2.649E-4 6.33172E-4 2.77937E-4 3.49982E-4 6.37785E-4 5.77366E-4 2.24537E-4 6.90307E-4 5.96743E-4 2.70549E-4 6.69662E-4 7.02912E-4 2.82489E-4 6.17119E-4 6.69125E-4 5.57157E-4 7.05641E-4 2.82852E-4 2.98218E-4 6.7751E-4 3.01045E-4 6.959E-4 2.58655E-4 3.40123E-4 6.26366E-4 5.37652E-4 2.43051E-4 6.56377E-4 6.47221E-4 2.69039E-4 6.646E-4 6.79353E-4 2.65836E-4 6.85755E-4 6.25413E-4 5.72431E-4 6.7244E-4 2.6909E-4 2.91314E-4 6.83114E-4 2.63477E-4 6.75006E-4 2.69811E-4 3.54213E-4 6.91434E-4 5.26952E-4 2.40207E-4 6.67214E-4 6.82532E-4 2.66399E-4 6.67865E-4 7.6014E-4 2.74326E-4 6.56504E-4 6.37122E-4 5.93882E-4 6.71074E-4 2.6969E-4 2.83767E-4 6.8548E-4 2.74673E-4 6.16715E-4 2.67832E-4 3.30883E-4 0.001322452 5.63423E-4 2.27678E-4 6.8307E-4 6.66852E-4 2.69941E-4 6.9139E-4 7.56747E-4 2.72012E-4 7.27508E-4 6.83315E-4 5.72094E-4 6.74569E-4 2.73531E-4 2.88104E-4 6.67665E-4 2.69179E-4 6.9369E-4 2.58883E-4 3.53544E-4 6.36316E-4 4.81054E-4 2.39192E-4 6.74044E-4 6.62762E-4 2.67503E-4 6.72117E-4 7.43712E-4 2.67352E-4 6.95233E-4 6.55787E-4 5.99057E-4 6.88662E-4 2.65521E-4 2.85418E-4 6.63539E-4 2.72096E-4 7.12696E-4 2.61359E-4 3.60521E-4 7.11309E-4 5.59312E-4 2.38206E-4 6.93901E-4 7.16919E-4 2.77925E-4 6.57214E-4 7.21884E-4 2.6679E-4 6.35383E-4 5.78315E-4 5.74594E-4 7.14867E-4 2.66761E-4 2.91884E-4 6.89959E-4 2.72082E-4 6.81047E-4 2.61067E-4 3.37616E-4 6.56899E-4 5.672E-4 2.36972E-4 7.0194E-4 6.06236E-4 2.60589E-4 6.48184E-4 7.18939E-4 2.73057E-4 6.25402E-4 6.17179E-4 5.86116E-4 5.94693E-4 2.71412E-4 2.97858E-4 6.96377E-4 2.64116E-4 6.85092E-4 2.6552E-4 3.49027E-4 6.1761E-4 5.10569E-4 2.38934E-4 6.84349E-4 6.64586E-4 2.60699E-4 6.5753E-4 7.45837E-4 2.77134E-4 6.5851E-4 6.55509E-4 5.9378E-4 6.59258E-4 2.68497E-4 2.90113E-4 6.89497E-4 2.68056E-4 7.0961E-4 2.29263E-4 3.46005E-4 6.33021E-4 5.52193E-4 1.69629E-4 6.80943E-4 6.527E-4 2.60126E-4 6.69442E-4 7.2792E-4 2.58644E-4 6.91679E-4 6.99249E-4 5.4724E-4 6.69588E-4 1.63451E-4 2.83366E-4 6.63623E-4 2.60187E-4 

Timer for Syntactic Relevance:: 9.952965508
Timer for solver: 1.410095805
		UBUNTU.SPLX	UBUNTU_C100_0.TESTCASES
			Diag: [requires(UniversalAccess1, UniversalAccess), requires(Low1, Low), requires(Displays1, Displays), ((~Speed \/ Speed1) \/ Speed2), (((~AcceptanceDelay \/ AcceptanceDelay1) \/ AcceptanceDelay2) \/ AcceptanceDelay3), ((~Normal \/ Normal1) \/ Normal2), ((((~Fast \/ Fast1) \/ Fast2) \/ Fast3) \/ Fast4)]
			Diag size: 7
The size of Consistency checks: 1193905
The number of Choco Solver calls: 2120
The number of different: 3
The number of INconsistent: 32
The number of union: 201
The number of post constraints: 1193905
The number of consistent: 2088
The number of unpost constraints: 1193905
The number of Consistency checks: 101

Timer for Syntactic Relevance:[thread=1]: 7.60249455
7.60249455 
Timer for solver[thread=1]: 1.431695752
5.14726E-4 2.72939E-4 4.41065E-4 1.21229E-4 5.24514E-4 1.3917E-4 2.74274E-4 6.94585E-4 6.25212E-4 4.46486E-4 1.3908E-4 3.62006E-4 3.76817E-4 1.10188E-4 4.51231E-4 5.68844E-4 3.48352E-4 6.35157E-4 4.23372E-4 3.30857E-4 5.57754E-4 0.00103224 1.0096E-4 4.73983E-4 5.4206E-4 1.35904E-4 1.0401E-4 1.70146E-4 1.2637E-4 1.04884E-4 6.2185E-4 8.45496E-4 7.39908E-4 7.06522E-4 4.04289E-4 8.45125E-4 7.07193E-4 7.70553E-4 9.91802E-4 7.85214E-4 6.31265E-4 6.28523E-4 6.37389E-4 0.001057179 9.01037E-4 6.8293E-4 7.27914E-4 0.001005034 0.001000199 4.50816E-4 9.8777E-5 1.35916E-4 1.09672E-4 1.11743E-4 1.33727E-4 1.55359E-4 1.227E-4 1.17674E-4 9.7523E-5 1.18994E-4 2.72812E-4 5.58809E-4 5.73938E-4 5.46812E-4 6.71857E-4 5.87713E-4 5.88453E-4 2.85055E-4 5.69291E-4 3.32569E-4 3.4785E-4 6.73643E-4 7.75436E-4 6.09311E-4 6.17295E-4 5.40909E-4 6.20445E-4 6.47802E-4 5.64459E-4 7.2573E-4 3.07807E-4 6.70409E-4 8.04955E-4 6.83238E-4 6.47339E-4 7.53195E-4 7.09694E-4 7.25938E-4 8.61053E-4 3.73252E-4 7.4886E-4 6.91578E-4 7.8169E-4 6.59071E-4 6.29489E-4 7.5277E-4 8.88422E-4 6.06017E-4 8.11755E-4 8.74337E-4 0.00112231 0.001175018 0.001255485 0.001296589 0.001458565 0.001401873 0.001476453 0.001515396 0.001505792 0.001605984 0.001562541 0.001541317 0.001610141 0.001780315 0.001657816 0.002231446 0.001627148 0.001754237 0.001762447 0.001635334 0.001801226 0.004525388 0.004388311 0.004260178 0.004366111 0.004909316 0.004649068 7.80812E-4 7.52308E-4 8.08725E-4 7.97128E-4 7.98675E-4 7.72451E-4 7.95798E-4 7.27692E-4 7.23133E-4 0.002475768 7.34165E-4 6.98493E-4 7.49201E-4 7.9083E-4 7.35841E-4 7.81399E-4 7.11324E-4 7.82141E-4 7.44512E-4 7.41683E-4 7.77105E-4 7.64882E-4 8.29946E-4 7.37611E-4 7.63539E-4 8.33313E-4 7.32369E-4 7.37054E-4 7.04411E-4 7.49041E-4 7.8352E-4 7.62763E-4 7.82315E-4 7.74661E-4 7.79653E-4 7.25695E-4 7.45737E-4 7.35504E-4 6.79691E-4 7.61155E-4 7.45038E-4 7.42905E-4 7.7248E-4 7.52674E-4 7.44742E-4 7.60644E-4 7.82815E-4 7.32563E-4 7.79186E-4 8.06122E-4 7.2332E-4 8.45543E-4 7.88633E-4 7.79046E-4 7.88278E-4 7.65098E-4 7.83017E-4 7.7993E-4 8.04623E-4 8.15586E-4 7.93733E-4 8.34999E-4 7.81182E-4 8.16282E-4 7.58599E-4 7.67471E-4 8.122E-4 7.66862E-4 7.63616E-4 7.62765E-4 8.57179E-4 7.81874E-4 8.00573E-4 7.85318E-4 8.22264E-4 7.91061E-4 7.59629E-4 8.0056E-4 7.79908E-4 7.44838E-4 7.78297E-4 8.14908E-4 8.0023E-4 7.78223E-4 7.9287E-4 7.80557E-4 7.89032E-4 8.53768E-4 8.11623E-4 7.87416E-4 8.61933E-4 8.01818E-4 7.6598E-4 7.93575E-4 7.4014E-4 7.68083E-4 8.40544E-4 8.93019E-4 7.65107E-4 8.02358E-4 7.97918E-4 8.32209E-4 7.63855E-4 8.45407E-4 7.74267E-4 8.43259E-4 7.28358E-4 7.36485E-4 8.55259E-4 7.58223E-4 8.13642E-4 7.42146E-4 8.18788E-4 8.36686E-4 8.15971E-4 7.44E-4 8.34705E-4 8.1032E-4 7.40833E-4 8.28629E-4 8.08087E-4 7.47753E-4 7.47281E-4 8.81491E-4 8.42555E-4 8.39813E-4 7.87146E-4 7.82321E-4 8.28631E-4 8.39286E-4 7.86489E-4 8.5072E-4 8.44439E-4 8.21409E-4 8.67814E-4 7.78057E-4 7.09631E-4 8.43453E-4 8.6669E-4 7.92456E-4 8.21037E-4 8.47135E-4 8.19715E-4 8.42945E-4 7.99715E-4 7.76731E-4 8.50964E-4 7.77446E-4 7.36223E-4 8.61353E-4 8.37806E-4 8.55372E-4 7.87807E-4 7.41132E-4 8.66616E-4 7.99286E-4 7.16564E-4 8.08021E-4 7.52826E-4 8.55093E-4 9.42609E-4 8.19202E-4 8.41339E-4 8.40613E-4 7.84558E-4 8.15648E-4 7.73477E-4 7.64412E-4 7.6557E-4 8.47354E-4 8.34035E-4 7.16209E-4 7.02873E-4 8.25645E-4 7.83149E-4 8.68563E-4 8.25538E-4 7.81343E-4 7.78193E-4 8.38864E-4 8.1182E-4 7.31106E-4 8.56536E-4 8.07194E-4 7.7665E-4 8.58516E-4 8.01576E-4 8.2028E-4 8.15249E-4 8.3343E-4 8.38367E-4 8.25639E-4 8.60937E-4 8.33394E-4 8.69616E-4 7.35211E-4 8.13125E-4 6.98411E-4 8.37568E-4 7.79746E-4 8.45113E-4 7.87251E-4 8.58042E-4 7.87251E-4 8.14607E-4 8.22764E-4 8.14413E-4 8.04768E-4 7.40834E-4 8.38161E-4 8.28685E-4 8.1869E-4 8.17884E-4 8.45474E-4 7.76435E-4 8.30709E-4 7.3134E-4 8.62881E-4 7.7917E-4 8.0159E-4 8.23895E-4 7.96334E-4 8.28998E-4 8.27393E-4 7.67347E-4 8.26842E-4 7.93513E-4 8.91331E-4 8.34941E-4 7.73055E-4 8.49233E-4 7.54399E-4 7.7444E-4 8.06602E-4 7.73103E-4 7.34684E-4 7.48302E-4 7.33639E-4 7.84372E-4 8.51054E-4 8.62557E-4 7.82442E-4 8.45323E-4 8.39967E-4 8.1487E-4 8.19017E-4 8.78628E-4 8.27477E-4 8.0245E-4 8.12924E-4 8.18694E-4 8.36768E-4 7.77675E-4 8.3948E-4 7.31062E-4 7.95309E-4 7.86582E-4 8.48312E-4 7.75303E-4 7.46753E-4 8.45906E-4 8.13299E-4 7.70588E-4 8.13112E-4 7.37839E-4 8.34722E-4 8.67935E-4 8.44355E-4 7.97975E-4 7.80962E-4 8.41758E-4 7.98912E-4 7.77267E-4 7.95809E-4 7.41417E-4 8.02089E-4 8.49435E-4 7.92217E-4 8.33671E-4 8.15507E-4 8.33031E-4 7.3464E-4 8.72286E-4 8.0409E-4 8.29348E-4 8.34491E-4 8.01382E-4 8.12468E-4 7.77683E-4 7.67549E-4 7.97689E-4 7.11031E-4 8.46937E-4 8.21987E-4 8.54414E-4 7.92904E-4 7.58546E-4 7.38303E-4 8.07999E-4 7.61967E-4 7.80201E-4 8.71243E-4 9.26477E-4 9.64429E-4 9.86123E-4 0.001004602 9.8015E-4 9.19125E-4 8.73392E-4 8.82155E-4 9.7328E-4 7.25291E-4 8.24638E-4 7.70932E-4 8.36351E-4 7.87281E-4 8.0255E-4 7.80635E-4 7.27264E-4 8.32311E-4 7.35922E-4 8.20481E-4 8.59654E-4 6.96673E-4 7.29757E-4 6.92398E-4 7.38969E-4 7.30486E-4 8.30817E-4 8.0705E-4 7.90928E-4 8.43801E-4 8.20256E-4 8.04124E-4 7.94931E-4 7.77894E-4 7.95272E-4 7.4167E-4 7.83644E-4 8.09291E-4 8.05388E-4 7.97881E-4 7.43848E-4 7.16715E-4 8.17323E-4 7.42291E-4 8.04016E-4 7.48067E-4 7.46184E-4 8.46404E-4 7.84182E-4 7.9475E-4 8.44755E-4 8.49207E-4 8.54912E-4 8.47371E-4 8.41755E-4 9.92081E-4 0.001172001 9.06969E-4 0.001052498 8.47507E-4 9.82399E-4 8.23661E-4 8.14798E-4 9.3431E-4 9.731E-4 8.68588E-4 9.8313E-4 9.60688E-4 8.83524E-4 9.56208E-4 9.03709E-4 9.61331E-4 8.96894E-4 8.54541E-4 9.78093E-4 9.90294E-4 9.04766E-4 9.40157E-4 9.22155E-4 8.47821E-4 9.37045E-4 9.57958E-4 9.1891E-4 9.57136E-4 9.91077E-4 8.11893E-4 9.90642E-4 9.74908E-4 7.98537E-4 9.83207E-4 8.15104E-4 8.49305E-4 8.53205E-4 8.31871E-4 9.28109E-4 7.90068E-4 8.36735E-4 9.35064E-4 9.33067E-4 8.60767E-4 8.62505E-4 8.4382E-4 9.02572E-4 8.84262E-4 0.001004028 8.06972E-4 8.41003E-4 9.23056E-4 8.16357E-4 8.76439E-4 9.10158E-4 9.62387E-4 8.43375E-4 9.04813E-4 9.20672E-4 8.32318E-4 8.00714E-4 8.263E-4 8.17141E-4 9.71459E-4 9.17838E-4 9.8953E-4 8.93319E-4 8.94332E-4 8.41614E-4 7.00733E-4 9.17321E-4 9.96764E-4 7.87468E-4 8.56495E-4 8.6094E-4 8.87518E-4 9.72596E-4 8.52593E-4 8.87632E-4 7.23422E-4 7.84504E-4 8.93004E-4 8.64917E-4 9.33145E-4 9.50584E-4 8.57348E-4 9.25056E-4 8.42056E-4 9.2253E-4 6.73017E-4 8.4284E-4 9.15196E-4 6.89752E-4 9.57034E-4 8.15021E-4 8.07782E-4 9.52696E-4 8.36119E-4 9.71507E-4 7.05299E-4 7.11658E-4 8.0678E-4 9.35584E-4 9.30836E-4 9.16686E-4 9.35683E-4 8.38002E-4 9.64749E-4 8.80619E-4 7.85376E-4 8.19696E-4 9.64601E-4 7.52808E-4 9.39537E-4 8.6274E-4 8.4225E-4 8.5302E-4 9.47888E-4 8.43271E-4 7.05635E-4 6.83382E-4 8.76505E-4 8.41993E-4 7.99927E-4 8.90285E-4 8.49373E-4 8.40327E-4 0.001422749 9.45048E-4 9.12888E-4 9.68595E-4 9.20513E-4 7.39584E-4 0.001198197 8.43217E-4 9.11069E-4 8.23634E-4 9.36879E-4 8.0323E-4 7.22591E-4 6.69353E-4 7.76165E-4 8.41187E-4 9.04047E-4 8.78253E-4 8.11212E-4 8.75144E-4 9.04674E-4 9.65787E-4 7.85125E-4 0.001313886 9.76629E-4 7.57417E-4 8.83626E-4 8.97584E-4 9.40958E-4 9.26775E-4 9.01372E-4 0.001225492 8.80943E-4 7.7519E-4 8.85969E-4 9.32959E-4 8.81403E-4 0.00107651 9.16713E-4 9.03358E-4 9.57488E-4 9.24774E-4 9.19439E-4 9.86033E-4 9.27272E-4 7.56298E-4 9.34017E-4 9.36199E-4 9.29573E-4 7.98494E-4 8.37152E-4 9.26407E-4 7.43286E-4 7.76643E-4 9.20127E-4 9.55752E-4 9.56192E-4 9.1718E-4 9.10108E-4 8.50342E-4 9.89834E-4 8.42228E-4 7.67147E-4 8.622E-4 9.31396E-4 7.363E-4 8.78885E-4 7.34588E-4 9.30207E-4 7.24467E-4 8.19067E-4 9.48274E-4 8.30953E-4 7.36307E-4 8.62394E-4 9.88204E-4 8.48581E-4 8.88509E-4 9.46401E-4 7.66935E-4 0.001023053 8.78109E-4 7.49766E-4 8.35196E-4 7.18952E-4 7.92425E-4 9.41E-4 8.48077E-4 7.83207E-4 3.76144E-4 8.70451E-4 8.60588E-4 8.39994E-4 3.72293E-4 9.73449E-4 9.82483E-4 5.08867E-4 0.001157906 9.49707E-4 3.51713E-4 8.62428E-4 9.03876E-4 7.79746E-4 9.43687E-4 3.81791E-4 8.24552E-4 8.63662E-4 3.86954E-4 9.61723E-4 2.69558E-4 8.87546E-4 9.51634E-4 8.31306E-4 2.34942E-4 8.44095E-4 9.33671E-4 3.00701E-4 8.56999E-4 8.53153E-4 2.62599E-4 9.72146E-4 9.19881E-4 7.11685E-4 8.89159E-4 2.93241E-4 6.92991E-4 9.49809E-4 2.7149E-4 9.46966E-4 2.65485E-4 8.60874E-4 8.63569E-4 8.04984E-4 2.39715E-4 9.07309E-4 8.56656E-4 2.91222E-4 8.7469E-4 8.53956E-4 2.68565E-4 9.65989E-4 9.27463E-4 7.08402E-4 9.6671E-4 3.02054E-4 8.09497E-4 8.70239E-4 2.64065E-4 8.40713E-4 2.74086E-4 0.001005374 8.21053E-4 7.44706E-4 2.51852E-4 9.59764E-4 9.53721E-4 3.10529E-4 9.88861E-4 9.46698E-4 2.60546E-4 8.75325E-4 9.31652E-4 7.86311E-4 9.46856E-4 2.68984E-4 7.10408E-4 9.1234E-4 2.77827E-4 8.61247E-4 2.76719E-4 8.75995E-4 7.93399E-4 7.69992E-4 2.36438E-4 8.92768E-4 8.07986E-4 2.95121E-4 0.001000985 9.12425E-4 2.69896E-4 8.4455E-4 8.55382E-4 8.9455E-4 8.26587E-4 2.94631E-4 7.06254E-4 9.13437E-4 2.73542E-4 8.27442E-4 2.75492E-4 8.842E-4 8.30366E-4 8.10956E-4 2.37209E-4 8.54862E-4 9.41782E-4 2.9409E-4 9.59687E-4 8.61743E-4 2.68035E-4 8.67801E-4 9.59823E-4 8.20198E-4 8.39186E-4 2.8561E-4 8.12813E-4 7.98564E-4 2.76533E-4 8.51865E-4 2.75011E-4 8.53953E-4 8.38142E-4 7.36959E-4 2.33679E-4 8.27539E-4 9.24306E-4 3.0124E-4 9.9367E-4 8.43595E-4 2.59399E-4 9.04773E-4 9.86454E-4 7.67684E-4 9.25648E-4 2.88036E-4 7.44396E-4 8.8128E-4 2.61412E-4 9.66452E-4 2.79024E-4 9.34645E-4 7.25155E-4 7.58874E-4 2.41557E-4 7.87693E-4 9.27614E-4 2.93786E-4 9.84227E-4 8.31306E-4 2.75811E-4 8.41746E-4 9.34819E-4 6.93575E-4 8.41041E-4 2.59078E-4 7.90269E-4 7.89114E-4 2.58264E-4 8.25466E-4 2.74218E-4 9.37966E-4 8.17909E-4 7.668E-4 2.36024E-4 8.38481E-4 8.23618E-4 2.95026E-4 8.99179E-4 8.47653E-4 2.5813E-4 9.88703E-4 8.44098E-4 8.23926E-4 9.06896E-4 3.34586E-4 7.25982E-4 8.75054E-4 2.59296E-4 8.55176E-4 2.68787E-4 9.21992E-4 8.00144E-4 8.47441E-4 2.34212E-4 7.79694E-4 8.10037E-4 2.84921E-4 8.66397E-4 8.9982E-4 3.0347E-4 9.44588E-4 8.19364E-4 7.33557E-4 8.08488E-4 2.65036E-4 7.5594E-4 8.44794E-4 3.4601E-4 8.89509E-4 2.66909E-4 8.96339E-4 8.00718E-4 8.36072E-4 2.70904E-4 8.90078E-4 8.53776E-4 2.89568E-4 9.16751E-4 9.8678E-4 2.64844E-4 8.35475E-4 7.90821E-4 7.34222E-4 9.01418E-4 2.5953E-4 7.58651E-4 8.93517E-4 2.6453E-4 8.28826E-4 2.62786E-4 9.15982E-4 7.15359E-4 7.77026E-4 2.36363E-4 8.14997E-4 9.4632E-4 2.92565E-4 9.19344E-4 0.001145762 2.60835E-4 8.40363E-4 7.92811E-4 7.26863E-4 8.37907E-4 2.57532E-4 6.91429E-4 7.85177E-4 2.60954E-4 8.60365E-4 3.01015E-4 9.12631E-4 8.77873E-4 7.86847E-4 2.34726E-4 7.94126E-4 9.13004E-4 2.80891E-4 9.07872E-4 9.60822E-4 2.53619E-4 9.17892E-4 7.92231E-4 7.6889E-4 8.9782E-4 2.60314E-4 6.92916E-4 8.54609E-4 2.54074E-4 9.26113E-4 2.75266E-4 4.66687E-4 8.18396E-4 6.98289E-4 2.30819E-4 8.07624E-4 8.14074E-4 2.82885E-4 9.58591E-4 8.28698E-4 2.59524E-4 0.001031848 8.87067E-4 7.63968E-4 0.001015982 2.60272E-4 3.47676E-4 8.5728E-4 2.61166E-4 7.93133E-4 2.68129E-4 4.6406E-4 7.90633E-4 8.2342E-4 2.32637E-4 8.08335E-4 8.30726E-4 2.95648E-4 9.65556E-4 8.3264E-4 2.63694E-4 8.22913E-4 7.95317E-4 7.56393E-4 8.2111E-4 2.88377E-4 3.37583E-4 8.90017E-4 4.06345E-4 0.001131597 3.03416E-4 4.84698E-4 9.54914E-4 8.94253E-4 3.11713E-4 9.17975E-4 9.07847E-4 3.25055E-4 9.27516E-4 0.001266789 2.85281E-4 9.12405E-4 9.53466E-4 8.60804E-4 9.45211E-4 2.78307E-4 3.28175E-4 8.45593E-4 2.85684E-4 9.03321E-4 3.00486E-4 4.01868E-4 8.54172E-4 7.61966E-4 2.54468E-4 9.26697E-4 9.21245E-4 3.3505E-4 9.50485E-4 9.1699E-4 2.9475E-4 9.1735E-4 8.9855E-4 7.86524E-4 9.1239E-4 2.85733E-4 3.32387E-4 8.92717E-4 2.87321E-4 8.692E-4 2.88586E-4 4.0252E-4 8.86459E-4 7.52618E-4 2.39813E-4 8.37858E-4 9.15776E-4 3.05465E-4 8.87037E-4 8.80732E-4 2.75101E-4 9.44348E-4 9.03383E-4 6.70798E-4 8.7738E-4 2.88574E-4 3.32763E-4 8.14806E-4 2.66112E-4 8.50074E-4 2.83296E-4 3.97694E-4 8.505E-4 6.75761E-4 2.39381E-4 8.34537E-4 9.08859E-4 3.02035E-4 9.22475E-4 8.51359E-4 2.7518E-4 8.48445E-4 8.5899E-4 6.74348E-4 8.72253E-4 2.83208E-4 3.22588E-4 8.16024E-4 2.72743E-4 4.70062E-4 2.76029E-4 4.24955E-4 8.60088E-4 9.0803E-5 2.40979E-4 3.81205E-4 2.93025E-4 2.91534E-4 4.31927E-4 8.75702E-4 2.7192E-4 3.87736E-4 8.68705E-4 1.31044E-4 2.93924E-4 2.72289E-4 3.26442E-4 3.834E-4 2.76412E-4 9.09358E-4 3.00347E-4 4.0571E-4 8.85223E-4 7.20423E-4 2.49551E-4 8.28603E-4 8.61652E-4 2.98215E-4 9.07672E-4 8.65648E-4 2.83843E-4 8.79159E-4 8.31956E-4 6.56829E-4 8.8302E-4 2.84675E-4 3.31175E-4 8.38136E-4 2.7906E-4 8.92918E-4 2.75778E-4 4.07164E-4 8.66663E-4 7.27223E-4 2.42818E-4 8.57867E-4 8.92741E-4 3.03017E-4 9.13992E-4 8.85751E-4 2.89676E-4 9.17065E-4 8.9499E-4 6.43945E-4 8.97917E-4 2.75722E-4 3.20417E-4 8.57383E-4 2.77092E-4 8.85326E-4 2.88067E-4 4.08799E-4 8.80349E-4 7.37356E-4 2.58664E-4 8.32176E-4 0.001462825 3.2315E-4 8.69361E-4 8.91614E-4 2.80812E-4 8.69162E-4 8.60037E-4 6.65221E-4 8.7876E-4 2.75235E-4 3.07755E-4 8.45179E-4 2.7926E-4 8.87591E-4 2.73177E-4 3.85395E-4 7.95578E-4 7.1033E-4 2.54938E-4 8.12578E-4 9.02938E-4 3.02217E-4 9.29188E-4 9.00187E-4 2.73927E-4 8.63008E-4 9.01516E-4 6.82395E-4 8.99442E-4 2.90668E-4 3.16206E-4 8.39277E-4 2.75936E-4 8.8008E-4 2.87569E-4 4.10331E-4 8.41346E-4 7.29545E-4 2.51129E-4 8.55513E-4 8.96616E-4 3.04933E-4 9.22388E-4 8.68262E-4 2.85537E-4 0.001218266 9.05047E-4 6.68366E-4 8.6725E-4 2.63905E-4 3.00618E-4 8.11633E-4 2.61954E-4 8.2365E-4 3.17917E-4 3.84621E-4 8.18482E-4 6.97554E-4 2.95066E-4 7.98635E-4 9.1055E-4 3.02209E-4 8.94677E-4 8.51491E-4 2.66784E-4 8.99428E-4 8.42434E-4 6.70287E-4 8.81392E-4 2.72435E-4 3.04892E-4 8.35776E-4 3.01367E-4 8.27823E-4 3.16253E-4 3.96152E-4 8.58608E-4 7.10346E-4 2.60241E-4 1.25196E-4 9.08466E-4 2.59971E-4 9.6301E-4 8.78436E-4 2.69279E-4 8.53977E-4 8.30612E-4 6.6223E-4 8.48207E-4 2.67841E-4 3.2325E-4 8.14719E-4 2.74381E-4 7.68587E-4 2.7496E-4 3.37296E-4 7.57413E-4 5.88062E-4 2.31239E-4 7.80246E-4 7.95846E-4 2.77129E-4 8.48828E-4 7.4619E-4 2.66082E-4 7.56219E-4 7.84286E-4 6.69183E-4 7.84696E-4 2.65637E-4 2.90965E-4 7.75314E-4 2.68933E-4 7.77907E-4 2.50849E-4 3.14091E-4 8.60244E-4 6.54494E-4 2.53602E-4 7.97416E-4 7.59704E-4 2.70726E-4 7.28115E-4 7.96183E-4 2.78498E-4 8.34649E-4 7.05099E-4 6.76636E-4 8.40925E-4 2.76181E-4 2.93639E-4 7.79633E-4 2.69051E-4 7.19584E-4 3.20433E-4 3.35702E-4 7.93614E-4 6.36495E-4 2.24512E-4 7.91022E-4 8.35014E-4 3.2962E-4 7.48802E-4 7.9275E-4 2.77246E-4 7.71368E-4 7.76784E-4 6.65169E-4 8.06031E-4 2.68859E-4 3.03707E-4 7.9406E-4 2.83457E-4 6.93891E-4 2.58468E-4 3.44815E-4 7.83362E-4 6.35829E-4 2.2835E-4 7.75461E-4 7.9804E-4 2.74688E-4 7.41921E-4 7.68014E-4 2.62379E-4 6.98935E-4 8.15044E-4 6.9934E-4 8.14321E-4 2.62958E-4 3.2272E-4 7.68305E-4 2.705E-4 7.1691E-4 2.67177E-4 3.51913E-4 7.35213E-4 6.58743E-4 2.42191E-4 8.31121E-4 8.34314E-4 2.71228E-4 8.03749E-4 7.91017E-4 2.70904E-4 7.48837E-4 7.73444E-4 6.80538E-4 7.47373E-4 2.71665E-4 2.83372E-4 7.6357E-4 2.6798E-4 7.72611E-4 2.46555E-4 4.41155E-4 7.95487E-4 6.48371E-4 2.42192E-4 7.831E-4 7.52051E-4 2.94187E-4 7.07724E-4 7.73122E-4 2.76869E-4 7.85876E-4 7.16154E-4 6.63045E-4 7.43789E-4 2.73039E-4 2.83271E-4 7.63778E-4 2.75302E-4 7.28922E-4 2.58238E-4 3.46365E-4 7.30797E-4 5.61322E-4 2.17351E-4 7.75265E-4 8.20567E-4 2.7659E-4 7.94345E-4 7.6699E-4 2.78908E-4 8.10057E-4 7.78459E-4 6.56533E-4 8.01914E-4 2.713E-4 2.92595E-4 7.82461E-4 2.75758E-4 7.7294E-4 2.62558E-4 3.30517E-4 7.99468E-4 6.63104E-4 2.19741E-4 7.80429E-4 7.67821E-4 2.86637E-4 8.73426E-4 7.60465E-4 3.03948E-4 8.4604E-4 6.82933E-4 7.38974E-4 8.63905E-4 2.97447E-4 3.13283E-4 8.11392E-4 2.7367E-4 7.26742E-4 2.65594E-4 3.32559E-4 7.65375E-4 6.88225E-4 3.19501E-4 8.7804E-4 9.01369E-4 3.30407E-4 7.78266E-4 7.47577E-4 2.96771E-4 7.72065E-4 7.60877E-4 6.86011E-4 8.05599E-4 2.65148E-4 2.85186E-4 8.12954E-4 3.05596E-4 6.97113E-4 2.49479E-4 2.98302E-4 8.10517E-4 6.71471E-4 2.79919E-4 7.89472E-4 7.39899E-4 2.89939E-4 7.79945E-4 9.21859E-4 3.24161E-4 9.16767E-4 8.88605E-4 7.76926E-4 8.96315E-4 3.18562E-4 3.34816E-4 8.39085E-4 2.9203E-4 8.21913E-4 2.71965E-4 3.05756E-4 8.40657E-4 6.93181E-4 2.50192E-4 7.96023E-4 7.39403E-4 3.07756E-4 7.62308E-4 7.86732E-4 2.85412E-4 8.11555E-4 8.08368E-4 6.81591E-4 8.16879E-4 2.75357E-4 3.04877E-4 7.526E-4 2.73804E-4 7.93328E-4 2.94915E-4 3.32336E-4 8.16106E-4 6.60889E-4 2.47786E-4 7.60524E-4 8.32157E-4 2.57215E-4 7.13013E-4 7.68504E-4 2.66436E-4 7.82464E-4 7.35798E-4 6.79891E-4 8.51261E-4 3.25982E-4 3.38619E-4 7.71377E-4 2.76134E-4 8.09425E-4 2.87676E-4 3.39884E-4 8.38102E-4 5.9797E-4 2.43377E-4 8.18953E-4 7.86886E-4 2.93136E-4 7.9893E-4 7.25817E-4 2.81026E-4 7.4772E-4 6.68115E-4 7.0962E-4 8.3703E-4 2.71659E-4 2.88799E-4 7.80879E-4 2.68029E-4 7.54474E-4 3.89551E-4 3.7085E-4 7.45797E-4 6.97372E-4 3.15812E-4 8.38133E-4 8.45341E-4 3.37975E-4 7.34536E-4 9.53059E-4 2.68931E-4 7.7698E-4 7.39787E-4 7.33637E-4 9.06559E-4 3.01062E-4 3.01215E-4 7.61689E-4 2.98125E-4 8.25014E-4 2.66836E-4 3.6539E-4 7.75828E-4 5.94909E-4 2.53795E-4 8.15185E-4 7.88903E-4 3.05289E-4 7.31445E-4 7.55608E-4 2.7263E-4 8.36391E-4 7.12691E-4 6.85505E-4 8.47896E-4 2.774E-4 2.95952E-4 7.85195E-4 2.86895E-4 7.01114E-4 2.42502E-4 3.24875E-4 7.9449E-4 6.12891E-4 2.42524E-4 8.2166E-4 8.3011E-4 2.71481E-4 7.70894E-4 8.22445E-4 4.04213E-4 7.78108E-4 7.07232E-4 6.67029E-4 7.81434E-4 2.69459E-4 2.92956E-4 7.81854E-4 2.69888E-4 7.76135E-4 2.56509E-4 3.5122E-4 8.05918E-4 6.33661E-4 2.29344E-4 7.53076E-4 7.42018E-4 2.56661E-4 7.62083E-4 7.82026E-4 2.70539E-4 7.91621E-4 8.07819E-4 6.67574E-4 7.51602E-4 2.69395E-4 2.87408E-4 7.64276E-4 2.7017E-4 7.76631E-4 2.64544E-4 2.9329E-4 8.00144E-4 5.71289E-4 2.40069E-4 7.80855E-4 7.12464E-4 2.79417E-4 7.5702E-4 7.54311E-4 2.62593E-4 7.44071E-4 7.43095E-4 0.002207163 7.48035E-4 2.79826E-4 3.02441E-4 7.87236E-4 3.25305E-4 1.0198E-4 2.4628E-4 3.35623E-4 8.40689E-4 6.17484E-4 2.35156E-4 8.25913E-4 8.31056E-4 2.58302E-4 7.05039E-4 9.6222E-5 2.76205E-4 7.26226E-4 7.65857E-4 7.05629E-4 7.97718E-4 2.87854E-4 2.66225E-4 7.57138E-4 2.68541E-4 7.90738E-4 2.95967E-4 3.54271E-4 8.50136E-4 7.37303E-4 2.55724E-4 8.58355E-4 7.57043E-4 2.89808E-4 7.84796E-4 7.88128E-4 2.83887E-4 7.77176E-4 7.84656E-4 7.17438E-4 7.21752E-4 3.10418E-4 2.9267E-4 7.55767E-4 2.70912E-4 7.72255E-4 2.68111E-4 3.75931E-4 8.19281E-4 5.94177E-4 2.45434E-4 7.74841E-4 8.10669E-4 2.91738E-4 7.9844E-4 7.72499E-4 5.61047E-4 7.88856E-4 7.26463E-4 7.04793E-4 8.41535E-4 2.86757E-4 3.09688E-4 7.74444E-4 2.87067E-4 8.27955E-4 2.83955E-4 3.64986E-4 8.36706E-4 6.301E-4 2.49404E-4 7.90184E-4 7.818E-4 3.03519E-4 7.40609E-4 7.72377E-4 2.88301E-4 8.17102E-4 7.00406E-4 6.75143E-4 7.57865E-4 2.80413E-4 3.04376E-4 8.01858E-4 2.85554E-4 7.80695E-4 2.74422E-4 3.59112E-4 8.5168E-4 6.36105E-4 2.47841E-4 7.81305E-4 6.81955E-4 2.90125E-4 7.56452E-4 7.86672E-4 2.92796E-4 7.33751E-4 7.68748E-4 6.94234E-4 8.29763E-4 2.91684E-4 3.00936E-4 7.98487E-4 2.96558E-4 6.70499E-4 2.68336E-4 3.53872E-4 7.49209E-4 5.79701E-4 2.48164E-4 6.92133E-4 6.91524E-4 3.01756E-4 7.00442E-4 6.64705E-4 2.8213E-4 6.47773E-4 6.68975E-4 6.06074E-4 6.89358E-4 2.67592E-4 2.98026E-4 8.36875E-4 2.85959E-4 7.1344E-4 2.86767E-4 3.5725E-4 7.80067E-4 6.02087E-4 2.45811E-4 6.87523E-4 6.28882E-4 2.87961E-4 7.10972E-4 6.83688E-4 2.75846E-4 6.18598E-4 6.36576E-4 6.01304E-4 7.09482E-4 2.82769E-4 2.97083E-4 6.821E-4 2.8199E-4 7.6699E-4 2.47745E-4 3.7227E-4 7.06069E-4 6.07614E-4 2.19448E-4 6.93684E-4 7.18401E-4 2.80157E-4 7.07365E-4 7.87345E-4 2.75012E-4 6.87916E-4 6.67277E-4 6.01184E-4 7.00274E-4 2.79103E-4 2.97541E-4 6.86451E-4 2.7889E-4 7.24246E-4 2.64317E-4 3.77041E-4 7.06249E-4 6.22049E-4 2.46406E-4 7.58284E-4 7.24395E-4 2.84331E-4 7.09256E-4 7.45962E-4 3.03538E-4 6.77928E-4 7.0226E-4 5.94501E-4 6.89082E-4 2.68988E-4 2.86403E-4 6.74496E-4 2.84089E-4 7.40584E-4 2.64989E-4 3.17322E-4 7.44769E-4 5.55277E-4 3.7354E-4 8.41874E-4 7.70549E-4 2.9951E-4 0.001733525 0.001043303 3.69792E-4 9.79033E-4 9.09016E-4 0.001238496 8.52647E-4 4.37518E-4 5.66283E-4 8.57774E-4 3.37116E-4 8.25907E-4 2.90056E-4 1.41073E-4 7.80404E-4 5.99092E-4 2.6376E-4 6.99829E-4 7.07052E-4 1.70336E-4 6.9197E-4 7.12511E-4 2.92906E-4 7.10069E-4 6.92358E-4 6.03118E-4 7.05357E-4 2.80022E-4 2.97492E-4 6.82532E-4 2.81296E-4 6.18243E-4 2.47301E-4 3.63659E-4 7.65842E-4 5.58587E-4 2.38253E-4 7.28869E-4 7.00298E-4 3.15432E-4 6.9091E-4 6.68504E-4 2.82965E-4 5.91283E-4 6.79108E-4 5.67635E-4 7.02581E-4 2.72038E-4 2.91021E-4 6.84261E-4 2.77572E-4 7.04078E-4 3.38537E-4 3.84111E-4 8.59473E-4 6.16588E-4 2.68867E-4 7.23629E-4 7.10873E-4 2.81077E-4 7.22796E-4 7.50404E-4 1.33082E-4 6.94151E-4 6.00736E-4 7.51928E-4 6.64396E-4 2.94094E-4 3.31675E-4 7.02082E-4 1.27189E-4 6.06057E-4 1.33305E-4 3.60195E-4 7.38596E-4 5.34173E-4 2.40817E-4 6.8497E-4 6.21727E-4 2.61424E-4 6.04387E-4 7.3492E-4 2.74999E-4 6.79974E-4 6.07861E-4 5.97935E-4 7.6353E-4 2.97542E-4 3.15305E-4 7.65053E-4 2.84173E-4 7.40591E-4 2.54165E-4 4.12098E-4 7.32999E-4 5.54842E-4 2.37944E-4 7.18365E-4 7.22079E-4 2.82322E-4 7.46971E-4 6.79596E-4 3.17126E-4 6.68209E-4 6.1119E-4 5.88081E-4 6.6214E-4 2.77982E-4 2.91989E-4 6.74416E-4 2.71679E-4 7.52411E-4 2.694E-4 3.37057E-4 6.8077E-4 5.55571E-4 2.58854E-4 7.53169E-4 6.83234E-4 2.75322E-4 6.92176E-4 8.01735E-4 2.80817E-4 7.03349E-4 6.15862E-4 6.38184E-4 7.02814E-4 2.75839E-4 3.05331E-4 6.95901E-4 2.75682E-4 6.94142E-4 2.57966E-4 3.68849E-4 8.26765E-4 4.92703E-4 2.67798E-4 7.79891E-4 6.83116E-4 2.80382E-4 7.42387E-4 7.64852E-4 2.89867E-4 7.11809E-4 6.76517E-4 6.62754E-4 6.81122E-4 2.8895E-4 2.97636E-4 6.87063E-4 2.87707E-4 6.39832E-4 2.75528E-4 3.59359E-4 6.45457E-4 5.84905E-4 2.29815E-4 6.88594E-4 6.23286E-4 2.78136E-4 6.9682E-4 7.22569E-4 2.87514E-4 6.28588E-4 6.84497E-4 5.74475E-4 7.08385E-4 2.78935E-4 3.47865E-4 7.33983E-4 3.55943E-4 7.32459E-4 2.7464E-4 3.52452E-4 6.60169E-4 5.56199E-4 2.49166E-4 6.81873E-4 6.68676E-4 2.90804E-4 7.228E-4 7.05828E-4 2.82344E-4 7.13149E-4 6.55693E-4 5.99488E-4 6.89723E-4 2.77609E-4 2.96743E-4 7.09808E-4 3.06531E-4 7.09133E-4 2.73843E-4 3.50573E-4 7.01726E-4 5.43269E-4 2.49895E-4 6.77266E-4 6.92241E-4 2.79391E-4 6.77685E-4 7.62113E-4 2.92904E-4 6.73165E-4 6.51216E-4 5.97057E-4 6.82796E-4 2.77807E-4 2.96307E-4 7.37199E-4 2.86053E-4 6.38638E-4 2.67362E-4 3.8096E-4 7.31374E-4 5.68487E-4 2.30484E-4 6.96429E-4 7.15363E-4 2.68855E-4 6.86507E-4 7.62615E-4 2.80407E-4 7.67083E-4 6.89177E-4 6.15509E-4 7.14932E-4 2.83294E-4 3.02441E-4 6.8512E-4 2.82352E-4 7.71115E-4 2.78346E-4 3.60579E-4 6.37335E-4 4.87358E-4 2.44552E-4 6.81488E-4 7.05035E-4 2.64209E-4 6.85395E-4 7.59409E-4 2.86446E-4 9.99732E-4 6.95032E-4 6.16427E-4 6.96789E-4 2.72493E-4 2.95895E-4 6.87552E-4 2.76358E-4 7.16448E-4 2.71492E-4 3.68759E-4 7.25636E-4 5.72416E-4 2.3958E-4 7.37866E-4 7.45838E-4 2.81047E-4 6.92416E-4 7.5351E-4 2.83186E-4 6.71753E-4 6.12068E-4 6.09257E-4 7.31448E-4 2.81707E-4 3.09362E-4 7.20595E-4 2.72779E-4 7.05438E-4 2.78975E-4 3.6191E-4 6.89946E-4 5.92365E-4 2.50975E-4 7.23596E-4 6.26877E-4 2.82054E-4 6.80186E-4 7.50575E-4 2.85992E-4 6.55124E-4 6.49026E-4 6.09835E-4 6.29524E-4 2.86203E-4 3.07626E-4 7.25072E-4 2.79185E-4 7.16564E-4 2.86573E-4 3.69094E-4 6.28202E-4 5.19615E-4 2.46293E-4 7.83561E-4 7.60993E-4 3.05552E-4 7.80378E-4 8.86793E-4 3.05194E-4 7.4459E-4 7.93728E-4 6.97805E-4 7.46555E-4 3.05231E-4 3.25907E-4 7.78173E-4 2.88824E-4 8.18737E-4 2.72735E-4 3.74833E-4 6.58545E-4 5.8047E-4 1.86334E-4 7.15891E-4 8.74215E-4 3.27893E-4 7.87806E-4 7.57257E-4 3.16301E-4 7.46414E-4 7.28814E-4 5.8556E-4 6.90995E-4 1.73712E-4 2.93923E-4 7.03721E-4 2.76214E-4 

Timer for Syntactic Relevance:: 7.60249455
Timer for solver: 1.431695752
		UBUNTU.SPLX	UBUNTU_C250_0.TESTCASES
			Diag: [mandatory(Appearance, Behavoir), mandatory(Look, LauncherIconSize), requires(UniversalAccess1, UniversalAccess), ((~Displays \/ Displays1) \/ Displays2), requires(Displays1, Displays), ((~Speed \/ Speed1) \/ Speed2), (((~AcceptanceDelay \/ AcceptanceDelay1) \/ AcceptanceDelay2) \/ AcceptanceDelay3), ((~Normal \/ Normal1) \/ Normal2), (((~Typing \/ Typing1) \/ Typing2) \/ Typing3), ((~UniversalAccess \/ UniversalAccess1) \/ UniversalAccess2), ((((~Fast \/ Fast1) \/ Fast2) \/ Fast3) \/ Fast4)]
			Diag size: 11
The size of Consistency checks: 3078180
The number of Choco Solver calls: 5550
The number of different: 3
The number of INconsistent: 84
The number of union: 211
The number of post constraints: 3078180
The number of consistent: 5466
The number of unpost constraints: 3078180
The number of Consistency checks: 106

Timer for Syntactic Relevance:[thread=1]: 15.912403529
15.912403529 
Timer for solver[thread=1]: 3.127933281
8.18453E-4 3.70433E-4 4.82123E-4 1.34273E-4 5.41107E-4 1.73115E-4 4.19429E-4 6.56384E-4 7.26774E-4 5.35566E-4 1.7959E-4 4.46794E-4 4.72386E-4 1.42909E-4 5.57831E-4 6.96823E-4 4.16824E-4 7.68041E-4 5.23367E-4 4.04709E-4 5.64332E-4 0.001033871 1.12129E-4 4.92985E-4 5.42915E-4 1.47066E-4 9.9595E-5 1.94535E-4 1.38397E-4 9.9574E-5 6.71866E-4 8.67829E-4 7.36978E-4 6.88797E-4 3.79488E-4 8.08728E-4 6.75797E-4 7.06168E-4 9.75699E-4 7.96163E-4 6.40487E-4 6.5616E-4 6.65407E-4 0.001097489 9.14174E-4 6.97779E-4 7.34812E-4 8.35421E-4 0.001027887 4.82924E-4 9.6642E-5 1.40809E-4 1.13071E-4 1.02907E-4 1.24585E-4 1.69082E-4 1.38072E-4 1.31798E-4 1.00679E-4 1.23084E-4 2.85765E-4 5.70689E-4 5.80733E-4 5.50675E-4 6.78071E-4 5.93701E-4 5.99924E-4 2.89E-4 5.78455E-4 3.5181E-4 3.54946E-4 6.98369E-4 7.64094E-4 6.01825E-4 6.40317E-4 5.20016E-4 6.3168E-4 6.87331E-4 5.69274E-4 7.21944E-4 3.05844E-4 6.69832E-4 8.08686E-4 6.9077E-4 6.80986E-4 7.64966E-4 7.06438E-4 7.25482E-4 9.06578E-4 3.75436E-4 7.35338E-4 6.90542E-4 7.81016E-4 6.54795E-4 6.67083E-4 8.05216E-4 9.9777E-4 6.00936E-4 8.77509E-4 8.2915E-4 1.16504E-4 9.3819E-5 8.3526E-5 1.38534E-4 8.8129E-5 6.847E-5 1.33689E-4 9.7016E-5 1.30863E-4 1.1619E-4 1.18954E-4 1.33534E-4 9.4331E-5 1.50775E-4 1.21902E-4 9.8668E-5 6.2819E-5 9.7332E-5 8.1789E-5 7.8962E-5 9.0407E-5 7.5277E-5 1.13284E-4 1.31172E-4 1.04949E-4 1.34957E-4 1.03875E-4 1.36762E-4 1.26242E-4 1.02264E-4 0.001683741 0.001863931 0.001115515 9.26399E-4 0.002283269 9.46822E-4 0.002570483 0.002314518 8.44517E-4 0.001297205 0.001874712 6.80458E-4 5.33935E-4 3.65816E-4 6.35873E-4 3.28957E-4 6.3535E-4 2.08903E-4 5.82113E-4 4.0675E-4 5.75387E-4 4.59024E-4 3.2247E-4 5.103E-4 5.7814E-4 5.86865E-4 5.47328E-4 4.00589E-4 6.32255E-4 6.02604E-4 3.29651E-4 5.39413E-4 4.49207E-4 3.37882E-4 3.70573E-4 2.78292E-4 2.9512E-4 3.4249E-4 4.14696E-4 6.38863E-4 4.36347E-4 2.74775E-4 6.58507E-4 4.73331E-4 3.46648E-4 3.87914E-4 3.63513E-4 4.69767E-4 3.68676E-4 3.0629E-4 4.62405E-4 3.35771E-4 2.42878E-4 2.99732E-4 3.22599E-4 2.40097E-4 3.69761E-4 3.62558E-4 3.59756E-4 5.7609E-4 3.64776E-4 4.04643E-4 4.56861E-4 1.95855E-4 4.66776E-4 5.19269E-4 6.28036E-4 5.80091E-4 5.58464E-4 4.36811E-4 3.24652E-4 4.77243E-4 4.91282E-4 5.69917E-4 5.6688E-4 4.18779E-4 6.46889E-4 7.54262E-4 3.88746E-4 4.93121E-4 3.98916E-4 6.4694E-4 4.96638E-4 2.56831E-4 3.50133E-4 2.82452E-4 7.04683E-4 2.85517E-4 3.9881E-4 7.19711E-4 4.0193E-4 3.67004E-4 3.45334E-4 3.8972E-4 3.80526E-4 4.17584E-4 3.74851E-4 6.74015E-4 3.41789E-4 4.5698E-4 5.15548E-4 6.29328E-4 3.74702E-4 3.76625E-4 3.79142E-4 3.70426E-4 3.02861E-4 3.03929E-4 3.091E-4 2.85479E-4 3.72188E-4 7.00297E-4 2.01922E-4 3.30372E-4 1.84934E-4 3.56967E-4 3.71832E-4 4.0593E-4 3.05062E-4 6.76147E-4 4.89899E-4 4.33022E-4 4.81256E-4 4.36314E-4 4.68797E-4 4.57268E-4 4.8328E-4 4.61916E-4 4.8123E-4 4.7836E-4 4.74168E-4 4.61888E-4 5.20768E-4 8.78207E-4 8.69294E-4 8.30143E-4 7.76162E-4 4.9178E-4 5.4434E-4 5.29212E-4 5.19561E-4 5.7577E-4 5.64337E-4 5.06524E-4 8.20093E-4 7.28417E-4 5.56229E-4 7.85628E-4 8.09832E-4 7.42331E-4 5.64864E-4 5.35683E-4 7.73994E-4 5.70859E-4 5.46299E-4 5.18757E-4 5.38128E-4 5.07243E-4 5.00726E-4 7.3191E-4 5.5669E-4 8.40738E-4 5.54287E-4 5.07534E-4 7.94178E-4 7.36767E-4 5.12896E-4 5.41738E-4 5.44799E-4 4.81605E-4 5.64245E-4 5.29888E-4 7.9364E-4 7.45296E-4 5.72653E-4 7.48773E-4 7.70364E-4 5.67222E-4 7.78368E-4 7.70232E-4 5.37268E-4 5.29317E-4 7.90919E-4 5.3326E-4 5.08334E-4 5.25511E-4 6.17557E-4 7.63584E-4 5.61495E-4 5.54272E-4 8.09163E-4 7.11764E-4 5.41588E-4 8.0877E-4 7.89504E-4 7.71175E-4 7.63555E-4 5.70966E-4 7.72624E-4 6.94624E-4 5.77161E-4 8.3016E-4 7.78236E-4 7.63825E-4 7.76091E-4 7.9009E-4 5.51892E-4 7.74133E-4 4.99898E-4 5.08673E-4 7.32691E-4 5.49141E-4 5.29753E-4 7.2838E-4 5.29021E-4 7.59691E-4 7.65393E-4 7.55965E-4 7.48464E-4 5.0492E-4 5.01223E-4 5.05781E-4 4.85426E-4 4.53788E-4 7.55796E-4 5.11901E-4 7.59031E-4 5.02329E-4 4.5682E-4 5.15666E-4 5.13131E-4 9.08861E-4 7.70305E-4 4.77554E-4 7.30011E-4 5.71958E-4 7.85562E-4 5.42234E-4 7.28895E-4 5.1796E-4 8.27706E-4 4.88372E-4 5.40322E-4 5.28287E-4 7.17228E-4 7.53865E-4 8.35729E-4 5.40388E-4 5.34882E-4 7.80809E-4 4.77878E-4 5.26627E-4 5.12028E-4 4.93995E-4 7.21675E-4 7.93693E-4 7.98599E-4 5.62521E-4 4.99691E-4 8.00097E-4 7.57154E-4 8.26468E-4 5.32537E-4 8.05369E-4 5.48635E-4 4.89894E-4 7.4811E-4 7.09423E-4 5.48083E-4 8.15584E-4 7.41696E-4 8.088E-4 8.28821E-4 7.23849E-4 5.56868E-4 5.15922E-4 7.8337E-4 7.80001E-4 4.98972E-4 4.76758E-4 5.47042E-4 5.26368E-4 7.46403E-4 7.33684E-4 5.64333E-4 5.24251E-4 5.50659E-4 7.98854E-4 5.45274E-4 5.14849E-4 5.08418E-4 5.2729E-4 5.10816E-4 5.26372E-4 8.25926E-4 8.20546E-4 8.21792E-4 5.83523E-4 7.80543E-4 5.97831E-4 5.36975E-4 8.18255E-4 5.36114E-4 5.3453E-4 7.48081E-4 8.05658E-4 5.96214E-4 8.3903E-4 4.96708E-4 5.18992E-4 4.82107E-4 5.55211E-4 8.1142E-4 5.3035E-4 4.65179E-4 8.02109E-4 5.44657E-4 8.12435E-4 8.08667E-4 8.59681E-4 8.04622E-4 7.59992E-4 8.75878E-4 8.16535E-4 5.53929E-4 6.04787E-4 8.18888E-4 8.62128E-4 8.47583E-4 8.29819E-4 8.67685E-4 6.73909E-4 6.68138E-4 8.91991E-4 8.80223E-4 6.61505E-4 5.69687E-4 7.9631E-4 8.43767E-4 8.4747E-4 5.82578E-4 6.11378E-4 5.41823E-4 6.12233E-4 8.75486E-4 6.20903E-4 8.29744E-4 5.87227E-4 7.57707E-4 6.65443E-4 7.66565E-4 6.63532E-4 9.03195E-4 6.22404E-4 8.75701E-4 6.11513E-4 9.10827E-4 6.17576E-4 8.76318E-4 8.48401E-4 8.58982E-4 8.8183E-4 8.61374E-4 8.53967E-4 8.73708E-4 5.61134E-4 8.69257E-4 5.7773E-4 8.51108E-4 5.95701E-4 6.26257E-4 5.41325E-4 5.22782E-4 6.1778E-4 5.96194E-4 7.65716E-4 8.15118E-4 5.7364E-4 6.0169E-4 9.34686E-4 8.61257E-4 8.81536E-4 8.07266E-4 7.66136E-4 7.65569E-4 5.74608E-4 6.17744E-4 5.65434E-4 5.6316E-4 9.01395E-4 8.53351E-4 7.03366E-4 5.40393E-4 8.81064E-4 8.3455E-4 7.48269E-4 5.84292E-4 8.36215E-4 5.81731E-4 5.97806E-4 5.45337E-4 5.29212E-4 5.81788E-4 8.07182E-4 6.0772E-4 5.81797E-4 7.78729E-4 6.31887E-4 5.76963E-4 5.61344E-4 8.10917E-4 5.96265E-4 7.9801E-4 5.83932E-4 5.59375E-4 7.53349E-4 7.8777E-4 6.20718E-4 5.51018E-4 5.76608E-4 5.2612E-4 8.12545E-4 5.57356E-4 8.41042E-4 6.16331E-4 5.5102E-4 5.71825E-4 5.98126E-4 5.54963E-4 5.49844E-4 8.02247E-4 5.3775E-4 5.71395E-4 7.48652E-4 5.90368E-4 7.75724E-4 6.31894E-4 7.2724E-4 7.53231E-4 5.96464E-4 7.75918E-4 5.89433E-4 7.90884E-4 6.147E-4 5.60103E-4 9.03088E-4 7.87309E-4 8.15015E-4 7.92406E-4 5.71505E-4 5.14029E-4 5.69321E-4 7.96271E-4 8.85157E-4 6.43522E-4 6.0355E-4 9.65445E-4 9.6427E-4 7.34587E-4 0.00100526 0.001258074 0.001092328 8.4035E-4 0.001109817 7.74878E-4 8.3984E-4 7.58722E-4 7.22217E-4 7.79306E-4 0.001128522 0.001053154 0.001103902 8.62104E-4 0.001119423 9.40289E-4 8.42288E-4 0.001198068 8.75573E-4 0.0011035 0.001081407 0.00111115 7.45938E-4 7.00506E-4 7.53763E-4 0.001032596 0.001061151 7.52259E-4 6.86451E-4 6.84465E-4 6.84661E-4 6.10416E-4 7.40387E-4 9.33215E-4 9.11154E-4 0.001053414 0.001016676 8.69018E-4 6.01635E-4 8.42967E-4 7.85767E-4 5.86667E-4 6.06322E-4 5.5985E-4 5.92281E-4 5.86482E-4 6.09204E-4 6.0021E-4 8.34986E-4 8.81724E-4 7.73598E-4 7.6192E-4 6.54268E-4 8.15263E-4 5.81055E-4 5.61229E-4 5.9692E-4 5.83053E-4 8.08521E-4 6.21643E-4 5.333E-4 6.10668E-4 6.0197E-4 5.26926E-4 5.54767E-4 5.42145E-4 5.37953E-4 8.10793E-4 8.60876E-4 7.56251E-4 8.61413E-4 5.62209E-4 8.35884E-4 8.46117E-4 7.98455E-4 6.45287E-4 8.61821E-4 8.12113E-4 8.55671E-4 5.89235E-4 5.91437E-4 6.20872E-4 5.64966E-4 5.18959E-4 8.50984E-4 5.67881E-4 8.35368E-4 6.17491E-4 5.88694E-4 5.5314E-4 5.76588E-4 5.27259E-4 5.70283E-4 8.33248E-4 5.50288E-4 5.87767E-4 7.48797E-4 7.50073E-4 8.42745E-4 8.25857E-4 6.40866E-4 7.53515E-4 8.62521E-4 7.44759E-4 7.33453E-4 7.8701E-4 5.31024E-4 7.4392E-4 8.15919E-4 5.78097E-4 7.43823E-4 8.28381E-4 7.8852E-4 5.59172E-4 5.20056E-4 5.65987E-4 5.26753E-4 8.20009E-4 7.79242E-4 7.46798E-4 5.78405E-4 7.73892E-4 8.21045E-4 5.37222E-4 7.99631E-4 5.87595E-4 5.653E-4 7.53292E-4 5.73968E-4 7.79363E-4 8.06228E-4 5.81201E-4 8.1506E-4 7.22592E-4 5.32305E-4 8.2649E-4 6.15432E-4 5.24802E-4 5.21533E-4 5.81913E-4 5.49441E-4 7.89314E-4 8.33029E-4 7.95206E-4 7.53269E-4 8.05728E-4 7.69239E-4 7.48882E-4 6.28079E-4 5.07182E-4 5.20541E-4 7.22993E-4 5.54861E-4 5.99496E-4 7.82155E-4 0.001163342 0.001075486 7.91309E-4 7.63419E-4 7.915E-4 7.8024E-4 7.92023E-4 0.001129216 0.00103722 0.001037427 8.74937E-4 0.001216039 0.001029724 9.82463E-4 0.001016706 8.35877E-4 9.96964E-4 7.51944E-4 6.65347E-4 6.94743E-4 7.08702E-4 0.001019297 7.48886E-4 5.75135E-4 6.71484E-4 6.42241E-4 6.03782E-4 5.70728E-4 0.001034702 9.23992E-4 6.05075E-4 6.16718E-4 5.67952E-4 5.60202E-4 5.96424E-4 0.001014978 6.04734E-4 5.49258E-4 5.56383E-4 6.16716E-4 6.09304E-4 9.64945E-4 9.32384E-4 9.39873E-4 9.07729E-4 6.03918E-4 5.72245E-4 6.09237E-4 5.68159E-4 9.70165E-4 9.50225E-4 6.03328E-4 9.60251E-4 5.81233E-4 5.22994E-4 6.30533E-4 9.90104E-4 6.22607E-4 9.44696E-4 5.78941E-4 5.87797E-4 5.6032E-4 9.99519E-4 5.88516E-4 6.01931E-4 9.50771E-4 9.62464E-4 6.43939E-4 9.52768E-4 6.18079E-4 9.12351E-4 6.13796E-4 5.60152E-4 5.84858E-4 9.82611E-4 6.16366E-4 6.08975E-4 9.52237E-4 6.22794E-4 0.001001817 6.09775E-4 0.001050901 5.72565E-4 5.42383E-4 5.60428E-4 9.25711E-4 9.04166E-4 6.01266E-4 9.62903E-4 6.47308E-4 0.001005305 9.11993E-4 9.58241E-4 9.41994E-4 5.9338E-4 9.66352E-4 8.95366E-4 0.001006019 9.73546E-4 5.76381E-4 5.70775E-4 9.41362E-4 5.80558E-4 5.85089E-4 8.91746E-4 9.11014E-4 9.5599E-4 9.27013E-4 8.97471E-4 6.02562E-4 6.11638E-4 5.57154E-4 6.14232E-4 9.61937E-4 9.50824E-4 5.92678E-4 5.72398E-4 9.50728E-4 9.66018E-4 5.91584E-4 9.22008E-4 0.001004492 5.85001E-4 9.74217E-4 9.57486E-4 0.001006097 6.26589E-4 6.03078E-4 9.3775E-4 5.92288E-4 5.86985E-4 6.06793E-4 9.90237E-4 6.25158E-4 9.36296E-4 9.12549E-4 5.66949E-4 0.001005142 5.96122E-4 5.52412E-4 9.5988E-4 8.91818E-4 9.50313E-4 9.48409E-4 5.31997E-4 9.2297E-4 5.88199E-4 5.31184E-4 9.35389E-4 6.07621E-4 5.59885E-4 6.05021E-4 9.32168E-4 5.9066E-4 9.65359E-4 5.88249E-4 9.53154E-4 9.2305E-4 9.03808E-4 5.93134E-4 9.2429E-4 9.20444E-4 6.10722E-4 9.76022E-4 8.75052E-4 8.95564E-4 9.28989E-4 9.44247E-4 9.02502E-4 9.34058E-4 6.24005E-4 5.98413E-4 9.29584E-4 5.98584E-4 9.87595E-4 9.45428E-4 5.63017E-4 9.79121E-4 5.7865E-4 9.46121E-4 9.36227E-4 9.15588E-4 8.66728E-4 5.92509E-4 5.38386E-4 5.96938E-4 5.48828E-4 5.36007E-4 8.75881E-4 9.22671E-4 5.69804E-4 5.48883E-4 9.45151E-4 6.22884E-4 9.01983E-4 5.92835E-4 9.16042E-4 9.17788E-4 5.99772E-4 5.67263E-4 9.61466E-4 9.34024E-4 8.5799E-4 9.49082E-4 8.57284E-4 9.17268E-4 5.84605E-4 5.53898E-4 9.29951E-4 5.99658E-4 9.36966E-4 5.84034E-4 5.63298E-4 9.24098E-4 5.4418E-4 5.33982E-4 9.47456E-4 9.15047E-4 5.91251E-4 8.95264E-4 6.07595E-4 5.27321E-4 9.81308E-4 5.9748E-4 9.33199E-4 5.83443E-4 9.57419E-4 5.70341E-4 9.26635E-4 5.52199E-4 5.71434E-4 5.82811E-4 9.876E-4 6.78896E-4 5.82361E-4 9.45726E-4 6.62481E-4 0.001082882 0.001159117 0.001088879 7.22295E-4 0.001122984 0.001257451 0.001192405 0.001075664 0.001117485 7.3698E-4 0.001141576 7.41697E-4 0.001099629 0.001093543 0.001084225 6.82319E-4 6.98184E-4 0.001089424 6.82525E-4 6.75432E-4 0.001066726 9.5415E-4 6.0671E-4 9.53137E-4 8.90599E-4 6.51191E-4 9.24831E-4 9.72165E-4 6.24635E-4 0.001007051 6.54239E-4 5.75138E-4 0.001003558 8.93403E-4 9.3688E-4 6.28192E-4 9.59079E-4 6.23837E-4 9.8606E-4 9.31796E-4 9.08034E-4 9.31762E-4 6.22783E-4 5.77852E-4 5.98766E-4 9.91781E-4 5.95207E-4 5.99822E-4 9.65221E-4 9.9753E-4 9.89647E-4 9.22829E-4 9.57477E-4 6.45487E-4 9.00733E-4 0.001060571 6.31311E-4 9.40724E-4 0.001024731 9.66666E-4 6.19774E-4 0.001036889 9.30073E-4 9.59655E-4 5.82216E-4 9.86255E-4 5.90779E-4 9.63499E-4 9.30427E-4 6.02527E-4 5.89649E-4 9.43277E-4 8.92537E-4 5.88892E-4 9.53285E-4 9.61995E-4 6.14484E-4 9.04979E-4 6.29986E-4 9.24828E-4 9.58678E-4 8.6553E-4 6.12738E-4 5.91152E-4 5.67941E-4 9.96265E-4 5.68881E-4 5.95063E-4 9.78256E-4 8.84504E-4 9.70942E-4 6.01094E-4 5.91894E-4 9.93712E-4 6.24656E-4 5.59968E-4 5.69612E-4 5.69543E-4 5.44311E-4 5.52628E-4 9.80651E-4 9.01941E-4 9.42376E-4 8.77635E-4 5.71078E-4 6.28423E-4 5.83998E-4 5.05853E-4 5.7878E-4 9.17195E-4 9.5825E-4 6.19127E-4 5.43376E-4 9.9481E-4 6.17961E-4 9.06355E-4 5.85284E-4 9.50524E-4 6.10412E-4 5.74448E-4 9.57021E-4 9.53907E-4 9.08115E-4 6.22296E-4 9.0478E-4 6.24078E-4 9.66383E-4 8.85775E-4 9.34845E-4 9.49559E-4 6.09386E-4 9.34182E-4 6.20525E-4 5.84017E-4 8.89689E-4 6.46185E-4 9.78835E-4 9.88586E-4 6.29228E-4 5.67875E-4 5.9719E-4 5.92338E-4 5.69114E-4 5.71694E-4 5.92909E-4 5.59229E-4 9.43725E-4 5.54145E-4 5.72868E-4 5.5243E-4 8.60074E-4 6.18365E-4 5.67851E-4 8.98135E-4 5.83548E-4 9.29048E-4 9.66826E-4 5.49399E-4 9.54908E-4 5.56334E-4 9.50434E-4 9.27152E-4 9.09671E-4 9.6293E-4 5.92603E-4 8.79001E-4 5.7948E-4 9.05138E-4 9.46436E-4 9.48179E-4 6.02199E-4 5.21649E-4 9.49136E-4 9.56711E-4 9.58179E-4 5.65417E-4 9.85652E-4 8.88579E-4 5.56317E-4 5.74846E-4 8.93654E-4 9.69391E-4 9.51529E-4 5.67178E-4 9.13917E-4 9.93343E-4 8.58856E-4 5.56917E-4 9.38535E-4 9.11546E-4 6.08871E-4 9.15427E-4 5.51156E-4 9.08126E-4 9.04494E-4 8.52304E-4 5.68438E-4 5.28719E-4 9.42519E-4 9.58789E-4 8.68801E-4 5.55753E-4 5.32047E-4 8.93985E-4 5.80928E-4 6.23493E-4 9.0432E-4 8.88217E-4 8.63485E-4 9.65043E-4 6.41342E-4 6.01498E-4 9.49473E-4 9.52397E-4 9.10288E-4 9.11995E-4 5.70027E-4 5.51119E-4 9.01076E-4 8.7907E-4 9.19513E-4 5.76685E-4 5.80516E-4 5.55466E-4 5.116E-4 9.05455E-4 9.05007E-4 5.72668E-4 9.26964E-4 8.81295E-4 5.79774E-4 9.69277E-4 8.59794E-4 8.0541E-4 9.05737E-4 9.18231E-4 5.27058E-4 5.6875E-4 9.01237E-4 5.50039E-4 5.61238E-4 9.00542E-4 9.95028E-4 9.15615E-4 6.12024E-4 5.46663E-4 9.54648E-4 5.78056E-4 5.53899E-4 8.87926E-4 9.33651E-4 5.71808E-4 8.73913E-4 5.74049E-4 5.5275E-4 0.001016634 6.06603E-4 6.22994E-4 9.54091E-4 9.55117E-4 8.71792E-4 8.68169E-4 8.48536E-4 5.8505E-4 9.432E-4 5.705E-4 9.19697E-4 6.08067E-4 8.46483E-4 7.41291E-4 0.00108665 8.9831E-4 8.86376E-4 8.64456E-4 5.1408E-4 6.08099E-4 8.81484E-4 9.27731E-4 9.44596E-4 8.51935E-4 9.30304E-4 9.65823E-4 6.25552E-4 5.10118E-4 5.0518E-4 9.07999E-4 8.83383E-4 8.80592E-4 9.61094E-4 5.8465E-4 9.3854E-4 9.08374E-4 5.55249E-4 9.69839E-4 0.001843391 5.54468E-4 0.001025845 5.56593E-4 8.92937E-4 8.61266E-4 8.63322E-4 5.94981E-4 8.17505E-4 8.1494E-4 5.86596E-4 9.52778E-4 5.46214E-4 0.001819563 0.001998382 8.50566E-4 6.55119E-4 7.07E-4 5.86905E-4 0.001132479 7.01538E-4 5.9702E-4 0.001024524 6.78325E-4 0.001001502 7.3819E-4 6.69645E-4 0.001159006 0.001177558 0.001137188 6.80043E-4 0.001278646 0.00118648 0.001169809 8.20404E-4 7.10342E-4 0.001126226 0.001162238 0.001078918 6.83933E-4 6.89299E-4 6.57976E-4 0.001076918 0.001139126 0.00117844 6.87779E-4 7.25135E-4 7.23603E-4 6.85292E-4 6.84666E-4 7.27627E-4 0.001047443 6.89514E-4 0.001089424 0.001178097 7.34972E-4 0.001267086 0.001150146 7.27824E-4 0.001004514 6.84862E-4 7.02606E-4 0.001022966 0.001100667 7.32886E-4 0.001100134 0.001087635 0.001177852 6.52911E-4 6.66934E-4 0.001092881 6.76627E-4 0.001093326 6.31826E-4 6.43265E-4 6.8345E-4 0.001150728 7.10632E-4 7.01522E-4 5.95627E-4 5.91689E-4 6.74455E-4 0.001254499 0.001192801 7.23834E-4 6.62514E-4 0.001120843 6.96041E-4 6.51459E-4 0.001108613 7.45528E-4 0.00116041 6.29257E-4 7.31456E-4 0.001143302 0.001008761 7.43398E-4 7.14519E-4 6.51567E-4 6.99798E-4 0.001145257 6.39318E-4 7.10889E-4 0.001114006 0.001113513 7.00807E-4 0.001102768 7.47674E-4 6.16813E-4 6.26025E-4 0.001007733 6.75469E-4 6.13823E-4 0.001146798 0.001083968 6.56899E-4 0.00111899 6.86416E-4 6.16589E-4 6.12933E-4 6.77609E-4 6.15765E-4 5.75125E-4 8.64027E-4 8.52114E-4 9.49453E-4 5.89877E-4 8.68842E-4 5.59712E-4 8.02035E-4 4.71753E-4 9.34999E-4 9.33636E-4 8.48641E-4 5.96678E-4 5.30821E-4 8.79652E-4 8.72296E-4 9.67856E-4 8.92905E-4 8.77302E-4 8.639E-4 5.21474E-4 9.80922E-4 5.72382E-4 7.85681E-4 8.95514E-4 9.13579E-4 5.79E-4 9.17071E-4 8.57623E-4 8.08554E-4 5.77019E-4 5.91195E-4 9.56105E-4 9.12309E-4 5.53906E-4 5.32228E-4 8.33122E-4 5.50684E-4 5.64058E-4 9.2394E-4 5.70012E-4 9.70858E-4 5.64963E-4 9.87767E-4 9.01328E-4 5.99632E-4 5.00421E-4 8.79731E-4 9.3428E-4 5.76115E-4 5.1582E-4 9.85295E-4 8.8489E-4 6.13457E-4 5.07953E-4 5.24931E-4 0.001055089 8.5242E-4 4.99623E-4 9.85159E-4 6.22402E-4 9.47672E-4 6.2514E-4 9.38957E-4 6.20707E-4 0.001141452 0.00105465 6.57988E-4 0.001027367 0.001081695 0.00104412 6.70111E-4 0.001205403 0.001052895 0.00118671 6.94737E-4 5.95621E-4 5.20441E-4 5.59719E-4 4.85414E-4 5.57118E-4 5.18697E-4 5.2484E-4 8.85961E-4 9.24628E-4 9.24798E-4 5.2415E-4 8.02624E-4 5.66675E-4 0.001098149 8.51781E-4 0.001266415 5.59535E-4 9.70562E-4 6.05904E-4 9.23443E-4 5.30535E-4 8.88553E-4 8.30361E-4 8.59038E-4 8.90115E-4 8.86035E-4 5.48608E-4 5.48209E-4 5.13562E-4 5.12663E-4 9.44072E-4 7.8535E-4 4.66311E-4 9.5316E-4 9.03769E-4 9.21033E-4 6.07441E-4 5.73419E-4 9.45404E-4 9.22256E-4 8.4196E-4 5.11339E-4 5.47082E-4 9.47197E-4 5.16678E-4 9.01867E-4 8.57933E-4 8.1412E-4 6.63654E-4 5.91285E-4 5.50052E-4 5.07263E-4 8.74205E-4 5.0816E-4 8.8802E-4 8.53894E-4 8.22279E-4 9.74694E-4 8.66753E-4 8.40776E-4 5.1905E-4 8.40329E-4 5.56547E-4 6.06481E-4 5.26103E-4 5.21895E-4 5.47835E-4 5.61984E-4 9.34486E-4 9.11858E-4 4.88872E-4 8.41736E-4 8.06577E-4 5.26343E-4 5.58428E-4 5.09222E-4 7.85011E-4 8.30912E-4 4.71782E-4 8.93996E-4 5.31904E-4 5.00943E-4 4.52633E-4 9.15351E-4 8.97057E-4 9.05075E-4 5.68498E-4 5.43691E-4 5.1024E-4 8.63991E-4 9.00962E-4 5.39964E-4 5.21113E-4 8.67743E-4 8.10505E-4 5.73228E-4 9.35887E-4 7.52541E-4 8.85996E-4 8.1584E-4 8.13088E-4 8.90936E-4 5.61222E-4 8.58972E-4 8.73682E-4 8.79726E-4 5.48752E-4 8.50644E-4 8.19665E-4 5.59477E-4 4.77647E-4 5.26349E-4 8.7578E-4 6.15558E-4 5.12652E-4 5.24326E-4 4.98244E-4 8.47599E-4 8.78661E-4 8.83987E-4 5.08929E-4 4.91649E-4 8.76919E-4 5.52806E-4 4.94411E-4 9.15932E-4 7.96713E-4 5.42867E-4 8.61715E-4 5.34382E-4 5.23554E-4 7.51346E-4 7.54178E-4 8.59502E-4 8.68791E-4 5.81777E-4 5.50736E-4 5.2862E-4 8.64209E-4 8.57219E-4 5.72411E-4 5.14973E-4 8.73224E-4 8.49562E-4 7.98893E-4 5.67456E-4 8.61451E-4 7.93415E-4 5.6398E-4 5.38626E-4 5.04555E-4 6.01961E-4 8.90514E-4 8.00691E-4 8.52433E-4 5.74018E-4 8.50255E-4 5.35148E-4 8.72524E-4 5.67655E-4 8.08184E-4 8.258E-4 5.54378E-4 9.60355E-4 8.3609E-4 5.48366E-4 9.36709E-4 5.51523E-4 5.24875E-4 5.37582E-4 8.38715E-4 4.91337E-4 4.573E-4 8.2635E-4 8.50269E-4 8.46829E-4 5.08229E-4 8.62317E-4 4.54605E-4 8.4328E-4 5.80169E-4 4.68337E-4 4.29091E-4 8.83873E-4 8.8295E-4 5.48306E-4 5.56744E-4 5.15236E-4 4.95629E-4 9.38563E-4 9.12489E-4 5.44197E-4 5.12705E-4 5.24753E-4 5.1522E-4 5.18901E-4 5.28162E-4 4.47098E-4 5.73074E-4 9.06088E-4 8.77413E-4 8.93291E-4 5.7358E-4 8.2992E-4 0.001454686 8.44751E-4 8.65975E-4 9.11281E-4 7.95983E-4 8.50854E-4 7.76941E-4 5.04972E-4 8.45546E-4 5.90233E-4 5.44037E-4 8.75195E-4 5.79044E-4 8.5556E-4 5.89681E-4 5.22201E-4 8.41009E-4 8.58907E-4 7.46404E-4 5.29166E-4 4.97561E-4 5.04907E-4 8.42364E-4 9.14484E-4 4.45234E-4 5.70188E-4 9.02483E-4 7.89399E-4 4.23713E-4 9.02195E-4 5.54751E-4 7.74415E-4 8.74782E-4 8.81561E-4 8.4513E-4 5.89984E-4 8.49813E-4 7.80286E-4 5.40738E-4 5.12704E-4 4.80924E-4 8.89182E-4 8.29547E-4 7.80203E-4 5.57968E-4 5.53841E-4 9.14867E-4 9.07704E-4 6.1772E-4 8.30315E-4 8.78874E-4 4.96568E-4 5.10063E-4 4.83815E-4 5.00541E-4 5.54713E-4 8.81731E-4 4.68074E-4 8.78766E-4 9.01198E-4 5.12752E-4 8.22376E-4 9.43455E-4 8.85918E-4 5.3066E-4 5.70996E-4 4.45561E-4 5.11628E-4 4.38122E-4 4.95063E-4 4.92422E-4 4.94713E-4 9.07598E-4 9.74034E-4 4.68076E-4 0.001090255 0.001062745 5.80534E-4 3.90328E-4 6.87466E-4 6.68006E-4 4.49859E-4 9.9823E-4 8.52711E-4 4.21847E-4 5.63735E-4 5.42104E-4 5.18272E-4 9.273E-4 4.13155E-4 7.98858E-4 5.35092E-4 4.03613E-4 4.63649E-4 5.38494E-4 5.36502E-4 8.95242E-4 5.71088E-4 5.61156E-4 8.20067E-4 8.55774E-4 4.22027E-4 7.04423E-4 8.86177E-4 4.1083E-4 5.08616E-4 8.45157E-4 3.64689E-4 5.48639E-4 9.66004E-4 9.21428E-4 5.43015E-4 5.48579E-4 5.23098E-4 9.21521E-4 4.33408E-4 3.77569E-4 8.59914E-4 3.43783E-4 4.6915E-4 4.19339E-4 3.68171E-4 8.16463E-4 5.82843E-4 2.69786E-4 9.02131E-4 5.17973E-4 4.88798E-4 2.34993E-4 9.04642E-4 8.9098E-4 3.03636E-4 5.82933E-4 5.33192E-4 2.95589E-4 8.86426E-4 9.03613E-4 5.5942E-4 8.90597E-4 3.22504E-4 5.22347E-4 8.91897E-4 2.94809E-4 7.45362E-4 6.01836E-4 8.94033E-4 8.88382E-4 8.50319E-4 8.58911E-4 8.34144E-4 8.77262E-4 3.0545E-4 5.19041E-4 4.99926E-4 2.97078E-4 5.25791E-4 8.09346E-4 2.69319E-4 5.4528E-4 5.4328E-4 8.76716E-4 9.033E-4 5.39482E-4 5.01306E-4 5.33462E-4 3.06679E-4 2.59481E-4 4.86576E-4 2.65876E-4 5.03586E-4 2.93649E-4 2.92199E-4 8.86549E-4 5.44992E-4 3.0181E-4 8.69924E-4 5.63714E-4 7.72964E-4 2.51881E-4 5.89632E-4 8.97262E-4 3.06521E-4 8.53824E-4 8.4695E-4 2.86421E-4 8.2987E-4 9.01838E-4 5.21128E-4 8.5435E-4 2.99573E-4 5.42715E-4 0.001028515 4.15243E-4 4.6378E-4 6.09327E-4 6.26289E-4 5.71039E-4 9.40907E-4 6.19596E-4 8.0567E-4 5.58493E-4 2.96458E-4 5.42978E-4 0.001030902 3.42946E-4 5.48518E-4 9.05602E-4 2.84869E-4 6.22242E-4 1.05755E-4 9.51553E-4 5.51436E-4 8.60705E-4 5.47789E-4 9.09608E-4 3.11041E-4 2.58025E-4 5.0822E-4 2.99327E-4 8.85269E-4 3.56804E-4 3.42603E-4 0.001015094 6.89256E-4 3.26013E-4 8.91912E-4 5.60679E-4 7.88642E-4 2.36741E-4 5.61673E-4 9.24336E-4 3.03782E-4 5.87919E-4 5.26673E-4 2.88729E-4 9.12987E-4 5.80204E-4 8.79026E-4 8.86402E-4 2.88276E-4 5.14294E-4 5.73292E-4 2.92375E-4 4.81745E-4 5.29863E-4 5.79119E-4 5.34439E-4 8.92653E-4 6.02328E-4 8.09477E-4 5.28964E-4 2.81132E-4 5.35246E-4 5.28441E-4 2.99784E-4 9.23856E-4 4.84506E-4 2.60886E-4 9.15085E-4 8.62941E-4 8.42737E-4 5.46537E-4 8.87817E-4 5.53168E-4 8.72615E-4 3.07053E-4 2.68266E-4 7.90615E-4 2.71753E-4 5.34815E-4 2.97464E-4 3.00258E-4 8.38931E-4 5.44309E-4 2.73344E-4 5.28385E-4 5.12158E-4 4.82161E-4 2.27595E-4 5.45191E-4 9.09465E-4 2.83172E-4 5.61532E-4 5.52769E-4 2.8957E-4 5.26527E-4 8.77685E-4 5.05464E-4 5.37038E-4 2.8584E-4 5.06105E-4 5.24595E-4 2.75507E-4 7.39432E-4 5.44E-4 8.89816E-4 8.45483E-4 5.22584E-4 5.62887E-4 4.82929E-4 5.01444E-4 2.72712E-4 4.90932E-4 5.46467E-4 2.78002E-4 9.51091E-4 5.15006E-4 2.6509E-4 9.02318E-4 8.57241E-4 8.26171E-4 4.95659E-4 5.16057E-4 8.61544E-4 5.66055E-4 2.97504E-4 2.67434E-4 8.03784E-4 2.56162E-4 7.72202E-4 2.9206E-4 2.74786E-4 7.37614E-4 5.79013E-4 2.70172E-4 8.42717E-4 5.20804E-4 4.70226E-4 2.27935E-4 5.26373E-4 8.54407E-4 2.85106E-4 5.0985E-4 5.07686E-4 2.65989E-4 8.42859E-4 8.0173E-4 7.55525E-4 5.64208E-4 2.75697E-4 7.69811E-4 5.43023E-4 2.85519E-4 4.541E-4 5.59316E-4 5.16065E-4 9.12E-4 8.77449E-4 8.89597E-4 5.01766E-4 4.76231E-4 2.78015E-4 4.80557E-4 5.32894E-4 2.85279E-4 8.96383E-4 8.20996E-4 2.50628E-4 8.20748E-4 5.61317E-4 4.95859E-4 4.90379E-4 4.88821E-4 5.16371E-4 9.07557E-4 2.98869E-4 2.54235E-4 5.31076E-4 2.54159E-4 7.55171E-4 2.81406E-4 2.58477E-4 7.89563E-4 8.28862E-4 2.59912E-4 8.40098E-4 7.61805E-4 6.95316E-4 2.31822E-4 8.32066E-4 8.53511E-4 2.62298E-4 5.25237E-4 8.68276E-4 2.93592E-4 8.41529E-4 4.89223E-4 5.25179E-4 8.46287E-4 2.77532E-4 4.84286E-4 5.06291E-4 2.55311E-4 4.43797E-4 5.08352E-4 8.51436E-4 8.94228E-4 7.89002E-4 8.61427E-4 7.41855E-4 5.37002E-4 2.64921E-4 4.79815E-4 4.93525E-4 2.86388E-4 8.29616E-4 4.82676E-4 2.42749E-4 4.89477E-4 8.26908E-4 5.12614E-4 4.45476E-4 5.34265E-4 8.61185E-4 5.34187E-4 2.64586E-4 2.44873E-4 7.70031E-4 2.42371E-4 7.44308E-4 2.64068E-4 2.55904E-4 4.53215E-4 8.3876E-4 2.57459E-4 5.26103E-4 8.3028E-4 4.59787E-4 2.24048E-4 4.93432E-4 5.32138E-4 2.6738E-4 8.67433E-4 5.08716E-4 2.68829E-4 7.62495E-4 4.92995E-4 7.91619E-4 5.06003E-4 2.68285E-4 7.29245E-4 8.62497E-4 2.72584E-4 4.54743E-4 5.10717E-4 8.0018E-4 8.5373E-4 5.36887E-4 4.72444E-4 7.81603E-4 7.56006E-4 2.62174E-4 8.14999E-4 8.41247E-4 2.63706E-4 8.09097E-4 4.51359E-4 2.51526E-4 8.81349E-4 7.9504E-4 8.63518E-4 5.25411E-4 5.0501E-4 8.12344E-4 8.19635E-4 2.79266E-4 2.43665E-4 7.58752E-4 2.47828E-4 7.42031E-4 2.63158E-4 2.5519E-4 7.78696E-4 5.30172E-4 2.50756E-4 8.55771E-4 8.20631E-4 4.46288E-4 2.27131E-4 4.93627E-4 4.99466E-4 2.7273E-4 8.36701E-4 5.51294E-4 2.72462E-4 8.51524E-4 8.44139E-4 7.87985E-4 5.2032E-4 2.73153E-4 7.28504E-4 8.17669E-4 2.75051E-4 4.38186E-4 5.06771E-4 8.02463E-4 8.10673E-4 5.00349E-4 8.33623E-4 7.20483E-4 7.67861E-4 2.60868E-4 4.88057E-4 4.72033E-4 2.62197E-4 8.27564E-4 4.67036E-4 2.41503E-4 4.98058E-4 7.93651E-4 7.6252E-4 7.64838E-4 8.41544E-4 5.29472E-4 5.05824E-4 2.65416E-4 2.48293E-4 4.34642E-4 2.42174E-4 4.78353E-4 2.6452E-4 2.59823E-4 4.73665E-4 8.24755E-4 2.52776E-4 4.93939E-4 4.81914E-4 4.95548E-4 2.30825E-4 5.07678E-4 4.96554E-4 2.65942E-4 8.72272E-4 5.14411E-4 2.75634E-4 4.69995E-4 8.52505E-4 4.7042E-4 8.46721E-4 2.73877E-4 4.86319E-4 5.28929E-4 2.60631E-4 7.23896E-4 8.07472E-4 5.00286E-4 4.92787E-4 4.76805E-4 8.22633E-4 7.26133E-4 5.00995E-4 2.77168E-4 8.28005E-4 4.98626E-4 2.69467E-4 8.68796E-4 7.15483E-4 2.47406E-4 7.96758E-4 5.1585E-4 8.05283E-4 8.3224E-4 8.02546E-4 5.09637E-4 8.11114E-4 2.78511E-4 2.45486E-4 4.715E-4 2.49661E-4 4.72662E-4 2.80511E-4 2.59559E-4 4.55197E-4 7.94344E-4 2.50034E-4 8.10411E-4 7.93321E-4 4.63726E-4 2.24159E-4 5.41247E-4 8.58066E-4 2.97481E-4 8.73489E-4 5.61033E-4 2.59189E-4 4.69084E-4 4.99149E-4 7.98417E-4 8.83548E-4 2.81213E-4 7.28409E-4 8.03184E-4 2.73812E-4 4.49567E-4 7.89944E-4 4.95571E-4 7.91083E-4 4.97806E-4 5.12355E-4 4.47536E-4 4.64306E-4 2.63251E-4 8.47902E-4 4.92888E-4 2.74952E-4 8.38704E-4 5.0054E-4 2.54651E-4 5.14221E-4 9.44119E-4 7.62272E-4 5.36652E-4 8.58223E-4 8.05794E-4 5.73029E-4 2.76267E-4 2.53113E-4 4.94916E-4 2.43361E-4 7.77996E-4 2.86784E-4 2.55234E-4 7.63678E-4 7.54408E-4 2.59998E-4 8.21545E-4 5.28516E-4 4.45044E-4 2.66003E-4 9.06876E-4 8.46963E-4 2.81335E-4 8.12375E-4 5.5296E-4 2.72252E-4 5.07168E-4 5.04372E-4 5.13869E-4 8.10792E-4 2.63238E-4 8.10213E-4 8.33927E-4 2.76866E-4 7.06988E-4 5.13055E-4 4.66388E-4 5.08222E-4 4.90474E-4 8.14272E-4 8.28941E-4 7.86463E-4 2.77634E-4 4.94733E-4 4.66721E-4 2.8321E-4 4.62851E-4 4.52942E-4 2.50881E-4 8.98593E-4 5.64374E-4 8.26814E-4 8.09611E-4 7.83234E-4 7.95485E-4 8.31985E-4 2.78722E-4 2.3764E-4 7.9225E-4 2.78514E-4 4.88028E-4 2.71765E-4 2.61089E-4 7.78864E-4 8.0185E-4 2.58512E-4 4.8358E-4 8.36708E-4 7.47062E-4 2.29938E-4 5.44223E-4 8.93659E-4 2.87613E-4 9.07994E-4 7.88448E-4 2.67077E-4 4.87768E-4 8.72071E-4 5.46796E-4 8.78189E-4 2.80276E-4 4.72986E-4 4.87525E-4 2.74375E-4 4.7088E-4 5.24172E-4 8.24753E-4 5.39644E-4 8.23761E-4 8.02375E-4 7.36581E-4 5.10034E-4 2.66666E-4 4.96513E-4 8.09247E-4 2.80825E-4 5.12089E-4 4.65825E-4 2.69768E-4 8.37661E-4 5.62853E-4 8.33497E-4 8.05102E-4 4.82033E-4 8.65324E-4 5.70716E-4 2.85235E-4 2.48474E-4 4.98784E-4 2.54548E-4 4.59464E-4 2.65652E-4 2.6682E-4 7.69048E-4 5.11804E-4 2.60533E-4 5.11443E-4 5.14154E-4 7.22993E-4 2.58373E-4 8.58729E-4 7.73719E-4 2.68946E-4 8.64516E-4 7.85791E-4 2.84527E-4 5.18267E-4 8.20434E-4 7.83416E-4 8.25983E-4 2.78478E-4 4.70906E-4 4.92888E-4 2.71291E-4 6.8643E-4 8.34122E-4 5.28175E-4 8.13882E-4 5.26402E-4 5.47976E-4 4.52617E-4 4.79095E-4 2.64416E-4 4.7054E-4 4.49463E-4 2.61466E-4 8.27252E-4 7.72359E-4 2.57067E-4 5.19941E-4 5.16008E-4 7.68925E-4 8.56634E-4 7.85049E-4 5.44405E-4 5.21064E-4 2.81912E-4 2.66701E-4 7.97395E-4 2.6176E-4 4.85825E-4 2.7092E-4 2.51414E-4 7.93828E-4 5.02436E-4 2.56394E-4 8.13444E-4 5.24328E-4 4.54343E-4 2.22913E-4 4.99916E-4 8.24483E-4 2.82898E-4 5.37558E-4 5.29089E-4 2.69725E-4 5.22359E-4 8.97515E-4 4.93886E-4 5.09135E-4 2.7383E-4 7.91093E-4 5.07985E-4 2.77791E-4 6.79259E-4 8.2626E-4 5.33689E-4 4.92718E-4 4.5105E-4 5.39004E-4 7.59063E-4 5.13313E-4 2.67689E-4 8.16664E-4 4.92068E-4 2.85363E-4 5.39318E-4 7.84957E-4 2.71541E-4 5.0475E-4 5.0998E-4 4.90319E-4 8.10373E-4 8.45746E-4 5.3217E-4 8.80598E-4 2.84156E-4 2.48078E-4 7.82164E-4 2.50157E-4 4.96374E-4 2.80196E-4 2.50851E-4 7.72348E-4 5.39837E-4 2.57205E-4 4.83525E-4 8.4427E-4 4.78254E-4 2.26216E-4 8.30736E-4 8.56347E-4 2.80629E-4 5.17188E-4 5.04417E-4 2.707E-4 5.24698E-4 8.56048E-4 5.06485E-4 7.93475E-4 2.78702E-4 7.95149E-4 5.25592E-4 2.83685E-4 6.99979E-4 5.42242E-4 8.79077E-4 5.14864E-4 4.82056E-4 7.69957E-4 8.02006E-4 5.1444E-4 2.78786E-4 8.25434E-4 7.93831E-4 2.79542E-4 5.02151E-4 4.33627E-4 2.64181E-4 5.35763E-4 5.07829E-4 5.1906E-4 8.38316E-4 7.79521E-4 7.8995E-4 5.52675E-4 2.79996E-4 2.52498E-4 4.54809E-4 2.55371E-4 7.80472E-4 2.69273E-4 2.53237E-4 7.44383E-4 8.49481E-4 2.63848E-4 8.25394E-4 5.20807E-4 7.13516E-4 2.37577E-4 7.81578E-4 5.09461E-4 2.72605E-4 5.18607E-4 8.73698E-4 2.72318E-4 5.19966E-4 7.84289E-4 4.84884E-4 5.01689E-4 2.64186E-4 7.57078E-4 8.36574E-4 2.61383E-4 6.86848E-4 8.26187E-4 5.24587E-4 4.8359E-4 4.59643E-4 8.78358E-4 4.93681E-4 8.15494E-4 2.77329E-4 5.25209E-4 7.87626E-4 2.79349E-4 8.0279E-4 7.58217E-4 2.5989E-4 5.05312E-4 8.52269E-4 7.82613E-4 8.42959E-4 5.44243E-4 7.90638E-4 5.50744E-4 2.69629E-4 2.56159E-4 4.59861E-4 2.4273E-4 4.72948E-4 2.66716E-4 2.58093E-4 4.36197E-4 8.51896E-4 2.62865E-4 8.86854E-4 5.17426E-4 4.55094E-4 2.24195E-4 8.26568E-4 5.48937E-4 2.70356E-4 4.85958E-4 8.89201E-4 2.65057E-4 4.95695E-4 8.44986E-4 5.32769E-4 4.99229E-4 2.8016E-4 4.4799E-4 4.91445E-4 2.73383E-4 4.35663E-4 7.96564E-4 5.34526E-4 5.27267E-4 4.83954E-4 5.07906E-4 4.74524E-4 4.55185E-4 2.65367E-4 5.09034E-4 4.91157E-4 2.66461E-4 8.36343E-4 7.58353E-4 2.50928E-4 5.00643E-4 5.04024E-4 7.94934E-4 5.16493E-4 8.01338E-4 4.97092E-4 5.16704E-4 2.85491E-4 2.40297E-4 4.83078E-4 2.48577E-4 4.44789E-4 2.66724E-4 2.61172E-4 7.73919E-4 5.44238E-4 2.51537E-4 3.82971E-4 4.81361E-4 6.79667E-4 2.3595E-4 8.47522E-4 7.94354E-4 2.70338E-4 8.02835E-4 8.3349E-4 2.6549E-4 7.92074E-4 5.14252E-4 7.84454E-4 7.70502E-4 2.83126E-4 3.61997E-4 4.92143E-4 2.68686E-4 7.48362E-4 7.95164E-4 7.76604E-4 5.53032E-4 3.84906E-4 8.26549E-4 3.61839E-4 5.09479E-4 2.78161E-4 4.78221E-4 4.62943E-4 2.64392E-4 4.73863E-4 7.27784E-4 2.50064E-4 5.20801E-4 8.36202E-4 4.97447E-4 4.51374E-4 8.27106E-4 5.16463E-4 5.22933E-4 3.14878E-4 2.49063E-4 4.63907E-4 2.5024E-4 7.58457E-4 2.7389E-4 2.55877E-4 7.36946E-4 8.6505E-4 2.55816E-4 4.24216E-4 8.29737E-4 4.64108E-4 2.24931E-4 5.41642E-4 8.0954E-4 2.87947E-4 5.56029E-4 5.40289E-4 2.78571E-4 8.21274E-4 5.03087E-4 4.74068E-4 8.39123E-4 2.71831E-4 3.97883E-4 8.25577E-4 2.75775E-4 7.22984E-4 5.65169E-4 5.285E-4 7.79317E-4 4.25288E-4 5.49563E-4 3.55144E-4 8.3747E-4 2.75031E-4 7.82987E-4 7.94612E-4 2.82307E-4 7.59584E-4 7.18624E-4 2.43567E-4 5.02069E-4 5.14388E-4 5.14431E-4 8.71008E-4 7.94283E-4 5.09165E-4 7.97549E-4 2.75532E-4 2.56682E-4 7.21047E-4 2.59675E-4 7.1706E-4 3.08902E-4 2.65372E-4 4.88885E-4 5.62568E-4 2.59414E-4 4.30743E-4 8.14456E-4 4.70098E-4 2.34727E-4 5.13672E-4 4.84486E-4 2.66748E-4 5.39322E-4 5.22485E-4 2.67229E-4 4.91783E-4 7.88903E-4 5.19727E-4 5.16474E-4 2.79775E-4 3.77836E-4 5.02357E-4 2.6808E-4 6.72325E-4 5.16232E-4 4.85189E-4 7.70738E-4 3.92322E-4 5.02172E-4 3.95535E-4 8.01705E-4 2.84528E-4 7.73835E-4 4.87711E-4 2.65471E-4 7.58898E-4 4.91521E-4 2.79393E-4 7.9404E-4 5.52511E-4 5.33891E-4 5.02363E-4 4.84985E-4 5.23914E-4 7.92712E-4 2.91625E-4 2.47238E-4 7.9343E-4 2.57393E-4 7.5972E-4 2.73961E-4 2.53191E-4 4.5409E-4 8.46388E-4 2.6229E-4 4.05853E-4 4.96659E-4 5.0425E-4 2.42847E-4 5.23864E-4 5.33321E-4 2.91482E-4 8.88474E-4 5.41792E-4 2.70401E-4 8.97144E-4 5.0764E-4 7.53165E-4 8.00269E-4 2.71994E-4 3.66909E-4 8.09359E-4 2.71449E-4 4.50257E-4 5.00859E-4 4.73246E-4 4.87077E-4 4.23473E-4 7.94012E-4 3.71942E-4 8.14998E-4 2.74831E-4 7.41542E-4 7.55763E-4 2.84857E-4 5.13862E-4 4.43848E-4 2.58299E-4 8.09272E-4 5.68483E-4 7.88059E-4 5.16262E-4 8.39038E-4 7.84108E-4 5.78572E-4 2.80808E-4 2.43045E-4 5.1036E-4 2.61351E-4 7.88593E-4 2.8257E-4 2.72483E-4 4.67903E-4 8.1779E-4 2.60331E-4 4.34526E-4 8.02479E-4 6.99083E-4 2.24231E-4 4.96745E-4 7.78464E-4 2.85234E-4 5.33755E-4 7.97364E-4 3.01647E-4 8.74795E-4 5.31764E-4 7.43547E-4 8.47588E-4 2.79769E-4 3.7306E-4 8.18931E-4 2.69532E-4 4.51182E-4 7.78908E-4 7.6034E-4 5.06971E-4 4.15698E-4 5.33204E-4 3.67648E-4 4.78892E-4 2.65708E-4 8.29615E-4 8.13726E-4 2.77287E-4 7.93495E-4 4.71777E-4 2.5532E-4 8.0043E-4 8.27414E-4 5.8142E-4 7.86779E-4 5.43826E-4 5.08133E-4 5.37039E-4 2.84066E-4 2.39872E-4 7.42184E-4 2.77859E-4 7.74841E-4 2.96057E-4 2.78932E-4 4.93268E-4 5.03839E-4 2.62533E-4 4.33885E-4 5.03514E-4 7.12514E-4 2.26553E-4 8.51667E-4 7.85025E-4 2.78176E-4 8.40705E-4 5.6083E-4 2.73289E-4 8.52102E-4 5.41863E-4 4.67742E-4 8.34558E-4 2.79825E-4 4.05736E-4 8.48811E-4 2.82093E-4 7.06653E-4 5.32896E-4 4.98985E-4 5.10713E-4 4.14532E-4 5.16141E-4 3.57403E-4 4.92514E-4 2.76712E-4 8.19032E-4 5.21269E-4 2.64192E-4 5.26162E-4 7.47691E-4 2.54926E-4 5.02207E-4 4.95996E-4 8.09183E-4 5.20889E-4 5.1745E-4 7.75978E-4 8.22632E-4 2.7906E-4 2.74126E-4 7.62994E-4 3.40868E-4 7.88373E-4 2.7015E-4 2.62621E-4 7.14276E-4 4.72181E-4 2.9619E-4 4.46174E-4 4.82612E-4 9.4697E-5 2.30306E-4 4.2544E-4 2.60162E-4 3.22524E-4 5.16622E-4 4.99221E-4 2.68904E-4 3.91683E-4 5.1433E-4 1.31178E-4 2.63989E-4 3.67514E-4 4.57079E-4 9.13802E-4 2.62673E-4 3.50852E-4 4.29974E-4 3.98209E-4 4.08241E-4 3.94916E-4 7.95686E-4 3.67661E-4 9.8899E-5 2.6518E-4 7.51413E-4 7.48667E-4 2.81929E-4 3.66288E-4 6.9915E-4 2.53711E-4 8.02706E-4 8.20449E-4 7.97718E-4 5.45887E-4 5.32894E-4 8.47837E-4 9.5867E-5 2.89091E-4 2.36252E-4 3.42734E-4 2.45026E-4 4.47692E-4 2.61096E-4 2.58816E-4 4.43548E-4 5.13228E-4 2.59146E-4 4.03891E-4 5.18312E-4 4.79062E-4 2.24935E-4 8.3786E-4 7.80638E-4 2.75327E-4 7.96397E-4 5.86213E-4 2.73843E-4 5.44454E-4 5.09926E-4 4.48713E-4 5.13941E-4 2.77076E-4 4.03553E-4 5.09602E-4 2.64109E-4 4.43659E-4 8.47039E-4 5.6068E-4 8.17978E-4 4.02379E-4 7.90011E-4 3.89312E-4 4.94825E-4 2.71044E-4 8.26104E-4 5.02458E-4 2.66041E-4 7.72701E-4 7.43987E-4 2.5316E-4 5.48562E-4 8.59422E-4 5.13885E-4 7.97245E-4 4.93058E-4 8.22117E-4 8.43685E-4 2.83941E-4 2.48755E-4 5.0224E-4 2.43345E-4 4.42514E-4 2.78953E-4 2.53193E-4 7.89592E-4 7.86152E-4 2.53225E-4 4.41233E-4 7.92647E-4 4.89982E-4 2.36776E-4 8.71913E-4 7.95369E-4 2.72763E-4 5.5227E-4 8.63997E-4 2.7376E-4 7.67524E-4 5.38623E-4 4.70578E-4 8.33105E-4 2.77538E-4 3.80219E-4 8.12632E-4 2.73828E-4 4.55193E-4 8.13243E-4 5.30914E-4 7.70998E-4 4.18499E-4 8.27844E-4 3.94364E-4 5.24644E-4 2.70495E-4 8.07483E-4 8.2477E-4 2.71043E-4 7.71434E-4 7.56896E-4 2.53415E-4 8.00973E-4 7.92123E-4 5.33481E-4 8.19981E-4 7.56414E-4 7.87891E-4 8.19848E-4 2.79468E-4 2.39672E-4 7.7364E-4 2.54977E-4 7.36641E-4 2.6336E-4 2.5852E-4 7.59586E-4 7.77257E-4 2.5613E-4 4.32265E-4 5.10368E-4 6.64158E-4 2.30794E-4 5.38228E-4 7.93669E-4 2.64406E-4 5.42028E-4 4.82774E-4 2.57568E-4 5.16875E-4 8.48213E-4 7.40117E-4 7.9155E-4 2.74111E-4 3.75994E-4 5.23423E-4 2.7365E-4 4.4136E-4 8.34638E-4 7.67693E-4 7.72278E-4 4.06621E-4 5.2056E-4 3.96704E-4 7.26742E-4 2.65148E-4 5.28098E-4 8.01405E-4 2.78739E-4 7.65817E-4 7.0519E-4 2.45332E-4 4.91226E-4 8.69686E-4 8.01179E-4 4.95665E-4 5.02478E-4 5.05762E-4 5.12549E-4 2.78264E-4 2.42316E-4 7.2179E-4 2.3999E-4 4.64378E-4 2.66108E-4 2.55464E-4 7.85961E-4 5.27528E-4 2.43902E-4 4.12563E-4 7.87171E-4 4.58136E-4 2.26737E-4 7.9621E-4 7.58317E-4 2.73161E-4 5.11281E-4 5.00201E-4 2.6501E-4 8.66118E-4 5.12537E-4 4.84831E-4 5.32464E-4 2.69785E-4 3.89029E-4 4.93865E-4 2.6086E-4 6.75422E-4 8.28784E-4 7.76695E-4 5.13871E-4 3.81812E-4 7.66362E-4 3.78221E-4 7.60473E-4 2.63569E-4 5.27671E-4 5.13758E-4 3.01187E-4 5.21622E-4 4.79968E-4 2.52901E-4 5.27023E-4 8.18505E-4 8.07993E-4 5.41368E-4 8.70142E-4 5.28383E-4 5.03497E-4 2.85207E-4 2.40635E-4 7.45411E-4 2.45711E-4 4.48858E-4 2.61878E-4 2.65952E-4 4.66881E-4 8.22046E-4 2.82315E-4 4.30391E-4 5.2206E-4 6.77196E-4 2.34932E-4 7.88843E-4 5.46227E-4 2.75127E-4 5.4676E-4 8.04502E-4 2.77211E-4 7.86395E-4 8.15676E-4 4.99671E-4 5.24079E-4 2.70968E-4 3.79516E-4 8.13729E-4 2.69442E-4 4.58234E-4 7.88014E-4 7.92503E-4 7.69945E-4 4.22299E-4 8.25589E-4 3.97616E-4 4.8014E-4 2.75481E-4 5.00697E-4 7.89816E-4 2.69841E-4 5.05823E-4 7.11178E-4 2.54245E-4 7.62554E-4 7.94698E-4 5.28548E-4 8.04482E-4 7.60642E-4 5.28477E-4 5.00088E-4 2.80897E-4 2.46663E-4 4.79573E-4 2.50118E-4 4.74957E-4 2.79845E-4 2.54246E-4 4.64567E-4 7.56356E-4 2.51367E-4 4.15771E-4 8.03622E-4 6.88287E-4 2.24618E-4 7.98624E-4 5.5504E-4 2.79028E-4 8.16175E-4 8.01872E-4 2.77805E-4 8.34427E-4 5.91495E-4 5.46099E-4 9.2003E-4 3.0665E-4 4.23132E-4 9.10666E-4 2.97429E-4 7.20897E-4 9.21682E-4 8.39446E-4 8.425E-4 4.18695E-4 5.05609E-4 3.94237E-4 4.73799E-4 2.74757E-4 5.24286E-4 4.96854E-4 2.75768E-4 4.8896E-4 4.53144E-4 2.41701E-4 7.99136E-4 5.47296E-4 4.97701E-4 4.63602E-4 8.04364E-4 5.04243E-4 5.20997E-4 2.7274E-4 2.38796E-4 7.36187E-4 2.89325E-4 7.45307E-4 2.73227E-4 2.69987E-4 4.70693E-4 7.88276E-4 2.66316E-4 4.16142E-4 8.06645E-4 6.82722E-4 2.29131E-4 7.78633E-4 8.23421E-4 2.71274E-4 5.58933E-4 5.13381E-4 2.76219E-4 7.64772E-4 8.78887E-4 8.01505E-4 5.3551E-4 2.83671E-4 3.67941E-4 5.21337E-4 2.73554E-4 4.75651E-4 8.27764E-4 8.32011E-4 8.73398E-4 4.0791E-4 8.25273E-4 3.63043E-4 5.12768E-4 2.70212E-4 8.23776E-4 7.6938E-4 3.09144E-4 7.71982E-4 4.79318E-4 2.50995E-4 5.02488E-4 8.57775E-4 7.91058E-4 7.62547E-4 5.67707E-4 8.27197E-4 5.65166E-4 2.86866E-4 2.50983E-4 4.64062E-4 2.5198E-4 4.58398E-4 2.6681E-4 2.6259E-4 4.47756E-4 4.65622E-4 2.58976E-4 3.85297E-4 4.87039E-4 6.79481E-4 2.38253E-4 4.73102E-4 8.14094E-4 2.74094E-4 5.22069E-4 8.25555E-4 2.76961E-4 7.89012E-4 4.92176E-4 7.07335E-4 4.96194E-4 2.75382E-4 3.31194E-4 4.80548E-4 3.13526E-4 4.07971E-4 7.62917E-4 5.0448E-4 8.88758E-4 3.63033E-4 7.43229E-4 3.15033E-4 4.10562E-4 2.72436E-4 4.2065E-4 4.15202E-4 2.89476E-4 6.87799E-4 3.94955E-4 2.61289E-4 4.1528E-4 7.44562E-4 4.26183E-4 4.09317E-4 7.05074E-4 4.85013E-4 7.24645E-4 2.86523E-4 2.48403E-4 6.56394E-4 2.49881E-4 3.96923E-4 2.76942E-4 2.567E-4 6.42894E-4 4.15083E-4 2.55987E-4 3.23511E-4 4.43677E-4 3.7934E-4 2.28874E-4 6.8063E-4 7.00735E-4 2.84593E-4 7.09522E-4 4.53133E-4 2.78957E-4 6.71135E-4 6.76506E-4 6.38062E-4 4.42072E-4 2.80325E-4 3.13292E-4 4.22998E-4 2.74156E-4 3.50612E-4 7.04265E-4 4.18622E-4 4.13932E-4 3.26816E-4 7.01142E-4 3.11687E-4 6.61723E-4 2.8029E-4 6.53185E-4 6.74709E-4 2.84372E-4 6.83543E-4 3.88117E-4 2.59404E-4 4.14826E-4 4.27358E-4 4.03877E-4 6.72459E-4 6.5828E-4 4.44067E-4 7.21464E-4 2.90672E-4 2.43438E-4 6.35734E-4 1.03003E-4 6.53558E-4 2.79671E-4 2.57996E-4 3.84705E-4 4.24808E-4 2.75092E-4 3.438E-4 7.07125E-4 3.9941E-4 2.36429E-4 6.93583E-4 7.18695E-4 2.78327E-4 4.32538E-4 6.98818E-4 2.75288E-4 4.13374E-4 6.86359E-4 6.62542E-4 4.33014E-4 2.68947E-4 2.96647E-4 7.15207E-4 2.79407E-4 3.60077E-4 7.32228E-4 4.2723E-4 7.09185E-4 3.45152E-4 4.38289E-4 3.03384E-4 6.69461E-4 2.84153E-4 4.24056E-4 3.92852E-4 2.75864E-4 3.97108E-4 6.13824E-4 2.65173E-4 6.86168E-4 4.65868E-4 4.08111E-4 3.87957E-4 6.97E-4 6.96861E-4 4.72856E-4 2.84806E-4 2.52653E-4 3.84271E-4 2.50902E-4 3.81632E-4 2.76418E-4 2.6541E-4 6.43457E-4 6.82883E-4 2.65146E-4 3.39036E-4 4.3418E-4 5.85802E-4 2.38933E-4 4.35548E-4 7.23638E-4 2.76933E-4 7.1113E-4 4.18376E-4 2.63457E-4 6.84138E-4 4.36709E-4 6.67126E-4 4.47245E-4 2.79181E-4 3.14194E-4 4.12593E-4 2.82398E-4 5.96594E-4 4.42563E-4 7.03659E-4 4.33185E-4 3.24786E-4 4.22453E-4 2.97301E-4 6.59909E-4 2.73185E-4 6.76043E-4 4.06008E-4 2.68777E-4 3.98885E-4 3.79141E-4 2.70898E-4 4.08236E-4 4.32994E-4 4.11408E-4 3.86299E-4 4.10906E-4 7.21732E-4 4.58597E-4 2.86977E-4 2.47789E-4 3.72937E-4 2.44473E-4 6.37669E-4 2.9721E-4 2.801E-4 6.54378E-4 4.3159E-4 2.6244E-4 3.30732E-4 6.85805E-4 3.87017E-4 2.34519E-4 6.92991E-4 4.37878E-4 2.6923E-4 4.32026E-4 4.05316E-4 2.76022E-4 3.8776E-4 6.8301E-4 4.0618E-4 4.22829E-4 2.6648E-4 3.00755E-4 4.04118E-4 2.65224E-4 3.57759E-4 7.10405E-4 6.77551E-4 4.34416E-4 3.38047E-4 4.36149E-4 3.12489E-4 3.94253E-4 3.28429E-4 6.73099E-4 6.48054E-4 2.78954E-4 6.87891E-4 6.30538E-4 2.61527E-4 6.9398E-4 4.67999E-4 3.99105E-4 4.2225E-4 7.27484E-4 7.08443E-4 7.33365E-4 2.72214E-4 2.47772E-4 6.21456E-4 2.57223E-4 6.19467E-4 2.72816E-4 2.65179E-4 6.31582E-4 6.65802E-4 2.54259E-4 3.24125E-4 4.35179E-4 3.75426E-4 2.43685E-4 4.28241E-4 7.19796E-4 2.8224E-4 6.74497E-4 6.63664E-4 2.72283E-4 4.02509E-4 4.18216E-4 6.49801E-4 4.31982E-4 2.73369E-4 3.01454E-4 4.1564E-4 2.62053E-4 5.82537E-4 4.30341E-4 6.96208E-4 6.81711E-4 3.83035E-4 7.07481E-4 3.09236E-4 6.73361E-4 2.86423E-4 6.96041E-4 6.62208E-4 2.84192E-4 3.95847E-4 6.26095E-4 2.51786E-4 6.62082E-4 4.3996E-4 6.74433E-4 4.13694E-4 4.12759E-4 7.13266E-4 7.2295E-4 3.09926E-4 2.48284E-4 6.34253E-4 2.5654E-4 3.95498E-4 2.71581E-4 2.61967E-4 3.68433E-4 6.87252E-4 2.66356E-4 3.25299E-4 6.92227E-4 3.98029E-4 2.28275E-4 7.05861E-4 6.97976E-4 2.76215E-4 6.91599E-4 6.68303E-4 2.63537E-4 4.13929E-4 6.5554E-4 4.44121E-4 7.4123E-4 2.59705E-4 3.3234E-4 6.49744E-4 2.72857E-4 6.44952E-4 7.18432E-4 4.28252E-4 4.25899E-4 3.34241E-4 7.09588E-4 3.36504E-4 4.79108E-4 2.70988E-4 3.84433E-4 3.82458E-4 2.66621E-4 7.06842E-4 4.16584E-4 2.35821E-4 4.37966E-4 4.34384E-4 6.81083E-4 3.90027E-4 3.95151E-4 7.1885E-4 6.83899E-4 2.80402E-4 2.69584E-4 3.64238E-4 2.67495E-4 6.82755E-4 2.75464E-4 2.72277E-4 6.22152E-4 6.50445E-4 2.61592E-4 3.41487E-4 4.37364E-4 3.83478E-4 2.26706E-4 7.02006E-4 6.92439E-4 2.78472E-4 6.94333E-4 4.28612E-4 2.60811E-4 4.01599E-4 7.9991E-4 4.8427E-4 5.0542E-4 3.21333E-4 3.72328E-4 4.88328E-4 3.3325E-4 6.92947E-4 5.25489E-4 4.98883E-4 8.17963E-4 4.02895E-4 8.40886E-4 3.71885E-4 8.08408E-4 3.02249E-4 6.69189E-4 6.74427E-4 2.84564E-4 7.02898E-4 6.24199E-4 2.57467E-4 6.82988E-4 4.55019E-4 6.61074E-4 4.18963E-4 4.06585E-4 4.29392E-4 4.34364E-4 2.83994E-4 2.51557E-4 6.54171E-4 2.98091E-4 6.55128E-4 2.85303E-4 2.69408E-4 6.37227E-4 4.3163E-4 2.60876E-4 3.35383E-4 7.16047E-4 3.91191E-4 2.35726E-4 6.87272E-4 6.83163E-4 2.71439E-4 6.59711E-4 0.001035808 2.77978E-4 6.86014E-4 6.77151E-4 4.18119E-4 7.08543E-4 2.77989E-4 3.11598E-4 4.2122E-4 2.79197E-4 6.08902E-4 7.02512E-4 6.5295E-4 4.33481E-4 3.2991E-4 7.28982E-4 3.12507E-4 4.02698E-4 2.76413E-4 4.31577E-4 3.98172E-4 2.95925E-4 6.82477E-4 3.95347E-4 2.46683E-4 3.99005E-4 7.2067E-4 6.69353E-4 3.92615E-4 6.94103E-4 4.62267E-4 4.47545E-4 2.79233E-4 2.55377E-4 3.82182E-4 2.5807E-4 6.38453E-4 2.70365E-4 2.55581E-4 4.0811E-4 4.11923E-4 2.5917E-4 3.4235E-4 4.29832E-4 5.87257E-4 2.38043E-4 4.32074E-4 6.87688E-4 2.72821E-4 3.94906E-4 6.9801E-4 2.7495E-4 4.17201E-4 4.04589E-4 4.16108E-4 4.23289E-4 2.72032E-4 3.0227E-4 6.85297E-4 3.11026E-4 5.80928E-4 4.36712E-4 4.21303E-4 6.97493E-4 3.80069E-4 4.6686E-4 3.21223E-4 7.08993E-4 2.91212E-4 4.0943E-4 4.1818E-4 2.85589E-4 7.41041E-4 4.07378E-4 2.72818E-4 6.8584E-4 4.87406E-4 4.25011E-4 4.01993E-4 6.84711E-4 8.5508E-4 4.76063E-4 3.08542E-4 2.83804E-4 6.3958E-4 2.57118E-4 4.09096E-4 2.83873E-4 2.82655E-4 4.31445E-4 4.4235E-4 3.0102E-4 3.55197E-4 4.51041E-4 6.59018E-4 3.11276E-4 9.8098E-4 5.26682E-4 2.99851E-4 6.98315E-4 4.20029E-4 2.7973E-4 6.99471E-4 6.83247E-4 6.54625E-4 7.00337E-4 3.00184E-4 3.18547E-4 4.25579E-4 2.84108E-4 3.67515E-4 7.20811E-4 4.34065E-4 4.21887E-4 3.45218E-4 4.4027E-4 3.16027E-4 4.28989E-4 3.13101E-4 4.14257E-4 4.28413E-4 2.96176E-4 7.01175E-4 5.10768E-4 3.27287E-4 4.32057E-4 7.68763E-4 6.75907E-4 6.80809E-4 7.31438E-4 4.6036E-4 4.3417E-4 3.3273E-4 2.69881E-4 3.90554E-4 2.73667E-4 6.66132E-4 3.01527E-4 2.73122E-4 3.96522E-4 4.70244E-4 2.5901E-4 3.48185E-4 7.15004E-4 3.9496E-4 2.34685E-4 7.07885E-4 7.06424E-4 2.79817E-4 4.06872E-4 6.88955E-4 2.79884E-4 7.49699E-4 6.59628E-4 6.78549E-4 7.12683E-4 3.2617E-4 3.25639E-4 6.98375E-4 2.90973E-4 5.68074E-4 4.45536E-4 6.89385E-4 4.34879E-4 3.38785E-4 7.16151E-4 3.27226E-4 4.15976E-4 2.79593E-4 6.95405E-4 6.67131E-4 3.20877E-4 6.89886E-4 4.06232E-4 2.71587E-4 6.65499E-4 5.02534E-4 7.02303E-4 0.001154287 7.07417E-4 4.73913E-4 7.69431E-4 3.01453E-4 2.72011E-4 4.9447E-4 3.09572E-4 7.98544E-4 3.27078E-4 3.18379E-4 7.67085E-4 7.97168E-4 3.05397E-4 4.03404E-4 8.35378E-4 6.91227E-4 2.91697E-4 7.8545E-4 4.85004E-4 2.88038E-4 3.99193E-4 4.05391E-4 2.75044E-4 4.06544E-4 4.13427E-4 6.69911E-4 4.45117E-4 2.78517E-4 3.21378E-4 6.98465E-4 2.9424E-4 3.67734E-4 7.21189E-4 4.20583E-4 8.56611E-4 4.06238E-4 8.50073E-4 3.65297E-4 4.83459E-4 3.23317E-4 7.78748E-4 4.735E-4 3.17778E-4 4.76578E-4 7.41807E-4 3.07974E-4 8.18611E-4 8.32537E-4 7.09435E-4 4.03648E-4 4.16203E-4 4.26107E-4 7.4704E-4 2.82828E-4 2.53317E-4 6.46265E-4 2.54015E-4 6.51593E-4 2.89598E-4 2.67881E-4 6.36678E-4 4.30746E-4 2.59975E-4 3.30015E-4 7.22099E-4 3.92104E-4 2.39546E-4 5.13029E-4 7.28524E-4 2.77248E-4 4.012E-4 7.11807E-4 3.03898E-4 6.94723E-4 7.44954E-4 4.0968E-4 4.66073E-4 2.78871E-4 3.04378E-4 4.01722E-4 2.6495E-4 5.73345E-4 4.25664E-4 6.95568E-4 4.33554E-4 3.34273E-4 4.28147E-4 3.0872E-4 6.66546E-4 2.82532E-4 4.00463E-4 6.80284E-4 2.81113E-4 4.87956E-4 6.47327E-4 2.42743E-4 4.08595E-4 4.3935E-4 6.8236E-4 6.54204E-4 7.05485E-4 6.94982E-4 6.84326E-4 2.86948E-4 2.56171E-4 3.81839E-4 2.48208E-4 6.21665E-4 2.84277E-4 2.66887E-4 6.37492E-4 6.52766E-4 2.60484E-4 3.66425E-4 7.01992E-4 3.89145E-4 2.26721E-4 4.33895E-4 7.22945E-4 2.77013E-4 3.97605E-4 6.69128E-4 2.77647E-4 6.58167E-4 6.78429E-4 6.52011E-4 7.58538E-4 2.81836E-4 3.81115E-4 7.11232E-4 2.78204E-4 3.74838E-4 4.15503E-4 7.05615E-4 4.23771E-4 3.28748E-4 6.9979E-4 3.10472E-4 4.13774E-4 2.70607E-4 6.55062E-4 4.67676E-4 2.75762E-4 6.6711E-4 7.00775E-4 2.63148E-4 7.57622E-4 4.60144E-4 6.72162E-4 6.6568E-4 4.1879E-4 7.36035E-4 6.94236E-4 2.92217E-4 2.63342E-4 4.14009E-4 2.97901E-4 7.53678E-4 3.16205E-4 3.25327E-4 7.41738E-4 7.95113E-4 3.25507E-4 4.17439E-4 8.25587E-4 4.49525E-4 2.50693E-4 4.24741E-4 4.45918E-4 2.81537E-4 6.86377E-4 4.91789E-4 2.84154E-4 4.02265E-4 6.79307E-4 4.25046E-4 7.14723E-4 2.92627E-4 3.2421E-4 4.27543E-4 2.69588E-4 6.01156E-4 6.96779E-4 6.72741E-4 4.16324E-4 3.31169E-4 7.1094E-4 3.06613E-4 4.03127E-4 2.82305E-4 3.9846E-4 3.97863E-4 2.74204E-4 6.85149E-4 6.31816E-4 2.48843E-4 6.74739E-4 4.43497E-4 6.37133E-4 4.105E-4 4.08127E-4 7.16417E-4 7.49027E-4 2.87866E-4 2.61781E-4 4.72016E-4 2.59818E-4 4.35865E-4 2.73827E-4 2.71066E-4 4.20246E-4 4.73478E-4 2.63004E-4 4.54539E-4 4.74713E-4 4.2643E-4 2.43074E-4 4.73761E-4 5.55411E-4 2.89345E-4 4.37558E-4 4.39188E-4 2.90967E-4 5.04493E-4 4.57635E-4 4.50194E-4 5.08415E-4 2.8173E-4 4.10304E-4 5.46721E-4 2.78124E-4 3.65885E-4 7.3889E-4 7.81575E-4 4.44629E-4 3.32868E-4 6.69903E-4 3.17204E-4 7.20982E-4 2.83982E-4 7.26382E-4 7.33827E-4 2.86557E-4 4.2352E-4 6.63667E-4 2.52117E-4 7.24128E-4 7.4216E-4 6.90669E-4 7.18924E-4 4.60114E-4 7.73303E-4 7.67919E-4 2.87477E-4 2.49809E-4 4.5494E-4 2.58288E-4 4.33984E-4 2.85497E-4 2.63773E-4 4.18211E-4 4.55435E-4 2.53944E-4 4.29115E-4 4.83067E-4 4.21022E-4 2.59726E-4 4.89752E-4 4.9991E-4 2.9529E-4 4.57421E-4 4.93292E-4 2.82751E-4 4.70985E-4 4.7138E-4 4.43285E-4 4.81817E-4 2.83287E-4 4.16613E-4 5.20938E-4 2.77744E-4 5.71283E-4 4.42492E-4 4.18218E-4 4.39095E-4 3.51522E-4 4.64132E-4 3.09121E-4 7.86705E-4 2.80764E-4 6.61852E-4 7.44346E-4 2.74238E-4 7.0032E-4 6.40818E-4 2.55539E-4 4.20928E-4 7.38386E-4 4.04376E-4 6.52745E-4 4.32881E-4 4.3128E-4 7.95519E-4 3.18031E-4 2.87962E-4 3.89845E-4 2.75668E-4 6.81595E-4 2.71002E-4 2.52782E-4 3.84414E-4 9.4649E-5 2.58799E-4 3.13513E-4 4.16372E-4 6.42154E-4 2.53056E-4 4.34562E-4 7.25323E-4 2.76235E-4 6.35235E-4 1.25953E-4 2.67522E-4 3.64991E-4 3.80966E-4 6.73856E-4 4.06518E-4 3.37512E-4 3.30885E-4 3.8448E-4 2.81514E-4 3.19977E-4 6.36807E-4 9.6728E-5 4.16448E-4 8.8525E-5 6.37788E-4 2.93089E-4 4.80023E-4 2.7916E-4 3.62878E-4 1.26178E-4 2.70035E-4 9.364E-5 1.42061E-4 3.57407E-4 4.26464E-4 5.23231E-4 6.46689E-4 1.08506E-4 1.26545E-4 5.21296E-4 0.001014928 2.72442E-4 2.5624E-4 5.18662E-4 3.81694E-4 4.45768E-4 2.8103E-4 2.7366E-4 9.9738E-5 4.87349E-4 2.69643E-4 4.4551E-4 4.58916E-4 4.05713E-4 2.2626E-4 4.4485E-4 4.87946E-4 2.82453E-4 4.78212E-4 4.50749E-4 2.73189E-4 4.75173E-4 4.79105E-4 4.45295E-4 4.70326E-4 2.88942E-4 4.0456E-4 5.04444E-4 2.8108E-4 4.17255E-4 4.90883E-4 4.84361E-4 4.66107E-4 4.12462E-4 4.7271E-4 3.78285E-4 4.78185E-4 2.80396E-4 4.62976E-4 4.5674E-4 2.86098E-4 4.67133E-4 4.26243E-4 2.50302E-4 4.81043E-4 5.06217E-4 4.69494E-4 4.42817E-4 4.75422E-4 4.45437E-4 4.72325E-4 2.82541E-4 2.47555E-4 4.47464E-4 2.50695E-4 4.38303E-4 2.95517E-4 2.67914E-4 4.49336E-4 4.47076E-4 2.70075E-4 4.3599E-4 4.60699E-4 4.07195E-4 2.30951E-4 4.45334E-4 4.88621E-4 2.91135E-4 4.68478E-4 4.96088E-4 2.68195E-4 4.65523E-4 4.64761E-4 4.37127E-4 4.84793E-4 2.69918E-4 3.67616E-4 4.89171E-4 2.74119E-4 3.93428E-4 4.98616E-4 4.96973E-4 4.85243E-4 3.99921E-4 4.3443E-4 4.74062E-4 5.46081E-4 3.77505E-4 5.45869E-4 5.58664E-4 4.43504E-4 4.87568E-4 4.07806E-4 2.59074E-4 5.56322E-4 5.38858E-4 4.82449E-4 4.60717E-4 5.03525E-4 4.57133E-4 4.72251E-4 3.14454E-4 2.52537E-4 4.45896E-4 2.74843E-4 4.23477E-4 2.71884E-4 2.67368E-4 4.25338E-4 4.63544E-4 2.80343E-4 3.9946E-4 4.72593E-4 4.08681E-4 2.34475E-4 4.39892E-4 4.82874E-4 2.78033E-4 4.7049E-4 4.9685E-4 2.76648E-4 4.76924E-4 4.79733E-4 4.46866E-4 5.31609E-4 2.78782E-4 4.00318E-4 4.59845E-4 2.74183E-4 4.23567E-4 4.9782E-4 4.90454E-4 4.77006E-4 4.07899E-4 4.96104E-4 3.6898E-4 4.79015E-4 2.83322E-4 4.63844E-4 4.81328E-4 2.78695E-4 4.76407E-4 4.36921E-4 2.50095E-4 4.83906E-4 4.91397E-4 4.7042E-4 4.50405E-4 4.797E-4 4.78753E-4 4.71773E-4 2.78689E-4 2.60343E-4 5.35909E-4 0.001145808 4.74026E-4 3.38383E-4 2.62017E-4 4.4553E-4 5.40952E-4 2.6677E-4 4.20808E-4 5.10987E-4 4.38247E-4 2.30485E-4 4.55144E-4 4.64946E-4 2.74452E-4 4.54512E-4 4.63856E-4 2.97709E-4 4.19639E-4 4.58253E-4 4.28755E-4 4.696E-4 2.70021E-4 3.4721E-4 4.63466E-4 2.73165E-4 4.00906E-4 5.01554E-4 4.60029E-4 4.78837E-4 4.07162E-4 5.34133E-4 3.84623E-4 4.73094E-4 2.83062E-4 4.37951E-4 4.83422E-4 2.71833E-4 4.63445E-4 4.2104E-4 2.4916E-4 4.60941E-4 4.75742E-4 4.30171E-4 4.49454E-4 4.68575E-4 4.70674E-4 4.83534E-4 2.84513E-4 2.53576E-4 4.51298E-4 2.6987E-4 4.58002E-4 2.83268E-4 2.68899E-4 4.48256E-4 4.57747E-4 2.56938E-4 4.20652E-4 4.39533E-4 3.92886E-4 2.34593E-4 4.37696E-4 4.72335E-4 2.79814E-4 4.79675E-4 4.8181E-4 2.76019E-4 4.51805E-4 4.50439E-4 4.45217E-4 4.57446E-4 3.10245E-4 4.24034E-4 4.98322E-4 2.76198E-4 4.06038E-4 4.96616E-4 4.78215E-4 5.05855E-4 3.93865E-4 4.8398E-4 4.01503E-4 4.68225E-4 2.74432E-4 4.78115E-4 4.94221E-4 3.66096E-4 4.8849E-4 5.60219E-4 2.95662E-4 6.04682E-4 4.97164E-4 5.29839E-4 5.73224E-4 6.77113E-4 4.94884E-4 4.56445E-4 2.77428E-4 2.51333E-4 4.66271E-4 3.21432E-4 4.4078E-4 3.1789E-4 2.9808E-4 4.79087E-4 5.06926E-4 2.68347E-4 4.40835E-4 4.81045E-4 4.35618E-4 2.30455E-4 4.5372E-4 4.78775E-4 2.82042E-4 4.73199E-4 5.01242E-4 2.79293E-4 4.80717E-4 4.86767E-4 4.38156E-4 4.89111E-4 2.9164E-4 3.68352E-4 5.00539E-4 2.8433E-4 4.13424E-4 5.0535E-4 4.95441E-4 4.82679E-4 4.22694E-4 4.68813E-4 3.71323E-4 4.53143E-4 2.84937E-4 4.68077E-4 4.6728E-4 2.86126E-4 4.69219E-4 4.31803E-4 2.747E-4 5.15226E-4 5.01234E-4 4.53018E-4 4.8527E-4 4.71009E-4 4.70303E-4 4.64577E-4 2.86343E-4 2.46363E-4 4.55223E-4 2.58948E-4 4.29129E-4 2.6863E-4 2.57738E-4 4.49132E-4 4.78973E-4 2.6803E-4 4.39944E-4 4.53323E-4 4.19565E-4 2.40363E-4 4.63457E-4 5.07446E-4 2.7214E-4 4.84408E-4 4.77949E-4 2.70862E-4 4.51708E-4 4.93455E-4 4.28475E-4 5.04125E-4 2.83278E-4 4.1159E-4 4.90859E-4 2.8274E-4 4.06216E-4 5.29846E-4 4.95062E-4 5.04566E-4 4.07487E-4 4.84311E-4 3.88953E-4 4.45131E-4 2.83381E-4 4.40305E-4 4.33648E-4 2.72105E-4 4.70841E-4 4.16758E-4 2.46168E-4 4.85876E-4 4.58958E-4 4.61207E-4 4.43242E-4 4.83044E-4 4.69287E-4 4.88146E-4 2.78819E-4 2.5068E-4 4.6915E-4 2.58717E-4 4.54151E-4 2.72936E-4 2.65966E-4 4.38344E-4 4.32964E-4 2.59858E-4 4.25068E-4 4.58095E-4 4.19913E-4 2.31289E-4 4.41525E-4 4.84596E-4 2.72806E-4 4.57367E-4 4.70484E-4 2.84768E-4 4.97765E-4 6.23864E-4 5.57713E-4 5.50435E-4 3.9069E-4 5.12123E-4 4.75729E-4 2.75145E-4 3.98064E-4 4.82887E-4 4.98557E-4 5.01523E-4 4.02626E-4 4.80022E-4 3.69653E-4 4.51666E-4 5.14885E-4 5.41166E-4 7.71772E-4 4.34514E-4 8.53165E-4 6.6258E-4 3.00079E-4 5.67742E-4 5.74973E-4 4.75529E-4 4.79511E-4 4.78289E-4 4.75389E-4 6.62286E-4 2.90272E-4 2.56233E-4 4.61273E-4 2.53767E-4 4.50234E-4 2.90615E-4 2.68167E-4 4.55137E-4 4.60931E-4 2.5274E-4 4.58474E-4 4.6816E-4 4.14854E-4 2.29265E-4 4.42552E-4 4.91598E-4 2.78401E-4 4.77014E-4 4.94876E-4 2.91493E-4 4.60812E-4 4.83725E-4 4.45211E-4 4.80047E-4 2.82846E-4 3.54074E-4 4.66482E-4 2.65462E-4 4.02047E-4 4.85777E-4 4.59379E-4 4.84255E-4 3.91545E-4 4.3777E-4 3.88046E-4 4.49024E-4 2.74191E-4 4.20161E-4 4.70976E-4 2.69024E-4 4.94742E-4 4.60786E-4 2.85416E-4 4.75936E-4 5.27852E-4 4.50683E-4 5.83386E-4 4.82714E-4 4.4508E-4 4.70099E-4 2.77794E-4 2.40389E-4 4.92851E-4 2.59989E-4 5.89925E-4 2.93571E-4 2.90266E-4 4.30776E-4 5.07509E-4 2.89017E-4 1.44907E-4 0.001309807 7.97847E-4 4.0264E-4 7.04766E-4 9.21941E-4 1.64881E-4 6.68159E-4 6.05028E-4 4.40001E-4 7.64716E-4 6.40471E-4 6.03196E-4 7.06128E-4 3.43632E-4 7.87517E-4 6.64955E-4 3.13947E-4 4.62889E-4 6.33005E-4 8.08672E-4 5.70744E-4 4.81389E-4 6.20551E-4 1.9881E-4 5.90167E-4 3.42925E-4 5.84547E-4 5.72927E-4 2.99999E-4 5.06192E-4 4.57743E-4 2.68212E-4 5.00746E-4 5.3025E-4 4.83552E-4 4.71407E-4 5.14317E-4 4.75857E-4 5.123E-4 2.88232E-4 1.61082E-4 4.95019E-4 2.62226E-4 4.55836E-4 2.76088E-4 1.54594E-4 5.35183E-4 5.03214E-4 2.74916E-4 4.368E-4 4.97127E-4 4.81618E-4 2.43692E-4 4.54627E-4 4.98873E-4 2.86691E-4 5.01399E-4 4.97125E-4 2.76071E-4 4.415E-4 4.85937E-4 4.23043E-4 4.86728E-4 2.99421E-4 3.79505E-4 4.86956E-4 2.92608E-4 4.06699E-4 4.99835E-4 4.66954E-4 5.03179E-4 4.17671E-4 4.82897E-4 3.78273E-4 4.5041E-4 3.13032E-4 4.4149E-4 4.97233E-4 3.19657E-4 4.94808E-4 4.45236E-4 2.5531E-4 4.79094E-4 4.70332E-4 4.5552E-4 4.59721E-4 4.74412E-4 4.44759E-4 4.78913E-4 2.72154E-4 2.60066E-4 4.76193E-4 2.51621E-4 4.37644E-4 2.67127E-4 2.76754E-4 4.23454E-4 4.68003E-4 2.70597E-4 3.97732E-4 4.63675E-4 4.27011E-4 2.3884E-4 4.55192E-4 4.964E-4 2.73059E-4 4.64726E-4 4.84334E-4 1.30036E-4 4.54798E-4 4.78683E-4 4.8092E-4 4.68063E-4 2.76156E-4 4.01835E-4 4.97706E-4 1.25496E-4 3.95324E-4 5.44792E-4 5.38817E-4 5.03485E-4 4.07485E-4 4.98845E-4 4.02099E-4 4.96642E-4 2.84327E-4 4.87216E-4 6.37118E-4 2.91396E-4 5.0875E-4 4.67562E-4 2.7003E-4 5.02123E-4 5.44169E-4 4.72401E-4 4.73213E-4 5.20481E-4 6.22675E-4 5.10591E-4 2.87621E-4 2.66636E-4 4.89918E-4 2.60189E-4 4.68736E-4 2.80891E-4 2.66596E-4 4.65302E-4 4.95254E-4 1.28069E-4 4.03435E-4 4.6375E-4 4.20924E-4 2.22119E-4 4.47338E-4 5.30764E-4 3.53803E-4 5.24201E-4 5.61961E-4 3.20287E-4 5.57283E-4 5.30652E-4 5.43337E-4 6.01202E-4 3.24613E-4 4.50735E-4 5.39287E-4 3.25153E-4 4.46476E-4 5.63321E-4 5.93183E-4 5.25774E-4 4.12466E-4 4.75874E-4 3.74809E-4 4.88186E-4 2.74535E-4 4.60777E-4 4.82265E-4 2.86325E-4 4.86003E-4 4.59829E-4 2.60166E-4 4.57887E-4 5.17896E-4 4.33513E-4 4.69893E-4 4.80469E-4 4.7922E-4 4.64537E-4 2.75133E-4 2.70669E-4 1.10647E-4 2.53132E-4 1.08667E-4 2.62823E-4 2.64875E-4 4.71504E-4 5.02645E-4 2.64803E-4 4.17727E-4 4.76538E-4 4.74352E-4 2.47574E-4 4.69801E-4 5.16812E-4 2.74798E-4 4.79149E-4 5.07087E-4 2.72579E-4 4.68438E-4 5.16746E-4 4.57029E-4 5.14557E-4 2.79151E-4 4.24725E-4 4.98556E-4 2.72986E-4 4.03484E-4 4.83367E-4 4.59223E-4 5.01047E-4 3.79874E-4 4.60765E-4 3.74968E-4 4.59004E-4 2.66693E-4 4.59179E-4 5.07959E-4 2.77248E-4 5.08463E-4 4.69329E-4 2.75994E-4 4.99999E-4 4.96865E-4 4.48679E-4 4.81073E-4 5.05035E-4 4.66468E-4 5.05545E-4 2.82515E-4 2.57632E-4 4.74987E-4 2.68439E-4 4.56265E-4 2.73641E-4 2.54923E-4 4.43293E-4 4.84659E-4 2.56632E-4 4.33E-4 5.03933E-4 4.41747E-4 2.29335E-4 4.37355E-4 5.24449E-4 2.84336E-4 4.99965E-4 4.86382E-4 2.72646E-4 4.54715E-4 4.60062E-4 4.33122E-4 4.83433E-4 3.01761E-4 3.96673E-4 4.79364E-4 2.67909E-4 4.11543E-4 5.12832E-4 5.00538E-4 4.89195E-4 3.8208E-4 4.3832E-4 3.54647E-4 4.77386E-4 2.69971E-4 4.67114E-4 4.89402E-4 2.70236E-4 4.70037E-4 4.58976E-4 2.59273E-4 4.84955E-4 5.26102E-4 4.65464E-4 5.33192E-4 5.17706E-4 4.68228E-4 5.02278E-4 2.89847E-4 2.52222E-4 4.74959E-4 2.56146E-4 4.66527E-4 2.87189E-4 2.96675E-4 4.94649E-4 4.85151E-4 2.66792E-4 4.24989E-4 4.72836E-4 4.527E-4 2.42931E-4 4.63949E-4 5.73504E-4 2.8629E-4 5.14599E-4 8.95878E-4 5.15619E-4 7.89484E-4 8.71409E-4 7.91812E-4 9.1081E-4 5.60562E-4 7.3879E-4 5.7352E-4 5.23194E-4 7.31404E-4 8.43812E-4 8.67388E-4 8.43633E-4 6.72695E-4 7.75676E-4 7.37709E-4 6.6223E-4 3.02501E-4 4.98464E-4 5.34036E-4 3.11272E-4 5.20266E-4 4.75999E-4 4.4028E-4 8.79246E-4 0.00102796 8.7705E-4 5.67897E-4 8.42396E-4 8.40708E-4 7.98802E-4 5.39099E-4 4.89283E-4 7.79147E-4 4.35852E-4 5.48505E-4 3.35234E-4 3.11716E-4 5.26759E-4 5.59223E-4 3.24901E-4 4.9855E-4 4.72337E-4 4.43198E-4 2.86154E-4 4.94631E-4 5.96244E-4 3.21885E-4 6.08904E-4 6.04179E-4 3.3801E-4 5.84946E-4 5.48219E-4 5.13567E-4 6.30988E-4 3.25341E-4 4.24893E-4 5.97306E-4 3.27773E-4 4.86226E-4 6.36328E-4 5.46006E-4 5.81987E-4 4.74518E-4 5.60521E-4 4.48487E-4 5.81652E-4 3.39543E-4 5.1282E-4 4.84486E-4 2.97076E-4 4.96029E-4 4.49957E-4 2.61609E-4 5.33064E-4 0.001369111 7.66453E-4 4.81936E-4 5.15563E-4 7.28643E-4 5.48009E-4 2.81292E-4 2.68809E-4 7.47056E-4 2.97509E-4 5.15909E-4 2.86616E-4 2.7263E-4 6.77232E-4 5.61147E-4 2.60985E-4 4.1005E-4 5.21333E-4 4.74912E-4 2.36162E-4 4.95034E-4 7.768E-4 3.0012E-4 7.09986E-4 8.27311E-4 2.9386E-4 4.82556E-4 7.87969E-4 5.02183E-4 7.08323E-4 2.9538E-4 3.74634E-4 8.22029E-4 2.9055E-4 4.30454E-4 7.57693E-4 7.47589E-4 7.60562E-4 4.11709E-4 7.56561E-4 3.72781E-4 6.54108E-4 3.20394E-4 5.05551E-4 4.95382E-4 2.89373E-4 5.28255E-4 7.2206E-4 2.69632E-4 7.22703E-4 7.5712E-4 4.8884E-4 4.53925E-4 5.29502E-4 5.04783E-4 5.27192E-4 2.78338E-4 2.50179E-4 4.74545E-4 3.04452E-4 4.89672E-4 2.85154E-4 2.70524E-4 7.35952E-4 7.13267E-4 2.63504E-4 4.07244E-4 5.12628E-4 6.64759E-4 2.44201E-4 6.41409E-4 5.26052E-4 2.90238E-4 5.03834E-4 5.18475E-4 2.74212E-4 8.41149E-4 5.40259E-4 4.94923E-4 7.19431E-4 3.06069E-4 3.76121E-4 8.04898E-4 2.91376E-4 4.50442E-4 8.65717E-4 7.74884E-4 7.95049E-4 4.51772E-4 6.89311E-4 3.84716E-4 5.005E-4 1.30329E-4 5.42296E-4 4.97361E-4 1.26182E-4 7.791E-4 4.93582E-4 1.21711E-4 5.03455E-4 5.48061E-4 8.02345E-4 4.75792E-4 5.42257E-4 7.83151E-4 7.36706E-4 2.86492E-4 2.60635E-4 5.14775E-4 2.61331E-4 6.66119E-4 1.3228E-4 2.78284E-4 4.87046E-4 7.53494E-4 2.70809E-4 4.01416E-4 7.90658E-4 6.52212E-4 2.44767E-4 7.79196E-4 7.44338E-4 2.88357E-4 7.15216E-4 5.17807E-4 2.91322E-4 7.59031E-4 7.32769E-4 5.18132E-4 5.22432E-4 2.95768E-4 4.08741E-4 5.44807E-4 2.79713E-4 4.2972E-4 7.89526E-4 7.66242E-4 7.92134E-4 4.02099E-4 7.39955E-4 3.72923E-4 4.74324E-4 2.74863E-4 4.96077E-4 7.45785E-4 3.26586E-4 5.14783E-4 7.26329E-4 2.63307E-4 7.7802E-4 5.62106E-4 4.82339E-4 7.49248E-4 7.51794E-4 7.74927E-4 7.611E-4 1.11998E-4 2.48052E-4 7.14555E-4 2.76976E-4 6.58165E-4 2.87313E-4 2.67058E-4 4.96676E-4 4.95815E-4 2.55294E-4 4.31832E-4 4.84716E-4 4.71683E-4 2.35077E-4 7.42812E-4 5.17508E-4 2.87313E-4 7.67375E-4 8.10525E-4 2.85402E-4 7.67977E-4 6.68758E-4 6.7138E-4 7.34491E-4 3.1641E-4 4.06725E-4 7.96156E-4 2.76403E-4 6.19371E-4 7.95679E-4 5.14591E-4 5.01955E-4 4.04594E-4 4.83334E-4 4.79131E-4 0.00157271 3.26801E-4 5.03748E-4 5.29287E-4 2.80018E-4 5.14267E-4 6.98282E-4 2.60125E-4 7.80149E-4 7.91287E-4 5.18804E-4 6.85781E-4 7.65702E-4 7.48364E-4 8.06646E-4 2.9796E-4 3.81404E-4 9.51223E-4 2.85264E-4 4.76636E-4 3.27936E-4 2.87072E-4 8.2892E-4 7.37133E-4 2.85764E-4 4.13541E-4 4.89044E-4 4.59938E-4 2.37306E-4 6.42435E-4 7.87836E-4 2.77532E-4 5.27174E-4 8.32144E-4 2.74922E-4 7.68241E-4 5.07728E-4 7.59003E-4 7.48743E-4 2.9174E-4 3.67244E-4 8.07467E-4 2.81322E-4 4.34521E-4 7.47908E-4 5.28942E-4 8.07327E-4 4.14125E-4 7.43758E-4 3.78048E-4 6.7293E-4 2.84862E-4 5.00724E-4 7.34462E-4 2.81214E-4 7.17973E-4 0.001247296 4.03979E-4 8.53036E-4 0.001214106 8.10841E-4 7.65643E-4 0.00129816 0.00123893 0.001145705 3.13876E-4 2.62026E-4 6.2706E-4 4.27714E-4 7.80799E-4 2.97516E-4 2.78729E-4 6.64544E-4 0.001198615 4.29653E-4 5.80151E-4 8.50526E-4 0.001065267 4.12022E-4 5.63406E-4 5.12186E-4 3.13283E-4 7.88428E-4 0.001081084 3.70137E-4 7.11063E-4 6.78005E-4 6.78607E-4 6.43805E-4 3.13245E-4 3.54258E-4 5.02646E-4 2.62003E-4 3.96649E-4 7.48822E-4 5.21734E-4 7.65E-4 4.01884E-4 6.84995E-4 3.80301E-4 4.74241E-4 3.12157E-4 7.32362E-4 5.52858E-4 2.74104E-4 6.99072E-4 6.64732E-4 2.46193E-4 5.11849E-4 8.07644E-4 4.80874E-4 4.32775E-4 5.36229E-4 4.73245E-4 5.18157E-4 2.77185E-4 2.45865E-4 7.13853E-4 2.58359E-4 7.03625E-4 3.42309E-4 2.68896E-4 4.81488E-4 6.93996E-4 2.68264E-4 3.92384E-4 7.37804E-4 6.27769E-4 2.39273E-4 6.76662E-4 5.06946E-4 2.9843E-4 6.95857E-4 5.07682E-4 2.91698E-4 6.68314E-4 4.91395E-4 6.37143E-4 7.44166E-4 2.86156E-4 3.84959E-4 6.22833E-4 2.88506E-4 6.84256E-4 7.08106E-4 6.9598E-4 5.60245E-4 3.92541E-4 5.16291E-4 3.47766E-4 4.52506E-4 2.65406E-4 6.57866E-4 5.2804E-4 2.74893E-4 5.0392E-4 5.01083E-4 2.44789E-4 7.43621E-4 7.54215E-4 7.6238E-4 7.45799E-4 7.66916E-4 4.70636E-4 8.00919E-4 2.91797E-4 2.51211E-4 7.00984E-4 3.18883E-4 9.31983E-4 3.5898E-4 3.26946E-4 8.70978E-4 6.60892E-4 3.42497E-4 5.24261E-4 4.97804E-4 5.40908E-4 1.92271E-4 7.06997E-4 5.39405E-4 3.05453E-4 5.50015E-4 5.13808E-4 2.78465E-4 4.7335E-4 5.02291E-4 6.62454E-4 5.17114E-4 1.8274E-4 4.01295E-4 5.26961E-4 2.69011E-4 4.25044E-4 5.3137E-4 7.0393E-4 7.78577E-4 4.01043E-4 6.80683E-4 3.61983E-4 7.38222E-4 2.92555E-4 7.30675E-4 5.16991E-4 2.88295E-4 5.15878E-4 4.8341E-4 2.9577E-4 5.21304E-4 7.55158E-4 5.03904E-4 4.55037E-4 5.29784E-4 4.78544E-4 5.14778E-4 2.82941E-4 2.52586E-4 7.42126E-4 2.57757E-4 7.19002E-4 2.94533E-4 2.61208E-4 6.96891E-4 

Timer for Syntactic Relevance:: 15.912403529
Timer for solver: 3.127933281
		UBUNTU.SPLX	UBUNTU_C250_0.TESTCASES
			Diag: [mandatory(Appearance, Behavoir), mandatory(Look, LauncherIconSize), requires(UniversalAccess1, UniversalAccess), ((~Displays \/ Displays1) \/ Displays2), requires(Displays1, Displays), ((~Speed \/ Speed1) \/ Speed2), (((~AcceptanceDelay \/ AcceptanceDelay1) \/ AcceptanceDelay2) \/ AcceptanceDelay3), ((~Normal \/ Normal1) \/ Normal2), (((~Typing \/ Typing1) \/ Typing2) \/ Typing3), ((~UniversalAccess \/ UniversalAccess1) \/ UniversalAccess2), ((((~Fast \/ Fast1) \/ Fast2) \/ Fast3) \/ Fast4)]
			Diag size: 11
The size of Consistency checks: 3078180
The number of Choco Solver calls: 5550
The number of different: 3
The number of INconsistent: 84
The number of union: 211
The number of post constraints: 3078180
The number of consistent: 5466
The number of unpost constraints: 3078180
The number of Consistency checks: 106

Timer for Syntactic Relevance:[thread=1]: 17.298734106
17.298734106 
Timer for solver[thread=1]: 3.102149095
5.16093E-4 2.81919E-4 4.5533E-4 1.55587E-4 5.52351E-4 1.5947E-4 3.0311E-4 5.71901E-4 6.08207E-4 4.54605E-4 1.42158E-4 3.87847E-4 3.96076E-4 1.27886E-4 4.7908E-4 6.07579E-4 3.70254E-4 6.80302E-4 4.29325E-4 3.43613E-4 5.6409E-4 0.001022925 1.00072E-4 4.56365E-4 5.3105E-4 1.31093E-4 1.08456E-4 1.69449E-4 1.2286E-4 1.00116E-4 6.23549E-4 8.41871E-4 7.4122E-4 7.04254E-4 3.9124E-4 8.48661E-4 7.07518E-4 7.12242E-4 9.87299E-4 8.00063E-4 6.33622E-4 6.57865E-4 6.58384E-4 0.001106099 9.20583E-4 8.43765E-4 8.55243E-4 9.76588E-4 0.001181312 5.34875E-4 1.16565E-4 1.68164E-4 1.28621E-4 1.24612E-4 1.57706E-4 1.82851E-4 1.41082E-4 1.3573E-4 1.08582E-4 1.3418E-4 3.00227E-4 6.24814E-4 6.11994E-4 5.53638E-4 6.83137E-4 5.85919E-4 5.9814E-4 2.92055E-4 6.0693E-4 3.41123E-4 3.50463E-4 6.84248E-4 7.72372E-4 6.06458E-4 6.08117E-4 5.51088E-4 6.7115E-4 6.6075E-4 5.70729E-4 7.29258E-4 3.02602E-4 6.88866E-4 8.58077E-4 6.97409E-4 6.71002E-4 7.68117E-4 7.27972E-4 7.2715E-4 8.80654E-4 3.83262E-4 7.58302E-4 7.03256E-4 7.99044E-4 6.73103E-4 6.4304E-4 7.69717E-4 9.06709E-4 6.09433E-4 8.48871E-4 8.39484E-4 1.23888E-4 9.5218E-5 8.3481E-5 1.06122E-4 8.853E-5 7.0282E-5 1.27113E-4 1.1296E-4 1.44524E-4 1.1387E-4 1.44521E-4 1.23668E-4 9.6326E-5 1.04346E-4 1.35089E-4 1.04686E-4 6.678E-5 1.01694E-4 8.4903E-5 1.08239E-4 1.08706E-4 8.9654E-5 1.23925E-4 1.23747E-4 9.716E-5 1.27062E-4 1.08095E-4 1.25146E-4 1.25224E-4 9.1979E-5 0.001610601 0.001865734 0.001131576 9.44869E-4 0.00226309 0.001064694 0.00265569 0.001804503 8.49816E-4 0.001291684 0.001867322 6.78255E-4 5.25043E-4 3.77277E-4 6.64033E-4 3.2682E-4 6.88922E-4 2.46868E-4 6.01394E-4 3.82654E-4 6.09085E-4 4.66071E-4 3.31055E-4 5.10656E-4 6.06809E-4 5.84677E-4 5.5029E-4 3.95637E-4 5.87688E-4 7.24743E-4 3.57689E-4 5.53933E-4 4.52183E-4 3.4073E-4 3.73526E-4 2.79247E-4 2.98443E-4 3.44813E-4 4.21748E-4 5.21797E-4 3.7632E-4 2.42361E-4 4.60352E-4 4.45335E-4 3.27978E-4 3.65514E-4 3.93449E-4 6.38868E-4 5.79393E-4 3.27171E-4 4.78235E-4 3.54186E-4 2.5427E-4 3.18175E-4 3.35502E-4 2.44618E-4 3.71126E-4 4.45545E-4 3.63216E-4 5.49072E-4 3.8674E-4 3.76564E-4 3.25863E-4 2.00245E-4 4.65806E-4 5.13532E-4 6.17264E-4 5.46127E-4 5.70454E-4 4.42025E-4 3.3477E-4 5.34066E-4 4.7854E-4 5.62623E-4 5.75029E-4 4.24406E-4 6.62656E-4 6.08591E-4 3.38309E-4 4.5097E-4 3.89213E-4 6.34578E-4 4.88855E-4 2.43463E-4 3.53452E-4 2.92428E-4 6.96251E-4 2.75754E-4 3.75241E-4 6.9996E-4 4.07663E-4 3.86815E-4 3.55763E-4 3.55502E-4 3.70712E-4 3.78097E-4 3.67614E-4 6.59069E-4 3.21284E-4 4.4456E-4 5.10909E-4 6.33378E-4 3.7203E-4 3.54629E-4 3.77228E-4 3.69862E-4 3.04558E-4 3.01303E-4 3.18053E-4 2.85021E-4 3.63072E-4 6.81227E-4 1.91662E-4 2.70775E-4 1.70671E-4 3.5004E-4 3.64297E-4 3.98512E-4 3.05155E-4 6.73026E-4 4.6876E-4 4.2846E-4 4.8314E-4 4.30245E-4 4.56374E-4 4.34712E-4 4.58791E-4 4.34801E-4 4.64326E-4 4.51554E-4 4.55244E-4 4.87592E-4 5.09809E-4 7.55168E-4 8.96347E-4 7.93009E-4 7.53177E-4 4.74375E-4 5.28258E-4 5.59017E-4 5.10284E-4 5.36457E-4 5.25234E-4 4.84068E-4 7.81513E-4 6.90512E-4 5.36195E-4 8.01957E-4 8.1585E-4 6.97785E-4 5.49185E-4 5.21791E-4 7.56787E-4 5.94822E-4 5.35437E-4 5.2359E-4 5.19902E-4 5.38519E-4 4.91273E-4 7.81027E-4 6.07079E-4 8.65609E-4 5.49561E-4 4.81187E-4 7.65828E-4 7.09029E-4 4.84925E-4 5.27041E-4 5.22222E-4 4.6393E-4 5.38677E-4 5.16339E-4 7.82859E-4 7.77586E-4 5.79571E-4 7.84893E-4 7.87405E-4 5.64686E-4 8.01596E-4 7.87358E-4 5.48337E-4 5.2714E-4 8.04472E-4 5.24543E-4 5.18924E-4 5.34276E-4 6.09148E-4 7.77696E-4 5.96475E-4 5.61023E-4 8.3335E-4 7.14398E-4 5.55368E-4 8.26504E-4 7.92351E-4 8.01434E-4 7.85035E-4 5.83664E-4 8.05593E-4 7.26386E-4 5.81711E-4 8.43468E-4 8.33466E-4 7.8901E-4 8.07564E-4 8.29328E-4 5.6285E-4 8.04079E-4 5.12238E-4 5.65498E-4 7.58641E-4 5.55643E-4 5.38623E-4 7.50318E-4 5.24922E-4 7.74525E-4 7.79926E-4 7.62852E-4 7.64149E-4 5.0995E-4 5.17594E-4 5.2662E-4 5.49758E-4 4.76878E-4 8.55108E-4 5.31698E-4 8.09968E-4 5.15968E-4 5.05781E-4 5.39549E-4 5.59781E-4 7.70029E-4 0.001018441 7.36095E-4 9.89125E-4 6.41523E-4 9.07643E-4 5.68193E-4 8.10452E-4 5.81219E-4 7.88914E-4 5.03419E-4 5.33825E-4 5.24219E-4 7.41052E-4 8.29966E-4 8.59425E-4 5.84079E-4 5.32331E-4 8.51551E-4 5.21184E-4 5.30161E-4 5.66159E-4 5.02386E-4 7.55732E-4 8.24153E-4 8.27973E-4 5.90043E-4 5.31668E-4 8.45472E-4 8.02391E-4 8.53611E-4 5.39351E-4 8.36537E-4 5.55961E-4 5.12882E-4 7.85843E-4 7.44914E-4 5.36551E-4 8.56552E-4 7.81618E-4 8.64274E-4 8.56072E-4 7.35197E-4 6.10459E-4 5.31334E-4 0.001140105 8.05054E-4 5.08777E-4 4.77795E-4 5.56212E-4 5.24924E-4 7.53571E-4 7.37044E-4 5.44304E-4 5.23853E-4 5.53214E-4 8.14392E-4 6.95794E-4 6.43075E-4 6.32934E-4 6.2763E-4 6.20205E-4 6.06968E-4 9.74085E-4 9.57601E-4 9.69609E-4 6.77464E-4 9.43605E-4 5.51715E-4 4.90789E-4 8.27951E-4 5.11468E-4 5.19362E-4 7.07724E-4 7.63411E-4 5.74746E-4 8.15433E-4 4.70378E-4 5.06183E-4 4.62495E-4 5.30519E-4 7.76744E-4 5.39757E-4 5.24788E-4 9.86596E-4 5.58343E-4 7.75237E-4 7.91318E-4 8.33153E-4 7.42709E-4 7.211E-4 8.17645E-4 7.67156E-4 5.22648E-4 5.88101E-4 7.98189E-4 8.69971E-4 7.94165E-4 7.7752E-4 7.68978E-4 5.88596E-4 6.26924E-4 8.01816E-4 8.40552E-4 5.85905E-4 5.1722E-4 7.09592E-4 7.76059E-4 8.23738E-4 5.5922E-4 7.66568E-4 4.89635E-4 5.60682E-4 8.17214E-4 5.71078E-4 7.49818E-4 5.37468E-4 7.10509E-4 5.73003E-4 7.35314E-4 6.07964E-4 8.3284E-4 5.5091E-4 7.97898E-4 5.9637E-4 8.29564E-4 5.55232E-4 8.48981E-4 9.12625E-4 7.67668E-4 8.05277E-4 7.75019E-4 7.6705E-4 7.86115E-4 7.80779E-4 9.04139E-4 5.06577E-4 8.97413E-4 5.45087E-4 5.69186E-4 5.00523E-4 5.29758E-4 5.96779E-4 5.52819E-4 7.22798E-4 7.93433E-4 6.86113E-4 6.07595E-4 8.32353E-4 7.65148E-4 7.87196E-4 8.95038E-4 9.5845E-4 7.57502E-4 5.35742E-4 5.58862E-4 5.05796E-4 5.11425E-4 8.74181E-4 8.14868E-4 5.61662E-4 5.04076E-4 8.25035E-4 7.6454E-4 7.60009E-4 5.74762E-4 7.98516E-4 5.61202E-4 5.67947E-4 6.05392E-4 4.97306E-4 5.57385E-4 7.65533E-4 6.31612E-4 5.5469E-4 7.91876E-4 5.98944E-4 5.46586E-4 5.38555E-4 8.22084E-4 5.97839E-4 7.77236E-4 5.5301E-4 5.7693E-4 7.27947E-4 7.60731E-4 5.99484E-4 5.75263E-4 5.48817E-4 5.85032E-4 8.40238E-4 6.58556E-4 8.09084E-4 5.87823E-4 5.71708E-4 5.63915E-4 5.45876E-4 6.41047E-4 7.39218E-4 8.99569E-4 6.27231E-4 5.42083E-4 7.26979E-4 5.83395E-4 7.42077E-4 6.00895E-4 7.01508E-4 7.27976E-4 5.8331E-4 7.47835E-4 5.80022E-4 8.11918E-4 5.8994E-4 5.36858E-4 7.98289E-4 7.53476E-4 7.6304E-4 7.61611E-4 5.57391E-4 4.97271E-4 6.47521E-4 7.52425E-4 8.04309E-4 6.10262E-4 5.36555E-4 8.10771E-4 7.48234E-4 5.7975E-4 7.96507E-4 8.56089E-4 7.70528E-4 6.21527E-4 7.81873E-4 5.44957E-4 5.80921E-4 5.3937E-4 5.829E-4 5.4494E-4 9.29394E-4 7.55847E-4 7.20738E-4 5.74051E-4 7.50349E-4 6.21382E-4 5.49818E-4 8.05503E-4 5.80528E-4 7.45626E-4 7.17446E-4 7.53817E-4 5.40542E-4 5.31419E-4 5.76747E-4 8.08668E-4 8.29187E-4 5.99923E-4 5.36846E-4 5.42761E-4 5.47062E-4 4.91025E-4 5.7946E-4 7.31405E-4 7.12831E-4 8.2588E-4 8.14798E-4 8.33094E-4 5.43379E-4 8.29541E-4 7.58166E-4 5.33781E-4 5.57209E-4 5.07952E-4 5.48677E-4 5.46699E-4 5.61839E-4 5.50605E-4 7.79224E-4 8.15506E-4 7.17071E-4 7.21217E-4 6.46795E-4 7.50111E-4 5.60999E-4 5.77081E-4 5.51058E-4 5.7814E-4 7.75487E-4 5.85058E-4 5.11084E-4 5.69561E-4 5.65042E-4 4.92804E-4 5.37213E-4 5.2953E-4 5.54688E-4 7.78996E-4 8.15463E-4 7.16342E-4 7.853E-4 5.44365E-4 8.12095E-4 8.01899E-4 7.58984E-4 6.11954E-4 8.19024E-4 7.68678E-4 8.14186E-4 6.0311E-4 5.56975E-4 5.95086E-4 5.29478E-4 5.40382E-4 8.2598E-4 5.34178E-4 7.92095E-4 5.9184E-4 5.49893E-4 5.30663E-4 6.97353E-4 7.27388E-4 7.12567E-4 9.34604E-4 5.46603E-4 5.8301E-4 7.51919E-4 7.65606E-4 8.42542E-4 0.001018418 7.63721E-4 8.72359E-4 8.19153E-4 7.72065E-4 7.88194E-4 8.13816E-4 5.31933E-4 8.6743E-4 8.16406E-4 5.65939E-4 7.37537E-4 8.15927E-4 7.83752E-4 5.73522E-4 5.07523E-4 7.37748E-4 5.24063E-4 8.15362E-4 7.97976E-4 7.50655E-4 5.8345E-4 7.82921E-4 8.09053E-4 5.42062E-4 8.41569E-4 6.16521E-4 5.69868E-4 7.64002E-4 5.88361E-4 7.97255E-4 8.08883E-4 6.69641E-4 8.05375E-4 7.60261E-4 5.41511E-4 8.92718E-4 6.21599E-4 5.2556E-4 6.03838E-4 5.70887E-4 6.38085E-4 8.00633E-4 8.24314E-4 7.90933E-4 7.59711E-4 7.97104E-4 7.74267E-4 7.53517E-4 6.21924E-4 5.0437E-4 5.18144E-4 7.20133E-4 5.47899E-4 6.26756E-4 5.24995E-4 8.71175E-4 7.91748E-4 5.50573E-4 5.56982E-4 5.63334E-4 5.52465E-4 5.64978E-4 0.001009169 7.14935E-4 7.60672E-4 6.88148E-4 8.07599E-4 7.97348E-4 7.79396E-4 8.0179E-4 7.68851E-4 7.53295E-4 5.84186E-4 5.14036E-4 5.46142E-4 5.62956E-4 8.01257E-4 5.85409E-4 5.73095E-4 6.32167E-4 6.04427E-4 5.92744E-4 5.51632E-4 9.68764E-4 0.001538849 8.35993E-4 6.16388E-4 5.33981E-4 5.38519E-4 5.71964E-4 9.85059E-4 5.82565E-4 5.24055E-4 5.57941E-4 5.55055E-4 5.66581E-4 9.16081E-4 8.9589E-4 9.22659E-4 8.7936E-4 5.75685E-4 5.98228E-4 5.81453E-4 5.4643E-4 9.29587E-4 9.15852E-4 5.73362E-4 9.39154E-4 5.43408E-4 5.1327E-4 5.70058E-4 9.46647E-4 5.91669E-4 9.71862E-4 5.32003E-4 5.47098E-4 5.26014E-4 9.40514E-4 5.85722E-4 6.02741E-4 8.97614E-4 8.5878E-4 5.95281E-4 9.36616E-4 6.15021E-4 8.6176E-4 5.70148E-4 5.47153E-4 5.23598E-4 9.3501E-4 5.67637E-4 5.99242E-4 9.56557E-4 6.19194E-4 9.70397E-4 5.62529E-4 9.647E-4 5.1874E-4 5.10346E-4 5.30855E-4 8.83881E-4 8.88963E-4 5.65848E-4 9.30487E-4 5.9197E-4 9.7961E-4 8.51073E-4 8.99831E-4 9.19572E-4 5.82241E-4 9.11892E-4 8.47229E-4 9.33517E-4 9.69602E-4 5.62627E-4 5.4583E-4 8.72633E-4 5.40129E-4 5.40886E-4 8.49944E-4 8.95049E-4 8.85247E-4 8.74496E-4 8.38379E-4 5.93565E-4 5.75692E-4 5.26807E-4 5.59615E-4 9.13209E-4 9.63779E-4 5.41157E-4 5.7902E-4 9.36626E-4 9.23155E-4 5.89619E-4 8.66119E-4 9.50538E-4 5.51172E-4 9.16807E-4 9.14458E-4 9.43958E-4 5.84756E-4 5.4908E-4 8.8791E-4 5.66234E-4 5.36727E-4 5.55563E-4 9.24408E-4 5.74181E-4 8.8163E-4 8.55099E-4 5.37549E-4 9.41414E-4 5.49028E-4 5.35694E-4 9.1483E-4 8.66468E-4 8.9021E-4 8.93812E-4 5.04129E-4 8.78964E-4 5.68013E-4 5.2071E-4 9.06305E-4 5.94826E-4 5.00091E-4 5.59948E-4 9.15049E-4 5.48191E-4 9.04967E-4 5.49364E-4 8.88983E-4 8.49557E-4 8.45651E-4 5.71753E-4 8.87322E-4 9.05097E-4 5.78353E-4 9.80297E-4 8.4256E-4 8.59222E-4 8.87983E-4 9.47119E-4 8.59781E-4 8.89741E-4 5.91949E-4 5.64488E-4 8.76167E-4 5.67616E-4 9.54659E-4 8.85142E-4 5.3578E-4 9.5012E-4 5.66384E-4 9.5903E-4 9.41722E-4 9.11643E-4 8.46935E-4 5.8682E-4 5.22183E-4 5.61426E-4 5.18265E-4 5.21051E-4 8.97071E-4 8.84448E-4 5.55611E-4 5.34554E-4 9.48699E-4 6.01902E-4 8.69775E-4 5.75705E-4 8.88232E-4 9.68064E-4 5.80727E-4 5.43617E-4 9.18205E-4 9.02782E-4 8.47122E-4 9.16185E-4 8.45243E-4 8.9113E-4 5.57387E-4 5.74691E-4 8.97704E-4 5.80103E-4 9.19251E-4 5.62887E-4 5.77362E-4 9.03516E-4 7.98241E-4 8.37241E-4 9.62647E-4 8.75338E-4 5.70395E-4 9.25261E-4 5.93018E-4 5.30865E-4 9.53001E-4 5.64377E-4 9.16735E-4 5.63102E-4 9.80471E-4 5.40301E-4 8.97448E-4 5.4008E-4 5.57307E-4 5.61117E-4 9.62279E-4 5.98045E-4 5.63068E-4 0.001394698 5.81287E-4 9.21355E-4 9.26563E-4 8.71001E-4 5.66246E-4 8.85702E-4 9.60784E-4 8.93121E-4 8.299E-4 8.75071E-4 5.83576E-4 9.15838E-4 5.80641E-4 9.384E-4 9.20321E-4 8.66632E-4 5.97609E-4 5.73376E-4 8.88735E-4 5.37689E-4 5.35581E-4 8.80096E-4 8.68079E-4 5.6741E-4 9.08678E-4 8.38633E-4 5.98764E-4 8.86115E-4 9.0776E-4 5.80487E-4 9.37432E-4 6.11695E-4 5.42986E-4 9.37347E-4 8.84952E-4 8.65975E-4 5.51675E-4 8.92828E-4 5.88895E-4 9.63364E-4 8.51449E-4 8.49734E-4 9.09503E-4 5.63052E-4 5.48557E-4 5.96645E-4 9.39003E-4 5.66937E-4 5.49051E-4 9.15835E-4 9.17698E-4 9.26504E-4 0.001099001 9.55201E-4 6.68841E-4 8.77211E-4 0.001010571 6.52073E-4 9.49964E-4 9.68576E-4 0.001298852 8.1866E-4 0.001305316 0.001210115 0.001251215 7.58923E-4 0.001248936 7.37522E-4 0.001226191 0.001075297 6.62478E-4 6.60024E-4 0.001060025 9.36486E-4 6.00092E-4 9.35568E-4 9.02568E-4 5.91608E-4 8.80985E-4 6.1302E-4 9.07941E-4 9.34549E-4 8.36415E-4 6.01075E-4 5.79138E-4 5.55373E-4 9.8667E-4 5.63565E-4 5.72565E-4 9.50658E-4 8.64873E-4 9.14502E-4 5.77081E-4 5.70082E-4 9.6855E-4 5.8599E-4 5.36627E-4 5.68261E-4 5.7523E-4 5.51367E-4 5.17654E-4 9.0726E-4 8.94358E-4 8.9302E-4 8.39188E-4 5.39127E-4 5.54199E-4 5.45094E-4 4.87436E-4 5.61867E-4 9.1279E-4 9.25647E-4 5.94248E-4 5.23389E-4 9.52008E-4 6.01506E-4 8.95488E-4 5.63674E-4 9.13271E-4 5.7026E-4 5.3842E-4 9.20466E-4 8.77702E-4 8.75863E-4 5.7645E-4 8.92617E-4 5.82754E-4 9.20582E-4 8.59384E-4 8.98378E-4 9.08379E-4 5.89415E-4 9.0031E-4 5.77201E-4 5.50536E-4 8.64638E-4 5.90759E-4 9.16248E-4 9.45942E-4 6.33066E-4 5.34694E-4 5.54993E-4 5.62159E-4 5.42051E-4 5.39611E-4 5.61015E-4 5.28106E-4 9.12485E-4 0.001354155 0.001187254 0.001106976 0.001388299 9.12429E-4 7.1631E-4 0.001141285 7.42786E-4 0.001099704 9.73585E-4 5.13531E-4 8.99348E-4 5.45328E-4 9.28021E-4 9.29061E-4 9.13394E-4 9.6406E-4 5.79189E-4 9.20768E-4 6.04887E-4 8.82158E-4 8.99122E-4 9.42291E-4 6.13448E-4 5.1245E-4 9.29344E-4 9.14423E-4 9.4418E-4 0.002679816 0.00101763 9.35933E-4 5.71202E-4 6.08207E-4 9.27756E-4 9.39807E-4 9.97916E-4 5.63524E-4 8.91898E-4 0.001076295 9.37587E-4 6.3946E-4 9.12871E-4 9.74866E-4 6.48507E-4 9.35067E-4 5.775E-4 9.28497E-4 9.417E-4 8.90067E-4 5.82585E-4 5.46975E-4 9.35486E-4 9.61472E-4 8.78871E-4 5.79558E-4 5.43988E-4 9.60293E-4 6.00716E-4 6.15741E-4 9.24419E-4 8.98584E-4 8.84418E-4 9.72105E-4 6.61358E-4 6.26737E-4 0.001016643 9.66562E-4 9.28622E-4 9.8777E-4 6.12108E-4 5.96134E-4 9.56993E-4 9.31228E-4 9.72327E-4 6.20283E-4 6.29801E-4 6.11241E-4 5.64396E-4 9.40636E-4 9.60473E-4 6.66684E-4 0.001007307 9.50501E-4 6.0112E-4 0.001038422 9.2125E-4 8.63521E-4 9.64186E-4 0.00107754 5.66887E-4 6.22861E-4 9.74027E-4 5.91485E-4 5.92958E-4 9.32533E-4 0.001000255 9.34307E-4 6.50653E-4 5.77122E-4 9.98559E-4 6.30835E-4 6.05761E-4 9.46162E-4 0.001056718 6.33659E-4 9.26557E-4 6.29739E-4 5.9526E-4 0.001067703 6.35463E-4 6.02087E-4 9.81146E-4 9.73046E-4 8.95699E-4 8.98233E-4 8.67453E-4 6.06384E-4 9.74205E-4 6.02333E-4 9.42744E-4 6.23339E-4 8.78563E-4 5.81262E-4 0.001002326 9.18137E-4 9.10107E-4 0.001060059 5.87709E-4 6.04155E-4 9.31145E-4 9.76035E-4 9.44304E-4 8.66049E-4 9.83494E-4 9.97378E-4 6.63077E-4 5.40088E-4 5.55808E-4 9.83672E-4 8.70918E-4 9.2379E-4 9.75518E-4 6.04435E-4 9.5156E-4 8.96199E-4 5.88311E-4 9.78897E-4 1.15679E-4 5.44936E-4 9.08405E-4 5.73295E-4 9.13407E-4 8.95834E-4 9.08267E-4 6.22223E-4 8.30872E-4 8.36268E-4 6.07855E-4 9.77873E-4 5.46882E-4 8.69723E-4 0.001603105 5.41012E-4 5.42073E-4 5.98282E-4 4.85846E-4 9.56921E-4 5.96438E-4 5.02435E-4 8.57622E-4 5.73841E-4 7.72008E-4 5.93919E-4 5.50853E-4 9.27493E-4 9.69581E-4 8.93289E-4 5.35567E-4 9.6916E-4 9.55853E-4 9.50495E-4 6.42074E-4 5.68887E-4 9.373E-4 9.3437E-4 8.73729E-4 5.48715E-4 8.40142E-4 7.21131E-4 0.001176066 0.001185462 0.001216833 7.232E-4 7.48785E-4 7.71437E-4 7.12826E-4 7.42938E-4 8.55325E-4 0.001169532 7.97653E-4 0.001229766 0.001317784 8.00379E-4 0.001272073 0.001281386 8.43742E-4 0.001268172 8.0657E-4 8.3048E-4 0.001201261 0.001295529 8.44472E-4 0.001260854 0.001238503 0.001024751 5.56171E-4 5.84402E-4 9.17922E-4 5.89373E-4 9.59002E-4 5.69179E-4 5.60907E-4 5.786E-4 9.86038E-4 6.17046E-4 6.16082E-4 5.3018E-4 5.15448E-4 5.6404E-4 0.001058895 9.72645E-4 6.32559E-4 5.78591E-4 9.75558E-4 6.15539E-4 5.76141E-4 9.34428E-4 6.37524E-4 9.61472E-4 5.50303E-4 6.29722E-4 9.45035E-4 8.46804E-4 5.98535E-4 5.9574E-4 5.65347E-4 5.91141E-4 9.69451E-4 5.402E-4 6.18459E-4 9.25251E-4 9.24486E-4 6.00902E-4 9.19763E-4 6.12022E-4 5.09845E-4 5.64064E-4 9.46592E-4 6.01846E-4 5.38619E-4 9.63795E-4 9.43017E-4 5.6663E-4 9.60359E-4 6.18637E-4 5.42487E-4 5.40916E-4 5.91816E-4 5.46842E-4 5.53223E-4 8.65869E-4 8.59103E-4 9.71144E-4 6.06559E-4 8.95544E-4 5.72126E-4 8.21898E-4 5.00254E-4 9.78007E-4 9.67815E-4 8.57853E-4 6.27824E-4 5.47968E-4 9.12709E-4 9.00968E-4 9.55618E-4 9.06406E-4 9.7847E-4 8.8586E-4 5.32516E-4 0.0010038 5.78221E-4 7.86226E-4 8.98861E-4 9.27714E-4 5.88798E-4 9.45214E-4 8.77005E-4 8.11631E-4 5.88761E-4 5.72299E-4 9.59565E-4 9.04969E-4 5.70385E-4 5.53621E-4 8.46239E-4 5.66427E-4 5.59627E-4 9.19609E-4 5.83665E-4 0.001426693 6.0303E-4 0.001014366 9.01558E-4 6.64622E-4 5.08654E-4 8.89397E-4 9.29134E-4 5.70071E-4 5.10219E-4 9.44095E-4 8.49696E-4 5.80122E-4 4.96738E-4 5.09215E-4 9.66453E-4 8.36227E-4 4.82911E-4 9.61667E-4 6.00543E-4 9.23138E-4 5.67523E-4 5.08339E-4 5.1611E-4 9.59032E-4 8.47489E-4 5.51642E-4 8.52012E-4 8.84775E-4 8.1854E-4 5.35526E-4 9.21792E-4 8.30347E-4 9.39476E-4 5.66552E-4 5.47272E-4 5.93212E-4 5.92111E-4 5.32012E-4 6.47888E-4 6.11616E-4 6.2682E-4 0.001051818 0.001088894 0.001104477 6.34831E-4 9.54995E-4 6.70521E-4 0.001164475 0.001191213 0.001250149 7.55433E-4 0.001247814 7.99587E-4 7.66006E-4 6.78058E-4 0.001205963 0.00113882 0.001167933 0.001014611 9.3281E-4 5.78977E-4 6.06338E-4 6.00867E-4 5.68418E-4 0.001092685 9.04432E-4 5.45527E-4 0.001146558 0.001070895 9.59231E-4 6.16253E-4 5.77593E-4 9.61368E-4 9.36349E-4 8.91866E-4 5.44933E-4 5.83035E-4 9.60545E-4 5.50627E-4 9.16136E-4 8.85717E-4 8.58556E-4 6.17964E-4 5.68272E-4 5.85077E-4 5.53617E-4 9.13392E-4 4.95901E-4 9.40394E-4 9.04705E-4 8.8148E-4 9.60677E-4 9.10781E-4 8.42496E-4 5.47032E-4 8.91653E-4 5.63345E-4 5.87729E-4 5.6159E-4 5.51426E-4 5.68719E-4 5.83808E-4 9.5351E-4 9.39809E-4 5.15309E-4 8.75747E-4 8.23141E-4 5.32612E-4 5.8173E-4 5.39615E-4 7.97982E-4 8.58957E-4 4.93199E-4 9.01589E-4 5.50748E-4 5.08623E-4 4.68234E-4 9.4425E-4 9.24425E-4 9.36189E-4 5.88858E-4 5.61663E-4 5.15526E-4 9.10171E-4 9.30016E-4 5.4717E-4 5.51431E-4 8.92458E-4 8.32226E-4 5.80086E-4 9.41044E-4 7.62567E-4 9.12954E-4 8.3565E-4 8.35138E-4 9.0107E-4 6.21669E-4 8.7755E-4 8.82727E-4 8.84199E-4 5.52612E-4 8.56513E-4 8.3699E-4 5.68209E-4 4.87405E-4 5.24528E-4 8.66015E-4 6.12235E-4 4.99633E-4 5.32833E-4 5.03573E-4 8.39245E-4 9.29885E-4 9.14669E-4 5.1908E-4 4.73089E-4 8.66698E-4 5.61602E-4 5.03161E-4 9.26716E-4 8.10825E-4 5.5623E-4 8.78771E-4 5.41015E-4 5.37409E-4 7.60773E-4 7.7109E-4 8.87998E-4 8.64184E-4 5.8855E-4 5.73139E-4 5.39167E-4 8.4975E-4 8.53378E-4 5.71391E-4 5.27524E-4 8.78311E-4 8.55082E-4 7.93085E-4 5.58723E-4 8.79031E-4 8.1006E-4 5.81833E-4 5.38979E-4 5.18744E-4 5.40086E-4 8.88957E-4 8.13625E-4 8.6868E-4 5.83392E-4 8.5372E-4 5.58507E-4 8.74895E-4 5.82985E-4 8.29113E-4 8.21254E-4 5.32293E-4 9.56797E-4 8.23963E-4 5.36624E-4 9.47206E-4 5.59447E-4 5.16475E-4 5.5172E-4 8.25355E-4 4.78839E-4 4.46945E-4 8.15771E-4 8.55091E-4 8.65398E-4 5.20046E-4 8.60986E-4 4.5305E-4 8.38952E-4 5.8867E-4 4.68843E-4 4.05964E-4 8.83846E-4 8.88324E-4 5.38485E-4 5.41513E-4 5.10743E-4 4.82942E-4 9.39305E-4 9.01356E-4 5.56217E-4 5.15338E-4 5.08876E-4 5.19911E-4 5.17679E-4 5.05453E-4 4.37087E-4 5.75275E-4 8.99987E-4 8.63988E-4 8.42517E-4 5.41164E-4 8.029E-4 8.71973E-4 8.38736E-4 8.5376E-4 9.57687E-4 7.99328E-4 8.49339E-4 7.76767E-4 4.96189E-4 8.35734E-4 5.83103E-4 5.42685E-4 8.88387E-4 5.66292E-4 8.64647E-4 5.90377E-4 5.13217E-4 8.21496E-4 0.001087977 9.28421E-4 6.68734E-4 6.36335E-4 6.23014E-4 0.00104207 0.001150906 5.60438E-4 6.93694E-4 0.001073351 9.47017E-4 4.82886E-4 9.23397E-4 5.77681E-4 8.07721E-4 9.07342E-4 9.08604E-4 8.86742E-4 6.29536E-4 8.66761E-4 8.07901E-4 5.64092E-4 5.24203E-4 5.11791E-4 9.63688E-4 8.59123E-4 7.96094E-4 5.67658E-4 5.66756E-4 9.27036E-4 9.311E-4 5.96104E-4 8.92328E-4 0.001029429 5.57312E-4 5.34921E-4 4.97208E-4 5.66647E-4 5.80079E-4 9.06858E-4 4.8809E-4 9.00739E-4 9.30075E-4 5.2383E-4 9.30173E-4 9.55925E-4 9.22733E-4 5.71099E-4 5.48311E-4 4.74767E-4 5.38082E-4 4.52139E-4 5.1029E-4 4.91074E-4 4.8226E-4 8.11907E-4 8.39399E-4 4.17552E-4 9.42419E-4 9.37251E-4 5.07579E-4 3.40845E-4 5.81389E-4 5.98591E-4 4.21466E-4 8.82408E-4 8.46454E-4 4.4045E-4 5.86806E-4 5.6981E-4 5.42371E-4 9.58212E-4 4.32262E-4 8.16973E-4 5.64687E-4 4.14779E-4 4.57879E-4 5.44684E-4 5.34065E-4 9.03406E-4 6.09249E-4 5.95285E-4 8.34758E-4 8.90497E-4 4.42642E-4 5.40129E-4 8.9185E-4 4.29089E-4 5.31425E-4 8.57789E-4 3.80485E-4 5.66239E-4 9.66888E-4 9.46336E-4 5.6835E-4 5.5915E-4 5.23413E-4 9.27599E-4 4.55793E-4 3.99812E-4 8.73262E-4 3.63625E-4 4.76985E-4 3.94556E-4 3.64003E-4 8.28332E-4 5.9786E-4 2.83484E-4 9.21871E-4 5.54457E-4 5.02963E-4 2.55965E-4 8.95494E-4 8.99882E-4 3.14502E-4 5.97084E-4 5.49625E-4 3.07006E-4 8.6067E-4 9.02734E-4 5.7847E-4 8.8599E-4 3.14228E-4 5.20599E-4 9.0509E-4 3.07322E-4 7.14686E-4 6.06215E-4 9.11198E-4 8.91165E-4 8.71742E-4 8.76587E-4 8.43541E-4 8.88214E-4 3.09449E-4 5.08933E-4 5.15889E-4 2.93989E-4 5.00784E-4 8.20823E-4 2.82413E-4 5.55422E-4 5.45987E-4 8.90035E-4 9.0228E-4 5.43655E-4 5.23854E-4 5.5412E-4 3.07074E-4 0.001084298 4.92881E-4 2.69203E-4 5.14511E-4 2.94378E-4 2.92033E-4 8.86829E-4 5.37446E-4 2.95703E-4 8.70402E-4 5.6256E-4 7.62739E-4 2.48166E-4 5.73782E-4 9.03051E-4 3.06372E-4 8.70784E-4 8.51221E-4 2.97107E-4 8.36885E-4 8.83227E-4 5.25555E-4 8.47869E-4 2.96634E-4 5.45079E-4 9.26112E-4 2.94461E-4 4.54716E-4 5.736E-4 5.54152E-4 5.11805E-4 8.29335E-4 6.04257E-4 8.06014E-4 5.51435E-4 2.90319E-4 5.46043E-4 8.9682E-4 3.01147E-4 5.33577E-4 8.1854E-4 2.81338E-4 5.53722E-4 8.783E-5 9.15214E-4 5.0398E-4 8.30009E-4 5.34602E-4 8.87418E-4 3.08759E-4 2.64887E-4 4.95887E-4 2.70505E-4 7.88188E-4 2.75542E-4 2.83215E-4 8.44763E-4 5.69056E-4 2.76009E-4 0.001021004 6.47039E-4 9.02319E-4 2.7077E-4 5.9955E-4 9.77219E-4 3.08882E-4 6.3824E-4 5.79128E-4 3.34101E-4 0.00108454 6.93804E-4 0.001041621 0.001186011 3.88782E-4 6.6002E-4 6.82173E-4 3.66507E-4 5.70341E-4 6.61503E-4 6.54325E-4 6.40932E-4 0.001087994 7.3489E-4 9.80615E-4 6.52088E-4 3.267E-4 5.57195E-4 5.42906E-4 3.26664E-4 9.51095E-4 6.4932E-4 2.82133E-4 9.37771E-4 8.91058E-4 8.57783E-4 5.89824E-4 8.98474E-4 5.59852E-4 8.95509E-4 3.37996E-4 2.79261E-4 7.92921E-4 2.80465E-4 5.29679E-4 3.13411E-4 3.24934E-4 8.52953E-4 5.50965E-4 2.89773E-4 5.4625E-4 5.2722E-4 4.9215E-4 2.47724E-4 5.62202E-4 9.31176E-4 3.0267E-4 6.09421E-4 5.50486E-4 3.01626E-4 5.30547E-4 8.98891E-4 5.38495E-4 5.48944E-4 2.98234E-4 5.34705E-4 5.67178E-4 3.04218E-4 7.55073E-4 5.45645E-4 9.53846E-4 8.68679E-4 5.41381E-4 5.69872E-4 4.85632E-4 4.94647E-4 2.98254E-4 5.07684E-4 5.58882E-4 2.94826E-4 9.44111E-4 5.2652E-4 2.94457E-4 9.10997E-4 8.68275E-4 8.5586E-4 5.27773E-4 5.19388E-4 8.84187E-4 5.88689E-4 3.07746E-4 2.6479E-4 8.2584E-4 2.81483E-4 7.91118E-4 3.09069E-4 2.84455E-4 7.35981E-4 5.8739E-4 2.59519E-4 8.30938E-4 5.50487E-4 4.77541E-4 2.56189E-4 5.34253E-4 8.61894E-4 2.95677E-4 5.09291E-4 5.23901E-4 2.74676E-4 8.50118E-4 8.24883E-4 7.62554E-4 5.82034E-4 3.04684E-4 7.85316E-4 5.57951E-4 2.80485E-4 4.76278E-4 5.73534E-4 4.88329E-4 9.17771E-4 8.82433E-4 8.95796E-4 5.13208E-4 4.94917E-4 2.80216E-4 4.81637E-4 5.25276E-4 2.791E-4 9.08073E-4 8.21276E-4 2.60794E-4 8.26665E-4 5.91392E-4 5.05283E-4 5.08213E-4 4.93526E-4 5.42535E-4 9.00683E-4 2.99868E-4 2.60803E-4 5.32098E-4 2.66882E-4 7.64333E-4 2.92029E-4 2.67565E-4 7.8697E-4 8.26385E-4 2.67484E-4 8.3812E-4 7.90607E-4 6.98076E-4 2.37655E-4 8.29037E-4 8.55707E-4 2.70558E-4 5.25999E-4 8.71008E-4 2.81199E-4 8.48472E-4 5.03463E-4 5.30611E-4 8.57713E-4 2.90708E-4 4.91588E-4 5.2436E-4 2.83997E-4 4.54206E-4 5.0173E-4 8.68594E-4 8.91011E-4 7.95367E-4 8.51736E-4 7.50625E-4 5.38583E-4 2.70455E-4 4.8002E-4 5.07894E-4 2.66971E-4 8.38653E-4 4.89613E-4 2.50947E-4 5.16815E-4 8.23093E-4 5.49335E-4 4.96054E-4 5.50052E-4 8.82963E-4 5.42778E-4 2.91578E-4 2.49382E-4 7.75892E-4 2.60632E-4 7.70013E-4 2.8202E-4 2.62904E-4 4.49074E-4 8.37965E-4 2.65957E-4 5.334E-4 8.25896E-4 4.56658E-4 2.3555E-4 5.01524E-4 5.14347E-4 2.69031E-4 8.79786E-4 5.14363E-4 2.7429E-4 7.69544E-4 5.01419E-4 7.8736E-4 5.0513E-4 2.80474E-4 7.25894E-4 8.59922E-4 2.70597E-4 4.56254E-4 5.22685E-4 7.98549E-4 8.38627E-4 5.38112E-4 4.74088E-4 7.7695E-4 7.55367E-4 2.84673E-4 8.2843E-4 8.44293E-4 2.81467E-4 8.12097E-4 4.66677E-4 2.53146E-4 8.81152E-4 7.85404E-4 8.24721E-4 5.18086E-4 5.02458E-4 8.21948E-4 8.13446E-4 2.77712E-4 2.46338E-4 7.49613E-4 2.57642E-4 7.55395E-4 2.71243E-4 2.61026E-4 7.74406E-4 5.36378E-4 2.6148E-4 8.57134E-4 8.33643E-4 4.49519E-4 2.23696E-4 4.90177E-4 5.01227E-4 2.73362E-4 8.63973E-4 5.54791E-4 2.75408E-4 8.68716E-4 8.54771E-4 7.93433E-4 5.28358E-4 2.69045E-4 7.28296E-4 8.25506E-4 2.7213E-4 4.37804E-4 5.04874E-4 7.9268E-4 8.1884E-4 5.10435E-4 8.29336E-4 7.27996E-4 7.71279E-4 2.69468E-4 4.98542E-4 4.84896E-4 2.6885E-4 8.24896E-4 4.59233E-4 2.55002E-4 4.93082E-4 8.18081E-4 7.65925E-4 7.82528E-4 8.54788E-4 5.62005E-4 5.16167E-4 2.7531E-4 2.40706E-4 4.40219E-4 2.48195E-4 4.81435E-4 2.70812E-4 2.54085E-4 4.72971E-4 8.52899E-4 2.60026E-4 4.97463E-4 4.82865E-4 4.55755E-4 2.42339E-4 5.2121E-4 5.03896E-4 2.85764E-4 8.88638E-4 6.84907E-4 2.90423E-4 4.87974E-4 8.4478E-4 4.88105E-4 8.52262E-4 2.89631E-4 5.06877E-4 5.49586E-4 2.80406E-4 7.27197E-4 8.18117E-4 5.31814E-4 5.14468E-4 4.88928E-4 8.07166E-4 7.53442E-4 5.20114E-4 2.91568E-4 8.30181E-4 5.13855E-4 2.77751E-4 8.73539E-4 7.17003E-4 2.48462E-4 8.20221E-4 5.31498E-4 8.24681E-4 8.50229E-4 8.15561E-4 5.18939E-4 8.52644E-4 2.99897E-4 2.49069E-4 4.71956E-4 2.58956E-4 4.56531E-4 2.71256E-4 2.71451E-4 4.47686E-4 7.99123E-4 2.66469E-4 8.23984E-4 7.96305E-4 4.76557E-4 2.2802E-4 5.48182E-4 8.49927E-4 3.12557E-4 8.62944E-4 5.7642E-4 2.67759E-4 4.82203E-4 4.86917E-4 7.89729E-4 8.47867E-4 2.87025E-4 7.35827E-4 7.91887E-4 2.78768E-4 4.50771E-4 8.08615E-4 5.11095E-4 7.89986E-4 5.70677E-4 5.29374E-4 4.59537E-4 4.72967E-4 2.81937E-4 8.39712E-4 5.08488E-4 2.72517E-4 8.28348E-4 4.88849E-4 2.76746E-4 4.90706E-4 9.35014E-4 7.72555E-4 5.24422E-4 8.57992E-4 8.33639E-4 5.78911E-4 2.86247E-4 2.60916E-4 4.95452E-4 2.53978E-4 7.88794E-4 2.75033E-4 2.56003E-4 7.50579E-4 7.55025E-4 2.71712E-4 8.31669E-4 5.43109E-4 4.55283E-4 2.3706E-4 8.98425E-4 8.35908E-4 3.07314E-4 8.37047E-4 5.77792E-4 2.79991E-4 4.91271E-4 5.22005E-4 5.181E-4 8.06616E-4 2.79637E-4 8.12985E-4 8.324E-4 2.87338E-4 7.13111E-4 5.09422E-4 4.80524E-4 5.08405E-4 4.95188E-4 8.30001E-4 8.09636E-4 7.86238E-4 2.89231E-4 4.82839E-4 4.8356E-4 2.68796E-4 4.5698E-4 4.66669E-4 2.5559E-4 9.08985E-4 5.53541E-4 8.11876E-4 7.99106E-4 7.70401E-4 8.02125E-4 8.7599E-4 2.99004E-4 2.55195E-4 7.92777E-4 2.71577E-4 4.77509E-4 2.83901E-4 2.67387E-4 7.78494E-4 8.01312E-4 2.62362E-4 4.87199E-4 8.30517E-4 7.35492E-4 2.38618E-4 5.36666E-4 8.929E-4 2.98336E-4 8.99867E-4 7.94812E-4 2.85182E-4 4.99487E-4 8.62362E-4 5.10103E-4 8.62562E-4 2.841E-4 4.91374E-4 5.09567E-4 2.70381E-4 4.5578E-4 5.17512E-4 8.23472E-4 5.45508E-4 8.93738E-4 8.97545E-4 7.40826E-4 5.2578E-4 2.71089E-4 4.98835E-4 7.96843E-4 2.90549E-4 5.03158E-4 4.59003E-4 2.88738E-4 8.40805E-4 5.88691E-4 8.49558E-4 8.30982E-4 5.12943E-4 8.86277E-4 5.60846E-4 2.87364E-4 2.4592E-4 4.84869E-4 2.48091E-4 4.62411E-4 2.72012E-4 2.59684E-4 7.7987E-4 5.19195E-4 2.70412E-4 5.2028E-4 5.21256E-4 7.29671E-4 2.37531E-4 8.60923E-4 7.81367E-4 2.81852E-4 8.87649E-4 7.98501E-4 2.75693E-4 5.14234E-4 8.33055E-4 7.82689E-4 8.25552E-4 2.75647E-4 4.71507E-4 4.85626E-4 2.64284E-4 7.01296E-4 8.29297E-4 5.37528E-4 8.52703E-4 5.07915E-4 5.54658E-4 4.63447E-4 4.81116E-4 2.8678E-4 4.71915E-4 4.77561E-4 2.9022E-4 8.66143E-4 8.09625E-4 2.71856E-4 5.88911E-4 5.34494E-4 7.91777E-4 8.66534E-4 8.91388E-4 5.7895E-4 5.38481E-4 3.07008E-4 2.62096E-4 8.03779E-4 2.63584E-4 5.21108E-4 2.83594E-4 2.77166E-4 8.47112E-4 5.36534E-4 2.74517E-4 8.15365E-4 5.48722E-4 4.84084E-4 2.46463E-4 5.12074E-4 9.01575E-4 2.91006E-4 5.36266E-4 5.36735E-4 2.86414E-4 5.3388E-4 8.87444E-4 4.95708E-4 5.24887E-4 2.83747E-4 7.82095E-4 5.27401E-4 2.73334E-4 6.96357E-4 8.38134E-4 5.51991E-4 5.37255E-4 4.76661E-4 6.25846E-4 7.62366E-4 5.71989E-4 2.89193E-4 9.65603E-4 5.05411E-4 2.88352E-4 5.69581E-4 8.17423E-4 2.77672E-4 5.72729E-4 5.24364E-4 5.06825E-4 8.22335E-4 8.60904E-4 5.70827E-4 9.04763E-4 2.89198E-4 2.49977E-4 7.84652E-4 2.61599E-4 5.05195E-4 3.81573E-4 2.79753E-4 8.57393E-4 5.18106E-4 2.59626E-4 5.90094E-4 8.4981E-4 4.82864E-4 2.31252E-4 8.41931E-4 8.92785E-4 3.08236E-4 5.55748E-4 5.72197E-4 2.77461E-4 5.33373E-4 0.001000736 6.17254E-4 9.37414E-4 3.30064E-4 9.18497E-4 6.06709E-4 3.23977E-4 7.92222E-4 6.32363E-4 0.001012296 5.71344E-4 5.44017E-4 8.12956E-4 8.28802E-4 5.10248E-4 3.85685E-4 9.55697E-4 9.42069E-4 3.39994E-4 6.04605E-4 5.34213E-4 3.09107E-4 6.37181E-4 6.08103E-4 5.91455E-4 0.001003336 9.34738E-4 9.46324E-4 5.77892E-4 2.92897E-4 2.62721E-4 4.66665E-4 2.58802E-4 7.92313E-4 2.80599E-4 2.78963E-4 7.35186E-4 8.60792E-4 2.6902E-4 8.21079E-4 5.16995E-4 7.27279E-4 2.28459E-4 7.95552E-4 5.36774E-4 2.82709E-4 5.27984E-4 8.78806E-4 2.83472E-4 5.30113E-4 8.03377E-4 4.93122E-4 5.11241E-4 2.7833E-4 7.68308E-4 8.52861E-4 2.82297E-4 6.96349E-4 8.3525E-4 5.47663E-4 5.22572E-4 4.89051E-4 8.65287E-4 4.97884E-4 8.31138E-4 2.79738E-4 5.24482E-4 8.00286E-4 2.82344E-4 8.12357E-4 7.48215E-4 2.55375E-4 4.92724E-4 8.44141E-4 7.71231E-4 8.47334E-4 5.48548E-4 8.27274E-4 6.02557E-4 2.86339E-4 2.60335E-4 4.66071E-4 2.63449E-4 4.82716E-4 2.76271E-4 2.61366E-4 4.43605E-4 8.70211E-4 2.68008E-4 8.98034E-4 5.24472E-4 4.50135E-4 2.32746E-4 8.40507E-4 5.59766E-4 2.7403E-4 5.27791E-4 8.93673E-4 2.80567E-4 5.13581E-4 8.49548E-4 5.33793E-4 5.11454E-4 2.79893E-4 4.66659E-4 4.93671E-4 2.84395E-4 4.5077E-4 8.0766E-4 5.57432E-4 5.31662E-4 4.94425E-4 5.4627E-4 4.85463E-4 4.80794E-4 2.80906E-4 5.03863E-4 5.09298E-4 2.85486E-4 8.38288E-4 7.77125E-4 2.62358E-4 5.10127E-4 5.05287E-4 8.03989E-4 5.08964E-4 8.15403E-4 5.15253E-4 5.2396E-4 3.11034E-4 2.51274E-4 4.88524E-4 2.52183E-4 4.43981E-4 2.74969E-4 2.5515E-4 7.77838E-4 5.49806E-4 2.68589E-4 4.05233E-4 4.89749E-4 6.91604E-4 2.32665E-4 8.41681E-4 7.88693E-4 2.8994E-4 8.24561E-4 8.50938E-4 3.13667E-4 8.13941E-4 5.45739E-4 8.02769E-4 7.79787E-4 2.95731E-4 3.56305E-4 4.89839E-4 2.70307E-4 7.68594E-4 8.00628E-4 8.02406E-4 5.70218E-4 4.12007E-4 8.33116E-4 3.62427E-4 5.29922E-4 2.7995E-4 4.7697E-4 4.6353E-4 2.82922E-4 4.70054E-4 7.30802E-4 2.54869E-4 5.14379E-4 8.43682E-4 5.0284E-4 4.5606E-4 8.23395E-4 5.30108E-4 5.27189E-4 2.83382E-4 2.60876E-4 4.73484E-4 2.58615E-4 7.72181E-4 2.65928E-4 2.57041E-4 7.67246E-4 8.43933E-4 2.69304E-4 4.17103E-4 7.93537E-4 4.69939E-4 2.34985E-4 5.54604E-4 8.20139E-4 2.78452E-4 5.49341E-4 5.33269E-4 2.78035E-4 8.26065E-4 5.3341E-4 4.7487E-4 8.47736E-4 2.83019E-4 3.96437E-4 8.24744E-4 2.76614E-4 7.14482E-4 5.64972E-4 5.33132E-4 7.65518E-4 4.19251E-4 5.4157E-4 3.55131E-4 8.28657E-4 2.73519E-4 7.70754E-4 8.09243E-4 2.91905E-4 7.65638E-4 7.29311E-4 2.60443E-4 5.00838E-4 5.10735E-4 5.01407E-4 8.75314E-4 8.01759E-4 5.08836E-4 8.07236E-4 2.8117E-4 2.51102E-4 7.31882E-4 2.63787E-4 7.17757E-4 2.7974E-4 2.76586E-4 4.84369E-4 5.46771E-4 2.68531E-4 4.38908E-4 8.20351E-4 4.70063E-4 2.32703E-4 5.09159E-4 4.78397E-4 2.67853E-4 5.55429E-4 4.9492E-4 2.73274E-4 4.94804E-4 7.86425E-4 4.96137E-4 5.26731E-4 2.87548E-4 3.75388E-4 5.0186E-4 2.72231E-4 6.7045E-4 5.23355E-4 4.84138E-4 7.84258E-4 4.05637E-4 5.02837E-4 3.84695E-4 7.89432E-4 2.75856E-4 7.64974E-4 4.90452E-4 2.70391E-4 7.61492E-4 4.82445E-4 2.60942E-4 7.90146E-4 5.54757E-4 5.30841E-4 5.03983E-4 4.7641E-4 5.15346E-4 8.11433E-4 2.90458E-4 2.54665E-4 7.90311E-4 2.61434E-4 7.64467E-4 2.90988E-4 2.70577E-4 4.59469E-4 8.40563E-4 2.64936E-4 4.11625E-4 5.10969E-4 4.84899E-4 2.32668E-4 5.28538E-4 5.35048E-4 2.71437E-4 8.79639E-4 5.32981E-4 2.71868E-4 8.90027E-4 4.98913E-4 7.33155E-4 7.87349E-4 2.77437E-4 3.65534E-4 7.85031E-4 2.88353E-4 4.55493E-4 5.02007E-4 4.69835E-4 4.90467E-4 3.96367E-4 7.69496E-4 3.68653E-4 7.98694E-4 2.77613E-4 7.51867E-4 7.55808E-4 2.72222E-4 5.10203E-4 4.38105E-4 2.47513E-4 7.99251E-4 5.58309E-4 7.96328E-4 5.18731E-4 8.32076E-4 7.60776E-4 5.15446E-4 2.76553E-4 2.54275E-4 5.03895E-4 2.60414E-4 7.76945E-4 2.72277E-4 2.589E-4 4.83647E-4 8.11961E-4 2.65801E-4 4.44772E-4 8.45684E-4 7.12952E-4 2.37746E-4 5.15118E-4 7.90385E-4 2.88621E-4 5.30665E-4 7.89127E-4 2.77811E-4 8.72435E-4 5.25146E-4 8.12836E-4 8.84956E-4 3.11524E-4 4.03562E-4 8.31614E-4 2.82446E-4 4.58516E-4 7.8523E-4 7.67936E-4 5.07381E-4 4.22339E-4 5.42233E-4 3.75824E-4 5.01376E-4 2.79374E-4 8.08635E-4 8.18274E-4 2.89334E-4 7.89853E-4 4.99329E-4 2.66694E-4 8.04824E-4 8.29225E-4 5.20349E-4 7.89413E-4 5.38632E-4 5.4979E-4 5.42542E-4 2.85706E-4 2.55572E-4 7.50702E-4 2.6123E-4 7.70523E-4 2.76117E-4 2.64939E-4 4.8029E-4 5.27622E-4 2.61061E-4 4.67168E-4 6.35015E-4 7.8383E-4 3.75748E-4 9.49793E-4 8.38561E-4 4.09725E-4 0.001029993 0.001042524 4.67633E-4 0.001233677 7.49132E-4 6.342E-4 0.001119012 4.77965E-4 5.75654E-4 0.00167106 4.85493E-4 0.001073119 7.83339E-4 6.68742E-4 6.45733E-4 5.02266E-4 6.16457E-4 4.44769E-4 6.09359E-4 3.70319E-4 0.001013595 6.51865E-4 3.37175E-4 7.03859E-4 9.03635E-4 3.1206E-4 6.06637E-4 6.12214E-4 8.20292E-4 5.14025E-4 5.17211E-4 8.01485E-4 8.47417E-4 3.00098E-4 2.56471E-4 7.55978E-4 2.76785E-4 7.67995E-4 2.82858E-4 2.73505E-4 7.4135E-4 4.56847E-4 2.72463E-4 3.99261E-4 5.04271E-4 1.00749E-4 2.41445E-4 4.07703E-4 2.78412E-4 2.80344E-4 5.22272E-4 5.12768E-4 2.87567E-4 3.96164E-4 5.1218E-4 1.38229E-4 2.81362E-4 2.77317E-4 2.83321E-4 8.68932E-4 2.92171E-4 3.63395E-4 4.16291E-4 3.89893E-4 3.90078E-4 4.28609E-4 8.05899E-4 3.72925E-4 1.00853E-4 2.87131E-4 7.7022E-4 7.56966E-4 2.80028E-4 3.75856E-4 7.20371E-4 2.78978E-4 8.28314E-4 8.36598E-4 8.17446E-4 5.81521E-4 5.38917E-4 8.26534E-4 1.02688E-4 3.07791E-4 2.61935E-4 3.4665E-4 2.54438E-4 4.58204E-4 2.81273E-4 2.98753E-4 4.49953E-4 5.4323E-4 2.69545E-4 4.21731E-4 5.3815E-4 4.86746E-4 2.4599E-4 8.65727E-4 8.15082E-4 2.96376E-4 8.23391E-4 5.72855E-4 2.7837E-4 5.12391E-4 5.2904E-4 4.6033E-4 5.35682E-4 3.0441E-4 4.1502E-4 5.24364E-4 2.85622E-4 4.64507E-4 8.70881E-4 5.74785E-4 8.19437E-4 4.18132E-4 8.04464E-4 4.00674E-4 5.08032E-4 2.84184E-4 8.26677E-4 5.25017E-4 3.23386E-4 7.71088E-4 7.77587E-4 2.72321E-4 5.93607E-4 0.001530463 5.49151E-4 0.001063974 5.34273E-4 0.00134497 9.62272E-4 3.22775E-4 2.62696E-4 5.27934E-4 2.71946E-4 4.5654E-4 2.86967E-4 2.67808E-4 7.87737E-4 7.93641E-4 2.72035E-4 4.51672E-4 8.03261E-4 5.09457E-4 2.49098E-4 9.01829E-4 8.35602E-4 2.959E-4 5.71994E-4 8.85666E-4 2.89164E-4 7.96445E-4 5.67867E-4 5.06017E-4 8.5188E-4 2.79735E-4 4.06018E-4 8.30268E-4 2.96814E-4 4.80244E-4 8.33169E-4 5.89305E-4 8.0783E-4 4.45326E-4 8.1564E-4 4.15229E-4 5.18132E-4 2.7247E-4 8.2722E-4 8.33283E-4 3.50583E-4 7.9084E-4 7.61009E-4 3.14696E-4 8.30019E-4 8.38581E-4 5.47776E-4 8.48054E-4 7.74939E-4 7.95277E-4 8.2544E-4 2.9274E-4 2.6038E-4 7.80794E-4 2.60133E-4 7.44409E-4 2.77815E-4 2.63604E-4 7.78401E-4 8.03091E-4 3.02663E-4 4.62319E-4 5.50408E-4 6.58066E-4 2.38911E-4 5.56936E-4 8.14483E-4 2.8097E-4 5.48371E-4 4.97691E-4 2.7467E-4 5.39525E-4 8.49609E-4 7.4523E-4 8.07668E-4 3.06392E-4 3.80604E-4 5.38765E-4 2.7584E-4 4.40703E-4 8.44249E-4 7.74265E-4 7.76085E-4 4.03542E-4 5.247E-4 4.58723E-4 8.02188E-4 2.89831E-4 5.40497E-4 8.09944E-4 3.15242E-4 8.25372E-4 7.84609E-4 2.72758E-4 5.91821E-4 8.68533E-4 8.08946E-4 5.46367E-4 5.1203E-4 4.98162E-4 5.15876E-4 2.89515E-4 2.51169E-4 7.43506E-4 2.62009E-4 5.0643E-4 2.83259E-4 2.75595E-4 7.96812E-4 5.33857E-4 2.67341E-4 4.27161E-4 8.16598E-4 4.7443E-4 2.51583E-4 8.13418E-4 7.68634E-4 2.95191E-4 5.60688E-4 5.10645E-4 2.75419E-4 8.72577E-4 5.20428E-4 4.80702E-4 5.39383E-4 2.72106E-4 3.92263E-4 5.01245E-4 2.75094E-4 6.66967E-4 8.31847E-4 7.73287E-4 5.06507E-4 4.24442E-4 7.75191E-4 4.00897E-4 7.6968E-4 2.83249E-4 5.3237E-4 5.29282E-4 2.7988E-4 5.02787E-4 4.68421E-4 2.50927E-4 5.31799E-4 8.28499E-4 8.13628E-4 5.60428E-4 9.29967E-4 5.62096E-4 5.3803E-4 3.01027E-4 2.5371E-4 7.64891E-4 2.56453E-4 4.59578E-4 3.03392E-4 2.79534E-4 4.82497E-4 8.33202E-4 2.70799E-4 4.3792E-4 5.53057E-4 7.49936E-4 2.67597E-4 9.24695E-4 6.87062E-4 3.4966E-4 7.28307E-4 0.001007561 3.60939E-4 9.67456E-4 0.001028735 6.30198E-4 6.9661E-4 3.51026E-4 4.66789E-4 0.001800859 3.61047E-4 5.79639E-4 0.001023229 9.47204E-4 9.16263E-4 4.94433E-4 0.001098779 4.8063E-4 5.63922E-4 3.32873E-4 5.96254E-4 9.53284E-4 3.40307E-4 5.9008E-4 8.36113E-4 3.02043E-4 9.96962E-4 8.04881E-4 5.16966E-4 7.89183E-4 7.61351E-4 5.31217E-4 5.94807E-4 2.97044E-4 2.56579E-4 4.72949E-4 2.57092E-4 4.58026E-4 2.76185E-4 2.96164E-4 4.90907E-4 7.71475E-4 2.65033E-4 4.34576E-4 8.26533E-4 7.08417E-4 2.44074E-4 7.6261E-4 5.45608E-4 2.80895E-4 8.26484E-4 7.76364E-4 2.69162E-4 7.59494E-4 5.28175E-4 5.12973E-4 8.43233E-4 2.84015E-4 3.74641E-4 7.95635E-4 2.78789E-4 6.75686E-4 8.65167E-4 8.22982E-4 8.16386E-4 4.24553E-4 5.12914E-4 3.94714E-4 4.80664E-4 2.78513E-4 5.33643E-4 5.16079E-4 2.97195E-4 5.04611E-4 4.72645E-4 2.58903E-4 8.17696E-4 5.58799E-4 5.10074E-4 4.72608E-4 8.22516E-4 5.23132E-4 5.13776E-4 2.88416E-4 2.4588E-4 7.53013E-4 2.54641E-4 7.47053E-4 2.78224E-4 2.58532E-4 5.07649E-4 7.90192E-4 2.65448E-4 4.11635E-4 7.9574E-4 6.87237E-4 2.37046E-4 7.78669E-4 8.25565E-4 2.84263E-4 5.55847E-4 5.16021E-4 2.78273E-4 7.73894E-4 8.50895E-4 8.24577E-4 5.29455E-4 2.83491E-4 3.70725E-4 5.19946E-4 2.80333E-4 4.78315E-4 8.32878E-4 8.23041E-4 8.70399E-4 4.13265E-4 8.23736E-4 3.6864E-4 5.13593E-4 2.75487E-4 8.21835E-4 7.68542E-4 3.00628E-4 7.71786E-4 4.88395E-4 2.55623E-4 4.95927E-4 8.53545E-4 7.95665E-4 7.80582E-4 5.61132E-4 8.27715E-4 5.48848E-4 2.85867E-4 2.44581E-4 4.50388E-4 2.64468E-4 4.50393E-4 2.74273E-4 2.6984E-4 4.78807E-4 4.46597E-4 2.6213E-4 3.9058E-4 4.94243E-4 6.82851E-4 2.41187E-4 4.72509E-4 8.17195E-4 2.85177E-4 5.22924E-4 8.36934E-4 2.81127E-4 7.81852E-4 4.99211E-4 6.95368E-4 4.89108E-4 2.95689E-4 3.44839E-4 4.82775E-4 2.76361E-4 4.10348E-4 7.54974E-4 4.87106E-4 8.54453E-4 3.33852E-4 7.32994E-4 3.15298E-4 4.01908E-4 2.7406E-4 4.15637E-4 4.10411E-4 2.84147E-4 6.82065E-4 3.95902E-4 2.69507E-4 4.2939E-4 7.3088E-4 4.23528E-4 4.06394E-4 6.922E-4 4.45614E-4 7.18941E-4 2.85285E-4 2.43568E-4 6.60915E-4 2.54276E-4 3.80706E-4 2.69733E-4 2.69841E-4 6.46511E-4 4.28142E-4 2.60525E-4 3.3327E-4 4.54616E-4 3.89694E-4 2.39982E-4 6.85251E-4 7.00766E-4 2.82112E-4 7.10085E-4 4.35537E-4 2.74251E-4 6.75549E-4 6.64965E-4 6.39747E-4 4.46864E-4 2.89395E-4 3.10524E-4 4.1225E-4 2.71377E-4 3.64656E-4 7.12503E-4 4.29505E-4 4.24543E-4 3.36343E-4 6.99696E-4 3.40312E-4 6.7189E-4 2.82624E-4 6.72371E-4 6.57939E-4 2.76152E-4 6.87664E-4 3.91853E-4 2.62806E-4 4.08746E-4 4.36352E-4 4.03889E-4 6.76365E-4 6.77238E-4 4.50932E-4 7.25483E-4 3.00728E-4 2.60342E-4 6.7094E-4 1.11351E-4 6.44825E-4 2.80965E-4 2.89808E-4 4.0293E-4 4.39437E-4 2.72456E-4 3.47403E-4 7.15688E-4 3.96209E-4 2.42228E-4 6.83171E-4 7.02185E-4 2.86067E-4 4.27942E-4 7.01598E-4 2.73854E-4 4.03107E-4 6.9205E-4 6.65505E-4 4.53733E-4 2.76235E-4 3.03213E-4 7.04412E-4 2.75886E-4 3.60122E-4 7.06785E-4 4.30516E-4 7.31444E-4 3.44186E-4 4.30731E-4 2.93568E-4 6.69556E-4 2.99408E-4 4.32742E-4 3.98E-4 2.87652E-4 4.24998E-4 6.26625E-4 2.63214E-4 7.21316E-4 4.67637E-4 4.27879E-4 4.00206E-4 7.3296E-4 7.24621E-4 4.56894E-4 2.95264E-4 2.57209E-4 3.79795E-4 2.68237E-4 3.9511E-4 2.78075E-4 2.7089E-4 6.22343E-4 6.98958E-4 2.76685E-4 3.42655E-4 4.5413E-4 6.48032E-4 2.47676E-4 4.40485E-4 7.27588E-4 2.82465E-4 7.22071E-4 4.3263E-4 2.79968E-4 7.0118E-4 4.35043E-4 6.80781E-4 4.39697E-4 2.87328E-4 3.18911E-4 4.16024E-4 2.73773E-4 5.98946E-4 4.36483E-4 7.08951E-4 4.25492E-4 3.35144E-4 4.29288E-4 3.14033E-4 6.68157E-4 2.88574E-4 6.76227E-4 4.14356E-4 2.8431E-4 4.14065E-4 3.76791E-4 2.69117E-4 4.13669E-4 4.52181E-4 4.13464E-4 3.97787E-4 4.18343E-4 7.26113E-4 4.59676E-4 2.87559E-4 2.61254E-4 3.84777E-4 2.58995E-4 6.45925E-4 2.84747E-4 2.74875E-4 6.64441E-4 4.24419E-4 2.95718E-4 3.48507E-4 6.94416E-4 4.03331E-4 2.40476E-4 8.96122E-4 4.48542E-4 2.85451E-4 4.20757E-4 4.15424E-4 2.81267E-4 4.04729E-4 6.84541E-4 4.12719E-4 4.35728E-4 2.85559E-4 3.17E-4 4.1802E-4 2.75179E-4 3.62218E-4 6.96151E-4 6.83475E-4 4.24903E-4 3.29389E-4 4.3316E-4 3.03524E-4 3.90388E-4 2.8295E-4 6.6967E-4 6.4211E-4 2.8159E-4 6.84648E-4 6.25605E-4 2.594E-4 6.93445E-4 6.68099E-4 4.10423E-4 3.87029E-4 6.93969E-4 7.11048E-4 7.6459E-4 2.82083E-4 2.44068E-4 6.28903E-4 2.56016E-4 6.23044E-4 2.74128E-4 2.59722E-4 6.25152E-4 6.60149E-4 2.6311E-4 3.37922E-4 5.62052E-4 4.66733E-4 2.85756E-4 5.01173E-4 8.79844E-4 3.46999E-4 8.02058E-4 7.88857E-4 3.34372E-4 4.92147E-4 5.68417E-4 7.7851E-4 5.32381E-4 4.04016E-4 3.97258E-4 5.44271E-4 3.45047E-4 7.38664E-4 5.45479E-4 8.8052E-4 8.64117E-4 4.31226E-4 8.94882E-4 3.93138E-4 8.2711E-4 3.08341E-4 6.92646E-4 6.59496E-4 2.93547E-4 4.1758E-4 6.40803E-4 2.69514E-4 6.71543E-4 4.55738E-4 6.97365E-4 4.14825E-4 4.49651E-4 7.1373E-4 7.3406E-4 2.92789E-4 2.81938E-4 6.38491E-4 2.71071E-4 3.97678E-4 2.92172E-4 2.78198E-4 3.81355E-4 7.02172E-4 2.62801E-4 3.47536E-4 7.12025E-4 3.95307E-4 2.4236E-4 7.11466E-4 7.22904E-4 2.83137E-4 7.06286E-4 7.08197E-4 2.78437E-4 4.12631E-4 6.6579E-4 4.21912E-4 7.40115E-4 2.83007E-4 3.25794E-4 6.97772E-4 2.87438E-4 5.90386E-4 7.08034E-4 4.30833E-4 4.26429E-4 3.48162E-4 7.34292E-4 3.45997E-4 4.20121E-4 2.87139E-4 3.98088E-4 4.02875E-4 2.90095E-4 6.91686E-4 4.02656E-4 2.60655E-4 4.10429E-4 4.54096E-4 6.98741E-4 4.07915E-4 4.08165E-4 7.18601E-4 7.09925E-4 2.97853E-4 2.56993E-4 4.17596E-4 2.64743E-4 6.71109E-4 2.81953E-4 2.71922E-4 6.18532E-4 6.79658E-4 2.75441E-4 3.45534E-4 4.37892E-4 3.8655E-4 2.44207E-4 7.0412E-4 7.04968E-4 2.9419E-4 7.00406E-4 4.58477E-4 2.8422E-4 4.0331E-4 6.99522E-4 4.14598E-4 4.36951E-4 2.80246E-4 3.27008E-4 4.33443E-4 2.90656E-4 5.8809E-4 4.48285E-4 4.26955E-4 6.95707E-4 3.50397E-4 7.2125E-4 3.19861E-4 6.92718E-4 2.90777E-4 6.7544E-4 6.80093E-4 2.91877E-4 6.98666E-4 6.28481E-4 2.66209E-4 6.76666E-4 4.60095E-4 6.76801E-4 4.48469E-4 4.19288E-4 4.65016E-4 4.4775E-4 2.94467E-4 2.59535E-4 6.516E-4 2.75664E-4 6.5189E-4 2.83702E-4 2.75897E-4 6.47264E-4 4.3365E-4 2.65172E-4 3.42323E-4 7.26657E-4 4.00118E-4 2.48514E-4 6.99587E-4 7.28635E-4 2.9254E-4 6.62747E-4 4.41722E-4 2.78313E-4 6.94708E-4 6.58674E-4 4.17156E-4 7.10196E-4 2.90362E-4 3.21201E-4 4.31783E-4 2.92125E-4 6.1172E-4 7.0754E-4 6.52751E-4 4.48092E-4 3.47678E-4 7.2247E-4 3.17191E-4 4.15884E-4 2.8427E-4 4.21157E-4 3.97725E-4 2.85351E-4 6.77823E-4 4.01098E-4 2.57553E-4 4.17102E-4 7.37449E-4 6.91002E-4 4.11543E-4 6.93167E-4 4.7319E-4 4.64233E-4 2.8705E-4 2.58782E-4 3.9099E-4 2.63001E-4 6.5668E-4 2.93233E-4 2.76655E-4 3.92877E-4 4.24105E-4 2.67816E-4 3.46088E-4 4.25957E-4 5.83613E-4 2.39556E-4 4.50757E-4 7.14022E-4 2.83298E-4 4.1574E-4 7.14247E-4 2.82368E-4 4.22481E-4 4.16602E-4 4.21636E-4 4.40776E-4 2.88591E-4 3.18495E-4 6.95632E-4 2.8756E-4 5.65379E-4 4.37217E-4 4.13348E-4 6.79279E-4 3.59592E-4 4.50503E-4 3.07103E-4 6.89238E-4 2.88357E-4 4.07924E-4 4.11798E-4 2.95872E-4 7.12504E-4 4.04457E-4 2.55146E-4 6.83715E-4 4.70784E-4 4.12303E-4 4.0513E-4 6.83046E-4 7.21144E-4 4.74786E-4 2.95513E-4 2.56825E-4 6.37056E-4 2.62021E-4 4.04325E-4 2.82836E-4 2.76214E-4 3.96757E-4 4.25829E-4 2.66893E-4 3.41145E-4 4.40145E-4 5.88432E-4 2.32151E-4 6.76328E-4 4.55048E-4 2.85432E-4 7.07166E-4 4.25093E-4 2.77493E-4 6.91857E-4 6.72803E-4 6.66876E-4 6.90444E-4 2.96795E-4 3.23221E-4 4.10973E-4 2.85201E-4 3.63112E-4 7.18713E-4 4.31074E-4 4.13206E-4 3.30308E-4 4.50774E-4 3.13065E-4 4.12667E-4 2.79621E-4 4.06561E-4 4.10963E-4 2.86008E-4 6.91201E-4 3.97107E-4 2.64975E-4 4.01803E-4 7.45089E-4 6.67707E-4 6.61643E-4 6.82197E-4 4.39666E-4 4.30023E-4 3.05243E-4 2.58023E-4 3.85826E-4 2.60933E-4 6.49254E-4 2.87234E-4 2.76453E-4 3.95299E-4 4.11013E-4 2.6303E-4 3.3383E-4 7.06487E-4 3.98845E-4 2.36757E-4 7.01803E-4 6.93902E-4 2.7837E-4 4.06736E-4 6.72342E-4 2.77792E-4 7.08064E-4 6.37735E-4 6.60525E-4 6.99458E-4 2.77888E-4 3.07879E-4 6.855E-4 2.75733E-4 5.54072E-4 4.22584E-4 6.80533E-4 4.17574E-4 3.25022E-4 6.79092E-4 3.01553E-4 4.0734E-4 2.69539E-4 6.79218E-4 6.52652E-4 2.90521E-4 6.8715E-4 4.05874E-4 2.57865E-4 6.57153E-4 4.51944E-4 6.45246E-4 6.59824E-4 6.83694E-4 4.51788E-4 7.21728E-4 2.82795E-4 2.48148E-4 3.75468E-4 2.56714E-4 6.78925E-4 2.79444E-4 2.71135E-4 6.38372E-4 6.59886E-4 2.61749E-4 3.46477E-4 7.00549E-4 5.79637E-4 2.30206E-4 6.74007E-4 4.52129E-4 2.76613E-4 3.83411E-4 4.10914E-4 2.74606E-4 3.92258E-4 4.09901E-4 6.68124E-4 4.82832E-4 2.82604E-4 3.21765E-4 7.06485E-4 2.79047E-4 3.87312E-4 7.5455E-4 4.67976E-4 7.61032E-4 3.72104E-4 6.96679E-4 3.11772E-4 4.02154E-4 2.77121E-4 6.67835E-4 4.12817E-4 2.81474E-4 3.99484E-4 6.57813E-4 2.62649E-4 6.60728E-4 7.09058E-4 6.5937E-4 4.02502E-4 4.15226E-4 4.24823E-4 7.51905E-4 2.81368E-4 2.5882E-4 6.47727E-4 2.60207E-4 6.25387E-4 2.85983E-4 2.6955E-4 6.47125E-4 4.49118E-4 2.66765E-4 3.40826E-4 7.28483E-4 3.8881E-4 2.42699E-4 4.29093E-4 7.12912E-4 2.79255E-4 4.05615E-4 7.11467E-4 2.67997E-4 6.60025E-4 6.75592E-4 4.04841E-4 4.16625E-4 2.69931E-4 3.0696E-4 4.03323E-4 2.81391E-4 6.03739E-4 4.40353E-4 6.90665E-4 4.30697E-4 3.32048E-4 4.20804E-4 2.96065E-4 6.72092E-4 2.75854E-4 3.9565E-4 6.73671E-4 2.84886E-4 4.1028E-4 6.47181E-4 2.54416E-4 4.17845E-4 4.38405E-4 6.93632E-4 6.40261E-4 6.9203E-4 7.0513E-4 6.67665E-4 3.1651E-4 2.51973E-4 3.81252E-4 2.52284E-4 6.20497E-4 2.70648E-4 2.69203E-4 6.20073E-4 6.3521E-4 2.65435E-4 3.33844E-4 6.83831E-4 4.23614E-4 2.31709E-4 4.22046E-4 7.11945E-4 2.78305E-4 3.87752E-4 6.49912E-4 3.03321E-4 6.67324E-4 6.69674E-4 6.40051E-4 6.92047E-4 2.7899E-4 3.08977E-4 7.32026E-4 2.83299E-4 3.72465E-4 4.28589E-4 7.1263E-4 4.3152E-4 3.3148E-4 7.05462E-4 3.12766E-4 4.16624E-4 2.80169E-4 6.68238E-4 4.07007E-4 2.73082E-4 6.78338E-4 6.19051E-4 2.61175E-4 6.59742E-4 4.60618E-4 6.87072E-4 6.62507E-4 4.3095E-4 6.98116E-4 6.89294E-4 2.85729E-4 2.52528E-4 3.9158E-4 2.54451E-4 6.41743E-4 2.74885E-4 2.67266E-4 6.31143E-4 6.81315E-4 2.59713E-4 3.47338E-4 7.42872E-4 3.88013E-4 2.46043E-4 4.29763E-4 4.42031E-4 2.69469E-4 6.50966E-4 4.22463E-4 2.66731E-4 3.94917E-4 6.99774E-4 4.09534E-4 6.95334E-4 2.73327E-4 3.09522E-4 4.19075E-4 2.74362E-4 5.63458E-4 7.60728E-4 6.63828E-4 4.0845E-4 3.56499E-4 6.95044E-4 3.05162E-4 4.05902E-4 2.75636E-4 3.89123E-4 4.17907E-4 2.7908E-4 6.71486E-4 6.83378E-4 2.53159E-4 6.79098E-4 4.40082E-4 6.91124E-4 3.97552E-4 4.15938E-4 7.11609E-4 7.40376E-4 3.00194E-4 2.58525E-4 4.62237E-4 2.54268E-4 4.36874E-4 3.16205E-4 2.71905E-4 4.26861E-4 4.76172E-4 2.63446E-4 4.21756E-4 4.48733E-4 3.93878E-4 2.36923E-4 4.65079E-4 5.38446E-4 2.86793E-4 4.30194E-4 4.27629E-4 3.19499E-4 4.90493E-4 4.4432E-4 4.32673E-4 4.85533E-4 2.90212E-4 4.25027E-4 5.57187E-4 2.77895E-4 3.62719E-4 7.63177E-4 7.53816E-4 4.42649E-4 3.49842E-4 7.30314E-4 3.19787E-4 7.21177E-4 2.87206E-4 7.32672E-4 7.36474E-4 2.94535E-4 4.1911E-4 6.63819E-4 2.65317E-4 7.31115E-4 7.37242E-4 6.98262E-4 7.0598E-4 4.54424E-4 7.89449E-4 7.80171E-4 9.47217E-4 2.5901E-4 4.41811E-4 2.60504E-4 4.32088E-4 2.84963E-4 2.77572E-4 4.32102E-4 4.62891E-4 2.60281E-4 4.20779E-4 4.78145E-4 4.10184E-4 2.43628E-4 4.80589E-4 5.15952E-4 3.36394E-4 5.79525E-4 4.91118E-4 2.81295E-4 4.73389E-4 4.53628E-4 7.45805E-4 4.79911E-4 3.16392E-4 4.97322E-4 5.19527E-4 2.85809E-4 5.98748E-4 4.46462E-4 4.57064E-4 4.52835E-4 3.6832E-4 4.18015E-4 3.50022E-4 7.34385E-4 2.83727E-4 6.69158E-4 6.79721E-4 2.7897E-4 7.03625E-4 6.32786E-4 2.52757E-4 4.49603E-4 7.53592E-4 4.11344E-4 6.46547E-4 4.32044E-4 4.43947E-4 7.83015E-4 2.98604E-4 2.62312E-4 3.97422E-4 2.6886E-4 6.72848E-4 2.9306E-4 2.75791E-4 4.13932E-4 1.04344E-4 2.65915E-4 3.26091E-4 4.30253E-4 6.24014E-4 2.35947E-4 4.48819E-4 7.20658E-4 2.92895E-4 6.68559E-4 9.5825E-5 2.8225E-4 3.76154E-4 3.81858E-4 6.88488E-4 4.17717E-4 2.87102E-4 3.00724E-4 3.84495E-4 2.82327E-4 3.24968E-4 6.35783E-4 9.3763E-5 4.02865E-4 8.9647E-5 6.50926E-4 2.90357E-4 4.13646E-4 2.83325E-4 3.82005E-4 1.22311E-4 3.23331E-4 9.0271E-5 9.5529E-5 2.37804E-4 3.72936E-4 4.44112E-4 6.08578E-4 8.881E-5 8.3711E-5 3.90045E-4 7.57791E-4 3.07568E-4 2.52472E-4 4.78068E-4 2.61734E-4 4.32082E-4 2.74466E-4 2.68511E-4 9.7341E-5 4.64373E-4 2.5866E-4 4.33889E-4 4.8859E-4 3.96938E-4 2.44084E-4 4.45925E-4 4.72929E-4 2.86347E-4 4.74522E-4 4.44562E-4 2.74696E-4 4.78201E-4 4.67398E-4 4.36766E-4 5.02001E-4 2.70953E-4 3.90487E-4 4.89438E-4 3.76016E-4 3.97609E-4 4.78852E-4 4.57697E-4 4.57666E-4 3.85976E-4 4.50084E-4 3.67209E-4 4.5486E-4 2.72875E-4 4.46187E-4 4.43228E-4 2.79373E-4 4.58101E-4 4.2771E-4 2.47743E-4 4.59999E-4 5.15042E-4 4.41612E-4 4.28822E-4 4.73931E-4 4.46495E-4 4.74393E-4 2.83053E-4 2.4739E-4 4.37095E-4 2.49791E-4 4.46394E-4 2.75758E-4 2.70007E-4 4.34941E-4 4.42402E-4 2.56955E-4 4.14724E-4 5.63663E-4 4.83664E-4 2.87223E-4 5.55472E-4 5.95495E-4 3.60014E-4 5.83E-4 5.93384E-4 3.35507E-4 5.64536E-4 5.58644E-4 5.2547E-4 5.90917E-4 3.42187E-4 4.33082E-4 4.81248E-4 2.76587E-4 4.27088E-4 5.13068E-4 4.9518E-4 4.82504E-4 4.18176E-4 4.45267E-4 3.82922E-4 4.61595E-4 2.77587E-4 4.62524E-4 4.74881E-4 2.85068E-4 4.63947E-4 4.17589E-4 2.87909E-4 4.79655E-4 4.98143E-4 4.91989E-4 4.57005E-4 4.93459E-4 4.86558E-4 4.75163E-4 2.79376E-4 2.45125E-4 4.36836E-4 2.51052E-4 4.51414E-4 2.76863E-4 2.69473E-4 4.27596E-4 4.69459E-4 2.63204E-4 3.87871E-4 4.68639E-4 3.99764E-4 2.27285E-4 4.45942E-4 4.68422E-4 2.82241E-4 4.77809E-4 4.68866E-4 2.65795E-4 4.75186E-4 4.68684E-4 4.78564E-4 5.12043E-4 2.71407E-4 3.93374E-4 4.46991E-4 2.67828E-4 4.22585E-4 4.8273E-4 4.83046E-4 4.72735E-4 4.05694E-4 4.87012E-4 3.55738E-4 4.69272E-4 2.71134E-4 4.54722E-4 4.66444E-4 2.82408E-4 4.66105E-4 4.30496E-4 2.4758E-4 4.86186E-4 5.25411E-4 4.63097E-4 4.5193E-4 4.8271E-4 5.04799E-4 4.74973E-4 2.81985E-4 2.91768E-4 4.33441E-4 2.57655E-4 4.38757E-4 2.77068E-4 2.65226E-4 4.12641E-4 4.50225E-4 3.01281E-4 4.29101E-4 4.5422E-4 4.09473E-4 2.4206E-4 4.36328E-4 5.01419E-4 2.83997E-4 4.61358E-4 4.64362E-4 2.75865E-4 4.23188E-4 4.67893E-4 4.35755E-4 4.61144E-4 2.69111E-4 3.62397E-4 4.74022E-4 2.74316E-4 4.01103E-4 4.90001E-4 4.70098E-4 4.94331E-4 4.10271E-4 4.95305E-4 3.69768E-4 5.06715E-4 2.79042E-4 4.40037E-4 4.75193E-4 2.87133E-4 4.68571E-4 4.35227E-4 4.18945E-4 5.41591E-4 5.06693E-4 4.94782E-4 4.68075E-4 4.73485E-4 4.65537E-4 4.95396E-4 2.94024E-4 2.62227E-4 4.69621E-4 2.74223E-4 4.59035E-4 2.88986E-4 2.80069E-4 4.47168E-4 4.5825E-4 2.60865E-4 4.13251E-4 4.4495E-4 4.05117E-4 2.36823E-4 4.55398E-4 4.90589E-4 2.97836E-4 4.76939E-4 4.90647E-4 2.87031E-4 4.71927E-4 4.65486E-4 4.60724E-4 4.61918E-4 2.78901E-4 3.91469E-4 5.04674E-4 2.74456E-4 4.11471E-4 5.14245E-4 4.97664E-4 4.89223E-4 3.99312E-4 4.88833E-4 3.99845E-4 4.78871E-4 2.81467E-4 4.53788E-4 4.74642E-4 2.78216E-4 4.64956E-4 4.04319E-4 2.45794E-4 4.63435E-4 4.80354E-4 4.94558E-4 4.39979E-4 4.77411E-4 4.42424E-4 4.49574E-4 2.74768E-4 2.46894E-4 4.55948E-4 2.57149E-4 4.10502E-4 2.77669E-4 2.65E-4 4.40419E-4 4.90011E-4 2.55048E-4 4.2931E-4 4.65588E-4 4.23459E-4 2.31834E-4 4.43653E-4 4.68223E-4 2.74825E-4 4.55476E-4 4.7469E-4 2.67192E-4 4.65009E-4 4.65681E-4 4.30156E-4 4.99483E-4 2.84471E-4 3.65533E-4 5.26564E-4 2.76862E-4 4.05217E-4 4.85284E-4 4.88049E-4 4.68754E-4 4.13035E-4 4.6072E-4 3.65126E-4 4.56094E-4 2.79874E-4 4.55068E-4 4.78027E-4 2.73169E-4 4.61813E-4 4.22587E-4 2.48231E-4 4.80304E-4 4.99092E-4 4.8818E-4 4.74071E-4 4.58441E-4 4.64803E-4 4.51464E-4 2.89602E-4 2.48934E-4 4.33018E-4 2.58662E-4 4.35128E-4 2.745E-4 2.69301E-4 4.45877E-4 4.71698E-4 2.53261E-4 4.24924E-4 4.36787E-4 4.41486E-4 2.3835E-4 4.51949E-4 4.91594E-4 2.7801E-4 4.63984E-4 4.74221E-4 2.71E-4 4.55922E-4 4.731E-4 4.16014E-4 4.76412E-4 2.78724E-4 3.88852E-4 4.77815E-4 2.77977E-4 3.98282E-4 4.83073E-4 4.68907E-4 5.28534E-4 4.04974E-4 4.69862E-4 3.85581E-4 4.39081E-4 2.79924E-4 4.74773E-4 4.31025E-4 3.05619E-4 4.62141E-4 4.26158E-4 2.57786E-4 4.93871E-4 4.62325E-4 4.65433E-4 4.45262E-4 4.87191E-4 4.55731E-4 4.69669E-4 3.22947E-4 2.51384E-4 4.60333E-4 4.90438E-4 6.10015E-4 3.75766E-4 3.12782E-4 4.48251E-4 5.1365E-4 2.87342E-4 4.45817E-4 5.27452E-4 4.32059E-4 2.32289E-4 4.45961E-4 4.80677E-4 2.78714E-4 4.91853E-4 4.64482E-4 2.67034E-4 4.44962E-4 4.74874E-4 4.28125E-4 4.69477E-4 3.14553E-4 4.05185E-4 4.46128E-4 2.84107E-4 4.0907E-4 4.58812E-4 4.73691E-4 4.68898E-4 4.0338E-4 4.74751E-4 3.78635E-4 4.65678E-4 2.91796E-4 4.52349E-4 4.98306E-4 2.80956E-4 4.81257E-4 4.46848E-4 2.61007E-4 4.96617E-4 4.97628E-4 4.7097E-4 4.8038E-4 4.76549E-4 4.72958E-4 4.81794E-4 2.83363E-4 2.72957E-4 4.58152E-4 2.68067E-4 4.42396E-4 2.79766E-4 2.70123E-4 4.49303E-4 4.68582E-4 2.7064E-4 4.59219E-4 4.63751E-4 4.18381E-4 2.35266E-4 4.31655E-4 4.93857E-4 2.93085E-4 4.82092E-4 4.813E-4 2.85612E-4 4.61894E-4 4.87121E-4 4.35118E-4 5.09966E-4 2.83267E-4 3.61779E-4 4.63244E-4 2.68467E-4 4.09013E-4 4.93711E-4 4.56732E-4 4.8423E-4 3.98241E-4 4.53209E-4 4.05486E-4 4.82445E-4 2.79506E-4 4.19356E-4 5.32214E-4 2.67705E-4 4.7109E-4 4.09757E-4 2.54836E-4 4.74087E-4 4.94247E-4 4.8455E-4 4.82722E-4 4.91865E-4 5.13284E-4 5.03229E-4 2.77781E-4 2.57003E-4 4.88881E-4 2.76288E-4 5.15435E-4 2.68794E-4 2.60932E-4 4.45237E-4 5.16783E-4 2.61916E-4 1.25225E-4 4.90856E-4 4.36852E-4 2.31491E-4 4.70092E-4 5.11982E-4 1.54228E-4 5.18419E-4 4.65868E-4 2.68696E-4 4.67366E-4 5.07987E-4 4.62412E-4 5.06881E-4 2.83524E-4 3.96153E-4 4.64618E-4 2.76116E-4 4.08671E-4 4.90104E-4 5.31037E-4 4.82103E-4 4.07685E-4 4.8293E-4 1.25221E-4 4.5443E-4 3.04622E-4 4.71243E-4 4.72236E-4 2.70236E-4 4.81598E-4 4.34099E-4 2.47657E-4 4.72986E-4 4.98246E-4 4.54099E-4 4.43561E-4 4.82679E-4 4.78585E-4 5.1028E-4 2.85225E-4 1.52784E-4 4.86537E-4 2.54925E-4 4.35403E-4 2.6918E-4 1.45634E-4 4.63693E-4 4.70649E-4 2.55278E-4 4.0851E-4 4.31999E-4 4.11565E-4 2.29098E-4 4.3463E-4 4.77898E-4 2.84915E-4 4.80668E-4 4.84326E-4 2.74748E-4 4.63411E-4 4.80966E-4 4.20012E-4 4.78951E-4 2.84611E-4 3.56727E-4 4.70338E-4 2.89801E-4 3.93224E-4 4.87398E-4 4.5156E-4 4.80791E-4 3.9661E-4 4.63576E-4 3.57777E-4 4.35706E-4 2.87954E-4 4.60257E-4 4.90014E-4 3.25165E-4 4.72665E-4 4.22563E-4 2.57955E-4 5.06635E-4 4.74344E-4 4.53921E-4 4.85015E-4 4.79822E-4 4.50509E-4 4.81913E-4 2.73823E-4 2.47047E-4 5.45965E-4 2.54955E-4 5.14857E-4 2.67186E-4 2.76197E-4 4.28619E-4 4.676E-4 2.57684E-4 3.98561E-4 5.22033E-4 4.20607E-4 2.4176E-4 4.45192E-4 5.25865E-4 2.824E-4 4.98061E-4 4.63499E-4 1.27083E-4 4.89459E-4 5.18904E-4 5.48711E-4 4.67397E-4 2.85877E-4 4.07965E-4 5.02429E-4 1.20654E-4 4.11243E-4 5.29436E-4 5.01426E-4 5.10575E-4 4.02463E-4 4.88436E-4 3.8629E-4 4.84038E-4 2.7144E-4 4.74959E-4 4.98868E-4 2.77524E-4 5.01531E-4 4.57945E-4 2.59031E-4 5.14246E-4 5.4125E-4 4.73008E-4 4.87992E-4 5.04154E-4 4.77164E-4 5.06381E-4 2.92295E-4 2.5314E-4 4.98708E-4 2.72038E-4 4.66706E-4 2.87681E-4 2.74264E-4 4.70828E-4 5.00943E-4 1.33731E-4 4.13993E-4 4.62909E-4 4.31165E-4 2.60681E-4 4.44595E-4 5.12837E-4 2.67022E-4 4.48318E-4 4.96055E-4 2.87078E-4 6.04157E-4 4.46548E-4 4.4803E-4 4.9829E-4 2.83988E-4 3.75138E-4 4.65941E-4 2.81362E-4 3.7747E-4 4.61221E-4 4.96179E-4 4.45086E-4 3.77857E-4 4.71007E-4 3.56435E-4 4.68608E-4 2.78304E-4 4.54602E-4 4.65738E-4 2.76526E-4 4.78473E-4 4.44325E-4 2.4726E-4 4.39944E-4 5.80667E-4 4.42379E-4 4.66838E-4 4.81652E-4 5.15641E-4 4.64353E-4 3.22477E-4 2.54655E-4 1.13782E-4 2.5571E-4 1.10505E-4 2.59919E-4 2.64249E-4 4.68109E-4 4.64043E-4 2.70438E-4 4.1579E-4 4.66387E-4 4.30506E-4 2.35418E-4 4.57863E-4 5.22369E-4 2.84625E-4 4.80731E-4 5.10246E-4 2.79904E-4 5.1304E-4 4.91379E-4 4.52589E-4 5.09335E-4 2.84003E-4 4.17686E-4 4.80305E-4 2.69421E-4 4.03409E-4 5.1961E-4 4.66654E-4 4.91503E-4 3.84505E-4 4.6389E-4 3.77358E-4 4.62086E-4 2.75397E-4 4.66198E-4 4.9598E-4 2.80043E-4 4.93996E-4 6.03399E-4 2.54605E-4 4.89525E-4 4.83938E-4 4.35027E-4 4.68637E-4 5.08844E-4 4.49796E-4 4.92986E-4 3.04352E-4 2.89491E-4 4.66267E-4 2.65507E-4 4.45098E-4 2.7776E-4 2.62096E-4 4.47616E-4 4.83452E-4 2.66859E-4 4.43205E-4 4.63239E-4 4.53998E-4 2.33973E-4 4.78571E-4 5.49784E-4 2.72555E-4 5.11917E-4 5.32934E-4 2.77351E-4 4.59468E-4 4.7305E-4 4.48305E-4 5.0706E-4 2.80243E-4 4.01724E-4 4.79936E-4 2.81992E-4 3.87935E-4 5.14396E-4 5.03536E-4 4.81203E-4 3.85233E-4 4.78861E-4 3.90173E-4 4.81659E-4 2.75836E-4 5.06787E-4 4.9403E-4 2.84695E-4 4.78909E-4 4.58811E-4 2.52402E-4 4.76692E-4 4.90208E-4 4.68319E-4 4.49663E-4 5.03735E-4 4.51647E-4 4.84783E-4 2.76907E-4 2.42416E-4 4.8729E-4 2.96764E-4 4.52083E-4 2.77197E-4 3.11902E-4 4.61777E-4 4.69038E-4 2.66876E-4 4.13566E-4 4.69922E-4 4.28747E-4 2.29132E-4 4.41712E-4 5.20049E-4 2.76631E-4 4.7742E-4 5.05849E-4 2.69007E-4 4.36053E-4 4.82282E-4 5.55905E-4 5.00978E-4 2.78032E-4 3.78515E-4 4.73622E-4 3.15298E-4 4.08046E-4 4.90503E-4 5.08223E-4 4.83308E-4 5.05424E-4 4.66219E-4 3.9764E-4 4.52556E-4 2.72119E-4 4.79273E-4 4.84835E-4 2.86065E-4 4.86634E-4 4.71477E-4 2.574E-4 4.55391E-4 5.10998E-4 4.5571E-4 4.59859E-4 5.01781E-4 4.69E-4 4.8798E-4 2.78713E-4 2.55024E-4 4.76113E-4 2.59634E-4 4.45208E-4 3.01626E-4 2.67073E-4 4.37875E-4 4.67947E-4 2.58735E-4 4.21742E-4 4.48951E-4 4.23395E-4 2.4183E-4 4.39389E-4 5.10389E-4 2.77589E-4 5.16379E-4 4.98067E-4 2.77273E-4 4.79594E-4 4.56025E-4 4.31441E-4 5.0895E-4 2.8556E-4 3.59667E-4 4.91115E-4 2.78834E-4 4.04382E-4 5.18552E-4 4.7129E-4 5.04127E-4 4.03159E-4 4.53953E-4 4.28957E-4 4.92691E-4 2.816E-4 4.74652E-4 4.85388E-4 2.95814E-4 4.81146E-4 4.56345E-4 2.57013E-4 5.63943E-4 7.34743E-4 7.70872E-4 4.6556E-4 5.06045E-4 7.07004E-4 5.30595E-4 2.82086E-4 2.55469E-4 7.0859E-4 2.59592E-4 4.95213E-4 2.83479E-4 2.86655E-4 6.52258E-4 5.53918E-4 2.60807E-4 4.00802E-4 4.91758E-4 4.55954E-4 2.34605E-4 4.96404E-4 7.5921E-4 2.89398E-4 6.93381E-4 7.9497E-4 2.84059E-4 4.66166E-4 7.39542E-4 4.77747E-4 6.89996E-4 2.84563E-4 3.6079E-4 7.92314E-4 3.12954E-4 4.62264E-4 8.1263E-4 7.64059E-4 7.36934E-4 4.00179E-4 7.40169E-4 3.57035E-4 8.66141E-4 2.87036E-4 4.87598E-4 4.85689E-4 2.80695E-4 5.1552E-4 6.86607E-4 2.64827E-4 7.03626E-4 7.34596E-4 4.78689E-4 4.42526E-4 5.08206E-4 5.05399E-4 5.17767E-4 3.04392E-4 2.49458E-4 4.84767E-4 3.59757E-4 5.03238E-4 3.11957E-4 2.71327E-4 7.18296E-4 6.75378E-4 2.69273E-4 4.03066E-4 5.01541E-4 7.05833E-4 2.43995E-4 6.34104E-4 5.07897E-4 2.77546E-4 5.14654E-4 5.10868E-4 2.87359E-4 7.52126E-4 5.04844E-4 4.75354E-4 7.13136E-4 2.85255E-4 3.61029E-4 7.95357E-4 2.89825E-4 4.43418E-4 7.76857E-4 7.01002E-4 7.62455E-4 4.12132E-4 6.77995E-4 3.75334E-4 4.81188E-4 1.24916E-4 5.28686E-4 4.83979E-4 1.25014E-4 7.71122E-4 4.89543E-4 1.33542E-4 5.01654E-4 5.38068E-4 7.96482E-4 4.83528E-4 4.98896E-4 7.70394E-4 7.35945E-4 2.94063E-4 2.57046E-4 5.39725E-4 2.52749E-4 6.83268E-4 1.27173E-4 2.75037E-4 4.80704E-4 7.2218E-4 2.54057E-4 4.00702E-4 7.69662E-4 6.07936E-4 2.34794E-4 7.63485E-4 7.28605E-4 2.82393E-4 7.39843E-4 5.21683E-4 2.78734E-4 7.97864E-4 6.65075E-4 4.90374E-4 4.93966E-4 2.73519E-4 3.79665E-4 5.34281E-4 2.78811E-4 4.21283E-4 7.75447E-4 7.58895E-4 7.81626E-4 3.92045E-4 8.00179E-4 3.68195E-4 4.73158E-4 3.03281E-4 5.20228E-4 7.57115E-4 2.76693E-4 5.0909E-4 7.16692E-4 2.53966E-4 7.69639E-4 5.41448E-4 4.66498E-4 7.29439E-4 7.74238E-4 7.64144E-4 8.34402E-4 1.32013E-4 2.62667E-4 7.09615E-4 2.58992E-4 6.36159E-4 2.84794E-4 2.63384E-4 4.94276E-4 4.82294E-4 2.63491E-4 4.73382E-4 4.86316E-4 4.90646E-4 3.08478E-4 7.32873E-4 5.14463E-4 3.21451E-4 7.57491E-4 7.97369E-4 3.01504E-4 7.73028E-4 6.77489E-4 6.43753E-4 7.48084E-4 2.93124E-4 4.11785E-4 7.6049E-4 2.96778E-4 8.05895E-4 7.73578E-4 5.14899E-4 4.9998E-4 4.02711E-4 4.86099E-4 3.50774E-4 7.33637E-4 2.79364E-4 6.73415E-4 5.00847E-4 2.91964E-4 5.17819E-4 6.9975E-4 2.65343E-4 7.74259E-4 7.89885E-4 5.46662E-4 6.68352E-4 7.41497E-4 4.99633E-4 7.15358E-4 2.82584E-4 3.00694E-4 7.17344E-4 2.59914E-4 4.63449E-4 3.19983E-4 2.67889E-4 7.36471E-4 6.78227E-4 2.63551E-4 4.00422E-4 4.7926E-4 4.39348E-4 2.27701E-4 6.19174E-4 7.76747E-4 2.77144E-4 5.11248E-4 8.30004E-4 2.78991E-4 7.52332E-4 4.94375E-4 7.38794E-4 7.69931E-4 2.80932E-4 3.66324E-4 9.17472E-4 2.81858E-4 4.23139E-4 7.22023E-4 5.26024E-4 7.9081E-4 4.08875E-4 7.30137E-4 3.73126E-4 6.93801E-4 2.74567E-4 4.89503E-4 7.24744E-4 2.84702E-4 4.95928E-4 7.1358E-4 2.5148E-4 5.13056E-4 7.42046E-4 5.00782E-4 4.45883E-4 7.94688E-4 6.97747E-4 7.26207E-4 3.29994E-4 2.56745E-4 4.86016E-4 2.93871E-4 4.60521E-4 2.85064E-4 2.68014E-4 5.28011E-4 6.84408E-4 2.83763E-4 4.11779E-4 4.86235E-4 6.24635E-4 2.34213E-4 4.64409E-4 5.35418E-4 2.92634E-4 6.92557E-4 9.58643E-4 2.86183E-4 5.17217E-4 7.73994E-4 7.04394E-4 6.79793E-4 2.94684E-4 3.70443E-4 5.25097E-4 2.77353E-4 5.05376E-4 8.14834E-4 5.74238E-4 7.29887E-4 4.22234E-4 8.21808E-4 4.09746E-4 4.95065E-4 2.99768E-4 7.96771E-4 5.40098E-4 2.82814E-4 7.38896E-4 7.03544E-4 2.72044E-4 5.26658E-4 7.98375E-4 5.3627E-4 4.59702E-4 6.10675E-4 5.19594E-4 5.651E-4 3.60094E-4 2.9478E-4 9.81872E-4 2.71709E-4 7.20645E-4 2.82584E-4 2.64842E-4 4.83495E-4 7.04178E-4 2.93877E-4 4.57708E-4 7.63307E-4 6.21685E-4 2.48888E-4 6.92697E-4 5.15881E-4 2.86487E-4 7.12727E-4 5.17543E-4 2.88155E-4 6.83148E-4 5.04154E-4 6.6489E-4 7.57329E-4 2.87506E-4 3.93684E-4 5.36952E-4 2.81621E-4 5.94223E-4 7.16228E-4 7.12256E-4 5.45126E-4 4.00625E-4 5.05199E-4 3.65372E-4 4.75873E-4 2.85737E-4 6.8247E-4 5.29058E-4 3.02019E-4 5.22444E-4 4.68143E-4 2.48652E-4 7.75735E-4 7.60036E-4 7.47329E-4 7.14031E-4 7.65307E-4 4.68218E-4 7.96916E-4 2.87511E-4 2.58859E-4 7.06163E-4 2.60652E-4 6.86884E-4 2.77411E-4 2.55499E-4 7.48813E-4 5.27059E-4 2.66947E-4 3.89386E-4 4.84603E-4 5.13259E-4 1.79927E-4 7.03071E-4 5.08987E-4 2.93665E-4 5.27196E-4 5.05364E-4 2.82212E-4 4.74573E-4 4.97594E-4 6.55749E-4 5.13102E-4 1.79014E-4 3.93038E-4 5.27201E-4 2.80232E-4 4.24203E-4 5.22842E-4 7.0181E-4 7.79034E-4 4.17771E-4 6.73943E-4 3.64212E-4 7.26469E-4 2.84445E-4 7.28242E-4 5.1235E-4 2.88757E-4 5.12403E-4 4.82517E-4 2.54882E-4 5.10076E-4 7.4812E-4 4.94439E-4 4.39734E-4 5.16958E-4 4.78927E-4 5.11688E-4 2.83696E-4 2.57537E-4 7.40239E-4 2.61029E-4 7.21046E-4 2.89309E-4 2.66343E-4 6.94141E-4 

Timer for Syntactic Relevance:: 17.298734106
Timer for solver: 3.102149095
		UBUNTU.SPLX	UBUNTU_C250_0.TESTCASES
			Diag: [mandatory(Appearance, Behavoir), mandatory(Look, LauncherIconSize), requires(UniversalAccess1, UniversalAccess), ((~Displays \/ Displays1) \/ Displays2), requires(Displays1, Displays), ((~Speed \/ Speed1) \/ Speed2), (((~AcceptanceDelay \/ AcceptanceDelay1) \/ AcceptanceDelay2) \/ AcceptanceDelay3), ((~Normal \/ Normal1) \/ Normal2), (((~Typing \/ Typing1) \/ Typing2) \/ Typing3), ((~UniversalAccess \/ UniversalAccess1) \/ UniversalAccess2), ((((~Fast \/ Fast1) \/ Fast2) \/ Fast3) \/ Fast4)]
			Diag size: 11
The size of Consistency checks: 3078180
The number of Choco Solver calls: 5550
The number of different: 3
The number of INconsistent: 84
The number of union: 211
The number of post constraints: 3078180
The number of consistent: 5466
The number of unpost constraints: 3078180
The number of Consistency checks: 106

Timer for Syntactic Relevance:[thread=1]: 18.250203086
18.250203086 
Timer for solver[thread=1]: 3.031723078
5.4415E-4 2.84512E-4 4.83868E-4 1.36759E-4 5.48439E-4 1.55505E-4 3.01451E-4 5.63606E-4 5.97037E-4 4.57148E-4 1.50303E-4 3.7476E-4 4.09174E-4 1.19419E-4 5.01624E-4 6.07686E-4 3.68674E-4 6.72335E-4 4.40748E-4 3.57077E-4 5.77674E-4 0.001008515 9.074E-5 4.53312E-4 5.16628E-4 1.32232E-4 9.9433E-5 1.52855E-4 1.28334E-4 1.13572E-4 6.26935E-4 8.48682E-4 7.53964E-4 7.02299E-4 3.98807E-4 8.59728E-4 6.83222E-4 7.00862E-4 9.62965E-4 7.81299E-4 6.28121E-4 6.31218E-4 6.81754E-4 0.001071017 9.02902E-4 7.2043E-4 7.28173E-4 8.34346E-4 0.001094692 4.54213E-4 9.2731E-5 1.39009E-4 1.06044E-4 1.01075E-4 1.33365E-4 1.5228E-4 1.72079E-4 1.21979E-4 1.07833E-4 1.24804E-4 2.75245E-4 5.76394E-4 5.71791E-4 5.44187E-4 6.67316E-4 5.87834E-4 5.9539E-4 2.91794E-4 5.79581E-4 3.36952E-4 3.44506E-4 7.18314E-4 7.84439E-4 6.07506E-4 6.09549E-4 5.36389E-4 6.69027E-4 6.64567E-4 5.70704E-4 7.38802E-4 3.15096E-4 6.78727E-4 8.12327E-4 6.92846E-4 6.55401E-4 7.61236E-4 7.06503E-4 7.38747E-4 8.7837E-4 3.78926E-4 7.52317E-4 6.90376E-4 8.00462E-4 6.55233E-4 6.71234E-4 7.71819E-4 9.00177E-4 6.1494E-4 8.40388E-4 8.43505E-4 1.16703E-4 9.7271E-5 9.7935E-5 9.9082E-5 8.9277E-5 7.1935E-5 1.2639E-4 9.3979E-5 1.39777E-4 1.07823E-4 8.6555E-5 1.3267E-4 8.4831E-5 8.9127E-5 1.18607E-4 9.604E-5 6.1709E-5 9.5637E-5 8.0442E-5 7.7932E-5 8.9834E-5 7.4148E-5 1.6542E-4 1.37901E-4 1.04522E-4 1.58776E-4 9.9403E-5 1.19987E-4 1.2154E-4 9.1586E-5 0.001725282 0.002096463 0.001333715 0.001126373 0.002721488 9.45732E-4 0.002571803 0.001799788 8.43405E-4 0.001283175 0.001856127 6.76075E-4 5.17892E-4 3.52398E-4 6.68219E-4 3.14717E-4 6.39049E-4 2.08897E-4 6.16632E-4 3.7864E-4 5.60568E-4 4.96215E-4 3.1929E-4 5.05243E-4 5.64667E-4 5.81241E-4 5.60184E-4 3.93257E-4 5.9856E-4 6.51764E-4 3.36547E-4 5.75129E-4 4.49783E-4 3.40611E-4 3.87471E-4 2.8706E-4 3.0352E-4 3.42686E-4 4.32525E-4 5.11328E-4 3.73308E-4 2.42085E-4 4.70751E-4 4.49608E-4 3.39383E-4 3.70142E-4 3.52036E-4 4.70942E-4 3.38694E-4 3.21155E-4 4.74002E-4 3.871E-4 2.55485E-4 3.0345E-4 3.09223E-4 2.43214E-4 4.02961E-4 3.60758E-4 3.91426E-4 5.49304E-4 4.45301E-4 3.69805E-4 3.289E-4 1.92665E-4 4.56185E-4 5.13247E-4 6.22338E-4 5.6367E-4 5.68977E-4 4.38636E-4 3.34177E-4 4.87058E-4 4.69169E-4 5.58737E-4 5.97978E-4 4.0851E-4 6.67442E-4 6.18042E-4 3.26901E-4 4.70871E-4 3.79727E-4 6.11787E-4 4.73426E-4 2.36444E-4 3.41421E-4 2.74055E-4 6.80567E-4 2.76251E-4 3.70214E-4 6.88E-4 3.84792E-4 3.5488E-4 3.38498E-4 3.54273E-4 3.69628E-4 3.79882E-4 3.76091E-4 7.57741E-4 3.22203E-4 4.62564E-4 5.04145E-4 6.13091E-4 3.52659E-4 3.48472E-4 3.61478E-4 3.72639E-4 3.01625E-4 2.89862E-4 3.13819E-4 2.91652E-4 3.47257E-4 7.18803E-4 2.64464E-4 2.84907E-4 1.70934E-4 3.54099E-4 3.51284E-4 4.00597E-4 3.12053E-4 6.56849E-4 4.66092E-4 4.32803E-4 4.68913E-4 4.32277E-4 4.46506E-4 4.31088E-4 4.69598E-4 4.38711E-4 4.53077E-4 4.49509E-4 4.47165E-4 4.6219E-4 4.94314E-4 7.64511E-4 8.25158E-4 7.91635E-4 7.95227E-4 4.82925E-4 5.17309E-4 5.14779E-4 4.96916E-4 5.78441E-4 5.26541E-4 4.89461E-4 7.90506E-4 7.00107E-4 5.45117E-4 9.89419E-4 8.28476E-4 6.96857E-4 5.4305E-4 5.5498E-4 7.87527E-4 5.47902E-4 5.5767E-4 4.97328E-4 5.18618E-4 4.99388E-4 4.93083E-4 7.38255E-4 5.43889E-4 8.26274E-4 5.4874E-4 4.92868E-4 7.67447E-4 7.60297E-4 4.84761E-4 5.56701E-4 5.28007E-4 5.05516E-4 5.47372E-4 5.10087E-4 7.77368E-4 7.40418E-4 5.62251E-4 7.43119E-4 7.85148E-4 5.88455E-4 7.56388E-4 7.33614E-4 5.68039E-4 5.18036E-4 7.69913E-4 5.28044E-4 5.03527E-4 5.19533E-4 5.31683E-4 7.81639E-4 5.47962E-4 5.42832E-4 7.8176E-4 7.76667E-4 5.69223E-4 7.84758E-4 7.61714E-4 7.5917E-4 7.30256E-4 5.57413E-4 7.63529E-4 6.91521E-4 5.59503E-4 8.16154E-4 7.94319E-4 7.50036E-4 8.03813E-4 7.68441E-4 5.51375E-4 7.59057E-4 4.947E-4 5.08155E-4 7.26968E-4 5.26952E-4 5.08271E-4 7.14176E-4 5.05211E-4 7.50562E-4 7.50761E-4 7.42057E-4 7.32601E-4 4.90594E-4 5.00864E-4 5.12593E-4 4.91137E-4 4.66105E-4 8.06101E-4 5.2548E-4 7.58021E-4 4.88505E-4 4.41291E-4 5.15598E-4 5.02253E-4 7.24081E-4 7.28456E-4 5.31292E-4 7.34943E-4 5.66619E-4 7.51088E-4 5.32115E-4 7.31312E-4 5.1795E-4 7.46425E-4 4.93349E-4 5.04844E-4 5.05097E-4 6.87412E-4 7.60823E-4 8.02433E-4 5.8418E-4 5.04519E-4 7.89231E-4 4.84866E-4 5.06378E-4 5.23154E-4 4.59564E-4 6.97319E-4 7.54833E-4 7.63412E-4 5.40514E-4 4.87088E-4 7.59475E-4 7.24141E-4 7.95459E-4 5.16593E-4 8.14492E-4 5.62894E-4 4.85003E-4 8.1263E-4 6.8677E-4 5.14998E-4 7.7787E-4 7.21884E-4 7.94327E-4 8.00071E-4 7.02802E-4 5.53041E-4 5.10369E-4 7.60096E-4 7.57843E-4 4.89097E-4 4.55048E-4 5.1924E-4 5.08623E-4 7.16324E-4 7.04231E-4 5.20346E-4 5.15499E-4 5.38062E-4 7.86666E-4 5.3023E-4 5.1521E-4 5.02894E-4 5.40853E-4 5.02694E-4 5.47688E-4 7.93136E-4 7.85245E-4 7.78828E-4 5.61308E-4 7.71626E-4 5.66902E-4 4.96845E-4 8.19394E-4 5.20141E-4 5.23314E-4 7.12853E-4 7.69043E-4 5.79637E-4 8.01739E-4 4.73394E-4 4.98606E-4 4.6367E-4 5.36142E-4 7.72994E-4 4.91152E-4 4.51758E-4 7.73787E-4 5.13239E-4 7.90205E-4 9.23922E-4 7.94222E-4 7.49171E-4 7.91191E-4 8.89729E-4 7.73488E-4 5.28412E-4 6.33912E-4 7.86733E-4 8.15887E-4 7.94973E-4 7.71148E-4 8.19165E-4 6.35047E-4 5.95426E-4 8.04514E-4 8.00442E-4 6.31842E-4 5.21533E-4 7.06696E-4 7.6624E-4 7.66097E-4 5.20063E-4 5.67078E-4 5.01117E-4 5.67137E-4 8.05401E-4 5.6812E-4 8.058E-4 5.42596E-4 7.11207E-4 5.86431E-4 6.93003E-4 6.10133E-4 8.36375E-4 5.60451E-4 7.88902E-4 5.51168E-4 8.32074E-4 5.50979E-4 7.9695E-4 7.7699E-4 7.62158E-4 8.35097E-4 7.6998E-4 8.08802E-4 8.68853E-4 5.62048E-4 8.019E-4 5.11779E-4 7.69472E-4 5.32275E-4 5.74267E-4 5.0615E-4 4.8757E-4 5.62522E-4 5.44489E-4 7.24871E-4 7.50529E-4 5.33702E-4 5.7798E-4 7.97586E-4 7.69165E-4 8.3238E-4 7.48078E-4 7.05292E-4 7.6518E-4 5.26391E-4 5.70157E-4 5.13146E-4 5.03319E-4 8.25919E-4 8.05949E-4 5.28189E-4 5.00954E-4 8.24108E-4 7.6709E-4 7.64396E-4 5.75077E-4 7.94142E-4 5.59191E-4 5.82078E-4 5.23192E-4 4.97086E-4 5.60347E-4 7.77219E-4 5.84422E-4 5.66185E-4 7.55826E-4 6.0882E-4 5.51511E-4 5.48534E-4 7.77128E-4 5.22964E-4 7.61711E-4 5.45982E-4 5.29096E-4 7.40933E-4 7.66931E-4 5.8974E-4 5.20564E-4 6.6382E-4 5.03838E-4 7.64928E-4 5.65503E-4 8.53808E-4 6.20341E-4 5.63656E-4 5.49484E-4 4.98489E-4 5.36898E-4 5.35147E-4 7.81738E-4 5.27938E-4 5.46147E-4 7.20609E-4 5.68054E-4 7.66168E-4 6.01486E-4 7.01745E-4 7.22873E-4 5.69238E-4 7.50758E-4 5.61284E-4 7.55344E-4 5.70973E-4 5.25456E-4 7.8336E-4 7.34607E-4 7.57957E-4 7.94408E-4 5.68785E-4 5.19237E-4 5.93027E-4 8.13365E-4 9.18718E-4 7.11121E-4 6.42955E-4 9.69329E-4 8.94107E-4 6.95135E-4 9.58116E-4 9.71828E-4 8.77127E-4 6.91118E-4 9.11304E-4 6.41321E-4 6.73391E-4 6.12175E-4 5.66834E-4 5.95188E-4 8.54352E-4 7.32996E-4 7.1178E-4 5.69323E-4 7.27041E-4 6.27858E-4 5.52068E-4 8.49995E-4 5.81146E-4 8.25543E-4 7.14292E-4 7.48899E-4 5.28155E-4 5.19042E-4 5.79456E-4 8.08298E-4 8.21919E-4 5.86518E-4 5.31989E-4 5.69869E-4 5.82212E-4 4.92263E-4 5.78516E-4 7.22603E-4 7.54007E-4 8.21191E-4 8.05953E-4 7.85946E-4 5.2646E-4 7.83223E-4 7.09298E-4 5.63749E-4 5.50264E-4 5.31123E-4 5.41882E-4 5.51343E-4 5.62977E-4 5.51099E-4 8.21538E-4 8.14423E-4 7.05965E-4 7.16125E-4 6.4547E-4 7.75255E-4 5.54868E-4 5.40161E-4 5.59646E-4 5.82208E-4 8.01435E-4 5.73141E-4 5.24319E-4 5.69733E-4 5.64458E-4 5.23356E-4 5.67013E-4 5.263E-4 5.44478E-4 7.85918E-4 8.31718E-4 7.51049E-4 8.14182E-4 5.63419E-4 8.32429E-4 8.80756E-4 7.56516E-4 6.14805E-4 8.1226E-4 7.68564E-4 7.99872E-4 6.02843E-4 5.41779E-4 5.96292E-4 5.69959E-4 4.90061E-4 8.09783E-4 5.25182E-4 7.78516E-4 5.80992E-4 5.57697E-4 5.64256E-4 5.82429E-4 5.33317E-4 5.33842E-4 7.85366E-4 5.19211E-4 5.67589E-4 7.53788E-4 7.26316E-4 7.89857E-4 7.85257E-4 6.02569E-4 7.15943E-4 8.84415E-4 7.2247E-4 6.94056E-4 8.02973E-4 5.54009E-4 7.49668E-4 8.16362E-4 5.51943E-4 7.09246E-4 7.90337E-4 7.66265E-4 5.93727E-4 4.98611E-4 5.48624E-4 5.35748E-4 7.89294E-4 7.79913E-4 7.75603E-4 5.55404E-4 7.39491E-4 7.81527E-4 5.0834E-4 7.67971E-4 5.55432E-4 5.39848E-4 7.29861E-4 5.51569E-4 7.56202E-4 7.8921E-4 5.73962E-4 7.86811E-4 7.44726E-4 5.26167E-4 8.04406E-4 5.93262E-4 5.20602E-4 5.04033E-4 6.17424E-4 5.4022E-4 7.74785E-4 8.07158E-4 7.68905E-4 7.23491E-4 7.67738E-4 7.80248E-4 7.29844E-4 5.9001E-4 4.85975E-4 5.40802E-4 7.0039E-4 5.26341E-4 5.81069E-4 5.11937E-4 8.05082E-4 7.55578E-4 5.34963E-4 6.24717E-4 5.39916E-4 6.67538E-4 5.39884E-4 7.77178E-4 6.96183E-4 7.38594E-4 6.51128E-4 7.63741E-4 7.6561E-4 7.65883E-4 7.63631E-4 6.08809E-4 7.22366E-4 5.5398E-4 4.96757E-4 5.25416E-4 5.37244E-4 7.798E-4 7.07079E-4 5.06634E-4 6.45679E-4 5.91132E-4 5.97007E-4 5.29607E-4 9.51822E-4 8.5347E-4 5.57198E-4 5.67514E-4 5.24632E-4 5.20675E-4 5.52141E-4 9.52831E-4 5.66429E-4 5.47965E-4 5.35329E-4 5.51919E-4 5.5172E-4 8.92741E-4 8.78425E-4 8.74901E-4 8.4972E-4 5.59899E-4 5.36652E-4 5.6846E-4 5.26135E-4 9.12246E-4 8.88194E-4 5.63246E-4 9.08114E-4 5.18037E-4 4.9992E-4 5.67315E-4 9.62495E-4 6.20439E-4 8.92785E-4 5.30819E-4 5.37884E-4 5.17254E-4 9.24605E-4 5.48902E-4 5.66645E-4 8.89749E-4 8.6987E-4 5.91854E-4 9.52715E-4 5.6886E-4 8.74483E-4 6.10301E-4 5.42817E-4 5.2474E-4 9.25017E-4 5.71743E-4 5.67392E-4 9.08182E-4 5.74415E-4 9.28522E-4 6.08273E-4 9.58544E-4 5.23707E-4 5.22361E-4 5.41038E-4 8.86235E-4 8.63539E-4 5.77274E-4 9.34962E-4 5.93921E-4 9.39103E-4 8.67879E-4 9.44847E-4 9.64817E-4 5.47942E-4 9.02917E-4 8.92571E-4 9.61733E-4 9.13872E-4 5.30899E-4 5.39887E-4 8.84172E-4 5.41014E-4 5.52946E-4 8.45045E-4 8.62129E-4 9.21272E-4 8.74695E-4 8.42423E-4 5.64043E-4 5.6873E-4 5.27539E-4 5.58776E-4 9.15896E-4 8.90373E-4 5.45996E-4 5.44023E-4 9.39469E-4 9.60406E-4 5.50898E-4 9.0564E-4 9.50525E-4 5.54238E-4 9.21908E-4 9.41476E-4 9.5259E-4 6.23891E-4 5.41273E-4 8.84876E-4 5.70898E-4 5.43283E-4 5.68285E-4 9.30382E-4 5.80453E-4 8.82626E-4 9.05043E-4 6.10831E-4 0.001015848 5.58449E-4 5.23708E-4 9.06086E-4 9.08304E-4 9.33028E-4 8.95748E-4 5.16654E-4 8.74917E-4 5.70705E-4 5.09104E-4 8.99739E-4 5.7587E-4 5.15491E-4 5.53817E-4 8.7231E-4 5.45383E-4 8.9181E-4 5.58007E-4 8.90348E-4 8.454E-4 8.41386E-4 5.66596E-4 8.98063E-4 8.86699E-4 5.78928E-4 9.61468E-4 8.40811E-4 8.52984E-4 8.90816E-4 9.09744E-4 8.68432E-4 8.84263E-4 6.01461E-4 5.98326E-4 8.72135E-4 5.64465E-4 9.64186E-4 8.90162E-4 5.26364E-4 0.001007899 5.65445E-4 9.18021E-4 8.98713E-4 9.20934E-4 8.5088E-4 5.79089E-4 5.12804E-4 6.33803E-4 5.22559E-4 5.13965E-4 8.63815E-4 8.84825E-4 5.5306E-4 5.2929E-4 9.54892E-4 5.9763E-4 8.78869E-4 5.74859E-4 8.79385E-4 8.83674E-4 5.74847E-4 5.44079E-4 0.001002986 9.0022E-4 8.46902E-4 9.12653E-4 8.76304E-4 9.27785E-4 5.63799E-4 5.26364E-4 9.57118E-4 5.83312E-4 9.22747E-4 5.64231E-4 5.47408E-4 9.08474E-4 5.35091E-4 5.1724E-4 9.19892E-4 8.74757E-4 5.73955E-4 9.48425E-4 6.47644E-4 5.48232E-4 0.001097258 6.71232E-4 0.001092041 6.90757E-4 0.001119313 6.5887E-4 0.001094499 6.34279E-4 7.00602E-4 5.87126E-4 9.61614E-4 6.00163E-4 5.62175E-4 8.5037E-4 5.71633E-4 9.28047E-4 9.73354E-4 8.67148E-4 6.0852E-4 8.80181E-4 9.67051E-4 9.01592E-4 8.51775E-4 9.11299E-4 5.85241E-4 9.53748E-4 5.78875E-4 8.88183E-4 8.82039E-4 8.66308E-4 5.89593E-4 5.74308E-4 8.91446E-4 5.52208E-4 5.45588E-4 9.05512E-4 8.7028E-4 5.66331E-4 9.04413E-4 8.35848E-4 6.10457E-4 8.78299E-4 9.14776E-4 5.76609E-4 9.4505E-4 6.05485E-4 5.47764E-4 9.43538E-4 8.31509E-4 8.77184E-4 5.48719E-4 8.93461E-4 5.8505E-4 9.69744E-4 8.61732E-4 8.58325E-4 8.73315E-4 5.91688E-4 5.38024E-4 5.92135E-4 9.54072E-4 5.60798E-4 5.54995E-4 9.18235E-4 9.64707E-4 9.3353E-4 8.64628E-4 9.04751E-4 6.05554E-4 8.4899E-4 9.98E-4 6.34439E-4 0.002819128 9.3077E-4 9.18104E-4 5.83738E-4 0.001000351 8.85328E-4 9.14971E-4 5.41818E-4 9.51105E-4 5.50033E-4 9.11383E-4 9.94835E-4 5.65886E-4 6.01041E-4 9.06193E-4 9.04968E-4 5.70062E-4 9.1895E-4 8.93977E-4 6.20018E-4 8.57655E-4 5.95506E-4 8.94645E-4 9.13987E-4 8.26777E-4 5.81679E-4 6.12637E-4 5.4217E-4 9.65816E-4 6.12149E-4 5.67658E-4 9.4338E-4 8.68176E-4 0.00104012 5.6945E-4 5.65525E-4 9.37103E-4 6.0136E-4 5.45917E-4 6.17748E-4 6.14894E-4 6.17781E-4 5.45423E-4 9.38469E-4 0.00121678 9.64152E-4 8.68865E-4 5.4543E-4 5.97292E-4 5.8956E-4 5.08838E-4 6.22859E-4 9.7217E-4 9.29448E-4 6.2768E-4 5.30351E-4 9.59398E-4 6.01871E-4 9.14235E-4 5.76668E-4 9.34203E-4 5.7611E-4 5.49029E-4 9.65553E-4 8.8309E-4 8.64272E-4 5.92282E-4 9.18372E-4 5.89797E-4 9.29598E-4 8.51151E-4 8.96765E-4 9.49664E-4 6.30277E-4 9.05316E-4 6.30831E-4 5.54002E-4 8.72154E-4 5.97294E-4 9.27E-4 9.97836E-4 5.86416E-4 5.41205E-4 5.70322E-4 5.60275E-4 5.45582E-4 5.67396E-4 5.832E-4 5.37069E-4 9.32557E-4 5.31845E-4 5.9226E-4 5.2636E-4 8.72363E-4 5.76725E-4 5.48278E-4 8.77336E-4 5.76678E-4 9.11056E-4 9.40778E-4 5.25136E-4 9.52337E-4 5.43465E-4 9.39211E-4 9.53942E-4 9.25995E-4 0.001163717 5.81842E-4 8.6594E-4 6.64958E-4 9.38207E-4 8.95801E-4 9.11098E-4 6.1523E-4 5.11549E-4 9.32471E-4 9.10046E-4 9.3147E-4 5.46953E-4 9.32207E-4 8.47438E-4 5.31815E-4 5.59229E-4 9.05325E-4 9.34083E-4 9.40112E-4 5.56019E-4 8.79951E-4 9.64672E-4 8.68851E-4 5.82846E-4 9.05185E-4 8.95025E-4 5.97155E-4 8.78906E-4 5.36349E-4 8.94971E-4 8.89772E-4 8.7469E-4 5.97427E-4 5.15039E-4 8.84525E-4 9.09293E-4 8.32071E-4 5.37126E-4 5.04285E-4 8.68598E-4 5.51339E-4 5.62891E-4 8.56106E-4 8.49589E-4 8.78398E-4 9.2256E-4 6.25832E-4 6.16875E-4 9.31957E-4 9.91442E-4 9.04431E-4 8.94642E-4 6.34799E-4 5.59978E-4 8.77372E-4 8.44724E-4 9.62202E-4 5.97518E-4 5.95023E-4 5.55847E-4 5.06647E-4 9.29477E-4 8.87487E-4 6.83293E-4 9.20159E-4 8.65408E-4 5.41202E-4 9.25704E-4 8.42085E-4 7.7731E-4 8.93688E-4 0.001037028 5.54425E-4 5.67378E-4 8.73069E-4 5.64537E-4 6.65439E-4 0.001021099 9.71216E-4 8.96207E-4 5.9984E-4 5.24754E-4 9.215E-4 5.60528E-4 5.39823E-4 8.90124E-4 9.04845E-4 5.53592E-4 8.33372E-4 5.60815E-4 5.77713E-4 0.001073511 6.47122E-4 6.25657E-4 9.11347E-4 9.5637E-4 8.76176E-4 8.1527E-4 8.55644E-4 6.03835E-4 9.9778E-4 6.43205E-4 9.45228E-4 6.20046E-4 8.15146E-4 5.49038E-4 9.6198E-4 8.83138E-4 8.90343E-4 8.73356E-4 5.27495E-4 5.67059E-4 8.76879E-4 9.21689E-4 9.00481E-4 8.01799E-4 9.25087E-4 9.49169E-4 6.20167E-4 5.18912E-4 5.71987E-4 9.23489E-4 8.39986E-4 8.68645E-4 9.27304E-4 5.78343E-4 9.26359E-4 8.71756E-4 5.56573E-4 9.40097E-4 1.01095E-4 5.44324E-4 8.44818E-4 5.56379E-4 9.1192E-4 8.82217E-4 8.78947E-4 6.06838E-4 8.30675E-4 8.30865E-4 5.99333E-4 9.61419E-4 5.51801E-4 8.75834E-4 9.71276E-4 5.38652E-4 5.50599E-4 5.9621E-4 5.25232E-4 9.91834E-4 6.02313E-4 5.26196E-4 8.91644E-4 5.85071E-4 7.97726E-4 6.1327E-4 5.6057E-4 9.50749E-4 9.50089E-4 0.0011538 8.43228E-4 9.91924E-4 9.24482E-4 9.21619E-4 6.18146E-4 5.49302E-4 9.34492E-4 9.26016E-4 8.58998E-4 5.49763E-4 5.56483E-4 5.37469E-4 8.61922E-4 8.89279E-4 9.32813E-4 5.40328E-4 5.50115E-4 5.74454E-4 5.28688E-4 5.4342E-4 5.72314E-4 8.31771E-4 5.64146E-4 8.66547E-4 9.41558E-4 5.61973E-4 9.09249E-4 9.18831E-4 6.02067E-4 8.27917E-4 5.65626E-4 5.86307E-4 8.56105E-4 9.19696E-4 5.98669E-4 9.01071E-4 8.84586E-4 9.48333E-4 5.17784E-4 5.39743E-4 8.71266E-4 5.91435E-4 9.00964E-4 5.26242E-4 5.30532E-4 5.39144E-4 9.16937E-4 5.6924E-4 5.78772E-4 4.74996E-4 4.71279E-4 5.26246E-4 0.001016703 9.26784E-4 5.95781E-4 5.537E-4 9.83476E-4 5.75413E-4 5.34235E-4 8.89577E-4 6.20685E-4 9.36473E-4 5.0338E-4 5.97183E-4 9.25769E-4 8.09539E-4 5.65868E-4 5.66453E-4 5.24103E-4 5.60232E-4 9.29541E-4 5.56074E-4 5.83812E-4 8.8111E-4 9.27002E-4 5.80959E-4 0.001063315 9.52648E-4 7.72237E-4 8.88104E-4 0.001489962 8.928E-4 7.56806E-4 0.001298479 0.001214662 7.32724E-4 0.001264115 7.95597E-4 7.43004E-4 7.03048E-4 8.04111E-4 7.20877E-4 7.36838E-4 0.001146964 0.001138275 0.001285683 7.96882E-4 0.001187484 7.70757E-4 9.8148E-4 5.80086E-4 0.001144363 0.001104994 9.93106E-4 7.08956E-4 6.4926E-4 0.001107144 0.00104679 0.001147413 9.4242E-4 8.77549E-4 8.90909E-4 5.49601E-4 9.94782E-4 5.8188E-4 7.9538E-4 9.2245E-4 9.30462E-4 6.07884E-4 9.5826E-4 8.86225E-4 8.39966E-4 5.88085E-4 5.71113E-4 9.68306E-4 9.25308E-4 5.70828E-4 5.60275E-4 8.52653E-4 5.75784E-4 5.49528E-4 9.11379E-4 5.90867E-4 9.91796E-4 5.95652E-4 0.001012163 9.10297E-4 6.31727E-4 5.05464E-4 8.94772E-4 9.04383E-4 5.5882E-4 5.20155E-4 9.65644E-4 8.63756E-4 5.95055E-4 5.04021E-4 5.36527E-4 9.63176E-4 8.3424E-4 4.9449E-4 9.743E-4 6.03223E-4 9.38323E-4 5.67733E-4 5.21228E-4 5.15457E-4 9.54938E-4 8.67552E-4 5.61498E-4 8.70395E-4 9.3107E-4 8.29303E-4 5.42875E-4 9.25645E-4 8.30442E-4 9.32578E-4 5.56293E-4 5.61594E-4 5.08271E-4 5.48019E-4 4.75399E-4 5.58431E-4 5.23152E-4 5.31234E-4 8.86758E-4 0.00100862 9.36604E-4 5.18455E-4 8.02994E-4 5.55665E-4 9.68299E-4 8.34543E-4 8.97603E-4 5.55058E-4 8.79138E-4 5.76128E-4 5.59357E-4 4.8963E-4 8.71262E-4 8.43151E-4 8.60283E-4 8.69675E-4 8.73547E-4 5.33011E-4 5.47378E-4 5.08737E-4 5.03676E-4 9.31795E-4 7.82786E-4 4.57909E-4 9.2278E-4 8.83413E-4 9.20077E-4 6.06546E-4 5.38977E-4 9.33495E-4 9.08146E-4 8.57169E-4 5.19392E-4 5.57882E-4 9.37194E-4 5.39313E-4 8.85578E-4 8.52117E-4 8.2135E-4 5.88777E-4 5.43323E-4 5.48041E-4 5.11826E-4 8.86118E-4 4.79656E-4 9.11484E-4 8.71361E-4 8.33704E-4 9.31214E-4 8.85469E-4 8.07342E-4 5.3718E-4 8.5125E-4 5.44103E-4 5.75658E-4 5.36459E-4 5.16603E-4 5.52115E-4 5.60913E-4 9.29488E-4 9.00739E-4 4.85821E-4 8.43818E-4 8.05322E-4 5.0776E-4 5.58873E-4 5.06056E-4 7.77007E-4 9.32304E-4 5.45093E-4 0.00102782 6.17623E-4 5.85966E-4 5.44335E-4 0.001079074 0.001082987 0.001114398 6.99521E-4 6.54183E-4 6.31171E-4 0.001066743 0.001099256 6.66568E-4 6.28275E-4 0.001049912 9.77443E-4 6.82445E-4 0.001098202 8.72002E-4 0.001069635 9.78208E-4 8.80216E-4 9.14765E-4 5.89371E-4 8.82563E-4 8.99288E-4 9.02466E-4 5.78144E-4 8.95282E-4 8.37186E-4 5.65195E-4 4.72878E-4 5.31234E-4 9.23516E-4 6.34367E-4 5.22707E-4 5.47166E-4 5.04417E-4 8.70375E-4 9.06687E-4 9.03386E-4 5.2666E-4 4.92811E-4 8.93367E-4 5.64736E-4 5.125E-4 9.25828E-4 8.69812E-4 5.75131E-4 8.96899E-4 5.44569E-4 5.48185E-4 7.64408E-4 7.62071E-4 8.93241E-4 8.67504E-4 5.96416E-4 5.57913E-4 5.35916E-4 8.84477E-4 8.94498E-4 5.93079E-4 5.25129E-4 8.86773E-4 8.71238E-4 8.25648E-4 5.76164E-4 8.66358E-4 8.11962E-4 5.8847E-4 5.32275E-4 5.18431E-4 5.57747E-4 8.92598E-4 8.15915E-4 8.42243E-4 5.80027E-4 8.65741E-4 5.22997E-4 8.52546E-4 5.52489E-4 8.28337E-4 8.90586E-4 5.32107E-4 9.63486E-4 8.47442E-4 5.51822E-4 9.54368E-4 5.53339E-4 5.31877E-4 5.49523E-4 8.39515E-4 4.92274E-4 4.48883E-4 8.17072E-4 8.57717E-4 8.4273E-4 5.14717E-4 8.58221E-4 4.78732E-4 8.58415E-4 5.93476E-4 4.61394E-4 4.25568E-4 8.75252E-4 8.93716E-4 5.3929E-4 5.4106E-4 5.02986E-4 5.00365E-4 9.55146E-4 9.13541E-4 5.49161E-4 5.37818E-4 5.25635E-4 5.22105E-4 5.25185E-4 5.0486E-4 4.53543E-4 5.77184E-4 9.02299E-4 8.74583E-4 8.48563E-4 5.49577E-4 7.90444E-4 8.88965E-4 8.30574E-4 8.59141E-4 9.22897E-4 8.12171E-4 8.45546E-4 7.72109E-4 4.92201E-4 8.40776E-4 5.87788E-4 5.28893E-4 8.90512E-4 5.58423E-4 8.62251E-4 5.85685E-4 5.09417E-4 8.26329E-4 8.40131E-4 7.97888E-4 5.06457E-4 5.67324E-4 4.91051E-4 8.20788E-4 8.82363E-4 4.38243E-4 5.46013E-4 8.75715E-4 7.54956E-4 4.09461E-4 9.40295E-4 6.38803E-4 7.84009E-4 8.56295E-4 9.72529E-4 8.13453E-4 6.00353E-4 8.73987E-4 7.89571E-4 5.13687E-4 5.36659E-4 4.61188E-4 9.07234E-4 7.94566E-4 7.4653E-4 5.59507E-4 5.389E-4 9.63243E-4 8.93439E-4 5.60525E-4 8.18319E-4 8.75276E-4 5.02528E-4 4.92405E-4 4.87324E-4 5.06447E-4 5.44418E-4 8.71792E-4 4.61026E-4 8.71279E-4 9.02737E-4 5.14664E-4 8.11463E-4 9.56774E-4 9.1003E-4 5.43829E-4 5.30505E-4 4.3805E-4 5.12265E-4 4.38652E-4 5.21236E-4 4.78741E-4 4.70404E-4 8.28883E-4 8.58345E-4 4.07957E-4 9.46671E-4 9.1346E-4 5.02666E-4 3.37006E-4 5.83804E-4 5.76965E-4 3.90928E-4 8.70808E-4 8.34483E-4 4.26451E-4 5.62497E-4 5.50976E-4 6.40003E-4 9.57554E-4 4.32448E-4 8.34629E-4 5.62785E-4 4.06444E-4 4.55826E-4 5.45814E-4 5.34005E-4 9.13322E-4 5.82359E-4 5.78221E-4 8.37144E-4 8.73107E-4 4.34046E-4 5.27961E-4 9.35046E-4 4.34303E-4 5.53926E-4 8.68279E-4 3.77133E-4 5.76166E-4 9.78819E-4 9.42267E-4 5.48857E-4 5.47793E-4 5.37279E-4 9.48294E-4 4.49534E-4 3.8874E-4 9.09063E-4 3.56203E-4 4.84083E-4 3.83761E-4 3.62195E-4 8.37072E-4 6.07278E-4 2.77104E-4 9.18122E-4 5.25069E-4 4.89625E-4 2.35704E-4 9.00425E-4 8.95554E-4 2.96731E-4 5.86592E-4 5.69618E-4 2.97783E-4 8.55691E-4 9.19032E-4 5.75456E-4 8.82662E-4 3.09124E-4 5.19684E-4 9.1281E-4 2.91023E-4 7.15415E-4 6.04312E-4 9.21142E-4 9.24778E-4 8.94613E-4 9.01036E-4 8.47955E-4 9.07205E-4 3.08073E-4 5.25143E-4 5.06115E-4 2.97839E-4 4.98173E-4 8.26916E-4 2.70365E-4 5.47649E-4 5.38155E-4 8.99823E-4 9.56819E-4 5.65011E-4 5.25135E-4 5.54155E-4 3.19744E-4 2.7945E-4 5.15479E-4 2.79124E-4 5.17583E-4 2.88449E-4 3.08388E-4 9.17628E-4 5.71486E-4 2.99508E-4 8.87953E-4 6.0603E-4 8.04677E-4 2.52781E-4 6.02547E-4 9.6518E-4 3.20983E-4 9.11774E-4 8.94646E-4 3.18809E-4 8.73052E-4 9.40529E-4 5.40974E-4 8.8548E-4 3.40481E-4 5.53832E-4 9.38699E-4 2.94802E-4 4.61278E-4 5.99032E-4 5.73698E-4 5.32559E-4 8.79155E-4 6.29425E-4 8.32721E-4 5.67965E-4 2.98875E-4 6.10343E-4 9.17402E-4 3.11967E-4 5.63555E-4 8.49519E-4 2.68125E-4 5.68124E-4 8.8147E-5 9.53852E-4 5.09031E-4 8.59381E-4 5.43828E-4 9.25826E-4 3.14748E-4 2.64299E-4 4.93827E-4 2.61433E-4 8.0946E-4 2.86319E-4 2.98095E-4 8.59911E-4 5.91347E-4 2.739E-4 8.84573E-4 5.64824E-4 8.17636E-4 2.47393E-4 5.73623E-4 9.62588E-4 3.01093E-4 5.96698E-4 5.24187E-4 2.87358E-4 9.21667E-4 6.09498E-4 8.99671E-4 9.08694E-4 2.9283E-4 5.37143E-4 5.70448E-4 2.87393E-4 4.90525E-4 5.48402E-4 5.64302E-4 5.30778E-4 9.19971E-4 5.96088E-4 8.32807E-4 5.38234E-4 2.80721E-4 5.27758E-4 5.41369E-4 3.00994E-4 9.27614E-4 4.81505E-4 2.55584E-4 9.10047E-4 8.8617E-4 8.52672E-4 5.47275E-4 8.9544E-4 5.42617E-4 8.57074E-4 3.12415E-4 2.61237E-4 7.94553E-4 2.73532E-4 5.23047E-4 2.99718E-4 2.89979E-4 8.49285E-4 5.35704E-4 2.7231E-4 5.47647E-4 5.19009E-4 4.86483E-4 2.36341E-4 5.61505E-4 9.33737E-4 2.84343E-4 5.75193E-4 5.38327E-4 2.79463E-4 5.13495E-4 8.947E-4 5.68817E-4 5.48911E-4 2.88816E-4 5.17368E-4 5.5567E-4 2.89065E-4 7.52113E-4 5.48343E-4 9.28109E-4 8.74763E-4 5.39599E-4 5.74803E-4 4.8689E-4 5.05882E-4 2.81276E-4 4.96823E-4 6.93744E-4 3.49807E-4 0.001158716 6.4465E-4 3.27268E-4 0.001108504 0.001044055 0.001015454 6.34869E-4 6.29183E-4 0.001054377 6.23375E-4 3.1349E-4 2.68293E-4 8.37992E-4 2.81993E-4 8.00954E-4 3.11491E-4 2.89939E-4 7.6495E-4 6.0621E-4 2.68974E-4 8.83705E-4 5.47551E-4 4.86888E-4 2.49331E-4 5.4177E-4 9.27733E-4 3.03614E-4 5.31067E-4 5.38662E-4 2.95238E-4 8.74544E-4 8.35805E-4 7.88265E-4 6.13098E-4 3.12835E-4 8.31361E-4 5.79378E-4 2.87466E-4 4.64743E-4 6.15291E-4 5.24209E-4 9.5891E-4 9.09938E-4 9.33084E-4 5.21934E-4 5.02526E-4 2.76765E-4 5.02241E-4 5.57821E-4 2.95605E-4 9.38902E-4 8.70611E-4 2.66079E-4 8.93428E-4 5.91971E-4 5.31637E-4 5.1884E-4 5.20685E-4 5.35911E-4 9.3071E-4 2.99653E-4 2.60296E-4 5.30934E-4 2.70009E-4 8.01155E-4 2.9499E-4 2.81899E-4 8.15574E-4 8.77632E-4 2.87237E-4 8.74076E-4 7.8755E-4 7.01419E-4 2.25275E-4 8.48703E-4 8.64129E-4 2.6562E-4 5.31442E-4 8.92619E-4 2.6532E-4 8.80163E-4 5.27879E-4 5.34262E-4 9.15857E-4 2.84085E-4 4.93824E-4 5.19103E-4 2.64385E-4 4.44145E-4 5.01204E-4 8.7781E-4 9.20649E-4 8.28027E-4 8.8141E-4 7.81285E-4 5.48255E-4 2.74241E-4 4.89971E-4 5.01833E-4 2.82829E-4 8.63587E-4 4.96589E-4 2.54403E-4 5.01628E-4 8.46881E-4 5.21926E-4 4.59385E-4 5.35193E-4 8.6521E-4 5.43498E-4 2.83808E-4 2.37465E-4 7.80192E-4 2.50661E-4 7.64381E-4 2.72911E-4 2.7707E-4 4.58072E-4 8.58009E-4 2.50532E-4 5.25014E-4 8.40311E-4 4.76407E-4 2.20552E-4 4.97993E-4 5.2447E-4 2.66126E-4 8.94092E-4 5.34541E-4 2.73378E-4 7.91106E-4 5.02734E-4 7.9025E-4 5.33924E-4 2.80637E-4 7.48047E-4 8.68458E-4 2.74815E-4 4.61973E-4 5.15414E-4 8.10164E-4 8.69401E-4 5.59452E-4 4.77615E-4 7.89286E-4 7.6318E-4 2.79382E-4 8.33051E-4 8.83838E-4 2.7499E-4 8.2554E-4 4.60497E-4 2.51416E-4 9.03486E-4 8.14141E-4 8.25961E-4 5.20926E-4 5.17859E-4 8.16804E-4 8.22887E-4 2.70022E-4 2.48688E-4 7.64678E-4 2.50796E-4 7.78843E-4 2.71974E-4 2.49872E-4 7.93127E-4 5.45593E-4 2.5038E-4 8.69009E-4 8.2961E-4 4.59584E-4 2.31571E-4 4.8602E-4 5.02996E-4 2.78897E-4 8.54361E-4 5.62544E-4 2.64541E-4 8.58882E-4 8.79911E-4 8.09786E-4 5.24316E-4 2.7111E-4 7.33989E-4 8.43966E-4 2.83635E-4 4.53621E-4 5.16314E-4 8.02645E-4 8.28245E-4 5.24893E-4 8.58861E-4 7.38173E-4 7.73438E-4 2.9201E-4 5.04969E-4 4.84834E-4 2.64939E-4 8.44376E-4 4.64901E-4 2.48847E-4 4.92513E-4 8.12362E-4 7.73204E-4 7.78341E-4 8.71376E-4 5.31586E-4 5.08076E-4 2.67606E-4 2.34783E-4 4.48095E-4 2.54501E-4 4.73638E-4 2.6079E-4 2.61421E-4 4.71874E-4 8.47617E-4 2.48069E-4 4.9476E-4 4.86394E-4 4.62714E-4 2.34249E-4 5.13603E-4 5.02416E-4 2.73918E-4 8.90312E-4 5.27062E-4 2.73871E-4 4.89755E-4 8.7166E-4 4.83082E-4 8.45574E-4 2.66625E-4 5.02833E-4 5.47223E-4 2.70342E-4 7.524E-4 8.32975E-4 5.37334E-4 5.05068E-4 4.95049E-4 8.18538E-4 7.323E-4 5.08537E-4 2.73784E-4 8.43881E-4 5.01821E-4 2.77858E-4 8.80644E-4 7.20996E-4 2.5648E-4 8.20361E-4 5.2009E-4 8.29185E-4 8.48033E-4 8.14559E-4 5.13176E-4 8.19929E-4 2.74112E-4 2.50308E-4 5.18175E-4 2.53551E-4 4.52021E-4 2.69584E-4 2.56911E-4 4.45572E-4 8.2159E-4 2.60515E-4 8.39841E-4 8.02008E-4 4.78871E-4 2.22987E-4 5.48576E-4 8.57859E-4 2.72687E-4 8.81979E-4 6.57998E-4 2.75419E-4 4.93726E-4 5.08814E-4 8.2776E-4 8.72432E-4 2.77618E-4 7.45864E-4 8.18858E-4 2.87484E-4 4.44334E-4 8.25227E-4 5.20124E-4 8.42809E-4 5.41429E-4 5.71225E-4 4.70588E-4 4.79473E-4 2.8223E-4 8.65296E-4 5.18936E-4 2.77422E-4 8.57404E-4 5.12791E-4 2.58469E-4 4.82631E-4 9.63993E-4 8.05855E-4 5.30355E-4 8.78689E-4 8.60749E-4 5.87916E-4 2.90851E-4 2.52155E-4 5.08206E-4 2.57494E-4 7.93723E-4 2.82615E-4 2.50125E-4 7.74014E-4 7.83156E-4 2.64311E-4 8.35892E-4 5.34723E-4 4.50635E-4 2.22831E-4 9.66468E-4 8.76274E-4 2.87613E-4 8.4855E-4 5.70462E-4 2.72311E-4 5.05595E-4 5.16388E-4 5.05684E-4 8.1507E-4 2.75535E-4 8.40203E-4 8.53824E-4 2.75452E-4 7.38976E-4 5.47399E-4 4.91969E-4 5.18328E-4 4.9777E-4 8.2044E-4 8.20725E-4 7.94182E-4 2.79425E-4 4.8696E-4 4.74849E-4 2.64513E-4 4.74735E-4 4.60421E-4 2.4595E-4 9.176E-4 5.62928E-4 8.78889E-4 8.23913E-4 7.91002E-4 8.15267E-4 8.5539E-4 2.86593E-4 2.42586E-4 8.06355E-4 2.58545E-4 4.89679E-4 2.67417E-4 2.7232E-4 8.0942E-4 8.15193E-4 2.56596E-4 5.50662E-4 8.91961E-4 7.58045E-4 2.30784E-4 5.42793E-4 9.05865E-4 2.95781E-4 9.14851E-4 8.3883E-4 2.77667E-4 5.04107E-4 8.86762E-4 5.1274E-4 8.82837E-4 3.05164E-4 4.93055E-4 5.09612E-4 2.80111E-4 4.68381E-4 5.30506E-4 8.35787E-4 5.54809E-4 8.51371E-4 8.195E-4 7.46719E-4 5.26524E-4 2.68118E-4 4.90084E-4 8.3074E-4 2.77916E-4 5.09128E-4 5.00443E-4 2.59399E-4 8.45101E-4 5.77735E-4 8.5903E-4 8.34443E-4 4.9137E-4 8.8896E-4 5.70412E-4 2.78897E-4 2.50884E-4 4.8768E-4 2.51767E-4 4.65227E-4 2.71036E-4 2.82285E-4 8.10232E-4 5.34938E-4 2.60584E-4 5.20477E-4 5.16219E-4 7.46046E-4 2.315E-4 8.70695E-4 7.93379E-4 2.79064E-4 9.01622E-4 8.1535E-4 2.75066E-4 5.30474E-4 8.46308E-4 8.20454E-4 8.3578E-4 2.83337E-4 4.6634E-4 4.89109E-4 2.61611E-4 6.94602E-4 8.46347E-4 5.39308E-4 8.42355E-4 5.05333E-4 5.44603E-4 4.67754E-4 4.76319E-4 2.73186E-4 4.70374E-4 4.77044E-4 2.6942E-4 8.57321E-4 7.7291E-4 2.50483E-4 5.219E-4 5.38053E-4 8.008E-4 8.68368E-4 7.92538E-4 5.48528E-4 5.1628E-4 2.7376E-4 2.53428E-4 8.07013E-4 2.61702E-4 4.96778E-4 2.78591E-4 2.68942E-4 8.06828E-4 5.07423E-4 2.49306E-4 8.26481E-4 5.21499E-4 4.65695E-4 2.23491E-4 5.03688E-4 8.47419E-4 2.68508E-4 5.30741E-4 5.26164E-4 2.76593E-4 5.30851E-4 8.94838E-4 5.09245E-4 5.01878E-4 2.63167E-4 8.10672E-4 5.1882E-4 2.76121E-4 6.78849E-4 8.33897E-4 5.31067E-4 5.28531E-4 4.68708E-4 5.33542E-4 7.74537E-4 5.16291E-4 2.64775E-4 8.34582E-4 4.8443E-4 2.79392E-4 5.18366E-4 7.86343E-4 2.47611E-4 4.9222E-4 5.18909E-4 5.03138E-4 8.33412E-4 8.53963E-4 5.22344E-4 8.9995E-4 2.74634E-4 2.44677E-4 7.92094E-4 2.4619E-4 4.95252E-4 2.65971E-4 2.73542E-4 7.74931E-4 5.29032E-4 2.54658E-4 4.8549E-4 8.51006E-4 4.71029E-4 2.20494E-4 8.42771E-4 8.6341E-4 2.78266E-4 5.01296E-4 5.14175E-4 2.68529E-4 5.178E-4 8.53352E-4 5.09591E-4 8.31656E-4 2.78013E-4 8.1175E-4 5.25382E-4 2.73399E-4 6.98547E-4 5.23434E-4 8.84692E-4 5.16666E-4 4.88836E-4 7.93377E-4 8.1826E-4 5.23686E-4 2.86493E-4 8.30107E-4 7.94693E-4 2.77036E-4 5.10085E-4 4.42713E-4 2.52876E-4 5.46543E-4 5.12767E-4 4.93422E-4 8.54466E-4 7.91597E-4 8.05201E-4 5.45796E-4 2.74067E-4 2.42819E-4 4.57859E-4 2.45883E-4 7.88332E-4 2.62605E-4 2.6956E-4 7.32691E-4 8.56974E-4 2.58417E-4 8.38659E-4 5.2473E-4 7.30711E-4 2.24037E-4 7.86412E-4 5.11246E-4 2.64688E-4 5.12578E-4 8.91816E-4 2.67675E-4 5.23754E-4 8.02398E-4 5.48847E-4 5.28766E-4 2.78321E-4 7.88183E-4 8.9961E-4 3.01403E-4 7.97818E-4 9.80517E-4 6.4822E-4 5.96861E-4 5.66156E-4 0.001037353 5.88597E-4 8.75357E-4 2.88162E-4 5.38981E-4 8.19833E-4 4.3706E-4 8.25044E-4 7.59856E-4 2.71969E-4 5.10663E-4 8.72179E-4 7.8246E-4 8.59698E-4 5.62126E-4 8.18535E-4 5.8881E-4 2.93693E-4 2.51169E-4 4.76986E-4 2.54441E-4 4.81989E-4 2.71613E-4 2.61889E-4 4.5284E-4 8.76962E-4 2.67319E-4 9.14425E-4 5.30103E-4 4.54588E-4 2.24598E-4 8.55312E-4 5.54288E-4 3.05509E-4 5.22992E-4 9.21214E-4 2.73974E-4 5.09883E-4 8.77338E-4 5.39618E-4 5.19347E-4 2.81084E-4 4.57102E-4 4.91865E-4 2.67247E-4 4.40956E-4 8.24573E-4 5.44455E-4 5.22895E-4 5.28453E-4 5.33124E-4 4.93935E-4 4.6437E-4 2.72641E-4 5.07854E-4 5.13349E-4 2.70507E-4 8.65088E-4 7.73084E-4 2.51307E-4 5.17079E-4 5.18784E-4 8.27102E-4 5.23596E-4 8.32494E-4 5.55723E-4 5.41265E-4 2.9167E-4 2.56513E-4 4.93074E-4 2.49264E-4 4.4758E-4 2.84956E-4 2.63901E-4 8.09005E-4 5.56234E-4 2.52063E-4 3.90876E-4 5.03558E-4 6.94225E-4 2.24148E-4 8.61559E-4 8.2922E-4 2.7886E-4 0.001552805 8.54561E-4 2.75287E-4 8.03845E-4 5.47996E-4 8.10712E-4 8.03425E-4 2.87131E-4 3.60906E-4 5.05381E-4 2.74987E-4 7.70101E-4 8.39765E-4 7.96894E-4 5.56826E-4 4.10959E-4 8.40266E-4 3.67299E-4 5.05571E-4 2.79529E-4 4.79831E-4 4.72319E-4 2.76196E-4 4.76411E-4 7.48138E-4 2.49663E-4 5.39092E-4 8.79363E-4 5.22561E-4 4.75213E-4 8.36855E-4 5.23381E-4 5.52775E-4 2.79962E-4 2.45097E-4 4.66211E-4 2.61442E-4 7.75576E-4 2.63917E-4 2.51998E-4 7.66817E-4 8.49784E-4 2.62697E-4 4.31902E-4 8.46752E-4 4.72583E-4 2.34071E-4 5.54707E-4 8.41055E-4 2.92562E-4 5.63347E-4 5.29597E-4 2.75329E-4 8.35804E-4 5.15324E-4 4.83994E-4 8.60754E-4 2.70096E-4 3.92039E-4 8.44707E-4 2.92411E-4 7.46346E-4 5.79118E-4 5.43935E-4 7.82966E-4 4.19522E-4 5.47382E-4 3.55477E-4 8.42481E-4 2.66356E-4 7.77139E-4 8.18561E-4 2.69711E-4 7.75771E-4 7.26528E-4 2.41695E-4 4.89564E-4 5.35489E-4 5.07788E-4 8.84277E-4 8.05557E-4 5.15E-4 8.27251E-4 2.8052E-4 2.45623E-4 7.43488E-4 2.59248E-4 7.26439E-4 2.74105E-4 2.5196E-4 4.90323E-4 5.54154E-4 2.54342E-4 4.66848E-4 8.37363E-4 5.06137E-4 2.35963E-4 5.30327E-4 5.0527E-4 2.77214E-4 5.52758E-4 5.06844E-4 2.73403E-4 4.87007E-4 8.06066E-4 5.02718E-4 5.10419E-4 2.72281E-4 3.82304E-4 4.96065E-4 2.93895E-4 7.03155E-4 5.4742E-4 5.10096E-4 7.91307E-4 4.08298E-4 5.21128E-4 3.86475E-4 8.24339E-4 2.76592E-4 7.91013E-4 4.94007E-4 2.63961E-4 7.78443E-4 4.91493E-4 2.47103E-4 8.04864E-4 5.61716E-4 5.41193E-4 5.05616E-4 4.77567E-4 5.31685E-4 8.11175E-4 2.80471E-4 2.38743E-4 7.92231E-4 2.47075E-4 7.72538E-4 2.70026E-4 2.50882E-4 4.71563E-4 8.46118E-4 2.51308E-4 4.1059E-4 4.98134E-4 4.95291E-4 2.27313E-4 5.26046E-4 5.40503E-4 2.71571E-4 8.86727E-4 5.45647E-4 2.72758E-4 9.09453E-4 5.03673E-4 7.60077E-4 8.04059E-4 2.73264E-4 3.65115E-4 8.14587E-4 2.7168E-4 4.55596E-4 5.04415E-4 4.92854E-4 4.8694E-4 3.86315E-4 7.70402E-4 3.5217E-4 7.89251E-4 2.60934E-4 7.37261E-4 7.38152E-4 3.00422E-4 5.41084E-4 4.33937E-4 2.3871E-4 7.91636E-4 5.48216E-4 7.77366E-4 5.5227E-4 8.29604E-4 7.68987E-4 5.05668E-4 2.67816E-4 2.31682E-4 4.91811E-4 2.47637E-4 8.10781E-4 2.63184E-4 2.4917E-4 4.65094E-4 8.13645E-4 2.42313E-4 4.19651E-4 7.87119E-4 6.87631E-4 2.28634E-4 4.92414E-4 7.69622E-4 2.61212E-4 5.0648E-4 7.82508E-4 2.97303E-4 8.49317E-4 5.14109E-4 7.31726E-4 8.17269E-4 2.60695E-4 3.50987E-4 8.1038E-4 2.66913E-4 4.37615E-4 7.77209E-4 7.48545E-4 4.98703E-4 3.88515E-4 5.15914E-4 3.56944E-4 4.70494E-4 2.57884E-4 7.83546E-4 7.89801E-4 2.56741E-4 8.43961E-4 4.47071E-4 2.45434E-4 7.86064E-4 8.43517E-4 4.96481E-4 7.75426E-4 5.12945E-4 4.80292E-4 5.24527E-4 2.68256E-4 2.36368E-4 7.41209E-4 2.41572E-4 7.63542E-4 2.62676E-4 2.59584E-4 4.69795E-4 5.12799E-4 2.37699E-4 4.0871E-4 5.3128E-4 7.46302E-4 2.15274E-4 8.28004E-4 7.61775E-4 3.24635E-4 8.2856E-4 5.4414E-4 2.65542E-4 8.42979E-4 5.67923E-4 4.63384E-4 8.08609E-4 2.64891E-4 3.7401E-4 8.17523E-4 2.7046E-4 6.94765E-4 5.56446E-4 4.67571E-4 4.91281E-4 3.89717E-4 4.84815E-4 3.39243E-4 5.10429E-4 2.70263E-4 8.1726E-4 5.11655E-4 2.75079E-4 5.07615E-4 7.44946E-4 2.43344E-4 4.99071E-4 4.90287E-4 7.94638E-4 4.9149E-4 5.00883E-4 8.11421E-4 8.11993E-4 2.93778E-4 2.36792E-4 7.34167E-4 2.7978E-4 7.40179E-4 2.59345E-4 2.4623E-4 7.20403E-4 4.47136E-4 2.75043E-4 4.28607E-4 4.87651E-4 8.9961E-5 2.29873E-4 3.85915E-4 2.58447E-4 2.49646E-4 4.91961E-4 4.81976E-4 2.53427E-4 3.71322E-4 4.85171E-4 1.16378E-4 2.49118E-4 2.54758E-4 2.56724E-4 8.1514E-4 2.56023E-4 3.45239E-4 4.2724E-4 3.77347E-4 4.06218E-4 3.96201E-4 7.94779E-4 3.53075E-4 9.0621E-5 2.65418E-4 7.46307E-4 7.28306E-4 2.6073E-4 3.61926E-4 6.94131E-4 2.85986E-4 7.97069E-4 8.09071E-4 7.91559E-4 5.56574E-4 5.2068E-4 8.05491E-4 8.7742E-5 2.68015E-4 2.28358E-4 3.28243E-4 2.26793E-4 4.41109E-4 3.25762E-4 2.55027E-4 4.73389E-4 5.18808E-4 2.70675E-4 4.00686E-4 5.0543E-4 4.75007E-4 2.42314E-4 8.40949E-4 8.18925E-4 3.29218E-4 7.92795E-4 5.38049E-4 2.61272E-4 5.11986E-4 5.15636E-4 4.42447E-4 5.049E-4 2.59964E-4 3.83499E-4 4.98E-4 2.55247E-4 4.45654E-4 8.73895E-4 5.61503E-4 8.17185E-4 4.01362E-4 7.95161E-4 3.87481E-4 4.83354E-4 3.11232E-4 8.24367E-4 4.98539E-4 2.70841E-4 7.48212E-4 7.29252E-4 2.55226E-4 5.68802E-4 8.99238E-4 5.38722E-4 7.81245E-4 4.7996E-4 8.08522E-4 0.001689657 2.82048E-4 2.42872E-4 4.98145E-4 2.45296E-4 4.51103E-4 2.69631E-4 2.75986E-4 7.89168E-4 7.71929E-4 2.46391E-4 4.23174E-4 7.73744E-4 4.80143E-4 2.20281E-4 8.53087E-4 7.79185E-4 2.66417E-4 5.31416E-4 8.51318E-4 2.54783E-4 7.46154E-4 5.53356E-4 4.77949E-4 8.23921E-4 3.05521E-4 3.81017E-4 8.03413E-4 2.63742E-4 4.92571E-4 8.27109E-4 5.28604E-4 7.66278E-4 4.01902E-4 8.04407E-4 3.85972E-4 5.01424E-4 2.78876E-4 8.0956E-4 8.11234E-4 2.99762E-4 7.60315E-4 7.79351E-4 2.38429E-4 7.92857E-4 7.79309E-4 5.21914E-4 8.0823E-4 7.67132E-4 7.88147E-4 8.07963E-4 2.83068E-4 2.34386E-4 7.6843E-4 2.46202E-4 7.23895E-4 2.66076E-4 2.51094E-4 7.67433E-4 7.60724E-4 2.51849E-4 4.26949E-4 5.15774E-4 6.42195E-4 2.18005E-4 5.30949E-4 8.26424E-4 3.10815E-4 5.40714E-4 4.78382E-4 2.64693E-4 5.16907E-4 8.29393E-4 7.23397E-4 7.97926E-4 2.71845E-4 3.72272E-4 5.19409E-4 2.98726E-4 4.2341E-4 8.35478E-4 8.07323E-4 7.57399E-4 3.93048E-4 5.06811E-4 4.02728E-4 7.37692E-4 2.64681E-4 5.57513E-4 8.03956E-4 3.09998E-4 0.001572552 7.02173E-4 2.69877E-4 4.95608E-4 8.57484E-4 7.93421E-4 4.86918E-4 4.89123E-4 5.29976E-4 5.3174E-4 2.73527E-4 2.71259E-4 7.18637E-4 2.36809E-4 5.08009E-4 2.51548E-4 2.63722E-4 8.17149E-4 5.1946E-4 2.5293E-4 4.07818E-4 7.81738E-4 4.44585E-4 2.3372E-4 8.00161E-4 7.54916E-4 2.86053E-4 5.1764E-4 4.92199E-4 2.5832E-4 8.69847E-4 5.35256E-4 4.98556E-4 5.19772E-4 2.66303E-4 3.82631E-4 4.939E-4 2.61253E-4 6.64269E-4 8.15901E-4 7.71269E-4 4.9304E-4 3.71548E-4 7.50013E-4 3.83606E-4 7.62186E-4 3.12146E-4 5.48306E-4 5.38086E-4 3.01471E-4 5.20238E-4 4.81515E-4 2.43973E-4 5.28041E-4 8.05122E-4 7.92055E-4 6.35031E-4 8.52217E-4 5.04898E-4 4.79742E-4 2.6397E-4 2.8107E-4 7.40186E-4 2.36624E-4 4.43693E-4 2.56384E-4 2.49411E-4 4.64145E-4 8.09711E-4 3.95746E-4 4.1061E-4 4.92194E-4 6.37788E-4 2.1582E-4 7.63495E-4 5.06091E-4 2.60081E-4 5.31866E-4 8.29612E-4 2.66177E-4 7.62585E-4 8.40851E-4 4.75739E-4 5.48523E-4 2.67056E-4 3.67064E-4 7.71975E-4 2.54941E-4 4.84331E-4 7.63414E-4 7.74493E-4 7.53212E-4 4.43065E-4 8.07925E-4 3.83085E-4 4.6373E-4 2.5762E-4 5.34742E-4 7.85341E-4 2.7564E-4 5.03425E-4 7.05675E-4 2.37909E-4 7.44543E-4 7.6739E-4 5.04362E-4 7.80314E-4 7.55924E-4 5.64844E-4 4.8708E-4 2.76167E-4 2.43057E-4 4.77546E-4 2.39442E-4 4.68107E-4 2.64449E-4 2.4864E-4 4.53756E-4 7.49317E-4 2.4792E-4 4.18178E-4 7.99969E-4 6.84019E-4 2.2084E-4 7.41827E-4 5.41793E-4 2.77412E-4 8.15494E-4 7.6613E-4 2.60412E-4 7.61247E-4 5.15927E-4 4.6944E-4 8.12102E-4 2.72536E-4 4.51303E-4 9.20352E-4 3.231E-4 7.79362E-4 9.98357E-4 9.22231E-4 8.87976E-4 4.35516E-4 5.102E-4 3.86816E-4 4.9668E-4 2.64563E-4 5.27701E-4 5.32627E-4 2.67602E-4 4.84741E-4 4.53459E-4 2.37172E-4 8.04658E-4 5.42832E-4 4.95774E-4 4.57587E-4 8.45921E-4 5.02599E-4 5.01043E-4 2.67912E-4 2.45293E-4 7.28813E-4 2.50601E-4 7.60212E-4 2.85187E-4 2.57438E-4 4.78859E-4 7.83035E-4 2.46133E-4 4.1234E-4 7.89398E-4 6.70576E-4 2.2962E-4 7.79728E-4 8.04533E-4 2.62285E-4 5.57569E-4 6.35438E-4 2.74723E-4 7.63346E-4 8.6122E-4 7.78528E-4 5.16761E-4 2.69961E-4 3.83875E-4 5.92533E-4 2.66672E-4 4.55097E-4 8.48531E-4 8.52837E-4 8.58394E-4 4.35613E-4 8.45942E-4 3.47158E-4 5.10145E-4 2.69076E-4 8.27197E-4 7.65506E-4 2.63418E-4 7.68638E-4 5.32472E-4 2.51541E-4 4.89525E-4 8.45083E-4 7.81867E-4 7.62261E-4 5.5323E-4 8.14716E-4 5.78798E-4 2.81723E-4 2.40771E-4 5.5055E-4 2.67415E-4 4.43467E-4 2.5675E-4 2.42424E-4 4.38221E-4 4.39066E-4 2.60808E-4 3.74858E-4 4.72969E-4 6.6516E-4 2.21183E-4 4.55683E-4 8.16452E-4 2.63695E-4 5.1965E-4 8.38029E-4 3.05671E-4 7.88013E-4 4.93327E-4 6.88212E-4 4.77538E-4 3.06379E-4 3.4066E-4 4.70697E-4 2.61549E-4 4.01221E-4 7.5205E-4 4.78744E-4 9.18997E-4 3.37935E-4 7.48826E-4 3.05381E-4 3.83963E-4 2.56269E-4 3.98885E-4 3.94115E-4 2.6025E-4 6.5407E-4 3.75457E-4 2.40744E-4 3.9186E-4 7.11461E-4 4.1555E-4 4.06674E-4 6.86829E-4 4.35788E-4 7.47477E-4 2.65608E-4 2.79263E-4 6.35906E-4 2.50039E-4 3.78324E-4 2.65051E-4 2.59631E-4 6.40605E-4 4.21653E-4 2.64659E-4 3.24314E-4 0.001359002 3.85708E-4 2.56322E-4 7.00461E-4 7.3575E-4 2.72064E-4 6.92929E-4 4.41433E-4 2.58131E-4 6.52551E-4 6.6792E-4 6.39092E-4 4.35246E-4 2.65985E-4 3.00902E-4 4.054E-4 2.67973E-4 3.44412E-4 6.75937E-4 4.06979E-4 3.995E-4 3.14752E-4 6.81339E-4 2.931E-4 6.56238E-4 2.62383E-4 6.47151E-4 6.42758E-4 2.84577E-4 6.93685E-4 4.63267E-4 2.45358E-4 3.92569E-4 4.44529E-4 3.98608E-4 7.07251E-4 6.90878E-4 4.71181E-4 7.15292E-4 2.72651E-4 2.39382E-4 6.28335E-4 1.0578E-4 6.8527E-4 3.01239E-4 2.86266E-4 4.12175E-4 4.09883E-4 2.42753E-4 3.2202E-4 6.94197E-4 3.87568E-4 2.30139E-4 6.85951E-4 6.77704E-4 2.63618E-4 4.26004E-4 6.97801E-4 3.04834E-4 4.05847E-4 6.88776E-4 6.46642E-4 4.27581E-4 2.6322E-4 2.90186E-4 6.88607E-4 2.63783E-4 3.51564E-4 6.89158E-4 4.50622E-4 6.86241E-4 3.19442E-4 4.30925E-4 2.82668E-4 6.97095E-4 2.68838E-4 4.53738E-4 3.77249E-4 2.68904E-4 3.89806E-4 6.1018E-4 2.55884E-4 6.86674E-4 4.58149E-4 4.0417E-4 3.81314E-4 6.88255E-4 7.41843E-4 4.38578E-4 3.13681E-4 2.7587E-4 3.67806E-4 2.45579E-4 3.77907E-4 2.64104E-4 2.58472E-4 6.20354E-4 6.56516E-4 2.50258E-4 3.42873E-4 4.38478E-4 5.98624E-4 2.34974E-4 4.21185E-4 7.17323E-4 2.67928E-4 6.94775E-4 4.06994E-4 2.55046E-4 6.73559E-4 4.61677E-4 6.57552E-4 4.65792E-4 2.68729E-4 2.96649E-4 4.07922E-4 2.68196E-4 5.89661E-4 4.23765E-4 6.88485E-4 4.02809E-4 3.26004E-4 4.21859E-4 3.37272E-4 6.66171E-4 2.7716E-4 6.57938E-4 3.95729E-4 2.60234E-4 3.98386E-4 3.63602E-4 2.37919E-4 3.88406E-4 4.26696E-4 4.02236E-4 3.83251E-4 3.9916E-4 7.18581E-4 4.44339E-4 2.71802E-4 2.44542E-4 3.7447E-4 2.51048E-4 6.27523E-4 2.67206E-4 2.54633E-4 6.36477E-4 4.18862E-4 2.51817E-4 3.21042E-4 6.84745E-4 3.77091E-4 2.16609E-4 6.7113E-4 4.38212E-4 2.64294E-4 4.0825E-4 3.93476E-4 2.67756E-4 3.79818E-4 6.71337E-4 3.855E-4 4.57274E-4 2.7631E-4 3.35274E-4 4.05262E-4 2.70046E-4 3.56804E-4 6.8814E-4 6.63568E-4 4.11067E-4 3.17679E-4 4.17221E-4 2.93127E-4 3.89645E-4 2.71986E-4 6.6689E-4 6.3454E-4 3.10009E-4 9.46471E-4 8.34044E-4 3.36096E-4 8.98097E-4 5.87165E-4 5.16298E-4 4.65177E-4 8.55825E-4 8.78778E-4 9.1948E-4 3.00208E-4 2.57166E-4 6.34715E-4 2.60471E-4 6.05879E-4 2.62589E-4 2.96884E-4 6.33224E-4 6.61136E-4 2.56564E-4 3.32361E-4 4.40554E-4 3.70294E-4 2.54719E-4 4.20422E-4 7.60547E-4 2.78247E-4 6.75753E-4 6.66377E-4 2.67019E-4 3.97789E-4 4.21034E-4 6.43783E-4 4.35206E-4 2.7153E-4 3.04002E-4 4.51434E-4 2.66895E-4 5.87816E-4 4.17173E-4 7.27433E-4 6.67233E-4 3.28416E-4 7.02576E-4 3.02176E-4 6.54115E-4 2.73338E-4 7.22719E-4 6.50631E-4 2.9209E-4 3.96736E-4 6.21128E-4 2.52093E-4 6.72301E-4 4.4202E-4 6.86452E-4 4.55569E-4 4.06437E-4 7.1062E-4 7.31923E-4 2.75075E-4 2.39101E-4 8.98267E-4 3.25349E-4 4.73272E-4 2.84728E-4 2.62544E-4 3.75156E-4 6.7737E-4 2.4645E-4 3.31608E-4 7.03848E-4 3.83209E-4 3.01671E-4 7.09884E-4 7.17542E-4 2.69716E-4 6.94696E-4 6.65969E-4 2.59523E-4 3.89417E-4 7.0429E-4 4.06374E-4 7.31359E-4 2.63368E-4 3.09978E-4 6.58884E-4 2.71291E-4 5.85848E-4 7.3319E-4 4.34023E-4 4.11461E-4 3.36471E-4 7.10018E-4 3.1107E-4 4.06276E-4 2.6877E-4 3.79447E-4 3.79582E-4 2.65991E-4 6.83714E-4 4.10258E-4 2.44343E-4 3.91341E-4 4.27736E-4 7.66568E-4 4.00681E-4 4.08246E-4 7.05491E-4 6.89636E-4 2.77758E-4 2.44479E-4 3.79512E-4 2.4358E-4 6.56261E-4 2.7061E-4 2.62349E-4 6.02741E-4 6.53437E-4 3.00952E-4 3.22769E-4 4.11837E-4 3.64E-4 2.14488E-4 6.8018E-4 6.77313E-4 2.73273E-4 6.80853E-4 4.51348E-4 2.7833E-4 3.96794E-4 6.72776E-4 3.95319E-4 4.11887E-4 2.79218E-4 3.14769E-4 4.47504E-4 2.65668E-4 5.70314E-4 4.35229E-4 4.00747E-4 6.85322E-4 3.36041E-4 9.61784E-4 2.94181E-4 6.56263E-4 2.72869E-4 6.4535E-4 6.64008E-4 2.71521E-4 6.71663E-4 6.01571E-4 2.3999E-4 6.50842E-4 4.3963E-4 6.54541E-4 3.92059E-4 4.09316E-4 4.04085E-4 4.22189E-4 2.68261E-4 2.34941E-4 6.2153E-4 2.43219E-4 6.7377E-4 2.57904E-4 2.46908E-4 6.13217E-4 4.40503E-4 2.51818E-4 3.3131E-4 7.06692E-4 4.30971E-4 2.31728E-4 7.1843E-4 6.80301E-4 2.98232E-4 6.70777E-4 4.49975E-4 2.77783E-4 6.66999E-4 6.32585E-4 3.89955E-4 6.88453E-4 2.64548E-4 3.05272E-4 4.09513E-4 2.98325E-4 5.97194E-4 6.8788E-4 6.45678E-4 4.22115E-4 3.24638E-4 6.9974E-4 3.02897E-4 4.01887E-4 2.57955E-4 3.90266E-4 3.90819E-4 3.14071E-4 6.57365E-4 3.9588E-4 2.40932E-4 4.0023E-4 7.20403E-4 6.66208E-4 3.83666E-4 6.72071E-4 4.4111E-4 4.32652E-4 2.61316E-4 2.35077E-4 3.62215E-4 2.36658E-4 6.29818E-4 2.61661E-4 2.57982E-4 4.1301E-4 4.30203E-4 2.66642E-4 3.40015E-4 4.18426E-4 5.74532E-4 2.19941E-4 4.15824E-4 7.05774E-4 2.86636E-4 3.87757E-4 7.00784E-4 2.57099E-4 3.94512E-4 4.37212E-4 3.98149E-4 4.1005E-4 3.18794E-4 3.41056E-4 6.90672E-4 2.60072E-4 5.54001E-4 4.16694E-4 3.93426E-4 6.55385E-4 3.28763E-4 4.22893E-4 2.82881E-4 6.71361E-4 3.00068E-4 3.92446E-4 3.8095E-4 2.59756E-4 6.77419E-4 3.83963E-4 2.36319E-4 6.79009E-4 4.46057E-4 3.87431E-4 3.87599E-4 6.62316E-4 7.04308E-4 4.44149E-4 2.63418E-4 2.43936E-4 6.15598E-4 2.46018E-4 3.77519E-4 2.54294E-4 2.55464E-4 3.69142E-4 4.042E-4 2.45719E-4 3.2201E-4 4.23776E-4 5.74854E-4 2.16845E-4 6.65038E-4 4.28512E-4 2.57442E-4 7.13896E-4 4.18778E-4 3.38897E-4 6.73269E-4 6.52338E-4 6.47515E-4 6.74312E-4 2.63876E-4 2.9659E-4 4.07352E-4 2.65532E-4 3.41478E-4 7.0323E-4 4.3776E-4 4.01767E-4 3.13921E-4 4.22635E-4 2.93738E-4 3.93899E-4 2.60726E-4 3.90753E-4 3.91167E-4 2.71642E-4 6.78084E-4 3.88249E-4 2.48485E-4 3.93706E-4 7.42854E-4 6.56149E-4 6.53058E-4 6.77022E-4 4.27095E-4 4.28815E-4 2.7854E-4 2.42265E-4 3.71478E-4 2.43738E-4 6.39926E-4 2.59692E-4 2.4741E-4 3.74846E-4 3.96526E-4 2.503E-4 3.32788E-4 6.961E-4 3.82091E-4 2.34065E-4 6.9128E-4 6.96149E-4 2.70864E-4 4.0227E-4 6.61935E-4 2.55901E-4 7.02326E-4 6.36161E-4 6.56702E-4 6.93556E-4 2.7288E-4 3.07653E-4 6.80189E-4 2.65556E-4 5.53648E-4 4.19913E-4 6.56194E-4 3.98488E-4 3.09318E-4 6.62971E-4 3.02175E-4 3.863E-4 2.58605E-4 6.76615E-4 6.56954E-4 2.6744E-4 6.70672E-4 3.82047E-4 2.40377E-4 6.38604E-4 4.30955E-4 6.34883E-4 6.50391E-4 6.74421E-4 4.43256E-4 7.04032E-4 2.67975E-4 2.36203E-4 3.78106E-4 2.4171E-4 6.61099E-4 2.62735E-4 2.50051E-4 6.33733E-4 6.59034E-4 2.49867E-4 3.30795E-4 6.90217E-4 5.64169E-4 2.19468E-4 6.585E-4 4.40506E-4 2.71768E-4 3.73835E-4 3.81922E-4 2.51994E-4 3.82072E-4 4.05003E-4 6.54146E-4 4.1919E-4 2.65021E-4 3.06487E-4 6.9723E-4 2.6347E-4 3.43707E-4 7.02148E-4 4.1028E-4 6.9825E-4 3.27854E-4 6.73643E-4 2.93011E-4 3.95005E-4 2.53409E-4 6.45952E-4 4.73951E-4 2.71901E-4 3.83457E-4 6.10756E-4 2.41366E-4 6.33513E-4 6.97664E-4 6.51401E-4 3.87391E-4 3.90987E-4 4.02207E-4 7.25962E-4 2.75541E-4 2.5174E-4 6.4114E-4 2.55419E-4 6.22123E-4 2.73812E-4 2.50483E-4 6.29574E-4 4.1109E-4 2.44487E-4 3.28817E-4 7.11515E-4 3.77446E-4 2.23853E-4 4.20299E-4 7.11674E-4 2.62221E-4 3.86245E-4 7.17358E-4 2.63541E-4 6.71413E-4 6.76186E-4 4.03867E-4 4.23527E-4 2.68633E-4 2.9627E-4 3.98226E-4 2.57402E-4 5.7468E-4 4.25627E-4 6.82867E-4 4.12774E-4 3.24864E-4 4.18757E-4 2.87866E-4 6.51034E-4 2.58587E-4 3.74317E-4 6.84676E-4 2.78182E-4 3.93323E-4 6.32831E-4 2.3531E-4 4.01057E-4 4.1722E-4 6.70966E-4 6.31891E-4 6.90546E-4 6.86297E-4 7.17385E-4 2.7886E-4 2.4351E-4 3.84027E-4 2.47979E-4 6.25958E-4 2.60165E-4 2.486E-4 6.0882E-4 6.34933E-4 2.53688E-4 3.28792E-4 6.93913E-4 3.85575E-4 2.28228E-4 4.26962E-4 7.29633E-4 2.66896E-4 3.969E-4 6.54349E-4 2.98707E-4 6.49582E-4 6.72207E-4 6.28507E-4 6.81086E-4 2.82187E-4 3.05009E-4 6.9722E-4 2.73379E-4 3.65586E-4 4.10173E-4 7.00655E-4 4.22344E-4 3.22517E-4 6.95849E-4 4.15156E-4 3.99485E-4 2.73327E-4 6.61588E-4 3.95229E-4 2.60838E-4 6.50682E-4 6.05621E-4 2.42485E-4 6.45301E-4 4.48803E-4 6.82824E-4 6.53662E-4 4.2083E-4 6.9414E-4 6.94306E-4 2.70636E-4 2.40299E-4 3.75029E-4 2.49557E-4 6.17499E-4 2.59649E-4 2.54687E-4 6.08503E-4 6.63378E-4 2.51562E-4 3.27386E-4 6.96969E-4 3.81305E-4 2.23966E-4 4.23858E-4 4.32628E-4 2.61379E-4 6.71227E-4 4.18984E-4 2.67304E-4 3.93947E-4 6.65515E-4 4.01735E-4 6.82683E-4 2.65068E-4 3.08736E-4 4.16496E-4 2.65775E-4 5.6094E-4 6.90792E-4 6.7149E-4 4.13391E-4 3.21347E-4 7.17031E-4 3.0598E-4 4.09004E-4 2.74367E-4 3.89063E-4 4.71608E-4 2.70072E-4 6.80214E-4 6.1974E-4 2.56054E-4 6.69215E-4 4.48649E-4 6.34246E-4 4.21154E-4 4.01561E-4 7.17581E-4 7.34641E-4 3.16675E-4 2.49748E-4 4.58719E-4 2.56822E-4 4.20633E-4 2.65619E-4 2.61191E-4 4.16693E-4 4.56906E-4 2.49561E-4 4.13244E-4 4.40801E-4 3.86538E-4 2.18102E-4 4.52283E-4 5.37575E-4 2.77865E-4 4.16941E-4 4.5381E-4 2.57227E-4 4.70355E-4 4.24798E-4 4.13348E-4 4.81122E-4 2.70074E-4 3.79441E-4 5.15935E-4 2.75939E-4 3.46931E-4 7.31086E-4 7.26768E-4 4.23782E-4 3.19612E-4 6.9665E-4 3.36773E-4 6.94367E-4 2.78447E-4 6.99273E-4 7.1169E-4 2.77374E-4 4.049E-4 6.38714E-4 2.48683E-4 6.99731E-4 7.48939E-4 6.72846E-4 6.74286E-4 4.25829E-4 7.79399E-4 7.8706E-4 2.7422E-4 2.45885E-4 4.26147E-4 2.41785E-4 4.23963E-4 2.65776E-4 2.62383E-4 4.05079E-4 4.44354E-4 2.42386E-4 3.9825E-4 4.61013E-4 3.88747E-4 2.21283E-4 4.56292E-4 4.71135E-4 2.6606E-4 4.37808E-4 4.63548E-4 2.73041E-4 4.62857E-4 4.57743E-4 4.37341E-4 4.84588E-4 2.79927E-4 4.13725E-4 5.26985E-4 2.83552E-4 5.713E-4 4.50488E-4 4.18142E-4 4.25326E-4 3.27508E-4 4.18415E-4 3.13584E-4 7.0742E-4 2.74181E-4 6.8284E-4 6.98511E-4 2.78069E-4 7.15019E-4 6.57697E-4 2.58009E-4 4.36696E-4 7.69349E-4 4.16485E-4 6.52994E-4 4.34951E-4 4.28911E-4 7.71842E-4 2.82563E-4 2.42563E-4 3.73728E-4 2.42758E-4 6.68269E-4 2.74605E-4 2.6353E-4 3.89665E-4 9.5488E-5 2.53393E-4 3.03059E-4 4.27955E-4 6.20198E-4 2.37781E-4 4.40822E-4 7.0844E-4 2.80662E-4 6.98779E-4 9.4163E-5 2.71397E-4 3.68611E-4 3.92978E-4 6.94381E-4 4.12401E-4 2.74205E-4 2.90229E-4 3.83234E-4 2.69022E-4 3.18389E-4 6.3601E-4 9.455E-5 4.03624E-4 8.7905E-5 6.54837E-4 2.85352E-4 4.17133E-4 2.73456E-4 3.6408E-4 8.3323E-5 2.79695E-4 8.5744E-5 7.9489E-5 2.25787E-4 3.8626E-4 4.51263E-4 6.29078E-4 9.1057E-5 8.8709E-5 3.9511E-4 7.72041E-4 2.59188E-4 2.38828E-4 4.6903E-4 2.44382E-4 4.25341E-4 2.62641E-4 2.74558E-4 8.5355E-5 4.64668E-4 2.47967E-4 4.36134E-4 4.60091E-4 4.02142E-4 2.31621E-4 4.44825E-4 4.73298E-4 2.73116E-4 4.6887E-4 4.51397E-4 2.65139E-4 4.76624E-4 4.73856E-4 4.47699E-4 4.71265E-4 2.74108E-4 3.92023E-4 4.83285E-4 2.69719E-4 3.95903E-4 4.72903E-4 4.73719E-4 4.70212E-4 3.94665E-4 4.55496E-4 3.75453E-4 4.59993E-4 2.68615E-4 4.49044E-4 4.47871E-4 2.70335E-4 4.58933E-4 4.272E-4 2.58055E-4 4.56182E-4 4.77408E-4 4.36844E-4 4.30694E-4 4.65906E-4 4.39511E-4 4.67207E-4 2.73308E-4 2.40195E-4 4.43711E-4 2.45006E-4 4.31672E-4 2.78759E-4 2.53043E-4 4.40047E-4 4.41535E-4 2.57284E-4 4.17634E-4 4.44785E-4 4.01666E-4 2.20587E-4 4.31254E-4 4.6972E-4 2.73349E-4 4.53708E-4 4.85531E-4 2.60603E-4 4.58055E-4 4.59906E-4 4.31307E-4 4.76735E-4 2.65803E-4 3.60094E-4 4.6565E-4 2.71489E-4 3.90835E-4 4.74414E-4 5.08673E-4 4.92042E-4 3.9356E-4 4.50288E-4 3.74885E-4 4.65284E-4 2.67947E-4 4.42906E-4 4.71755E-4 2.78627E-4 4.70096E-4 4.06761E-4 2.44974E-4 4.86858E-4 5.08356E-4 4.52011E-4 4.61906E-4 5.09106E-4 4.49901E-4 4.72408E-4 2.8115E-4 2.48859E-4 4.39856E-4 2.58694E-4 4.22091E-4 2.65732E-4 2.66346E-4 4.20821E-4 4.67997E-4 2.85636E-4 3.80114E-4 4.51383E-4 3.9073E-4 2.18438E-4 4.3302E-4 4.65226E-4 2.65636E-4 4.56914E-4 4.6545E-4 2.59141E-4 5.09596E-4 5.02373E-4 4.33407E-4 5.13793E-4 2.65E-4 4.01912E-4 4.58665E-4 2.72069E-4 4.09828E-4 4.92643E-4 4.92973E-4 4.73576E-4 4.04069E-4 4.83278E-4 3.57425E-4 4.67731E-4 2.67007E-4 4.67324E-4 4.77166E-4 2.72394E-4 4.62543E-4 4.29573E-4 2.46456E-4 4.74469E-4 4.83557E-4 4.57635E-4 4.5679E-4 4.80423E-4 4.62247E-4 4.68822E-4 2.75508E-4 2.74113E-4 4.30125E-4 2.52483E-4 4.38181E-4 2.74698E-4 2.54231E-4 4.12637E-4 4.48747E-4 2.49844E-4 4.23974E-4 4.47728E-4 4.08117E-4 2.20629E-4 4.29568E-4 4.63122E-4 2.70705E-4 4.87069E-4 4.68195E-4 2.69427E-4 4.25464E-4 4.59899E-4 4.35781E-4 4.70322E-4 2.74445E-4 3.56608E-4 4.81577E-4 2.73771E-4 4.04313E-4 4.91273E-4 4.63147E-4 4.85539E-4 4.14108E-4 4.62213E-4 3.79504E-4 4.53959E-4 2.69177E-4 4.35821E-4 4.68629E-4 2.77297E-4 4.6876E-4 4.24759E-4 2.54713E-4 4.59654E-4 4.80239E-4 4.32373E-4 4.55462E-4 4.79983E-4 4.62327E-4 4.81201E-4 2.82814E-4 2.4242E-4 4.57661E-4 2.49994E-4 4.42465E-4 2.68711E-4 2.57704E-4 4.43254E-4 4.53848E-4 2.50466E-4 4.05292E-4 4.33875E-4 3.97392E-4 2.34492E-4 4.39733E-4 4.66629E-4 2.75174E-4 4.71159E-4 4.78356E-4 2.77075E-4 4.53926E-4 4.54338E-4 4.37101E-4 4.53689E-4 2.66114E-4 3.82162E-4 4.98168E-4 2.64934E-4 4.03429E-4 4.89902E-4 5.09499E-4 4.84988E-4 4.36098E-4 4.92796E-4 3.7888E-4 4.52122E-4 2.71256E-4 4.7177E-4 4.72051E-4 2.71294E-4 4.72342E-4 4.10236E-4 2.44737E-4 6.95521E-4 6.67987E-4 6.67026E-4 6.01192E-4 6.39457E-4 6.15339E-4 6.28103E-4 3.82688E-4 3.4591E-4 6.42382E-4 3.17269E-4 4.84631E-4 3.27479E-4 2.97847E-4 4.88791E-4 5.23449E-4 2.81679E-4 4.51019E-4 4.62912E-4 4.16828E-4 2.24726E-4 4.38292E-4 4.75163E-4 2.74033E-4 4.5811E-4 4.79169E-4 2.68907E-4 4.71359E-4 4.76102E-4 4.21659E-4 4.76267E-4 2.75765E-4 3.59222E-4 5.9955E-4 2.69917E-4 4.00532E-4 4.93295E-4 5.00036E-4 4.66761E-4 4.18043E-4 4.65828E-4 3.71355E-4 4.43741E-4 2.71186E-4 4.48592E-4 4.6966E-4 2.67253E-4 4.65976E-4 4.25608E-4 2.42965E-4 4.83114E-4 4.88838E-4 4.52347E-4 4.69518E-4 4.58698E-4 4.66257E-4 4.60339E-4 2.76145E-4 2.50579E-4 4.44238E-4 2.59446E-4 4.25531E-4 2.63453E-4 2.53393E-4 4.4534E-4 4.72532E-4 2.47173E-4 4.25222E-4 4.37574E-4 4.14062E-4 2.29831E-4 4.46321E-4 4.97979E-4 2.74973E-4 4.72766E-4 4.74183E-4 2.67525E-4 4.45999E-4 4.67424E-4 4.16519E-4 4.86709E-4 2.65325E-4 3.98222E-4 4.80922E-4 2.76107E-4 4.05828E-4 4.93406E-4 4.86509E-4 4.96701E-4 3.97883E-4 4.72299E-4 3.85069E-4 4.44163E-4 2.80139E-4 4.33298E-4 4.26063E-4 2.62576E-4 4.51338E-4 4.1683E-4 2.42465E-4 4.82767E-4 4.45608E-4 4.43069E-4 4.25347E-4 4.66334E-4 4.38291E-4 4.54846E-4 2.67751E-4 2.38277E-4 4.52729E-4 2.40792E-4 4.38787E-4 2.70302E-4 2.56029E-4 4.2052E-4 4.28048E-4 2.50309E-4 4.06972E-4 4.32747E-4 4.05266E-4 2.22287E-4 4.23138E-4 4.66019E-4 2.56883E-4 4.57992E-4 4.55243E-4 2.63787E-4 4.447E-4 4.69431E-4 4.19823E-4 5.57962E-4 2.72435E-4 4.04654E-4 4.53187E-4 2.80286E-4 4.1038E-4 4.56083E-4 4.73272E-4 4.61649E-4 3.91402E-4 4.63116E-4 3.71788E-4 5.07016E-4 2.71895E-4 4.36599E-4 4.84399E-4 2.76581E-4 4.65985E-4 4.42653E-4 2.50985E-4 4.89976E-4 4.94384E-4 4.63587E-4 4.70099E-4 4.80186E-4 4.7253E-4 4.7826E-4 2.80281E-4 2.44986E-4 4.53008E-4 2.4736E-4 4.36711E-4 2.7387E-4 2.64218E-4 4.48105E-4 4.5614E-4 2.58206E-4 4.39571E-4 4.54122E-4 4.10375E-4 2.23313E-4 4.28752E-4 4.85715E-4 2.85261E-4 4.79218E-4 4.7747E-4 2.65329E-4 4.54669E-4 4.78741E-4 4.37906E-4 4.79635E-4 2.72189E-4 3.61101E-4 4.65103E-4 2.61086E-4 3.99569E-4 4.84673E-4 4.53001E-4 4.95171E-4 3.96894E-4 4.4453E-4 3.72168E-4 4.47613E-4 2.75829E-4 4.23775E-4 4.81178E-4 5.55951E-4 4.8511E-4 4.22323E-4 2.48348E-4 4.68058E-4 4.89592E-4 4.49708E-4 6.2016E-4 5.65536E-4 5.36347E-4 5.5819E-4 3.41409E-4 2.95988E-4 5.62675E-4 2.97544E-4 5.41569E-4 3.1453E-4 3.06956E-4 5.03779E-4 5.78887E-4 2.55534E-4 1.18601E-4 4.78159E-4 4.38898E-4 2.27426E-4 4.7722E-4 5.19885E-4 1.39062E-4 4.79479E-4 4.64922E-4 2.6724E-4 4.74607E-4 5.0419E-4 4.53763E-4 5.03916E-4 2.6922E-4 3.95446E-4 4.84441E-4 2.72204E-4 4.00128E-4 4.74238E-4 5.28565E-4 4.79733E-4 4.1163E-4 4.85478E-4 1.17352E-4 4.54604E-4 2.61394E-4 4.71078E-4 4.72696E-4 2.62641E-4 4.84444E-4 4.35457E-4 2.40739E-4 4.93574E-4 5.03768E-4 4.71078E-4 4.50771E-4 4.96704E-4 4.6619E-4 5.06385E-4 2.69852E-4 1.47709E-4 4.88595E-4 2.49974E-4 4.39998E-4 2.67414E-4 1.3938E-4 4.72568E-4 4.70972E-4 2.58513E-4 4.16294E-4 4.4154E-4 4.17468E-4 2.26862E-4 4.48977E-4 4.84125E-4 2.7772E-4 4.92943E-4 4.92192E-4 2.61246E-4 4.15331E-4 5.11554E-4 4.09E-4 4.65169E-4 2.67252E-4 3.52286E-4 4.67642E-4 2.70377E-4 3.96361E-4 4.82875E-4 4.60187E-4 4.92223E-4 4.12341E-4 4.77594E-4 3.69287E-4 4.43636E-4 2.68743E-4 4.20065E-4 4.76319E-4 2.66118E-4 4.83898E-4 4.31854E-4 2.4726E-4 4.72175E-4 4.65335E-4 4.4774E-4 4.52023E-4 4.82468E-4 4.51886E-4 4.76902E-4 2.74223E-4 2.45035E-4 4.80561E-4 2.54817E-4 4.41506E-4 2.64997E-4 2.6388E-4 4.20197E-4 4.61775E-4 2.46609E-4 3.90123E-4 4.53626E-4 4.14381E-4 2.33433E-4 4.35787E-4 4.89966E-4 2.66117E-4 4.61763E-4 4.7439E-4 1.21666E-4 4.46127E-4 4.65794E-4 4.71688E-4 4.47942E-4 2.73724E-4 4.0371E-4 4.90306E-4 1.16477E-4 4.00589E-4 5.1584E-4 4.98169E-4 4.90223E-4 3.82185E-4 4.77482E-4 3.78477E-4 4.88959E-4 2.64229E-4 4.6842E-4 4.96973E-4 2.7188E-4 4.95543E-4 4.55791E-4 2.5914E-4 4.93512E-4 5.28239E-4 4.67154E-4 4.76997E-4 4.92705E-4 4.6927E-4 4.99328E-4 2.7466E-4 2.49549E-4 4.68161E-4 2.50271E-4 4.54717E-4 2.77525E-4 2.60193E-4 4.57657E-4 4.93132E-4 1.30757E-4 3.99789E-4 4.50844E-4 4.10815E-4 2.13336E-4 4.35527E-4 5.07119E-4 2.63236E-4 4.49724E-4 4.82659E-4 2.7343E-4 4.77259E-4 4.49141E-4 4.55291E-4 4.99939E-4 2.75384E-4 3.74678E-4 4.67252E-4 2.77849E-4 3.77629E-4 4.67339E-4 5.05899E-4 4.52984E-4 3.68218E-4 4.61082E-4 3.42632E-4 4.62412E-4 2.65903E-4 4.50922E-4 4.75555E-4 2.74551E-4 4.78379E-4 4.38344E-4 2.42259E-4 4.53855E-4 5.09065E-4 4.3982E-4 4.66363E-4 4.72825E-4 4.68872E-4 4.68712E-4 2.71379E-4 2.41601E-4 1.02883E-4 2.39766E-4 1.0244E-4 2.47029E-4 2.59527E-4 4.36083E-4 4.59621E-4 3.64148E-4 4.00236E-4 4.54045E-4 4.21765E-4 2.25376E-4 4.47399E-4 4.98979E-4 2.60179E-4 4.61789E-4 4.86127E-4 3.55011E-4 4.58631E-4 5.08866E-4 4.96097E-4 4.85283E-4 2.66313E-4 3.95145E-4 4.73582E-4 2.95825E-4 3.86822E-4 4.68937E-4 4.59512E-4 4.76267E-4 3.69039E-4 4.44489E-4 3.73343E-4 4.70027E-4 2.71463E-4 4.6728E-4 4.88301E-4 2.75751E-4 4.99511E-4 4.45142E-4 2.57616E-4 4.86931E-4 5.27776E-4 4.3359E-4 4.71684E-4 4.9731E-4 4.48702E-4 5.02894E-4 2.75566E-4 2.51618E-4 4.65295E-4 2.48635E-4 4.54E-4 2.66733E-4 2.51098E-4 4.4604E-4 4.79432E-4 2.50014E-4 4.12435E-4 4.50897E-4 4.32278E-4 2.22722E-4 4.36281E-4 5.19043E-4 2.65131E-4 5.03624E-4 5.05843E-4 2.68693E-4 4.75042E-4 4.70455E-4 4.47831E-4 4.98224E-4 2.69779E-4 3.88675E-4 4.73146E-4 2.66818E-4 3.79669E-4 5.06564E-4 4.99361E-4 4.85494E-4 3.77108E-4 4.35328E-4 3.50755E-4 5.49116E-4 2.68265E-4 4.72265E-4 5.03936E-4 2.76723E-4 4.78692E-4 4.60509E-4 2.47157E-4 4.88619E-4 4.97075E-4 4.70248E-4 4.48728E-4 5.11607E-4 4.60608E-4 4.8692E-4 2.78322E-4 2.44277E-4 4.55412E-4 2.51437E-4 4.60357E-4 2.62806E-4 2.57314E-4 4.52067E-4 4.60604E-4 2.56038E-4 4.12604E-4 4.66033E-4 4.36345E-4 2.27213E-4 4.5848E-4 5.176E-4 2.67199E-4 4.85961E-4 0.001363656 2.73911E-4 4.35407E-4 4.82967E-4 4.6081E-4 4.91979E-4 2.7589E-4 3.77426E-4 4.81389E-4 2.68394E-4 3.99605E-4 4.86006E-4 5.05217E-4 4.88801E-4 3.86362E-4 4.62125E-4 3.97504E-4 4.45665E-4 2.68731E-4 4.84839E-4 4.89402E-4 2.75168E-4 4.93306E-4 4.32622E-4 2.42641E-4 4.51715E-4 5.06304E-4 4.50097E-4 4.58996E-4 5.04544E-4 4.77808E-4 5.16726E-4 2.81015E-4 2.41785E-4 4.65687E-4 2.45105E-4 4.50512E-4 2.79504E-4 2.62026E-4 4.37015E-4 4.72438E-4 2.5852E-4 4.69562E-4 4.48485E-4 4.28407E-4 2.25107E-4 4.37697E-4 5.27426E-4 2.73734E-4 5.13243E-4 4.94933E-4 2.68037E-4 4.86501E-4 4.63662E-4 4.30339E-4 5.02895E-4 2.89591E-4 3.50622E-4 4.96786E-4 2.7477E-4 4.01304E-4 5.17519E-4 4.67231E-4 5.07475E-4 5.52983E-4 5.33206E-4 3.87998E-4 4.77396E-4 2.66426E-4 4.70431E-4 4.73132E-4 2.70708E-4 4.68728E-4 4.31146E-4 2.42013E-4 5.20946E-4 7.30407E-4 7.60598E-4 4.67862E-4 5.15877E-4 7.01431E-4 5.33352E-4 2.77404E-4 2.48955E-4 7.24901E-4 2.52288E-4 4.95507E-4 2.75015E-4 2.53329E-4 6.54619E-4 5.38939E-4 2.48902E-4 4.06361E-4 4.96335E-4 4.51064E-4 2.36381E-4 4.96133E-4 7.65246E-4 3.25489E-4 7.07251E-4 8.10836E-4 2.77321E-4 4.65952E-4 7.37664E-4 4.70769E-4 7.03039E-4 2.73369E-4 3.50931E-4 8.07623E-4 2.85287E-4 4.19187E-4 7.45662E-4 7.24854E-4 7.48848E-4 3.92681E-4 7.60418E-4 3.5699E-4 6.48808E-4 2.68131E-4 4.7349E-4 4.86712E-4 2.74806E-4 4.97039E-4 7.14129E-4 2.54894E-4 7.08201E-4 7.38207E-4 4.75565E-4 4.51198E-4 5.10991E-4 4.9145E-4 5.13043E-4 2.79684E-4 2.44109E-4 4.5382E-4 2.52067E-4 4.67675E-4 2.83702E-4 2.58779E-4 7.37612E-4 6.93503E-4 2.62662E-4 3.90651E-4 4.97742E-4 6.5062E-4 2.29988E-4 6.42753E-4 5.04057E-4 2.72199E-4 4.83257E-4 5.01018E-4 2.80226E-4 7.90132E-4 5.00612E-4 4.65887E-4 7.03277E-4 2.79515E-4 4.71106E-4 7.79403E-4 2.66975E-4 4.17066E-4 7.68873E-4 6.94527E-4 7.55267E-4 3.9861E-4 6.6476E-4 3.57955E-4 4.769E-4 1.23601E-4 5.24249E-4 4.75907E-4 1.11998E-4 7.71471E-4 4.79278E-4 1.18377E-4 4.85723E-4 5.38348E-4 7.78398E-4 4.54496E-4 4.90683E-4 7.62528E-4 7.22132E-4 2.68393E-4 2.50196E-4 4.95426E-4 2.51457E-4 6.59955E-4 1.17749E-4 2.69142E-4 4.82472E-4 7.37548E-4 2.52101E-4 3.76627E-4 7.67717E-4 6.11084E-4 2.24434E-4 7.8163E-4 7.34823E-4 2.69906E-4 6.8746E-4 4.9327E-4 2.67253E-4 7.4284E-4 6.61245E-4 4.83635E-4 4.80165E-4 2.74748E-4 3.81732E-4 5.12415E-4 2.62476E-4 4.16117E-4 7.68902E-4 7.7492E-4 7.73956E-4 3.88961E-4 7.18849E-4 3.61776E-4 4.57868E-4 2.77683E-4 4.90494E-4 7.09959E-4 2.73153E-4 4.93837E-4 7.21043E-4 2.51725E-4 7.68324E-4 5.4994E-4 4.71529E-4 7.37909E-4 7.48802E-4 7.72792E-4 7.70318E-4 1.08017E-4 2.42137E-4 7.13696E-4 2.42088E-4 6.40472E-4 2.77436E-4 2.63335E-4 4.90967E-4 4.86171E-4 2.51572E-4 4.39444E-4 4.90218E-4 4.58546E-4 2.3656E-4 7.52098E-4 5.10717E-4 2.76772E-4 7.80398E-4 8.12629E-4 2.67494E-4 7.81884E-4 6.71479E-4 6.43857E-4 7.86631E-4 2.75866E-4 3.75583E-4 7.73073E-4 2.73476E-4 6.24498E-4 7.94303E-4 5.19685E-4 5.06313E-4 4.00804E-4 4.84477E-4 3.46514E-4 7.41703E-4 2.76742E-4 5.09504E-4 4.94697E-4 2.84211E-4 5.16081E-4 7.07028E-4 2.52872E-4 7.88424E-4 8.04345E-4 5.20951E-4 6.74341E-4 7.52223E-4 5.07713E-4 7.20759E-4 2.7945E-4 2.53458E-4 7.38206E-4 2.50145E-4 4.60887E-4 2.70168E-4 2.66635E-4 7.36001E-4 6.7947E-4 2.60753E-4 4.00766E-4 4.80606E-4 4.53838E-4 2.33144E-4 6.52797E-4 7.82329E-4 2.78127E-4 5.16524E-4 8.39165E-4 2.70601E-4 7.63897E-4 4.92845E-4 7.53532E-4 7.42033E-4 2.68591E-4 3.6136E-4 8.00145E-4 2.70188E-4 4.29814E-4 7.3539E-4 5.22539E-4 8.03816E-4 4.06355E-4 7.40434E-4 3.80172E-4 6.63042E-4 2.77215E-4 4.95482E-4 7.30644E-4 2.71963E-4 5.0327E-4 7.32198E-4 2.50362E-4 5.11309E-4 7.48295E-4 4.99139E-4 4.46806E-4 7.73051E-4 7.14E-4 7.55831E-4 2.74265E-4 2.438E-4 4.75327E-4 2.67097E-4 4.72304E-4 2.78813E-4 2.63738E-4 4.96411E-4 6.94607E-4 2.54066E-4 4.08537E-4 4.86371E-4 6.28746E-4 2.2708E-4 4.67187E-4 4.99058E-4 2.77288E-4 6.9998E-4 8.34645E-4 2.7506E-4 4.79314E-4 6.99783E-4 6.95968E-4 6.69246E-4 2.85096E-4 3.7204E-4 5.24282E-4 2.72347E-4 4.1476E-4 8.06016E-4 5.38337E-4 7.01728E-4 4.232E-4 7.1359E-4 3.62981E-4 4.76005E-4 2.8433E-4 7.55895E-4 5.06851E-4 2.69653E-4 7.13063E-4 6.81661E-4 2.52747E-4 5.1941E-4 8.17853E-4 4.90992E-4 4.46899E-4 5.23487E-4 4.79996E-4 5.14307E-4 2.80435E-4 2.42794E-4 7.27074E-4 2.57171E-4 7.17501E-4 2.86421E-4 2.60456E-4 4.78987E-4 6.9968E-4 2.52524E-4 3.88751E-4 7.39353E-4 6.06579E-4 2.24294E-4 6.86353E-4 5.05453E-4 2.72917E-4 7.1199E-4 5.11675E-4 2.8645E-4 7.44551E-4 5.00893E-4 6.48351E-4 7.57531E-4 2.80434E-4 3.73174E-4 5.28432E-4 4.66549E-4 5.89149E-4 7.45416E-4 7.15102E-4 5.24572E-4 3.86014E-4 4.92971E-4 3.61518E-4 4.6754E-4 2.75787E-4 6.75452E-4 5.33283E-4 2.81432E-4 5.04205E-4 4.74288E-4 2.41227E-4 7.48438E-4 7.71211E-4 7.54348E-4 7.32923E-4 7.92868E-4 4.68171E-4 7.99099E-4 2.816E-4 2.46756E-4 7.18794E-4 2.53368E-4 6.89944E-4 2.68581E-4 2.66027E-4 7.5657E-4 5.28615E-4 2.58749E-4 3.79732E-4 4.75022E-4 4.32876E-4 1.73703E-4 6.70868E-4 5.10801E-4 2.77838E-4 5.15916E-4 4.92701E-4 2.6467E-4 4.62212E-4 4.79198E-4 6.46537E-4 4.97455E-4 1.5981E-4 3.76685E-4 5.18452E-4 2.67008E-4 4.02836E-4 5.17066E-4 6.91813E-4 7.77212E-4 3.87892E-4 6.69761E-4 3.47256E-4 7.30381E-4 2.75641E-4 7.27365E-4 5.00775E-4 2.75558E-4 5.28146E-4 4.5784E-4 2.80978E-4 4.81497E-4 7.32642E-4 4.84255E-4 4.27502E-4 5.07959E-4 4.48316E-4 4.95734E-4 2.726E-4 2.40872E-4 7.0408E-4 2.37956E-4 6.94426E-4 3.0539E-4 4.0209E-4 6.76354E-4 

Timer for Syntactic Relevance:: 18.250203086
Timer for solver: 3.031723078
		UBUNTU.SPLX	UBUNTU_C500_0.TESTCASES
			Diag: [mandatory(Appearance, Look), mandatory(Appearance, Behavoir), optional(Typing1, BounceKeys), requires(UniversalAccess1, UniversalAccess), ((~Displays \/ Displays1) \/ Displays2), requires(AcceptanceDelay2, AcceptanceDelay), requires(Displays1, Displays), ((~Speed \/ Speed1) \/ Speed2), ((~Normal \/ Normal1) \/ Normal2), (((~Typing \/ Typing1) \/ Typing2) \/ Typing3), ((~UniversalAccess \/ UniversalAccess1) \/ UniversalAccess2), ((((~Fast \/ Fast1) \/ Fast2) \/ Fast3) \/ Fast4)]
			Diag size: 12
The size of Consistency checks: 7172241
The number of Choco Solver calls: 13300
The number of different: 3
The number of INconsistent: 180
The number of union: 255
The number of post constraints: 7172241
The number of consistent: 13120
The number of unpost constraints: 7172241
The number of Consistency checks: 128

Timer for Syntactic Relevance:[thread=1]: 45.197714344
45.197714344 
Timer for solver[thread=1]: 8.536415401
4.72832E-4 2.54407E-4 4.16147E-4 1.16017E-4 4.74349E-4 1.24395E-4 2.55851E-4 5.23389E-4 5.47874E-4 4.11473E-4 1.32462E-4 3.3996E-4 3.61645E-4 1.09469E-4 4.38324E-4 5.3895E-4 3.18129E-4 6.13532E-4 3.91528E-4 3.24447E-4 5.34288E-4 0.001104764 9.5278E-5 4.52134E-4 5.17545E-4 1.36421E-4 1.06815E-4 1.56075E-4 1.20468E-4 9.9543E-5 6.10131E-4 8.28956E-4 7.26499E-4 6.82854E-4 3.81599E-4 8.21377E-4 6.8862E-4 6.98734E-4 9.67518E-4 7.85396E-4 6.27279E-4 6.46217E-4 6.44945E-4 0.001072266 9.004E-4 6.80752E-4 7.20301E-4 8.23114E-4 0.001014588 4.56106E-4 9.3442E-5 1.39386E-4 1.07346E-4 1.11881E-4 1.28526E-4 1.62845E-4 1.30463E-4 1.31055E-4 1.04628E-4 1.35396E-4 2.82554E-4 5.71012E-4 5.83886E-4 5.49701E-4 6.71207E-4 5.96225E-4 6.00766E-4 2.97438E-4 5.79731E-4 3.38275E-4 3.44458E-4 6.7463E-4 7.86085E-4 6.1448E-4 6.09912E-4 5.26608E-4 6.24902E-4 6.50833E-4 5.55748E-4 7.23804E-4 3.09411E-4 6.89902E-4 8.12937E-4 6.92066E-4 6.4824E-4 7.44661E-4 6.97621E-4 7.29365E-4 8.6864E-4 3.76075E-4 7.45274E-4 6.82529E-4 7.77795E-4 6.43635E-4 6.21226E-4 7.10209E-4 8.87039E-4 6.15363E-4 8.20816E-4 8.22808E-4 1.13364E-4 9.4676E-5 8.4236E-5 1.01193E-4 9.3281E-5 6.3616E-5 1.20654E-4 9.2485E-5 1.24909E-4 1.0139E-4 9.2944E-5 1.18931E-4 9.517E-5 9.1841E-5 1.21333E-4 9.7137E-5 6.2507E-5 9.7166E-5 8.1694E-5 7.9751E-5 9.078E-5 7.545E-5 1.55762E-4 1.32636E-4 9.7961E-5 1.27333E-4 9.6633E-5 1.29625E-4 1.24181E-4 9.4668E-5 0.00173364 0.002141786 0.001323301 0.001098735 0.002594629 9.19054E-4 0.002491696 0.001748143 8.52848E-4 0.001292681 0.001817869 6.57597E-4 5.06131E-4 3.577E-4 6.04144E-4 3.12349E-4 6.7096E-4 2.57615E-4 5.62695E-4 3.62658E-4 5.62046E-4 4.49758E-4 3.13403E-4 4.95428E-4 5.5166E-4 5.80647E-4 5.37249E-4 4.11216E-4 5.79598E-4 6.29465E-4 3.23885E-4 5.19773E-4 4.59678E-4 4.21475E-4 3.69913E-4 2.76471E-4 2.94311E-4 3.46936E-4 4.06666E-4 4.95443E-4 3.91437E-4 2.37957E-4 4.80395E-4 4.61074E-4 3.43002E-4 3.80673E-4 3.59741E-4 4.59257E-4 3.40733E-4 3.12087E-4 4.76213E-4 3.43507E-4 2.51727E-4 3.09119E-4 3.17458E-4 2.43622E-4 3.7711E-4 3.76506E-4 3.61739E-4 5.41939E-4 3.77082E-4 3.66239E-4 3.26585E-4 1.93879E-4 4.54146E-4 5.14534E-4 6.12866E-4 5.41292E-4 5.68666E-4 4.40932E-4 3.18172E-4 4.85572E-4 4.73382E-4 5.52888E-4 5.61874E-4 4.02907E-4 6.26234E-4 5.73198E-4 3.65341E-4 4.50048E-4 3.56026E-4 5.97573E-4 4.64378E-4 2.32993E-4 3.43391E-4 2.79306E-4 6.69227E-4 3.10185E-4 3.70719E-4 6.82583E-4 3.78956E-4 3.61276E-4 3.59577E-4 3.40897E-4 3.51179E-4 3.78117E-4 3.82389E-4 6.71629E-4 3.13452E-4 4.32648E-4 5.1437E-4 6.18224E-4 3.60356E-4 3.60248E-4 3.63678E-4 3.76986E-4 3.0539E-4 2.83342E-4 3.12047E-4 2.92481E-4 3.51872E-4 6.99904E-4 2.00406E-4 2.90437E-4 1.8321E-4 3.6265E-4 3.59133E-4 4.06284E-4 3.01524E-4 6.50082E-4 1.10497E-4 1.09155E-4 8.691E-5 8.3718E-5 9.4747E-5 1.00907E-4 8.7453E-5 7.7672E-5 1.24048E-4 8.2163E-5 8.4034E-5 8.5895E-5 1.1957E-4 8.9513E-5 7.8815E-5 1.18354E-4 8.3876E-5 1.25938E-4 9.0135E-5 1.01132E-4 9.2871E-5 8.775E-5 7.2781E-5 8.1914E-5 1.28858E-4 9.5771E-5 1.30322E-4 8.7592E-5 1.35239E-4 1.20681E-4 1.1129E-4 1.23044E-4 8.6575E-5 1.20387E-4 8.1222E-5 1.87515E-4 9.3631E-5 9.2213E-5 9.2054E-5 9.3324E-5 1.26694E-4 7.4439E-5 1.12216E-4 8.8075E-5 1.39839E-4 8.2619E-5 8.9286E-5 7.25E-5 1.28395E-4 8.9356E-5 3.55487E-4 3.74291E-4 3.76806E-4 3.7521E-4 3.55039E-4 2.34685E-4 2.56661E-4 3.38574E-4 3.60517E-4 3.53336E-4 6.44662E-4 3.81753E-4 3.78653E-4 4.02799E-4 3.85488E-4 5.31012E-4 4.19882E-4 4.60698E-4 3.18027E-4 4.60028E-4 3.77916E-4 6.3185E-4 6.62968E-4 4.30448E-4 3.19991E-4 4.58446E-4 5.72136E-4 5.54682E-4 4.69901E-4 6.25555E-4 6.30046E-4 7.11393E-4 2.97521E-4 3.71258E-4 2.62467E-4 4.87152E-4 4.30766E-4 6.56565E-4 7.18538E-4 6.95509E-4 5.31419E-4 6.34934E-4 1.88142E-4 5.18212E-4 5.16152E-4 5.90689E-4 6.63208E-4 5.85085E-4 3.21388E-4 4.62211E-4 5.21236E-4 2.46926E-4 4.40218E-4 4.7235E-4 3.73373E-4 3.54543E-4 4.37975E-4 3.01821E-4 4.4262E-4 3.8627E-4 4.14885E-4 2.60939E-4 3.16709E-4 1.88216E-4 3.87801E-4 4.44673E-4 4.03197E-4 5.65987E-4 7.19398E-4 2.40202E-4 3.64834E-4 6.13532E-4 5.06511E-4 2.76454E-4 2.76864E-4 2.13589E-4 6.17786E-4 2.92985E-4 4.53361E-4 4.3527E-4 4.96576E-4 4.33035E-4 6.65089E-4 4.96931E-4 4.96505E-4 7.56311E-4 8.40233E-4 7.6624E-4 4.59896E-4 7.35093E-4 3.25644E-4 7.78196E-4 2.70167E-4 7.39162E-4 3.82262E-4 6.90227E-4 3.3539E-4 3.10514E-4 4.28213E-4 5.53443E-4 8.18787E-4 4.18437E-4 5.01341E-4 4.08301E-4 6.5568E-4 5.53734E-4 3.54534E-4 4.25276E-4 4.48861E-4 4.14383E-4 3.85089E-4 2.98362E-4 2.2276E-4 5.58368E-4 5.90286E-4 2.59726E-4 4.48564E-4 4.65637E-4 3.46572E-4 4.54037E-4 4.33992E-4 2.65451E-4 5.42024E-4 4.88139E-4 7.64613E-4 8.05367E-4 3.74992E-4 5.69214E-4 3.18858E-4 4.1397E-4 4.11987E-4 3.64639E-4 5.10984E-4 8.25044E-4 7.43531E-4 3.37348E-4 5.90121E-4 5.29961E-4 3.92341E-4 4.65479E-4 7.5495E-4 7.71486E-4 7.84652E-4 4.51273E-4 2.28572E-4 4.56699E-4 4.64935E-4 5.64462E-4 3.89857E-4 4.84886E-4 3.37699E-4 4.44234E-4 3.80404E-4 2.07766E-4 2.87757E-4 4.48387E-4 7.47486E-4 4.18621E-4 4.34377E-4 4.92115E-4 7.75783E-4 3.96175E-4 2.80036E-4 7.62701E-4 5.5337E-4 4.04827E-4 4.76832E-4 2.56204E-4 6.11852E-4 2.75941E-4 7.62786E-4 8.14395E-4 8.24315E-4 8.38306E-4 6.43868E-4 6.46999E-4 2.69481E-4 5.67238E-4 4.11084E-4 5.14645E-4 4.5355E-4 4.63436E-4 8.02757E-4 2.5457E-4 2.8393E-4 3.13672E-4 7.81838E-4 6.85229E-4 9.40793E-4 2.72072E-4 2.79644E-4 4.91824E-4 8.70807E-4 7.35173E-4 4.73408E-4 7.03215E-4 2.42124E-4 4.30659E-4 2.5844E-4 2.84048E-4 7.09843E-4 6.41469E-4 9.50449E-4 9.26465E-4 9.37248E-4 6.56819E-4 9.28508E-4 9.18116E-4 8.1515E-4 0.00115108 7.79345E-4 0.001119429 7.52507E-4 0.001089007 8.26453E-4 8.02071E-4 8.21477E-4 7.42274E-4 0.001179312 7.76845E-4 0.001034531 9.75008E-4 6.80062E-4 0.001034788 6.83006E-4 0.001004632 6.90765E-4 6.39731E-4 6.49397E-4 6.56799E-4 6.29931E-4 6.53109E-4 0.001013341 0.001000349 0.001001886 6.69476E-4 6.85644E-4 6.37753E-4 6.44099E-4 6.54731E-4 6.56699E-4 0.001003987 6.95844E-4 6.51295E-4 0.001002626 9.73965E-4 6.7398E-4 6.51453E-4 9.95709E-4 0.001053945 0.001000615 7.08302E-4 6.35341E-4 9.89074E-4 6.72277E-4 6.36462E-4 9.68814E-4 9.81972E-4 9.49596E-4 6.71444E-4 9.95056E-4 6.72829E-4 6.63612E-4 0.001037747 0.001030643 9.79676E-4 6.66831E-4 9.80481E-4 6.89393E-4 0.001005027 9.7502E-4 6.77747E-4 6.45766E-4 9.72882E-4 9.48761E-4 9.72285E-4 9.39025E-4 6.732E-4 0.001053811 6.67322E-4 6.72667E-4 7.27512E-4 9.77964E-4 9.85463E-4 7.10894E-4 0.001019634 7.21237E-4 6.53476E-4 6.5841E-4 9.85632E-4 9.64053E-4 7.12675E-4 6.79692E-4 6.81415E-4 6.59167E-4 6.64153E-4 6.51812E-4 6.80196E-4 6.35737E-4 6.32872E-4 6.59855E-4 0.001926231 9.63164E-4 9.90098E-4 7.01635E-4 6.66092E-4 6.73681E-4 6.43399E-4 9.95871E-4 7.01527E-4 6.6577E-4 9.98733E-4 9.72417E-4 6.88968E-4 0.001002691 0.001025865 9.689E-4 6.67678E-4 6.44486E-4 6.4916E-4 6.5437E-4 9.96496E-4 6.67988E-4 9.9076E-4 9.6578E-4 9.9039E-4 9.90574E-4 9.70496E-4 9.58635E-4 6.69269E-4 9.80634E-4 9.54993E-4 6.86952E-4 6.50667E-4 9.87541E-4 9.52859E-4 7.12402E-4 6.40861E-4 6.51985E-4 0.001007108 0.001000615 7.06386E-4 6.6094E-4 6.39848E-4 6.44202E-4 9.99362E-4 6.75064E-4 0.001023506 6.59628E-4 6.44917E-4 6.65579E-4 0.00100641 6.83773E-4 9.7437E-4 9.68055E-4 9.5964E-4 6.80815E-4 0.001005434 6.64254E-4 6.18863E-4 6.44261E-4 6.54681E-4 0.001016433 9.75256E-4 9.88872E-4 6.80451E-4 6.45218E-4 9.69623E-4 9.64717E-4 6.64217E-4 9.84263E-4 9.81214E-4 0.001010469 9.76607E-4 9.58013E-4 9.7213E-4 9.6683E-4 9.64812E-4 9.59975E-4 9.66228E-4 7.22341E-4 6.87371E-4 9.85235E-4 9.89239E-4 7.19493E-4 6.44253E-4 6.85684E-4 9.66958E-4 9.65121E-4 9.91457E-4 6.87382E-4 6.68589E-4 6.76871E-4 9.86613E-4 6.65632E-4 9.90026E-4 6.79807E-4 6.81341E-4 6.62574E-4 6.47221E-4 6.36331E-4 6.61326E-4 6.51866E-4 0.001019507 9.8873E-4 0.001004468 0.001003101 9.64328E-4 9.81657E-4 9.88431E-4 7.39745E-4 6.49191E-4 6.54174E-4 0.00100853 7.10777E-4 0.001025876 6.86622E-4 9.8119E-4 9.93331E-4 6.97769E-4 6.58128E-4 0.00101164 7.12113E-4 0.001018198 9.37366E-4 6.82669E-4 6.39868E-4 0.001263538 7.06396E-4 0.001302808 6.70631E-4 0.001094144 6.69972E-4 9.93208E-4 6.98073E-4 6.62264E-4 6.81671E-4 7.06661E-4 9.77844E-4 6.84589E-4 9.66656E-4 7.0208E-4 0.001013626 6.65988E-4 6.64781E-4 0.001001029 6.75601E-4 9.64986E-4 6.71392E-4 9.8533E-4 7.13506E-4 0.001007308 9.66841E-4 9.86661E-4 9.62184E-4 6.71715E-4 9.52163E-4 9.78139E-4 6.68551E-4 9.68484E-4 9.59438E-4 6.53892E-4 6.82931E-4 0.00101015 0.00100429 6.81818E-4 6.28445E-4 6.50639E-4 9.77608E-4 6.79873E-4 6.34851E-4 0.001060896 0.001119233 0.001002965 7.86922E-4 9.84611E-4 9.70358E-4 0.00105901 0.001061619 9.66176E-4 7.88048E-4 0.0010564 9.7152E-4 0.001071333 0.001092868 7.55424E-4 0.001037182 8.54267E-4 7.96942E-4 0.00107339 0.001011222 0.001005934 8.2654E-4 0.00100122 7.5557E-4 7.52668E-4 7.03989E-4 0.001090071 7.48508E-4 0.001041964 0.001031123 7.65719E-4 9.99587E-4 0.00104443 7.77556E-4 9.91666E-4 0.00108439 0.001015523 8.09636E-4 7.47246E-4 7.8815E-4 7.56521E-4 8.01428E-4 0.001063678 7.76429E-4 7.51064E-4 7.84595E-4 0.001058556 7.8995E-4 9.97804E-4 9.8011E-4 8.25725E-4 9.00252E-4 0.001252898 8.60786E-4 9.11313E-4 8.70814E-4 0.00124634 0.001162681 8.79521E-4 8.56724E-4 7.71795E-4 7.4485E-4 7.09188E-4 7.76837E-4 0.001014395 8.4736E-4 7.67778E-4 7.06428E-4 0.001009189 9.90636E-4 7.89936E-4 0.001072598 0.001043472 8.12963E-4 0.001080828 6.4209E-4 6.36139E-4 6.35208E-4 6.40074E-4 6.59028E-4 0.001080448 0.001052364 0.001031794 6.56167E-4 6.43054E-4 6.68099E-4 0.001054192 6.94736E-4 6.08687E-4 0.001391608 6.40824E-4 6.49256E-4 6.39376E-4 0.001076337 6.60383E-4 0.001038519 6.82811E-4 6.48253E-4 0.001069765 0.001051273 0.001095091 0.001069915 6.73228E-4 6.62816E-4 0.001065256 0.001069406 6.60239E-4 0.001101025 0.001041692 0.001075246 6.81905E-4 0.001078673 0.001085198 0.0010829 6.57102E-4 6.72766E-4 0.001061026 0.001075214 0.001051465 0.001227057 6.96336E-4 6.69078E-4 0.001073852 6.53527E-4 6.62432E-4 6.31908E-4 0.001075433 0.001062781 6.51155E-4 0.001056754 0.001056551 6.61268E-4 0.001061154 6.70671E-4 6.6783E-4 0.001076597 0.001059601 6.58686E-4 6.51581E-4 6.50356E-4 6.67148E-4 6.39086E-4 6.41581E-4 6.67311E-4 6.50562E-4 0.001040958 6.47872E-4 0.001061533 6.73563E-4 6.58919E-4 6.45404E-4 6.35338E-4 0.001090719 0.00103478 0.001098181 6.44722E-4 0.001083386 6.87675E-4 6.26398E-4 0.001069583 6.76204E-4 0.001051889 6.68486E-4 0.001058276 6.61093E-4 0.001090609 6.54987E-4 0.001072096 0.001061118 6.68353E-4 6.45585E-4 0.001107767 0.001052606 6.57186E-4 6.49045E-4 6.35836E-4 0.001054265 6.58486E-4 0.00108391 0.00109076 0.001083905 0.001041401 6.57203E-4 0.001054051 0.001082202 6.51858E-4 0.001107889 6.59493E-4 6.27617E-4 0.001080625 6.78174E-4 6.64526E-4 0.001094696 6.90106E-4 6.55408E-4 0.00107055 0.001063105 6.6275E-4 6.55509E-4 0.001059535 0.00105735 6.76227E-4 6.55019E-4 0.001102198 6.57762E-4 0.001135565 0.001064497 0.001061033 0.00104708 6.79232E-4 0.001080019 0.001055618 0.001157569 6.9625E-4 0.001054521 7.0467E-4 0.00108091 0.001056927 0.001039174 6.64938E-4 6.67044E-4 6.88309E-4 0.001073622 0.001054068 6.71698E-4 0.001079111 6.82795E-4 6.35936E-4 0.00106593 6.67783E-4 6.41336E-4 6.37718E-4 0.001080972 0.00107722 6.66454E-4 6.74773E-4 0.001072982 6.71255E-4 0.001101228 7.71073E-4 0.001078002 0.001043787 0.001046488 0.001051655 0.001060283 6.81396E-4 0.001073174 6.69975E-4 6.5758E-4 0.001087972 6.8552E-4 6.63667E-4 6.41194E-4 6.24777E-4 0.001069193 6.48498E-4 6.49009E-4 0.001097793 0.001042643 6.58152E-4 0.001058571 0.001081328 0.001041881 0.001090333 0.001062484 6.88824E-4 0.001059865 6.64991E-4 6.53792E-4 0.001059959 0.001057506 0.001044592 0.001055739 6.82775E-4 6.41373E-4 0.001068854 0.001030184 0.001017805 6.74618E-4 0.001092131 0.00105564 6.45065E-4 0.001073774 6.47291E-4 6.36318E-4 6.3244E-4 6.5169E-4 0.001018692 0.001034911 0.001039895 6.54028E-4 6.42377E-4 0.001106807 0.001074349 0.001033575 0.001067594 6.56404E-4 0.00105293 6.64027E-4 6.27495E-4 0.001034311 0.001050812 0.001029096 6.54145E-4 6.14312E-4 6.30463E-4 6.18678E-4 0.001065198 0.001042004 0.001077586 0.001060787 0.001054887 0.001063288 0.001062854 0.001038625 6.70277E-4 6.39507E-4 0.001107289 0.001023052 0.001011214 6.71995E-4 0.001056993 6.60089E-4 0.00105495 0.001012957 0.001053082 6.98956E-4 0.001059982 0.001030559 0.001060383 0.001050625 0.001043839 0.001071171 0.001066358 0.001050698 0.001063332 0.001052607 0.0010745 6.59935E-4 0.001079798 0.001060438 6.70012E-4 0.001050861 0.001043419 6.75204E-4 0.001060492 0.001035808 0.001058034 0.001055635 6.59279E-4 6.54706E-4 6.45486E-4 0.001263881 7.19219E-4 0.001135513 0.001053501 0.001071411 0.001023675 6.69408E-4 6.27269E-4 0.001050245 6.52089E-4 0.001065785 6.86007E-4 6.43522E-4 0.001109702 0.001038296 0.001032367 0.001052882 6.71373E-4 6.57817E-4 6.66853E-4 0.00107512 6.78654E-4 6.28052E-4 6.31345E-4 6.48007E-4 6.40998E-4 6.44925E-4 6.64168E-4 6.63786E-4 0.001060656 0.001076376 0.001041548 6.41193E-4 0.001073586 6.75811E-4 0.001064463 6.54691E-4 0.001062094 0.001077941 6.88414E-4 0.001081579 0.001075134 6.63952E-4 6.54594E-4 6.61595E-4 6.52298E-4 6.3555E-4 6.31812E-4 0.001065293 0.00107519 6.79102E-4 6.48645E-4 0.001065888 6.76287E-4 0.00107433 6.83145E-4 6.3361E-4 6.92892E-4 6.67857E-4 6.52289E-4 0.001097637 6.97778E-4 6.4028E-4 0.001103526 6.67846E-4 6.62205E-4 6.48289E-4 6.5878E-4 6.79244E-4 0.00113032 6.5596E-4 0.001131711 6.69615E-4 6.28455E-4 0.001095488 0.001061138 6.48709E-4 7.1741E-4 0.001043086 6.72879E-4 0.001120565 6.61669E-4 0.001068225 0.001373438 0.001639811 0.001521145 9.34917E-4 0.001155836 0.001055405 0.001508726 8.73953E-4 8.53182E-4 8.13799E-4 7.97016E-4 7.80663E-4 7.83432E-4 0.00131645 0.00114087 0.001089806 0.001084616 0.00111839 6.83108E-4 0.00110842 0.001053418 0.001142932 0.001083019 6.77353E-4 0.001067637 0.001065802 6.70225E-4 6.54094E-4 0.001084421 6.70274E-4 6.94662E-4 6.57477E-4 0.001095936 6.81313E-4 6.59566E-4 6.6393E-4 6.9579E-4 0.001108344 0.001065424 6.96973E-4 6.33089E-4 6.34416E-4 0.001064297 6.62802E-4 6.60126E-4 6.79939E-4 0.001037785 6.5312E-4 6.29498E-4 6.22033E-4 6.24894E-4 6.69777E-4 6.45744E-4 0.001054293 6.79163E-4 0.001053597 0.001447777 6.95572E-4 6.62271E-4 0.001095735 6.60188E-4 0.001042648 6.63075E-4 0.001067759 0.001050424 0.001051931 6.87091E-4 0.001034512 6.646E-4 0.001052261 0.001040827 0.001043962 0.001071789 6.52786E-4 0.001086512 0.001044927 7.36374E-4 6.7537E-4 6.80166E-4 0.001090489 7.05196E-4 6.37665E-4 6.55459E-4 6.50068E-4 0.001042405 0.001100912 0.001097872 6.67195E-4 6.40225E-4 0.001071346 0.001049197 6.83785E-4 0.001070666 0.001053119 6.55758E-4 6.47523E-4 0.001077916 0.001046672 0.001067818 0.001060898 6.79376E-4 0.001076789 6.58902E-4 0.001091333 0.001055318 0.001035395 0.001062607 6.55681E-4 6.39999E-4 6.64754E-4 6.51106E-4 6.60109E-4 6.44141E-4 6.4791E-4 6.61861E-4 6.40421E-4 6.32577E-4 6.7543E-4 6.25854E-4 6.70971E-4 0.001081823 8.4711E-4 0.001068994 6.578E-4 6.46311E-4 0.001063193 6.61996E-4 0.001051199 7.03056E-4 6.29018E-4 6.74244E-4 6.48411E-4 6.30478E-4 6.38456E-4 0.001043876 6.81008E-4 6.86911E-4 6.59083E-4 6.65597E-4 0.001031743 0.001065168 0.001074581 6.45605E-4 0.001054814 0.001091514 6.9661E-4 6.34695E-4 0.001082522 6.61706E-4 6.29323E-4 0.001074613 6.68175E-4 0.001060064 0.001071332 6.52345E-4 6.39398E-4 6.68388E-4 0.0011099 0.001098842 6.70797E-4 6.40444E-4 0.001055503 6.54561E-4 0.001038964 6.75284E-4 0.001078067 6.92277E-4 0.001076341 0.001020083 0.001025204 6.77928E-4 6.58183E-4 0.00104353 6.65726E-4 0.00110175 6.91338E-4 0.001052698 0.001079633 6.974E-4 0.001088989 7.03588E-4 6.42297E-4 0.001095629 6.53452E-4 6.57455E-4 0.00108071 6.95843E-4 6.43833E-4 6.44882E-4 6.56267E-4 0.001036241 0.001072902 6.62047E-4 6.27193E-4 6.32433E-4 0.001056189 0.001028022 6.70977E-4 0.001076465 6.83603E-4 0.00106941 0.001038054 6.49777E-4 0.001074606 6.6084E-4 6.60991E-4 0.001067986 0.001057731 0.001058001 0.001090204 0.001056649 6.62351E-4 6.51947E-4 0.001226609 0.001065903 6.6129E-4 6.45352E-4 6.44776E-4 6.34835E-4 6.5933E-4 6.29935E-4 0.001084071 6.6882E-4 6.39199E-4 6.42955E-4 6.52068E-4 0.001050359 6.56867E-4 0.001056524 0.001056183 6.91686E-4 6.5202E-4 6.31367E-4 0.001053421 6.82957E-4 6.57274E-4 0.001057897 6.67875E-4 0.001060914 7.19173E-4 6.34107E-4 6.42458E-4 0.001059655 0.001040598 0.001112019 0.001108639 0.001059603 0.001028761 0.001065615 6.53934E-4 6.42158E-4 6.51384E-4 6.27179E-4 0.001067948 0.00105565 0.001055144 0.001055775 0.001101286 0.001079903 0.00106371 0.001030422 6.78584E-4 0.001062184 6.66892E-4 0.0010479 6.6559E-4 6.47496E-4 6.55106E-4 6.56271E-4 6.45502E-4 0.001078206 0.001062137 6.86772E-4 0.001106902 7.29294E-4 6.77678E-4 6.36328E-4 6.74499E-4 0.001079358 0.001049842 0.001079981 0.001061493 6.81374E-4 0.001084609 0.001056649 0.001070365 6.96547E-4 7.22428E-4 0.001062437 0.001052947 0.001065168 6.79328E-4 0.001055811 0.001084142 0.001075807 0.001056732 0.001059828 0.001111548 0.001095633 0.001061855 7.10944E-4 0.001087736 6.52715E-4 6.55807E-4 6.54477E-4 0.001095732 0.001093387 6.63375E-4 0.001077051 6.73488E-4 0.001053037 0.001070552 0.001067033 0.001059322 0.001070551 6.6071E-4 6.40734E-4 0.001124665 0.001050202 0.001091749 0.001064493 0.001047621 0.001047904 0.001080223 6.50863E-4 6.36054E-4 0.00106695 0.00104383 0.001094809 6.60078E-4 6.73685E-4 0.001076731 0.001049487 0.001060693 0.001044982 0.001075728 6.92906E-4 0.001082272 0.00112384 6.7031E-4 0.001056596 6.96708E-4 6.57552E-4 0.001086454 0.00108687 0.001076428 6.53951E-4 0.001065916 0.001131167 0.001070422 0.001057154 6.76467E-4 6.86479E-4 0.001105033 0.001075188 6.7321E-4 0.001097993 0.001096314 0.001100383 0.001077058 0.001054017 0.001082506 6.69532E-4 0.00107394 0.001051609 0.001090307 7.02126E-4 6.85561E-4 0.001128047 6.76982E-4 6.81422E-4 6.46808E-4 0.001127292 0.001073786 7.24288E-4 6.78712E-4 0.00109358 6.9425E-4 0.00115168 0.001129635 0.001098705 6.79891E-4 0.00108599 6.54675E-4 6.56124E-4 7.18806E-4 0.001132221 6.90961E-4 6.56282E-4 7.17671E-4 0.001308648 0.001598475 0.001094261 6.76527E-4 0.001097212 0.001092256 6.90208E-4 6.67811E-4 0.001102084 6.86131E-4 0.001088639 0.001080038 6.94728E-4 6.90549E-4 7.54462E-4 0.001336422 0.001156248 0.001919184 0.001137646 0.001810832 0.001074451 0.001068258 0.001061613 7.203E-4 6.53733E-4 0.0010941 0.001033929 0.001095645 6.60357E-4 6.50789E-4 0.001077047 0.001075669 8.31509E-4 7.05487E-4 6.41929E-4 0.001062831 7.11922E-4 0.001079551 0.001128719 6.5223E-4 0.001103015 0.00107213 0.001098094 0.001062984 6.71769E-4 6.40102E-4 6.88056E-4 6.67811E-4 0.001079426 7.16698E-4 0.00106095 0.001054929 6.6521E-4 6.53093E-4 7.20458E-4 6.74394E-4 0.001134016 6.52832E-4 6.44512E-4 6.26885E-4 6.85208E-4 0.001078648 6.52494E-4 0.001575078 9.1719E-4 9.069E-4 9.18706E-4 9.48576E-4 0.001484685 9.40626E-4 8.6786E-4 0.001513977 0.001442914 0.001695031 0.001022454 0.001602566 0.001019922 0.001554924 0.001005332 9.25015E-4 9.46153E-4 0.001535528 0.001546095 9.37238E-4 0.0015271 0.001004716 0.001532567 0.001533701 0.001552414 0.001521242 0.001342771 7.96271E-4 0.001287562 8.02806E-4 0.001261264 0.001254142 0.001215226 0.001122527 0.001087982 0.001081711 0.001060017 0.001127394 6.75017E-4 0.001109763 0.001062098 6.79903E-4 6.41709E-4 0.001169094 0.001151653 6.97649E-4 0.001090321 0.001077859 0.001105622 6.98722E-4 6.7399E-4 7.10089E-4 0.001369129 0.001070363 0.001075629 0.001085078 0.001080208 0.001082925 6.85016E-4 0.001128047 0.001084771 6.93679E-4 0.001129162 0.001149833 6.66532E-4 6.66993E-4 0.001107783 7.07481E-4 0.001090099 6.89402E-4 6.42216E-4 0.001135026 0.00108627 0.001101655 0.00108466 6.69958E-4 0.00112528 0.001057341 0.001078312 0.00108654 6.97789E-4 0.001106291 0.001084864 0.001128654 6.86585E-4 0.001076868 0.001110276 0.001087265 6.78264E-4 0.001082633 0.001134708 0.001094808 6.77658E-4 6.62163E-4 0.001105079 0.00104238 0.001087641 0.001099337 0.001052022 6.74238E-4 0.001079799 0.001061229 7.10052E-4 6.87587E-4 0.00112438 7.01664E-4 0.001075069 0.0010866 0.001092634 6.83681E-4 6.66102E-4 6.72071E-4 0.001116486 0.001104301 0.001078827 6.68433E-4 6.70181E-4 0.001083547 0.001065615 0.001055983 7.17154E-4 6.86657E-4 6.59297E-4 6.92557E-4 0.00119791 6.92404E-4 6.99044E-4 6.56809E-4 7.18319E-4 6.7124E-4 0.001109833 0.001099871 0.001363903 0.001077795 7.03298E-4 7.17003E-4 0.001007091 0.001698486 0.00266672 0.002555588 0.001565541 0.001620859 0.001936932 9.96369E-4 9.77009E-4 9.45148E-4 0.001531973 0.001520499 9.58675E-4 0.001562876 0.001490315 0.001434403 0.00111269 0.00106274 7.21174E-4 0.001090815 7.15736E-4 6.63697E-4 6.76869E-4 6.69351E-4 6.86654E-4 7.09907E-4 6.67484E-4 6.6504E-4 0.001080305 0.001112636 7.13707E-4 6.81337E-4 6.75234E-4 7.1123E-4 0.001051711 0.00105514 6.77371E-4 6.76472E-4 0.001102035 6.90828E-4 0.001127785 0.001064749 7.09305E-4 0.0010792 7.51331E-4 0.001103748 7.27861E-4 6.83522E-4 6.63761E-4 6.72444E-4 0.001097894 0.001349476 8.86129E-4 7.07839E-4 0.001146106 0.001348348 0.001132326 0.001175976 0.001101117 0.001068889 7.67901E-4 6.91213E-4 6.73298E-4 6.58929E-4 6.56826E-4 0.001083769 7.21147E-4 6.95969E-4 0.001102533 7.12244E-4 0.001103234 0.001061788 0.001071474 0.001075261 6.92249E-4 6.93244E-4 6.97898E-4 6.94669E-4 6.80402E-4 0.001089354 6.86499E-4 0.001086044 7.09685E-4 0.00110026 7.23189E-4 7.29481E-4 0.001068357 0.001134441 0.001117785 0.001098709 7.21842E-4 0.001131019 7.29928E-4 0.001107145 7.17197E-4 7.23152E-4 7.11014E-4 6.6929E-4 0.001098313 0.001158905 0.001086002 0.001103008 7.04928E-4 6.56858E-4 0.001110774 7.58744E-4 6.57958E-4 6.76648E-4 0.001124666 6.92997E-4 0.001080937 7.26856E-4 6.86389E-4 6.8743E-4 0.001152498 7.16245E-4 0.00107535 6.84605E-4 6.6927E-4 0.001088699 0.001117873 0.001074719 7.20977E-4 0.001080228 6.85533E-4 7.12005E-4 0.00112145 0.001097158 6.79727E-4 0.00112528 6.64564E-4 7.42892E-4 6.69664E-4 6.44384E-4 0.00110263 6.90068E-4 6.57355E-4 6.5748E-4 0.001090548 0.001055926 7.18653E-4 0.001088727 0.001059266 0.001092189 7.07414E-4 0.001156391 0.001097245 0.001106552 0.001075421 6.79722E-4 0.00109312 6.90599E-4 6.42602E-4 0.001098147 0.001097894 7.52682E-4 0.001123746 0.001116658 6.9544E-4 0.001111703 6.72408E-4 6.85608E-4 0.001149331 0.001077035 0.001075484 6.6173E-4 0.00110475 0.001081737 0.001111246 6.86046E-4 6.49839E-4 6.58983E-4 0.001099578 6.99353E-4 7.14526E-4 0.001125294 0.001089973 0.001119315 0.001111956 6.65169E-4 0.001089798 0.001061433 7.08857E-4 6.51174E-4 0.00113499 7.2111E-4 0.001087503 7.14278E-4 0.001122394 6.6855E-4 0.001125784 0.001060271 0.001115627 0.001102422 6.82481E-4 0.001117539 7.02467E-4 0.001115588 0.001097678 7.06091E-4 6.63562E-4 0.001092251 0.001091535 7.59178E-4 0.001078948 8.27415E-4 6.5255E-4 0.001102375 7.46773E-4 0.001089708 7.12102E-4 6.81233E-4 7.1274E-4 6.74933E-4 0.001104781 6.93878E-4 0.00108586 0.001057334 7.09741E-4 0.001258446 0.001080317 6.94917E-4 6.62636E-4 0.001127649 0.00107891 6.99761E-4 0.001082945 7.00964E-4 6.60582E-4 6.83658E-4 0.001076532 6.89818E-4 0.001100898 7.05101E-4 0.001065802 6.92216E-4 0.001078562 6.68031E-4 6.93983E-4 6.48958E-4 0.001184191 6.77266E-4 0.001071865 7.20829E-4 6.62062E-4 6.85614E-4 7.04019E-4 6.62444E-4 0.00108973 0.001054114 0.001100503 0.001087685 0.001115534 7.17125E-4 0.0010968 7.13989E-4 0.001089995 6.83027E-4 6.5742E-4 6.39962E-4 6.87443E-4 0.001132064 6.85218E-4 0.001090302 6.89687E-4 0.001141257 7.44801E-4 0.001132202 7.30653E-4 0.001105186 0.001067977 0.001068751 0.001090874 0.00107893 6.67783E-4 0.001061012 7.21751E-4 6.67658E-4 0.001084542 0.001063141 7.09058E-4 0.001088456 7.00515E-4 0.001088181 0.001135512 0.001084937 0.001136506 0.001167356 0.001152141 7.69001E-4 0.001137527 0.001338121 8.60458E-4 0.001317055 8.26483E-4 0.00132913 8.58359E-4 0.00127928 8.1406E-4 7.96532E-4 7.82633E-4 7.97436E-4 7.55946E-4 7.01245E-4 6.98866E-4 6.45682E-4 0.001098188 0.001089201 7.5803E-4 0.001149798 0.001062419 0.001083444 6.91437E-4 0.001168227 0.00108793 7.13197E-4 0.001138524 0.001100104 7.04117E-4 6.8524E-4 6.67741E-4 6.6402E-4 0.001110443 7.40678E-4 6.62061E-4 6.67029E-4 6.6442E-4 0.001103349 0.001060929 7.12621E-4 0.001088412 0.001111451 0.001125772 0.00106572 6.65049E-4 0.001091543 0.001062205 0.001117828 7.11522E-4 0.001087458 0.001113414 6.86169E-4 0.001061893 0.001118011 0.001071114 7.06386E-4 0.00111188 0.001712671 6.67242E-4 0.001095872 6.65971E-4 6.63539E-4 0.001066385 0.001078974 7.66748E-4 0.001132274 0.001247635 6.7179E-4 6.6152E-4 6.47781E-4 0.001081725 0.001109723 6.83631E-4 7.34767E-4 0.001112834 0.001093654 0.001103314 0.001111227 7.04655E-4 0.001125562 0.001094308 6.88174E-4 6.66383E-4 6.71861E-4 0.00106855 0.001060644 7.19928E-4 6.63458E-4 6.79224E-4 6.99788E-4 0.001065396 0.001064178 7.2217E-4 0.001111175 0.001138367 7.23364E-4 6.98697E-4 7.16975E-4 6.85397E-4 0.001087858 7.15281E-4 6.9814E-4 6.76284E-4 0.001101009 0.001142272 0.001106015 0.001120426 6.83777E-4 6.7036E-4 7.22079E-4 6.48298E-4 7.07269E-4 6.64962E-4 6.56175E-4 0.001092365 6.89686E-4 6.5357E-4 0.001131 0.001155285 7.21692E-4 0.001142437 6.92432E-4 0.001150392 7.49874E-4 0.001090375 6.87042E-4 6.67063E-4 0.001116042 0.001129891 6.86287E-4 7.0168E-4 0.001068145 0.001078017 7.04549E-4 0.001102032 7.05257E-4 0.00109601 0.001133677 6.88056E-4 6.90226E-4 0.001144533 7.01012E-4 0.001072519 0.001050413 6.74435E-4 6.79619E-4 0.001141839 7.17389E-4 0.001087239 6.74346E-4 0.001099264 7.30339E-4 6.83149E-4 6.72194E-4 6.73322E-4 7.25748E-4 0.001117867 6.81932E-4 0.001097972 6.79304E-4 0.001076943 0.001297175 6.74815E-4 6.66906E-4 6.96242E-4 7.14065E-4 6.57203E-4 6.59831E-4 7.04078E-4 0.001241316 6.89487E-4 7.19533E-4 6.94475E-4 0.001059041 0.001128051 0.001092308 7.01284E-4 7.53148E-4 0.001149776 0.001076588 6.837E-4 0.001056577 0.001065665 0.001144844 6.89048E-4 0.001072726 0.001092382 0.001075481 7.46765E-4 0.001095177 0.00106964 0.001067311 7.42075E-4 0.001094769 7.16416E-4 0.001182562 6.74873E-4 0.001134188 0.001110222 6.84578E-4 7.06634E-4 7.33491E-4 6.68185E-4 0.001136273 0.001066134 7.17588E-4 7.07385E-4 0.001102905 0.001111114 6.94929E-4 6.6631E-4 0.001159941 6.85338E-4 6.63087E-4 7.0337E-4 6.68564E-4 6.55743E-4 6.50819E-4 6.87633E-4 6.67204E-4 0.001159508 6.93432E-4 7.07925E-4 0.001142938 6.93808E-4 6.74621E-4 6.68054E-4 6.58516E-4 7.21252E-4 7.04114E-4 0.001090366 0.001052485 0.001092869 6.86945E-4 0.00111755 6.88654E-4 6.49965E-4 6.64723E-4 0.001063764 7.55253E-4 0.001098927 7.05258E-4 0.001121522 6.79454E-4 8.44558E-4 6.57227E-4 0.001073183 7.1058E-4 0.001095953 6.73182E-4 7.09863E-4 6.58155E-4 6.57781E-4 0.00110508 0.001084037 0.001083107 0.00110816 7.44058E-4 6.74064E-4 6.58057E-4 6.63839E-4 0.001111817 0.001055579 0.001062808 0.001110609 0.00110277 6.70786E-4 6.59886E-4 0.00108543 0.001122277 6.69436E-4 6.79287E-4 6.91601E-4 0.001076333 0.001075642 7.00223E-4 6.86634E-4 0.00113605 7.07825E-4 6.8408E-4 0.00109521 6.90614E-4 0.001095314 0.001073147 0.001095862 6.78487E-4 6.89393E-4 6.67034E-4 6.80617E-4 0.001086683 7.41879E-4 0.001074507 0.001127607 0.00107163 7.09678E-4 6.94746E-4 0.001082506 0.001127363 7.25663E-4 0.001146982 0.001092552 6.859E-4 0.001093872 6.80718E-4 6.70156E-4 7.23705E-4 7.07351E-4 0.001061326 0.001069499 6.93252E-4 0.001073779 7.11909E-4 6.68111E-4 7.06787E-4 6.68841E-4 6.65749E-4 7.29869E-4 7.0165E-4 7.46733E-4 0.001240786 0.001330862 0.001281723 8.00855E-4 8.05046E-4 0.001298549 7.92362E-4 0.0011152 0.001071774 6.93778E-4 6.79731E-4 0.001100839 6.92844E-4 6.72107E-4 6.91012E-4 0.00110584 0.001097626 0.001104946 7.34558E-4 6.73199E-4 7.32242E-4 0.001103005 7.0372E-4 0.001099655 6.9856E-4 0.001100433 0.001108986 0.001060508 0.001042881 7.18191E-4 0.001101975 7.48885E-4 0.001140796 6.98176E-4 6.77507E-4 0.001086756 0.001083646 7.14713E-4 6.71359E-4 6.76271E-4 0.001089469 6.89756E-4 0.001086805 7.06065E-4 6.72883E-4 7.01478E-4 0.001130666 0.001311537 7.32865E-4 0.001104225 0.001113735 7.13377E-4 6.75221E-4 0.001135431 0.001092972 6.85768E-4 6.65109E-4 0.001107812 7.48206E-4 7.09227E-4 0.00111464 0.00106421 7.00802E-4 0.001092296 6.85531E-4 0.001110782 0.001167897 7.23599E-4 6.84389E-4 6.89393E-4 0.001140316 0.001453215 7.2942E-4 0.001114454 6.78159E-4 7.55772E-4 6.7711E-4 0.001086319 0.001106018 7.69634E-4 6.6281E-4 6.97633E-4 6.66454E-4 0.00111825 7.00162E-4 6.84622E-4 7.3658E-4 7.04496E-4 0.001125106 0.001062223 7.12489E-4 6.64585E-4 6.76238E-4 6.72275E-4 6.60674E-4 0.001111332 7.1505E-4 0.001089541 0.001092232 0.001141459 0.001105073 0.00109544 0.00108101 0.001096442 0.00109817 6.74689E-4 0.001111913 0.001057082 0.001054451 7.66808E-4 6.78092E-4 0.001123073 0.001094709 0.001298741 7.16849E-4 0.001136667 6.93911E-4 6.75628E-4 0.001110007 0.001075972 0.001072579 0.001102577 8.41271E-4 0.001192466 8.41029E-4 6.44036E-4 0.001091923 6.61049E-4 0.001119307 7.09133E-4 0.001066799 0.001139148 0.001096814 6.7988E-4 0.001114663 6.94623E-4 6.97338E-4 6.9458E-4 0.001083617 0.001133829 0.001057546 6.78668E-4 0.001080882 0.00109273 0.001056434 7.07277E-4 6.89433E-4 0.001149991 6.90307E-4 6.66484E-4 6.31236E-4 6.61629E-4 0.001098101 0.001077611 6.83246E-4 0.001098372 0.001103908 0.001087119 7.39817E-4 7.17688E-4 6.53057E-4 0.00106359 7.26104E-4 6.89811E-4 0.001118999 0.001127176 0.001073776 0.001078967 0.001069915 7.09259E-4 6.58183E-4 0.001100959 0.001068299 0.00109748 0.00107177 7.09699E-4 0.001131798 6.86356E-4 7.11567E-4 0.00111266 6.85679E-4 7.06141E-4 0.001096456 7.15699E-4 0.00107758 0.001045918 7.07734E-4 6.99121E-4 0.001132246 0.001079318 7.0206E-4 6.70945E-4 0.001152547 6.68088E-4 0.00111156 0.001095649 7.02809E-4 0.001069164 7.35983E-4 7.0352E-4 0.001110746 6.93575E-4 6.75391E-4 7.23894E-4 6.56731E-4 0.001085793 6.87333E-4 0.001143816 0.001086298 7.56048E-4 6.79836E-4 6.59904E-4 6.75017E-4 0.001092494 0.001081618 0.001097239 7.03581E-4 6.66857E-4 6.82332E-4 0.00108676 7.14736E-4 0.001092871 0.001086594 0.00107216 6.72612E-4 0.001085141 0.001061285 6.65997E-4 0.001105125 6.95474E-4 6.55882E-4 6.99883E-4 0.001097839 0.001068184 0.001082859 7.35646E-4 0.001144862 0.001106233 6.8245E-4 6.46909E-4 6.64905E-4 6.55816E-4 0.00109711 0.00107649 0.001073535 0.001120677 7.21048E-4 6.43851E-4 0.001102181 0.001077095 0.001093619 0.001066432 7.34322E-4 0.001097926 7.15673E-4 0.001093506 6.93132E-4 6.86303E-4 6.93302E-4 6.94634E-4 0.001095834 0.001050429 0.001063429 7.01588E-4 6.99169E-4 6.94818E-4 6.62489E-4 6.93973E-4 0.001096258 6.92283E-4 0.001090175 0.001054265 6.90198E-4 6.8661E-4 0.001091149 0.001112141 0.001116217 0.001058454 0.001083926 8.20163E-4 0.001121896 7.38691E-4 0.001128213 7.15407E-4 6.61453E-4 6.58456E-4 0.001117453 0.001108297 0.00109673 6.90443E-4 6.84768E-4 6.66726E-4 7.45179E-4 7.25264E-4 6.45461E-4 0.001122716 7.49349E-4 6.58095E-4 6.74884E-4 6.90926E-4 0.001129464 0.001066215 0.001105934 6.78831E-4 7.24155E-4 7.27128E-4 6.78364E-4 7.21609E-4 6.60158E-4 0.001077716 0.001129997 0.00112115 6.83849E-4 0.001129954 7.0269E-4 0.001115905 6.70537E-4 0.00110093 0.001102138 7.20493E-4 7.42226E-4 0.001081828 0.001076309 6.97591E-4 6.60488E-4 6.48827E-4 0.001143652 6.91496E-4 0.001110649 0.001081795 7.89171E-4 0.00112322 7.20227E-4 0.001101881 6.70636E-4 6.73246E-4 7.32053E-4 0.001152434 6.73597E-4 6.42516E-4 0.001090311 0.001092359 6.83056E-4 6.93561E-4 6.8076E-4 9.4462E-5 6.8591E-4 0.001114561 0.001058721 0.001083784 6.67132E-4 0.001089652 6.77789E-4 0.001055062 0.001066282 0.001053851 0.00106775 7.38604E-4 6.953E-4 0.001096557 7.21302E-4 0.001085718 0.001060808 0.001050503 0.001054847 0.001070167 7.19882E-4 6.80195E-4 0.001117327 0.001096503 0.001054105 6.77213E-4 6.74126E-4 0.001134124 6.862E-4 6.95523E-4 0.001111964 0.001127741 0.001082102 7.30034E-4 0.00107738 7.21481E-4 6.76769E-4 6.96034E-4 6.62277E-4 0.001082659 7.2071E-4 0.001119914 0.001095163 6.8019E-4 6.8146E-4 0.001074835 9.3034E-5 0.001104439 7.45894E-4 0.001120379 7.06656E-4 0.001112345 7.02283E-4 0.001121889 7.16363E-4 7.18416E-4 6.9132E-4 0.001080365 0.001067165 0.001064533 6.96713E-4 0.00110075 7.21791E-4 6.83678E-4 0.001119578 7.18088E-4 0.0011068 0.001133497 0.001287942 6.98555E-4 0.001128328 6.8518E-4 6.63355E-4 0.00106964 8.7548E-5 0.001075564 7.07341E-4 0.001121566 7.55148E-4 6.66426E-4 6.68238E-4 0.001106213 7.21774E-4 6.6903E-4 6.5834E-4 0.001116453 6.92105E-4 6.44952E-4 0.001122213 0.001049916 7.10269E-4 0.001087649 0.001175685 6.79738E-4 0.001056332 7.21735E-4 6.6028E-4 6.58545E-4 0.001103852 7.19133E-4 8.6353E-5 6.55679E-4 6.52124E-4 0.001075698 0.001075284 0.001063461 7.00162E-4 0.00110675 6.77447E-4 7.06125E-4 6.49592E-4 0.001108178 7.06659E-4 0.001102098 0.001098646 6.82136E-4 6.86411E-4 6.47717E-4 0.001101154 0.001076161 7.12286E-4 0.001442509 7.14746E-4 0.001089397 6.76541E-4 6.57079E-4 0.001089448 6.94419E-4 0.001066993 7.26142E-4 0.001110729 6.7655E-4 0.001102227 0.001099675 0.001101476 7.46263E-4 0.001133199 7.05824E-4 6.54255E-4 0.001070471 8.4378E-5 0.001101097 0.00108457 0.001075548 0.001082548 7.01312E-4 0.001116814 6.68672E-4 6.59385E-4 6.75088E-4 0.001096491 0.001042207 6.93435E-4 6.37202E-4 0.001089546 0.001087738 6.97253E-4 6.72012E-4 6.7218E-4 0.001079668 0.001059944 0.001092604 7.40333E-4 0.001155914 0.001124698 6.88468E-4 6.5289E-4 0.001144391 6.92402E-4 6.34887E-4 0.001133273 0.001057762 7.51973E-4 0.00110991 0.001065113 6.79986E-4 6.81645E-4 0.001081995 0.001060531 7.18128E-4 0.001060534 6.85144E-4 0.001094262 6.92453E-4 6.57987E-4 6.72116E-4 6.45826E-4 6.58492E-4 8.97861E-4 0.00111687 7.06432E-4 7.03026E-4 6.86706E-4 6.48367E-4 0.001062056 0.001059968 6.8684E-4 0.001081845 6.61031E-4 6.42003E-4 0.001155337 6.76588E-4 7.05206E-4 6.98535E-4 6.51002E-4 0.001091676 0.001099882 0.001078892 0.001067186 7.31547E-4 6.00674E-4 6.75028E-4 6.97821E-4 0.001114847 7.00414E-4 6.87382E-4 0.00112854 0.001083021 0.001099091 6.21488E-4 0.001166703 7.98841E-4 0.001203539 7.74193E-4 5.97512E-4 7.08015E-4 0.001052946 9.98214E-4 0.001138352 7.54871E-4 6.9352E-4 0.001128237 0.001116434 0.001092953 6.93315E-4 6.79927E-4 0.001089042 7.17289E-4 0.001103098 6.95734E-4 0.001160488 0.001145772 6.94299E-4 6.62841E-4 0.001108762 7.13311E-4 6.731E-4 6.44177E-4 6.4914E-4 0.001097945 0.001067833 0.001056089 0.001086933 9.45446E-4 9.32439E-4 7.06344E-4 7.10976E-4 6.64011E-4 0.0010986 6.75009E-4 0.001092621 0.001086375 0.001070884 0.001079064 0.001115136 7.44104E-4 0.001096634 6.92368E-4 6.84909E-4 9.3216E-4 0.001093529 0.001095685 7.09368E-4 6.64887E-4 7.28504E-4 6.83565E-4 0.001136992 7.03172E-4 6.57631E-4 6.69392E-4 6.9332E-4 6.59065E-4 6.64757E-4 0.001087899 0.001065509 7.19843E-4 6.55868E-4 6.43986E-4 6.68655E-4 6.80149E-4 0.001078549 0.00110071 6.828E-4 6.67393E-4 0.001140082 0.001106628 6.71825E-4 6.64375E-4 0.001094054 6.05296E-4 7.03906E-4 6.70042E-4 6.50269E-4 0.00105425 6.67863E-4 6.39516E-4 0.001075507 0.001082369 6.81874E-4 6.73107E-4 5.57156E-4 6.94855E-4 7.10343E-4 0.001144484 0.001110316 6.71158E-4 0.001094816 6.83675E-4 6.79805E-4 5.49754E-4 0.001070099 6.99291E-4 0.001098681 0.001080348 9.72927E-4 7.0068E-4 0.001083307 5.88144E-4 0.001092841 0.001104511 0.001087281 7.30116E-4 7.28385E-4 0.001124406 0.001108862 0.00117674 6.813E-4 6.84925E-4 6.58481E-4 0.001130051 7.51202E-4 6.7572E-4 6.62142E-4 6.69104E-4 0.001100312 6.70989E-4 6.78652E-4 0.001072489 6.79165E-4 0.001071014 6.89264E-4 0.001098392 9.96097E-4 9.20621E-4 5.72952E-4 6.73401E-4 0.001116871 6.8847E-4 0.001135223 0.001067174 6.79111E-4 0.001176508 0.001650126 6.76245E-4 0.001128998 6.74464E-4 6.51781E-4 0.001060504 0.001061667 9.05811E-4 0.001087517 0.00108037 7.1922E-4 0.001072059 7.66059E-4 0.001094779 0.001121102 0.001100346 0.001102761 6.95549E-4 6.71981E-4 6.63102E-4 0.001133741 0.001142445 0.001061288 0.001073042 6.72807E-4 6.49453E-4 0.001067099 0.001055803 0.001080429 7.04668E-4 6.72499E-4 0.001083648 0.001074348 0.001083598 6.74299E-4 0.001091816 0.001083594 5.98644E-4 7.08376E-4 0.00111018 7.16425E-4 0.001087191 0.001065457 0.001060423 6.98456E-4 0.001081 6.99242E-4 0.001087077 8.94578E-4 0.001078943 7.6021E-4 6.95585E-4 6.75061E-4 6.75025E-4 7.24368E-4 6.60222E-4 0.001056422 9.0227E-4 6.57883E-4 6.87784E-4 0.001087006 0.001116939 9.1875E-4 6.82226E-4 0.001072372 5.75747E-4 6.76786E-4 0.001132223 0.00108535 0.00104882 7.00279E-4 0.001112597 0.001089619 7.1801E-4 6.68194E-4 6.78351E-4 0.00110707 6.96621E-4 6.98132E-4 6.97693E-4 0.00106658 7.24498E-4 7.26016E-4 0.001100144 7.22014E-4 0.001076261 6.51096E-4 0.001085007 0.00102429 6.55836E-4 0.0010706 5.75641E-4 8.8295E-4 6.89666E-4 6.51668E-4 6.41605E-4 6.60865E-4 6.44098E-4 6.59072E-4 6.43044E-4 6.62274E-4 6.45327E-4 6.59059E-4 0.001075232 0.00106538 0.001090214 6.93543E-4 5.68585E-4 0.001088998 0.001067791 0.001033976 6.52651E-4 0.001147318 0.00111022 6.463E-4 6.51334E-4 6.49672E-4 6.54747E-4 6.6533E-4 6.36481E-4 6.98292E-4 0.001092651 6.49721E-4 0.001153221 6.80256E-4 6.52313E-4 6.4728E-4 6.41831E-4 0.001088933 6.82246E-4 6.65661E-4 6.2397E-4 0.001018251 9.93784E-4 6.83342E-4 0.001126223 0.001051566 9.42452E-4 7.00189E-4 6.43819E-4 0.001075424 0.00106449 6.13972E-4 6.47333E-4 0.001094365 6.65084E-4 0.001117907 0.001053864 5.50869E-4 7.28999E-4 6.96358E-4 7.21594E-4 0.001127225 6.74422E-4 0.001086256 0.0010747 6.7377E-4 8.94814E-4 0.001108084 0.00109357 6.81094E-4 6.62964E-4 5.70039E-4 7.54817E-4 6.96435E-4 5.95432E-4 6.71158E-4 6.70122E-4 0.001083688 6.82835E-4 6.67896E-4 0.001114586 0.001027747 7.16716E-4 6.41444E-4 7.12594E-4 6.38452E-4 6.72562E-4 6.85759E-4 6.80243E-4 6.50493E-4 6.41216E-4 0.001065583 0.001142135 0.001046034 0.001061237 0.001050774 0.001055107 0.001024229 0.001065584 6.72756E-4 8.9858E-4 8.81167E-4 6.90788E-4 6.64824E-4 6.4419E-4 6.53486E-4 0.001091743 6.89211E-4 0.001056577 6.7895E-4 0.001075254 0.001073534 7.21613E-4 6.81611E-4 6.47804E-4 0.001078684 9.02504E-4 6.70006E-4 0.001073706 7.19669E-4 6.41705E-4 0.001222771 6.54156E-4 6.98149E-4 0.001049959 6.57753E-4 0.001063651 9.61555E-4 0.001387301 6.65081E-4 0.001187606 0.001047101 0.001273591 0.001052076 0.001065147 0.001074767 6.6523E-4 0.001074448 0.001072894 6.73566E-4 0.001031721 6.41276E-4 0.001008364 6.68878E-4 6.40142E-4 6.68306E-4 9.16682E-4 6.93385E-4 6.52055E-4 6.65721E-4 0.001143297 6.22177E-4 6.63874E-4 6.86006E-4 0.001061874 6.7503E-4 6.67052E-4 9.20956E-4 7.04912E-4 7.04872E-4 7.18662E-4 0.001113346 0.001068198 6.96892E-4 0.001104316 6.7349E-4 9.15338E-4 6.85838E-4 6.98811E-4 6.88833E-4 0.001110854 9.16449E-4 0.001103126 0.001048604 5.9805E-4 0.001094601 7.07728E-4 6.68804E-4 0.001072924 6.93863E-4 0.001091225 0.001021436 7.33919E-4 6.73655E-4 0.00109146 0.001054233 6.66949E-4 0.001100375 0.001097389 6.74001E-4 0.001024991 0.001069073 6.58488E-4 6.62756E-4 0.001061092 6.45402E-4 6.25691E-4 5.93506E-4 0.001027986 7.40476E-4 5.56832E-4 9.73641E-4 0.001043228 6.64339E-4 6.43219E-4 0.001101178 6.44602E-4 0.001043044 6.50173E-4 0.001045446 0.001067056 0.001038355 6.81589E-4 0.001034763 0.001061193 6.80996E-4 5.54915E-4 6.34424E-4 0.001092284 6.51638E-4 0.001041275 7.01006E-4 6.0926E-4 0.001003784 0.001024251 6.44583E-4 6.3049E-4 6.53034E-4 0.001054355 0.001043211 7.48979E-4 0.001041108 0.001053723 0.001040698 6.42582E-4 0.001035909 0.001043158 7.06652E-4 6.48126E-4 0.001079209 6.03596E-4 5.84298E-4 0.001061814 0.001024141 6.87349E-4 6.14476E-4 5.98119E-4 7.00139E-4 6.29698E-4 0.00103751 0.001041493 6.3479E-4 0.001028629 7.05578E-4 5.7794E-4 0.001024273 6.531E-4 5.35747E-4 7.01304E-4 0.001134351 6.7413E-4 0.00106447 6.47346E-4 0.0010215 9.78951E-4 0.001015597 8.82997E-4 6.40056E-4 6.55326E-4 0.001071696 6.70308E-4 5.09961E-4 0.001011677 9.73323E-4 9.05276E-4 0.001036649 0.001066425 0.001078378 0.00101577 0.00102295 6.79695E-4 6.0084E-4 0.001099091 0.00105426 7.21126E-4 0.001055221 6.66056E-4 0.001081979 6.90407E-4 0.001061549 6.33665E-4 0.001031842 6.39167E-4 0.001050982 0.001000475 6.31556E-4 6.19678E-4 0.001003094 0.001008197 0.001031287 9.28323E-4 8.51471E-4 6.61634E-4 0.001029838 0.001049957 7.10142E-4 6.71003E-4 0.001172519 6.50256E-4 6.22198E-4 6.50245E-4 0.001074415 6.99991E-4 0.001037521 6.49858E-4 0.001050132 8.92529E-4 0.001028025 6.8395E-4 6.40597E-4 0.001050849 6.57285E-4 0.001054099 6.32026E-4 6.37728E-4 6.40134E-4 0.001210366 0.001087317 6.68175E-4 6.24312E-4 0.001074378 0.001027179 6.87504E-4 6.20141E-4 6.05975E-4 0.001040094 6.85723E-4 6.76311E-4 6.53019E-4 0.001061706 0.001009484 5.94334E-4 9.81358E-4 6.47302E-4 0.00103618 6.33087E-4 9.10557E-4 0.001090213 0.001007564 6.3187E-4 6.17199E-4 6.20373E-4 0.001032176 6.60762E-4 9.69764E-4 6.3912E-4 0.00106201 5.2169E-4 0.001089896 6.92843E-4 0.001078552 6.66379E-4 0.001041324 6.76214E-4 6.38387E-4 0.001026218 8.87507E-4 0.00103675 0.001052034 6.67881E-4 0.001051924 8.72878E-4 6.63424E-4 6.25042E-4 5.52827E-4 0.001059216 6.98204E-4 6.59461E-4 0.001030498 6.88905E-4 7.30586E-4 5.95538E-4 0.001102252 0.001001146 0.001096501 0.001015355 6.70716E-4 6.60179E-4 6.7146E-4 0.001102055 6.28547E-4 6.5965E-4 0.001035118 7.22449E-4 6.7308E-4 6.4383E-4 0.001030669 9.6504E-4 6.99465E-4 0.001038052 8.91077E-4 5.03969E-4 0.001072803 0.001027365 6.04292E-4 0.001100277 0.001014366 6.09322E-4 6.33535E-4 0.001038688 0.001073201 6.97397E-4 0.001010212 0.001053267 0.001042818 6.64722E-4 9.31267E-4 0.001041893 0.001086814 0.001023222 0.00106796 0.001028634 9.99486E-4 9.77736E-4 9.50171E-4 6.82089E-4 6.16728E-4 0.00105389 6.37336E-4 6.60654E-4 9.98864E-4 0.001023639 0.001058031 0.00102313 6.36194E-4 6.24191E-4 0.001046803 6.57671E-4 0.001024281 9.86858E-4 6.3369E-4 9.26695E-4 9.73536E-4 6.50394E-4 9.70728E-4 0.001022606 8.93878E-4 6.84072E-4 6.19848E-4 0.001053805 6.26136E-4 5.86938E-4 6.1655E-4 0.001040264 0.001116821 0.001064728 6.64451E-4 9.15627E-4 7.07565E-4 0.001231139 0.001207701 0.001107867 7.01202E-4 0.001044198 0.001011164 0.001018358 8.94315E-4 0.001056818 0.001083169 0.00103085 9.76747E-4 5.23693E-4 6.02663E-4 6.29268E-4 5.13682E-4 9.91538E-4 9.85603E-4 6.34132E-4 6.34199E-4 9.96413E-4 0.001085526 9.54657E-4 7.21878E-4 0.001028034 6.61199E-4 0.001069379 6.06468E-4 0.0010721 0.001034887 6.6297E-4 5.53561E-4 6.47906E-4 6.13475E-4 0.001046364 6.26283E-4 0.001042138 0.001020107 8.84451E-4 0.001072416 0.001039267 8.97514E-4 5.21986E-4 0.001104397 6.73586E-4 7.71041E-4 6.39547E-4 0.001084424 5.97749E-4 6.19652E-4 0.001045251 0.001034147 6.56274E-4 9.61302E-4 6.66699E-4 6.33844E-4 9.56284E-4 5.33323E-4 6.42327E-4 0.001040449 6.81186E-4 0.0010163 6.90108E-4 6.39479E-4 0.001000158 9.90983E-4 0.001058119 0.001009878 5.93836E-4 6.3873E-4 0.001055844 6.11941E-4 0.001074808 0.001078366 0.001029643 0.001018516 6.57282E-4 6.29203E-4 0.001018658 6.16523E-4 5.75574E-4 5.85512E-4 5.12615E-4 9.85235E-4 9.2965E-4 5.59568E-4 6.17607E-4 5.48564E-4 6.54258E-4 0.001000644 0.001026792 9.95132E-4 9.68395E-4 6.41362E-4 6.56887E-4 5.52355E-4 6.35088E-4 6.13533E-4 5.24019E-4 6.33916E-4 7.15172E-4 6.55933E-4 6.02272E-4 6.20503E-4 5.79718E-4 0.001183002 6.3111E-4 5.20948E-4 0.001017679 0.001060245 0.001114358 0.001608179 8.78429E-4 0.001126701 6.36362E-4 4.98607E-4 9.81153E-4 0.001014865 9.61681E-4 0.001003157 6.12244E-4 6.73798E-4 5.72977E-4 0.001101771 6.34943E-4 0.001045048 6.60293E-4 8.73009E-4 0.00111708 0.001200795 0.001069655 8.75223E-4 0.001074963 6.73757E-4 6.51479E-4 9.4329E-4 0.001029419 0.001005815 8.95829E-4 0.001009753 0.00103498 5.47403E-4 8.18082E-4 6.75248E-4 6.39462E-4 5.72523E-4 0.001094 6.51538E-4 9.63635E-4 6.48346E-4 6.38712E-4 6.57525E-4 6.85548E-4 9.67806E-4 0.00102162 6.38191E-4 9.55108E-4 8.89046E-4 0.001029131 0.001059812 6.36354E-4 6.65931E-4 6.49856E-4 9.96811E-4 6.22423E-4 5.7547E-4 0.00104824 0.001172475 9.25116E-4 0.001042847 0.001051058 5.95291E-4 6.76038E-4 6.59631E-4 0.001021766 0.001003993 6.3489E-4 9.98225E-4 0.001037776 6.06457E-4 9.98514E-4 5.89028E-4 5.2364E-4 9.84574E-4 5.67362E-4 5.56385E-4 0.001025038 0.00124363 7.34595E-4 0.001057007 0.0010089 0.001010916 5.89439E-4 0.001015501 0.001058149 5.45852E-4 6.25592E-4 0.001063616 8.87748E-4 5.87433E-4 6.74644E-4 0.001087694 5.92861E-4 0.001016953 9.53999E-4 6.36868E-4 6.23108E-4 5.35313E-4 0.001025057 6.72594E-4 6.95575E-4 9.39403E-4 5.18435E-4 5.66368E-4 0.001019434 5.74842E-4 5.57715E-4 9.99158E-4 6.29244E-4 0.00103721 5.92912E-4 6.77733E-4 5.27425E-4 6.6356E-4 0.001049513 0.001022632 9.97597E-4 6.2748E-4 0.001050262 0.001035646 6.47441E-4 9.11405E-4 7.00579E-4 6.6143E-4 6.5419E-4 5.71203E-4 6.16736E-4 0.00104455 5.01032E-4 6.67489E-4 0.001048499 5.62344E-4 6.72823E-4 0.001034403 0.001010011 5.33268E-4 0.00104865 6.48387E-4 5.00338E-4 0.001039034 0.001038425 7.22252E-4 0.001352155 5.2053E-4 0.001039849 0.001026258 5.71583E-4 8.82819E-4 0.001092377 0.001014105 0.001053294 0.00100628 0.001046902 6.35698E-4 6.43828E-4 5.0028E-4 0.001048203 0.001009795 8.20599E-4 0.001040993 6.39154E-4 8.48523E-4 0.001027166 0.001043142 6.31262E-4 6.14557E-4 6.31876E-4 7.25834E-4 6.40454E-4 5.14454E-4 5.17503E-4 0.00103224 7.75541E-4 9.60219E-4 5.02887E-4 4.6711E-4 6.37567E-4 9.39359E-4 6.7998E-4 0.001024831 9.91634E-4 0.001079123 0.001009546 6.31596E-4 6.32847E-4 4.40438E-4 6.36358E-4 6.61705E-4 8.95342E-4 5.16498E-4 6.68896E-4 0.001079258 5.08512E-4 0.001037263 5.03789E-4 0.001046287 0.001025329 5.3852E-4 0.001033383 6.47794E-4 6.40594E-4 8.56452E-4 5.28237E-4 4.92804E-4 0.001046118 4.22933E-4 4.8555E-4 5.14151E-4 8.92189E-4 0.001019369 5.20156E-4 0.001089022 4.51714E-4 6.90158E-4 6.31459E-4 0.001062831 0.001018802 5.44134E-4 0.001157385 0.001036472 6.52467E-4 7.761E-4 0.001026141 6.39177E-4 6.55774E-4 8.75472E-4 0.001057679 9.70447E-4 4.32477E-4 9.77661E-4 6.24804E-4 8.39938E-4 3.96898E-4 6.5256E-4 0.001000396 4.77054E-4 9.78287E-4 9.87942E-4 4.82697E-4 9.659E-4 9.67892E-4 9.73534E-4 6.27135E-4 7.85942E-4 6.23259E-4 0.00101648 5.203E-4 8.35847E-4 9.86804E-4 6.13073E-4 6.04098E-4 9.81668E-4 9.99064E-4 9.6793E-4 9.25563E-4 4.8376E-4 6.1103E-4 0.00101093 4.81389E-4 6.28026E-4 9.63096E-4 7.97268E-4 6.15107E-4 6.24421E-4 9.75309E-4 9.72117E-4 9.74544E-4 6.13143E-4 0.001176285 4.96929E-4 4.59036E-4 5.57481E-4 7.36166E-4 9.08003E-4 7.80121E-4 8.53339E-4 6.12326E-4 8.56688E-4 6.47684E-4 5.78915E-4 5.82848E-4 5.81429E-4 9.60357E-4 9.61495E-4 0.00100479 7.45251E-4 0.001016323 6.17994E-4 5.68193E-4 8.08265E-4 6.58076E-4 6.47672E-4 4.82432E-4 6.02073E-4 7.9001E-4 6.1846E-4 9.7461E-4 5.08256E-4 5.92962E-4 0.001052507 0.001066735 5.11758E-4 8.27517E-4 7.61255E-4 6.43268E-4 3.97128E-4 4.54484E-4 5.10046E-4 4.7137E-4 9.77491E-4 5.40676E-4 0.001020851 4.34474E-4 6.35436E-4 9.72531E-4 6.41474E-4 5.80497E-4 4.59709E-4 6.33477E-4 6.18414E-4 6.18115E-4 4.28242E-4 6.22043E-4 9.60413E-4 6.33171E-4 8.28854E-4 9.6459E-4 9.6386E-4 7.05052E-4 9.25401E-4 6.40047E-4 4.99456E-4 3.87124E-4 6.05035E-4 5.87846E-4 4.51605E-4 5.97283E-4 5.66715E-4 7.6009E-4 5.88362E-4 5.68761E-4 9.88949E-4 6.05773E-4 4.53998E-4 9.54719E-4 9.2942E-4 4.71993E-4 4.75171E-4 9.64192E-4 5.87392E-4 5.63147E-4 6.14095E-4 9.5214E-4 9.32988E-4 5.62882E-4 4.47391E-4 9.39E-4 9.14707E-4 4.80005E-4 9.16587E-4 5.7646E-4 4.64021E-4 5.78945E-4 0.001019862 6.14346E-4 5.48943E-4 6.12587E-4 9.7044E-4 9.31651E-4 4.62781E-4 4.49016E-4 8.92646E-4 6.94252E-4 9.18288E-4 4.46196E-4 7.35981E-4 9.32959E-4 8.05242E-4 9.60563E-4 9.1413E-4 9.06664E-4 9.56972E-4 8.52166E-4 9.08833E-4 6.01109E-4 4.09575E-4 9.60275E-4 9.28408E-4 8.2638E-4 7.51579E-4 6.55678E-4 6.05746E-4 7.60424E-4 9.31008E-4 4.84716E-4 9.29111E-4 9.25362E-4 7.80951E-4 9.37154E-4 0.001013006 9.51404E-4 9.09172E-4 7.86392E-4 4.5503E-4 9.37057E-4 6.35742E-4 7.28158E-4 7.46162E-4 7.67007E-4 5.89991E-4 7.69785E-4 6.25308E-4 4.18979E-4 9.55017E-4 9.32589E-4 9.48406E-4 8.07434E-4 4.49858E-4 6.25065E-4 0.001009975 5.90942E-4 4.22687E-4 5.9479E-4 5.68833E-4 9.48533E-4 4.46379E-4 9.41929E-4 9.1714E-4 6.94389E-4 9.71214E-4 5.87242E-4 8.65081E-4 6.11617E-4 6.39368E-4 9.5297E-4 7.73765E-4 9.69377E-4 6.30131E-4 7.36728E-4 9.7683E-4 5.78972E-4 9.94774E-4 6.07199E-4 7.59341E-4 9.58583E-4 0.001057181 5.06459E-4 7.88185E-4 9.56902E-4 5.83151E-4 6.10659E-4 9.16443E-4 6.22075E-4 9.25925E-4 8.71665E-4 7.59737E-4 9.13301E-4 9.24132E-4 4.52181E-4 6.05825E-4 7.41235E-4 0.001016289 9.50659E-4 5.92624E-4 5.59421E-4 5.54912E-4 5.60726E-4 9.2346E-4 6.02371E-4 7.54945E-4 4.55218E-4 8.87766E-4 6.85827E-4 5.35346E-4 7.47825E-4 4.23872E-4 5.92517E-4 7.93022E-4 9.44608E-4 6.18757E-4 5.9515E-4 5.46966E-4 5.47575E-4 9.33497E-4 9.44542E-4 7.13073E-4 5.68853E-4 5.59332E-4 7.87976E-4 4.62703E-4 6.09537E-4 9.74114E-4 7.52847E-4 5.80528E-4 4.45534E-4 6.14455E-4 9.12097E-4 4.95804E-4 5.7169E-4 0.001029696 5.95407E-4 4.50368E-4 7.85853E-4 4.49666E-4 5.63696E-4 3.87248E-4 7.59199E-4 7.60789E-4 4.60267E-4 5.68986E-4 5.06058E-4 6.13064E-4 4.18766E-4 9.65994E-4 9.51604E-4 6.02946E-4 5.53763E-4 7.42849E-4 9.50434E-4 9.89556E-4 9.69146E-4 7.14159E-4 9.32962E-4 9.2393E-4 5.9401E-4 4.38679E-4 9.18375E-4 5.80136E-4 6.988E-4 5.97183E-4 6.06396E-4 4.94326E-4 6.05565E-4 6.29215E-4 6.05042E-4 8.79061E-4 9.55828E-4 5.87708E-4 4.70695E-4 9.25571E-4 6.18683E-4 5.69526E-4 9.5158E-4 4.47673E-4 5.66819E-4 5.74579E-4 7.40615E-4 4.78674E-4 5.69039E-4 5.6153E-4 9.43646E-4 5.95919E-4 9.85235E-4 5.89264E-4 8.77178E-4 4.83401E-4 5.7466E-4 5.969E-4 4.38214E-4 5.63858E-4 9.25955E-4 7.4852E-4 9.3029E-4 6.00135E-4 9.30304E-4 5.69036E-4 5.9656E-4 9.16537E-4 9.08866E-4 7.52861E-4 7.79152E-4 5.66663E-4 4.3122E-4 5.55466E-4 4.33632E-4 7.34909E-4 9.23356E-4 5.18763E-4 6.08658E-4 9.08013E-4 5.81684E-4 9.438E-4 8.57236E-4 9.12419E-4 9.10492E-4 4.08438E-4 9.16183E-4 5.7825E-4 4.8021E-4 8.00249E-4 7.33829E-4 9.42497E-4 5.02631E-4 9.06645E-4 7.96709E-4 5.78353E-4 5.54108E-4 4.76805E-4 5.51476E-4 6.10032E-4 9.40309E-4 5.02362E-4 4.62484E-4 7.19401E-4 5.7033E-4 6.58715E-4 7.11598E-4 4.68357E-4 4.37362E-4 9.29023E-4 0.001071832 6.15593E-4 7.20128E-4 8.81915E-4 6.20677E-4 9.94601E-4 9.07009E-4 4.59698E-4 9.60219E-4 5.93632E-4 9.26703E-4 7.31004E-4 9.65076E-4 5.72819E-4 6.08024E-4 7.33252E-4 5.6439E-4 8.89943E-4 4.0542E-4 8.93638E-4 5.90476E-4 4.85162E-4 6.00941E-4 9.11561E-4 9.28146E-4 7.30987E-4 9.1216E-4 6.09354E-4 7.86083E-4 5.7448E-4 5.46933E-4 5.61157E-4 9.2247E-4 7.25606E-4 5.70697E-4 5.38899E-4 7.19769E-4 4.93043E-4 9.58303E-4 0.001070638 5.77102E-4 5.37553E-4 9.3186E-4 6.01715E-4 8.43582E-4 7.19802E-4 6.06601E-4 5.33015E-4 5.21136E-4 8.25242E-4 6.86316E-4 7.36999E-4 5.88897E-4 9.27712E-4 5.67929E-4 5.37607E-4 9.20356E-4 5.72434E-4 5.64109E-4 4.84195E-4 7.2541E-4 8.70206E-4 3.92594E-4 5.13441E-4 4.27626E-4 4.44848E-4 5.81672E-4 8.01383E-4 5.97842E-4 9.1958E-4 5.68025E-4 5.39258E-4 5.11366E-4 9.52946E-4 6.20644E-4 6.69859E-4 5.68492E-4 9.49039E-4 7.92563E-4 4.60656E-4 6.45706E-4 5.79774E-4 4.57191E-4 5.86669E-4 7.25551E-4 8.9081E-4 5.60344E-4 7.55053E-4 8.81384E-4 6.11783E-4 5.86483E-4 7.37219E-4 7.5536E-4 4.33541E-4 5.56513E-4 6.00577E-4 4.65853E-4 4.41849E-4 7.4085E-4 9.25845E-4 4.6823E-4 9.49073E-4 4.03145E-4 9.42056E-4 8.93534E-4 5.94244E-4 9.47109E-4 7.37776E-4 9.468E-4 5.97139E-4 8.91861E-4 4.03285E-4 8.90928E-4 8.84512E-4 9.11719E-4 4.33895E-4 5.87413E-4 5.34212E-4 6.50664E-4 8.89088E-4 9.17767E-4 4.883E-4 5.84368E-4 5.77827E-4 5.44822E-4 7.12854E-4 9.48817E-4 5.61469E-4 4.29406E-4 8.86794E-4 5.3364E-4 5.66232E-4 5.5391E-4 7.05007E-4 5.47747E-4 6.72273E-4 7.19372E-4 7.43407E-4 5.75831E-4 8.83658E-4 5.93654E-4 8.66997E-4 8.77796E-4 8.71969E-4 8.34087E-4 7.38539E-4 9.01471E-4 8.46715E-4 6.86286E-4 5.98176E-4 5.67878E-4 7.46356E-4 5.49036E-4 5.53392E-4 8.8291E-4 5.87374E-4 9.33173E-4 8.63843E-4 5.84427E-4 7.17884E-4 7.04499E-4 5.12627E-4 6.44064E-4 8.29344E-4 7.06544E-4 7.04611E-4 8.94861E-4 7.48227E-4 8.88235E-4 5.85655E-4 8.90224E-4 5.30527E-4 4.97257E-4 8.55669E-4 5.77879E-4 3.83239E-4 5.49766E-4 5.22785E-4 7.42385E-4 7.09284E-4 5.94202E-4 5.86456E-4 4.33515E-4 5.32581E-4 4.47955E-4 8.78817E-4 5.97209E-4 7.40194E-4 8.59658E-4 9.49277E-4 8.92719E-4 4.42627E-4 4.80688E-4 6.97431E-4 5.87116E-4 3.68074E-4 7.30944E-4 4.89025E-4 4.30839E-4 9.31696E-4 7.15562E-4 9.42061E-4 3.99129E-4 6.14897E-4 9.30351E-4 5.81952E-4 8.81931E-4 6.9292E-4 5.98839E-4 9.09385E-4 9.04089E-4 3.85853E-4 6.59799E-4 5.64152E-4 8.97289E-4 6.93069E-4 8.70258E-4 5.51446E-4 3.72588E-4 5.5925E-4 5.34596E-4 4.85312E-4 5.74665E-4 9.03553E-4 5.65104E-4 4.05222E-4 5.48534E-4 8.92591E-4 6.8878E-4 5.76713E-4 5.40821E-4 8.87728E-4 8.81922E-4 4.35237E-4 5.37665E-4 5.59791E-4 7.02692E-4 5.1534E-4 5.58978E-4 8.84263E-4 8.95049E-4 8.63253E-4 5.65698E-4 5.2705E-4 8.45211E-4 6.99304E-4 7.35982E-4 8.6789E-4 4.30526E-4 5.35705E-4 5.24742E-4 4.34485E-4 5.35414E-4 5.4242E-4 8.64765E-4 5.60081E-4 9.36431E-4 8.58288E-4 5.64115E-4 7.13535E-4 4.25417E-4 4.91324E-4 6.53279E-4 5.02589E-4 6.93493E-4 3.98719E-4 8.98344E-4 7.34363E-4 5.70657E-4 8.61164E-4 5.38896E-4 5.57063E-4 8.36924E-4 5.40587E-4 8.6944E-4 6.56509E-4 5.42645E-4 5.1849E-4 7.31862E-4 6.92069E-4 9.27337E-4 6.15035E-4 4.3789E-4 5.29577E-4 6.96041E-4 8.46517E-4 5.41021E-4 4.43394E-4 5.33413E-4 5.84662E-4 5.61188E-4 4.17985E-4 8.01202E-4 7.15315E-4 5.49801E-4 3.81876E-4 4.43111E-4 4.19087E-4 4.26093E-4 8.81404E-4 7.1824E-4 9.22642E-4 3.95391E-4 5.63912E-4 5.37468E-4 5.46445E-4 5.23125E-4 4.2753E-4 5.60633E-4 9.3505E-4 9.61572E-4 3.9068E-4 8.91946E-4 5.36687E-4 5.37321E-4 4.16554E-4 8.83637E-4 8.57863E-4 3.85599E-4 8.82925E-4 8.45539E-4 7.63834E-4 5.678E-4 8.67151E-4 5.72205E-4 4.34946E-4 5.42433E-4 8.76335E-4 4.17116E-4 8.77202E-4 5.567E-4 5.87147E-4 5.37165E-4 4.20578E-4 5.38012E-4 5.54869E-4 7.19533E-4 4.7781E-4 5.39203E-4 5.27124E-4 5.8094E-4 5.23156E-4 5.39535E-4 9.0511E-4 8.43651E-4 7.05738E-4 8.69916E-4 8.51257E-4 4.26694E-4 8.53738E-4 5.45479E-4 4.24703E-4 5.46981E-4 5.41985E-4 5.22418E-4 5.17961E-4 5.58886E-4 9.10469E-4 5.66886E-4 7.50172E-4 4.19095E-4 8.81165E-4 6.37648E-4 4.96829E-4 7.03935E-4 6.61567E-4 8.6654E-4 4.64843E-4 5.58326E-4 9.07456E-4 8.48865E-4 0.001831802 8.45342E-4 5.5717E-4 5.51962E-4 6.4084E-4 5.31924E-4 5.26066E-4 4.44423E-4 4.38615E-4 9.06113E-4 5.76556E-4 4.30484E-4 8.59717E-4 6.83907E-4 5.47902E-4 5.11395E-4 4.40296E-4 5.17607E-4 5.73871E-4 5.66489E-4 7.05609E-4 7.14595E-4 6.5486E-4 8.92799E-4 5.82516E-4 4.46685E-4 7.27039E-4 6.72675E-4 5.42922E-4 4.3303E-4 9.0849E-4 3.93294E-4 9.13953E-4 8.40279E-4 9.13214E-4 8.98505E-4 4.58368E-4 8.98346E-4 5.70683E-4 5.25773E-4 6.39425E-4 5.72085E-4 5.16029E-4 5.4042E-4 7.20429E-4 8.54259E-4 5.71783E-4 3.77484E-4 8.70087E-4 5.51563E-4 5.05575E-4 5.66355E-4 5.9849E-4 5.25496E-4 6.77925E-4 5.54758E-4 8.5291E-4 6.84821E-4 5.68367E-4 5.32744E-4 5.44608E-4 5.23469E-4 6.96132E-4 5.56456E-4 5.21369E-4 6.91533E-4 4.75136E-4 5.41304E-4 8.8658E-4 8.4743E-4 5.56387E-4 8.72832E-4 5.22847E-4 5.10375E-4 4.54424E-4 5.23106E-4 5.53898E-4 4.0881E-4 8.67312E-4 5.49825E-4 7.35438E-4 5.45294E-4 9.29243E-4 8.71894E-4 5.77663E-4 8.65543E-4 8.48106E-4 5.64488E-4 4.24838E-4 6.83132E-4 5.00711E-4 3.69181E-4 8.08829E-4 4.14214E-4 6.66661E-4 8.52727E-4 8.47354E-4 6.06557E-4 5.58272E-4 8.44239E-4 5.3899E-4 8.21118E-4 5.3032E-4 9.30754E-4 6.42619E-4 8.70963E-4 8.6207E-4 7.50174E-4 6.85673E-4 5.7921E-4 5.44997E-4 7.13625E-4 5.27388E-4 4.32243E-4 5.27744E-4 5.15575E-4 7.26511E-4 5.31665E-4 9.48133E-4 6.02913E-4 4.11972E-4 4.42497E-4 6.62259E-4 5.47052E-4 5.64684E-4 6.52137E-4 4.47956E-4 6.92347E-4 8.39686E-4 6.99109E-4 8.8603E-4 3.71913E-4 6.08595E-4 5.18696E-4 8.85997E-4 5.36454E-4 7.169E-4 9.05827E-4 5.65202E-4 5.30786E-4 3.85382E-4 8.9702E-4 8.52137E-4 5.6183E-4 6.86899E-4 5.48367E-4 8.57151E-4 6.16389E-4 8.44205E-4 5.4349E-4 7.35632E-4 3.39871E-4 5.36474E-4 9.10598E-4 6.70932E-4 5.48544E-4 5.1036E-4 3.99904E-4 8.55419E-4 8.35808E-4 8.51404E-4 8.35473E-4 4.21075E-4 5.20084E-4 8.71511E-4 6.81334E-4 7.31758E-4 5.89358E-4 5.0745E-4 5.55943E-4 8.32118E-4 5.46616E-4 8.47213E-4 8.05952E-4 4.16935E-4 5.39543E-4 8.3836E-4 4.05587E-4 5.34207E-4 8.50137E-4 6.79271E-4 5.38096E-4 8.83051E-4 5.37942E-4 4.87544E-4 8.72874E-4 5.37973E-4 5.22751E-4 4.38574E-4 6.7311E-4 5.22804E-4 3.62841E-4 5.24056E-4 6.6595E-4 6.64162E-4 8.5063E-4 4.56962E-4 5.38472E-4 5.47764E-4 5.51684E-4 9.02656E-4 7.81979E-4 5.33297E-4 8.71877E-4 6.25361E-4 5.32635E-4 8.37471E-4 7.09924E-4 6.86927E-4 8.83501E-4 5.60048E-4 6.82463E-4 8.43185E-4 8.26724E-4 5.39944E-4 5.27094E-4 7.09729E-4 5.69467E-4 9.16073E-4 8.49284E-4 6.69252E-4 5.05644E-4 6.91638E-4 5.43815E-4 6.37669E-4 4.02331E-4 4.17967E-4 6.79289E-4 5.53208E-4 7.0538E-4 8.70821E-4 6.3942E-4 8.8055E-4 8.22893E-4 8.68215E-4 5.42507E-4 4.09882E-4 5.48673E-4 9.06412E-4 8.70558E-4 6.29601E-4 8.58187E-4 8.48219E-4 8.67119E-4 6.68968E-4 5.37669E-4 8.5853E-4 3.76526E-4 8.59716E-4 5.44469E-4 7.34606E-4 5.46822E-4 5.6175E-4 5.12188E-4 6.6218E-4 8.53986E-4 5.21314E-4 3.96182E-4 5.11746E-4 5.00776E-4 9.10638E-4 5.4819E-4 6.8252E-4 8.32783E-4 8.25323E-4 6.55718E-4 4.55587E-4 5.38108E-4 8.46987E-4 8.48364E-4 8.60382E-4 5.4054E-4 5.54771E-4 4.82784E-4 4.36582E-4 8.60801E-4 8.16041E-4 4.33256E-4 5.48669E-4 8.39049E-4 6.58859E-4 8.797E-4 5.48452E-4 5.26454E-4 8.42278E-4 5.17485E-4 8.28844E-4 5.50148E-4 6.69849E-4 6.48885E-4 4.85964E-4 3.51699E-4 4.79754E-4 6.77026E-4 6.21862E-4 8.33711E-4 4.62034E-4 8.652E-4 5.19317E-4 8.29961E-4 5.08708E-4 7.81853E-4 8.26087E-4 8.66528E-4 6.13968E-4 8.30204E-4 8.33145E-4 4.39793E-4 6.6503E-4 9.09269E-4 8.65483E-4 4.53399E-4 8.15837E-4 4.52733E-4 5.69344E-4 8.4096E-4 7.0376E-4 5.65853E-4 5.55051E-4 8.70886E-4 6.54509E-4 6.89565E-4 3.98011E-4 5.08902E-4 5.40997E-4 4.25866E-4 3.96348E-4 6.64639E-4 8.27952E-4 6.527E-4 5.58169E-4 6.10413E-4 8.55005E-4 8.3759E-4 5.49398E-4 5.05269E-4 4.12905E-4 5.33092E-4 8.62216E-4 5.47636E-4 3.70907E-4 5.38319E-4 8.4648E-4 5.30469E-4 3.97868E-4 5.17996E-4 8.44332E-4 3.53501E-4 8.48969E-4 5.47996E-4 4.68644E-4 5.5875E-4 5.45189E-4 5.27365E-4 3.92537E-4 8.59823E-4 5.17386E-4 3.95769E-4 8.2767E-4 5.55487E-4 5.79024E-4 8.47662E-4 4.09101E-4 5.12499E-4 8.54502E-4 6.46477E-4 4.50474E-4 8.29433E-4 8.11217E-4 8.08713E-4 8.25159E-4 5.46328E-4 4.93394E-4 7.87089E-4 6.40165E-4 5.26107E-4 4.79802E-4 6.46969E-4 5.193E-4 8.33782E-4 6.53823E-4 8.20933E-4 5.52568E-4 5.02309E-4 8.41272E-4 5.19254E-4 8.25952E-4 5.37968E-4 4.09367E-4 6.39216E-4 4.83351E-4 6.10995E-4 7.65941E-4 4.01764E-4 3.72196E-4 8.41074E-4 4.37687E-4 5.19898E-4 8.31797E-4 5.10524E-4 5.27981E-4 4.49415E-4 8.38261E-4 5.29199E-4 3.56336E-4 5.08347E-4 4.80362E-4 6.94392E-4 4.06105E-4 8.74853E-4 8.41293E-4 7.09248E-4 5.13149E-4 6.91805E-4 5.2362E-4 8.7172E-4 4.33425E-4 5.34774E-4 5.58115E-4 8.63723E-4 4.05764E-4 7.15032E-4 3.90476E-4 5.52416E-4 3.43272E-4 6.46022E-4 9.313E-5 4.00477E-4 5.14784E-4 6.71719E-4 5.57797E-4 3.97535E-4 5.47764E-4 5.07721E-4 5.16682E-4 8.39065E-4 3.93171E-4 8.64874E-4 5.38395E-4 5.00049E-4 6.05445E-4 8.43197E-4 8.27446E-4 5.46898E-4 3.80027E-4 5.07712E-4 8.5632E-4 2.96045E-4 5.07214E-4 5.32315E-4 7.70013E-4 2.57546E-4 5.5773E-4 8.70099E-4 3.26671E-4 9.2732E-4 8.32273E-4 3.1565E-4 5.52064E-4 5.00643E-4 8.63145E-4 5.83088E-4 3.51525E-4 5.06461E-4 4.95493E-4 3.2049E-4 7.7079E-4 8.66917E-4 5.21451E-4 8.7133E-4 5.25101E-4 0.001005862 6.68455E-4 0.00108127 4.48052E-4 0.00102814 9.2351E-4 5.12012E-4 0.001006973 6.06742E-4 3.40605E-4 5.34867E-4 9.22772E-4 8.95495E-4 8.74643E-4 8.9979E-4 8.74138E-4 9.11919E-4 3.304E-4 3.11298E-4 8.50986E-4 2.96058E-4 8.34285E-4 3.23277E-4 3.24943E-4 8.93388E-4 7.52025E-4 5.55819E-4 4.97864E-4 8.76949E-4 8.61649E-4 4.73898E-4 5.37635E-4 9.28545E-4 2.99449E-4 8.71385E-4 8.83778E-4 4.63799E-4 3.20414E-4 5.60132E-4 9.06396E-4 3.3202E-4 8.80521E-4 3.23289E-4 8.74338E-4 5.26778E-4 7.45616E-4 8.56457E-4 9.53945E-4 5.74882E-4 3.35156E-4 7.25941E-4 3.17375E-4 8.74789E-4 2.54031E-4 3.09639E-4 3.15313E-4 3.11811E-4 5.03886E-4 3.20277E-4 5.43236E-4 2.90826E-4 9.00804E-4 5.22171E-4 5.21245E-4 8.67036E-4 3.13552E-4 8.66793E-4 4.40729E-4 5.07947E-4 2.95757E-4 8.81478E-4 8.45113E-4 5.23359E-4 3.12641E-4 8.59467E-4 8.42252E-4 2.92169E-4 8.71883E-4 5.36769E-4 7.44449E-4 2.59703E-4 5.09684E-4 8.46463E-4 3.00138E-4 8.31951E-4 8.66589E-4 3.02375E-4 4.96832E-4 5.3479E-4 8.61126E-4 5.29248E-4 3.23897E-4 5.06361E-4 8.71078E-4 3.096E-4 4.21407E-4 4.93865E-4 8.3563E-4 5.0608E-4 4.87444E-4 8.46641E-4 8.26108E-4 7.87471E-4 4.00174E-4 9.96682E-4 9.48557E-4 3.51524E-4 5.36859E-4 5.14326E-4 3.14E-4 8.8371E-4 5.02661E-4 4.99431E-4 8.69636E-4 4.91571E-4 8.41713E-4 8.84515E-4 3.09571E-4 2.97369E-4 4.89121E-4 2.74266E-4 4.48562E-4 3.41867E-4 3.08145E-4 5.01263E-4 4.23439E-4 5.06913E-4 8.25581E-4 9.25095E-4 8.46089E-4 4.45213E-4 8.36826E-4 5.27016E-4 2.76907E-4 8.23392E-4 4.98685E-4 4.1556E-4 3.34917E-4 5.32976E-4 8.87306E-4 3.05569E-4 5.35618E-4 2.98201E-4 8.52416E-4 5.05177E-4 4.19082E-4 4.87474E-4 5.30932E-4 9.11769E-4 3.148E-4 4.20344E-4 2.91817E-4 8.69548E-4 2.49173E-4 2.92676E-4 3.07654E-4 3.18153E-4 8.0166E-4 3.09802E-4 8.80699E-4 2.76596E-4 9.1484E-4 8.08317E-4 5.40584E-4 4.91707E-4 3.01286E-4 5.12579E-4 4.14981E-4 8.47293E-4 3.09043E-4 5.14496E-4 4.82969E-4 8.43185E-4 3.2265E-4 4.86424E-4 8.35822E-4 2.78782E-4 8.25606E-4 7.09364E-4 7.79213E-4 2.54035E-4 5.16251E-4 8.4969E-4 3.00665E-4 8.45606E-4 8.16245E-4 3.06047E-4 8.46163E-4 5.22759E-4 5.24673E-4 8.2647E-4 3.0209E-4 8.65035E-4 5.11765E-4 3.02504E-4 7.01935E-4 5.18563E-4 8.21243E-4 8.374E-4 5.1583E-4 8.44884E-4 8.55803E-4 4.78407E-4 3.85225E-4 8.33677E-4 8.02681E-4 3.28087E-4 8.2971E-4 7.98788E-4 3.52912E-4 4.83929E-4 8.51538E-4 4.99438E-4 5.08145E-4 8.75215E-4 8.17074E-4 0.001777305 3.57808E-4 2.95982E-4 7.94684E-4 3.08665E-4 4.60778E-4 3.63327E-4 3.60741E-4 5.37048E-4 6.94829E-4 5.39829E-4 4.85431E-4 8.2656E-4 8.2148E-4 7.66444E-4 5.417E-4 5.36827E-4 2.80363E-4 5.28066E-4 4.76448E-4 6.94664E-4 3.39717E-4 8.79381E-4 8.46213E-4 3.05978E-4 8.20266E-4 3.11218E-4 4.95973E-4 8.85931E-4 6.93717E-4 8.59512E-4 5.53269E-4 5.16976E-4 3.0481E-4 4.0859E-4 3.33096E-4 8.19316E-4 2.50029E-4 2.99904E-4 3.08299E-4 3.46377E-4 8.65542E-4 3.07281E-4 9.09027E-4 2.85777E-4 5.22084E-4 8.73317E-4 5.29358E-4 4.74796E-4 3.08956E-4 5.08342E-4 4.22565E-4 8.72531E-4 2.73362E-4 8.34973E-4 8.03887E-4 5.11166E-4 3.00092E-4 5.05879E-4 8.2232E-4 3.18829E-4 4.83655E-4 8.26928E-4 7.1379E-4 2.4615E-4 5.21368E-4 8.36246E-4 3.42891E-4 8.29151E-4 5.48885E-4 2.94661E-4 5.3032E-4 4.85386E-4 8.25292E-4 8.57869E-4 3.29106E-4 8.22884E-4 8.27547E-4 3.04328E-4 4.22197E-4 5.0307E-4 8.4372E-4 8.28248E-4 5.00373E-4 8.3104E-4 4.93359E-4 7.89913E-4 2.94772E-4 8.14656E-4 8.00289E-4 2.96529E-4 4.72721E-4 8.39731E-4 3.0396E-4 4.98711E-4 8.39345E-4 5.19637E-4 8.24374E-4 8.25094E-4 8.1196E-4 8.26824E-4 3.06894E-4 3.11537E-4 4.62413E-4 2.76257E-4 4.39735E-4 3.09524E-4 3.02633E-4 4.82018E-4 7.38006E-4 5.63168E-4 8.26697E-4 4.95022E-4 4.65125E-4 7.62077E-4 5.10779E-4 8.8653E-4 2.83485E-4 4.86148E-4 8.69648E-4 6.81219E-4 3.02336E-4 5.32894E-4 5.09711E-4 3.46378E-4 8.93869E-4 3.34511E-4 8.12288E-4 8.03067E-4 4.76215E-4 8.30248E-4 9.35683E-4 8.41488E-4 3.07051E-4 4.09765E-4 2.92696E-4 4.82087E-4 2.51047E-4 2.89737E-4 3.06005E-4 3.06974E-4 4.79012E-4 2.99147E-4 8.1604E-4 4.21761E-4 7.28635E-4 8.48472E-4 8.36931E-4 7.96755E-4 3.06881E-4 8.38551E-4 4.28809E-4 4.9521E-4 2.74747E-4 8.3656E-4 8.0997E-4 8.02297E-4 3.48502E-4 5.25418E-4 8.17168E-4 2.67498E-4 8.14949E-4 7.98501E-4 7.10856E-4 2.4533E-4 8.34671E-4 8.64639E-4 2.91785E-4 4.98071E-4 8.25094E-4 3.04876E-4 4.97906E-4 5.04725E-4 5.14194E-4 4.77654E-4 3.01223E-4 4.90595E-4 8.35167E-4 2.97373E-4 7.23776E-4 8.35535E-4 5.96524E-4 4.78647E-4 4.80678E-4 8.16173E-4 7.93947E-4 4.66734E-4 2.93951E-4 5.20004E-4 7.43302E-4 2.9562E-4 8.20092E-4 5.17919E-4 3.07066E-4 4.91868E-4 4.91281E-4 4.97304E-4 8.66802E-4 5.35067E-4 5.11625E-4 8.61977E-4 3.28901E-4 3.38816E-4 4.52161E-4 2.70646E-4 7.55325E-4 2.96256E-4 2.75362E-4 4.83635E-4 4.1024E-4 5.60425E-4 8.30467E-4 5.14521E-4 8.77073E-4 8.61692E-4 9.12728E-4 9.93395E-4 3.512E-4 6.12385E-4 0.001077793 9.38043E-4 4.08466E-4 6.89742E-4 9.36237E-4 3.13989E-4 8.33727E-4 3.00598E-4 8.06354E-4 8.47638E-4 4.3295E-4 8.17412E-4 5.48728E-4 5.12493E-4 3.06303E-4 7.00506E-4 2.94149E-4 5.22491E-4 2.48895E-4 3.00229E-4 2.97189E-4 2.96854E-4 5.05447E-4 3.02211E-4 8.59483E-4 2.83914E-4 5.2775E-4 8.02599E-4 8.24277E-4 8.16954E-4 2.99486E-4 5.11736E-4 4.22287E-4 4.85397E-4 2.72219E-4 4.88079E-4 4.88947E-4 8.13065E-4 3.04192E-4 4.84038E-4 8.72292E-4 2.66096E-4 4.77206E-4 4.77881E-4 6.96969E-4 2.56232E-4 5.07403E-4 4.83029E-4 3.02091E-4 8.11358E-4 8.03125E-4 2.95576E-4 8.14517E-4 7.93897E-4 5.2008E-4 8.09188E-4 3.08045E-4 8.03557E-4 5.08767E-4 2.91168E-4 4.12622E-4 4.87877E-4 8.13476E-4 4.85394E-4 8.05117E-4 8.04689E-4 4.86186E-4 8.03005E-4 2.94436E-4 8.01814E-4 8.19776E-4 3.01505E-4 4.90842E-4 8.19286E-4 2.93392E-4 4.88299E-4 4.81416E-4 4.78885E-4 4.53926E-4 5.76594E-4 4.75952E-4 4.88037E-4 2.92571E-4 2.93311E-4 7.58046E-4 2.68966E-4 4.42332E-4 2.93416E-4 2.73027E-4 4.68313E-4 6.93913E-4 5.15578E-4 8.0041E-4 5.10288E-4 7.88037E-4 7.61688E-4 7.78313E-4 8.08609E-4 2.7074E-4 4.83441E-4 4.64092E-4 6.94619E-4 3.04983E-4 5.10847E-4 4.88879E-4 2.99865E-4 4.64425E-4 2.884E-4 5.10996E-4 8.19E-4 4.09172E-4 8.21127E-4 5.84253E-4 8.33494E-4 2.98446E-4 4.1315E-4 2.81683E-4 4.78226E-4 2.48099E-4 2.90115E-4 2.93534E-4 3.02373E-4 8.08376E-4 2.97533E-4 8.4745E-4 2.7208E-4 8.78911E-4 4.89751E-4 4.9259E-4 4.86174E-4 2.89961E-4 4.97885E-4 4.36234E-4 5.12655E-4 2.69032E-4 8.10049E-4 7.89272E-4 4.90679E-4 2.92684E-4 4.74084E-4 4.81626E-4 2.88488E-4 4.95873E-4 4.77394E-4 7.35845E-4 2.44388E-4 5.73403E-4 5.00467E-4 2.91855E-4 4.88976E-4 4.74769E-4 2.95867E-4 4.8412E-4 4.78743E-4 8.1958E-4 5.04521E-4 3.32003E-4 8.34168E-4 5.09769E-4 2.94166E-4 4.094E-4 8.27539E-4 7.91288E-4 4.83967E-4 4.63286E-4 4.8027E-4 5.09908E-4 4.62201E-4 2.92008E-4 4.77451E-4 4.97565E-4 2.96328E-4 4.59277E-4 4.58698E-4 2.95392E-4 4.7421E-4 8.21703E-4 8.24587E-4 7.86887E-4 4.88226E-4 8.34908E-4 5.14568E-4 4.96718E-4 4.28493E-4 0.001028409 5.04183E-4 0.001479098 4.07364E-4 3.66527E-4 6.00112E-4 9.17365E-4 8.82729E-4 5.06785E-4 4.6432E-4 0.001153133 6.16018E-4 8.27689E-4 5.09852E-4 2.90665E-4 5.07363E-4 4.90986E-4 6.96705E-4 3.18128E-4 8.77187E-4 8.38593E-4 3.17611E-4 5.099E-4 3.25356E-4 6.19964E-4 8.47415E-4 4.36188E-4 5.00539E-4 5.2909E-4 5.21049E-4 3.08288E-4 7.13194E-4 3.03654E-4 9.38392E-4 2.86591E-4 3.1729E-4 3.22285E-4 3.04136E-4 8.32058E-4 3.8396E-4 8.5474E-4 3.5748E-4 5.89447E-4 8.74059E-4 8.49328E-4 5.24081E-4 3.16277E-4 8.53488E-4 4.15667E-4 4.98506E-4 2.84874E-4 8.56021E-4 8.14372E-4 8.24581E-4 2.96828E-4 8.09628E-4 8.08456E-4 2.76828E-4 8.14382E-4 8.22227E-4 7.14385E-4 2.47822E-4 8.35761E-4 8.22209E-4 3.21879E-4 5.27597E-4 8.19089E-4 3.0204E-4 4.8431E-4 8.44275E-4 8.20623E-4 8.12757E-4 3.02961E-4 8.19133E-4 4.97398E-4 3.01948E-4 7.04276E-4 8.35628E-4 4.98501E-4 8.2107E-4 8.07578E-4 5.4264E-4 8.48456E-4 7.91635E-4 3.01415E-4 7.95578E-4 4.77845E-4 3.43025E-4 4.62201E-4 8.25689E-4 2.94192E-4 8.3537E-4 7.915E-4 4.87292E-4 8.13767E-4 7.91889E-4 5.60716E-4 8.24584E-4 3.48273E-4 2.88173E-4 7.64047E-4 3.13895E-4 7.50264E-4 2.89081E-4 2.88639E-4 8.0521E-4 7.14479E-4 8.11806E-4 8.00195E-4 7.81097E-4 7.74621E-4 4.66813E-4 4.7838E-4 4.79958E-4 2.68146E-4 4.65767E-4 8.10098E-4 4.63322E-4 3.14583E-4 5.12439E-4 8.33046E-4 3.00866E-4 8.29044E-4 3.09805E-4 7.87308E-4 7.68868E-4 4.14147E-4 5.09274E-4 5.27854E-4 5.13802E-4 3.09356E-4 6.71061E-4 2.86198E-4 4.82021E-4 2.6393E-4 3.35045E-4 2.97394E-4 2.95548E-4 8.14876E-4 3.00619E-4 5.17954E-4 2.74339E-4 8.37435E-4 8.24374E-4 8.46602E-4 7.96335E-4 2.9599E-4 5.43945E-4 4.05647E-4 4.82659E-4 2.85485E-4 8.44906E-4 4.87488E-4 7.83963E-4 2.99995E-4 8.00253E-4 8.15435E-4 2.80572E-4 4.85548E-4 8.21041E-4 4.70295E-4 2.59911E-4 5.45553E-4 8.34619E-4 2.94692E-4 5.38457E-4 8.09512E-4 2.93077E-4 7.95339E-4 5.36751E-4 5.01448E-4 4.77453E-4 2.95506E-4 8.06509E-4 8.08794E-4 3.1249E-4 4.15028E-4 8.30609E-4 7.95246E-4 5.2887E-4 7.89945E-4 8.01262E-4 5.05118E-4 8.00563E-4 2.99841E-4 7.85976E-4 4.78667E-4 3.4584E-4 7.86805E-4 5.40024E-4 2.95853E-4 5.21631E-4 5.2335E-4 8.19577E-4 4.97609E-4 8.12414E-4 4.98623E-4 4.97194E-4 2.99529E-4 3.38408E-4 4.5351E-4 2.7362E-4 4.37871E-4 2.95102E-4 2.81558E-4 4.82463E-4 4.10152E-4 5.02685E-4 4.63058E-4 4.58029E-4 8.07043E-4 4.66906E-4 4.83301E-4 8.41742E-4 3.14455E-4 7.78742E-4 7.86304E-4 4.19687E-4 3.0949E-4 5.5137E-4 8.36891E-4 3.12453E-4 8.09228E-4 2.96513E-4 8.05208E-4 7.77434E-4 4.21851E-4 8.14911E-4 5.36729E-4 5.48479E-4 2.89487E-4 6.75777E-4 2.873E-4 8.1156E-4 2.50194E-4 3.0028E-4 3.03128E-4 2.94141E-4 7.88172E-4 2.97778E-4 8.37277E-4 2.73358E-4 8.40155E-4 4.96598E-4 5.17972E-4 8.46479E-4 2.98154E-4 4.97218E-4 4.01762E-4 4.79867E-4 2.71603E-4 5.27328E-4 4.71073E-4 4.85188E-4 2.9951E-4 4.68542E-4 4.86561E-4 3.29095E-4 4.79889E-4 4.81609E-4 7.19542E-4 2.43298E-4 5.51447E-4 8.66635E-4 2.95091E-4 4.91673E-4 4.89385E-4 2.85879E-4 8.04785E-4 5.19736E-4 8.36469E-4 7.97388E-4 3.3672E-4 7.77647E-4 5.02076E-4 2.98698E-4 6.9057E-4 8.00712E-4 5.10143E-4 5.20075E-4 8.42492E-4 5.15888E-4 4.78235E-4 4.47798E-4 2.92916E-4 7.86363E-4 7.74799E-4 2.91745E-4 4.83774E-4 7.94107E-4 3.35907E-4 7.91156E-4 7.99016E-4 8.5828E-4 8.26186E-4 5.01007E-4 8.43565E-4 8.20276E-4 3.04939E-4 3.33857E-4 4.51914E-4 2.79445E-4 4.4583E-4 2.97017E-4 2.7698E-4 8.01852E-4 6.75612E-4 8.07302E-4 5.09544E-4 8.11891E-4 8.19559E-4 7.39005E-4 4.95727E-4 4.99061E-4 2.84125E-4 7.98025E-4 8.0336E-4 4.30815E-4 3.11268E-4 8.61765E-4 8.04833E-4 3.37543E-4 4.73425E-4 2.937E-4 4.75371E-4 4.64774E-4 6.72871E-4 7.98413E-4 8.81582E-4 8.28275E-4 2.9807E-4 4.08387E-4 2.89314E-4 4.69159E-4 2.88938E-4 2.86204E-4 3.08408E-4 2.99203E-4 7.88791E-4 3.05733E-4 8.52393E-4 2.80203E-4 8.672E-4 5.01313E-4 5.04067E-4 4.81112E-4 2.90472E-4 8.09118E-4 4.55289E-4 4.89544E-4 2.77499E-4 4.90307E-4 8.04865E-4 4.94589E-4 2.8617E-4 8.07904E-4 5.04064E-4 2.74809E-4 4.81567E-4 8.12671E-4 7.04259E-4 2.64256E-4 8.3066E-4 5.02008E-4 2.96651E-4 8.38068E-4 4.95162E-4 2.99574E-4 8.23687E-4 5.34083E-4 5.0591E-4 4.76684E-4 2.96611E-4 4.79845E-4 4.77655E-4 3.03642E-4 6.9422E-4 5.12964E-4 4.71871E-4 8.54652E-4 7.73948E-4 8.08435E-4 8.30921E-4 4.69297E-4 3.08839E-4 8.1096E-4 7.80172E-4 2.98989E-4 7.93082E-4 5.34861E-4 2.93668E-4 8.08015E-4 5.39409E-4 7.8771E-4 8.26083E-4 4.89321E-4 8.07857E-4 5.14695E-4 2.97077E-4 2.91343E-4 4.24108E-4 3.09772E-4 4.39224E-4 2.92412E-4 2.89029E-4 8.08712E-4 4.13715E-4 8.19696E-4 4.84069E-4 8.01194E-4 5.07182E-4 4.27482E-4 8.28769E-4 5.03588E-4 2.83435E-4 7.9109E-4 7.88529E-4 6.70878E-4 3.00174E-4 8.43052E-4 8.61815E-4 3.13719E-4 7.90746E-4 2.92293E-4 8.01308E-4 7.93495E-4 6.77968E-4 4.89229E-4 5.8651E-4 8.19502E-4 2.96169E-4 3.98072E-4 2.80798E-4 4.84688E-4 2.51025E-4 2.88651E-4 2.97773E-4 3.02669E-4 4.75798E-4 3.16103E-4 8.53154E-4 2.85888E-4 5.13781E-4 4.84844E-4 8.91874E-4 8.00178E-4 2.93782E-4 5.03685E-4 4.06417E-4 7.94483E-4 2.66419E-4 8.10051E-4 7.93429E-4 7.93024E-4 2.92007E-4 4.67396E-4 8.32722E-4 2.76379E-4 8.17603E-4 8.29254E-4 7.52581E-4 2.64352E-4 5.54128E-4 4.9483E-4 2.97632E-4 8.35665E-4 5.01605E-4 2.96813E-4 8.13949E-4 4.91745E-4 5.00155E-4 7.99295E-4 2.96968E-4 8.01779E-4 4.92195E-4 2.97152E-4 4.36002E-4 8.18414E-4 7.91605E-4 5.03857E-4 8.04933E-4 5.01765E-4 8.04496E-4 7.65171E-4 2.97232E-4 7.98938E-4 4.7812E-4 2.92288E-4 8.98314E-4 4.86456E-4 2.97794E-4 8.15222E-4 5.27201E-4 4.92283E-4 5.08543E-4 8.13835E-4 7.9068E-4 8.15363E-4 2.97253E-4 3.25021E-4 7.4501E-4 2.78665E-4 7.36223E-4 2.90286E-4 2.84641E-4 4.92109E-4 4.09355E-4 4.96909E-4 8.02297E-4 4.75112E-4 4.43769E-4 5.43602E-4 5.65522E-4 0.00101269 3.52673E-4 9.67161E-4 9.19441E-4 8.1145E-4 3.63719E-4 6.05504E-4 0.0010084 3.61961E-4 5.51673E-4 3.2875E-4 8.85566E-4 6.20666E-4 4.52078E-4 4.77145E-4 5.33077E-4 8.27673E-4 2.99097E-4 6.7622E-4 2.89326E-4 8.4159E-4 2.49792E-4 2.88767E-4 3.4243E-4 3.10242E-4 7.81703E-4 3.13748E-4 5.17617E-4 2.76149E-4 8.55825E-4 8.35466E-4 8.25377E-4 8.12509E-4 3.0081E-4 8.29358E-4 4.15924E-4 7.99436E-4 2.74138E-4 8.44866E-4 8.02912E-4 8.15148E-4 3.15735E-4 8.06967E-4 8.23184E-4 2.77019E-4 8.46684E-4 8.16452E-4 4.61094E-4 2.48085E-4 8.36715E-4 8.21594E-4 3.05946E-4 8.30611E-4 8.11271E-4 2.98418E-4 5.12588E-4 4.84412E-4 5.1198E-4 4.83195E-4 3.09513E-4 8.32093E-4 5.26531E-4 3.03645E-4 4.13057E-4 4.84087E-4 8.17873E-4 5.44173E-4 4.85498E-4 8.26917E-4 7.76002E-4 4.67051E-4 2.92066E-4 8.46166E-4 4.92205E-4 2.89464E-4 4.69567E-4 4.69347E-4 3.38459E-4 4.699E-4 5.09199E-4 7.96728E-4 7.96962E-4 5.38114E-4 4.89346E-4 5.02978E-4 3.0006E-4 2.93386E-4 7.60886E-4 3.18174E-4 7.45108E-4 3.06025E-4 2.8018E-4 4.81964E-4 6.74629E-4 8.13338E-4 4.89984E-4 4.78423E-4 4.40261E-4 7.92195E-4 4.94406E-4 4.81706E-4 3.19756E-4 4.698E-4 4.65262E-4 4.21361E-4 2.91279E-4 5.51674E-4 8.3004E-4 2.96784E-4 4.87025E-4 3.3071E-4 4.81717E-4 8.09934E-4 4.39974E-4 8.34227E-4 8.84198E-4 8.32696E-4 2.97306E-4 7.09325E-4 2.97746E-4 8.4343E-4 2.96214E-4 2.89076E-4 3.08731E-4 2.94188E-4 7.8531E-4 2.99312E-4 5.20348E-4 2.71777E-4 5.04328E-4 4.68565E-4 8.3135E-4 5.36322E-4 3.00523E-4 5.08544E-4 4.45956E-4 8.16608E-4 2.71785E-4 4.94534E-4 8.07436E-4 4.85108E-4 2.84473E-4 4.53286E-4 4.78265E-4 2.82593E-4 8.16481E-4 8.24875E-4 6.87076E-4 2.74859E-4 8.41379E-4 5.24431E-4 3.0001E-4 8.46863E-4 7.90817E-4 3.09367E-4 8.26426E-4 5.06359E-4 8.05444E-4 7.87555E-4 2.94558E-4 7.7952E-4 5.14963E-4 2.94591E-4 4.25068E-4 9.5597E-4 7.92674E-4 8.0211E-4 7.77603E-4 5.08848E-4 4.68825E-4 7.86544E-4 3.38926E-4 8.05769E-4 8.2278E-4 3.06847E-4 4.75469E-4 8.08183E-4 2.9818E-4 7.9912E-4 5.13588E-4 8.4159E-4 8.03014E-4 4.93711E-4 4.75329E-4 8.23843E-4 3.12828E-4 3.46673E-4 7.89689E-4 2.67112E-4 4.55568E-4 2.94524E-4 2.75072E-4 8.08586E-4 6.76801E-4 8.17842E-4 5.08207E-4 5.01104E-4 4.4151E-4 7.68096E-4 7.85656E-4 4.99427E-4 2.68446E-4 4.66738E-4 8.31303E-4 6.72542E-4 2.95227E-4 8.55428E-4 8.26233E-4 2.97481E-4 7.98592E-4 2.88204E-4 5.17159E-4 8.52408E-4 4.12572E-4 7.95496E-4 8.90134E-4 8.29904E-4 3.02266E-4 6.70043E-4 3.28763E-4 4.80484E-4 2.47573E-4 3.02164E-4 2.96875E-4 3.36984E-4 4.80846E-4 2.9809E-4 8.4649E-4 3.17596E-4 8.30115E-4 8.36212E-4 8.06339E-4 8.11257E-4 2.94114E-4 8.39675E-4 4.41044E-4 4.74202E-4 2.72021E-4 5.40046E-4 8.14858E-4 7.93939E-4 2.89601E-4 4.61553E-4 4.74068E-4 2.7427E-4 8.32736E-4 8.39965E-4 4.87988E-4 2.53154E-4 5.08001E-4 8.46179E-4 2.96845E-4 8.08575E-4 4.95274E-4 2.93691E-4 5.24045E-4 5.08411E-4 8.04637E-4 5.00682E-4 3.11345E-4 4.77166E-4 8.24169E-4 3.44733E-4 4.38886E-4 5.26527E-4 7.97447E-4 8.09174E-4 7.6663E-4 5.11695E-4 7.98449E-4 4.61849E-4 3.02053E-4 8.15368E-4 7.65397E-4 2.92977E-4 8.39881E-4 7.76156E-4 3.00113E-4 7.85818E-4 5.12264E-4 5.19597E-4 4.76555E-4 8.0704E-4 5.25379E-4 5.06177E-4 3.15317E-4 2.84666E-4 7.62255E-4 2.66792E-4 4.88335E-4 3.03113E-4 2.83394E-4 8.65371E-4 6.77166E-4 8.17915E-4 8.25132E-4 4.79441E-4 7.86479E-4 4.48891E-4 8.06184E-4 5.15217E-4 2.81997E-4 4.65985E-4 8.82708E-4 4.30595E-4 2.95014E-4 8.55069E-4 8.16594E-4 3.04713E-4 8.00814E-4 2.95175E-4 4.88898E-4 8.30057E-4 6.68402E-4 4.8823E-4 8.7665E-4 5.03462E-4 2.93997E-4 6.86878E-4 3.31542E-4 7.86283E-4 2.5011E-4 3.02984E-4 3.1721E-4 3.07183E-4 4.81551E-4 2.98015E-4 8.53606E-4 2.7385E-4 8.23839E-4 4.92602E-4 8.2351E-4 4.94806E-4 3.38113E-4 5.02313E-4 4.37456E-4 8.41159E-4 2.88344E-4 8.10598E-4 4.96791E-4 8.09585E-4 2.95669E-4 8.03512E-4 7.91075E-4 2.81351E-4 8.70687E-4 8.0788E-4 6.80761E-4 2.52312E-4 5.00462E-4 8.97693E-4 2.94102E-4 7.98893E-4 7.92462E-4 2.94483E-4 7.99511E-4 7.7445E-4 5.34457E-4 8.11023E-4 2.93215E-4 4.80624E-4 8.12393E-4 3.06535E-4 4.5735E-4 8.04242E-4 4.87638E-4 4.76934E-4 4.89215E-4 8.10848E-4 7.85037E-4 7.74447E-4 3.01856E-4 4.81965E-4 4.6632E-4 3.11639E-4 4.82554E-4 4.64893E-4 3.41243E-4 4.69E-4 5.31257E-4 4.70325E-4 8.02789E-4 7.81899E-4 5.53199E-4 8.30001E-4 2.99195E-4 3.0605E-4 7.52744E-4 2.69943E-4 4.32858E-4 3.03066E-4 2.84013E-4 4.79484E-4 4.14468E-4 8.17436E-4 4.89165E-4 5.17306E-4 8.20934E-4 7.36381E-4 4.86682E-4 8.2198E-4 2.71381E-4 7.98168E-4 7.88273E-4 6.73401E-4 3.03409E-4 5.61575E-4 8.28456E-4 3.07366E-4 4.68564E-4 2.95273E-4 4.6514E-4 4.69415E-4 4.09175E-4 4.96279E-4 8.68528E-4 5.04686E-4 3.04876E-4 6.72587E-4 3.02598E-4 8.02382E-4 2.52943E-4 2.91435E-4 2.97113E-4 2.89324E-4 7.94555E-4 2.99184E-4 5.19403E-4 2.75423E-4 5.0471E-4 4.66818E-4 4.84593E-4 5.30511E-4 3.04077E-4 8.17906E-4 4.16733E-4 4.7118E-4 2.76383E-4 8.09729E-4 0.001005059 5.06884E-4 2.92597E-4 4.64667E-4 8.0848E-4 2.76579E-4 4.74416E-4 4.85278E-4 6.94657E-4 2.63043E-4 8.03251E-4 7.88662E-4 3.06815E-4 4.93673E-4 8.10052E-4 3.12767E-4 4.73154E-4 5.12605E-4 4.8442E-4 8.31209E-4 3.01581E-4 4.85135E-4 8.00046E-4 3.03546E-4 4.28542E-4 4.80415E-4 8.21009E-4 4.86893E-4 7.59475E-4 7.98832E-4 4.95291E-4 4.57553E-4 3.02746E-4 8.25328E-4 4.89664E-4 3.02027E-4 4.69121E-4 4.79588E-4 2.97577E-4 5.56028E-4 5.02127E-4 4.95696E-4 4.70094E-4 4.73799E-4 8.18203E-4 8.15421E-4 3.00583E-4 2.97287E-4 4.87831E-4 2.70886E-4 9.07599E-4 3.00808E-4 2.77618E-4 4.76009E-4 4.20397E-4 8.17187E-4 5.01521E-4 4.65196E-4 4.41172E-4 7.90434E-4 7.79389E-4 5.18622E-4 2.80978E-4 7.91157E-4 5.01889E-4 7.09166E-4 3.03431E-4 6.14845E-4 4.93486E-4 3.06252E-4 4.60905E-4 3.13653E-4 7.95522E-4 8.21858E-4 4.21886E-4 4.75181E-4 9.1987E-4 5.55701E-4 2.93655E-4 7.00695E-4 2.91382E-4 7.94587E-4 2.49516E-4 2.87356E-4 2.95886E-4 2.90687E-4 4.70794E-4 2.94846E-4 8.41333E-4 2.74058E-4 5.03987E-4 7.75011E-4 5.07071E-4 4.6772E-4 2.90259E-4 4.9339E-4 3.93196E-4 4.6724E-4 2.72309E-4 5.05843E-4 4.73946E-4 4.84328E-4 2.99854E-4 8.06887E-4 4.95471E-4 2.75162E-4 7.9419E-4 7.77184E-4 4.34832E-4 2.57045E-4 5.08148E-4 4.81675E-4 2.94301E-4 8.24833E-4 5.00041E-4 2.94641E-4 4.76071E-4 4.91575E-4 8.62726E-4 7.90241E-4 2.96399E-4 4.79644E-4 8.1749E-4 3.01847E-4 6.91251E-4 5.12844E-4 5.04006E-4 8.17147E-4 7.63241E-4 7.97992E-4 7.74745E-4 7.53849E-4 3.27459E-4 4.89359E-4 7.96383E-4 2.94048E-4 7.92062E-4 7.91823E-4 3.22088E-4 5.24331E-4 5.32284E-4 7.94764E-4 8.21528E-4 4.89612E-4 7.95352E-4 5.1684E-4 3.06447E-4 2.94733E-4 4.87179E-4 2.75545E-4 4.41436E-4 2.92537E-4 2.78562E-4 8.0113E-4 4.23792E-4 8.3069E-4 7.78703E-4 7.72666E-4 7.63301E-4 4.43421E-4 4.76343E-4 4.79748E-4 2.8292E-4 4.83952E-4 5.49077E-4 4.55162E-4 3.25715E-4 5.27294E-4 4.88615E-4 3.0281E-4 8.59561E-4 3.02672E-4 8.05332E-4 4.93358E-4 4.09034E-4 4.68843E-4 8.68121E-4 8.22561E-4 2.90292E-4 6.65915E-4 2.88553E-4 7.91671E-4 3.47813E-4 3.78038E-4 3.96596E-4 4.04409E-4 0.001084504 4.31595E-4 7.31908E-4 3.86056E-4 6.97837E-4 6.93655E-4 0.001149178 0.001095481 3.98542E-4 8.15821E-4 4.06942E-4 7.74927E-4 3.12712E-4 5.14932E-4 4.76154E-4 8.04684E-4 2.9522E-4 7.80863E-4 4.9178E-4 2.89361E-4 8.13374E-4 5.03947E-4 6.88264E-4 2.5852E-4 8.08008E-4 7.96231E-4 3.23317E-4 9.91939E-4 0.001138151 3.74717E-4 5.18557E-4 0.001089006 6.08122E-4 8.78497E-4 3.58322E-4 4.90618E-4 8.377E-4 3.11094E-4 8.44747E-4 8.43334E-4 8.20377E-4 8.03786E-4 5.00799E-4 5.06507E-4 8.30879E-4 7.90895E-4 3.10811E-4 8.06938E-4 7.78018E-4 3.13797E-4 4.94111E-4 4.79485E-4 2.98727E-4 8.13627E-4 8.09E-4 5.3994E-4 4.8118E-4 8.1226E-4 8.05393E-4 8.2556E-4 3.24439E-4 3.01421E-4 4.59294E-4 2.93728E-4 7.63828E-4 3.16736E-4 2.90727E-4 4.89457E-4 4.26783E-4 5.14695E-4 8.40321E-4 8.06947E-4 7.77312E-4 7.37732E-4 7.72385E-4 8.07429E-4 2.76425E-4 5.36612E-4 5.11451E-4 4.03348E-4 3.48142E-4 5.19029E-4 8.31699E-4 2.96888E-4 7.95014E-4 2.94845E-4 8.26237E-4 7.81203E-4 7.13466E-4 4.91589E-4 8.84185E-4 5.43994E-4 2.98483E-4 6.74191E-4 2.91955E-4 4.79343E-4 2.49258E-4 2.92633E-4 3.17116E-4 3.11699E-4 4.82809E-4 3.05998E-4 8.44437E-4 2.77407E-4 0.001002097 4.96493E-4 9.04875E-4 7.82783E-4 2.91801E-4 8.13071E-4 4.21467E-4 7.75613E-4 2.70511E-4 4.93405E-4 7.8626E-4 7.65302E-4 2.97206E-4 4.62734E-4 7.83818E-4 2.84703E-4 3.97961E-4 5.01387E-4 6.81194E-4 2.52189E-4 5.19705E-4 7.97509E-4 3.38304E-4 8.2247E-4 4.97837E-4 3.06202E-4 8.3419E-4 7.77466E-4 7.95555E-4 4.95756E-4 3.37548E-4 3.86809E-4 4.81573E-4 3.02266E-4 5.90442E-4 7.86752E-4 7.7159E-4 7.76442E-4 3.86378E-4 8.05446E-4 3.93737E-4 7.51662E-4 3.04652E-4 4.9067E-4 7.82439E-4 2.95917E-4 4.74268E-4 4.66249E-4 3.30456E-4 7.81247E-4 5.11133E-4 4.8894E-4 7.95742E-4 7.72976E-4 4.95252E-4 7.89091E-4 2.99437E-4 3.01153E-4 4.421E-4 2.81468E-4 4.43206E-4 2.94488E-4 2.83244E-4 4.73241E-4 4.07521E-4 4.9388E-4 4.5781E-4 7.83414E-4 4.63764E-4 7.31002E-4 8.04357E-4 5.18392E-4 2.74485E-4 7.73666E-4 7.76801E-4 6.80218E-4 3.08624E-4 5.67296E-4 4.95231E-4 3.0101E-4 5.0706E-4 2.96581E-4 4.72304E-4 8.01162E-4 6.59882E-4 5.061E-4 5.67672E-4 5.0051E-4 2.9837E-4 4.21791E-4 2.92063E-4 8.03403E-4 2.50692E-4 3.38661E-4 3.13387E-4 3.36595E-4 4.80208E-4 2.98634E-4 6.45981E-4 2.82549E-4 8.40578E-4 7.78517E-4 8.10137E-4 8.10682E-4 2.96423E-4 5.40439E-4 4.02781E-4 4.76842E-4 3.1972E-4 7.97821E-4 4.96598E-4 7.79602E-4 3.02723E-4 3.71475E-4 4.79325E-4 2.83496E-4 3.81591E-4 4.94131E-4 4.39526E-4 2.68234E-4 8.10341E-4 5.05763E-4 2.96444E-4 8.02784E-4 7.72206E-4 2.91864E-4 4.93182E-4 7.89829E-4 7.72025E-4 4.98042E-4 3.00042E-4 3.82241E-4 7.85769E-4 3.08482E-4 6.79039E-4 8.02301E-4 7.90015E-4 4.97403E-4 3.79178E-4 8.06619E-4 3.86501E-4 4.53921E-4 3.15482E-4 7.83111E-4 5.23127E-4 2.97787E-4 4.79202E-4 4.65349E-4 2.97596E-4 4.69303E-4 4.83965E-4 4.91611E-4 8.18405E-4 7.75407E-4 4.99578E-4 8.06427E-4 2.98857E-4 2.84266E-4 7.53527E-4 2.82344E-4 7.26984E-4 2.9804E-4 2.82568E-4 8.03702E-4 4.18439E-4 8.08209E-4 4.85889E-4 4.57853E-4 7.99485E-4 5.75356E-4 5.1866E-4 5.22606E-4 2.8022E-4 8.04226E-4 7.91074E-4 4.29085E-4 3.13762E-4 5.23464E-4 8.26783E-4 3.04696E-4 4.74723E-4 2.99076E-4 8.77822E-4 7.69636E-4 6.73936E-4 5.11859E-4 8.87784E-4 5.55612E-4 3.3302E-4 6.71286E-4 2.91191E-4 7.92991E-4 2.57078E-4 3.0662E-4 3.14948E-4 3.06214E-4 4.90941E-4 3.13459E-4 5.19012E-4 2.8996E-4 8.22428E-4 7.85353E-4 8.19046E-4 5.44075E-4 3.1588E-4 7.97917E-4 4.12821E-4 4.79072E-4 2.69924E-4 5.03609E-4 7.91589E-4 5.13726E-4 2.9197E-4 3.71361E-4 8.22972E-4 2.80906E-4 3.98074E-4 4.92748E-4 7.05929E-4 2.87791E-4 8.06756E-4 4.99299E-4 2.9748E-4 5.09812E-4 8.05197E-4 2.93833E-4 4.88686E-4 5.56102E-4 5.30339E-4 7.85076E-4 3.03141E-4 3.86488E-4 4.83748E-4 2.90725E-4 4.18851E-4 8.1129E-4 5.17883E-4 7.94461E-4 3.98499E-4 4.90203E-4 3.78698E-4 4.52524E-4 2.92153E-4 8.94267E-4 4.94419E-4 3.02811E-4 7.92662E-4 7.69383E-4 3.07388E-4 7.80277E-4 7.79216E-4 7.95961E-4 4.95059E-4 4.84573E-4 8.00012E-4 5.23478E-4 3.16724E-4 3.60008E-4 4.40587E-4 2.69487E-4 4.32624E-4 2.88639E-4 2.98558E-4 4.71248E-4 6.65436E-4 7.98142E-4 7.76987E-4 7.56132E-4 4.80227E-4 4.22521E-4 4.60846E-4 8.11241E-4 2.73287E-4 8.00629E-4 5.02751E-4 6.73087E-4 3.14493E-4 8.31508E-4 8.13619E-4 3.01213E-4 4.6698E-4 2.90643E-4 4.97458E-4 7.9254E-4 4.18723E-4 5.13651E-4 9.25659E-4 8.04959E-4 2.97555E-4 6.62618E-4 2.89893E-4 4.82067E-4 2.97669E-4 3.08125E-4 3.13452E-4 2.98442E-4 4.73309E-4 3.02568E-4 5.115E-4 2.79824E-4 8.35448E-4 4.94591E-4 8.52624E-4 4.96355E-4 3.00159E-4 8.08072E-4 4.10692E-4 8.05824E-4 2.79961E-4 5.00166E-4 7.78992E-4 7.63534E-4 3.44094E-4 3.96948E-4 8.05943E-4 2.89442E-4 3.97041E-4 4.96673E-4 4.40567E-4 2.48452E-4 7.91765E-4 7.8272E-4 3.05658E-4 8.37373E-4 5.05888E-4 3.07308E-4 8.1435E-4 7.6711E-4 7.82538E-4 5.05534E-4 3.06974E-4 4.09496E-4 9.83073E-4 3.04019E-4 4.18578E-4 5.00229E-4 7.94949E-4 7.96921E-4 3.83666E-4 5.08905E-4 3.80255E-4 4.69519E-4 2.92267E-4 7.95017E-4 4.85819E-4 3.19165E-4 8.16018E-4 8.0632E-4 3.03421E-4 4.93578E-4 4.99756E-4 4.83333E-4 4.77619E-4 8.01655E-4 7.75675E-4 7.95793E-4 3.31493E-4 2.95275E-4 4.42705E-4 2.95798E-4 4.55868E-4 3.13485E-4 2.83758E-4 8.17277E-4 4.2299E-4 8.01408E-4 5.31752E-4 4.63927E-4 7.80766E-4 7.70287E-4 7.92341E-4 8.09976E-4 2.85337E-4 7.95071E-4 7.70065E-4 4.28223E-4 3.06113E-4 8.44237E-4 8.42988E-4 3.45821E-4 4.75298E-4 2.93305E-4 7.92584E-4 5.24581E-4 6.9894E-4 4.81133E-4 5.25988E-4 4.95844E-4 2.94266E-4 3.93973E-4 2.89484E-4 8.00552E-4 2.59429E-4 3.01957E-4 3.47201E-4 2.9391E-4 4.73846E-4 2.97062E-4 5.29638E-4 3.15463E-4 5.22181E-4 4.74991E-4 8.0945E-4 5.04656E-4 3.02883E-4 8.10043E-4 4.48823E-4 8.38602E-4 3.19921E-4 5.00563E-4 7.96239E-4 5.04089E-4 2.92491E-4 4.17641E-4 4.70297E-4 2.75307E-4 3.78073E-4 5.5812E-4 4.36946E-4 2.91255E-4 8.14737E-4 5.0181E-4 2.97701E-4 4.95217E-4 7.95607E-4 3.14209E-4 8.2594E-4 5.03247E-4 5.00414E-4 8.09149E-4 3.10735E-4 3.93206E-4 5.05933E-4 2.95565E-4 4.22464E-4 9.38498E-4 4.91213E-4 8.06491E-4 3.84669E-4 8.03437E-4 3.85011E-4 4.6589E-4 3.76272E-4 8.03799E-4 7.6174E-4 2.9417E-4 7.87129E-4 7.6169E-4 3.41431E-4 4.86301E-4 4.82779E-4 4.69082E-4 4.54013E-4 8.32087E-4 7.83236E-4 8.03029E-4 3.02661E-4 3.15344E-4 4.52757E-4 2.7257E-4 4.34484E-4 2.91054E-4 2.8831E-4 4.75639E-4 4.11139E-4 8.08829E-4 7.76389E-4 4.8285E-4 4.40139E-4 4.3324E-4 5.27797E-4 4.95714E-4 3.22585E-4 8.08368E-4 7.83697E-4 4.23221E-4 3.19601E-4 5.25246E-4 8.36271E-4 3.1863E-4 7.94175E-4 2.99312E-4 4.93617E-4 5.15824E-4 6.65011E-4 7.66646E-4 8.77595E-4 8.29631E-4 3.94019E-4 6.94662E-4 3.10328E-4 5.33627E-4 2.90538E-4 3.48581E-4 3.63254E-4 3.73039E-4 9.72163E-4 3.88272E-4 6.49801E-4 3.37228E-4 6.38637E-4 9.54262E-4 6.5083E-4 7.05458E-4 4.38277E-4 6.97989E-4 5.63811E-4 6.61175E-4 3.94649E-4 0.001152281 6.94969E-4 0.00110222 4.30118E-4 5.45721E-4 5.63108E-4 3.20291E-4 4.09691E-4 8.14345E-4 6.92104E-4 2.59763E-4 8.10004E-4 5.17281E-4 2.96445E-4 5.12429E-4 8.08319E-4 2.99258E-4 7.96107E-4 5.0375E-4 5.00491E-4 4.76013E-4 3.23184E-4 4.17186E-4 7.97636E-4 3.11405E-4 6.97591E-4 5.31152E-4 4.92278E-4 4.95337E-4 3.74489E-4 5.12998E-4 3.77558E-4 7.75954E-4 3.04045E-4 8.08311E-4 4.94189E-4 3.03738E-4 8.11186E-4 5.28344E-4 3.02572E-4 7.77059E-4 5.12056E-4 5.16449E-4 7.8572E-4 4.8377E-4 4.71723E-4 8.24567E-4 3.04948E-4 2.84987E-4 4.40323E-4 2.68811E-4 4.43213E-4 2.8934E-4 2.81074E-4 4.94275E-4 6.83575E-4 5.18271E-4 7.76076E-4 8.07543E-4 4.73454E-4 7.40103E-4 7.86961E-4 8.38164E-4 2.72941E-4 4.78662E-4 4.6924E-4 6.69417E-4 3.06723E-4 8.3313E-4 5.46099E-4 3.40152E-4 7.91918E-4 3.08474E-4 4.79068E-4 7.80376E-4 4.20664E-4 7.83129E-4 8.72671E-4 5.06535E-4 2.86058E-4 6.45102E-4 3.50788E-4 8.57742E-4 2.69743E-4 3.2093E-4 3.35258E-4 2.90872E-4 4.84884E-4 2.94814E-4 8.31849E-4 2.74311E-4 5.07366E-4 4.71506E-4 5.05428E-4 8.16794E-4 2.97256E-4 5.07884E-4 4.01673E-4 7.74966E-4 2.75825E-4 5.23595E-4 0.00180719 5.34342E-4 3.25146E-4 3.73001E-4 8.21632E-4 2.73907E-4 3.76574E-4 7.9001E-4 4.5097E-4 2.45523E-4 4.98688E-4 7.93119E-4 3.48691E-4 8.0382E-4 7.64534E-4 2.91262E-4 4.9388E-4 4.70971E-4 4.86263E-4 7.85268E-4 2.96026E-4 3.86401E-4 4.73286E-4 2.94204E-4 7.4249E-4 5.00493E-4 4.55261E-4 8.07338E-4 3.82138E-4 4.8781E-4 3.62993E-4 7.9699E-4 3.15866E-4 7.76571E-4 4.75748E-4 3.14469E-4 4.83722E-4 7.67172E-4 2.90956E-4 7.90018E-4 7.80314E-4 4.8899E-4 7.87108E-4 7.577E-4 5.04619E-4 4.91312E-4 3.0978E-4 2.88113E-4 4.49918E-4 3.13064E-4 7.4854E-4 2.92889E-4 2.76719E-4 4.87882E-4 6.54754E-4 7.95896E-4 4.82387E-4 7.70805E-4 4.6887E-4 7.43864E-4 4.8794E-4 4.73025E-4 2.69259E-4 4.80746E-4 4.68904E-4 4.0749E-4 2.949E-4 8.32683E-4 8.03292E-4 3.08115E-4 7.9116E-4 3.07028E-4 4.77629E-4 4.72228E-4 6.72384E-4 7.64218E-4 5.26779E-4 8.10206E-4 3.15113E-4 4.8025E-4 3.13711E-4 4.72945E-4 2.55998E-4 3.35011E-4 3.00761E-4 2.96E-4 7.82937E-4 2.96694E-4 8.07538E-4 3.15271E-4 5.0535E-4 7.96829E-4 7.82396E-4 4.9801E-4 2.88616E-4 8.03435E-4 4.60174E-4 4.76624E-4 2.74088E-4 5.03829E-4 4.67105E-4 4.75185E-4 2.88103E-4 3.73794E-4 7.73148E-4 3.12708E-4 3.81284E-4 7.91359E-4 1.01228E-4 2.5373E-4 5.01932E-4 2.90402E-4 3.01643E-4 8.62984E-4 4.38484E-4 2.84695E-4 7.77952E-4 7.44802E-4 1.29053E-4 3.36226E-4 2.84849E-4 3.76894E-4 4.82792E-4 3.31005E-4 3.6917E-4 4.39618E-4 7.9282E-4 4.40877E-4 3.09538E-4 8.51753E-4 3.76687E-4 9.4655E-5 2.9045E-4 7.85385E-4 4.73104E-4 2.93313E-4 4.63741E-4 7.50219E-4 3.05382E-4 7.54382E-4 4.34459E-4 7.60364E-4 4.72672E-4 4.67353E-4 4.87835E-4 1.02997E-4 3.0686E-4 2.82155E-4 7.81023E-4 3.08302E-4 4.37912E-4 2.89242E-4 2.81733E-4 4.68657E-4 4.06888E-4 4.32062E-4 7.79949E-4 4.91395E-4 4.47609E-4 4.14689E-4 4.03361E-4 9.0826E-5 2.62654E-4 7.68397E-4 4.86568E-4 3.63419E-4 2.95321E-4 1.01247E-4 9.0625E-5 3.31853E-4 7.74978E-4 3.15461E-4 4.05287E-4 7.98582E-4 6.53375E-4 4.74563E-4 4.56361E-4 9.0993E-5 3.03658E-4 6.73952E-4 3.60751E-4 8.324E-4 2.79683E-4 3.24922E-4 3.33481E-4 3.07042E-4 4.85362E-4 3.05433E-4 8.65233E-4 2.88089E-4 1.06149E-4 4.79436E-4 9.8198E-5 4.24547E-4 2.96342E-4 8.2884E-4 4.55614E-4 7.60457E-4 2.68018E-4 9.3043E-5 4.96297E-4 4.18863E-4 2.9896E-4 3.14917E-4 7.85376E-4 2.74345E-4 3.91952E-4 7.9376E-4 4.44644E-4 2.44354E-4 5.09001E-4 8.39603E-4 3.01792E-4 5.17359E-4 7.81504E-4 3.10956E-4 7.77092E-4 7.96071E-4 5.09777E-4 8.26363E-4 2.94793E-4 3.98752E-4 4.7799E-4 2.92738E-4 6.89458E-4 5.23395E-4 8.50616E-4 5.34462E-4 4.25504E-4 7.92379E-4 3.75544E-4 4.67195E-4 2.91425E-4 7.9064E-4 7.56032E-4 2.9959E-4 7.82773E-4 7.65459E-4 3.36189E-4 8.25876E-4 5.05109E-4 7.79808E-4 5.01555E-4 4.83952E-4 4.79115E-4 5.0049E-4 3.0123E-4 2.92747E-4 4.83217E-4 2.71355E-4 4.49661E-4 2.99227E-4 3.21608E-4 4.85281E-4 6.76755E-4 5.14213E-4 7.95355E-4 4.86743E-4 4.46727E-4 7.41933E-4 7.676E-4 7.97728E-4 2.70244E-4 4.69575E-4 4.66233E-4 4.01294E-4 3.01691E-4 5.18699E-4 8.2277E-4 3.09643E-4 7.84036E-4 2.93985E-4 7.58771E-4 4.97732E-4 6.69905E-4 7.69266E-4 8.51179E-4 5.11722E-4 2.92302E-4 4.0055E-4 2.91485E-4 4.83251E-4 2.55113E-4 3.02767E-4 3.13739E-4 2.89124E-4 4.70546E-4 2.9421E-4 8.32626E-4 2.75821E-4 5.19586E-4 4.86578E-4 8.09966E-4 5.05915E-4 2.91815E-4 7.99605E-4 4.08459E-4 4.71167E-4 2.79719E-4 8.2445E-4 5.0174E-4 4.76329E-4 2.94139E-4 3.74319E-4 8.03584E-4 2.80922E-4 3.82885E-4 4.85684E-4 4.45293E-4 2.53264E-4 5.17004E-4 8.15987E-4 3.0484E-4 5.15005E-4 7.94344E-4 2.93422E-4 7.91035E-4 4.85124E-4 4.83811E-4 7.98655E-4 2.93284E-4 3.8064E-4 7.88024E-4 3.11214E-4 6.76808E-4 5.05965E-4 4.7404E-4 7.84069E-4 3.79718E-4 4.9353E-4 3.7884E-4 4.54929E-4 2.93546E-4 7.91025E-4 4.83701E-4 3.92601E-4 5.23656E-4 4.69583E-4 3.05262E-4 4.7163E-4 8.07281E-4 4.99113E-4 7.95157E-4 7.77134E-4 5.0571E-4 4.95969E-4 3.17344E-4 2.91864E-4 7.675E-4 2.75988E-4 7.46577E-4 2.91078E-4 2.71681E-4 7.65329E-4 6.45903E-4 5.01917E-4 4.6039E-4 4.40919E-4 4.4118E-4 4.26995E-4 4.54644E-4 4.68008E-4 2.72624E-4 4.71815E-4 7.78781E-4 4.08501E-4 2.93038E-4 5.06676E-4 4.84049E-4 2.90132E-4 7.82144E-4 2.927E-4 4.61453E-4 4.54579E-4 3.98432E-4 7.65846E-4 5.29844E-4 4.98294E-4 2.99781E-4 4.06625E-4 2.8282E-4 4.74863E-4 2.48121E-4 3.04966E-4 3.0334E-4 3.05464E-4 7.99657E-4 3.09654E-4 5.17287E-4 2.75996E-4 5.04905E-4 4.92138E-4 4.84334E-4 4.8851E-4 2.93801E-4 8.10722E-4 4.16185E-4 4.80691E-4 2.67904E-4 4.82611E-4 7.8081E-4 4.94157E-4 2.94258E-4 3.76804E-4 7.79514E-4 2.76907E-4 3.85425E-4 4.93519E-4 6.52092E-4 2.87486E-4 7.88372E-4 5.09877E-4 3.00483E-4 5.07268E-4 4.83769E-4 2.98436E-4 4.87494E-4 4.71561E-4 4.81844E-4 7.88825E-4 2.94834E-4 3.94073E-4 7.82596E-4 2.94938E-4 6.82375E-4 7.99655E-4 4.9733E-4 8.02618E-4 3.80537E-4 7.9121E-4 3.85639E-4 7.66133E-4 2.94738E-4 4.96786E-4 4.70676E-4 2.99064E-4 4.8318E-4 4.68095E-4 3.08776E-4 4.77152E-4 4.86024E-4 4.94329E-4 6.3518E-4 8.06722E-4 8.04389E-4 7.84682E-4 3.00205E-4 2.81462E-4 7.25225E-4 2.77059E-4 4.5122E-4 2.87756E-4 2.77211E-4 7.88871E-4 6.64201E-4 7.86021E-4 7.54985E-4 4.92455E-4 7.78506E-4 7.11928E-4 7.67557E-4 7.82685E-4 2.70991E-4 7.80349E-4 7.74527E-4 4.27442E-4 2.95199E-4 8.16864E-4 8.09134E-4 3.00551E-4 4.68014E-4 2.99297E-4 4.72157E-4 5.11513E-4 4.08952E-4 7.67056E-4 8.47621E-4 4.90439E-4 2.84455E-4 6.52525E-4 2.78744E-4 4.65632E-4 2.43083E-4 2.92867E-4 2.96373E-4 2.85749E-4 7.88956E-4 3.12044E-4 5.10528E-4 3.15696E-4 4.93128E-4 7.62067E-4 5.04496E-4 7.49106E-4 2.84849E-4 4.96329E-4 3.88108E-4 7.28474E-4 2.6303E-4 4.82916E-4 7.52634E-4 7.59052E-4 2.84256E-4 3.60447E-4 7.65574E-4 3.08379E-4 3.72287E-4 7.88964E-4 6.39772E-4 2.45982E-4 7.72955E-4 4.85948E-4 2.88463E-4 4.85402E-4 7.73661E-4 2.8675E-4 4.77223E-4 4.58964E-4 4.75644E-4 4.60443E-4 3.32131E-4 3.7088E-4 4.76202E-4 2.9114E-4 6.69667E-4 4.95787E-4 8.09768E-4 5.26725E-4 3.67941E-4 8.23444E-4 3.80454E-4 7.36876E-4 2.91413E-4 7.54737E-4 7.62218E-4 2.92274E-4 5.10041E-4 5.15939E-4 3.07051E-4 4.69626E-4 5.22175E-4 5.27124E-4 5.30008E-4 6.43299E-4 5.64794E-4 9.82927E-4 3.71306E-4 3.56366E-4 8.76068E-4 2.75397E-4 7.22796E-4 2.9549E-4 3.12078E-4 4.87953E-4 6.51858E-4 6.26674E-4 4.68664E-4 7.83781E-4 7.30127E-4 4.44158E-4 8.14998E-4 7.63706E-4 2.66271E-4 5.10234E-4 4.74387E-4 4.21578E-4 3.08829E-4 8.52025E-4 7.92166E-4 2.96787E-4 7.80882E-4 2.94018E-4 4.98055E-4 4.87489E-4 4.13675E-4 4.77568E-4 8.76483E-4 8.11542E-4 3.01722E-4 4.19429E-4 2.85983E-4 4.80302E-4 2.54965E-4 2.86816E-4 3.14507E-4 2.9453E-4 7.99759E-4 3.00461E-4 5.16786E-4 2.90889E-4 8.4127E-4 7.57874E-4 5.00115E-4 7.87641E-4 3.00326E-4 8.13804E-4 4.05886E-4 4.7405E-4 2.8054E-4 8.01896E-4 5.06671E-4 4.78517E-4 2.88695E-4 3.91463E-4 8.02066E-4 2.91415E-4 3.85442E-4 5.04994E-4 4.47073E-4 2.61022E-4 5.07918E-4 8.01534E-4 3.01401E-4 5.14696E-4 4.68854E-4 2.90888E-4 4.70933E-4 7.76447E-4 7.80665E-4 7.49233E-4 2.95773E-4 3.79404E-4 4.74066E-4 2.89199E-4 6.83443E-4 7.76296E-4 4.97751E-4 4.77622E-4 3.75764E-4 7.98992E-4 3.88163E-4 4.59296E-4 0.00118048 4.87901E-4 7.68663E-4 2.99197E-4 7.72132E-4 7.62934E-4 2.97267E-4 4.97891E-4 4.88159E-4 7.87941E-4 4.93003E-4 7.76712E-4 5.04541E-4 4.89458E-4 2.98174E-4 2.97087E-4 4.4706E-4 2.79406E-4 4.43957E-4 2.91853E-4 2.95491E-4 8.01525E-4 4.17167E-4 7.97547E-4 7.7379E-4 7.77916E-4 4.57881E-4 7.77213E-4 8.12154E-4 5.07773E-4 2.69924E-4 8.10245E-4 4.9037E-4 4.13535E-4 2.93214E-4 5.29096E-4 8.19537E-4 3.04794E-4 4.75133E-4 3.09584E-4 7.93395E-4 8.70908E-4 6.5996E-4 7.74688E-4 8.64144E-4 7.92057E-4 2.94357E-4 6.65243E-4 2.87597E-4 4.68296E-4 2.474E-4 2.84425E-4 2.93924E-4 3.00237E-4 8.03184E-4 3.02179E-4 8.10015E-4 3.27274E-4 8.33464E-4 4.94972E-4 8.08262E-4 4.98851E-4 2.91141E-4 4.98857E-4 3.92074E-4 4.68376E-4 2.68418E-4 4.83139E-4 4.7426E-4 4.91382E-4 2.96161E-4 3.84985E-4 7.99321E-4 2.74924E-4 4.00578E-4 7.94071E-4 6.61126E-4 2.48104E-4 7.86892E-4 7.99831E-4 2.95666E-4 4.90666E-4 7.87296E-4 2.99511E-4 8.00828E-4 7.73812E-4 7.8115E-4 7.63431E-4 2.95941E-4 3.83995E-4 7.90851E-4 2.9265E-4 4.30911E-4 4.90017E-4 7.885E-4 4.96057E-4 3.82026E-4 4.87706E-4 3.66851E-4 7.55198E-4 2.94572E-4 7.74007E-4 7.48972E-4 2.89991E-4 7.65171E-4 7.52503E-4 2.94346E-4 7.64087E-4 4.90621E-4 7.86054E-4 7.77466E-4 7.66598E-4 5.00556E-4 8.21E-4 2.94381E-4 2.84056E-4 4.96493E-4 2.67879E-4 4.29712E-4 3.0319E-4 2.74536E-4 4.79161E-4 4.0746E-4 5.01192E-4 4.68257E-4 7.78593E-4 4.45731E-4 7.12915E-4 7.63607E-4 7.88993E-4 2.67322E-4 5.03029E-4 4.69091E-4 6.40912E-4 3.01297E-4 4.89044E-4 7.83927E-4 3.21422E-4 7.71623E-4 3.00596E-4 4.8657E-4 7.72479E-4 4.22607E-4 7.80274E-4 5.38136E-4 8.03125E-4 3.00081E-4 6.6815E-4 2.99613E-4 7.8506E-4 2.52264E-4 3.02254E-4 3.11424E-4 2.92875E-4 4.89795E-4 3.15341E-4 5.20089E-4 2.89743E-4 8.22719E-4 4.99512E-4 5.00732E-4 7.91757E-4 2.91619E-4 8.08604E-4 4.09077E-4 4.88355E-4 2.70766E-4 8.0249E-4 4.80908E-4 4.85184E-4 2.89736E-4 3.76942E-4 7.98349E-4 2.85923E-4 3.85718E-4 7.97625E-4 6.50027E-4 2.48054E-4 5.15557E-4 4.76134E-4 3.0006E-4 8.188E-4 4.90224E-4 2.90798E-4 4.68636E-4 7.57434E-4 5.00227E-4 7.82243E-4 2.91105E-4 3.88278E-4 7.97276E-4 2.99454E-4 4.23811E-4 4.84389E-4 7.94053E-4 7.84666E-4 3.89974E-4 4.92568E-4 3.77293E-4 7.58828E-4 3.05834E-4 4.88859E-4 4.60349E-4 2.93255E-4 4.7866E-4 4.72307E-4 2.95255E-4 7.78877E-4 4.93628E-4 7.70383E-4 4.82137E-4 7.83195E-4 7.58136E-4 5.09593E-4 3.06077E-4 2.90023E-4 7.47104E-4 2.68976E-4 4.53514E-4 3.12146E-4 2.82108E-4 8.07095E-4 6.49272E-4 7.78892E-4 5.27513E-4 7.61199E-4 4.55055E-4 7.76451E-4 7.81249E-4 7.67645E-4 2.70344E-4 7.62136E-4 4.7588E-4 4.02342E-4 3.05576E-4 5.08412E-4 4.88273E-4 3.88972E-4 5.50796E-4 3.47952E-4 5.60717E-4 9.1762E-4 7.78199E-4 5.68137E-4 6.25197E-4 9.42456E-4 3.45131E-4 7.12697E-4 2.97358E-4 4.91252E-4 2.62081E-4 2.84528E-4 3.0293E-4 2.84912E-4 7.53259E-4 3.0445E-4 5.08185E-4 2.66286E-4 4.85295E-4 7.49033E-4 7.70628E-4 4.84256E-4 2.87744E-4 8.29072E-4 4.45616E-4 4.97768E-4 2.74941E-4 4.99027E-4 4.78855E-4 7.94076E-4 2.9324E-4 3.82973E-4 7.88209E-4 2.76795E-4 3.97084E-4 5.03066E-4 4.25069E-4 2.42994E-4 4.7946E-4 4.85685E-4 3.1023E-4 4.96302E-4 8.07705E-4 2.89971E-4 4.731E-4 7.8388E-4 4.97603E-4 4.7856E-4 2.95535E-4 3.8881E-4 7.92714E-4 3.02819E-4 4.38445E-4 8.03973E-4 4.96238E-4 4.7651E-4 3.68366E-4 5.00651E-4 3.75964E-4 4.58111E-4 2.9225E-4 7.87711E-4 4.72086E-4 2.96008E-4 4.70413E-4 4.76256E-4 3.00774E-4 4.74043E-4 4.93577E-4 7.86159E-4 4.92728E-4 7.94446E-4 7.83807E-4 7.89453E-4 2.95211E-4 2.90047E-4 9.72342E-4 3.102E-4 7.42782E-4 2.95522E-4 2.91826E-4 7.78215E-4 6.5764E-4 7.91007E-4 4.84323E-4 7.76075E-4 7.75585E-4 4.51305E-4 4.8224E-4 8.05075E-4 2.69433E-4 7.68127E-4 4.85689E-4 4.3113E-4 2.99311E-4 5.104E-4 5.01112E-4 3.08321E-4 4.79267E-4 3.08536E-4 4.7916E-4 7.97573E-4 8.13114E-4 4.99699E-4 8.50098E-4 5.02927E-4 2.90464E-4 4.0101E-4 2.81198E-4 4.74346E-4 2.56649E-4 2.93358E-4 2.97327E-4 2.99069E-4 8.08871E-4 3.04447E-4 5.15422E-4 2.74327E-4 8.30897E-4 7.69933E-4 7.8793E-4 7.64333E-4 2.97615E-4 7.93298E-4 4.16167E-4 4.80524E-4 2.72593E-4 8.05711E-4 4.90728E-4 4.77734E-4 2.84976E-4 3.65859E-4 7.58618E-4 2.82549E-4 3.60648E-4 4.68289E-4 6.25897E-4 2.50041E-4 7.41253E-4 4.7169E-4 3.06375E-4 4.71755E-4 7.51535E-4 3.02365E-4 4.45744E-4 4.3964E-4 7.58178E-4 4.64445E-4 2.93072E-4 3.52073E-4 4.4842E-4 2.97266E-4 6.21357E-4 7.51566E-4 7.30749E-4 4.53702E-4 3.54181E-4 4.5752E-4 3.46517E-4 4.21526E-4 2.89156E-4 4.47344E-4 4.22043E-4 2.90128E-4 7.38171E-4 4.54962E-4 2.86519E-4 7.3764E-4 4.82412E-4 4.52865E-4 7.42179E-4 4.66216E-4 7.45822E-4 4.91543E-4 2.96395E-4 2.83908E-4 4.18309E-4 2.75749E-4 6.91896E-4 3.04375E-4 2.8E-4 4.49767E-4 6.20976E-4 4.78949E-4 4.56298E-4 7.4648E-4 4.34641E-4 3.99324E-4 4.51779E-4 7.60548E-4 2.71152E-4 7.71073E-4 4.60433E-4 3.9457E-4 2.94272E-4 5.24126E-4 4.78154E-4 3.13091E-4 4.4397E-4 3.05294E-4 7.36908E-4 4.76494E-4 3.86212E-4 7.24545E-4 8.47204E-4 7.58253E-4 2.90662E-4 3.91477E-4 2.83879E-4 7.47475E-4 2.60974E-4 3.09859E-4 3.11368E-4 3.08727E-4 7.56394E-4 3.0231E-4 7.81996E-4 2.75449E-4 4.97461E-4 7.44236E-4 4.77183E-4 4.50992E-4 2.88473E-4 7.629E-4 3.98133E-4 4.62944E-4 2.82482E-4 7.68174E-4 7.32811E-4 4.80893E-4 3.02091E-4 3.47694E-4 7.46825E-4 2.80786E-4 3.64475E-4 7.47839E-4 4.06089E-4 2.46246E-4 7.38441E-4 4.75594E-4 2.94713E-4 7.61853E-4 4.62421E-4 2.87942E-4 7.59625E-4 7.00798E-4 4.85642E-4 4.47717E-4 2.9316E-4 3.59045E-4 7.50402E-4 3.01442E-4 6.28846E-4 7.50179E-4 4.65555E-4 7.52584E-4 3.58785E-4 4.73481E-4 3.46493E-4 4.37281E-4 2.91808E-4 4.66558E-4 7.37207E-4 2.99942E-4 7.27993E-4 4.65532E-4 2.927E-4 4.3602E-4 4.60503E-4 7.42297E-4 7.26425E-4 7.43544E-4 4.61879E-4 7.73636E-4 2.96884E-4 2.82615E-4 4.12697E-4 1.09416E-4 7.11667E-4 2.93689E-4 2.91436E-4 4.50538E-4 4.08307E-4 4.91437E-4 4.50344E-4 4.40982E-4 4.2753E-4 7.09819E-4 4.75845E-4 7.85876E-4 1.12866E-4 4.73462E-4 7.74186E-4 4.07266E-4 3.0209E-4 5.23137E-4 4.84298E-4 3.19787E-4 4.47004E-4 3.28985E-4 4.50917E-4 7.68515E-4 6.21639E-4 4.69661E-4 8.7838E-4 7.67875E-4 2.97243E-4 6.4861E-4 2.94779E-4 7.64426E-4 2.54632E-4 2.9587E-4 3.1638E-4 2.97371E-4 4.67889E-4 3.1067E-4 8.10843E-4 2.78387E-4 8.39337E-4 4.74322E-4 4.91367E-4 4.48019E-4 2.92689E-4 4.8105E-4 3.85293E-4 7.61767E-4 2.88224E-4 7.80128E-4 7.65436E-4 5.29832E-4 3.35867E-4 4.32496E-4 9.00722E-4 3.71688E-4 4.59335E-4 5.83834E-4 7.83073E-4 2.97354E-4 4.88155E-4 7.88039E-4 2.9719E-4 7.87423E-4 7.55666E-4 2.99711E-4 7.54772E-4 4.86606E-4 7.79067E-4 7.73248E-4 3.07922E-4 3.84065E-4 4.6381E-4 2.99273E-4 3.99778E-4 4.72239E-4 7.84337E-4 7.62406E-4 3.71738E-4 4.68706E-4 3.61054E-4 7.26848E-4 2.95717E-4 7.48997E-4 7.267E-4 3.16343E-4 4.60238E-4 4.47699E-4 3.04824E-4 7.71648E-4 4.94284E-4 7.70658E-4 4.42351E-4 7.6899E-4 7.5001E-4 5.03718E-4 3.0303E-4 2.97261E-4 7.11822E-4 2.72536E-4 7.25854E-4 2.98612E-4 2.87698E-4 4.74097E-4 4.18216E-4 7.82617E-4 4.47765E-4 7.53724E-4 7.84923E-4 6.7527E-4 7.46576E-4 4.83081E-4 2.77325E-4 7.89384E-4 4.66585E-4 6.38343E-4 2.95337E-4 8.50178E-4 7.85155E-4 3.10872E-4 7.59595E-4 3.12568E-4 4.5623E-4 7.69978E-4 6.4009E-4 4.70542E-4 8.9698E-4 7.75686E-4 2.93133E-4 6.43516E-4 3.01802E-4 4.49347E-4 2.66713E-4 3.02826E-4 3.09006E-4 3.00134E-4 4.54581E-4 3.81844E-4 7.9416E-4 2.74696E-4 8.14709E-4 4.78632E-4 4.7704E-4 4.56217E-4 3.02461E-4 7.67153E-4 3.91686E-4 5.12054E-4 2.77926E-4 8.14554E-4 7.45394E-4 7.63087E-4 3.00574E-4 3.54673E-4 7.78754E-4 2.96428E-4 3.79503E-4 4.78101E-4 6.4339E-4 2.52621E-4 4.70277E-4 7.67801E-4 3.18795E-4 7.82662E-4 7.45451E-4 2.92064E-4 7.53845E-4 9.2655E-4 7.76458E-4 7.51406E-4 3.04884E-4 3.77323E-4 7.78122E-4 2.96981E-4 3.9379E-4 4.68851E-4 4.53969E-4 7.92675E-4 3.69804E-4 7.91551E-4 3.63476E-4 7.19348E-4 3.11238E-4 7.47165E-4 0.001258779 3.3032E-4 7.62267E-4 7.35865E-4 3.03763E-4 4.60973E-4 7.91712E-4 7.97116E-4 4.5553E-4 7.73865E-4 7.71632E-4 7.87467E-4 3.09922E-4 2.90915E-4 7.03111E-4 2.79131E-4 4.15284E-4 2.99262E-4 2.95665E-4 4.735E-4 4.03039E-4 7.82639E-4 7.20118E-4 7.73723E-4 8.61201E-4 4.09475E-4 4.49451E-4 4.48695E-4 2.77809E-4 4.78963E-4 4.5313E-4 3.86834E-4 3.11242E-4 5.6689E-4 4.88072E-4 3.03576E-4 4.4775E-4 3.0013E-4 4.56677E-4 4.55649E-4 4.11076E-4 8.11926E-4 8.99487E-4 7.69371E-4 2.97476E-4 3.85443E-4 2.88035E-4 4.58247E-4 2.61213E-4 2.9459E-4 3.1309E-4 3.04201E-4 4.64947E-4 3.11464E-4 4.93307E-4 2.82793E-4 8.29314E-4 4.71221E-4 4.69044E-4 4.42519E-4 2.99421E-4 7.92391E-4 4.08813E-4 7.34995E-4 2.74436E-4 7.70445E-4 7.57994E-4 7.56921E-4 3.07722E-4 3.59219E-4 7.7848E-4 2.8145E-4 3.78822E-4 4.85692E-4 6.35312E-4 2.56051E-4 4.6984E-4 7.78988E-4 2.99347E-4 7.75683E-4 4.6764E-4 2.99928E-4 4.44004E-4 4.43796E-4 4.63498E-4 7.70809E-4 3.01424E-4 3.71556E-4 7.88407E-4 3.04319E-4 6.41199E-4 4.95858E-4 4.94566E-4 7.73613E-4 3.76136E-4 7.75721E-4 3.64121E-4 4.40515E-4 3.0264E-4 4.66587E-4 4.49621E-4 2.95486E-4 7.61356E-4 4.63453E-4 2.93915E-4 4.40472E-4 4.60745E-4 7.64867E-4 4.55129E-4 7.65964E-4 4.92569E-4 4.77034E-4 3.00524E-4 2.97361E-4 4.09294E-4 2.67432E-4 4.17128E-4 3.0498E-4 2.81814E-4 7.81207E-4 6.25808E-4 7.85058E-4 4.4976E-4 4.52094E-4 4.47657E-4 6.78984E-4 4.64584E-4 7.39981E-4 2.77384E-4 7.75868E-4 7.68253E-4 6.46399E-4 3.10467E-4 5.15983E-4 8.10148E-4 3.18499E-4 7.62303E-4 3.00099E-4 4.88605E-4 7.90854E-4 6.34049E-4 7.31361E-4 5.66986E-4 4.77946E-4 3.04713E-4 3.94867E-4 2.89997E-4 4.57339E-4 2.7064E-4 3.02652E-4 3.04701E-4 2.92989E-4 7.88273E-4 3.0934E-4 8.08936E-4 2.86549E-4 8.41138E-4 4.69038E-4 7.74652E-4 4.69004E-4 3.02049E-4 4.87826E-4 3.8817E-4 7.52671E-4 2.74831E-4 7.49241E-4 4.69304E-4 7.65244E-4 2.98423E-4 3.64761E-4 7.62563E-4 2.89071E-4 3.7729E-4 4.66293E-4 6.43457E-4 2.56194E-4 7.73871E-4 4.78746E-4 3.00201E-4 4.49434E-4 4.63399E-4 2.97735E-4 7.49652E-4 4.7177E-4 7.6254E-4 4.75025E-4 3.03184E-4 3.73357E-4 7.84789E-4 3.09531E-4 4.11547E-4 9.07072E-4 7.74139E-4 6.08937E-4 3.66952E-4 7.9203E-4 3.65882E-4 7.31231E-4 3.01191E-4 7.47625E-4 4.50013E-4 2.95868E-4 7.61587E-4 4.77443E-4 3.15961E-4 7.50518E-4 4.7788E-4 7.59878E-4 4.33119E-4 4.56158E-4 7.7226E-4 7.78335E-4 3.02309E-4 3.00331E-4 7.01014E-4 2.80422E-4 4.38439E-4 2.96232E-4 3.04137E-4 4.95566E-4 6.54851E-4 5.39232E-4 7.42666E-4 7.42785E-4 4.45543E-4 6.86394E-4 4.73576E-4 7.73167E-4 2.81228E-4 7.84993E-4 4.88246E-4 6.63627E-4 3.35559E-4 8.61142E-4 5.03709E-4 3.16603E-4 4.70821E-4 3.46909E-4 7.62251E-4 7.70076E-4 6.38495E-4 7.55478E-4 5.75054E-4 4.78983E-4 2.97875E-4 3.87409E-4 3.21106E-4 7.74554E-4 2.74518E-4 3.01977E-4 3.24767E-4 3.27304E-4 4.81803E-4 3.12733E-4 8.43245E-4 2.99416E-4 8.56915E-4 5.03193E-4 4.98457E-4 7.88659E-4 3.27573E-4 5.33461E-4 4.0822E-4 7.48584E-4 3.03274E-4 7.97847E-4 7.5777E-4 7.45982E-4 3.15413E-4 3.76899E-4 4.92026E-4 2.89631E-4 3.82617E-4 4.80148E-4 6.73769E-4 2.95018E-4 4.99583E-4 8.18823E-4 3.306E-4 7.95359E-4 7.65365E-4 3.21585E-4 7.77312E-4 7.66525E-4 7.83065E-4 5.11999E-4 3.30515E-4 3.86762E-4 8.42689E-4 3.83953E-4 6.74868E-4 5.08636E-4 4.96393E-4 8.04324E-4 4.02E-4 8.05625E-4 3.88691E-4 7.41544E-4 3.30757E-4 7.7526E-4 7.92623E-4 3.80523E-4 4.77784E-4 5.05478E-4 3.19169E-4 5.45925E-4 4.90302E-4 4.76752E-4 4.49061E-4 8.26397E-4 5.01606E-4 8.13321E-4 3.27976E-4 3.23215E-4 7.48665E-4 3.23375E-4 4.55869E-4 3.09533E-4 2.95832E-4 8.12005E-4 6.65774E-4 8.09659E-4 4.65304E-4 4.45391E-4 4.48618E-4 4.05307E-4 4.74449E-4 4.73069E-4 2.78738E-4 7.71846E-4 5.16636E-4 4.12029E-4 3.10783E-4 5.44517E-4 8.31148E-4 3.34435E-4 4.83185E-4 3.09264E-4 7.75229E-4 8.01648E-4 4.30379E-4 4.58156E-4 5.48928E-4 8.16036E-4 3.61217E-4 6.77113E-4 3.24099E-4 7.80279E-4 2.71958E-4 3.16505E-4 3.2752E-4 3.29361E-4 4.90386E-4 3.24183E-4 5.23101E-4 3.01914E-4 8.5654E-4 7.80291E-4 5.15862E-4 5.03585E-4 3.25904E-4 0.001337651 6.64362E-4 0.0012392 4.43962E-4 7.25692E-4 7.40944E-4 7.94477E-4 2.96998E-4 3.75608E-4 6.81311E-4 2.88387E-4 3.74721E-4 4.79285E-4 6.52364E-4 2.57034E-4 0.001410904 4.88997E-4 3.00236E-4 7.59652E-4 4.76613E-4 3.12734E-4 7.78062E-4 7.42451E-4 5.41688E-4 5.25994E-4 3.37987E-4 3.73646E-4 8.2441E-4 3.26287E-4 4.10527E-4 5.03786E-4 7.79939E-4 7.73188E-4 3.86775E-4 4.82303E-4 3.71998E-4 7.31358E-4 3.37251E-4 7.01409E-4 0.001023787 4.14533E-4 0.001039591 6.54822E-4 4.17938E-4 0.00105378 6.6767E-4 0.001065975 6.28773E-4 7.51118E-4 0.001124859 7.57621E-4 4.36678E-4 4.25735E-4 6.08043E-4 4.24208E-4 6.05399E-4 4.37735E-4 4.05015E-4 6.69583E-4 5.85381E-4 7.40381E-4 0.001023332 9.83641E-4 6.16431E-4 5.32878E-4 0.001095588 6.75464E-4 3.96484E-4 6.27545E-4 6.28771E-4 5.3098E-4 3.50913E-4 5.37272E-4 8.20677E-4 3.18436E-4 8.27696E-4 3.21689E-4 7.69148E-4 4.83372E-4 6.45902E-4 4.89515E-4 9.02995E-4 5.13341E-4 3.20925E-4 3.89193E-4 3.23404E-4 7.81896E-4 2.71743E-4 3.12911E-4 3.26569E-4 3.13309E-4 4.6354E-4 3.14578E-4 5.1778E-4 2.99814E-4 5.15088E-4 7.84854E-4 5.0785E-4 4.68122E-4 3.17109E-4 5.31616E-4 4.13073E-4 4.61129E-4 2.82656E-4 4.79214E-4 7.84117E-4 7.49909E-4 3.03034E-4 3.74521E-4 7.92196E-4 2.99244E-4 3.75111E-4 7.85105E-4 4.28499E-4 2.78693E-4 4.80635E-4 7.97491E-4 3.0916E-4 7.84415E-4 4.8131E-4 3.07486E-4 7.58714E-4 7.43489E-4 5.16894E-4 4.72204E-4 3.04433E-4 3.79403E-4 4.82753E-4 4.95371E-4 9.66909E-4 6.75319E-4 6.18294E-4 8.29753E-4 4.14381E-4 6.4625E-4 4.1651E-4 8.82696E-4 3.66242E-4 5.43142E-4 0.001108309 4.89401E-4 0.001126996 0.001045831 3.82844E-4 9.27677E-4 5.60245E-4 9.19659E-4 9.32466E-4 6.80455E-4 6.46003E-4 9.53291E-4 3.80787E-4 3.58814E-4 4.91104E-4 3.31645E-4 4.93898E-4 3.37833E-4 3.38805E-4 8.59087E-4 6.83806E-4 8.12739E-4 7.6802E-4 7.71764E-4 4.71999E-4 4.27037E-4 4.96185E-4 8.13911E-4 3.53668E-4 5.11436E-4 8.12619E-4 4.32606E-4 3.45973E-4 9.04585E-4 8.37416E-4 3.58647E-4 8.18154E-4 3.39958E-4 7.77752E-4 5.21192E-4 4.35306E-4 7.93563E-4 9.55346E-4 4.97395E-4 2.97308E-4 4.29594E-4 2.92591E-4 7.60115E-4 3.28063E-4 2.98375E-4 3.07532E-4 3.05071E-4 4.59516E-4 3.37957E-4 5.34122E-4 3.88871E-4 8.34839E-4 7.53576E-4 7.67313E-4 4.73294E-4 2.98319E-4 7.78968E-4 4.29441E-4 7.07927E-4 2.69912E-4 7.43466E-4 4.65196E-4 4.54733E-4 2.90723E-4 3.57455E-4 4.58581E-4 2.90099E-4 3.66126E-4 4.65151E-4 6.46728E-4 2.62899E-4 5.26365E-4 8.2925E-4 3.01385E-4 4.52047E-4 4.64604E-4 3.0313E-4 7.48357E-4 7.25986E-4 4.85115E-4 7.54033E-4 2.99309E-4 3.80657E-4 5.06212E-4 3.1085E-4 8.44023E-4 7.82804E-4 4.81391E-4 8.00446E-4 3.66121E-4 7.66925E-4 4.03239E-4 4.71068E-4 3.08645E-4 7.53108E-4 4.67886E-4 3.00842E-4 4.53772E-4 5.01782E-4 3.05222E-4 8.20595E-4 4.85717E-4 7.98173E-4 7.29856E-4 7.72695E-4 4.95442E-4 8.03673E-4 3.04011E-4 2.91744E-4 4.18555E-4 3.43054E-4 6.29225E-4 4.45503E-4 4.28746E-4 6.74336E-4 5.60391E-4 0.001087384 6.39003E-4 6.9701E-4 0.001594055 0.001054492 0.001092791 6.86339E-4 4.23491E-4 0.001102007 6.70362E-4 9.16613E-4 4.3108E-4 7.59766E-4 7.16018E-4 4.38426E-4 6.31132E-4 3.97404E-4 9.39043E-4 9.60922E-4 5.05161E-4 9.23783E-4 0.00109499 6.25789E-4 3.71079E-4 4.97504E-4 3.77235E-4 5.70932E-4 3.29287E-4 3.40015E-4 3.33991E-4 3.3073E-4 5.01118E-4 3.28661E-4 5.22913E-4 3.08331E-4 5.33232E-4 4.97179E-4 8.19351E-4 7.71618E-4 3.18463E-4 5.07145E-4 3.97328E-4 4.72945E-4 3.59286E-4 8.16481E-4 7.98371E-4 8.28004E-4 3.46969E-4 3.96453E-4 5.23829E-4 3.01994E-4 4.1079E-4 8.65439E-4 6.83923E-4 2.84533E-4 5.16122E-4 8.99389E-4 3.32435E-4 7.8273E-4 5.25954E-4 3.16823E-4 4.73732E-4 4.77879E-4 4.8821E-4 4.96842E-4 3.26458E-4 4.01481E-4 5.00514E-4 3.33965E-4 6.65421E-4 5.48019E-4 8.45348E-4 8.01414E-4 4.08787E-4 8.24103E-4 0.00121155 5.04953E-4 3.28287E-4 7.87858E-4 7.67338E-4 3.31907E-4 7.88943E-4 7.81591E-4 3.55134E-4 4.93555E-4 4.9566E-4 7.95248E-4 7.70209E-4 5.13733E-4 8.17097E-4 5.19966E-4 3.26446E-4 3.11717E-4 4.45695E-4 3.06181E-4 4.35913E-4 3.188E-4 3.16036E-4 8.29355E-4 6.77193E-4 8.05844E-4 7.70974E-4 7.70184E-4 4.62277E-4 6.9325E-4 5.11139E-4 8.06232E-4 2.90431E-4 4.78596E-4 8.09662E-4 6.36173E-4 3.15274E-4 8.73752E-4 5.33913E-4 3.31255E-4 7.80521E-4 3.19356E-4 5.00907E-4 7.9926E-4 4.27298E-4 4.86891E-4 9.22477E-4 8.76132E-4 4.08587E-4 7.21581E-4 3.41235E-4 5.68827E-4 2.95702E-4 3.82982E-4 3.86247E-4 3.39756E-4 8.31232E-4 3.36192E-4 5.46922E-4 2.9776E-4 5.54539E-4 8.6678E-4 8.61766E-4 5.16836E-4 3.37861E-4 9.05813E-4 4.45604E-4 5.1489E-4 2.91053E-4 7.8462E-4 7.50907E-4 7.86313E-4 3.19044E-4 3.70921E-4 4.82514E-4 2.99013E-4 3.78861E-4 8.16623E-4 6.76764E-4 3.12725E-4 5.17837E-4 5.39246E-4 3.58057E-4 7.80775E-4 7.31065E-4 3.10296E-4 7.49588E-4 7.33966E-4 5.1795E-4 7.78662E-4 3.10243E-4 3.9099E-4 7.33556E-4 3.23235E-4 4.02923E-4 7.32934E-4 4.87225E-4 8.05067E-4 3.84354E-4 4.82729E-4 3.62921E-4 6.80513E-4 3.09437E-4 7.49479E-4 6.60112E-4 3.16906E-4 7.0051E-4 6.86992E-4 3.1971E-4 4.82094E-4 4.7395E-4 7.8756E-4 4.65155E-4 7.21612E-4 4.94196E-4 7.56553E-4 3.09849E-4 2.94872E-4 6.5996E-4 2.90846E-4 6.5889E-4 3.04939E-4 2.85927E-4 7.84676E-4 4.2619E-4 7.27371E-4 6.65771E-4 7.65921E-4 4.68372E-4 3.93022E-4 4.90845E-4 4.56065E-4 4.01166E-4 7.63865E-4 4.8274E-4 6.15837E-4 3.16558E-4 5.56293E-4 4.90289E-4 3.44269E-4 7.70135E-4 3.10331E-4 7.3623E-4 8.03221E-4 4.15237E-4 4.90082E-4 5.45394E-4 8.64462E-4 3.04512E-4 4.39436E-4 3.02065E-4 5.50257E-4 2.6066E-4 2.95087E-4 3.10537E-4 3.08988E-4 5.359E-4 3.02686E-4 5.74233E-4 2.78642E-4 6.30439E-4 7.14389E-4 8.9527E-4 5.75723E-4 2.99235E-4 5.77745E-4 4.88792E-4 5.37268E-4 2.82553E-4 5.3374E-4 8.70416E-4 8.13618E-4 2.91588E-4 4.50378E-4 9.07578E-4 2.85118E-4 4.74267E-4 5.63655E-4 7.65487E-4 2.56672E-4 5.62373E-4 5.71928E-4 3.04068E-4 5.35746E-4 9.12421E-4 2.93919E-4 5.605E-4 5.34273E-4 0.001008782 6.02705E-4 3.13828E-4 4.61091E-4 5.60113E-4 3.10657E-4 8.28361E-4 9.29884E-4 9.56835E-4 0.0010053 5.33756E-4 0.001169186 5.37807E-4 5.70703E-4 3.04637E-4 5.2954E-4 5.63774E-4 3.69355E-4 9.01937E-4 5.78795E-4 3.19411E-4 5.84262E-4 6.26131E-4 5.65927E-4 8.43647E-4 6.24208E-4 5.60789E-4 5.86324E-4 3.105E-4 2.96832E-4 7.52436E-4 3.13659E-4 8.11129E-4 3.23087E-4 2.88987E-4 8.8072E-4 7.99196E-4 6.11069E-4 5.24997E-4 5.63631E-4 9.41191E-4 8.13866E-4 9.1093E-4 9.08839E-4 2.84321E-4 9.17817E-4 9.47567E-4 4.98818E-4 3.09401E-4 0.001050074 9.15014E-4 3.35934E-4 5.77684E-4 3.09048E-4 5.77699E-4 9.53922E-4 7.75223E-4 5.89014E-4 6.65761E-4 5.81537E-4 3.14067E-4 7.94374E-4 3.13142E-4 8.69402E-4 3.48874E-4 3.09427E-4 3.13698E-4 3.08698E-4 5.9316E-4 5.53285E-4 0.00106623 3.0213E-4 6.50493E-4 5.80846E-4 9.11025E-4 8.60832E-4 4.24628E-4 9.89124E-4 5.58938E-4 6.15015E-4 3.07957E-4 9.76762E-4 9.96696E-4 6.42345E-4 3.29963E-4 4.93497E-4 5.99983E-4 3.14162E-4 4.90631E-4 9.44871E-4 8.09327E-4 2.73689E-4 0.001037733 0.001058831 3.58811E-4 0.00100177 6.20067E-4 3.16051E-4 5.7646E-4 5.83317E-4 9.67701E-4 6.08943E-4 3.22942E-4 4.76643E-4 6.33969E-4 3.66325E-4 5.07263E-4 0.001026327 6.33726E-4 9.16626E-4 4.54768E-4 6.04783E-4 4.51939E-4 5.45666E-4 3.25366E-4 5.86003E-4 5.91991E-4 3.42392E-4 5.69045E-4 9.62928E-4 3.69262E-4 8.69922E-4 9.4652E-4 9.21517E-4 5.83912E-4 8.99034E-4 9.28004E-4 9.0567E-4 3.40942E-4 3.18605E-4 5.70055E-4 3.04581E-4 5.11102E-4 3.3821E-4 3.24285E-4 7.43653E-4 7.6323E-4 6.55007E-4 9.19801E-4 6.14718E-4 5.58159E-4 5.00108E-4 6.01145E-4 9.07493E-4 2.93676E-4 9.89566E-4 9.63244E-4 7.93349E-4 3.33587E-4 6.62539E-4 6.06996E-4 3.29377E-4 5.75269E-4 3.27056E-4 5.63925E-4 9.3433E-4 5.15817E-4 5.80553E-4 6.82047E-4 5.855E-4 3.46663E-4 7.75901E-4 3.153E-4 5.7177E-4 2.76698E-4 3.23266E-4 3.23114E-4 3.19474E-4 9.18358E-4 3.3673E-4 6.20073E-4 3.05554E-4 6.63008E-4 0.001013395 0.001010343 6.00791E-4 3.35503E-4 9.07043E-4 5.34705E-4 5.95869E-4 3.18955E-4 9.16295E-4 6.06854E-4 9.12925E-4 3.19671E-4 4.77948E-4 9.44723E-4 3.07579E-4 4.93275E-4 9.73641E-4 5.58893E-4 2.7391E-4 9.3776E-4 9.09793E-4 3.22472E-4 5.72933E-4 9.50025E-4 3.10833E-4 5.73104E-4 5.96529E-4 6.01032E-4 9.37096E-4 3.26544E-4 4.81874E-4 6.03262E-4 3.26096E-4 5.12584E-4 8.90175E-4 6.01853E-4 8.98712E-4 4.57409E-4 8.98129E-4 4.80061E-4 9.08273E-4 3.21368E-4 5.73798E-4 9.17489E-4 3.34116E-4 9.40263E-4 9.63225E-4 3.74378E-4 5.75943E-4 6.09934E-4 8.83974E-4 5.73138E-4 5.72226E-4 5.79758E-4 0.001000307 3.43408E-4 3.17163E-4 5.56503E-4 3.092E-4 5.18201E-4 3.26544E-4 3.00196E-4 9.78445E-4 5.17876E-4 9.82452E-4 5.57665E-4 5.56956E-4 5.4221E-4 4.87891E-4 5.69196E-4 9.68854E-4 2.9123E-4 5.91586E-4 5.7327E-4 7.75079E-4 3.22541E-4 0.001090962 6.49171E-4 3.20078E-4 5.68562E-4 3.16554E-4 5.58293E-4 9.43927E-4 8.00254E-4 6.07311E-4 0.001056385 6.22793E-4 3.20244E-4 8.25867E-4 3.18346E-4 9.68355E-4 2.79207E-4 3.27408E-4 3.34985E-4 3.07151E-4 5.74963E-4 3.23833E-4 0.001046537 3.07346E-4 6.5699E-4 5.93794E-4 9.3465E-4 5.94122E-4 3.19313E-4 9.89595E-4 5.30703E-4 5.87031E-4 2.85602E-4 0.001007156 9.52237E-4 6.09185E-4 3.21358E-4 4.91705E-4 5.57335E-4 2.93106E-4 4.62527E-4 9.19468E-4 7.72243E-4 2.78529E-4 0.001314589 9.51554E-4 3.19525E-4 6.00681E-4 8.80852E-4 3.1827E-4 5.62512E-4 8.98373E-4 6.3354E-4 9.78281E-4 3.14476E-4 4.56815E-4 9.23409E-4 3.18478E-4 7.44863E-4 0.001011987 9.99018E-4 9.32993E-4 4.47278E-4 6.13571E-4 4.75911E-4 8.96776E-4 3.21928E-4 5.84711E-4 5.6452E-4 3.18875E-4 0.001150826 0.001093996 4.20355E-4 7.67013E-4 7.62319E-4 0.00120048 0.001227498 0.001228911 7.33191E-4 6.55194E-4 3.30415E-4 3.21287E-4 8.34666E-4 2.96567E-4 5.2966E-4 3.16142E-4 3.13428E-4 5.80239E-4 8.40691E-4 6.64662E-4 5.35953E-4 5.61512E-4 5.41381E-4 4.94406E-4 5.48961E-4 6.04976E-4 2.9624E-4 9.70714E-4 9.54181E-4 8.111E-4 3.29735E-4 6.65787E-4 0.001011755 3.35167E-4 8.58526E-4 3.19902E-4 5.93651E-4 9.96621E-4 5.46754E-4 5.66106E-4 0.001092446 6.16872E-4 3.20496E-4 8.49835E-4 3.28886E-4 0.001008606 2.78674E-4 3.28296E-4 3.27167E-4 3.2749E-4 6.00209E-4 3.19036E-4 0.001025652 3.46963E-4 0.001405947 9.8454E-4 6.24833E-4 8.74037E-4 3.32952E-4 9.07224E-4 5.32599E-4 5.74246E-4 3.00055E-4 5.79956E-4 0.001007625 5.9175E-4 3.35695E-4 4.79082E-4 9.30631E-4 3.0103E-4 4.88148E-4 5.68898E-4 8.38261E-4 2.84704E-4 9.43459E-4 0.001055993 3.25051E-4 6.06633E-4 5.78432E-4 3.2294E-4 9.01659E-4 9.85093E-4 6.49168E-4 9.83267E-4 3.14923E-4 4.94788E-4 5.93348E-4 3.18105E-4 5.15683E-4 0.001016203 9.26141E-4 6.16905E-4 4.59202E-4 5.96034E-4 4.71976E-4 9.05634E-4 3.23385E-4 5.98112E-4 5.55446E-4 3.25137E-4 5.8905E-4 8.90076E-4 3.06747E-4 8.92451E-4 8.8993E-4 8.18813E-4 5.94245E-4 9.11909E-4 6.10351E-4 6.18777E-4 3.14216E-4 3.18063E-4 9.50177E-4 3.05946E-4 9.12815E-4 3.26823E-4 3.0582E-4 9.75415E-4 8.26097E-4 6.27366E-4 5.56024E-4 5.61526E-4 5.64088E-4 5.16072E-4 0.001118399 8.87111E-4 2.93719E-4 5.72166E-4 9.57706E-4 7.19834E-4 3.18662E-4 0.001022118 6.30606E-4 3.39918E-4 9.69655E-4 3.49263E-4 8.19903E-4 8.92334E-4 4.98271E-4 5.54215E-4 0.001021721 9.69582E-4 3.1482E-4 5.50236E-4 2.95404E-4 5.84638E-4 2.85436E-4 3.09962E-4 3.25994E-4 3.1729E-4 5.64304E-4 3.21609E-4 1.09539E-4 2.919E-4 9.80132E-4 6.13264E-4 8.71053E-4 5.92557E-4 3.25123E-4 5.7002E-4 4.98263E-4 8.80147E-4 3.09125E-4 5.79438E-4 9.01028E-4 9.69558E-4 3.07937E-4 4.79706E-4 5.90441E-4 2.98435E-4 4.74795E-4 8.82317E-4 8.08721E-4 2.69301E-4 8.10666E-4 6.44899E-4 3.1439E-4 5.94551E-4 9.73659E-4 3.35274E-4 5.83418E-4 9.25386E-4 8.33327E-4 5.99521E-4 3.11065E-4 4.73419E-4 5.7089E-4 3.14508E-4 7.29395E-4 9.5964E-4 9.41455E-4 6.32487E-4 4.60429E-4 8.00614E-4 4.62219E-4 5.35191E-4 3.03094E-4 5.61481E-4 8.63579E-4 3.49314E-4 9.35324E-4 8.63059E-4 3.18369E-4 5.68936E-4 5.69536E-4 8.86121E-4 5.64074E-4 5.75098E-4 8.82093E-4 6.11563E-4 3.14748E-4 4.12703E-4 8.73523E-4 2.77927E-4 7.99461E-4 3.16091E-4 2.89577E-4 8.54179E-4 7.98071E-4 6.33485E-4 9.34552E-4 8.47063E-4 7.8617E-4 5.79027E-4 5.55353E-4 5.61733E-4 3.26023E-4 5.67058E-4 9.2241E-4 4.85015E-4 3.22176E-4 9.73758E-4 0.001013531 3.53959E-4 9.30396E-4 3.04997E-4 5.71585E-4 5.47912E-4 7.04287E-4 8.20106E-4 6.82946E-4 5.92892E-4 3.14422E-4 7.50849E-4 2.9498E-4 5.68243E-4 2.56642E-4 2.95046E-4 3.22966E-4 3.09898E-4 8.4379E-4 3.33573E-4 6.04356E-4 3.01034E-4 9.76308E-4 5.92728E-4 9.70492E-4 5.75206E-4 3.0498E-4 8.06341E-4 4.91456E-4 6.00286E-4 2.7969E-4 5.6156E-4 8.67735E-4 5.80474E-4 3.19301E-4 4.80595E-4 1.08699E-4 2.90558E-4 4.55446E-4 5.7723E-4 7.2361E-4 2.56315E-4 8.04025E-4 6.7E-4 3.02815E-4 7.97033E-4 1.02181E-4 2.89214E-4 4.81204E-4 8.0044E-4 5.56404E-4 8.6446E-4 2.945E-4 4.30765E-4 8.42587E-4 2.93665E-4 4.4808E-4 8.01785E-4 1.02878E-4 8.44768E-4 1.00552E-4 8.07994E-4 4.25341E-4 5.6498E-4 2.75757E-4 4.96465E-4 1.22663E-4 3.15054E-4 1.4034E-4 1.04805E-4 3.02012E-4 8.26139E-4 8.80303E-4 5.00842E-4 9.5561E-5 9.1212E-5 5.62605E-4 6.10165E-4 3.04176E-4 2.75347E-4 5.40209E-4 3.16818E-4 8.35308E-4 2.75782E-4 2.89029E-4 9.416E-5 8.36258E-4 0.001014035 1.26749E-4 1.23684E-4 1.18863E-4 5.98199E-4 1.21571E-4 9.91237E-4 3.14392E-4 1.09589E-4 1.09187E-4 1.00357E-4 3.44809E-4 9.05976E-4 9.27129E-4 3.05378E-4 1.28907E-4 3.1635E-4 1.01585E-4 9.3704E-5 9.1118E-5 8.963E-5 6.72458E-4 6.23861E-4 2.87981E-4 1.02905E-4 2.85745E-4 1.00223E-4 2.55808E-4 1.08032E-4 3.20785E-4 3.02948E-4 1.08123E-4 2.82679E-4 5.78722E-4 2.87608E-4 0.001009552 1.20154E-4 8.89923E-4 1.38913E-4 3.18416E-4 7.96951E-4 4.97484E-4 1.15212E-4 2.98355E-4 8.6878E-4 1.07746E-4 6.57167E-4 2.82108E-4 9.903E-5 8.70007E-4 3.00101E-4 5.10347E-4 5.96486E-4 5.25081E-4 2.76432E-4 7.9141E-4 8.64809E-4 3.24344E-4 8.55421E-4 8.72021E-4 3.10707E-4 8.83182E-4 5.67499E-4 9.14047E-4 9.32038E-4 3.15555E-4 4.83545E-4 5.84464E-4 3.316E-4 6.87724E-4 6.16229E-4 5.76489E-4 5.84479E-4 4.4748E-4 8.64867E-4 4.95009E-4 5.30674E-4 3.03812E-4 9.19375E-4 9.24224E-4 3.15038E-4 9.68321E-4 9.09298E-4 3.49349E-4 8.2207E-4 9.61452E-4 7.84212E-4 5.66359E-4 5.79149E-4 5.52388E-4 6.04268E-4 3.18498E-4 3.12686E-4 8.32351E-4 3.00522E-4 5.27808E-4 3.11032E-4 3.08061E-4 9.39315E-4 7.75267E-4 9.43604E-4 5.78027E-4 5.88743E-4 8.20105E-4 7.21547E-4 5.83884E-4 8.60036E-4 3.3557E-4 5.80081E-4 8.14554E-4 4.92208E-4 3.15333E-4 6.63892E-4 8.99012E-4 3.30425E-4 9.24409E-4 3.39784E-4 8.22725E-4 7.87808E-4 5.40833E-4 7.76672E-4 0.001019688 6.46312E-4 3.1218E-4 4.89652E-4 3.01702E-4 8.84031E-4 2.69287E-4 3.04131E-4 3.47952E-4 3.08178E-4 8.20533E-4 0.001314012 8.31851E-4 3.03371E-4 6.28912E-4 9.17984E-4 9.20962E-4 6.12485E-4 3.15458E-4 9.66592E-4 5.342E-4 8.61E-4 2.82932E-4 9.11741E-4 9.16773E-4 8.44394E-4 3.15936E-4 4.50527E-4 5.80144E-4 3.01221E-4 4.67599E-4 8.94382E-4 7.72344E-4 3.09664E-4 7.93706E-4 9.21538E-4 3.18933E-4 9.31103E-4 8.39951E-4 3.1435E-4 8.77414E-4 6.21583E-4 9.20714E-4 8.17142E-4 3.08754E-4 5.16909E-4 5.97344E-4 3.1556E-4 4.74973E-4 9.17215E-4 8.59562E-4 9.2902E-4 4.45895E-4 6.35947E-4 4.52148E-4 5.90299E-4 3.16197E-4 8.92646E-4 5.87496E-4 3.42631E-4 8.79676E-4 5.92053E-4 3.20934E-4 5.55828E-4 9.50258E-4 7.80666E-4 8.84544E-4 8.81477E-4 5.7268E-4 5.9648E-4 3.23023E-4 3.09968E-4 5.32016E-4 2.83913E-4 5.00625E-4 3.03568E-4 3.04269E-4 5.5822E-4 5.13984E-4 9.63935E-4 5.41573E-4 5.56027E-4 5.58876E-4 7.51619E-4 8.82691E-4 5.78695E-4 2.84152E-4 8.51652E-4 5.77614E-4 4.85417E-4 3.16595E-4 6.40514E-4 6.1388E-4 3.20612E-4 9.03044E-4 3.15664E-4 8.17326E-4 9.32904E-4 5.07208E-4 7.55424E-4 6.83555E-4 5.6747E-4 3.11628E-4 5.20327E-4 3.10041E-4 5.75962E-4 2.75969E-4 2.91201E-4 2.97813E-4 2.9673E-4 5.75916E-4 3.13391E-4 9.64435E-4 2.91022E-4 6.58853E-4 6.22958E-4 9.30689E-4 5.90344E-4 3.05759E-4 5.85946E-4 5.04278E-4 9.32905E-4 2.78903E-4 5.6374E-4 8.40175E-4 8.48884E-4 3.01689E-4 4.54887E-4 5.57267E-4 2.79003E-4 4.58887E-4 5.63626E-4 5.35371E-4 2.61675E-4 8.50507E-4 8.6308E-4 3.18897E-4 8.6603E-4 6.17152E-4 3.17962E-4 9.04174E-4 9.14824E-4 0.001040541 0.001001776 3.41608E-4 5.12218E-4 5.91823E-4 3.14407E-4 4.93063E-4 9.22013E-4 6.0045E-4 5.83747E-4 4.69213E-4 6.18104E-4 4.79888E-4 5.51492E-4 3.05096E-4 7.80981E-4 8.9854E-4 3.17269E-4 5.93753E-4 5.78764E-4 3.02068E-4 5.58033E-4 9.38753E-4 9.28171E-4 8.7914E-4 8.58744E-4 8.40712E-4 9.19286E-4 3.15718E-4 3.01871E-4 8.87011E-4 2.78277E-4 5.32371E-4 3.10965E-4 2.86887E-4 6.12919E-4 5.45266E-4 8.59633E-4 8.24608E-4 6.15771E-4 5.53023E-4 4.97665E-4 5.6661E-4 8.6956E-4 2.91017E-4 8.72669E-4 5.88994E-4 5.11756E-4 3.19855E-4 6.64652E-4 9.55275E-4 3.23243E-4 5.74351E-4 3.16251E-4 5.79701E-4 8.08407E-4 5.19754E-4 7.80048E-4 7.26989E-4 9.71519E-4 3.47876E-4 7.44662E-4 3.07042E-4 5.874E-4 2.69608E-4 3.16289E-4 3.19043E-4 3.01493E-4 5.64973E-4 3.4575E-4 6.36479E-4 2.85138E-4 0.001011589 5.8217E-4 5.83172E-4 8.89271E-4 3.38178E-4 5.94416E-4 5.45961E-4 6.49234E-4 2.81207E-4 9.0535E-4 9.28624E-4 6.03133E-4 3.09595E-4 4.75212E-4 9.26656E-4 2.85569E-4 4.88855E-4 7.94478E-4 0.001017523 2.68746E-4 8.88363E-4 9.56675E-4 3.2254E-4 5.91557E-4 5.74133E-4 3.07081E-4 8.22634E-4 5.91999E-4 0.001014885 9.26623E-4 3.15025E-4 4.83887E-4 9.16301E-4 3.63054E-4 4.91232E-4 9.20823E-4 5.95019E-4 5.91652E-4 4.58919E-4 5.8265E-4 4.88413E-4 5.57856E-4 3.15063E-4 9.05171E-4 5.85017E-4 3.05668E-4 8.69326E-4 6.52807E-4 3.10633E-4 5.66195E-4 5.82391E-4 5.46451E-4 5.33319E-4 5.99719E-4 5.54424E-4 5.83334E-4 3.20824E-4 3.08539E-4 8.42435E-4 3.09915E-4 7.39973E-4 3.18768E-4 2.9751E-4 8.78759E-4 5.37645E-4 6.17544E-4 9.04778E-4 8.37287E-4 8.38294E-4 4.89205E-4 5.84033E-4 9.14173E-4 3.06168E-4 5.87477E-4 6.14114E-4 7.16565E-4 3.56477E-4 0.001029947 9.67473E-4 3.31882E-4 8.47713E-4 3.11066E-4 9.07735E-4 5.82011E-4 4.8472E-4 8.1275E-4 0.001061649 9.33583E-4 3.16215E-4 7.42484E-4 3.15312E-4 5.63583E-4 3.26855E-4 3.18799E-4 3.2937E-4 3.09624E-4 8.86383E-4 3.29771E-4 6.483E-4 3.18901E-4 0.001008702 8.29296E-4 9.464E-4 5.84169E-4 3.27063E-4 5.97345E-4 5.08766E-4 8.97256E-4 2.88754E-4 5.58132E-4 6.06997E-4 6.12471E-4 3.11852E-4 4.73199E-4 5.91575E-4 2.83618E-4 4.73929E-4 6.21709E-4 7.82876E-4 2.63719E-4 7.83775E-4 8.95442E-4 3.19274E-4 5.69334E-4 9.30357E-4 3.14151E-4 5.70593E-4 5.49262E-4 5.75898E-4 5.79295E-4 3.20269E-4 4.60858E-4 8.8599E-4 3.15123E-4 4.98461E-4 9.06289E-4 9.35416E-4 6.45972E-4 4.48939E-4 9.20666E-4 4.59598E-4 9.74993E-4 3.14824E-4 5.94127E-4 8.31741E-4 3.27788E-4 9.71206E-4 8.89177E-4 3.02564E-4 5.98798E-4 6.05374E-4 8.69364E-4 5.39978E-4 5.74877E-4 9.02385E-4 8.81339E-4 3.11322E-4 3.51312E-4 5.34823E-4 2.75271E-4 8.39215E-4 3.17188E-4 3.00861E-4 8.69686E-4 5.14078E-4 6.26735E-4 5.44449E-4 5.73939E-4 5.72235E-4 4.93845E-4 9.21633E-4 9.03413E-4 2.87862E-4 8.85243E-4 6.00591E-4 5.25702E-4 3.17154E-4 6.70291E-4 6.00694E-4 3.21126E-4 5.71106E-4 3.12294E-4 5.59971E-4 9.52783E-4 5.03528E-4 8.10182E-4 7.27649E-4 6.09668E-4 3.91283E-4 5.03563E-4 3.01092E-4 9.36053E-4 3.00955E-4 3.47791E-4 3.09566E-4 2.97882E-4 5.65002E-4 3.32714E-4 9.40432E-4 2.9755E-4 6.441E-4 9.23714E-4 6.03679E-4 8.52283E-4 3.18737E-4 5.9143E-4 5.05412E-4 5.4846E-4 2.70291E-4 8.84572E-4 9.00672E-4 8.44332E-4 3.44654E-4 4.59931E-4 8.05809E-4 2.8294E-4 5.1825E-4 5.77958E-4 7.8435E-4 2.61736E-4 7.77107E-4 6.10409E-4 3.18903E-4 8.93783E-4 9.73522E-4 3.24415E-4 8.2524E-4 5.88452E-4 6.57217E-4 5.74518E-4 3.11716E-4 4.75191E-4 9.76302E-4 3.31682E-4 7.51953E-4 8.46554E-4 8.78974E-4 9.06248E-4 4.63339E-4 7.43321E-4 5.69144E-4 6.52285E-4 3.80573E-4 6.79906E-4 6.79944E-4 3.88848E-4 7.18013E-4 6.69793E-4 3.84712E-4 9.90875E-4 7.28248E-4 5.71659E-4 5.57673E-4 6.16771E-4 5.4731E-4 0.001018487 3.18615E-4 3.04863E-4 5.48487E-4 2.90477E-4 8.07791E-4 3.04509E-4 3.06532E-4 5.81098E-4 5.1831E-4 9.55379E-4 8.76588E-4 5.98865E-4 5.53345E-4 8.25354E-4 5.9638E-4 5.61212E-4 2.84988E-4 9.48118E-4 5.9271E-4 5.24791E-4 3.32145E-4 9.75436E-4 8.58962E-4 3.18839E-4 9.01774E-4 3.13746E-4 5.82877E-4 7.97815E-4 5.0366E-4 5.60184E-4 6.93819E-4 9.60031E-4 3.11372E-4 4.96623E-4 3.00165E-4 5.88442E-4 2.77149E-4 3.12484E-4 3.17024E-4 3.1429E-4 9.02337E-4 3.27583E-4 8.56888E-4 2.9789E-4 6.26288E-4 9.42826E-4 6.19311E-4 9.19524E-4 3.27179E-4 6.12885E-4 5.15719E-4 5.76897E-4 2.89506E-4 5.33919E-4 5.71776E-4 5.65305E-4 2.94651E-4 5.06637E-4 5.50566E-4 3.09139E-4 4.75559E-4 5.97762E-4 5.13383E-4 2.67854E-4 5.57017E-4 6.06145E-4 3.06354E-4 8.33421E-4 5.98415E-4 3.22585E-4 8.47037E-4 5.74178E-4 6.11861E-4 5.84806E-4 3.24154E-4 4.63677E-4 5.71703E-4 3.20134E-4 4.96502E-4 5.87141E-4 8.39432E-4 6.06652E-4 4.45902E-4 6.56988E-4 4.70064E-4 8.08856E-4 3.40987E-4 8.21564E-4 5.67015E-4 3.1995E-4 9.44042E-4 6.16506E-4 3.10575E-4 5.64386E-4 8.5311E-4 5.69937E-4 5.30175E-4 8.44848E-4 5.78757E-4 9.62643E-4 3.1672E-4 3.09616E-4 5.3455E-4 3.18002E-4 5.19546E-4 3.07304E-4 2.90194E-4 9.34567E-4 7.75623E-4 8.56884E-4 5.66462E-4 6.06478E-4 5.7324E-4 4.80272E-4 8.84931E-4 8.82547E-4 2.86434E-4 5.72938E-4 5.81718E-4 4.92649E-4 3.10455E-4 9.91923E-4 9.32787E-4 3.22382E-4 8.29376E-4 3.09229E-4 8.95092E-4 8.24728E-4 4.96265E-4 8.13579E-4 9.22158E-4 5.95784E-4 3.02821E-4 7.79099E-4 3.05274E-4 9.18688E-4 2.77603E-4 3.02482E-4 3.08289E-4 3.00363E-4 7.75161E-4 3.18137E-4 9.08192E-4 2.90311E-4 6.18679E-4 9.59364E-4 6.08377E-4 8.99997E-4 3.17942E-4 8.70847E-4 5.60216E-4 6.1127E-4 2.9577E-4 8.12445E-4 8.38908E-4 9.24347E-4 3.16128E-4 4.70756E-4 8.99181E-4 2.93136E-4 4.79868E-4 8.43498E-4 7.75801E-4 2.71509E-4 7.90874E-4 6.08191E-4 3.09017E-4 5.75166E-4 5.69956E-4 2.98203E-4 8.45681E-4 8.67325E-4 6.21539E-4 9.46045E-4 3.10069E-4 4.80717E-4 5.69756E-4 3.02621E-4 4.87691E-4 8.46182E-4 8.97297E-4 5.82967E-4 5.07088E-4 9.19107E-4 4.74113E-4 8.769E-4 3.06971E-4 6.20059E-4 5.40027E-4 3.12752E-4 5.6738E-4 9.32658E-4 3.161E-4 8.86378E-4 6.40152E-4 8.61355E-4 5.50685E-4 6.05021E-4 8.35425E-4 6.16893E-4 3.45443E-4 3.02947E-4 5.40249E-4 2.80137E-4 8.89432E-4 3.24382E-4 2.95502E-4 9.48243E-4 8.02801E-4 6.18278E-4 5.26157E-4 5.82174E-4 5.32629E-4 4.51476E-4 5.55456E-4 5.50758E-4 2.94898E-4 5.67633E-4 5.73596E-4 7.06615E-4 3.33685E-4 9.16088E-4 8.85554E-4 3.23096E-4 9.04426E-4 3.07794E-4 5.73787E-4 5.66822E-4 4.92085E-4 7.60207E-4 6.93132E-4 8.23966E-4 3.0459E-4 7.6777E-4 2.89486E-4 5.93788E-4 3.13011E-4 3.1402E-4 3.15413E-4 3.09663E-4 5.40062E-4 3.30134E-4 6.20702E-4 2.97255E-4 6.48506E-4 5.80134E-4 5.86911E-4 8.38113E-4 3.04154E-4 5.36832E-4 5.20359E-4 5.92417E-4 2.82676E-4 5.42891E-4 5.50586E-4 9.03626E-4 3.06541E-4 4.7261E-4 5.52801E-4 2.95523E-4 4.90921E-4 9.43605E-4 7.52032E-4 2.69011E-4 8.32834E-4 6.14804E-4 3.01323E-4 9.28872E-4 9.05127E-4 3.31753E-4 8.85564E-4 8.14102E-4 6.0167E-4 8.18018E-4 3.0634E-4 6.82149E-4 9.30683E-4 3.08448E-4 7.587E-4 6.03635E-4 8.34567E-4 9.13515E-4 4.74291E-4 5.83145E-4 4.61623E-4 5.48292E-4 3.14302E-4 8.44926E-4 8.79815E-4 3.11505E-4 6.2562E-4 8.67933E-4 3.13308E-4 6.06634E-4 5.67716E-4 8.83072E-4 5.36903E-4 6.46797E-4 8.94273E-4 6.12297E-4 3.27253E-4 3.42435E-4 5.27876E-4 2.76001E-4 0.00107891 3.118E-4 3.03583E-4 9.30436E-4 7.64037E-4 6.91254E-4 9.15202E-4 9.95254E-4 6.30097E-4 8.11111E-4 8.86335E-4 5.76952E-4 2.86421E-4 8.68215E-4 5.92138E-4 6.76848E-4 3.26761E-4 0.001012565 8.67771E-4 3.27201E-4 9.0749E-4 4.21241E-4 6.99193E-4 0.001007473 5.97311E-4 9.50634E-4 8.34949E-4 7.07607E-4 3.72284E-4 8.25364E-4 3.52443E-4 6.95189E-4 3.10944E-4 3.08865E-4 3.14311E-4 3.04245E-4 8.43204E-4 3.19087E-4 6.17434E-4 2.86869E-4 6.64679E-4 8.48937E-4 6.06152E-4 5.79369E-4 3.56183E-4 7.94327E-4 5.1456E-4 5.56491E-4 3.02497E-4 8.37253E-4 8.79578E-4 6.02237E-4 3.08777E-4 4.64824E-4 8.88209E-4 2.81255E-4 4.50817E-4 5.84429E-4 5.57706E-4 2.67919E-4 5.61554E-4 5.71261E-4 3.15546E-4 9.41693E-4 8.30687E-4 3.18723E-4 5.68487E-4 5.83934E-4 9.23377E-4 8.26845E-4 3.49398E-4 4.82621E-4 9.56945E-4 3.1191E-4 6.81913E-4 9.04069E-4 6.0685E-4 5.91082E-4 4.44185E-4 8.81657E-4 4.73283E-4 8.51911E-4 3.04006E-4 8.956E-4 8.80237E-4 3.11538E-4 9.16925E-4 8.5799E-4 3.08966E-4 5.92411E-4 5.84736E-4 5.72487E-4 5.43856E-4 5.96699E-4 9.02818E-4 6.20552E-4 3.10038E-4 3.14989E-4 8.71906E-4 3.04959E-4 5.24172E-4 3.04236E-4 2.90359E-4 9.27446E-4 5.44552E-4 9.18265E-4 8.99799E-4 6.19275E-4 8.60602E-4 5.048E-4 8.60397E-4 5.63047E-4 2.98497E-4 9.01617E-4 8.79659E-4 7.44689E-4 3.29184E-4 9.23522E-4 6.04448E-4 3.14518E-4 5.62392E-4 3.20545E-4 8.94114E-4 6.11915E-4 6.64143E-4 8.65416E-4 9.08744E-4 8.96427E-4 3.216E-4 4.88749E-4 2.99986E-4 9.68515E-4 2.70393E-4 2.94027E-4 3.08699E-4 3.09345E-4 5.67274E-4 3.18832E-4 6.08103E-4 2.83293E-4 9.51125E-4 5.9132E-4 8.54367E-4 8.62966E-4 3.1603E-4 5.48069E-4 5.11398E-4 5.73737E-4 2.8066E-4 5.28043E-4 5.85668E-4 5.94513E-4 3.08752E-4 4.70158E-4 9.286E-4 3.049E-4 1.33038E-4 6.28285E-4 7.20928E-4 2.6928E-4 7.84476E-4 6.38092E-4 1.58537E-4 5.778E-4 9.86925E-4 3.21343E-4 5.51726E-4 5.85391E-4 6.32466E-4 8.63438E-4 3.05591E-4 5.23877E-4 8.50633E-4 3.05692E-4 6.85804E-4 6.25935E-4 5.71858E-4 5.80182E-4 4.55047E-4 5.74135E-4 1.31092E-4 5.95368E-4 3.05005E-4 9.14292E-4 8.4014E-4 3.07062E-4 8.58892E-4 8.24482E-4 3.10933E-4 6.07116E-4 5.80638E-4 8.64998E-4 8.57236E-4 8.7072E-4 8.36118E-4 6.25814E-4 3.40663E-4 1.61202E-4 8.55377E-4 2.85638E-4 5.30344E-4 3.11282E-4 1.61436E-4 8.48902E-4 7.42927E-4 9.00119E-4 5.57189E-4 9.2104E-4 5.82345E-4 5.21423E-4 8.58052E-4 5.70277E-4 2.79696E-4 5.52989E-4 5.87701E-4 7.4954E-4 3.36674E-4 9.18291E-4 8.98339E-4 3.20004E-4 8.78979E-4 3.11329E-4 7.55705E-4 8.22171E-4 6.7908E-4 7.34203E-4 7.20193E-4 6.15101E-4 2.98012E-4 4.92636E-4 2.85193E-4 5.41809E-4 2.82238E-4 2.9621E-4 3.37131E-4 3.08061E-4 5.79976E-4 3.19632E-4 9.42613E-4 2.8591E-4 6.83934E-4 8.46816E-4 6.34473E-4 6.09835E-4 3.15562E-4 8.57148E-4 5.53601E-4 8.44144E-4 2.705E-4 8.20753E-4 8.89336E-4 6.38562E-4 3.14397E-4 4.53247E-4 5.87814E-4 2.9485E-4 4.67626E-4 5.46834E-4 5.23942E-4 2.82133E-4 8.87383E-4 5.95974E-4 2.99198E-4 8.39374E-4 9.24244E-4 3.02417E-4 5.59352E-4 5.53725E-4 8.48801E-4 9.37E-4 3.11636E-4 4.87278E-4 5.72373E-4 3.0248E-4 5.02628E-4 9.47792E-4 5.91438E-4 9.11574E-4 4.54541E-4 5.74671E-4 4.44862E-4 8.16692E-4 3.13002E-4 8.12427E-4 5.82572E-4 3.18851E-4 5.65929E-4 6.11458E-4 3.02584E-4 5.47693E-4 9.78544E-4 8.6325E-4 8.62652E-4 5.93606E-4 5.42021E-4 5.90622E-4 3.22998E-4 3.0297E-4 9.03026E-4 4.92834E-4 8.2173E-4 3.13148E-4 2.95549E-4 9.31474E-4 5.152E-4 5.97235E-4 8.9551E-4 9.23532E-4 9.09744E-4 7.46993E-4 5.95392E-4 9.17376E-4 2.80436E-4 5.71434E-4 8.75996E-4 5.1048E-4 3.06119E-4 6.60152E-4 8.7289E-4 3.24056E-4 5.84553E-4 3.10498E-4 5.60152E-4 8.60887E-4 6.56452E-4 8.27431E-4 6.57039E-4 9.40589E-4 3.08649E-4 4.95334E-4 2.94845E-4 5.87394E-4 2.93154E-4 3.03156E-4 3.14614E-4 3.47664E-4 5.50485E-4 3.22059E-4 9.24326E-4 2.96096E-4 9.72409E-4 5.90541E-4 5.74739E-4 5.79249E-4 3.05284E-4 5.71602E-4 6.15542E-4 0.001042126 3.25468E-4 6.40218E-4 9.73247E-4 8.69498E-4 3.16544E-4 4.64934E-4 9.19821E-4 2.82984E-4 4.66122E-4 5.74447E-4 7.47998E-4 2.55217E-4 8.36242E-4 8.89374E-4 3.02826E-4 5.72474E-4 6.11838E-4 3.09195E-4 8.46339E-4 7.97531E-4 6.20141E-4 9.14954E-4 4.14597E-4 6.09133E-4 0.001013949 3.75042E-4 6.03078E-4 6.94999E-4 0.00104388 9.91756E-4 5.67183E-4 0.00108365 5.8166E-4 8.87493E-4 3.11382E-4 8.69997E-4 5.99299E-4 3.09068E-4 8.39625E-4 6.0578E-4 3.06414E-4 5.68275E-4 8.88347E-4 8.41747E-4 8.14371E-4 5.9774E-4 9.24462E-4 8.3196E-4 3.15784E-4 3.00632E-4 8.27103E-4 2.86482E-4 7.692E-4 2.99999E-4 3.03376E-4 9.28323E-4 7.99526E-4 9.0425E-4 5.5453E-4 5.89384E-4 5.44836E-4 7.65849E-4 5.90449E-4 8.49557E-4 2.83138E-4 8.41871E-4 8.08828E-4 5.02779E-4 3.31594E-4 6.79601E-4 9.56914E-4 3.26431E-4 5.75476E-4 3.24355E-4 6.38811E-4 5.72903E-4 4.73176E-4 5.58487E-4 9.29523E-4 8.67919E-4 3.22824E-4 7.73413E-4 2.96643E-4 5.88503E-4 2.71601E-4 3.05595E-4 3.11158E-4 3.00756E-4 8.24226E-4 3.11302E-4 9.83697E-4 2.972E-4 6.78951E-4 5.78462E-4 5.78099E-4 8.94128E-4 3.29543E-4 8.3862E-4 5.31502E-4 8.81812E-4 2.83292E-4 8.35422E-4 8.70929E-4 8.02315E-4 2.9786E-4 4.73533E-4 8.41311E-4 2.83267E-4 4.49234E-4 8.87553E-4 7.48282E-4 2.68026E-4 8.46241E-4 6.22586E-4 3.17183E-4 5.53549E-4 5.89162E-4 2.9808E-4 8.64446E-4 9.29719E-4 6.05775E-4 5.55666E-4 3.0852E-4 4.74509E-4 5.85401E-4 3.08513E-4 5.04374E-4 9.31031E-4 9.06309E-4 8.94703E-4 4.38796E-4 8.88672E-4 5.06872E-4 5.74947E-4 3.20844E-4 5.65195E-4 5.2431E-4 3.12402E-4 9.74175E-4 9.10506E-4 3.18265E-4 5.69191E-4 9.45437E-4 8.18245E-4 8.34093E-4 9.22739E-4 8.1453E-4 5.93432E-4 3.22342E-4 3.13441E-4 5.3049E-4 2.78677E-4 8.60391E-4 3.07114E-4 2.97451E-4 8.94016E-4 7.70544E-4 6.21181E-4 5.13573E-4 5.69551E-4 5.27831E-4 8.75864E-4 5.67675E-4 7.97065E-4 3.05082E-4 9.25227E-4 9.51891E-4 4.96081E-4 3.29589E-4 0.001007337 6.13914E-4 3.13919E-4 5.96327E-4 3.04031E-4 5.55466E-4 5.53927E-4 4.87142E-4 9.13031E-4 0.00101902 8.84196E-4 3.48854E-4 5.423E-4 3.34654E-4 5.85302E-4 2.6778E-4 3.15866E-4 3.11669E-4 3.00506E-4 5.78459E-4 3.19138E-4 6.06039E-4 2.82922E-4 0.001000171 8.44793E-4 9.62204E-4 8.89733E-4 3.23472E-4 7.49858E-4 5.47835E-4 5.75051E-4 2.83899E-4 5.18529E-4 9.21194E-4 5.76339E-4 3.29522E-4 4.67767E-4 5.71045E-4 1.53779E-4 4.44244E-4 8.70012E-4 5.23957E-4 2.49214E-4 8.83302E-4 8.8359E-4 3.03246E-4 8.23389E-4 9.32667E-4 3.13724E-4 4.97664E-4 5.08321E-4 8.95614E-4 6.04563E-4 3.56695E-4 4.46426E-4 5.29436E-4 3.04792E-4 4.41379E-4 8.39406E-4 6.17144E-4 5.17394E-4 4.37937E-4 7.67619E-4 4.47203E-4 5.24512E-4 2.88447E-4 4.95515E-4 8.58668E-4 3.14878E-4 5.63284E-4 5.44422E-4 3.05481E-4 5.195E-4 5.56569E-4 8.25978E-4 5.33292E-4 8.30254E-4 7.96086E-4 5.73605E-4 3.17585E-4 3.37742E-4 1.19599E-4 2.79765E-4 1.18917E-4 2.7693E-4 2.96456E-4 5.6126E-4 6.92131E-4 9.16864E-4 8.73779E-4 8.52839E-4 5.54835E-4 1.56398E-4 8.62792E-4 6.04966E-4 2.86151E-4 8.64812E-4 5.68032E-4 4.76288E-4 3.22659E-4 6.33917E-4 9.53879E-4 3.17903E-4 7.37515E-4 3.48228E-4 5.76974E-4 5.55441E-4 6.63322E-4 9.24722E-4 6.85756E-4 8.70637E-4 3.20992E-4 4.82461E-4 3.06489E-4 5.65641E-4 2.57702E-4 3.11141E-4 3.15326E-4 3.04377E-4 9.05185E-4 3.05655E-4 5.91162E-4 1.40696E-4 9.91353E-4 9.20768E-4 9.28913E-4 8.926E-4 3.1755E-4 5.82571E-4 5.13622E-4 8.48258E-4 2.78737E-4 5.50873E-4 9.03554E-4 9.12662E-4 2.84016E-4 4.79698E-4 8.75169E-4 2.95439E-4 4.59076E-4 5.74716E-4 7.65138E-4 2.62031E-4 5.82595E-4 5.87595E-4 3.15844E-4 5.5202E-4 5.64535E-4 3.01895E-4 8.76554E-4 5.68734E-4 5.73218E-4 9.5416E-4 3.21273E-4 5.33759E-4 5.56413E-4 3.25527E-4 5.08686E-4 6.3026E-4 9.16403E-4 6.36814E-4 4.8087E-4 8.13503E-4 4.66857E-4 9.32806E-4 2.94077E-4 5.67965E-4 8.88405E-4 3.00551E-4 5.72713E-4 5.97151E-4 3.12708E-4 8.98513E-4 6.00155E-4 9.05229E-4 5.24885E-4 5.88195E-4 8.92657E-4 5.99939E-4 3.24684E-4 2.98134E-4 7.556E-4 3.33292E-4 8.2089E-4 3.08711E-4 2.97372E-4 5.91313E-4 7.50539E-4 6.16786E-4 8.04275E-4 5.92837E-4 5.42683E-4 7.24009E-4 8.76914E-4 5.79729E-4 3.23426E-4 5.74396E-4 9.11886E-4 5.33298E-4 3.16806E-4 6.81096E-4 9.7301E-4 3.24751E-4 9.381E-4 3.5282E-4 8.33472E-4 5.9818E-4 7.28242E-4 8.73194E-4 0.001061503 6.0402E-4 3.06584E-4 4.85598E-4 3.04201E-4 9.11657E-4 2.84582E-4 3.41972E-4 3.25268E-4 3.41529E-4 8.02291E-4 3.38038E-4 8.29388E-4 2.92719E-4 6.25615E-4 8.8256E-4 5.75046E-4 5.68769E-4 3.12443E-4 5.86122E-4 5.03617E-4 0.001007974 2.91327E-4 8.06555E-4 9.43775E-4 8.92603E-4 3.07877E-4 4.64149E-4 5.70436E-4 2.75657E-4 4.68736E-4 8.72312E-4 8.07803E-4 3.28192E-4 7.69691E-4 8.87404E-4 3.11386E-4 5.93949E-4 9.19361E-4 3.03033E-4 5.51163E-4 5.95904E-4 5.67921E-4 8.04017E-4 3.25669E-4 4.59096E-4 9.22496E-4 3.12316E-4 4.87923E-4 5.78399E-4 5.39727E-4 9.5407E-4 4.48566E-4 5.89605E-4 4.6E-4 7.9619E-4 3.38044E-4 5.72748E-4 7.96986E-4 3.37131E-4 5.69671E-4 5.56184E-4 3.11008E-4 7.83864E-4 6.09363E-4 8.01187E-4 8.2305E-4 9.02524E-4 6.22131E-4 6.04652E-4 3.45489E-4 2.967E-4 5.39283E-4 2.86222E-4 5.10053E-4 3.14795E-4 3.07634E-4 5.67213E-4 8.28326E-4 9.0639E-4 5.441E-4 5.5322E-4 7.86121E-4 5.14873E-4 5.59025E-4 5.5838E-4 2.81242E-4 9.12115E-4 9.46574E-4 7.13568E-4 3.12433E-4 6.25457E-4 8.45446E-4 3.53276E-4 8.47133E-4 3.19364E-4 8.11783E-4 8.29578E-4 6.82629E-4 5.70914E-4 9.83787E-4 6.00161E-4 3.19311E-4 4.914E-4 2.89802E-4 5.66615E-4 3.21343E-4 3.00542E-4 3.26551E-4 3.1576E-4 5.56764E-4 3.47283E-4 6.02457E-4 2.92313E-4 6.50639E-4 5.90163E-4 8.36284E-4 6.01556E-4 3.62583E-4 8.24375E-4 5.46248E-4 5.83138E-4 3.04315E-4 5.44773E-4 5.47858E-4 5.91775E-4 3.01464E-4 4.47062E-4 8.87216E-4 2.9379E-4 4.75939E-4 8.54796E-4 6.96927E-4 2.68916E-4 5.6553E-4 9.30032E-4 3.10665E-4 9.70714E-4 9.03973E-4 3.4672E-4 5.65331E-4 5.65372E-4 9.26128E-4 5.82128E-4 3.36496E-4 4.68545E-4 5.77953E-4 3.17733E-4 5.13381E-4 9.12023E-4 9.13498E-4 8.24375E-4 4.52176E-4 6.01104E-4 4.55779E-4 5.4078E-4 3.06546E-4 5.99388E-4 5.61399E-4 3.15417E-4 5.68477E-4 8.63071E-4 3.18806E-4 8.91729E-4 5.93995E-4 9.20315E-4 5.23444E-4 5.53254E-4 9.38964E-4 9.85835E-4 3.12131E-4 3.09911E-4 5.56858E-4 2.85592E-4 7.72505E-4 3.12138E-4 2.97607E-4 9.14731E-4 7.7289E-4 6.10159E-4 5.15828E-4 5.67548E-4 8.99565E-4 7.18255E-4 5.92775E-4 8.53859E-4 3.27032E-4 8.5305E-4 8.53407E-4 5.08159E-4 3.08903E-4 0.001015918 8.6512E-4 3.23917E-4 8.48975E-4 3.20059E-4 6.14632E-4 5.80963E-4 6.63094E-4 8.80469E-4 0.001093064 5.85708E-4 3.09952E-4 5.27975E-4 2.98627E-4 9.25268E-4 3.02227E-4 3.01219E-4 3.1869E-4 3.01027E-4 5.66162E-4 3.15876E-4 9.64604E-4 2.78911E-4 9.0046E-4 6.03687E-4 5.58747E-4 9.06435E-4 3.22704E-4 5.77787E-4 5.3722E-4 8.89204E-4 2.95896E-4 5.60095E-4 8.69904E-4 6.06252E-4 3.08482E-4 4.67518E-4 5.89069E-4 2.84992E-4 4.9111E-4 7.70388E-4 5.23483E-4 2.96816E-4 5.87769E-4 5.80946E-4 3.36777E-4 7.88377E-4 5.99611E-4 3.11748E-4 8.17758E-4 5.85176E-4 9.09902E-4 5.80699E-4 3.16493E-4 5.16221E-4 9.22288E-4 3.16432E-4 5.15861E-4 5.92809E-4 5.74073E-4 8.84732E-4 8.50784E-4 0.001135382 5.08494E-4 9.031E-4 3.22532E-4 9.40532E-4 8.63706E-4 3.20996E-4 9.37923E-4 6.12124E-4 3.20019E-4 9.36764E-4 8.92904E-4 6.13137E-4 5.44531E-4 6.06755E-4 5.56824E-4 5.99534E-4 3.21756E-4 3.14889E-4 8.1025E-4 2.91274E-4 9.36731E-4 3.16718E-4 3.08312E-4 5.92098E-4 5.22777E-4 5.90587E-4 5.39786E-4 9.79453E-4 5.61839E-4 9.2365E-4 9.67728E-4 5.69803E-4 2.87629E-4 5.64577E-4 8.60702E-4 4.87665E-4 3.07836E-4 6.33386E-4 5.84636E-4 3.00052E-4 8.38116E-4 3.07018E-4 6.02084E-4 5.64739E-4 4.70041E-4 9.49765E-4 6.85276E-4 5.85395E-4 2.966E-4 4.72885E-4 2.96093E-4 9.38479E-4 2.69622E-4 3.16459E-4 3.28264E-4 3.24768E-4 5.77748E-4 3.50588E-4 9.53639E-4 3.36831E-4 6.3137E-4 8.61049E-4 5.91245E-4 9.6937E-4 3.08122E-4 5.45523E-4 4.98838E-4 8.88788E-4 2.88134E-4 5.3184E-4 5.57725E-4 8.99947E-4 3.09146E-4 4.75256E-4 8.47286E-4 2.98452E-4 4.63142E-4 5.45252E-4 4.94325E-4 2.55073E-4 8.44323E-4 9.22459E-4 3.20001E-4 5.91181E-4 9.62655E-4 3.06964E-4 9.05944E-4 5.53084E-4 5.8074E-4 5.51241E-4 3.0642E-4 4.64354E-4 5.52152E-4 3.05005E-4 4.97001E-4 9.34949E-4 6.20761E-4 5.79428E-4 4.62758E-4 5.85838E-4 4.9213E-4 8.91951E-4 3.0464E-4 9.23217E-4 5.8561E-4 3.19516E-4 5.69011E-4 8.86635E-4 3.09704E-4 8.76052E-4 5.96464E-4 5.58184E-4 8.955E-4 7.90719E-4 5.62289E-4 5.89559E-4 3.15693E-4 3.13757E-4 5.1401E-4 3.12248E-4 7.94308E-4 3.02705E-4 2.85337E-4 6.09505E-4 4.96466E-4 5.75533E-4 5.32716E-4 9.34715E-4 7.66551E-4 5.13005E-4 8.42795E-4 5.82068E-4 2.97115E-4 9.88223E-4 6.95191E-4 8.53169E-4 3.81618E-4 0.001138463 7.02419E-4 3.73789E-4 0.001000536 3.70054E-4 0.001068614 6.73945E-4 5.13966E-4 8.37108E-4 9.79998E-4 5.87979E-4 2.98845E-4 7.50519E-4 3.01529E-4 5.70626E-4 2.78513E-4 3.12379E-4 3.03165E-4 2.96354E-4 5.54665E-4 3.11148E-4 6.34211E-4 2.88537E-4 6.30636E-4 9.59365E-4 8.28831E-4 9.27764E-4 3.15764E-4 9.104E-4 5.20054E-4 5.97629E-4 2.87753E-4 5.73002E-4 9.28004E-4 6.05212E-4 3.10336E-4 4.93052E-4 9.90888E-4 2.92016E-4 4.61494E-4 8.27011E-4 5.12974E-4 2.56075E-4 5.52147E-4 8.9548E-4 3.20995E-4 8.19689E-4 9.49226E-4 3.01933E-4 5.41074E-4 9.76509E-4 9.44821E-4 8.90017E-4 3.13561E-4 5.01046E-4 8.12841E-4 3.11107E-4 7.7421E-4 5.89951E-4 5.6426E-4 8.60582E-4 4.80926E-4 6.98489E-4 5.24158E-4 8.20259E-4 1.70988E-4 8.86636E-4 5.66899E-4 1.22477E-4 5.78097E-4 5.73178E-4 1.33038E-4 9.5291E-4 8.70001E-4 5.95731E-4 5.32626E-4 5.64706E-4 8.46725E-4 8.47813E-4 3.396E-4 3.1771E-4 5.50657E-4 2.93348E-4 8.56822E-4 1.37916E-4 2.98474E-4 8.82586E-4 8.16261E-4 0.001059349 5.904E-4 5.62213E-4 5.29441E-4 8.51929E-4 6.76893E-4 6.58175E-4 3.65726E-4 7.45292E-4 4.94948E-4 7.53781E-4 3.181E-4 5.43708E-4 4.9909E-4 1.33118E-4 4.82526E-4 1.31703E-4 4.67521E-4 4.85295E-4 4.24925E-4 5.05115E-4 5.84785E-4 5.21864E-4 3.05683E-4 3.97425E-4 1.31206E-4 8.39034E-4 1.31033E-4 3.10703E-4 3.00371E-4 1.24681E-4 9.44072E-4 1.19024E-4 5.06445E-4 2.83393E-4 5.16874E-4 9.2129E-4 5.10051E-4 9.41286E-4 1.2759E-4 4.47666E-4 1.10293E-4 8.85887E-4 1.27032E-4 4.79438E-4 4.72283E-4 4.71812E-4 1.22985E-4 4.43498E-4 8.3519E-4 2.79378E-4 6.16892E-4 5.09676E-4 4.45174E-4 2.79069E-4 6.09461E-4 4.93217E-4 3.20483E-4 5.05344E-4 4.80003E-4 2.96744E-4 4.85646E-4 4.53888E-4 4.67275E-4 5.01501E-4 3.17114E-4 4.69537E-4 4.9526E-4 3.03708E-4 4.24783E-4 5.02577E-4 4.75989E-4 4.76994E-4 4.43082E-4 5.14065E-4 4.65279E-4 5.12331E-4 2.98436E-4 5.26347E-4 4.88355E-4 3.05997E-4 4.94686E-4 4.83569E-4 3.28051E-4 6.68031E-4 5.02191E-4 4.77733E-4 4.75011E-4 9.05764E-4 4.71656E-4 5.12325E-4 1.37645E-4 3.14116E-4 5.09483E-4 2.84673E-4 4.79342E-4 3.14489E-4 2.83187E-4 5.08802E-4 4.42422E-4 5.22376E-4 4.95942E-4 5.00843E-4 4.69743E-4 4.55263E-4 4.70719E-4 5.03517E-4 2.8581E-4 4.90596E-4 5.07139E-4 4.21483E-4 1.29687E-4 5.61212E-4 5.08074E-4 3.0746E-4 5.32845E-4 3.2024E-4 4.89151E-4 5.00669E-4 4.12018E-4 4.7937E-4 5.81496E-4 4.94977E-4 1.1668E-4 4.37522E-4 2.94701E-4 5.00097E-4 2.77812E-4 2.93193E-4 3.06411E-4 3.29099E-4 5.03818E-4 3.18587E-4 5.2729E-4 2.99469E-4 5.57988E-4 5.0663E-4 6.17078E-4 4.92301E-4 3.02155E-4 4.57539E-4 5.05156E-4 4.94012E-4 2.86982E-4 4.9983E-4 4.92277E-4 4.94937E-4 3.01987E-4 5.14231E-4 4.77094E-4 3.0132E-4 4.83405E-4 4.54668E-4 4.32697E-4 2.74476E-4 5.97922E-4 4.90576E-4 3.35942E-4 5.22575E-4 5.43881E-4 3.1827E-4 5.46182E-4 4.6755E-4 4.86491E-4 5.05233E-4 3.31568E-4 4.72701E-4 4.87477E-4 3.10621E-4 4.24329E-4 5.13979E-4 5.02991E-4 6.20878E-4 5.40996E-4 5.63415E-4 5.25461E-4 5.19869E-4 3.32411E-4 5.18888E-4 4.97051E-4 3.16624E-4 5.18079E-4 4.96443E-4 3.11598E-4 4.81294E-4 5.2388E-4 5.02011E-4 4.99321E-4 4.9003E-4 4.85251E-4 4.98821E-4 3.46418E-4 3.44692E-4 4.85865E-4 2.93952E-4 4.73651E-4 3.2169E-4 2.99642E-4 4.90166E-4 4.3976E-4 5.20608E-4 4.91211E-4 4.97235E-4 5.05678E-4 4.52933E-4 5.27485E-4 5.53038E-4 2.79213E-4 5.1598E-4 4.75042E-4 4.41806E-4 3.17177E-4 5.56799E-4 4.97545E-4 3.25418E-4 4.99171E-4 2.986E-4 4.90876E-4 5.25196E-4 4.05942E-4 4.93477E-4 6.19861E-4 5.09021E-4 3.04839E-4 4.95183E-4 3.02795E-4 5.02364E-4 2.8351E-4 3.03978E-4 3.08579E-4 3.1927E-4 4.88118E-4 3.07853E-4 5.13425E-4 3.14283E-4 5.67966E-4 5.13841E-4 4.97885E-4 5.30489E-4 3.1226E-4 4.39977E-4 5.26768E-4 5.08521E-4 2.92677E-4 4.97635E-4 4.88459E-4 4.61398E-4 3.04951E-4 4.68655E-4 5.56714E-4 2.85616E-4 4.74318E-4 4.76358E-4 4.28497E-4 2.63633E-4 6.23232E-4 4.93094E-4 3.21012E-4 4.80837E-4 4.92574E-4 2.98183E-4 4.92122E-4 4.88342E-4 4.94997E-4 4.95257E-4 3.24797E-4 5.02927E-4 5.37154E-4 3.37186E-4 4.29205E-4 5.6102E-4 5.57031E-4 5.77966E-4 5.86831E-4 5.13801E-4 4.74499E-4 4.59495E-4 3.13093E-4 4.9799E-4 4.87911E-4 3.1298E-4 5.02044E-4 4.97968E-4 3.147E-4 4.7849E-4 4.9202E-4 4.83349E-4 5.34809E-4 5.09318E-4 4.48977E-4 4.94304E-4 3.64343E-4 3.20032E-4 4.9212E-4 2.73121E-4 4.56253E-4 3.76553E-4 3.72089E-4 5.24969E-4 4.04291E-4 5.06878E-4 4.92383E-4 4.99813E-4 4.86737E-4 4.66472E-4 4.87185E-4 4.94994E-4 2.74369E-4 4.93045E-4 5.52301E-4 4.22094E-4 3.5322E-4 5.36645E-4 5.03417E-4 3.08418E-4 5.00173E-4 3.05292E-4 4.71553E-4 4.6192E-4 3.95097E-4 5.04135E-4 5.90656E-4 4.86043E-4 3.00155E-4 4.37003E-4 3.07359E-4 4.88112E-4 2.69469E-4 3.0169E-4 3.09354E-4 3.1112E-4 4.91375E-4 3.08142E-4 5.25729E-4 2.9175E-4 5.58967E-4 5.04391E-4 0.00130592 5.00725E-4 3.35461E-4 4.69436E-4 5.07747E-4 4.88998E-4 2.86374E-4 4.75048E-4 4.88455E-4 4.87801E-4 3.15078E-4 4.50777E-4 4.98551E-4 2.90253E-4 4.65489E-4 4.93618E-4 4.33459E-4 2.6768E-4 5.72603E-4 4.94924E-4 3.07429E-4 5.24368E-4 5.14009E-4 3.02303E-4 5.23475E-4 4.59864E-4 4.89448E-4 4.90757E-4 3.09682E-4 4.55168E-4 4.73642E-4 3.08437E-4 4.31564E-4 5.16485E-4 4.95072E-4 5.92915E-4 5.33994E-4 5.6354E-4 5.79499E-4 5.44998E-4 3.73641E-4 5.96082E-4 5.57807E-4 3.71041E-4 5.95514E-4 5.53996E-4 3.69585E-4 5.73743E-4 5.08962E-4 4.90951E-4 4.90926E-4 4.96446E-4 4.605E-4 4.893E-4 3.25588E-4 3.07801E-4 4.79439E-4 2.7604E-4 4.47599E-4 2.99504E-4 2.84762E-4 5.09754E-4 4.02244E-4 4.93675E-4 4.85002E-4 5.22547E-4 4.68956E-4 4.90912E-4 4.98845E-4 4.9733E-4 2.76772E-4 4.91E-4 4.80369E-4 4.23993E-4 3.09413E-4 5.76912E-4 5.52251E-4 3.59997E-4 5.0086E-4 3.07735E-4 4.90875E-4 5.16584E-4 4.12459E-4 4.94132E-4 5.76156E-4 4.98298E-4 3.02967E-4 4.36225E-4 2.89206E-4 4.84508E-4 2.63004E-4 2.95558E-4 3.19613E-4 3.2218E-4 4.83195E-4 3.52667E-4 5.26211E-4 2.95456E-4 5.23472E-4 5.09095E-4 4.75193E-4 5.19763E-4 3.33566E-4 4.52865E-4 5.06423E-4 5.10027E-4 2.82102E-4 4.82915E-4 4.99951E-4 4.89977E-4 3.10982E-4 4.89691E-4 4.97447E-4 2.93736E-4 4.75746E-4 4.4723E-4 4.23023E-4 2.67739E-4 5.7106E-4 4.87319E-4 3.1106E-4 5.00549E-4 5.39645E-4 3.17986E-4 5.30789E-4 4.70255E-4 4.99105E-4 4.72061E-4 3.25939E-4 4.89613E-4 4.7516E-4 2.98634E-4 4.10195E-4 4.81721E-4 4.85699E-4 4.73638E-4 4.33037E-4 4.8715E-4 4.80602E-4 4.66406E-4 3.11971E-4 4.54233E-4 4.91328E-4 3.04486E-4 5.18659E-4 4.78866E-4 3.67192E-4 4.6063E-4 4.84469E-4 5.05781E-4 4.98527E-4 4.9101E-4 4.34543E-4 4.94956E-4 3.17936E-4 3.08806E-4 4.56412E-4 2.75035E-4 4.68817E-4 3.07469E-4 3.03906E-4 5.18937E-4 4.14177E-4 5.06388E-4 4.88723E-4 5.07716E-4 4.75389E-4 4.97477E-4 5.25913E-4 5.00577E-4 2.78957E-4 5.12873E-4 4.85424E-4 4.32332E-4 3.18745E-4 5.36531E-4 5.00737E-4 3.25189E-4 4.91405E-4 3.11806E-4 4.85227E-4 5.12273E-4 4.14839E-4 5.07109E-4 5.62555E-4 4.9319E-4 3.00172E-4 4.19521E-4 3.16343E-4 4.92164E-4 2.65784E-4 3.15359E-4 3.19952E-4 3.61317E-4 5.01609E-4 3.67799E-4 5.44031E-4 2.90677E-4 5.49132E-4 5.09419E-4 4.71428E-4 5.18628E-4 3.19497E-4 4.63334E-4 4.84657E-4 4.84772E-4 2.93144E-4 4.83573E-4 5.81006E-4 5.42477E-4 3.34587E-4 4.76938E-4 4.67845E-4 2.76979E-4 4.3951E-4 4.65258E-4 4.27093E-4 1.84527E-4 5.68396E-4 4.94425E-4 3.11733E-4 4.65488E-4 4.62374E-4 3.02524E-4 5.07307E-4 4.59958E-4 4.97453E-4 4.68774E-4 1.86432E-4 4.37091E-4 4.99457E-4 2.93835E-4 4.86258E-4 4.48963E-4 4.98453E-4 5.00434E-4 4.48938E-4 4.74383E-4 4.61278E-4 4.50644E-4 3.25174E-4 5.23099E-4 4.7664E-4 3.21659E-4 4.93313E-4 4.7113E-4 3.06569E-4 4.60174E-4 4.69615E-4 4.58843E-4 4.91515E-4 4.81908E-4 4.8023E-4 4.90437E-4 3.26432E-4 3.08348E-4 4.65472E-4 2.84563E-4 4.60757E-4 3.15967E-4 3.09074E-4 4.86721E-4 3.91379E-4 4.59314E-4 4.61095E-4 4.81341E-4 4.72215E-4 4.69546E-4 4.52527E-4 8.51845E-4 2.89712E-4 5.09234E-4 4.62194E-4 4.20702E-4 3.10049E-4 5.66418E-4 4.99399E-4 3.20457E-4 4.70543E-4 3.06245E-4 4.65938E-4 4.80434E-4 4.23491E-4 5.52207E-4 5.35175E-4 5.16983E-4 3.45998E-4 4.20581E-4 2.99109E-4 4.57798E-4 2.63155E-4 3.107E-4 3.17243E-4 2.93913E-4 4.57549E-4 3.05536E-4 4.76991E-4 3.80904E-4 6.52716E-4 5.75322E-4 5.54185E-4 5.55419E-4 3.66863E-4 5.05226E-4 5.41044E-4 5.38244E-4 2.99537E-4 4.8781E-4 4.9101E-4 4.73563E-4 4.2019E-4 5.32105E-4 

Timer for Syntactic Relevance:: 45.197714344
Timer for solver: 8.536415401
		UBUNTU.SPLX	UBUNTU_C500_0.TESTCASES
			Diag: [mandatory(Appearance, Look), mandatory(Appearance, Behavoir), optional(Typing1, BounceKeys), requires(UniversalAccess1, UniversalAccess), ((~Displays \/ Displays1) \/ Displays2), requires(AcceptanceDelay2, AcceptanceDelay), requires(Displays1, Displays), ((~Speed \/ Speed1) \/ Speed2), ((~Normal \/ Normal1) \/ Normal2), (((~Typing \/ Typing1) \/ Typing2) \/ Typing3), ((~UniversalAccess \/ UniversalAccess1) \/ UniversalAccess2), ((((~Fast \/ Fast1) \/ Fast2) \/ Fast3) \/ Fast4)]
			Diag size: 12
The size of Consistency checks: 7172241
The number of Choco Solver calls: 13300
The number of different: 3
The number of INconsistent: 180
The number of union: 255
The number of post constraints: 7172241
The number of consistent: 13120
The number of unpost constraints: 7172241
The number of Consistency checks: 128

Timer for Syntactic Relevance:[thread=1]: 46.54806667
46.54806667 
Timer for solver[thread=1]: 8.548756224
5.14824E-4 2.73615E-4 4.44507E-4 1.30942E-4 5.05405E-4 1.38078E-4 2.69619E-4 5.43521E-4 5.77739E-4 5.06606E-4 1.51211E-4 3.59275E-4 3.79258E-4 1.23806E-4 4.57909E-4 5.7953E-4 3.25052E-4 6.25566E-4 4.08742E-4 3.26629E-4 5.62621E-4 0.00102515 9.6099E-5 4.63663E-4 5.25062E-4 1.59686E-4 1.1606E-4 1.63097E-4 1.24987E-4 1.04252E-4 6.26606E-4 8.51809E-4 7.40801E-4 7.00029E-4 3.95824E-4 8.38893E-4 7.0548E-4 7.2087E-4 9.77236E-4 8.01905E-4 6.4333E-4 6.88446E-4 6.77778E-4 0.001109528 9.23645E-4 6.93242E-4 7.56567E-4 8.61023E-4 0.001039907 4.66855E-4 1.02141E-4 1.43623E-4 1.18418E-4 1.09122E-4 1.5298E-4 1.64542E-4 1.30294E-4 1.24573E-4 1.15405E-4 1.37257E-4 2.84693E-4 5.78782E-4 5.76326E-4 5.4965E-4 6.68811E-4 5.90228E-4 5.94026E-4 2.91869E-4 5.8475E-4 3.37654E-4 3.43558E-4 6.80145E-4 8.66652E-4 6.2992E-4 6.25206E-4 5.3987E-4 6.35155E-4 6.70312E-4 6.14364E-4 7.32338E-4 3.19199E-4 6.91819E-4 8.38259E-4 7.07446E-4 6.84473E-4 8.45337E-4 7.17095E-4 7.33798E-4 8.77372E-4 3.79636E-4 7.60767E-4 6.89116E-4 7.8972E-4 6.90098E-4 6.25033E-4 7.69267E-4 9.0257E-4 6.21893E-4 8.2808E-4 8.27806E-4 1.29256E-4 1.03363E-4 9.5584E-5 9.6517E-5 1.00304E-4 7.542E-5 1.35532E-4 8.8118E-5 1.26384E-4 1.1912E-4 9.4482E-5 1.22946E-4 8.4344E-5 8.9722E-5 1.21715E-4 9.9397E-5 6.3757E-5 9.9528E-5 8.3022E-5 8.1255E-5 9.3247E-5 7.7096E-5 1.16141E-4 1.20269E-4 9.2382E-5 1.36257E-4 1.06178E-4 1.22791E-4 1.23252E-4 1.13333E-4 0.001610015 0.001867243 0.001118747 9.28081E-4 0.002365658 9.28563E-4 0.002603792 0.001862907 8.37944E-4 0.001280746 0.001921085 6.91046E-4 5.30131E-4 3.71657E-4 6.18482E-4 3.21074E-4 6.82565E-4 2.26469E-4 5.8125E-4 4.19376E-4 6.24265E-4 4.59237E-4 3.22682E-4 5.13899E-4 5.68785E-4 5.84417E-4 5.48947E-4 3.95825E-4 5.90258E-4 6.20875E-4 3.37423E-4 5.45286E-4 4.59143E-4 3.4445E-4 3.73798E-4 2.80678E-4 3.09279E-4 3.50866E-4 4.20115E-4 5.07136E-4 3.72614E-4 2.33874E-4 4.59689E-4 4.62094E-4 3.40587E-4 4.1701E-4 3.63413E-4 4.69055E-4 3.44016E-4 3.10414E-4 5.09265E-4 3.4214E-4 2.56778E-4 3.07721E-4 3.14695E-4 2.44576E-4 3.69598E-4 3.65575E-4 3.69381E-4 5.37451E-4 3.77879E-4 3.71309E-4 3.25736E-4 1.96067E-4 4.74764E-4 5.20089E-4 6.58164E-4 5.55913E-4 5.61007E-4 4.38849E-4 3.12105E-4 5.20385E-4 4.71874E-4 5.98186E-4 5.82226E-4 4.55013E-4 6.50335E-4 5.93733E-4 3.68658E-4 4.52008E-4 3.7627E-4 6.19373E-4 5.03475E-4 2.42196E-4 3.50296E-4 2.87823E-4 6.72945E-4 2.75376E-4 3.73381E-4 6.8357E-4 3.91737E-4 3.66612E-4 3.76041E-4 3.52613E-4 3.63993E-4 3.90655E-4 4.00892E-4 6.99427E-4 3.62754E-4 4.91385E-4 5.86381E-4 7.55815E-4 4.39036E-4 4.24248E-4 4.26792E-4 4.34719E-4 3.29886E-4 2.97838E-4 3.08226E-4 2.84906E-4 3.59394E-4 7.04357E-4 1.97517E-4 2.81024E-4 1.78229E-4 3.50485E-4 3.59417E-4 4.05504E-4 3.06839E-4 6.7057E-4 7.1158E-5 6.5657E-5 8.4363E-5 8.3542E-5 8.6226E-5 9.8979E-5 1.13657E-4 1.28137E-4 1.69706E-4 9.326E-5 1.01514E-4 9.9552E-5 1.39045E-4 9.543E-5 8.5445E-5 1.35683E-4 8.852E-5 1.31348E-4 9.2751E-5 1.02314E-4 9.6947E-5 8.8865E-5 6.53E-5 8.0696E-5 1.29531E-4 8.9657E-5 1.35236E-4 8.9203E-5 1.26489E-4 1.20457E-4 6.7895E-5 1.20306E-4 8.6125E-5 1.40898E-4 1.07692E-4 1.3011E-4 9.6264E-5 1.035E-4 9.5122E-5 8.691E-5 1.31781E-4 6.4837E-5 1.05542E-4 8.4531E-5 1.25309E-4 7.9685E-5 8.7267E-5 6.2012E-5 1.42836E-4 9.0807E-5 3.57135E-4 4.10866E-4 3.8861E-4 4.18274E-4 3.84746E-4 2.70246E-4 2.64867E-4 4.06193E-4 3.7967E-4 3.58326E-4 6.87492E-4 3.95717E-4 3.89263E-4 4.24829E-4 4.06668E-4 5.46829E-4 4.16722E-4 4.61693E-4 3.20078E-4 4.53355E-4 3.94908E-4 8.47548E-4 9.04168E-4 4.84155E-4 4.12752E-4 5.68504E-4 6.98565E-4 6.82423E-4 5.59375E-4 7.66118E-4 7.67861E-4 7.40566E-4 3.05409E-4 3.92152E-4 2.77784E-4 4.91451E-4 4.26965E-4 6.59989E-4 7.33317E-4 7.11691E-4 5.39984E-4 6.46046E-4 1.92354E-4 5.19151E-4 6.27407E-4 6.02774E-4 6.73018E-4 5.93535E-4 3.18084E-4 4.69473E-4 5.34304E-4 2.52866E-4 4.48241E-4 4.76815E-4 3.81958E-4 3.62789E-4 4.42847E-4 2.61409E-4 4.5448E-4 4.07367E-4 4.10067E-4 2.65561E-4 3.31133E-4 1.94675E-4 3.98661E-4 4.62252E-4 4.15153E-4 5.81793E-4 7.38338E-4 2.52658E-4 3.8054E-4 6.27909E-4 5.38581E-4 3.48635E-4 3.10809E-4 2.24244E-4 6.04759E-4 2.91153E-4 4.67401E-4 4.52559E-4 5.13783E-4 4.48944E-4 7.01339E-4 5.1428E-4 5.14895E-4 8.43268E-4 8.86196E-4 8.3191E-4 4.7558E-4 7.97452E-4 3.36287E-4 7.60245E-4 2.93289E-4 7.80255E-4 3.94966E-4 7.17173E-4 3.60291E-4 2.94524E-4 4.6272E-4 5.80744E-4 8.46946E-4 4.34377E-4 4.99791E-4 4.05197E-4 6.71452E-4 5.67058E-4 3.53076E-4 4.2732E-4 4.50455E-4 4.19021E-4 3.90314E-4 3.48123E-4 2.51081E-4 6.09766E-4 5.8105E-4 2.53179E-4 4.52611E-4 4.8044E-4 3.51925E-4 4.50053E-4 4.3978E-4 2.59132E-4 5.37791E-4 4.99698E-4 7.65123E-4 8.15591E-4 3.82384E-4 6.06092E-4 3.69675E-4 3.98007E-4 4.1013E-4 3.65478E-4 5.23967E-4 7.2586E-4 7.21913E-4 3.61643E-4 6.7393E-4 5.45351E-4 4.11402E-4 4.90077E-4 7.96681E-4 7.88541E-4 8.26931E-4 4.20432E-4 2.39013E-4 4.76565E-4 4.81193E-4 5.92071E-4 3.96231E-4 4.76076E-4 3.35313E-4 4.46412E-4 3.81204E-4 2.15928E-4 2.96828E-4 4.94471E-4 7.43185E-4 4.25038E-4 4.40035E-4 4.96835E-4 7.84107E-4 4.06748E-4 2.71952E-4 7.5564E-4 5.47689E-4 3.90514E-4 4.74017E-4 2.41419E-4 6.39745E-4 2.78248E-4 7.81131E-4 8.211E-4 8.73152E-4 8.52118E-4 6.39438E-4 6.94492E-4 2.79727E-4 5.8955E-4 4.12482E-4 5.21939E-4 4.50201E-4 5.04651E-4 8.16957E-4 2.89462E-4 2.83051E-4 3.20395E-4 7.74867E-4 6.69078E-4 9.72966E-4 3.10062E-4 2.77269E-4 4.94136E-4 8.74501E-4 7.03805E-4 4.84E-4 7.02183E-4 2.40779E-4 4.43183E-4 2.58884E-4 3.18026E-4 7.1471E-4 6.3527E-4 9.45166E-4 9.26511E-4 9.36629E-4 6.57798E-4 9.45624E-4 0.001080461 6.40779E-4 9.66766E-4 6.91311E-4 9.67756E-4 6.55725E-4 9.34744E-4 6.94936E-4 6.76121E-4 6.99457E-4 6.33671E-4 0.001039887 7.53016E-4 0.001025643 9.7879E-4 6.76141E-4 0.001036525 6.8306E-4 0.001012746 6.93515E-4 6.57686E-4 6.5213E-4 6.95412E-4 6.33723E-4 7.02907E-4 0.001012457 0.001052537 0.001038923 7.34449E-4 7.62662E-4 7.21619E-4 7.63117E-4 7.65105E-4 7.67527E-4 0.001153809 7.69625E-4 7.36512E-4 0.001042117 9.8128E-4 6.73432E-4 6.53364E-4 9.99761E-4 9.69471E-4 0.001053469 7.08607E-4 6.47148E-4 9.85702E-4 6.98101E-4 6.22116E-4 9.77084E-4 9.85811E-4 9.96698E-4 6.82229E-4 0.001017229 6.77975E-4 6.65605E-4 0.001033902 0.001029688 9.9841E-4 6.76055E-4 9.90896E-4 6.88822E-4 0.001050791 9.7015E-4 6.90702E-4 6.80215E-4 9.77746E-4 0.001007899 0.001011785 0.001043934 7.21061E-4 0.001090982 6.72372E-4 6.72774E-4 6.89835E-4 0.001019048 0.001007412 7.11309E-4 0.001062066 7.1852E-4 6.54063E-4 6.75515E-4 9.86988E-4 9.72974E-4 7.10565E-4 6.91984E-4 6.85974E-4 6.61085E-4 6.69053E-4 6.57588E-4 6.92045E-4 6.85786E-4 6.26769E-4 6.60055E-4 9.72978E-4 9.57616E-4 9.81807E-4 7.11608E-4 7.0243E-4 6.66488E-4 6.54359E-4 9.97829E-4 7.05532E-4 6.99577E-4 0.001044631 0.001017652 6.80139E-4 0.001003721 0.001073824 9.83628E-4 6.63776E-4 6.53349E-4 6.87484E-4 6.6317E-4 9.95859E-4 6.98561E-4 0.001024282 0.001012731 9.9767E-4 9.73358E-4 0.001015652 9.64942E-4 7.12183E-4 9.67443E-4 9.46463E-4 7.06546E-4 6.8799E-4 0.001004129 0.001073657 7.16481E-4 6.54976E-4 6.48318E-4 0.001013877 9.97199E-4 7.51522E-4 6.73436E-4 6.40422E-4 6.36051E-4 0.001022633 6.64361E-4 0.001064284 6.62401E-4 6.85317E-4 6.60419E-4 0.001008814 6.72224E-4 9.61918E-4 9.80017E-4 9.69444E-4 6.87217E-4 0.001018616 6.65663E-4 6.28567E-4 6.39708E-4 6.60475E-4 0.001064663 0.001024719 9.90295E-4 6.74211E-4 6.55513E-4 9.82889E-4 9.63294E-4 6.94021E-4 0.001024131 9.85975E-4 0.00101851 9.84668E-4 9.94904E-4 0.001017995 9.79845E-4 9.68899E-4 9.65243E-4 0.001015785 7.1505E-4 6.9717E-4 9.94059E-4 0.001073578 7.49497E-4 6.54492E-4 6.99588E-4 9.79168E-4 9.65803E-4 0.00100694 6.92191E-4 6.75613E-4 6.88564E-4 9.87378E-4 6.64993E-4 9.94158E-4 7.01654E-4 7.15782E-4 6.92895E-4 6.88761E-4 6.40953E-4 6.66635E-4 6.47132E-4 0.001009084 0.001038088 0.001004845 0.001010596 0.00100053 9.93371E-4 0.00103046 6.79877E-4 6.42098E-4 7.39832E-4 0.001004951 7.08545E-4 0.001056123 6.84063E-4 9.70443E-4 9.78605E-4 7.33415E-4 6.50078E-4 0.001048578 6.7595E-4 0.001068437 9.39885E-4 6.89924E-4 6.55922E-4 0.001030552 7.19256E-4 0.001010115 6.68999E-4 9.93687E-4 6.7564E-4 9.93233E-4 7.40022E-4 6.46368E-4 7.19854E-4 6.43681E-4 9.77181E-4 6.87236E-4 9.731E-4 7.05543E-4 0.001014939 6.76827E-4 6.62362E-4 0.001045176 6.92305E-4 9.83481E-4 6.85496E-4 9.90769E-4 7.21854E-4 0.001050676 9.6997E-4 0.001036014 0.001009916 7.14939E-4 9.45997E-4 0.00110368 6.59661E-4 0.001220324 9.70389E-4 6.61544E-4 6.79776E-4 0.00102228 0.001008002 6.84408E-4 6.31789E-4 6.58749E-4 9.85675E-4 7.18413E-4 6.4069E-4 0.001076657 0.00111907 0.001001738 7.8465E-4 0.001004437 9.81895E-4 0.00106185 0.001074539 9.73888E-4 8.25738E-4 0.001051568 9.7787E-4 0.001077266 0.001089383 7.51382E-4 0.001091059 8.12521E-4 8.38923E-4 0.001089484 0.001012831 0.001063254 8.7298E-4 0.00114505 7.57937E-4 7.55794E-4 7.15166E-4 0.001107767 7.60432E-4 0.001051824 0.001037659 7.87639E-4 0.001009538 0.001056763 7.74826E-4 9.97013E-4 0.001088443 0.001061976 8.10552E-4 7.55361E-4 7.93975E-4 7.83208E-4 8.14226E-4 0.001069845 7.74807E-4 7.48593E-4 8.16384E-4 0.001060202 8.08074E-4 0.001007188 8.32651E-4 7.46926E-4 7.71615E-4 0.001091119 7.43813E-4 7.78792E-4 7.85711E-4 0.001077558 0.001015706 8.12422E-4 7.75486E-4 7.66692E-4 7.45046E-4 7.14302E-4 7.94131E-4 0.001017572 8.48457E-4 7.72804E-4 7.10538E-4 0.001055639 0.001033111 7.90381E-4 0.001081473 9.91584E-4 8.36171E-4 0.001079622 6.62567E-4 6.54956E-4 6.22947E-4 6.46112E-4 6.7794E-4 0.001110863 0.001044429 0.001058383 6.5818E-4 6.28863E-4 6.46466E-4 0.001091652 6.69542E-4 6.2997E-4 0.001067285 6.4084E-4 6.69725E-4 6.581E-4 0.001108695 6.75501E-4 0.001073431 6.78469E-4 6.5338E-4 0.001108284 0.001068055 0.001098955 0.001067156 7.12058E-4 6.62319E-4 0.001054265 0.001058845 6.64349E-4 0.00111779 0.001041734 0.001356152 8.33189E-4 0.001308593 0.001304946 0.001311755 7.84411E-4 7.90044E-4 0.001254987 0.001259967 0.001081159 0.001044927 6.97489E-4 6.78916E-4 0.001077425 6.62396E-4 6.80452E-4 6.35062E-4 0.001097119 0.001066561 6.59463E-4 0.001068751 0.00106271 6.51678E-4 0.001056329 7.13254E-4 6.71468E-4 0.001078029 0.001061145 6.61921E-4 6.5659E-4 6.62765E-4 6.80942E-4 6.45119E-4 6.56927E-4 6.65729E-4 6.54858E-4 0.001045653 6.54597E-4 0.001103034 6.80902E-4 6.62428E-4 6.45582E-4 6.35309E-4 0.001111606 0.001054904 0.001103072 6.56309E-4 0.001073996 6.73352E-4 6.20187E-4 0.001085466 6.81795E-4 0.001046948 6.68417E-4 0.001107987 6.68543E-4 0.001084652 6.61818E-4 0.001072443 0.00106084 6.67243E-4 6.46331E-4 0.00114928 0.001098869 6.57284E-4 6.60561E-4 6.53806E-4 0.001058282 6.67447E-4 0.001085297 0.001130903 0.001094318 0.001033394 6.61698E-4 0.001095285 0.001037426 6.72491E-4 0.001109671 7.37272E-4 6.72307E-4 0.001086501 6.73385E-4 6.62895E-4 0.001175359 6.92421E-4 6.94398E-4 0.001084141 0.001073688 7.03368E-4 6.58547E-4 0.001104859 0.001062103 6.86854E-4 6.56537E-4 0.001097492 6.70816E-4 0.00109252 0.00107527 0.001058084 0.001057845 6.86506E-4 0.001088506 0.001044605 0.001122503 6.9793E-4 0.001057675 7.09685E-4 0.001082546 0.001104656 0.001040476 6.63587E-4 6.67497E-4 6.94567E-4 0.001070822 0.001056317 6.81972E-4 0.001079121 6.94882E-4 6.44176E-4 0.001059226 7.01407E-4 6.38243E-4 6.70616E-4 0.001077939 0.001115897 6.58442E-4 6.78312E-4 0.001074537 6.75054E-4 0.001114707 6.7552E-4 0.001116317 0.001048182 0.001052356 0.001052969 0.001062718 6.77112E-4 0.001077372 6.63619E-4 6.67296E-4 0.001100214 6.85685E-4 6.47092E-4 6.88433E-4 6.3565E-4 0.001084149 6.78029E-4 6.52725E-4 0.001089565 0.001085903 6.5433E-4 0.00106496 0.001031409 0.001031036 0.001091393 0.001064931 7.34733E-4 0.001070714 6.76243E-4 6.54368E-4 0.001061608 0.001058133 0.001048233 0.001058608 6.80402E-4 6.43932E-4 0.001063651 0.001037018 0.00102403 6.73573E-4 0.001091111 0.001047421 6.43314E-4 0.001065021 6.82867E-4 6.35354E-4 6.42331E-4 6.48608E-4 0.001041516 0.001046444 0.001024869 6.66924E-4 6.55388E-4 0.001132282 0.001065744 0.001049436 0.001049316 6.69779E-4 0.001079394 6.69852E-4 6.52642E-4 0.001049674 0.001085748 0.001057013 6.7003E-4 6.25474E-4 6.38246E-4 6.15987E-4 0.001065797 0.001075385 0.001070274 0.001046557 0.001060751 0.001060258 0.001064831 0.00106871 6.7286E-4 8.89115E-4 0.001068862 0.001029743 0.001014853 6.7532E-4 0.001062034 6.62962E-4 0.001040893 0.001010109 0.001011481 6.81622E-4 0.001072309 0.001048933 0.001065059 0.001049038 0.001056962 0.00106341 0.001071809 0.00105359 0.001072696 0.001051778 0.001065712 6.57286E-4 0.001081152 0.001063618 6.70447E-4 0.001058847 0.001039911 6.73251E-4 0.001067466 0.001041813 0.001055252 0.001050367 6.48392E-4 6.52717E-4 6.47095E-4 0.001083717 6.75086E-4 0.001079513 0.001039921 0.001067425 0.001035916 6.80294E-4 6.35605E-4 0.001053334 6.50229E-4 0.001081056 6.82197E-4 6.28605E-4 0.001102889 0.00104289 0.00102937 0.001298009 7.95191E-4 8.01572E-4 8.12909E-4 0.001284632 8.11024E-4 7.31646E-4 7.3819E-4 7.60531E-4 7.56194E-4 7.51832E-4 6.7651E-4 6.67411E-4 0.001070098 0.001075561 0.001033739 6.51177E-4 0.001071067 6.74402E-4 0.001063427 6.56178E-4 0.001059649 0.001077734 6.86693E-4 0.001076011 0.001065591 6.56709E-4 6.55642E-4 6.57168E-4 6.45667E-4 6.35323E-4 6.3349E-4 0.001059182 0.001080006 6.83241E-4 6.5883E-4 0.001108669 6.72044E-4 0.001087531 6.81739E-4 6.35689E-4 6.88247E-4 6.68546E-4 6.50883E-4 0.001102304 6.89933E-4 6.4687E-4 0.001103952 6.63817E-4 6.62226E-4 6.52464E-4 6.51371E-4 6.7726E-4 0.001097441 6.56532E-4 0.001071201 6.76473E-4 6.34984E-4 0.001099034 0.001054241 6.5581E-4 6.40388E-4 0.001054043 6.7557E-4 6.6176E-4 6.50347E-4 6.37673E-4 0.001076011 0.001059082 0.001071616 6.89826E-4 6.56726E-4 6.53876E-4 0.001080153 6.83875E-4 6.72002E-4 6.59209E-4 6.64828E-4 6.29056E-4 6.50016E-4 0.001095867 0.001060942 0.001071832 0.001057575 0.001095879 6.73123E-4 0.001083753 0.001025046 0.001075978 0.001063275 6.64239E-4 0.001042273 0.001037681 6.53166E-4 6.39231E-4 0.00105931 6.56879E-4 6.82714E-4 6.42726E-4 0.001080542 6.73499E-4 6.50906E-4 6.60816E-4 6.76424E-4 0.001089101 0.001045243 6.7578E-4 6.32362E-4 6.39925E-4 0.001067596 6.59098E-4 6.6857E-4 6.79674E-4 0.001044746 7.31324E-4 6.34569E-4 6.21856E-4 6.37613E-4 6.65546E-4 6.52249E-4 0.001051784 6.74995E-4 0.001102422 0.001091375 6.93704E-4 6.57213E-4 0.001092193 6.68189E-4 0.001043733 6.70723E-4 0.001071003 0.00105526 0.001047394 6.78825E-4 0.001050454 6.69865E-4 0.001048859 0.001047876 0.001092713 0.001083176 6.4958E-4 0.001089676 0.001058101 6.72517E-4 6.73015E-4 6.90959E-4 0.001083039 7.03255E-4 6.33639E-4 6.624E-4 6.54574E-4 0.001037277 0.001101029 0.001100935 6.65336E-4 6.52554E-4 0.001069607 0.001046985 6.83314E-4 0.001084 0.00105341 6.48185E-4 6.5552E-4 0.001084227 0.001060417 0.001075379 0.001065495 6.80192E-4 0.001076787 6.66051E-4 0.001089088 0.001047206 0.001037716 0.001057428 6.53826E-4 6.29991E-4 6.7862E-4 6.49934E-4 6.59284E-4 6.42544E-4 6.50397E-4 6.76307E-4 6.44993E-4 6.24358E-4 6.6306E-4 6.33867E-4 6.66937E-4 0.001074821 6.8435E-4 0.001070476 6.60843E-4 6.47193E-4 0.001063537 6.6531E-4 0.001059375 7.01042E-4 6.33142E-4 6.76524E-4 6.4264E-4 6.20967E-4 6.419E-4 0.001047116 6.70902E-4 7.20249E-4 6.91234E-4 6.89413E-4 0.001089405 0.001121758 0.001137834 6.7938E-4 0.001106902 0.001140702 7.26349E-4 6.51307E-4 0.001142753 6.84989E-4 7.16707E-4 0.00114462 6.99332E-4 0.001121908 0.001118456 7.23069E-4 6.72695E-4 7.01498E-4 0.001171452 0.001165275 6.99336E-4 6.66595E-4 0.001107544 6.77047E-4 0.001111364 6.96694E-4 0.001130167 7.1754E-4 0.001137549 0.001064176 0.001083811 7.11862E-4 6.82437E-4 0.00110772 6.90547E-4 0.0011648 7.36192E-4 0.001107182 0.001140172 7.26904E-4 0.001144692 7.29264E-4 6.71193E-4 0.001148034 6.81818E-4 6.9279E-4 0.001137612 7.26576E-4 6.65237E-4 6.76954E-4 6.78582E-4 0.001096694 0.001133698 6.8419E-4 7.01484E-4 6.73595E-4 0.001116184 0.001088718 7.01081E-4 0.001145439 7.16733E-4 0.001130547 0.001089788 6.77255E-4 0.001142902 6.93106E-4 6.86281E-4 0.001126034 0.001120043 0.001118923 0.00115075 0.001121484 6.90583E-4 6.7625E-4 0.001153937 0.00111932 6.93017E-4 6.71907E-4 6.72358E-4 6.64814E-4 6.85761E-4 6.63144E-4 0.001149034 7.08233E-4 6.65844E-4 6.74068E-4 6.79984E-4 0.001106191 6.86965E-4 0.001114293 0.00110329 7.3049E-4 6.83773E-4 6.61827E-4 0.001104488 7.14361E-4 6.89243E-4 0.001111073 6.98182E-4 0.001117206 7.1491E-4 6.63347E-4 6.67718E-4 0.001117779 0.001103912 0.001139537 0.001212613 0.001123786 0.001095106 0.001127632 6.72475E-4 6.67935E-4 6.87662E-4 6.48008E-4 0.001116217 0.001111503 0.001118165 0.001112547 0.001111407 0.001089671 0.001068557 0.001030101 6.80499E-4 0.001068564 6.76085E-4 0.001046072 6.71339E-4 6.57076E-4 6.72908E-4 6.53416E-4 6.37625E-4 0.001072331 0.001064496 6.76852E-4 0.001056382 6.86412E-4 6.79725E-4 6.39587E-4 6.77199E-4 0.001070837 0.001095417 0.001079901 0.00106251 6.78572E-4 0.001082447 0.001071866 0.001080581 6.95047E-4 6.53521E-4 0.001056955 0.001047684 0.00105798 6.81623E-4 0.001043104 0.001066344 0.001068244 0.001057147 0.001065435 0.001085711 0.001113639 0.001064961 6.69612E-4 0.001090513 6.5707E-4 6.50708E-4 6.37586E-4 0.00109202 0.001053363 6.67307E-4 0.001074953 6.77678E-4 0.00105267 0.001063013 0.001067422 0.001052202 0.001077929 6.5838E-4 6.35823E-4 0.001109636 0.001048661 0.001088627 0.001070405 0.001049108 0.001044844 0.001040777 6.57882E-4 6.3884E-4 0.001061115 0.001046833 0.00106717 6.6122E-4 6.71866E-4 0.001079089 0.001064346 0.001041297 0.001047009 0.001086379 7.03958E-4 0.001062757 0.00110427 6.69241E-4 0.001055109 6.74602E-4 6.43366E-4 0.001045303 0.001083345 0.001078619 6.38001E-4 0.001069818 0.001050459 0.001062539 0.001037963 6.64293E-4 6.3446E-4 0.001062782 0.001046456 6.4824E-4 0.001083282 0.001066637 0.00106329 0.001067459 0.001046028 0.001078767 6.62492E-4 0.001068239 0.001029839 0.001045159 7.01283E-4 6.62162E-4 0.001076531 7.78215E-4 6.60887E-4 6.43173E-4 0.001100002 0.001045299 6.98526E-4 6.6032E-4 0.001083248 6.9182E-4 0.0011121 0.00106086 0.001086455 6.78023E-4 0.001066511 6.50786E-4 6.54849E-4 6.78886E-4 0.00108774 6.86515E-4 6.59649E-4 6.62863E-4 0.001075142 0.001084344 0.001044617 6.56341E-4 0.001064239 0.001067444 6.69942E-4 6.5245E-4 0.001089404 6.78953E-4 0.001075867 0.001061669 6.55986E-4 6.48781E-4 6.69198E-4 0.001068139 6.75116E-4 0.001103214 6.68636E-4 0.001088083 0.001063297 0.001049483 0.001050839 6.70302E-4 6.48646E-4 0.001102442 0.001031229 0.001057096 6.63933E-4 6.55793E-4 0.001079986 0.001079202 6.70253E-4 6.34492E-4 6.34026E-4 0.001042766 6.57533E-4 0.001072131 0.001064761 6.48822E-4 0.001101267 0.001058618 0.001038766 0.001059467 6.71567E-4 6.43936E-4 6.88134E-4 6.46688E-4 0.001105308 6.63985E-4 0.001059351 0.001047088 6.68627E-4 6.48723E-4 6.80126E-4 6.68855E-4 0.001090375 6.58463E-4 6.54131E-4 6.28277E-4 6.45466E-4 0.001063329 6.45604E-4 0.001047782 6.6181E-4 6.47211E-4 6.63929E-4 6.81219E-4 0.00107103 6.83261E-4 6.20883E-4 0.001073014 0.00105304 0.001059382 9.50313E-4 0.001086186 6.88073E-4 0.00105515 7.01915E-4 6.32044E-4 6.51514E-4 0.001068156 0.001058455 6.54088E-4 0.001089814 6.9692E-4 0.001089673 0.001067067 0.001093818 0.001064805 0.001070969 6.61144E-4 0.001081392 6.67511E-4 0.001057335 0.001070413 0.001092022 0.001060354 0.001085217 0.001044326 0.001042801 0.001084914 6.76913E-4 0.001102058 0.001041552 6.72598E-4 6.42354E-4 0.001074327 0.001124289 6.88429E-4 0.001087758 0.001093898 0.001059059 6.90475E-4 6.62654E-4 6.5582E-4 0.001076507 0.001057976 0.001066118 0.001075875 0.001083613 0.001059451 6.77499E-4 0.001088202 0.00107813 7.31829E-4 0.001113844 0.001104152 6.62136E-4 6.74978E-4 0.001085004 7.20273E-4 0.00108728 6.97728E-4 6.3905E-4 0.001098978 0.001073391 0.001064878 0.001085683 6.66735E-4 0.001127277 0.001051699 0.001068554 0.00109504 6.84377E-4 0.00109092 0.001075542 0.001087021 6.87497E-4 0.001079791 0.001088263 0.001078731 6.68489E-4 0.001080299 0.001320979 0.001284056 7.9413E-4 7.7139E-4 0.001297014 0.001240513 0.001221514 0.001166913 0.001105625 6.794E-4 0.001082758 0.001057172 6.96742E-4 6.93205E-4 0.001122121 7.00548E-4 0.001073108 0.001071051 0.001084442 6.84356E-4 6.56332E-4 6.5896E-4 0.001105741 0.001090341 0.001076658 6.67577E-4 6.70887E-4 0.001072264 0.001102875 0.001047165 7.15557E-4 6.91361E-4 7.70102E-4 7.81087E-4 0.001195219 6.89557E-4 7.12558E-4 6.60876E-4 6.79234E-4 7.60463E-4 0.001106974 0.001102431 0.001128503 0.001072801 7.01827E-4 6.67314E-4 6.58886E-4 0.001103972 0.001094778 0.001072165 6.66083E-4 6.65405E-4 0.001065683 6.9934E-4 6.91281E-4 6.79736E-4 0.001099377 0.001097005 6.92209E-4 0.001131824 0.001096957 0.001076763 0.001078395 0.001057664 7.01893E-4 0.00108691 6.86532E-4 6.61164E-4 6.75836E-4 6.71406E-4 6.80243E-4 6.66555E-4 6.60483E-4 6.73406E-4 0.001083717 0.001113355 6.93864E-4 6.82991E-4 6.59095E-4 6.62427E-4 0.001058073 0.001094592 7.61645E-4 6.79605E-4 0.001099356 6.7189E-4 0.001117527 0.001063602 6.58955E-4 0.001080663 6.82696E-4 0.001094635 7.21656E-4 6.64584E-4 6.6167E-4 6.70659E-4 0.001092397 0.001079971 6.84566E-4 6.64001E-4 0.001112434 0.00110019 0.001087264 0.001082096 0.001069349 0.001057833 6.93917E-4 6.79259E-4 6.77404E-4 6.53714E-4 6.60703E-4 0.001090293 7.14527E-4 6.9745E-4 0.001089171 7.06027E-4 0.001074143 0.00104742 0.00106084 0.001089785 6.88881E-4 6.54311E-4 6.92199E-4 6.80175E-4 6.79959E-4 0.001079596 6.88777E-4 0.00108027 7.0597E-4 0.001069506 7.17122E-4 8.28067E-4 0.001062625 0.001119047 0.00111039 0.001096909 7.30606E-4 0.001092426 6.93587E-4 0.001093721 7.04691E-4 7.06215E-4 7.02849E-4 6.62557E-4 0.001110413 0.001188187 0.00107798 0.001077953 6.8538E-4 6.44819E-4 0.001196553 7.23199E-4 6.64675E-4 6.7951E-4 0.001090922 7.05323E-4 0.001073041 6.9789E-4 7.31664E-4 6.81454E-4 0.001107566 7.19281E-4 0.001097146 7.04048E-4 6.73514E-4 0.001094094 0.001132539 0.001072533 7.07985E-4 0.001119337 6.92242E-4 6.85896E-4 0.001139331 0.001148436 7.15273E-4 0.001201714 6.83928E-4 6.92665E-4 6.60502E-4 6.49195E-4 0.00110403 6.79771E-4 6.56591E-4 6.96223E-4 0.001096285 0.00105925 7.39864E-4 0.001084332 0.001063746 0.001105051 7.17768E-4 0.001121453 0.001099907 0.001092591 0.001113785 6.72837E-4 0.001126039 7.1013E-4 6.50366E-4 0.001103395 0.001119422 7.28505E-4 0.00110431 0.001076828 7.22691E-4 0.001102957 6.94958E-4 6.84408E-4 0.001124311 0.001098657 0.001082733 6.87725E-4 0.001121096 0.001100189 0.001157386 7.14159E-4 6.98761E-4 6.85923E-4 0.001119818 7.39332E-4 6.73265E-4 0.001108459 0.001136715 0.001134388 0.001118884 6.86955E-4 0.001102929 0.001098217 7.11971E-4 6.567E-4 0.001130165 7.17974E-4 0.001090155 7.52324E-4 0.001144317 7.20855E-4 0.001154462 0.001059692 0.001136991 0.00111113 6.88642E-4 0.001149564 7.1188E-4 0.001151872 0.001119601 7.48907E-4 7.61311E-4 0.001167555 0.001127474 6.93114E-4 0.00115022 6.8792E-4 7.23026E-4 0.001132281 7.68905E-4 0.001116114 7.1579E-4 6.88922E-4 6.71638E-4 6.96542E-4 0.001088778 7.03473E-4 0.001121412 0.001063529 7.09233E-4 0.001150608 0.001140509 6.89115E-4 6.68488E-4 0.001143181 0.001147973 7.17437E-4 0.00111383 7.36144E-4 6.85391E-4 0.001342039 0.001845707 0.001134396 0.00158589 6.72679E-4 0.001077303 6.89071E-4 0.001094256 6.73956E-4 7.51956E-4 6.98373E-4 0.001142646 6.91703E-4 0.001081009 6.87662E-4 7.1234E-4 6.80592E-4 7.10975E-4 6.61517E-4 0.00108237 0.001089965 0.00159963 0.001558609 0.001512778 9.84959E-4 0.001569047 0.00103201 0.001553956 0.001045833 0.001051961 9.45455E-4 9.90807E-4 0.001625976 9.82411E-4 0.001579023 8.79882E-4 0.001363697 8.78686E-4 0.001377703 8.7766E-4 0.001356411 0.001287394 0.001275344 0.001282546 0.001180809 6.89629E-4 0.001083083 7.24478E-4 6.89258E-4 0.001102873 0.001066201 7.07085E-4 0.001094279 7.48185E-4 0.001095236 0.001206184 0.001122193 0.001099064 0.001093629 0.001096797 6.92112E-4 0.001121509 0.00107677 8.27916E-4 0.001103888 6.92378E-4 0.001106346 7.61048E-4 0.001096593 6.93368E-4 6.84056E-4 6.63227E-4 6.93273E-4 6.8699E-4 6.6716E-4 6.95133E-4 6.47028E-4 0.001111084 0.001102785 7.15687E-4 0.001156107 0.001060992 0.001090684 6.84017E-4 0.001120797 0.001107893 6.74515E-4 0.001094378 0.001110224 7.06313E-4 6.70814E-4 6.75932E-4 6.48834E-4 0.001107199 6.94644E-4 6.7688E-4 8.21847E-4 6.60221E-4 0.001094412 0.001113571 7.19206E-4 0.001090223 0.001074077 0.001077155 0.001063318 6.6321E-4 0.001129148 0.00107093 0.00107396 7.0775E-4 0.00108312 0.001124972 6.74092E-4 0.001049895 0.001093989 0.001065422 7.01517E-4 0.001113817 0.001701491 6.70841E-4 0.001096688 6.63642E-4 6.70896E-4 0.001069977 0.001066524 7.166E-4 0.001118658 0.001083292 6.7773E-4 6.7078E-4 6.45706E-4 0.001081462 0.001104484 6.82757E-4 6.71491E-4 0.001099073 0.001071682 0.001102533 0.001117049 7.93753E-4 0.001154312 0.001093409 6.8981E-4 6.4916E-4 7.04708E-4 0.001067323 0.001060864 7.10818E-4 6.69164E-4 0.001051466 9.62397E-4 0.001563786 0.001522453 0.001009238 0.001609148 0.00162168 0.001043048 9.02214E-4 9.66791E-4 9.59248E-4 0.001466178 9.49132E-4 8.5155E-4 8.90267E-4 0.001394843 0.001175564 0.001146192 0.001145867 7.08941E-4 7.12837E-4 7.12069E-4 6.81292E-4 6.94588E-4 6.88138E-4 6.79332E-4 0.001205556 7.35613E-4 6.59111E-4 0.001124718 0.001103048 7.00125E-4 0.001156087 6.94011E-4 0.001153416 7.23761E-4 0.001084468 7.07377E-4 6.90084E-4 0.001127358 0.001098733 6.89851E-4 6.81071E-4 0.001081113 0.001086608 6.98825E-4 0.001114201 6.86711E-4 0.001101121 0.00113353 6.83553E-4 6.85943E-4 0.001113047 7.166E-4 0.001087931 0.001058049 6.62157E-4 6.78912E-4 0.001109494 6.86265E-4 0.001101324 6.88995E-4 0.00111296 6.94772E-4 6.95324E-4 6.86216E-4 6.65257E-4 6.88342E-4 0.00112047 6.83014E-4 0.001108989 7.16561E-4 0.001075217 0.001087949 6.83437E-4 6.73665E-4 6.97726E-4 6.89448E-4 6.53617E-4 6.69884E-4 6.49376E-4 0.001098544 7.12754E-4 6.73338E-4 7.38039E-4 0.001074844 0.001122595 0.001096149 7.0852E-4 6.96127E-4 0.001126668 0.001095432 6.79359E-4 0.001073533 0.001063954 0.001099272 6.97976E-4 0.001077095 0.001122646 0.001191938 7.11064E-4 0.001119488 0.001060818 0.00112409 6.98505E-4 0.001093538 7.2442E-4 0.001125831 7.1255E-4 0.001132875 0.001116946 7.22756E-4 7.1695E-4 6.76305E-4 6.86294E-4 0.001122621 0.001065891 7.4902E-4 6.99745E-4 0.00112245 0.001099317 6.94436E-4 6.62492E-4 0.001120655 7.58238E-4 6.58582E-4 7.0221E-4 6.84033E-4 6.48788E-4 6.60505E-4 6.81172E-4 6.56833E-4 0.001113067 6.79628E-4 6.53558E-4 0.001152044 7.05793E-4 6.82606E-4 6.51593E-4 6.4698E-4 6.9116E-4 6.96244E-4 0.001083307 0.001053955 0.001083217 6.96753E-4 0.001113885 6.89231E-4 6.6568E-4 6.633E-4 0.001069066 7.10918E-4 0.00109917 7.517E-4 0.00112627 6.91848E-4 6.59909E-4 6.50918E-4 0.001077034 6.76122E-4 0.00108324 7.10104E-4 7.48512E-4 6.58472E-4 6.53088E-4 0.001104761 0.00115314 0.001235785 0.001103581 7.37663E-4 7.13055E-4 6.72808E-4 6.91829E-4 0.001100785 0.001062583 0.001065225 0.001103366 0.001100892 6.67342E-4 6.93796E-4 0.001099577 0.001130159 7.0855E-4 6.89751E-4 6.50958E-4 0.001076425 0.001106199 6.84306E-4 6.82164E-4 0.001165476 7.03043E-4 6.93304E-4 0.001101266 8.23468E-4 0.00129492 0.001295062 0.001340435 8.47426E-4 8.47795E-4 8.36221E-4 8.49922E-4 0.001385183 8.69325E-4 0.001335874 0.001340216 0.001291025 8.5529E-4 8.22168E-4 0.001269438 0.001285186 8.77518E-4 0.001281464 0.001192404 7.15034E-4 0.00109363 6.7617E-4 6.90169E-4 6.85998E-4 7.52367E-4 0.001073783 0.001074186 6.88562E-4 0.0010965 7.13801E-4 6.70026E-4 7.02211E-4 6.98651E-4 6.58828E-4 6.67331E-4 6.79832E-4 6.99891E-4 0.001074565 0.001117549 0.001076689 7.06263E-4 6.8179E-4 0.001145749 7.39508E-4 0.001106421 0.001140266 7.43874E-4 7.92445E-4 0.00109212 6.87102E-4 6.65527E-4 6.90078E-4 0.001109476 0.001104315 0.001144497 6.99716E-4 7.25671E-4 6.90836E-4 0.001118616 7.02345E-4 0.001107135 6.90391E-4 0.001096009 0.001071457 0.001058504 0.001082694 7.18478E-4 0.001119143 7.34334E-4 0.001109221 6.71289E-4 6.5816E-4 0.001087782 0.001071976 7.11494E-4 6.61533E-4 6.71611E-4 0.001105982 6.75517E-4 0.001073445 6.66125E-4 6.63891E-4 7.03429E-4 0.001105892 0.001103466 6.66378E-4 0.001079145 0.001064527 6.88099E-4 0.001094009 0.001242366 0.001094233 0.001045449 9.88406E-4 0.001172862 7.47582E-4 6.9252E-4 0.001132141 0.001069973 7.19715E-4 0.001106582 6.76196E-4 0.001130622 0.001085766 7.52518E-4 6.97413E-4 7.01736E-4 0.001101352 0.001082139 6.71509E-4 0.001126914 6.99E-4 6.95843E-4 6.81141E-4 0.001090651 0.001151339 7.22212E-4 7.00148E-4 6.9692E-4 6.73996E-4 0.001107702 6.73361E-4 6.85741E-4 7.1611E-4 7.16494E-4 0.001122129 0.001066196 6.99561E-4 6.67096E-4 6.86595E-4 6.80726E-4 6.78066E-4 0.001100829 6.81421E-4 0.00107598 0.001117656 0.001124332 0.001098548 0.001105699 0.001085728 0.001103166 0.001105736 6.76666E-4 0.001080902 0.001087906 0.001103247 7.50073E-4 6.78215E-4 0.00112188 0.001057985 0.00106687 7.35788E-4 0.001096016 6.978E-4 7.0197E-4 0.001147292 0.001088925 0.001122458 0.00113918 7.10827E-4 0.001063978 7.33275E-4 6.72608E-4 0.001065138 6.61457E-4 0.001125298 7.09746E-4 0.001069385 0.001143572 0.001131417 6.72578E-4 0.001068091 6.87134E-4 6.80599E-4 7.08212E-4 0.001081637 0.001082444 0.001057605 6.84218E-4 0.001107134 0.001069834 0.001044626 7.01732E-4 6.91342E-4 0.001091716 6.74177E-4 6.68976E-4 6.35096E-4 6.59741E-4 0.001086279 0.001078268 7.12037E-4 0.001099401 0.001071834 0.001087668 7.18615E-4 6.87255E-4 6.53359E-4 0.001068853 6.93742E-4 6.95199E-4 0.001293026 0.001079516 0.001069942 0.001147273 0.001069729 7.03122E-4 6.58425E-4 0.001230485 0.001073617 0.001096038 0.001090599 7.27333E-4 0.001098972 6.81496E-4 7.09385E-4 0.001107256 6.80248E-4 6.98893E-4 0.001083363 7.04879E-4 0.0010845 0.00107538 7.06566E-4 6.81292E-4 0.001130573 0.001179048 7.01019E-4 6.71517E-4 0.0011434 7.30335E-4 0.001114493 0.001149978 7.16504E-4 0.001064944 7.30176E-4 6.93366E-4 0.001071059 6.99969E-4 6.91036E-4 7.12304E-4 7.03626E-4 0.001085852 7.31723E-4 0.001109565 0.001096289 7.52103E-4 6.86495E-4 6.76578E-4 6.65315E-4 0.001103903 0.001107093 0.001115483 6.97135E-4 6.99861E-4 6.8367E-4 0.00109256 7.35149E-4 0.001093855 0.001132427 0.001064384 6.87574E-4 0.001092815 0.001077142 6.68185E-4 0.001155446 7.20969E-4 6.63066E-4 7.53697E-4 0.001133966 0.001088223 0.001087195 7.09653E-4 0.001087468 0.001126537 6.90659E-4 6.89093E-4 6.64497E-4 7.13221E-4 0.001114404 0.001084826 0.001063037 0.001099162 7.39613E-4 6.46369E-4 0.001085611 0.001110453 0.001130994 0.001072208 6.98828E-4 0.001143706 6.70454E-4 0.001111053 6.84319E-4 6.78981E-4 7.16439E-4 7.07469E-4 0.001100109 0.00110039 0.001071103 7.54633E-4 6.53571E-4 6.53782E-4 6.79929E-4 6.89448E-4 0.001101098 7.11184E-4 0.001096863 0.001071624 7.20018E-4 6.9753E-4 0.001107114 0.001114664 0.001131918 0.001086559 0.001107614 7.27333E-4 0.001100124 7.74605E-4 0.001120071 7.08575E-4 6.77602E-4 8.35102E-4 0.001175135 0.001110706 0.001127147 6.96511E-4 7.32236E-4 6.65334E-4 7.27169E-4 6.88483E-4 7.28981E-4 0.001110647 6.91144E-4 6.60179E-4 6.66536E-4 7.38402E-4 0.001100974 0.001074471 0.001102487 7.24712E-4 6.8818E-4 7.14005E-4 6.67191E-4 6.71385E-4 6.58973E-4 0.001078071 0.001135416 0.001088689 6.92762E-4 0.001137807 6.85188E-4 0.001160726 7.17749E-4 0.001104618 0.001089614 6.736E-4 6.94833E-4 0.001077558 0.001096071 6.92385E-4 6.85416E-4 6.54462E-4 0.001142115 6.74101E-4 0.001088283 0.001070232 6.81456E-4 0.001128064 7.24756E-4 0.001099093 7.14345E-4 6.72904E-4 7.32892E-4 0.00111842 6.89109E-4 6.41842E-4 0.001056313 0.001100816 6.73378E-4 6.5193E-4 6.78799E-4 8.8644E-5 6.94527E-4 0.001081961 0.001053642 0.001109274 6.97433E-4 0.001075286 6.80564E-4 0.001094957 0.001090857 0.0010643 0.001076067 7.09047E-4 6.99324E-4 0.001082984 6.9632E-4 0.001183083 0.001059028 0.001042376 0.001056821 0.001081905 6.81555E-4 6.81142E-4 0.001143691 0.001096931 0.001054915 6.81134E-4 6.73327E-4 0.001093123 6.68015E-4 7.38519E-4 0.00110607 0.001055044 0.001086801 7.33973E-4 0.001065756 7.15042E-4 6.70483E-4 6.83464E-4 6.61885E-4 0.001084388 7.2127E-4 0.001195774 0.001125757 6.90919E-4 7.61498E-4 0.00110097 8.8056E-5 0.001082276 6.86622E-4 0.001099879 6.9196E-4 0.001069703 6.82901E-4 0.00117097 7.16084E-4 6.73006E-4 6.78552E-4 0.001092622 0.001090379 0.001109814 6.97683E-4 0.001122841 6.88504E-4 7.45036E-4 0.00110247 6.85203E-4 0.001081693 0.001109968 0.0010921 6.91514E-4 0.001109014 6.94983E-4 6.78924E-4 0.00108853 1.18557E-4 0.001100946 7.04071E-4 0.001072761 6.9169E-4 6.76883E-4 7.04801E-4 0.001102145 6.68622E-4 6.88266E-4 6.40256E-4 0.001174386 7.19018E-4 6.61209E-4 0.001124387 0.001059353 7.14515E-4 0.001094646 0.001085165 6.98014E-4 0.001085054 7.36388E-4 7.02565E-4 6.59616E-4 0.001089379 7.91228E-4 8.6335E-5 6.60146E-4 6.4477E-4 0.001086341 0.001078865 0.00107491 7.39382E-4 0.00104811 7.08496E-4 6.70183E-4 6.57423E-4 0.001117068 7.482E-4 0.001116101 0.001089323 6.87688E-4 6.81866E-4 6.99759E-4 0.001108044 0.001097809 6.75943E-4 0.001153947 7.36762E-4 0.001085939 6.81668E-4 6.61373E-4 0.001093124 6.92918E-4 0.001064238 7.21587E-4 0.001142369 6.75978E-4 0.001096296 0.001096896 0.00110633 7.16655E-4 0.001098918 7.43446E-4 6.54573E-4 0.001069044 9.9819E-5 0.001119115 0.001096123 0.001078517 0.001083901 6.77793E-4 0.001098766 6.7071E-4 6.94742E-4 6.87406E-4 0.001097664 0.001056534 6.85661E-4 6.51427E-4 0.001016109 0.001104378 6.94518E-4 6.86759E-4 6.78484E-4 0.001100787 0.001091308 0.001181702 8.96911E-4 0.001140803 0.001086534 6.95573E-4 6.54635E-4 0.001101662 6.91778E-4 6.69255E-4 0.00110394 0.001077249 6.79771E-4 0.00108818 0.001059432 6.7549E-4 6.80247E-4 0.001091787 0.001062142 6.78927E-4 0.00104778 6.88063E-4 0.001144274 6.99389E-4 6.50698E-4 7.32692E-4 6.46228E-4 6.43057E-4 6.6741E-4 0.001120714 6.89487E-4 7.09559E-4 6.91475E-4 6.53559E-4 0.001206023 0.001069013 6.83902E-4 0.001085788 6.76159E-4 6.44943E-4 0.001120991 7.2549E-4 6.57613E-4 6.41796E-4 6.57017E-4 0.001159798 0.00109174 0.001231929 0.001067403 6.97766E-4 6.0252E-4 7.08338E-4 6.99317E-4 0.001109702 6.86981E-4 6.56768E-4 0.001083714 0.00109298 0.001107423 6.61061E-4 0.001087181 7.135E-4 0.00109532 7.00028E-4 6.03038E-4 6.72044E-4 0.001058459 9.81042E-4 0.001099625 7.2488E-4 6.91805E-4 0.001092767 0.001148434 0.001086493 6.90242E-4 6.83035E-4 0.00109317 7.14208E-4 0.001093695 7.35137E-4 0.001104163 0.001101157 7.31292E-4 6.70826E-4 0.001101388 7.05748E-4 6.82593E-4 6.45087E-4 6.53591E-4 0.001087093 0.001068328 0.001049355 0.001076074 9.12813E-4 9.02884E-4 6.94807E-4 6.73378E-4 6.64684E-4 0.001128525 6.83076E-4 0.001094354 0.001082819 0.001054797 0.001086007 0.001094531 7.45679E-4 0.001102895 6.90055E-4 6.89818E-4 9.76826E-4 0.001095582 0.00107462 6.92284E-4 6.61821E-4 6.94697E-4 6.85859E-4 0.001171831 6.98699E-4 6.50965E-4 6.84917E-4 6.84193E-4 6.63785E-4 6.60594E-4 0.001090049 0.00108383 7.18082E-4 6.52077E-4 6.57753E-4 6.5381E-4 6.76375E-4 0.001154086 0.001105621 7.26573E-4 6.56685E-4 0.001087305 0.001061538 6.71808E-4 6.60111E-4 0.001094948 6.34242E-4 6.86936E-4 6.49478E-4 6.52435E-4 0.001061761 8.33287E-4 7.65263E-4 0.001250518 0.00123262 8.19286E-4 7.64592E-4 6.25737E-4 7.62475E-4 7.51157E-4 0.001118139 0.001108431 7.18766E-4 0.001128296 8.28466E-4 7.05124E-4 5.79222E-4 0.001076466 7.42017E-4 0.001083546 0.001078289 9.73669E-4 6.88558E-4 0.0011011 5.73401E-4 0.001091358 0.001123816 0.001135546 6.77724E-4 6.96324E-4 0.001178099 0.001092641 0.001151824 7.52104E-4 6.79098E-4 6.57498E-4 0.001108368 7.12915E-4 6.86372E-4 6.70148E-4 6.71957E-4 0.001112793 7.22441E-4 6.7295E-4 0.001105852 6.65566E-4 0.00107099 7.25809E-4 0.001089073 6.96261E-4 9.21935E-4 5.82506E-4 6.76719E-4 0.001107887 7.07158E-4 0.001089462 0.001084393 6.78517E-4 0.001078724 0.001761156 6.84667E-4 0.001123439 6.93203E-4 6.59546E-4 0.001083186 0.001084858 9.14513E-4 0.001138339 0.001105794 6.77802E-4 0.001075114 7.34168E-4 0.001082311 0.001095066 0.001118355 0.001091303 7.05304E-4 7.15521E-4 6.841E-4 0.001094395 0.001083212 0.001039634 0.001092251 6.72025E-4 6.50629E-4 0.001071506 0.001076196 0.001085306 7.06533E-4 7.16292E-4 0.001069987 0.001036943 0.001089721 6.71839E-4 0.001084834 0.001092283 6.04779E-4 8.92519E-4 0.001129846 6.67206E-4 0.00108195 0.001055174 0.001070129 6.94713E-4 0.001094363 6.84735E-4 0.001098115 9.18398E-4 0.001088086 7.17276E-4 6.94062E-4 6.64391E-4 7.02739E-4 6.90932E-4 6.62725E-4 0.001064068 9.45653E-4 7.08852E-4 7.19886E-4 0.0010954 0.001121785 9.20634E-4 6.63581E-4 0.00109335 5.67277E-4 6.58105E-4 0.001229433 0.001084584 0.001049816 7.12143E-4 0.001118068 0.001116339 7.24758E-4 6.65983E-4 6.76245E-4 0.001115612 7.33805E-4 6.87826E-4 7.02246E-4 0.001155791 6.99456E-4 6.88138E-4 0.001099403 7.28709E-4 0.001076339 6.61253E-4 0.001095342 0.001022065 6.43229E-4 0.001058736 5.70032E-4 9.2646E-4 6.98837E-4 6.51534E-4 6.49562E-4 6.89939E-4 6.39547E-4 6.98792E-4 6.5123E-4 6.7505E-4 6.42255E-4 6.57339E-4 0.001082098 0.001096284 0.001058968 7.00281E-4 5.71724E-4 0.001086097 0.001062593 0.001037111 6.59072E-4 0.001080145 0.001143383 6.41671E-4 6.51863E-4 6.34171E-4 6.45265E-4 6.67346E-4 6.65304E-4 6.44799E-4 0.001091611 6.56616E-4 0.00109343 6.58956E-4 6.55293E-4 6.33229E-4 6.83516E-4 0.001085874 6.77372E-4 6.44755E-4 6.8695E-4 0.001040499 0.001032261 7.44866E-4 0.001088938 0.001074535 9.28259E-4 7.08184E-4 6.38651E-4 0.001085819 0.001214857 6.26449E-4 6.45907E-4 0.001078172 6.2631E-4 0.001098067 0.001069352 5.80509E-4 6.87415E-4 7.21883E-4 7.32145E-4 0.001085404 6.8286E-4 0.001080142 0.001070408 6.76359E-4 9.61407E-4 0.001064054 0.001100638 6.85339E-4 6.75573E-4 5.43831E-4 6.54585E-4 6.48304E-4 5.9498E-4 7.13477E-4 7.08894E-4 0.001125841 6.94311E-4 6.6971E-4 0.001111612 0.001034802 7.35576E-4 7.31479E-4 6.65761E-4 6.26525E-4 6.63819E-4 6.70307E-4 7.06117E-4 6.52166E-4 6.86074E-4 0.001104694 0.001067455 0.001042181 0.001102963 0.001038989 0.001085883 0.00102004 0.001038246 7.32164E-4 9.12825E-4 9.18674E-4 7.49873E-4 7.3615E-4 7.36885E-4 7.65781E-4 0.00131976 7.92854E-4 0.001280448 7.97105E-4 0.00112248 0.001083755 6.7962E-4 6.7504E-4 6.58514E-4 0.001119246 8.94126E-4 6.59271E-4 0.001072 6.90187E-4 6.38309E-4 0.001169803 7.14243E-4 6.55214E-4 0.001036869 6.61373E-4 0.001101283 6.86288E-4 0.001082456 6.70605E-4 0.00109365 6.8853E-4 0.001081925 0.00104263 0.001038169 0.001058524 6.69474E-4 0.00107275 0.001086767 6.7679E-4 0.001079848 0.001062015 0.001039468 6.738E-4 6.50411E-4 6.37505E-4 9.38213E-4 6.92941E-4 6.69308E-4 6.49045E-4 0.001051905 6.13649E-4 6.40067E-4 6.76468E-4 0.001054402 6.54958E-4 6.49649E-4 9.01168E-4 6.95819E-4 6.97489E-4 6.81711E-4 0.001092103 0.001067042 6.64333E-4 0.001125868 6.86752E-4 9.08949E-4 6.84552E-4 6.69377E-4 7.13693E-4 0.00111107 8.94721E-4 0.001070867 0.001012673 5.86665E-4 0.001117658 7.65432E-4 6.75176E-4 0.001120336 7.08417E-4 0.001104811 0.001073477 7.03225E-4 6.3804E-4 0.001063689 0.001053368 6.9176E-4 0.001103018 0.001076834 6.73265E-4 0.001060785 0.00109854 6.54455E-4 6.60805E-4 0.001210225 6.48705E-4 7.58359E-4 7.30321E-4 0.00126608 7.4155E-4 5.88618E-4 9.17577E-4 0.001070301 6.88653E-4 6.56522E-4 0.001086985 6.52915E-4 0.001076811 6.52756E-4 0.001093385 0.00103378 0.001042739 6.77624E-4 0.001035061 0.0010383 6.72347E-4 5.42834E-4 6.37644E-4 0.001042131 6.80495E-4 0.001047759 6.85895E-4 6.20566E-4 0.001002989 0.001018905 6.48431E-4 6.32165E-4 6.72327E-4 0.001067405 0.001079242 7.32746E-4 0.001035859 0.001114901 0.001000065 7.0934E-4 0.001085356 0.001064409 7.18916E-4 6.80753E-4 0.001077692 6.06703E-4 6.53548E-4 9.96882E-4 0.001028038 7.21953E-4 6.53457E-4 6.3141E-4 7.01577E-4 8.86525E-4 0.001079496 0.001006309 6.00554E-4 0.001598371 8.84083E-4 8.05943E-4 0.001142631 6.90405E-4 5.66216E-4 6.68018E-4 0.001099111 7.38462E-4 0.001088613 7.06915E-4 0.001042502 0.001006653 0.001059384 9.0295E-4 6.60042E-4 6.78137E-4 0.001100202 6.81132E-4 5.38092E-4 0.001054453 0.001011547 9.3455E-4 0.001072972 0.001097869 0.001048915 0.001037161 0.001045226 7.10578E-4 6.18378E-4 0.001084513 0.001044611 6.86745E-4 0.001059008 6.5302E-4 0.001073558 7.01798E-4 0.001099622 6.01165E-4 0.001037233 6.37508E-4 0.001047902 9.79487E-4 6.73022E-4 6.36642E-4 9.91446E-4 0.001011694 0.001399494 0.001216041 0.001104698 8.30657E-4 0.001182225 0.001242911 7.3659E-4 6.64875E-4 0.001140706 6.85407E-4 6.38659E-4 6.83663E-4 0.001059229 6.9129E-4 0.001060207 6.60138E-4 0.001100141 9.13646E-4 0.001060645 6.51981E-4 6.62446E-4 0.001066159 6.71843E-4 0.001057737 6.56174E-4 6.57502E-4 6.56095E-4 0.001059728 0.001066278 6.33789E-4 6.2689E-4 0.001185893 0.001019057 6.99166E-4 6.35861E-4 6.02434E-4 0.001019006 6.48308E-4 7.66072E-4 6.51024E-4 0.00107095 0.001002974 6.04264E-4 0.001026436 6.39568E-4 0.00102933 6.45882E-4 9.22548E-4 0.001081214 9.97872E-4 6.41615E-4 6.09385E-4 6.2067E-4 0.001071175 6.74427E-4 0.001009022 6.3457E-4 0.001029275 5.63633E-4 0.001051919 7.06186E-4 0.001073863 6.8285E-4 0.001039079 6.77654E-4 6.38603E-4 0.001032361 8.95942E-4 0.001049232 0.001068297 7.18486E-4 0.001061468 9.04695E-4 8.38445E-4 7.64752E-4 6.59778E-4 0.001244289 8.06312E-4 7.57113E-4 0.001217389 7.91365E-4 7.61438E-4 6.4633E-4 0.001132523 0.001035541 0.001058234 0.001018107 6.79614E-4 6.56183E-4 6.79439E-4 0.001064347 6.09898E-4 6.51647E-4 0.001047129 6.86022E-4 6.61915E-4 6.16701E-4 0.001034579 9.30269E-4 6.4717E-4 0.00103623 9.13694E-4 5.10833E-4 0.001095245 0.00101997 6.4329E-4 0.001079274 0.001010516 6.29798E-4 6.21298E-4 0.001082081 0.001038081 6.66902E-4 9.83184E-4 0.001029384 0.001027804 6.34302E-4 9.1103E-4 0.001046284 0.00103881 0.001016099 0.001012741 0.001032818 9.91744E-4 9.71912E-4 9.71439E-4 6.61006E-4 6.52969E-4 0.001004452 6.22349E-4 6.21966E-4 0.001013955 0.001011242 0.001058758 0.001032577 6.26527E-4 6.33283E-4 0.001053377 6.83045E-4 0.001018362 9.92116E-4 6.08051E-4 9.16546E-4 9.68802E-4 6.09688E-4 9.81721E-4 0.001019571 9.00147E-4 6.84298E-4 6.18221E-4 0.001213041 6.80918E-4 6.87562E-4 7.17351E-4 0.001111648 9.65424E-4 0.001013804 6.50755E-4 0.001305104 9.03813E-4 0.001151007 0.001048992 0.001008918 6.74253E-4 0.00101752 0.001057092 0.001055443 8.95316E-4 0.001055145 0.001067165 0.001061135 0.001579648 5.64947E-4 6.22397E-4 6.53548E-4 5.44243E-4 0.001042141 0.001027527 6.58148E-4 6.65095E-4 0.001050654 0.001129948 0.001014648 6.97296E-4 0.001061401 6.82965E-4 0.001052376 6.40807E-4 0.001087291 0.001057826 6.73104E-4 5.75331E-4 6.64626E-4 6.36747E-4 0.001094945 6.2926E-4 0.001070293 0.0010474 9.24591E-4 0.0010565 0.001068412 9.31806E-4 5.05027E-4 0.00108046 6.81184E-4 5.85181E-4 6.51414E-4 0.001040694 5.77376E-4 6.75479E-4 0.001028917 0.001082829 7.05906E-4 9.49911E-4 6.39996E-4 6.16641E-4 9.60746E-4 5.45573E-4 6.43427E-4 0.00105004 6.31514E-4 0.001021766 6.88466E-4 6.35755E-4 0.00103389 9.41038E-4 0.001047021 0.00101954 5.96976E-4 6.37936E-4 0.001050634 6.05215E-4 0.001034133 0.001030645 0.001053417 9.87321E-4 7.55595E-4 6.30275E-4 0.001133418 6.95474E-4 5.68596E-4 6.08311E-4 5.29925E-4 9.90027E-4 9.34727E-4 5.65429E-4 6.20791E-4 5.53855E-4 6.57362E-4 0.00100855 0.001046293 9.87311E-4 0.001001947 6.38061E-4 6.85426E-4 5.30295E-4 6.36613E-4 6.15075E-4 5.14039E-4 6.27994E-4 6.61168E-4 6.8044E-4 5.95111E-4 6.16535E-4 6.3673E-4 0.001036731 6.4356E-4 5.22845E-4 0.001061827 0.001059476 0.001028726 9.51329E-4 8.53762E-4 0.001114342 6.74694E-4 4.92779E-4 9.64687E-4 9.73347E-4 0.001013094 0.001024925 6.05311E-4 6.68826E-4 5.28895E-4 0.001088315 6.31082E-4 0.001034969 7.03099E-4 5.7807E-4 0.001074528 0.00104381 0.001009225 9.57903E-4 0.001029953 6.33624E-4 6.38587E-4 9.46896E-4 0.001013692 0.001008413 8.99737E-4 0.00100427 0.001039856 5.51604E-4 7.84853E-4 6.82307E-4 6.39926E-4 5.63566E-4 0.001045306 6.53425E-4 9.4973E-4 6.55914E-4 6.34653E-4 6.46274E-4 6.46635E-4 9.72548E-4 0.001013836 6.36366E-4 9.39878E-4 9.0225E-4 0.001039618 0.00102322 6.75371E-4 6.19653E-4 6.59158E-4 0.001006153 6.17628E-4 5.71156E-4 0.00104384 0.001035468 9.71929E-4 0.001032228 0.00100547 6.06957E-4 6.17619E-4 6.64205E-4 0.001022847 9.95935E-4 6.4381E-4 9.96608E-4 0.001039531 6.28166E-4 9.61067E-4 5.70913E-4 5.02881E-4 0.001041168 5.55345E-4 5.46722E-4 9.94003E-4 8.6407E-4 7.10215E-4 0.001015983 0.001156488 9.84792E-4 5.70477E-4 9.94141E-4 9.99853E-4 5.06461E-4 6.49659E-4 9.90564E-4 8.3927E-4 5.85822E-4 6.72949E-4 0.001039698 5.93088E-4 0.0010168 9.55216E-4 6.45811E-4 6.26921E-4 5.32813E-4 0.001032153 6.74046E-4 6.42105E-4 9.40385E-4 5.26042E-4 5.6819E-4 0.001028743 5.0343E-4 5.5799E-4 9.99261E-4 5.92282E-4 0.001034579 5.95779E-4 6.79222E-4 5.24939E-4 6.68483E-4 0.001162469 0.001019198 0.001011054 5.73942E-4 0.001064826 0.00105219 6.51712E-4 8.70958E-4 6.6894E-4 6.66684E-4 6.51472E-4 5.73736E-4 6.24796E-4 0.001037759 4.61178E-4 6.45802E-4 0.001043936 5.58065E-4 6.82584E-4 0.001045259 0.001037319 5.05027E-4 0.001043809 6.56217E-4 5.09861E-4 0.001052267 0.001031805 6.61677E-4 0.001030934 5.1702E-4 0.001039165 0.001038551 5.20492E-4 8.92408E-4 0.0010473 0.001028996 0.001041399 0.001017997 0.001036927 6.28872E-4 5.9947E-4 4.93267E-4 0.001052348 0.001008946 8.25738E-4 0.001036435 6.38701E-4 8.48291E-4 0.001019243 0.001050651 6.37209E-4 6.23462E-4 6.29337E-4 6.37851E-4 6.50597E-4 5.26031E-4 5.35794E-4 9.82656E-4 7.92872E-4 9.71302E-4 5.05514E-4 4.63103E-4 6.51215E-4 9.09794E-4 6.87684E-4 0.001035113 9.95089E-4 0.001031217 9.6169E-4 6.40765E-4 6.24944E-4 4.55793E-4 6.41196E-4 6.35146E-4 8.61542E-4 5.21706E-4 6.76746E-4 0.001065402 5.1473E-4 0.001031533 5.19943E-4 0.001109167 0.001015314 5.35138E-4 0.001031551 6.62382E-4 6.51061E-4 8.44807E-4 5.36659E-4 4.94213E-4 0.0015437 4.48569E-4 5.62138E-4 7.6403E-4 0.001005359 0.001035949 5.18948E-4 0.001120108 5.40597E-4 8.16165E-4 7.24888E-4 0.001667286 0.001491168 5.9068E-4 0.001419646 0.001584948 9.69651E-4 0.001069719 0.001172029 6.92519E-4 7.0281E-4 8.53105E-4 0.00103704 9.96634E-4 4.49509E-4 0.001006943 6.37388E-4 8.61655E-4 3.98787E-4 6.3446E-4 0.001014655 6.37771E-4 0.001219221 0.001244978 5.90015E-4 0.001187739 0.001177692 0.001187715 7.5409E-4 9.48238E-4 7.52059E-4 0.001014799 4.80776E-4 8.4943E-4 9.82561E-4 6.09446E-4 6.03167E-4 9.90342E-4 0.001002334 9.78166E-4 9.19811E-4 4.80317E-4 6.15449E-4 9.79417E-4 4.84071E-4 6.06519E-4 9.57777E-4 8.01712E-4 6.13255E-4 6.35428E-4 9.795E-4 9.87749E-4 9.60762E-4 6.14643E-4 0.001005479 4.8867E-4 4.73608E-4 5.59845E-4 7.42987E-4 9.12348E-4 8.49837E-4 7.59986E-4 6.19191E-4 8.32961E-4 6.50347E-4 6.1977E-4 5.86621E-4 5.79277E-4 9.29065E-4 9.7E-4 9.75354E-4 7.41453E-4 9.6939E-4 6.18399E-4 4.91505E-4 8.22569E-4 6.55229E-4 6.18041E-4 4.93959E-4 6.06198E-4 7.87586E-4 6.0587E-4 9.68105E-4 5.13802E-4 6.64172E-4 0.001047609 0.001093102 4.83649E-4 8.39849E-4 7.53233E-4 6.10514E-4 4.04573E-4 4.52989E-4 4.84223E-4 4.79527E-4 9.7547E-4 5.05139E-4 0.001026781 4.29399E-4 6.3292E-4 9.73626E-4 6.39053E-4 5.72717E-4 4.69167E-4 6.31659E-4 6.1441E-4 6.12909E-4 4.37106E-4 6.13792E-4 9.57206E-4 6.20401E-4 7.8601E-4 9.6316E-4 9.33853E-4 7.03733E-4 9.32872E-4 6.06517E-4 5.01818E-4 3.76889E-4 6.0468E-4 5.86969E-4 4.40431E-4 6.03702E-4 5.73618E-4 7.60779E-4 5.85784E-4 5.61921E-4 9.60234E-4 6.09933E-4 4.55026E-4 9.51265E-4 9.26385E-4 4.64229E-4 4.83607E-4 9.55393E-4 5.77917E-4 5.78929E-4 5.75303E-4 9.57535E-4 9.14537E-4 5.69532E-4 4.57992E-4 9.56746E-4 9.20524E-4 4.72865E-4 9.3215E-4 5.84176E-4 4.6214E-4 5.71224E-4 9.76868E-4 5.73798E-4 5.59708E-4 5.6536E-4 9.44952E-4 9.21136E-4 4.61857E-4 4.43629E-4 9.00719E-4 6.89572E-4 8.7857E-4 4.53029E-4 7.28429E-4 9.38096E-4 7.89297E-4 9.44497E-4 9.15629E-4 8.90453E-4 9.20667E-4 8.62732E-4 9.11296E-4 6.07278E-4 4.18173E-4 9.35627E-4 9.30795E-4 7.8731E-4 7.50337E-4 6.18583E-4 5.91632E-4 7.5721E-4 9.37124E-4 4.69201E-4 9.45323E-4 9.33662E-4 7.82235E-4 9.3692E-4 0.001052037 9.48615E-4 7.57405E-4 7.93709E-4 4.44131E-4 9.36866E-4 6.32686E-4 7.24285E-4 7.56348E-4 7.76257E-4 5.87226E-4 8.03331E-4 6.33674E-4 5.6107E-4 9.65876E-4 9.25125E-4 9.36444E-4 5.81588E-4 4.47002E-4 6.11771E-4 9.81305E-4 5.87428E-4 4.47451E-4 5.84448E-4 5.61757E-4 9.64991E-4 4.46431E-4 9.47721E-4 9.16159E-4 6.99745E-4 9.25543E-4 5.99052E-4 8.10661E-4 6.12406E-4 6.08288E-4 9.55696E-4 8.23558E-4 9.63416E-4 5.88331E-4 7.36687E-4 9.40023E-4 5.92494E-4 9.62067E-4 6.0434E-4 7.66219E-4 9.01716E-4 9.34529E-4 4.59567E-4 7.90144E-4 9.50807E-4 5.93501E-4 5.77526E-4 9.15834E-4 6.11141E-4 9.33478E-4 8.77634E-4 7.26233E-4 9.22522E-4 9.39104E-4 4.64393E-4 5.57984E-4 5.53149E-4 7.55234E-4 9.40374E-4 5.96678E-4 5.67674E-4 5.73023E-4 5.79369E-4 9.46238E-4 6.05428E-4 7.69658E-4 4.59637E-4 8.95446E-4 6.84542E-4 5.45469E-4 7.51551E-4 4.34853E-4 5.79161E-4 7.97565E-4 9.53551E-4 5.74422E-4 5.79321E-4 5.8679E-4 5.1766E-4 0.001087951 9.94918E-4 7.05416E-4 5.8385E-4 5.58416E-4 7.74756E-4 4.62911E-4 6.06242E-4 9.57894E-4 7.66262E-4 5.81681E-4 4.65378E-4 5.7805E-4 9.07755E-4 5.02809E-4 5.59236E-4 0.001025093 5.94407E-4 4.5148E-4 7.92711E-4 4.46896E-4 5.63162E-4 3.86401E-4 7.26717E-4 7.59989E-4 4.78482E-4 5.79882E-4 4.5303E-4 6.04931E-4 4.24279E-4 9.78607E-4 9.12063E-4 6.06377E-4 5.55E-4 7.43764E-4 9.60885E-4 9.54473E-4 9.36275E-4 6.87012E-4 9.47942E-4 9.18552E-4 5.93235E-4 4.35421E-4 9.2341E-4 5.87344E-4 6.82398E-4 5.89985E-4 5.75513E-4 4.97491E-4 6.4056E-4 6.01976E-4 5.67449E-4 7.55157E-4 9.50043E-4 7.30139E-4 4.36006E-4 9.19506E-4 5.83121E-4 6.49974E-4 9.51613E-4 4.5059E-4 5.66555E-4 5.71117E-4 7.48595E-4 4.75612E-4 5.67582E-4 5.50645E-4 9.48552E-4 5.70267E-4 9.78512E-4 5.83882E-4 8.80469E-4 4.49989E-4 5.68186E-4 5.52561E-4 4.42661E-4 5.59934E-4 9.34988E-4 7.50315E-4 9.34204E-4 5.97284E-4 9.19924E-4 5.63188E-4 5.55178E-4 9.0242E-4 9.18406E-4 7.53434E-4 7.36614E-4 5.3099E-4 4.03662E-4 6.21674E-4 4.86349E-4 7.30017E-4 9.26216E-4 4.78952E-4 5.91901E-4 9.13943E-4 5.70528E-4 9.39595E-4 8.66309E-4 9.04468E-4 9.29844E-4 3.94245E-4 9.33966E-4 5.92249E-4 4.81073E-4 7.64189E-4 6.23664E-4 9.43437E-4 4.72791E-4 9.06834E-4 7.48918E-4 5.83993E-4 5.56064E-4 4.89951E-4 5.6441E-4 6.24137E-4 9.5105E-4 4.5502E-4 4.62615E-4 7.19171E-4 5.64343E-4 6.30415E-4 7.11924E-4 4.68407E-4 4.37076E-4 9.36926E-4 7.44111E-4 6.17327E-4 6.96713E-4 6.20996E-4 5.61557E-4 0.001026232 9.15128E-4 4.51415E-4 9.71792E-4 6.02855E-4 9.39142E-4 6.88358E-4 9.27242E-4 5.68832E-4 5.74583E-4 7.32847E-4 5.76127E-4 8.97351E-4 4.06937E-4 8.98767E-4 5.88527E-4 4.92372E-4 5.98291E-4 9.14586E-4 9.34262E-4 7.27463E-4 9.36791E-4 5.69402E-4 7.42069E-4 5.7727E-4 5.58048E-4 5.59604E-4 9.63864E-4 7.76485E-4 5.71256E-4 5.42131E-4 7.10168E-4 4.83605E-4 9.37597E-4 8.90064E-4 5.73263E-4 5.44861E-4 9.23734E-4 5.64328E-4 8.60256E-4 7.0851E-4 5.77699E-4 5.24926E-4 4.32277E-4 5.50986E-4 5.44176E-4 7.30984E-4 5.66529E-4 9.16434E-4 5.71568E-4 5.44571E-4 9.18521E-4 6.20794E-4 6.03447E-4 4.51127E-4 7.1489E-4 8.76553E-4 3.99739E-4 5.08696E-4 4.25955E-4 3.99593E-4 5.61816E-4 7.61917E-4 5.9058E-4 9.16489E-4 5.79946E-4 5.36098E-4 5.01175E-4 8.94918E-4 5.89388E-4 6.71029E-4 5.65918E-4 9.05742E-4 7.61754E-4 4.57087E-4 5.95641E-4 5.67251E-4 4.53185E-4 7.09726E-4 8.94905E-4 0.001091073 6.72323E-4 9.24992E-4 0.001062539 7.5119E-4 6.98662E-4 8.94959E-4 9.20751E-4 5.11524E-4 5.62883E-4 7.32576E-4 4.32559E-4 4.4297E-4 7.40871E-4 8.84453E-4 4.74736E-4 9.57314E-4 4.05345E-4 9.43199E-4 9.06391E-4 5.82563E-4 9.19347E-4 7.28368E-4 9.40062E-4 6.00685E-4 8.96305E-4 3.97461E-4 8.9497E-4 8.88614E-4 9.09006E-4 4.28966E-4 5.49494E-4 5.36892E-4 6.66384E-4 8.71163E-4 8.89164E-4 4.8217E-4 5.82105E-4 5.73399E-4 5.45603E-4 7.21929E-4 9.2091E-4 5.49746E-4 4.28783E-4 8.86668E-4 5.51296E-4 5.55233E-4 5.40785E-4 7.05204E-4 5.60169E-4 5.42318E-4 7.07784E-4 7.45591E-4 5.69479E-4 8.86208E-4 5.68258E-4 8.63844E-4 8.89362E-4 8.57697E-4 8.39595E-4 7.00867E-4 8.92848E-4 8.63666E-4 6.91591E-4 5.49275E-4 5.42014E-4 7.05754E-4 5.55821E-4 5.5946E-4 8.75523E-4 5.51954E-4 8.97521E-4 8.70491E-4 5.92498E-4 7.17495E-4 7.01429E-4 5.09368E-4 6.51222E-4 8.16969E-4 7.08012E-4 6.62279E-4 8.78896E-4 7.5689E-4 8.91317E-4 5.42621E-4 8.96953E-4 5.34008E-4 5.33613E-4 9.48378E-4 5.7774E-4 3.84652E-4 5.3786E-4 5.27404E-4 7.43799E-4 8.34957E-4 5.8748E-4 5.48104E-4 4.39633E-4 5.32917E-4 4.54625E-4 9.17102E-4 5.68024E-4 7.86851E-4 8.66678E-4 9.417E-4 9.01495E-4 4.42773E-4 4.38156E-4 7.04676E-4 5.50787E-4 3.86125E-4 6.79568E-4 4.57766E-4 4.26114E-4 9.03812E-4 7.27125E-4 8.91472E-4 4.0483E-4 5.7438E-4 8.83504E-4 5.87108E-4 8.86391E-4 6.94454E-4 5.72242E-4 9.19602E-4 8.90012E-4 3.94361E-4 5.56126E-4 5.29329E-4 9.01187E-4 7.01252E-4 8.81889E-4 5.51841E-4 3.83448E-4 5.51615E-4 5.49696E-4 4.77081E-4 5.80195E-4 8.96223E-4 5.60486E-4 4.05039E-4 5.54238E-4 8.82477E-4 6.93206E-4 5.54532E-4 5.56813E-4 8.90848E-4 8.90481E-4 4.34618E-4 5.36818E-4 5.38599E-4 7.10935E-4 4.75435E-4 5.51942E-4 8.88447E-4 8.71391E-4 8.66525E-4 5.544E-4 5.33767E-4 8.3096E-4 6.9798E-4 5.57368E-4 8.73821E-4 4.31944E-4 5.3241E-4 5.33461E-4 4.31683E-4 5.41988E-4 5.5082E-4 8.65995E-4 5.49102E-4 8.95249E-4 8.72486E-4 5.66835E-4 7.04277E-4 4.25542E-4 5.03181E-4 6.43552E-4 5.07769E-4 7.08405E-4 4.15972E-4 8.87709E-4 7.33077E-4 5.7784E-4 8.67294E-4 6.87287E-4 5.18161E-4 8.29864E-4 5.42821E-4 8.79838E-4 6.52098E-4 5.38583E-4 5.15615E-4 7.35324E-4 6.93557E-4 9.19396E-4 5.71693E-4 4.2908E-4 5.27099E-4 6.97017E-4 8.75589E-4 5.49024E-4 4.55897E-4 5.33227E-4 5.94666E-4 5.49061E-4 5.66552E-4 7.24024E-4 6.79536E-4 5.56521E-4 3.61086E-4 4.02139E-4 4.21767E-4 4.17086E-4 8.75973E-4 7.03273E-4 9.29042E-4 3.9268E-4 5.77185E-4 5.3133E-4 5.54731E-4 5.38828E-4 4.18899E-4 5.66262E-4 9.12507E-4 8.60704E-4 3.94193E-4 8.9935E-4 5.45215E-4 5.36197E-4 4.94102E-4 9.87191E-4 0.001012611 4.78938E-4 0.001090554 0.0010488 9.3073E-4 6.95303E-4 0.001049785 6.9118E-4 5.1901E-4 5.57264E-4 8.7982E-4 4.20125E-4 8.72258E-4 5.41285E-4 5.51734E-4 5.69266E-4 4.31497E-4 5.31461E-4 5.19945E-4 6.92993E-4 4.79075E-4 5.38506E-4 5.24823E-4 5.34844E-4 5.2557E-4 5.43434E-4 8.65933E-4 8.00819E-4 6.9952E-4 8.66238E-4 8.49537E-4 4.15651E-4 8.6005E-4 5.47047E-4 4.37972E-4 5.4921E-4 5.40488E-4 5.73247E-4 9.45125E-4 5.33999E-4 8.77237E-4 5.78253E-4 7.16512E-4 4.27444E-4 8.38903E-4 6.56296E-4 4.95327E-4 6.89302E-4 6.49222E-4 8.67359E-4 4.58429E-4 5.51048E-4 8.62145E-4 8.62771E-4 8.44328E-4 8.21822E-4 5.52118E-4 5.43719E-4 6.50951E-4 5.33476E-4 5.16053E-4 4.43712E-4 4.33258E-4 9.21298E-4 5.83082E-4 4.29924E-4 8.56258E-4 6.83181E-4 5.53086E-4 5.10697E-4 4.38919E-4 5.19692E-4 5.7922E-4 5.44068E-4 6.9262E-4 7.16801E-4 6.60016E-4 8.47969E-4 5.85556E-4 4.13924E-4 7.08989E-4 7.17949E-4 5.47032E-4 4.25277E-4 9.10282E-4 3.85344E-4 9.13462E-4 8.50791E-4 8.78216E-4 8.73806E-4 4.23715E-4 8.83966E-4 5.82669E-4 5.26057E-4 6.36656E-4 5.61394E-4 5.34068E-4 5.39624E-4 6.94559E-4 8.55134E-4 5.39102E-4 3.78568E-4 8.59553E-4 5.47562E-4 4.70455E-4 5.55628E-4 5.58739E-4 5.24777E-4 6.69134E-4 5.49447E-4 8.59406E-4 6.9675E-4 5.49239E-4 5.22168E-4 5.42284E-4 5.33393E-4 6.87797E-4 5.45791E-4 5.23372E-4 7.65715E-4 4.65501E-4 5.34949E-4 8.6529E-4 8.65703E-4 5.41451E-4 8.73088E-4 5.33991E-4 5.09068E-4 4.08891E-4 5.21369E-4 5.23957E-4 4.14824E-4 8.57002E-4 5.38905E-4 6.91268E-4 5.3879E-4 8.83578E-4 8.61477E-4 5.40747E-4 8.75456E-4 8.43053E-4 5.64985E-4 4.28136E-4 6.81787E-4 5.02789E-4 3.7103E-4 8.04316E-4 4.14047E-4 6.57379E-4 8.45554E-4 7.26329E-4 5.61088E-4 5.13295E-4 8.53523E-4 5.40668E-4 8.14528E-4 5.28315E-4 8.88612E-4 6.40637E-4 8.51796E-4 8.40213E-4 7.21615E-4 6.81846E-4 5.82597E-4 5.44773E-4 7.04612E-4 5.29583E-4 4.21241E-4 5.29454E-4 5.20473E-4 7.15333E-4 5.36706E-4 9.53255E-4 5.54854E-4 4.18421E-4 4.30893E-4 6.66252E-4 5.474E-4 5.65705E-4 6.62444E-4 4.32666E-4 7.00639E-4 8.45189E-4 7.4248E-4 9.04953E-4 3.74263E-4 5.60024E-4 5.14319E-4 8.79115E-4 5.3964E-4 6.75876E-4 8.71863E-4 5.69252E-4 5.36143E-4 3.75573E-4 9.29445E-4 8.51136E-4 5.65097E-4 6.78108E-4 5.40171E-4 8.49506E-4 6.61461E-4 8.51316E-4 5.406E-4 7.36576E-4 3.40554E-4 5.39806E-4 8.66947E-4 6.71086E-4 5.56563E-4 5.15949E-4 4.02166E-4 8.71587E-4 8.37649E-4 8.59766E-4 8.33283E-4 4.10895E-4 5.2997E-4 8.6547E-4 6.74973E-4 7.1468E-4 5.57127E-4 5.22721E-4 5.25583E-4 8.38979E-4 5.48226E-4 8.40703E-4 8.05517E-4 4.154E-4 5.21227E-4 8.45659E-4 4.06377E-4 5.16035E-4 8.53846E-4 6.89181E-4 5.31136E-4 8.73576E-4 5.40035E-4 4.91375E-4 8.74513E-4 5.35967E-4 5.35313E-4 4.3043E-4 6.81446E-4 4.97412E-4 3.71078E-4 4.78164E-4 6.6554E-4 6.46657E-4 8.49658E-4 4.48255E-4 5.35484E-4 5.16594E-4 4.98099E-4 8.49702E-4 7.90123E-4 5.33472E-4 8.74695E-4 6.27691E-4 5.39838E-4 8.25338E-4 7.01968E-4 6.92772E-4 8.77185E-4 5.65141E-4 6.79844E-4 0.001007735 7.97331E-4 6.65419E-4 6.35212E-4 8.63427E-4 6.58417E-4 0.001119445 0.001042625 8.13602E-4 5.34442E-4 8.16668E-4 5.67885E-4 5.66687E-4 4.01642E-4 4.0119E-4 6.80328E-4 5.73796E-4 7.04751E-4 8.81152E-4 6.3419E-4 8.82696E-4 8.97625E-4 8.50941E-4 5.4178E-4 4.17466E-4 5.54009E-4 8.89233E-4 8.68209E-4 6.25426E-4 9.08146E-4 8.35984E-4 8.61439E-4 6.75767E-4 5.31313E-4 8.53721E-4 3.61714E-4 8.34482E-4 5.42399E-4 7.66744E-4 5.3869E-4 5.46888E-4 5.19239E-4 6.60916E-4 8.54144E-4 5.28209E-4 4.01562E-4 5.16143E-4 5.03808E-4 8.71966E-4 5.35737E-4 6.63076E-4 8.36201E-4 8.36744E-4 6.47596E-4 4.46874E-4 5.22307E-4 8.46802E-4 8.34203E-4 8.2278E-4 5.44525E-4 5.0362E-4 4.77909E-4 3.93894E-4 8.37786E-4 8.20734E-4 3.94349E-4 5.26007E-4 8.42639E-4 6.57128E-4 8.50938E-4 5.39772E-4 5.09456E-4 8.48162E-4 5.1713E-4 8.27146E-4 5.47654E-4 6.82228E-4 6.6484E-4 4.82472E-4 3.49611E-4 4.62954E-4 6.71065E-4 6.19859E-4 8.40835E-4 4.52552E-4 8.57891E-4 5.22738E-4 8.22783E-4 5.02871E-4 7.83142E-4 8.33814E-4 8.44186E-4 6.06773E-4 8.32546E-4 8.12983E-4 4.33348E-4 6.75966E-4 8.78634E-4 8.63524E-4 4.08226E-4 8.19928E-4 4.07709E-4 5.14069E-4 8.52376E-4 7.07408E-4 5.33879E-4 5.58193E-4 8.60687E-4 6.62088E-4 6.87686E-4 4.44308E-4 5.03871E-4 5.48674E-4 3.86423E-4 4.15952E-4 6.54628E-4 8.34673E-4 6.60127E-4 5.66694E-4 6.13559E-4 8.55995E-4 8.57179E-4 5.47235E-4 5.04505E-4 3.94175E-4 5.42214E-4 8.54474E-4 5.26941E-4 3.54592E-4 5.29031E-4 8.51506E-4 5.35269E-4 3.87184E-4 5.09918E-4 8.36994E-4 3.66547E-4 8.39812E-4 5.34006E-4 4.60446E-4 5.32232E-4 5.54291E-4 5.59697E-4 3.93032E-4 8.46153E-4 5.24102E-4 3.87788E-4 8.26746E-4 5.08928E-4 5.23308E-4 8.59941E-4 4.07132E-4 5.1087E-4 8.51817E-4 6.40478E-4 4.59965E-4 8.1833E-4 8.16239E-4 8.04368E-4 8.1164E-4 5.52282E-4 4.93864E-4 7.91934E-4 6.36302E-4 5.20641E-4 5.0104E-4 6.45601E-4 5.25083E-4 8.31648E-4 6.48585E-4 8.18118E-4 5.35981E-4 5.0702E-4 8.36575E-4 5.22642E-4 8.35001E-4 5.39514E-4 4.20544E-4 6.39753E-4 4.88949E-4 6.12395E-4 7.65528E-4 3.93067E-4 3.74718E-4 8.37453E-4 4.45135E-4 5.31592E-4 8.22488E-4 5.21614E-4 4.90532E-4 4.62356E-4 8.25384E-4 5.2718E-4 3.48886E-4 5.20625E-4 4.87756E-4 6.95429E-4 4.0882E-4 8.78395E-4 8.43119E-4 7.12334E-4 5.3033E-4 6.43225E-4 5.18452E-4 8.30564E-4 4.44733E-4 4.97694E-4 5.60433E-4 8.60276E-4 3.97014E-4 7.15529E-4 3.89037E-4 6.08121E-4 3.37736E-4 6.55731E-4 9.317E-5 4.15174E-4 5.07293E-4 6.69679E-4 5.57961E-4 3.58479E-4 5.40193E-4 5.17823E-4 5.17134E-4 8.36797E-4 3.94916E-4 8.71548E-4 5.46353E-4 5.00064E-4 6.02076E-4 8.4778E-4 8.30855E-4 5.37258E-4 3.91527E-4 5.08722E-4 8.56377E-4 3.00654E-4 5.13406E-4 5.37737E-4 7.74022E-4 2.59513E-4 5.44912E-4 8.72767E-4 3.18333E-4 8.86414E-4 8.33917E-4 3.1449E-4 5.20628E-4 5.06999E-4 8.76562E-4 5.36522E-4 3.14082E-4 5.09767E-4 4.96914E-4 3.26279E-4 7.38125E-4 8.62226E-4 5.12489E-4 8.81231E-4 5.17441E-4 5.40832E-4 5.0397E-4 4.72145E-4 3.07091E-4 8.63148E-4 5.13667E-4 3.27118E-4 8.74959E-4 5.32982E-4 3.15787E-4 5.01079E-4 9.20256E-4 8.37291E-4 9.07393E-4 8.43722E-4 8.67013E-4 8.77867E-4 3.18563E-4 3.09855E-4 8.15526E-4 3.01933E-4 8.13858E-4 3.15759E-4 3.01535E-4 8.61983E-4 7.66361E-4 5.39974E-4 4.84574E-4 8.58584E-4 8.41874E-4 4.66224E-4 5.09149E-4 9.02571E-4 2.85884E-4 8.57435E-4 8.52112E-4 4.37274E-4 3.18223E-4 5.55836E-4 8.84193E-4 4.66787E-4 0.001152013 4.0958E-4 0.0011202 6.72856E-4 8.98056E-4 0.001043358 0.001143518 6.80033E-4 3.94391E-4 8.9798E-4 3.17899E-4 8.49725E-4 2.53222E-4 3.81856E-4 3.49081E-4 3.47445E-4 5.43815E-4 3.35121E-4 6.01716E-4 2.9674E-4 8.97443E-4 5.34753E-4 5.5644E-4 8.79292E-4 3.10624E-4 8.65553E-4 4.37904E-4 5.19059E-4 2.84755E-4 8.96045E-4 8.50071E-4 5.36965E-4 3.18402E-4 8.56016E-4 8.42883E-4 2.80521E-4 8.38909E-4 5.25629E-4 7.36351E-4 2.49247E-4 5.24564E-4 8.57401E-4 3.52676E-4 8.27908E-4 8.26599E-4 3.0512E-4 4.99255E-4 5.00868E-4 8.62374E-4 5.25728E-4 3.16523E-4 4.85464E-4 8.71269E-4 3.61289E-4 4.22322E-4 5.05728E-4 8.47359E-4 5.03847E-4 5.00563E-4 8.54716E-4 8.27677E-4 7.85566E-4 3.10126E-4 8.35569E-4 7.99866E-4 3.07701E-4 4.96137E-4 4.76424E-4 3.1594E-4 8.40492E-4 5.05176E-4 4.91359E-4 8.35067E-4 5.05723E-4 8.38259E-4 8.50235E-4 3.05707E-4 2.98812E-4 4.76717E-4 2.75004E-4 4.38042E-4 3.06594E-4 2.84398E-4 4.95039E-4 4.21966E-4 5.16386E-4 8.29904E-4 8.16187E-4 8.09615E-4 4.49839E-4 8.34045E-4 5.28822E-4 2.84264E-4 8.26632E-4 5.08306E-4 4.17527E-4 3.23388E-4 5.29524E-4 8.68668E-4 3.12875E-4 4.84604E-4 3.02845E-4 8.37032E-4 5.04839E-4 4.16218E-4 4.76566E-4 5.40094E-4 8.56284E-4 3.8973E-4 3.99899E-4 4.26174E-4 9.36191E-4 2.49107E-4 3.00468E-4 3.07194E-4 3.02699E-4 8.02684E-4 3.08803E-4 8.57281E-4 2.77917E-4 8.80483E-4 8.04369E-4 5.22056E-4 4.88907E-4 3.01914E-4 5.25027E-4 4.11602E-4 8.51529E-4 2.84428E-4 5.13931E-4 4.76672E-4 8.33758E-4 3.04582E-4 4.96881E-4 8.366E-4 2.7691E-4 8.4301E-4 5.21055E-4 7.19686E-4 2.56008E-4 5.22035E-4 8.52315E-4 2.95932E-4 8.43861E-4 8.0585E-4 3.05076E-4 8.38005E-4 5.09323E-4 4.9989E-4 8.3472E-4 3.02222E-4 8.29127E-4 5.16603E-4 3.10585E-4 7.04939E-4 5.19797E-4 8.22999E-4 8.33266E-4 5.00519E-4 8.48543E-4 8.14414E-4 4.86232E-4 3.10456E-4 8.34175E-4 8.12281E-4 3.03521E-4 8.26999E-4 7.96438E-4 3.06589E-4 4.7988E-4 8.57571E-4 5.00741E-4 4.74793E-4 8.25889E-4 8.24145E-4 0.001740968 3.13056E-4 2.94382E-4 7.92E-4 2.93298E-4 4.49803E-4 2.96655E-4 2.8975E-4 4.88018E-4 6.9992E-4 5.27647E-4 4.82111E-4 8.25399E-4 8.18703E-4 7.5543E-4 4.96968E-4 4.94868E-4 2.77455E-4 4.89665E-4 4.72851E-4 7.00848E-4 3.11853E-4 8.83594E-4 8.22237E-4 3.09346E-4 8.13043E-4 3.00803E-4 5.05364E-4 8.29222E-4 6.9578E-4 8.15648E-4 5.56531E-4 5.11404E-4 3.41439E-4 4.14588E-4 2.96563E-4 8.33115E-4 2.45524E-4 3.14047E-4 3.10971E-4 3.10529E-4 8.34152E-4 3.06649E-4 8.57887E-4 2.85526E-4 5.33436E-4 8.33907E-4 5.29314E-4 4.88686E-4 3.00264E-4 5.0283E-4 4.1432E-4 8.32593E-4 2.80135E-4 8.29879E-4 8.13516E-4 5.06157E-4 3.0568E-4 4.82322E-4 8.2163E-4 2.83879E-4 5.08861E-4 8.27309E-4 7.16002E-4 2.48907E-4 5.05821E-4 8.52036E-4 2.97922E-4 8.19951E-4 5.04696E-4 3.05888E-4 4.86506E-4 4.87696E-4 8.18205E-4 8.09829E-4 3.09383E-4 8.31584E-4 8.15034E-4 3.05498E-4 4.20478E-4 4.91149E-4 8.20226E-4 8.18526E-4 5.2134E-4 8.28581E-4 4.98673E-4 7.905E-4 3.01496E-4 8.22399E-4 8.06904E-4 3.05194E-4 4.83379E-4 8.20917E-4 3.06945E-4 5.98164E-4 8.57328E-4 5.06362E-4 8.15973E-4 8.15167E-4 8.12411E-4 8.36853E-4 3.07034E-4 2.9732E-4 4.47642E-4 2.83179E-4 4.48125E-4 3.05731E-4 2.86786E-4 4.83088E-4 6.85726E-4 6.45274E-4 8.23282E-4 4.91047E-4 4.69388E-4 7.6572E-4 4.99959E-4 8.55236E-4 2.71027E-4 4.78179E-4 8.25197E-4 6.80009E-4 2.99409E-4 5.20369E-4 5.12161E-4 2.994E-4 9.09063E-4 2.95651E-4 7.91314E-4 8.10914E-4 4.24049E-4 8.30267E-4 9.04505E-4 8.46837E-4 3.15008E-4 4.10953E-4 2.89313E-4 4.8808E-4 2.48934E-4 3.03121E-4 2.92165E-4 3.12315E-4 4.74761E-4 2.90685E-4 5.0219E-4 3.17237E-4 5.01238E-4 8.07164E-4 8.51326E-4 7.77722E-4 3.07268E-4 8.33886E-4 4.15778E-4 4.8363E-4 3.33764E-4 8.15005E-4 7.88766E-4 7.78237E-4 3.30462E-4 4.71092E-4 8.52849E-4 3.04802E-4 8.44546E-4 8.21984E-4 7.49305E-4 2.70933E-4 9.12514E-4 9.1893E-4 3.5802E-4 5.90656E-4 9.58398E-4 3.13462E-4 4.92797E-4 4.7857E-4 5.07575E-4 4.79895E-4 3.01321E-4 4.76598E-4 8.37787E-4 3.00918E-4 7.20607E-4 8.15499E-4 5.06026E-4 4.82726E-4 4.68845E-4 9.58505E-4 7.94366E-4 4.78926E-4 2.90921E-4 4.83407E-4 4.66807E-4 2.94043E-4 8.19866E-4 4.98936E-4 3.07016E-4 4.85602E-4 4.9203E-4 4.85841E-4 8.21981E-4 5.03368E-4 4.81662E-4 8.36921E-4 3.03109E-4 2.88678E-4 4.61505E-4 2.68963E-4 7.49308E-4 3.00286E-4 2.75258E-4 5.01771E-4 4.11663E-4 5.21069E-4 8.17059E-4 4.94411E-4 8.20582E-4 7.64807E-4 7.95153E-4 8.35434E-4 2.76326E-4 4.72901E-4 8.41143E-4 6.78117E-4 3.00409E-4 5.21567E-4 8.49669E-4 3.02988E-4 8.13724E-4 3.01969E-4 8.02237E-4 8.04238E-4 4.18514E-4 8.29632E-4 5.46223E-4 5.13179E-4 2.96513E-4 7.01443E-4 2.99438E-4 4.88413E-4 2.4939E-4 3.05931E-4 2.95605E-4 3.04533E-4 4.87597E-4 3.00923E-4 8.62698E-4 2.91788E-4 5.13986E-4 7.9715E-4 8.31672E-4 7.99593E-4 3.03823E-4 5.04545E-4 4.26907E-4 4.82574E-4 2.7974E-4 4.89911E-4 4.83882E-4 8.20744E-4 2.96915E-4 4.81465E-4 7.94207E-4 2.71664E-4 4.80675E-4 4.88901E-4 7.07792E-4 2.46352E-4 5.04863E-4 4.80697E-4 3.068E-4 8.11245E-4 7.81073E-4 2.91548E-4 7.9842E-4 7.76835E-4 5.04054E-4 8.15384E-4 2.91887E-4 7.85028E-4 4.92255E-4 3.40254E-4 4.33023E-4 4.82404E-4 8.02513E-4 4.84284E-4 8.14324E-4 8.0342E-4 4.81993E-4 7.96692E-4 2.88724E-4 7.95797E-4 7.776E-4 2.97775E-4 4.75435E-4 7.86889E-4 3.03602E-4 4.75506E-4 4.79809E-4 4.61818E-4 4.50865E-4 4.72302E-4 4.91113E-4 4.88817E-4 3.01256E-4 2.81774E-4 7.52751E-4 2.67203E-4 4.4645E-4 2.96403E-4 2.80573E-4 4.77981E-4 6.78636E-4 5.0802E-4 7.97494E-4 4.80177E-4 8.02589E-4 7.58659E-4 7.83402E-4 8.10522E-4 2.75402E-4 4.74797E-4 4.77787E-4 6.88086E-4 3.0117E-4 5.14154E-4 4.94435E-4 2.97599E-4 4.58919E-4 2.92956E-4 4.83723E-4 8.07514E-4 4.56577E-4 7.98547E-4 5.36228E-4 8.33149E-4 2.99473E-4 4.00755E-4 2.86558E-4 4.7771E-4 2.50357E-4 2.92018E-4 2.99122E-4 2.8835E-4 7.9291E-4 2.95238E-4 8.45061E-4 2.68031E-4 8.36454E-4 4.87855E-4 4.86266E-4 4.65102E-4 2.82294E-4 4.9673E-4 3.87818E-4 4.67299E-4 2.76061E-4 8.09003E-4 7.88218E-4 4.92467E-4 2.96447E-4 4.65571E-4 4.72126E-4 2.85226E-4 4.77907E-4 4.78678E-4 6.92481E-4 2.47986E-4 5.19125E-4 4.81172E-4 2.98299E-4 4.92021E-4 4.69769E-4 3.35335E-4 4.91518E-4 4.72747E-4 8.32308E-4 5.08615E-4 3.0082E-4 7.95894E-4 5.04821E-4 2.97576E-4 4.0829E-4 8.26315E-4 7.81121E-4 4.93716E-4 4.67122E-4 4.95109E-4 4.71683E-4 0.001327946 2.94254E-4 4.85101E-4 4.71987E-4 3.00393E-4 4.70884E-4 4.77543E-4 2.87862E-4 4.70554E-4 8.07726E-4 7.81207E-4 7.80912E-4 4.84446E-4 8.20049E-4 5.0636E-4 2.91168E-4 2.80674E-4 7.40395E-4 2.69674E-4 7.43707E-4 2.98716E-4 2.7741E-4 4.85013E-4 6.69368E-4 8.1152E-4 4.78347E-4 4.61656E-4 7.94556E-4 4.50996E-4 7.98434E-4 5.03248E-4 2.68503E-4 4.73205E-4 4.66872E-4 6.7275E-4 3.04396E-4 8.40562E-4 8.02411E-4 2.94056E-4 4.70308E-4 3.01112E-4 4.78522E-4 8.13327E-4 4.15104E-4 4.74144E-4 5.1343E-4 4.89846E-4 2.86335E-4 6.84567E-4 2.93189E-4 7.85635E-4 2.53966E-4 2.97689E-4 2.992E-4 2.89295E-4 8.10706E-4 3.05021E-4 5.15987E-4 2.73323E-4 5.04895E-4 8.18807E-4 8.11498E-4 4.86175E-4 2.98808E-4 8.17312E-4 4.10257E-4 4.75174E-4 2.68355E-4 8.30539E-4 7.94729E-4 7.99337E-4 2.90122E-4 7.9476E-4 7.88719E-4 2.77989E-4 7.97747E-4 8.02713E-4 7.01605E-4 2.44559E-4 8.21462E-4 7.95554E-4 2.9872E-4 5.021E-4 8.10289E-4 2.98871E-4 4.784E-4 8.10446E-4 8.06949E-4 7.89796E-4 2.95829E-4 7.92754E-4 4.80403E-4 2.98227E-4 6.80211E-4 8.17251E-4 4.88509E-4 7.97844E-4 7.84807E-4 5.13364E-4 8.09767E-4 8.13925E-4 2.95802E-4 8.15665E-4 4.91828E-4 3.04726E-4 4.75631E-4 8.01775E-4 2.94886E-4 8.30385E-4 8.32684E-4 5.20099E-4 9.05716E-4 0.001004316 6.06191E-4 9.99581E-4 3.73807E-4 3.56909E-4 9.22787E-4 3.26059E-4 8.9475E-4 3.44799E-4 3.38407E-4 9.54902E-4 8.01028E-4 9.57411E-4 7.98883E-4 7.83133E-4 7.85558E-4 4.51861E-4 4.77283E-4 4.7915E-4 2.66895E-4 4.72116E-4 8.19755E-4 4.14079E-4 2.99177E-4 5.15468E-4 8.29565E-4 2.93276E-4 8.02838E-4 2.99073E-4 7.86966E-4 0.001002681 4.21917E-4 4.6677E-4 5.37287E-4 5.04648E-4 2.97926E-4 6.69176E-4 2.9626E-4 4.67456E-4 2.50427E-4 2.88853E-4 2.95893E-4 3.03251E-4 7.95348E-4 2.98903E-4 5.32471E-4 2.87722E-4 8.29191E-4 7.82515E-4 8.05802E-4 7.91673E-4 3.02063E-4 5.11001E-4 3.89672E-4 4.69651E-4 2.77043E-4 8.38419E-4 4.90261E-4 8.00657E-4 2.93567E-4 8.12517E-4 7.76062E-4 2.72162E-4 4.83231E-4 8.06182E-4 4.44752E-4 2.41171E-4 5.06621E-4 8.45748E-4 2.98744E-4 4.9267E-4 8.14736E-4 2.96038E-4 8.0865E-4 4.94778E-4 4.93183E-4 4.86754E-4 2.99587E-4 8.03534E-4 8.13717E-4 4.10902E-4 4.23113E-4 7.9249E-4 7.92713E-4 4.8625E-4 7.84848E-4 7.97495E-4 5.07584E-4 7.84981E-4 3.04392E-4 8.07758E-4 4.97538E-4 2.92267E-4 7.86346E-4 4.98312E-4 2.99836E-4 4.88204E-4 4.83223E-4 8.10168E-4 4.80643E-4 8.18077E-4 5.03766E-4 5.32589E-4 3.16618E-4 2.83218E-4 4.54352E-4 2.69424E-4 4.37833E-4 2.99302E-4 2.78524E-4 4.86059E-4 4.10041E-4 5.08518E-4 4.59699E-4 4.7352E-4 8.02391E-4 4.46884E-4 4.64769E-4 8.42907E-4 2.73023E-4 7.89142E-4 7.88216E-4 4.1124E-4 2.88469E-4 5.16353E-4 8.50469E-4 2.98755E-4 8.13969E-4 2.93982E-4 7.95983E-4 7.75637E-4 4.24747E-4 8.06387E-4 5.38686E-4 4.95794E-4 2.88835E-4 6.78459E-4 2.87677E-4 8.02955E-4 2.48648E-4 3.55395E-4 3.06516E-4 2.97563E-4 7.86105E-4 2.9792E-4 8.51812E-4 2.75364E-4 8.40214E-4 4.92827E-4 5.0119E-4 8.09712E-4 2.94861E-4 4.93091E-4 3.97846E-4 4.87646E-4 2.70141E-4 4.81886E-4 4.73424E-4 4.84264E-4 2.92224E-4 4.73474E-4 4.77949E-4 2.70091E-4 4.86919E-4 4.90884E-4 7.15831E-4 2.43487E-4 5.13534E-4 9.81458E-4 5.26496E-4 5.04742E-4 4.7563E-4 2.97267E-4 8.11531E-4 4.98816E-4 8.31687E-4 7.99144E-4 2.95261E-4 7.95693E-4 4.91977E-4 2.9321E-4 6.9253E-4 8.04233E-4 4.99882E-4 4.85569E-4 7.77384E-4 5.15681E-4 4.70477E-4 4.44814E-4 3.5422E-4 8.05486E-4 7.769E-4 2.92195E-4 4.74237E-4 8.03661E-4 2.90782E-4 8.00554E-4 7.89212E-4 8.03422E-4 7.83599E-4 5.01008E-4 8.02689E-4 8.11789E-4 3.09898E-4 2.85683E-4 4.47165E-4 2.75166E-4 4.29581E-4 2.89136E-4 2.82628E-4 8.00423E-4 6.69284E-4 8.06237E-4 4.91583E-4 7.97966E-4 7.84163E-4 7.42778E-4 5.01125E-4 4.88592E-4 2.78446E-4 8.03862E-4 8.01133E-4 4.11934E-4 3.09168E-4 8.62304E-4 8.17152E-4 3.06107E-4 4.67986E-4 2.94441E-4 4.7436E-4 4.66994E-4 6.74401E-4 7.8555E-4 8.81667E-4 8.30448E-4 2.92413E-4 4.01786E-4 2.78784E-4 4.69128E-4 2.44328E-4 2.81478E-4 2.99848E-4 2.91071E-4 7.95118E-4 3.03123E-4 8.5202E-4 2.76641E-4 8.80647E-4 4.94904E-4 4.91177E-4 4.79041E-4 2.98274E-4 8.09516E-4 4.2083E-4 4.81767E-4 2.66252E-4 4.78321E-4 8.03992E-4 4.87645E-4 2.84548E-4 7.94154E-4 4.99945E-4 2.78725E-4 4.80161E-4 8.23478E-4 6.67048E-4 2.7817E-4 7.97603E-4 4.98063E-4 2.86296E-4 8.14265E-4 4.81237E-4 2.82418E-4 7.95971E-4 6.82522E-4 4.94642E-4 4.6208E-4 3.23612E-4 5.22361E-4 4.79549E-4 2.91807E-4 6.64521E-4 4.95874E-4 4.63634E-4 7.98307E-4 7.99022E-4 7.76197E-4 7.7275E-4 4.60209E-4 2.89528E-4 8.00495E-4 7.5977E-4 2.88774E-4 7.80788E-4 5.21498E-4 2.92346E-4 8.08617E-4 4.97296E-4 7.97462E-4 7.80909E-4 4.93183E-4 8.06725E-4 5.23938E-4 3.04401E-4 2.95354E-4 4.37412E-4 2.72895E-4 4.33708E-4 2.89014E-4 2.86512E-4 7.89351E-4 4.72571E-4 8.15913E-4 4.86319E-4 8.45091E-4 4.55117E-4 4.41376E-4 7.84362E-4 5.60485E-4 2.68869E-4 8.03565E-4 7.8269E-4 6.65554E-4 3.11419E-4 8.58403E-4 8.23449E-4 2.98287E-4 0.001615227 3.98965E-4 0.001050239 0.001063859 8.63966E-4 5.96896E-4 6.43402E-4 9.55061E-4 3.50979E-4 4.70325E-4 3.41534E-4 4.81098E-4 2.54929E-4 2.94143E-4 2.98613E-4 2.90302E-4 4.8678E-4 3.01639E-4 8.43957E-4 2.77553E-4 5.02668E-4 4.79781E-4 8.37529E-4 7.89159E-4 2.98518E-4 5.08473E-4 4.05917E-4 7.89985E-4 2.71364E-4 8.12944E-4 8.27878E-4 8.21267E-4 2.92946E-4 4.59071E-4 8.1048E-4 2.84985E-4 8.20217E-4 8.24747E-4 7.0712E-4 2.44896E-4 5.09729E-4 4.82129E-4 2.92215E-4 8.37179E-4 4.96211E-4 2.92166E-4 8.13673E-4 5.18203E-4 5.43678E-4 8.07446E-4 2.99726E-4 7.99641E-4 4.95403E-4 3.0557E-4 4.16162E-4 8.97705E-4 7.83083E-4 4.95203E-4 8.12056E-4 5.04863E-4 8.22721E-4 7.67678E-4 3.03632E-4 8.37544E-4 5.31639E-4 3.09491E-4 8.35462E-4 4.93439E-4 2.97477E-4 8.10994E-4 4.97969E-4 4.82313E-4 4.80609E-4 8.19273E-4 8.03491E-4 8.22449E-4 3.14447E-4 2.85597E-4 7.50631E-4 3.0756E-4 7.99202E-4 3.0334E-4 2.98363E-4 4.86411E-4 5.08081E-4 5.19719E-4 8.03722E-4 5.29084E-4 4.49008E-4 4.18913E-4 4.57608E-4 8.23981E-4 2.75194E-4 7.83154E-4 8.37051E-4 6.79034E-4 3.48143E-4 5.44599E-4 8.6712E-4 3.05258E-4 4.69923E-4 2.99764E-4 8.03341E-4 4.92894E-4 4.14212E-4 4.7051E-4 5.36076E-4 8.39863E-4 3.04762E-4 6.78591E-4 2.91739E-4 7.98861E-4 2.52832E-4 2.92592E-4 3.0456E-4 2.96757E-4 8.47558E-4 3.09448E-4 5.17185E-4 2.78082E-4 8.58393E-4 7.849E-4 8.15513E-4 7.94547E-4 3.06188E-4 8.17147E-4 4.46655E-4 8.04625E-4 2.76469E-4 8.12912E-4 7.85965E-4 7.98418E-4 3.32873E-4 7.81245E-4 8.1309E-4 2.76728E-4 8.11337E-4 8.04267E-4 4.4033E-4 3.14642E-4 8.42834E-4 8.08475E-4 2.98109E-4 8.20063E-4 8.02716E-4 2.94721E-4 5.27363E-4 5.14011E-4 5.42203E-4 4.83113E-4 2.97445E-4 8.02042E-4 4.90642E-4 2.96493E-4 4.37499E-4 4.90274E-4 8.13422E-4 4.99639E-4 4.86796E-4 8.21909E-4 7.87387E-4 4.87881E-4 2.97805E-4 7.96647E-4 5.38664E-4 3.02134E-4 4.83924E-4 4.7094E-4 2.98213E-4 5.16686E-4 4.87483E-4 8.23588E-4 8.47012E-4 4.94485E-4 5.3467E-4 4.98668E-4 3.03927E-4 2.95414E-4 7.73787E-4 2.69141E-4 7.65735E-4 3.66336E-4 2.91565E-4 4.9074E-4 6.82772E-4 8.1374E-4 4.88763E-4 4.56057E-4 4.59866E-4 7.54094E-4 5.13645E-4 5.28867E-4 2.84068E-4 4.83652E-4 4.84986E-4 4.24942E-4 2.93842E-4 5.08629E-4 0.001132463 3.81977E-4 5.83646E-4 3.72512E-4 5.99839E-4 0.00101821 5.41224E-4 0.001010535 0.001088328 9.95792E-4 3.9618E-4 8.24515E-4 4.43924E-4 0.00112834 3.52073E-4 4.25625E-4 4.3824E-4 4.16793E-4 0.001098405 4.454E-4 7.28674E-4 3.9088E-4 6.97859E-4 6.73058E-4 0.001146657 7.5094E-4 4.17201E-4 7.07734E-4 5.90303E-4 0.001156176 3.84791E-4 6.77552E-4 0.001132134 6.83762E-4 3.81684E-4 6.00222E-4 6.08957E-4 3.5711E-4 9.03832E-4 8.2733E-4 7.35072E-4 2.66727E-4 0.001158863 5.30063E-4 2.97914E-4 8.61879E-4 7.94841E-4 3.03891E-4 8.2487E-4 5.04071E-4 8.14634E-4 8.24677E-4 3.1148E-4 8.32839E-4 5.04676E-4 2.96248E-4 4.08862E-4 8.06542E-4 8.0165E-4 8.02545E-4 7.91728E-4 5.27223E-4 4.7455E-4 7.86594E-4 3.08218E-4 7.97188E-4 8.08714E-4 3.47027E-4 5.31788E-4 8.08431E-4 3.22561E-4 0.001040246 8.43233E-4 9.58178E-4 8.49492E-4 5.71469E-4 6.47024E-4 9.18075E-4 3.39806E-4 3.16962E-4 7.81007E-4 3.23342E-4 4.57344E-4 2.99676E-4 2.83522E-4 8.26482E-4 6.84243E-4 8.23244E-4 5.44942E-4 4.89862E-4 5.02933E-4 7.69365E-4 7.8599E-4 5.44653E-4 2.75791E-4 4.71618E-4 8.2037E-4 6.89008E-4 3.76294E-4 8.90994E-4 9.19638E-4 3.28138E-4 8.61326E-4 3.20341E-4 4.82357E-4 8.27883E-4 4.14408E-4 8.03619E-4 8.87807E-4 8.3308E-4 2.9495E-4 6.82891E-4 3.59011E-4 4.97551E-4 2.78152E-4 3.14647E-4 3.16814E-4 3.16055E-4 5.0315E-4 3.08413E-4 8.76481E-4 2.7846E-4 8.58409E-4 8.2998E-4 8.32578E-4 8.23788E-4 3.15115E-4 8.4788E-4 4.19205E-4 5.05108E-4 2.84625E-4 5.02387E-4 8.4592E-4 8.46998E-4 3.09242E-4 4.78532E-4 4.99875E-4 2.93833E-4 8.62002E-4 8.4181E-4 4.71081E-4 2.57238E-4 5.17374E-4 8.53088E-4 3.02436E-4 8.3446E-4 5.08551E-4 3.19284E-4 4.99168E-4 4.88149E-4 8.37806E-4 5.08862E-4 3.23078E-4 5.0398E-4 8.50022E-4 3.0133E-4 4.41904E-4 5.0502E-4 8.1663E-4 8.17959E-4 8.06518E-4 5.27661E-4 8.16396E-4 4.8317E-4 3.05416E-4 8.61908E-4 7.88193E-4 3.02226E-4 8.17828E-4 7.99027E-4 3.05187E-4 8.22373E-4 5.65959E-4 5.0712E-4 4.97878E-4 8.27767E-4 5.12327E-4 5.15702E-4 3.13697E-4 2.92087E-4 8.44915E-4 2.80458E-4 4.52226E-4 3.12494E-4 2.8701E-4 8.38925E-4 6.93249E-4 8.54954E-4 8.08845E-4 4.98001E-4 8.63692E-4 4.71234E-4 8.40808E-4 5.3719E-4 2.81667E-4 4.95172E-4 8.40441E-4 4.28372E-4 2.98646E-4 8.8021E-4 8.71577E-4 3.22227E-4 8.19966E-4 3.04065E-4 4.97068E-4 8.42672E-4 7.00222E-4 4.96239E-4 9.06497E-4 5.1581E-4 3.00422E-4 6.99838E-4 2.9354E-4 8.19764E-4 2.60397E-4 3.1218E-4 3.10344E-4 3.65929E-4 5.14657E-4 3.17962E-4 8.80757E-4 2.81032E-4 8.7009E-4 5.04099E-4 8.90392E-4 5.14597E-4 3.17885E-4 5.33422E-4 4.22521E-4 8.35424E-4 2.91483E-4 8.40354E-4 5.01043E-4 8.3347E-4 3.01708E-4 8.70507E-4 8.13998E-4 2.89438E-4 8.21671E-4 8.1569E-4 7.20888E-4 2.69904E-4 5.17969E-4 8.35605E-4 3.22967E-4 8.58785E-4 8.97506E-4 3.20033E-4 8.72562E-4 8.03559E-4 6.02665E-4 8.59043E-4 3.21811E-4 4.91688E-4 8.26927E-4 3.28399E-4 4.52426E-4 8.95528E-4 5.5172E-4 5.61473E-4 5.788E-4 0.001001159 9.41385E-4 9.45971E-4 4.19909E-4 5.9164E-4 5.67506E-4 3.67126E-4 5.79348E-4 5.71416E-4 3.57665E-4 5.64093E-4 5.84568E-4 5.67224E-4 9.40944E-4 9.17555E-4 6.04758E-4 9.76954E-4 3.57833E-4 3.23797E-4 9.4832E-4 2.77172E-4 4.49167E-4 3.0655E-4 2.97989E-4 4.93815E-4 4.30398E-4 8.442E-4 5.31048E-4 4.5976E-4 7.96574E-4 7.61956E-4 4.9299E-4 8.30207E-4 2.88491E-4 7.97178E-4 8.20561E-4 7.6768E-4 3.00323E-4 5.38188E-4 8.76618E-4 3.23991E-4 4.84747E-4 2.9717E-4 4.78669E-4 4.78859E-4 4.06166E-4 4.74365E-4 8.79094E-4 5.06153E-4 3.15559E-4 6.88753E-4 2.93566E-4 7.92454E-4 2.71553E-4 3.02931E-4 3.20452E-4 2.95405E-4 8.16567E-4 3.1247E-4 5.16443E-4 2.83777E-4 5.05517E-4 5.34071E-4 4.8661E-4 4.76476E-4 2.90416E-4 8.36777E-4 4.19489E-4 5.14817E-4 2.72561E-4 8.06876E-4 7.95356E-4 5.16322E-4 3.3856E-4 4.64608E-4 8.24011E-4 2.79461E-4 4.77964E-4 4.92916E-4 6.8315E-4 2.45416E-4 8.0274E-4 7.93982E-4 2.95288E-4 4.86946E-4 8.03789E-4 2.93657E-4 4.7513E-4 4.68688E-4 4.85857E-4 7.9486E-4 3.80659E-4 6.33838E-4 9.28838E-4 3.75733E-4 4.46846E-4 5.12242E-4 8.35336E-4 5.03374E-4 7.72279E-4 8.11968E-4 4.79869E-4 4.53834E-4 2.93533E-4 7.9248E-4 4.82527E-4 2.94445E-4 4.65383E-4 4.71197E-4 2.92684E-4 5.23281E-4 4.87743E-4 4.82123E-4 4.56102E-4 4.89598E-4 7.99606E-4 8.14583E-4 3.1891E-4 2.90167E-4 4.90804E-4 2.82023E-4 7.49898E-4 2.96917E-4 2.86169E-4 4.7671E-4 4.16386E-4 8.17305E-4 4.93834E-4 4.66963E-4 5.01309E-4 7.50114E-4 7.96338E-4 5.10734E-4 2.70536E-4 7.94671E-4 4.9285E-4 6.61815E-4 3.00373E-4 5.30267E-4 5.03795E-4 2.99498E-4 4.79655E-4 3.12289E-4 8.15812E-4 8.01009E-4 4.33899E-4 4.9422E-4 9.09845E-4 5.10412E-4 2.9465E-4 6.9876E-4 2.94184E-4 7.95077E-4 2.56883E-4 3.04683E-4 2.98233E-4 3.00632E-4 4.78625E-4 3.02295E-4 8.3959E-4 3.16359E-4 5.17048E-4 7.71875E-4 5.18061E-4 4.84834E-4 2.98275E-4 4.94849E-4 4.17565E-4 4.74422E-4 2.82376E-4 4.95931E-4 4.69608E-4 4.84845E-4 3.39452E-4 7.7048E-4 4.94697E-4 2.80978E-4 8.13572E-4 7.9652E-4 4.52705E-4 2.84826E-4 5.41227E-4 4.89961E-4 3.05919E-4 8.28369E-4 4.9503E-4 3.3914E-4 4.80781E-4 6.35085E-4 9.39639E-4 7.93218E-4 2.98144E-4 4.90754E-4 8.09928E-4 2.96448E-4 6.93564E-4 5.00331E-4 4.7594E-4 8.32417E-4 7.67055E-4 8.02451E-4 7.65973E-4 7.7892E-4 2.99573E-4 4.84704E-4 8.01741E-4 2.96583E-4 8.03774E-4 7.85999E-4 3.46559E-4 4.80127E-4 4.93352E-4 7.9266E-4 7.86672E-4 4.87571E-4 8.2077E-4 5.66747E-4 3.15745E-4 2.8827E-4 4.55866E-4 2.7208E-4 4.37216E-4 2.94794E-4 4.02585E-4 8.15686E-4 4.26403E-4 8.38684E-4 7.99535E-4 7.82062E-4 7.65049E-4 4.54807E-4 4.8426E-4 4.83697E-4 2.80124E-4 0.001460872 4.77852E-4 4.09225E-4 3.11955E-4 5.19109E-4 5.07619E-4 2.99629E-4 8.20491E-4 2.98379E-4 7.88044E-4 4.89287E-4 4.06864E-4 4.64698E-4 8.87072E-4 8.28612E-4 3.0464E-4 6.73727E-4 2.91153E-4 8.02085E-4 2.53359E-4 2.91946E-4 3.09148E-4 2.96812E-4 7.90848E-4 2.97369E-4 5.3329E-4 2.78979E-4 5.01906E-4 4.83422E-4 8.31255E-4 8.01721E-4 3.22846E-4 8.0714E-4 4.08223E-4 7.97453E-4 3.20094E-4 5.52708E-4 5.07868E-4 7.98383E-4 3.07863E-4 8.19614E-4 4.93325E-4 2.79378E-4 8.18808E-4 5.06554E-4 6.86264E-4 2.49418E-4 8.08543E-4 7.95382E-4 2.97783E-4 8.21298E-4 7.70709E-4 3.0843E-4 4.83252E-4 8.01681E-4 5.26049E-4 7.98465E-4 2.92943E-4 6.37723E-4 8.0545E-4 3.03577E-4 6.89308E-4 7.98085E-4 7.89741E-4 7.92102E-4 4.84568E-4 4.97158E-4 7.99671E-4 8.27923E-4 3.06237E-4 7.8698E-4 8.45114E-4 3.13441E-4 5.04477E-4 5.06728E-4 3.23528E-4 9.15581E-4 9.45942E-4 5.80447E-4 5.14709E-4 7.99878E-4 7.84637E-4 8.07672E-4 3.04376E-4 2.9624E-4 4.40957E-4 2.80193E-4 7.4358E-4 2.94821E-4 2.78526E-4 4.82135E-4 4.14512E-4 4.9749E-4 8.1867E-4 7.69642E-4 7.65655E-4 7.67167E-4 8.42295E-4 8.173E-4 2.83258E-4 5.08276E-4 5.5445E-4 4.01594E-4 3.09874E-4 5.13976E-4 8.24893E-4 2.96437E-4 8.1652E-4 2.97739E-4 7.86902E-4 7.78083E-4 7.2062E-4 4.95561E-4 9.32065E-4 5.36565E-4 3.04657E-4 7.1594E-4 2.92163E-4 4.82104E-4 2.50378E-4 2.92047E-4 3.01936E-4 3.02883E-4 4.85132E-4 3.23261E-4 8.78364E-4 2.89605E-4 8.42821E-4 4.88865E-4 8.32986E-4 8.08178E-4 3.15656E-4 8.12196E-4 4.72523E-4 7.85672E-4 2.80652E-4 5.06726E-4 7.95615E-4 7.72203E-4 2.93893E-4 5.10123E-4 7.8544E-4 2.7657E-4 3.9054E-4 4.89211E-4 6.72088E-4 2.49067E-4 5.18716E-4 8.27791E-4 3.36814E-4 8.15083E-4 5.16793E-4 2.98504E-4 8.08005E-4 7.95336E-4 7.96807E-4 4.96199E-4 3.45228E-4 3.91346E-4 4.97378E-4 2.99634E-4 4.13768E-4 7.93192E-4 8.13696E-4 8.16745E-4 3.91326E-4 8.13586E-4 3.89566E-4 7.63239E-4 3.02247E-4 4.88176E-4 7.78908E-4 2.97192E-4 4.96124E-4 4.70889E-4 2.93241E-4 7.78561E-4 5.07395E-4 4.9922E-4 8.12532E-4 8.01608E-4 5.20458E-4 8.0072E-4 3.09882E-4 2.95665E-4 0.001332417 2.86098E-4 4.46234E-4 2.97861E-4 3.16729E-4 4.93899E-4 4.2294E-4 4.94347E-4 4.55903E-4 7.96913E-4 4.65044E-4 7.30284E-4 8.21534E-4 5.49956E-4 2.76872E-4 7.74236E-4 7.8613E-4 6.69245E-4 3.06846E-4 5.146E-4 4.8717E-4 2.942E-4 4.62036E-4 2.93291E-4 5.20677E-4 8.44119E-4 6.62703E-4 4.99956E-4 5.54536E-4 5.02549E-4 2.98574E-4 4.03209E-4 2.98543E-4 7.98404E-4 2.50494E-4 2.92627E-4 3.0169E-4 3.42574E-4 4.75215E-4 3.2113E-4 5.12791E-4 2.74652E-4 8.80456E-4 8.08207E-4 8.0564E-4 7.71203E-4 3.10728E-4 5.13897E-4 4.05435E-4 4.83108E-4 2.81578E-4 8.04302E-4 4.95274E-4 7.92771E-4 3.40507E-4 3.73548E-4 4.94778E-4 2.77153E-4 3.73709E-4 4.87207E-4 4.28477E-4 2.6359E-4 8.09242E-4 5.12261E-4 3.54374E-4 8.14985E-4 9.03968E-4 2.92691E-4 4.88689E-4 7.93284E-4 7.8856E-4 5.15193E-4 3.14226E-4 3.92249E-4 7.88915E-4 3.05391E-4 6.86568E-4 7.93007E-4 7.81681E-4 5.15442E-4 3.84515E-4 7.96266E-4 3.8443E-4 4.7414E-4 3.05969E-4 7.8986E-4 4.82561E-4 2.97708E-4 4.71973E-4 4.74741E-4 3.1005E-4 4.72611E-4 4.85311E-4 5.001E-4 8.01395E-4 7.74494E-4 5.63987E-4 8.16085E-4 2.98723E-4 2.85758E-4 7.60222E-4 2.81592E-4 7.34909E-4 3.08075E-4 2.9395E-4 8.08036E-4 4.28556E-4 8.02207E-4 5.29472E-4 4.57188E-4 8.31607E-4 4.47461E-4 4.98686E-4 4.86866E-4 2.78611E-4 8.00757E-4 7.68013E-4 4.22872E-4 3.01695E-4 5.11391E-4 8.12116E-4 3.0103E-4 4.78097E-4 2.98179E-4 7.90082E-4 7.63619E-4 6.62764E-4 4.89455E-4 8.97575E-4 5.0673E-4 2.97861E-4 7.08759E-4 2.96668E-4 7.8903E-4 2.4917E-4 2.96538E-4 3.40597E-4 2.94198E-4 4.95001E-4 3.00105E-4 5.25772E-4 2.93362E-4 8.3285E-4 7.93039E-4 7.91656E-4 5.0654E-4 2.99888E-4 8.00838E-4 4.14854E-4 4.81188E-4 2.73012E-4 4.94601E-4 7.85782E-4 5.24123E-4 2.96637E-4 3.82823E-4 8.0668E-4 2.7749E-4 3.9704E-4 4.93205E-4 6.78658E-4 2.50244E-4 7.97033E-4 5.11416E-4 2.98967E-4 5.07175E-4 7.969E-4 2.92636E-4 4.93425E-4 4.73862E-4 4.89108E-4 7.94431E-4 2.96813E-4 3.81579E-4 4.76003E-4 3.01152E-4 4.18697E-4 8.15667E-4 4.98589E-4 7.89079E-4 3.93841E-4 5.15958E-4 3.71106E-4 4.99325E-4 2.94531E-4 8.06956E-4 4.8839E-4 2.96933E-4 7.89324E-4 7.83444E-4 3.00939E-4 7.83775E-4 7.81996E-4 7.82908E-4 4.84139E-4 4.72289E-4 7.97212E-4 5.1178E-4 3.19748E-4 3.01095E-4 4.60345E-4 2.77367E-4 4.4873E-4 3.45947E-4 2.84042E-4 4.84797E-4 6.6814E-4 8.00587E-4 7.65416E-4 7.63326E-4 4.85755E-4 4.70451E-4 5.07966E-4 8.09845E-4 2.77098E-4 8.46117E-4 4.94085E-4 6.6396E-4 2.99718E-4 8.77489E-4 8.11022E-4 3.14975E-4 5.19099E-4 2.94304E-4 4.66092E-4 8.04764E-4 4.21224E-4 4.76351E-4 8.8111E-4 9.02367E-4 3.15289E-4 6.65397E-4 2.89979E-4 4.79523E-4 2.52957E-4 3.41164E-4 3.1538E-4 2.94718E-4 4.68848E-4 3.46865E-4 5.09254E-4 3.19166E-4 8.50025E-4 5.13566E-4 8.25318E-4 4.92724E-4 2.97121E-4 8.13411E-4 4.12347E-4 7.7724E-4 3.13551E-4 4.9531E-4 8.02308E-4 7.82589E-4 3.09582E-4 3.91565E-4 7.96318E-4 2.93456E-4 4.0829E-4 5.1372E-4 4.39798E-4 2.66051E-4 8.05005E-4 8.46492E-4 3.46906E-4 8.14027E-4 5.08264E-4 3.01059E-4 7.99976E-4 8.14478E-4 7.8387E-4 5.10835E-4 3.44036E-4 4.04654E-4 8.03602E-4 3.12965E-4 4.2811E-4 5.07013E-4 7.99867E-4 8.20169E-4 4.25139E-4 5.38924E-4 3.95711E-4 4.70482E-4 2.97286E-4 7.95523E-4 4.7621E-4 3.0698E-4 8.01492E-4 7.68063E-4 3.14176E-4 4.81497E-4 5.30341E-4 5.00899E-4 4.72665E-4 8.07358E-4 7.99488E-4 7.98365E-4 3.13466E-4 2.94296E-4 4.42732E-4 2.77296E-4 4.40799E-4 3.09876E-4 2.84121E-4 8.08148E-4 4.22662E-4 8.09189E-4 5.0439E-4 4.6095E-4 7.82594E-4 7.50798E-4 7.72931E-4 0.001069803 3.10012E-4 8.02813E-4 7.86315E-4 4.23514E-4 2.99704E-4 8.65235E-4 8.17274E-4 3.20122E-4 4.77405E-4 2.91392E-4 7.97094E-4 5.13231E-4 6.8867E-4 5.32103E-4 5.31079E-4 5.02898E-4 2.99256E-4 4.03312E-4 2.92386E-4 7.9912E-4 2.53581E-4 2.9539E-4 3.1089E-4 2.97594E-4 4.74766E-4 2.98814E-4 5.39342E-4 2.77391E-4 5.08667E-4 5.09944E-4 7.99535E-4 4.90438E-4 3.2996E-4 8.54099E-4 4.01842E-4 8.06571E-4 2.74079E-4 4.93274E-4 7.90686E-4 5.1555E-4 2.92423E-4 3.73693E-4 4.79464E-4 2.71561E-4 3.96668E-4 4.83168E-4 4.59519E-4 2.60115E-4 8.19228E-4 5.5449E-4 2.96854E-4 5.25728E-4 7.96941E-4 2.92265E-4 8.32883E-4 5.12031E-4 5.36961E-4 8.00026E-4 3.05653E-4 3.98887E-4 5.09943E-4 3.22481E-4 4.15699E-4 8.08803E-4 5.15661E-4 8.10237E-4 3.89515E-4 8.07457E-4 3.80697E-4 4.70414E-4 3.05016E-4 7.91355E-4 7.55296E-4 3.41791E-4 7.83161E-4 7.65402E-4 2.97198E-4 4.94294E-4 4.84785E-4 4.88014E-4 4.71977E-4 8.29481E-4 7.98914E-4 8.14385E-4 3.13634E-4 2.93059E-4 4.42731E-4 2.69222E-4 4.36608E-4 2.93293E-4 2.81359E-4 4.77173E-4 4.14995E-4 8.14995E-4 7.71883E-4 4.96512E-4 4.55947E-4 4.3286E-4 5.72038E-4 5.01375E-4 2.78258E-4 9.43857E-4 0.001002663 4.34806E-4 3.1761E-4 5.4414E-4 8.3804E-4 3.17528E-4 8.06305E-4 3.03415E-4 4.94761E-4 4.77808E-4 6.75508E-4 8.02205E-4 8.81197E-4 8.20496E-4 3.01861E-4 6.58676E-4 2.91741E-4 4.80505E-4 2.50393E-4 3.41339E-4 3.03409E-4 3.13269E-4 7.82748E-4 3.07741E-4 5.34117E-4 2.73172E-4 5.1752E-4 9.10139E-4 5.44191E-4 4.90028E-4 3.05677E-4 5.10132E-4 4.16444E-4 5.02002E-4 2.80968E-4 8.29694E-4 5.0075E-4 8.01734E-4 3.03154E-4 4.05389E-4 5.00384E-4 2.83508E-4 3.91718E-4 8.10903E-4 6.87978E-4 2.65919E-4 8.14589E-4 5.23711E-4 2.98672E-4 5.06768E-4 8.05085E-4 3.01318E-4 8.08207E-4 5.03599E-4 4.95626E-4 4.79949E-4 2.96716E-4 3.92292E-4 7.9747E-4 3.19924E-4 6.86603E-4 5.2178E-4 4.98301E-4 4.98223E-4 3.73359E-4 4.95485E-4 5.80611E-4 8.18166E-4 3.12805E-4 7.9705E-4 4.78095E-4 2.95619E-4 7.78643E-4 4.94483E-4 2.91025E-4 7.80579E-4 5.03251E-4 4.7569E-4 7.83412E-4 4.86769E-4 4.87392E-4 8.66731E-4 3.02315E-4 2.95783E-4 4.4266E-4 2.69037E-4 4.33593E-4 2.87443E-4 2.81866E-4 4.80479E-4 6.68899E-4 5.12517E-4 7.80349E-4 7.69004E-4 4.68174E-4 7.58461E-4 7.70351E-4 8.20544E-4 3.1088E-4 4.77129E-4 4.75188E-4 6.61805E-4 3.00966E-4 8.42176E-4 5.20406E-4 2.95912E-4 7.89545E-4 2.99884E-4 4.73706E-4 8.22244E-4 4.25727E-4 8.19495E-4 8.79473E-4 5.73355E-4 2.91749E-4 6.53863E-4 3.61437E-4 7.9398E-4 2.6522E-4 2.9438E-4 3.02638E-4 2.93215E-4 4.69828E-4 3.45383E-4 8.42589E-4 2.75903E-4 5.26814E-4 4.75169E-4 4.92032E-4 8.4691E-4 3.03284E-4 5.0028E-4 3.9741E-4 7.72315E-4 2.72643E-4 5.00086E-4 7.72036E-4 5.0145E-4 2.91475E-4 4.27125E-4 7.97252E-4 2.89483E-4 3.80935E-4 7.90178E-4 4.42378E-4 3.5269E-4 5.45078E-4 7.98154E-4 2.96052E-4 7.98282E-4 7.62097E-4 2.95886E-4 4.9453E-4 4.62283E-4 4.79777E-4 7.85095E-4 2.92103E-4 3.91799E-4 4.71543E-4 3.3829E-4 6.83666E-4 5.04712E-4 4.71371E-4 8.23742E-4 4.23737E-4 5.28999E-4 3.64858E-4 7.91719E-4 3.03641E-4 7.79741E-4 4.77429E-4 2.97814E-4 4.84968E-4 7.72165E-4 2.94042E-4 7.78526E-4 8.23473E-4 5.36118E-4 8.55603E-4 7.86343E-4 5.16497E-4 4.96503E-4 3.05625E-4 3.31105E-4 4.41422E-4 2.74719E-4 7.59138E-4 3.15593E-4 2.83798E-4 4.92577E-4 6.60825E-4 9.82042E-4 5.28103E-4 8.15264E-4 4.74596E-4 7.21814E-4 5.00849E-4 4.73269E-4 2.69879E-4 5.12624E-4 5.16771E-4 4.22888E-4 3.05652E-4 8.33352E-4 8.14159E-4 3.05665E-4 7.75017E-4 2.92717E-4 4.76337E-4 5.14071E-4 6.94972E-4 7.87224E-4 5.52699E-4 8.52639E-4 3.94099E-4 4.23039E-4 2.98012E-4 4.77309E-4 2.4687E-4 2.87229E-4 2.97936E-4 2.88385E-4 7.87539E-4 2.97394E-4 8.16407E-4 2.78973E-4 5.10543E-4 8.20598E-4 8.46474E-4 5.36052E-4 3.26275E-4 7.95661E-4 4.2629E-4 4.94591E-4 2.76903E-4 5.09321E-4 4.7273E-4 4.82745E-4 2.92185E-4 3.74329E-4 7.79952E-4 2.88308E-4 4.29294E-4 8.40082E-4 9.9889E-5 2.67187E-4 4.91699E-4 2.92314E-4 2.82627E-4 8.00901E-4 4.84932E-4 2.88025E-4 7.8601E-4 7.47821E-4 1.27006E-4 2.88143E-4 2.84403E-4 3.77503E-4 4.77998E-4 2.90193E-4 3.70512E-4 4.22105E-4 7.85536E-4 4.70188E-4 3.17909E-4 8.25251E-4 3.90511E-4 9.7495E-5 3.0255E-4 7.6933E-4 4.14572E-4 2.89112E-4 4.64265E-4 7.61825E-4 2.91541E-4 7.5518E-4 4.3341E-4 7.92792E-4 4.81314E-4 4.31474E-4 4.73606E-4 1.1924E-4 3.51163E-4 2.90085E-4 7.66188E-4 2.84672E-4 4.3744E-4 3.12717E-4 3.00193E-4 4.73482E-4 4.07603E-4 4.40152E-4 8.08365E-4 4.96083E-4 4.37196E-4 4.19383E-4 4.04205E-4 9.5782E-5 2.63822E-4 7.74415E-4 5.17309E-4 3.75665E-4 3.12151E-4 1.03493E-4 9.8108E-5 2.90318E-4 7.75424E-4 2.96382E-4 4.24322E-4 8.01615E-4 6.64578E-4 4.99054E-4 4.65014E-4 1.0197E-4 3.08195E-4 6.62613E-4 3.00202E-4 7.76009E-4 2.76162E-4 3.09753E-4 3.00473E-4 3.06834E-4 4.79573E-4 3.2967E-4 8.50863E-4 2.76852E-4 9.8543E-5 5.01916E-4 9.3487E-5 4.07633E-4 3.01034E-4 8.01764E-4 4.06183E-4 7.7676E-4 2.76367E-4 1.00094E-4 5.01929E-4 4.08404E-4 3.30603E-4 3.00851E-4 7.94656E-4 2.90665E-4 3.8378E-4 7.98242E-4 4.83532E-4 2.52282E-4 5.05273E-4 8.00076E-4 3.10296E-4 5.1224E-4 8.6911E-4 3.2647E-4 8.59565E-4 8.89988E-4 6.31804E-4 9.4819E-4 3.77792E-4 4.78702E-4 5.83892E-4 3.99123E-4 8.49204E-4 6.27984E-4 9.38578E-4 5.08833E-4 3.90581E-4 8.20991E-4 3.94292E-4 4.91064E-4 3.12288E-4 8.18439E-4 7.82906E-4 3.17471E-4 8.08293E-4 7.92549E-4 3.03647E-4 7.98999E-4 5.1292E-4 8.27061E-4 5.11211E-4 5.09638E-4 4.95279E-4 5.17111E-4 3.18901E-4 3.09219E-4 4.7524E-4 2.85243E-4 4.54716E-4 3.09997E-4 3.04722E-4 5.00207E-4 6.95142E-4 5.42585E-4 8.13791E-4 4.86967E-4 4.58274E-4 7.64883E-4 8.0023E-4 8.60725E-4 2.75426E-4 4.76259E-4 5.14672E-4 4.51174E-4 3.08329E-4 5.08923E-4 8.22055E-4 3.57706E-4 7.86081E-4 3.15932E-4 7.79775E-4 5.17142E-4 6.65379E-4 7.90465E-4 9.02491E-4 5.29873E-4 2.94172E-4 4.12499E-4 2.87423E-4 4.77928E-4 2.56007E-4 2.97642E-4 3.82813E-4 3.04008E-4 4.89461E-4 3.12028E-4 8.54261E-4 2.9334E-4 5.2541E-4 4.98253E-4 8.23717E-4 5.40473E-4 5.07936E-4 8.08193E-4 4.61017E-4 5.48125E-4 2.842E-4 8.24893E-4 5.08314E-4 4.9616E-4 2.95397E-4 3.85038E-4 8.01836E-4 4.06562E-4 4.01615E-4 5.1014E-4 4.73451E-4 2.62248E-4 5.05082E-4 8.00953E-4 2.92706E-4 5.82272E-4 7.94331E-4 3.06936E-4 7.95182E-4 4.89855E-4 4.89295E-4 7.81564E-4 2.97236E-4 3.78531E-4 8.35764E-4 3.06062E-4 6.72065E-4 5.48182E-4 4.82986E-4 8.0139E-4 3.95736E-4 4.97801E-4 3.73677E-4 4.54658E-4 3.12271E-4 7.79126E-4 4.79981E-4 2.94756E-4 4.68594E-4 4.66181E-4 3.37584E-4 4.83412E-4 7.98069E-4 5.05822E-4 7.97E-4 7.91467E-4 5.10731E-4 4.92515E-4 3.01486E-4 2.86891E-4 7.9373E-4 2.76124E-4 7.22178E-4 2.92888E-4 2.79704E-4 8.04527E-4 7.09654E-4 5.25287E-4 4.67641E-4 4.57006E-4 4.50986E-4 4.30538E-4 4.71904E-4 5.03896E-4 2.79343E-4 4.70985E-4 8.1522E-4 4.21895E-4 2.95322E-4 5.14136E-4 5.71598E-4 3.06723E-4 8.43885E-4 3.18471E-4 4.86545E-4 4.82288E-4 4.09497E-4 7.9299E-4 5.90288E-4 5.5921E-4 3.09309E-4 4.06813E-4 2.82911E-4 4.72908E-4 2.52764E-4 3.10657E-4 3.2118E-4 2.92664E-4 8.05761E-4 3.12466E-4 5.17177E-4 2.77267E-4 5.04748E-4 4.7942E-4 4.81856E-4 4.77262E-4 2.95288E-4 8.08033E-4 4.78475E-4 4.95352E-4 2.74612E-4 5.31964E-4 7.79058E-4 4.92331E-4 2.92316E-4 3.74201E-4 8.12429E-4 2.90753E-4 3.93786E-4 4.92165E-4 6.75055E-4 3.22687E-4 7.90557E-4 5.53621E-4 3.48931E-4 5.04894E-4 4.82878E-4 3.0197E-4 4.85498E-4 4.72161E-4 5.31242E-4 8.04407E-4 3.13335E-4 4.25255E-4 8.00662E-4 3.08173E-4 6.90433E-4 8.11661E-4 4.901E-4 7.95754E-4 4.14293E-4 8.26867E-4 3.82306E-4 7.60906E-4 3.39909E-4 5.04596E-4 4.60282E-4 2.93264E-4 4.82613E-4 4.77795E-4 3.11396E-4 4.77568E-4 4.92421E-4 4.82017E-4 4.57352E-4 8.003E-4 7.63384E-4 8.25012E-4 3.05195E-4 2.9174E-4 7.45027E-4 2.79463E-4 4.51265E-4 2.8743E-4 2.75842E-4 7.87708E-4 6.76619E-4 8.10852E-4 7.68575E-4 4.92828E-4 8.27525E-4 8.37573E-4 8.79989E-4 8.33642E-4 3.13051E-4 7.953E-4 7.85677E-4 4.74251E-4 3.00555E-4 8.33804E-4 8.05699E-4 3.06972E-4 4.69778E-4 3.03152E-4 4.76249E-4 6.17579E-4 4.33316E-4 8.24267E-4 8.89642E-4 5.48373E-4 3.06177E-4 6.63683E-4 2.93743E-4 4.81755E-4 2.58684E-4 3.10223E-4 2.97112E-4 2.995E-4 7.97637E-4 3.05051E-4 5.18154E-4 2.86812E-4 5.17212E-4 7.91788E-4 5.73767E-4 7.72566E-4 3.06541E-4 5.06469E-4 3.99389E-4 7.54252E-4 2.76523E-4 4.99208E-4 7.65118E-4 7.83709E-4 2.90954E-4 3.8709E-4 7.91744E-4 2.76352E-4 4.23661E-4 8.03627E-4 6.77874E-4 2.61192E-4 8.39576E-4 5.17922E-4 2.99067E-4 4.96463E-4 7.93372E-4 2.9224E-4 4.80902E-4 5.22306E-4 4.9647E-4 5.24046E-4 3.02188E-4 3.96802E-4 4.82061E-4 2.95603E-4 6.81026E-4 5.04637E-4 7.94494E-4 5.18699E-4 3.82996E-4 8.28167E-4 3.90846E-4 7.62157E-4 2.98357E-4 7.89863E-4 7.40825E-4 3.18002E-4 4.9689E-4 4.69433E-4 2.98501E-4 4.72068E-4 5.05396E-4 4.86202E-4 4.5873E-4 4.80429E-4 4.78478E-4 8.42903E-4 3.0489E-4 2.90081E-4 7.5877E-4 2.88545E-4 7.41677E-4 2.95736E-4 2.88052E-4 4.92958E-4 6.63803E-4 5.19536E-4 4.64277E-4 8.31299E-4 7.49526E-4 4.45345E-4 8.00425E-4 7.91385E-4 3.00554E-4 4.91764E-4 4.71514E-4 4.10908E-4 2.89151E-4 8.32667E-4 7.90116E-4 3.03715E-4 7.89623E-4 2.9372E-4 4.81763E-4 5.20381E-4 4.11949E-4 4.7123E-4 0.0010058 8.01287E-4 3.103E-4 4.13456E-4 3.09201E-4 4.78755E-4 2.52937E-4 2.84696E-4 3.5147E-4 2.95885E-4 7.82217E-4 3.06804E-4 5.70151E-4 2.78839E-4 8.20397E-4 7.70077E-4 5.25626E-4 8.09169E-4 3.07333E-4 8.07345E-4 4.05608E-4 4.80302E-4 2.87282E-4 8.08873E-4 6.3454E-4 4.81311E-4 3.00065E-4 3.94945E-4 8.04703E-4 2.7322E-4 3.79291E-4 4.87739E-4 4.23691E-4 2.48929E-4 5.2036E-4 8.0409E-4 2.95044E-4 4.97293E-4 5.98084E-4 3.03002E-4 4.75445E-4 7.9273E-4 7.78589E-4 7.66309E-4 3.01711E-4 3.93976E-4 4.80151E-4 2.92609E-4 6.89685E-4 7.78443E-4 5.57208E-4 5.24839E-4 3.79696E-4 8.02074E-4 3.99871E-4 4.69031E-4 3.04724E-4 5.13158E-4 8.22788E-4 2.98576E-4 7.74684E-4 7.71037E-4 3.42196E-4 4.87604E-4 4.8833E-4 7.77105E-4 4.8818E-4 7.72926E-4 5.02254E-4 4.94523E-4 3.24129E-4 3.06257E-4 4.4778E-4 2.71668E-4 4.3571E-4 3.10901E-4 2.94238E-4 7.91636E-4 4.85913E-4 8.01591E-4 7.76591E-4 7.94024E-4 4.62766E-4 7.46015E-4 7.79332E-4 5.11318E-4 2.72105E-4 8.01795E-4 5.39696E-4 4.58395E-4 3.18448E-4 5.25802E-4 8.46008E-4 3.06656E-4 4.75814E-4 2.91818E-4 7.91898E-4 7.7451E-4 6.57866E-4 7.79539E-4 8.61789E-4 7.95549E-4 2.94907E-4 7.8852E-4 3.0512E-4 4.81206E-4 2.58202E-4 3.04722E-4 3.07981E-4 2.93845E-4 7.89006E-4 3.01642E-4 8.18407E-4 2.80048E-4 8.36311E-4 4.95725E-4 8.19303E-4 5.40262E-4 3.03712E-4 5.01609E-4 4.14408E-4 5.17304E-4 2.79635E-4 4.95261E-4 5.1951E-4 4.85204E-4 3.04908E-4 3.72973E-4 7.99848E-4 3.10951E-4 4.25316E-4 7.96501E-4 6.98073E-4 2.59989E-4 7.86331E-4 7.78341E-4 3.51374E-4 4.98975E-4 7.87034E-4 2.92047E-4 0.001774698 8.07498E-4 7.73295E-4 7.59755E-4 2.89723E-4 3.81151E-4 7.90473E-4 3.35342E-4 4.71449E-4 4.91997E-4 7.78062E-4 4.87245E-4 3.6753E-4 5.03431E-4 3.78051E-4 7.68073E-4 2.99963E-4 8.28975E-4 7.4885E-4 2.99965E-4 7.88536E-4 8.07785E-4 3.09469E-4 7.91441E-4 5.10985E-4 7.88563E-4 8.06784E-4 7.7511E-4 5.09739E-4 8.13303E-4 2.98322E-4 2.84723E-4 4.37667E-4 2.67471E-4 4.36509E-4 3.02046E-4 2.76819E-4 4.88312E-4 4.21541E-4 5.16451E-4 4.76407E-4 7.81223E-4 4.66749E-4 7.39264E-4 7.71739E-4 7.93845E-4 3.16067E-4 4.97845E-4 4.80505E-4 6.51012E-4 3.01523E-4 5.02795E-4 8.24205E-4 3.40151E-4 7.98952E-4 3.07288E-4 4.86321E-4 9.61978E-4 4.89664E-4 7.91451E-4 6.08958E-4 8.21417E-4 3.09327E-4 6.64027E-4 2.84408E-4 7.75364E-4 2.49885E-4 2.90362E-4 3.16816E-4 2.88801E-4 5.01768E-4 2.98482E-4 5.55061E-4 3.25126E-4 8.70029E-4 5.43869E-4 4.94273E-4 7.8502E-4 2.88985E-4 7.99549E-4 4.0677E-4 4.90602E-4 2.69935E-4 8.00015E-4 4.79981E-4 4.88965E-4 3.36719E-4 4.06489E-4 8.04322E-4 2.73608E-4 4.55057E-4 9.50639E-4 8.74457E-4 2.6803E-4 5.33796E-4 5.09435E-4 3.1312E-4 8.4347E-4 5.2901E-4 3.1053E-4 4.9823E-4 7.99829E-4 6.92982E-4 0.001116744 4.06838E-4 6.07706E-4 0.001127084 3.4526E-4 4.51605E-4 4.99782E-4 8.17605E-4 8.19184E-4 4.06897E-4 5.11498E-4 4.03037E-4 8.0021E-4 3.00927E-4 5.46444E-4 4.62764E-4 3.12798E-4 4.74984E-4 4.72453E-4 2.96016E-4 8.09788E-4 5.05401E-4 8.17624E-4 4.9449E-4 7.97365E-4 7.89874E-4 5.73842E-4 3.27605E-4 3.09541E-4 7.74693E-4 2.77357E-4 4.55281E-4 3.03817E-4 2.87135E-4 8.30357E-4 6.74422E-4 8.23937E-4 5.06707E-4 7.90331E-4 4.82092E-4 7.75898E-4 8.07675E-4 8.14665E-4 2.84332E-4 8.1331E-4 5.03934E-4 4.34262E-4 2.99687E-4 5.15126E-4 5.17059E-4 3.21692E-4 4.93161E-4 3.17891E-4 4.94942E-4 8.13567E-4 6.75913E-4 5.07938E-4 5.58489E-4 8.66336E-4 3.17514E-4 6.86848E-4 2.95902E-4 5.06103E-4 2.70023E-4 3.06571E-4 3.39557E-4 3.20981E-4 8.02848E-4 3.22591E-4 5.4914E-4 2.84563E-4 5.19791E-4 7.9836E-4 8.05695E-4 5.24021E-4 3.31979E-4 8.47956E-4 4.38524E-4 5.04618E-4 2.96859E-4 5.25408E-4 4.96717E-4 8.36349E-4 3.06717E-4 3.91227E-4 8.56682E-4 2.88414E-4 4.14195E-4 5.2691E-4 4.53887E-4 2.56828E-4 5.04314E-4 5.01716E-4 3.18563E-4 5.20222E-4 8.43703E-4 3.16256E-4 5.07666E-4 8.09073E-4 5.12702E-4 5.02755E-4 3.20279E-4 4.0651E-4 8.2225E-4 3.1491E-4 4.48787E-4 8.21567E-4 5.20274E-4 4.95911E-4 4.04047E-4 5.27023E-4 4.00843E-4 4.8397E-4 3.01612E-4 8.40284E-4 5.12068E-4 3.06058E-4 5.02436E-4 4.78913E-4 3.20683E-4 4.8429E-4 5.13662E-4 8.35454E-4 5.07099E-4 8.26223E-4 8.26803E-4 8.21108E-4 3.25169E-4 3.10488E-4 7.65313E-4 2.97154E-4 7.75837E-4 3.01456E-4 3.01434E-4 8.23513E-4 6.98146E-4 8.37436E-4 5.08446E-4 8.12035E-4 9.94207E-4 4.74442E-4 4.9376E-4 8.29541E-4 2.81492E-4 8.14143E-4 5.11406E-4 4.27388E-4 3.00096E-4 5.21959E-4 5.11753E-4 3.35556E-4 4.82153E-4 3.01116E-4 4.75451E-4 7.91379E-4 6.5875E-4 4.96522E-4 8.88165E-4 5.09066E-4 2.90409E-4 4.01396E-4 2.79904E-4 4.61913E-4 2.53072E-4 2.93568E-4 3.01075E-4 2.9689E-4 8.05154E-4 3.08212E-4 5.50515E-4 2.71288E-4 8.23148E-4 7.60787E-4 7.805E-4 7.61968E-4 3.04065E-4 8.22777E-4 4.11771E-4 4.92323E-4 2.78531E-4 8.1683E-4 5.05345E-4 4.84356E-4 2.9909E-4 3.84017E-4 8.0168E-4 2.86307E-4 3.63316E-4 4.67708E-4 6.25675E-4 2.47966E-4 7.40236E-4 4.74548E-4 3.29907E-4 4.73197E-4 7.61718E-4 3.05918E-4 5.07146E-4 4.62621E-4 7.63364E-4 5.31566E-4 2.98744E-4 3.56418E-4 5.09207E-4 2.93222E-4 6.14344E-4 7.49438E-4 7.31108E-4 4.57457E-4 3.451E-4 4.57641E-4 3.46965E-4 4.31896E-4 2.96997E-4 4.41694E-4 4.25443E-4 3.04745E-4 7.64295E-4 4.52517E-4 2.89435E-4 7.31916E-4 4.64957E-4 4.39531E-4 7.37361E-4 4.57462E-4 7.41958E-4 4.82442E-4 2.94227E-4 2.8228E-4 4.01315E-4 2.64979E-4 7.00066E-4 3.02122E-4 3.27422E-4 4.55686E-4 9.35439E-4 6.25852E-4 4.69471E-4 7.78908E-4 4.44581E-4 4.23505E-4 4.7653E-4 8.07555E-4 2.76909E-4 7.76093E-4 4.60976E-4 4.10578E-4 3.11331E-4 5.35602E-4 4.92356E-4 3.08118E-4 4.50046E-4 3.32511E-4 7.36922E-4 4.84703E-4 3.91034E-4 7.29597E-4 8.57142E-4 7.64847E-4 2.97184E-4 3.85394E-4 2.99826E-4 7.65278E-4 2.67855E-4 3.34152E-4 3.04476E-4 2.92339E-4 7.38995E-4 3.33947E-4 7.843E-4 2.82583E-4 5.09292E-4 7.65882E-4 4.82052E-4 4.45537E-4 2.90444E-4 8.17921E-4 4.011E-4 4.67103E-4 3.18307E-4 7.79089E-4 7.30126E-4 4.62525E-4 2.91678E-4 3.49819E-4 7.67206E-4 2.72726E-4 3.70873E-4 7.51005E-4 4.07621E-4 2.50409E-4 7.79624E-4 4.90399E-4 3.15987E-4 7.76347E-4 4.70783E-4 2.92906E-4 7.99606E-4 6.96631E-4 4.8002E-4 4.46534E-4 2.98672E-4 3.62439E-4 7.4282E-4 2.92824E-4 6.21056E-4 7.40182E-4 4.72319E-4 7.5594E-4 3.95679E-4 4.85313E-4 3.45743E-4 4.24634E-4 2.91123E-4 0.001402652 7.3913E-4 3.00536E-4 7.3132E-4 5.02263E-4 2.97946E-4 4.37347E-4 4.5906E-4 9.00313E-4 7.36626E-4 7.6052E-4 4.72626E-4 7.82625E-4 2.98583E-4 2.84089E-4 4.57382E-4 1.11368E-4 6.99922E-4 2.93512E-4 2.78487E-4 4.44344E-4 3.96665E-4 4.79164E-4 4.45175E-4 4.4883E-4 4.31578E-4 7.32781E-4 4.86665E-4 8.57402E-4 1.19765E-4 4.74792E-4 7.83704E-4 4.35588E-4 3.07652E-4 5.117E-4 4.84255E-4 3.03139E-4 4.44598E-4 2.9856E-4 4.47162E-4 7.59389E-4 6.21056E-4 4.61326E-4 8.86691E-4 7.67422E-4 3.46875E-4 6.399E-4 2.91549E-4 7.73813E-4 2.64444E-4 2.98286E-4 3.06496E-4 2.91283E-4 4.68831E-4 3.62143E-4 7.95831E-4 3.33485E-4 8.41508E-4 4.70017E-4 4.72689E-4 4.41649E-4 3.4344E-4 5.33873E-4 3.91707E-4 7.36532E-4 2.74925E-4 7.73886E-4 7.51184E-4 4.93886E-4 3.04138E-4 3.79092E-4 8.14881E-4 2.84291E-4 3.68465E-4 4.7564E-4 6.90697E-4 2.61324E-4 5.21835E-4 7.93223E-4 3.43738E-4 7.92126E-4 7.40815E-4 3.14739E-4 7.65888E-4 5.10862E-4 7.78022E-4 7.63803E-4 3.18578E-4 3.93154E-4 4.7523E-4 3.04418E-4 4.00778E-4 4.57527E-4 7.79963E-4 7.63187E-4 4.13134E-4 4.80995E-4 3.65075E-4 7.34515E-4 3.12942E-4 7.64719E-4 7.58544E-4 3.319E-4 4.99886E-4 4.51959E-4 3.46425E-4 7.63327E-4 4.87603E-4 7.62928E-4 4.36744E-4 7.64086E-4 7.4904E-4 5.18967E-4 3.07959E-4 2.92763E-4 7.26766E-4 2.91033E-4 7.5577E-4 3.40741E-4 2.87203E-4 4.61688E-4 4.46619E-4 7.8175E-4 4.55686E-4 7.62942E-4 7.48472E-4 7.01787E-4 7.5692E-4 4.71846E-4 2.78311E-4 7.89539E-4 4.87327E-4 6.55351E-4 3.09993E-4 9.35028E-4 8.3207E-4 3.09308E-4 7.78416E-4 3.04308E-4 4.66446E-4 7.78846E-4 6.31911E-4 4.84021E-4 9.00512E-4 8.91539E-4 4.00732E-4 8.45132E-4 3.5562E-4 4.88885E-4 2.59762E-4 2.96555E-4 3.0866E-4 3.28796E-4 4.92009E-4 3.72124E-4 8.03063E-4 2.81449E-4 8.22169E-4 4.70695E-4 5.75354E-4 4.80407E-4 3.07193E-4 7.79516E-4 3.9309E-4 4.63115E-4 3.60365E-4 7.57135E-4 7.59505E-4 7.60011E-4 2.98507E-4 3.66182E-4 7.77614E-4 2.97259E-4 3.94478E-4 4.90253E-4 6.4267E-4 2.50335E-4 4.77223E-4 7.89951E-4 3.37662E-4 7.90604E-4 7.57879E-4 3.05182E-4 7.73762E-4 7.35452E-4 7.58998E-4 7.42483E-4 3.33751E-4 3.74618E-4 7.83759E-4 3.05344E-4 4.09138E-4 5.16667E-4 4.60136E-4 7.95799E-4 3.76412E-4 7.87689E-4 3.63845E-4 7.30452E-4 3.01549E-4 7.42578E-4 7.22069E-4 3.07617E-4 8.08357E-4 7.37258E-4 3.06162E-4 4.74223E-4 8.21452E-4 7.76387E-4 4.51188E-4 7.81423E-4 7.76405E-4 7.92755E-4 3.20215E-4 3.16375E-4 7.18066E-4 3.17812E-4 4.68945E-4 2.99516E-4 2.8394E-4 4.525E-4 3.88735E-4 7.76677E-4 7.28076E-4 7.36457E-4 7.7716E-4 4.07186E-4 4.45799E-4 4.45562E-4 2.90384E-4 4.96398E-4 6.76192E-4 4.46124E-4 3.5683E-4 5.35644E-4 4.83364E-4 3.00602E-4 4.4227E-4 2.96866E-4 4.53697E-4 4.48347E-4 3.90698E-4 7.47655E-4 8.96627E-4 7.70536E-4 2.95758E-4 3.85651E-4 2.84637E-4 4.8951E-4 3.1311E-4 3.03918E-4 3.04075E-4 2.95283E-4 4.44841E-4 2.97861E-4 4.9021E-4 2.83203E-4 8.27422E-4 6.69625E-4 4.68699E-4 4.4847E-4 2.95118E-4 7.94299E-4 4.03967E-4 7.52776E-4 2.74912E-4 7.62994E-4 7.67494E-4 7.57873E-4 2.99828E-4 3.7025E-4 7.70024E-4 2.80692E-4 3.69066E-4 4.68421E-4 6.46849E-4 2.56826E-4 4.7514E-4 7.79004E-4 3.00608E-4 7.76559E-4 4.78017E-4 3.02808E-4 4.46486E-4 4.48296E-4 4.64506E-4 7.73848E-4 3.09257E-4 3.82613E-4 7.86908E-4 3.37533E-4 6.31155E-4 5.04202E-4 4.54054E-4 7.76138E-4 3.80119E-4 8.15915E-4 3.77591E-4 5.06163E-4 3.10926E-4 4.70558E-4 4.41666E-4 2.97407E-4 8.01984E-4 4.74769E-4 3.19096E-4 4.57353E-4 4.72313E-4 7.90051E-4 4.53783E-4 7.62442E-4 4.83997E-4 4.94862E-4 3.0506E-4 3.06838E-4 4.16929E-4 2.73114E-4 4.17412E-4 3.15798E-4 2.87469E-4 7.92607E-4 6.3665E-4 7.92826E-4 4.66097E-4 4.45467E-4 4.3255E-4 6.73531E-4 4.58562E-4 7.49853E-4 2.913E-4 7.94143E-4 7.72312E-4 6.49544E-4 3.05975E-4 5.63845E-4 8.18542E-4 3.25243E-4 7.62449E-4 2.99936E-4 5.06532E-4 7.80745E-4 6.45326E-4 7.55455E-4 5.7673E-4 5.17878E-4 3.02764E-4 4.18219E-4 3.28679E-4 4.82637E-4 2.63995E-4 3.03184E-4 3.12038E-4 3.01203E-4 7.78103E-4 3.10363E-4 8.10534E-4 3.17948E-4 8.73892E-4 4.6095E-4 7.89939E-4 4.77362E-4 3.02118E-4 4.77028E-4 3.79907E-4 7.6541E-4 2.78116E-4 8.00724E-4 4.62096E-4 7.77193E-4 2.98947E-4 3.79638E-4 7.77294E-4 2.84636E-4 4.26216E-4 5.13644E-4 6.81038E-4 2.94214E-4 7.64693E-4 4.80165E-4 3.39615E-4 4.96241E-4 4.56331E-4 2.98892E-4 7.55343E-4 4.72806E-4 7.64453E-4 4.80105E-4 3.00903E-4 3.70186E-4 8.02318E-4 3.29393E-4 4.49926E-4 7.92479E-4 7.79451E-4 4.98011E-4 3.77093E-4 7.90667E-4 3.87307E-4 7.41306E-4 2.98075E-4 7.65735E-4 4.52723E-4 2.96586E-4 7.79194E-4 5.0714E-4 3.02583E-4 7.52769E-4 4.8243E-4 7.75656E-4 4.45377E-4 5.00577E-4 7.90756E-4 7.98762E-4 3.1155E-4 3.08032E-4 7.19331E-4 3.21013E-4 4.6285E-4 2.98719E-4 2.83348E-4 4.54778E-4 6.32829E-4 5.06318E-4 7.45703E-4 7.51537E-4 4.45557E-4 6.89072E-4 4.67263E-4 7.67904E-4 2.87018E-4 7.90886E-4 4.8149E-4 6.4888E-4 2.97896E-4 8.50636E-4 4.96828E-4 3.02583E-4 4.41861E-4 2.93665E-4 7.69163E-4 8.02562E-4 6.33467E-4 7.46833E-4 5.57801E-4 4.76981E-4 3.16185E-4 3.88355E-4 2.85418E-4 7.4746E-4 2.61978E-4 2.90215E-4 3.07536E-4 3.02352E-4 4.66596E-4 3.41535E-4 8.15544E-4 2.92316E-4 8.449E-4 4.86023E-4 4.96729E-4 7.8125E-4 3.43816E-4 5.35193E-4 3.92171E-4 7.4622E-4 2.9055E-4 9.06482E-4 7.60201E-4 7.56628E-4 2.97541E-4 3.70994E-4 4.81759E-4 2.9084E-4 3.84007E-4 4.87048E-4 6.52522E-4 2.97296E-4 4.86304E-4 7.99311E-4 3.00982E-4 7.76834E-4 7.325E-4 2.96578E-4 7.46436E-4 7.30296E-4 8.06211E-4 4.90326E-4 2.96814E-4 3.63038E-4 7.862E-4 2.96787E-4 6.77156E-4 4.88476E-4 4.60158E-4 8.11641E-4 3.76439E-4 7.75631E-4 3.73953E-4 7.28255E-4 3.16648E-4 7.52406E-4 8.01951E-4 3.29759E-4 5.16012E-4 5.25826E-4 3.81698E-4 4.99041E-4 4.72218E-4 4.96733E-4 4.29256E-4 8.02921E-4 5.01927E-4 7.95345E-4 3.1344E-4 3.02554E-4 7.20497E-4 2.71493E-4 4.18147E-4 3.12998E-4 3.04938E-4 7.99166E-4 6.44395E-4 7.7139E-4 4.66606E-4 4.4456E-4 4.27164E-4 3.76055E-4 4.47527E-4 4.39913E-4 2.69959E-4 7.64151E-4 4.67858E-4 3.85352E-4 2.93071E-4 5.14873E-4 7.87795E-4 3.58141E-4 4.68684E-4 3.04546E-4 7.46889E-4 7.6479E-4 4.14673E-4 4.55432E-4 5.42909E-4 7.73596E-4 2.96161E-4 6.42414E-4 2.89849E-4 7.54474E-4 2.60541E-4 2.96736E-4 3.04113E-4 2.95082E-4 4.84783E-4 3.59156E-4 5.16943E-4 2.90233E-4 8.36182E-4 7.61575E-4 4.92525E-4 4.42684E-4 3.12906E-4 7.74048E-4 4.03849E-4 7.27242E-4 2.79121E-4 4.67394E-4 4.67438E-4 5.14146E-4 2.94642E-4 3.90932E-4 5.02881E-4 2.93323E-4 3.80963E-4 5.66227E-4 6.56297E-4 2.72133E-4 0.001343285 4.92599E-4 3.09041E-4 7.58223E-4 4.71547E-4 3.15747E-4 7.73476E-4 7.3296E-4 5.36198E-4 4.67306E-4 3.00196E-4 3.743E-4 7.7768E-4 2.96528E-4 4.9161E-4 4.64912E-4 7.63283E-4 7.55748E-4 3.72836E-4 4.80238E-4 3.72183E-4 7.61949E-4 2.98052E-4 5.03804E-4 7.35851E-4 3.04835E-4 7.52331E-4 4.74703E-4 3.05584E-4 8.04303E-4 4.88623E-4 7.722E-4 4.5554E-4 4.7562E-4 7.71945E-4 5.1234E-4 3.07872E-4 3.09612E-4 4.14172E-4 2.85901E-4 4.14324E-4 3.06958E-4 3.03046E-4 4.73923E-4 4.08098E-4 4.85987E-4 7.63651E-4 7.35385E-4 4.31141E-4 3.72159E-4 7.56489E-4 5.19328E-4 2.76595E-4 4.99427E-4 4.62377E-4 3.95969E-4 3.00606E-4 5.2635E-4 7.89307E-4 3.03424E-4 7.62716E-4 3.91333E-4 8.05327E-4 4.70996E-4 6.38221E-4 4.78976E-4 8.94424E-4 4.89485E-4 2.9709E-4 4.75397E-4 3.72951E-4 7.56826E-4 2.54608E-4 2.89148E-4 2.99055E-4 2.90344E-4 4.94302E-4 3.45351E-4 4.9872E-4 2.83241E-4 5.12655E-4 7.73714E-4 4.825E-4 4.64442E-4 3.06524E-4 4.96797E-4 3.90574E-4 4.6165E-4 2.86911E-4 4.62582E-4 7.67538E-4 7.46988E-4 3.11556E-4 3.76377E-4 7.79539E-4 2.80075E-4 3.69966E-4 7.8712E-4 4.62992E-4 2.53785E-4 5.15027E-4 7.78436E-4 2.98645E-4 7.31701E-4 4.76645E-4 3.00681E-4 7.60706E-4 7.59679E-4 4.9225E-4 5.13651E-4 3.34229E-4 3.6695E-4 4.76356E-4 3.08399E-4 6.58339E-4 4.8098E-4 4.44942E-4 7.63235E-4 3.77937E-4 4.8375E-4 3.63078E-4 7.35384E-4 3.05E-4 4.56567E-4 7.33056E-4 3.0106E-4 7.42911E-4 7.63464E-4 3.37328E-4 7.66835E-4 4.79891E-4 7.54495E-4 7.23979E-4 4.79266E-4 4.54581E-4 7.7732E-4 3.13217E-4 2.95396E-4 4.26843E-4 2.73032E-4 4.12608E-4 3.06647E-4 2.95225E-4 7.88247E-4 6.30471E-4 7.5956E-4 7.23989E-4 7.21544E-4 4.2826E-4 3.69145E-4 5.08069E-4 7.9088E-4 2.74735E-4 4.76269E-4 7.69697E-4 4.01377E-4 3.03112E-4 8.39184E-4 7.61195E-4 3.09443E-4 7.5798E-4 3.12829E-4 7.26196E-4 4.73664E-4 0.001437301 7.57187E-4 8.82406E-4 5.08305E-4 3.01362E-4 3.94992E-4 3.04551E-4 7.76968E-4 2.72398E-4 2.9333E-4 3.34936E-4 3.52768E-4 4.71257E-4 3.1877E-4 5.15038E-4 2.88661E-4 8.43457E-4 7.69567E-4 7.8134E-4 4.83564E-4 3.14872E-4 8.13087E-4 4.11926E-4 7.3786E-4 2.81509E-4 7.91199E-4 4.91833E-4 4.74358E-4 3.07502E-4 3.74029E-4 4.78397E-4 3.03199E-4 3.94319E-4 4.9484E-4 6.4788E-4 2.74722E-4 4.89914E-4 8.04322E-4 3.08242E-4 4.63472E-4 4.64631E-4 3.04032E-4 7.68335E-4 7.28264E-4 4.97357E-4 7.57117E-4 2.98383E-4 3.82404E-4 4.80901E-4 3.04979E-4 6.53565E-4 7.64609E-4 4.7864E-4 7.6269E-4 3.65886E-4 7.62539E-4 3.63469E-4 4.37289E-4 2.98023E-4 7.44527E-4 4.81762E-4 3.11159E-4 4.50556E-4 4.62492E-4 3.15627E-4 7.8571E-4 4.79372E-4 7.63604E-4 7.4914E-4 7.79187E-4 4.74661E-4 7.87443E-4 2.99581E-4 2.9818E-4 4.26823E-4 2.82496E-4 4.14242E-4 3.02174E-4 3.0144E-4 4.83071E-4 3.93933E-4 7.63527E-4 4.60633E-4 4.43916E-4 7.26332E-4 6.82805E-4 7.43482E-4 4.70567E-4 2.77158E-4 7.8408E-4 4.76775E-4 6.41127E-4 3.06941E-4 5.19708E-4 4.90729E-4 3.18349E-4 4.58844E-4 3.14644E-4 7.78088E-4 7.7577E-4 3.96362E-4 7.67331E-4 9.10209E-4 4.89695E-4 3.10396E-4 3.90294E-4 2.97287E-4 4.57785E-4 2.55882E-4 3.11128E-4 3.17651E-4 3.05661E-4 4.60351E-4 3.19216E-4 4.85132E-4 2.8923E-4 5.06438E-4 4.61233E-4 7.72944E-4 7.26302E-4 2.97924E-4 4.91902E-4 3.82608E-4 4.61774E-4 2.90524E-4 7.63476E-4 7.94708E-4 7.40166E-4 3.13405E-4 3.64854E-4 4.65647E-4 2.86482E-4 3.65537E-4 7.84994E-4 6.32457E-4 2.6938E-4 4.73823E-4 8.04684E-4 3.11059E-4 7.51858E-4 4.9157E-4 3.06037E-4 4.40461E-4 4.4349E-4 4.59539E-4 4.64244E-4 2.97714E-4 3.8418E-4 5.096E-4 3.01261E-4 6.29441E-4 4.84776E-4 7.64921E-4 7.68281E-4 3.67997E-4 7.65923E-4 3.68146E-4 6.34944E-4 2.91045E-4 7.51044E-4 7.14976E-4 2.99413E-4 7.56514E-4 7.51822E-4 2.97772E-4 4.49906E-4 4.70251E-4 7.38659E-4 7.19514E-4 4.80863E-4 7.5717E-4 4.82863E-4 3.05109E-4 3.01745E-4 4.28248E-4 2.75965E-4 4.16409E-4 2.94624E-4 2.89845E-4 7.92507E-4 6.21584E-4 7.74458E-4 7.35941E-4 7.58149E-4 4.47809E-4 6.7163E-4 4.88232E-4 8.55537E-4 3.12081E-4 5.48344E-4 9.05474E-4 7.73963E-4 3.85293E-4 0.00102381 6.07532E-4 3.91779E-4 9.01474E-4 3.50796E-4 5.47637E-4 8.98461E-4 4.21728E-4 4.46208E-4 8.87279E-4 7.74893E-4 3.0187E-4 6.54399E-4 2.95849E-4 4.54579E-4 2.59851E-4 3.08736E-4 3.09529E-4 3.1046E-4 7.45208E-4 3.13118E-4 5.16751E-4 2.92461E-4 5.05318E-4 7.71243E-4 7.85874E-4 4.64478E-4 3.0447E-4 7.85497E-4 4.37686E-4 4.51926E-4 2.77285E-4 7.52746E-4 7.34211E-4 7.35241E-4 2.97583E-4 3.74085E-4 4.69986E-4 2.80499E-4 3.63706E-4 7.64108E-4 6.30033E-4 2.62049E-4 4.75147E-4 4.68339E-4 2.99571E-4 7.90059E-4 6.87736E-4 2.94267E-4 7.4285E-4 0.001556417 4.92815E-4 7.49635E-4 3.14176E-4 3.79323E-4 7.1366E-4 3.07523E-4 4.06414E-4 7.02767E-4 4.85501E-4 7.87135E-4 3.65948E-4 4.69643E-4 3.71696E-4 6.72002E-4 3.12416E-4 7.39894E-4 6.44667E-4 3.0326E-4 6.78648E-4 6.63898E-4 2.94373E-4 4.62376E-4 4.54707E-4 7.4421E-4 4.48477E-4 7.0225E-4 4.83098E-4 7.3958E-4 3.09667E-4 2.98013E-4 6.47264E-4 2.83738E-4 6.38373E-4 2.92723E-4 2.85414E-4 7.40472E-4 4.00649E-4 6.92559E-4 6.40365E-4 7.28854E-4 4.28899E-4 3.74981E-4 4.43005E-4 4.45101E-4 2.72009E-4 7.4774E-4 4.60616E-4 6.21651E-4 3.03256E-4 5.28669E-4 4.93617E-4 3.07595E-4 7.69288E-4 3.00914E-4 7.37426E-4 6.9281E-4 3.98053E-4 4.44419E-4 5.40782E-4 8.43233E-4 3.03916E-4 4.49511E-4 2.92873E-4 5.1138E-4 2.53878E-4 3.05572E-4 3.08193E-4 3.06523E-4 5.32355E-4 3.07712E-4 5.95266E-4 2.83084E-4 5.72953E-4 6.10985E-4 9.01871E-4 5.74981E-4 3.09325E-4 5.93769E-4 4.96652E-4 5.35744E-4 2.95611E-4 5.26463E-4 8.31321E-4 8.12167E-4 2.97133E-4 4.51794E-4 9.19613E-4 2.78988E-4 4.68305E-4 5.49082E-4 7.70353E-4 2.68117E-4 5.69563E-4 5.84378E-4 2.98812E-4 5.41286E-4 9.08621E-4 2.91621E-4 5.47176E-4 5.76876E-4 9.26514E-4 5.89076E-4 3.03349E-4 4.41292E-4 5.48247E-4 3.0523E-4 8.24755E-4 8.89372E-4 8.73802E-4 8.73037E-4 4.43515E-4 9.61242E-4 4.64693E-4 5.32955E-4 3.0917E-4 5.16145E-4 5.58131E-4 3.11529E-4 0.001248013 5.86222E-4 3.07879E-4 5.42027E-4 5.51893E-4 5.33449E-4 8.16284E-4 5.7458E-4 5.43492E-4 5.83188E-4 3.15836E-4 3.05303E-4 7.55399E-4 2.76762E-4 8.18212E-4 3.17922E-4 2.96287E-4 8.78722E-4 7.95387E-4 6.19093E-4 5.73106E-4 5.40455E-4 9.43226E-4 8.01552E-4 9.05582E-4 9.12202E-4 2.80773E-4 9.36265E-4 9.57393E-4 4.90407E-4 3.02647E-4 9.8251E-4 9.15111E-4 3.10669E-4 5.61258E-4 3.11209E-4 5.66817E-4 9.51729E-4 7.58166E-4 5.91904E-4 6.65042E-4 5.7307E-4 3.07712E-4 7.7759E-4 3.02876E-4 9.65195E-4 3.11819E-4 3.08055E-4 3.1174E-4 3.13434E-4 5.67659E-4 3.21763E-4 9.70971E-4 2.94615E-4 6.32015E-4 5.69733E-4 8.89229E-4 8.38459E-4 3.08571E-4 9.65159E-4 4.93434E-4 5.77707E-4 2.88048E-4 9.39465E-4 9.54292E-4 5.99707E-4 3.02155E-4 4.74963E-4 5.61446E-4 2.7822E-4 4.63996E-4 9.21042E-4 7.76244E-4 2.71202E-4 9.44778E-4 0.001011002 3.05233E-4 9.31435E-4 5.82892E-4 3.1505E-4 5.40132E-4 5.42347E-4 9.28035E-4 5.81882E-4 3.03271E-4 4.5646E-4 5.76188E-4 3.11842E-4 5.01681E-4 9.80261E-4 5.93478E-4 8.88163E-4 4.46358E-4 5.8134E-4 4.26862E-4 5.13025E-4 3.19468E-4 5.56709E-4 5.52697E-4 3.09969E-4 5.53952E-4 9.23385E-4 3.06205E-4 8.50549E-4 9.09638E-4 8.89745E-4 5.62799E-4 8.58161E-4 8.7167E-4 8.87777E-4 3.27999E-4 3.3894E-4 5.25415E-4 2.73162E-4 4.80671E-4 3.04473E-4 2.91844E-4 5.61789E-4 7.23436E-4 6.1742E-4 8.73167E-4 5.79672E-4 5.25011E-4 4.66721E-4 5.52944E-4 8.82174E-4 2.93521E-4 9.33977E-4 8.92298E-4 7.53812E-4 3.10618E-4 6.28997E-4 5.93082E-4 3.17998E-4 5.41699E-4 2.98919E-4 5.38082E-4 9.15548E-4 4.94451E-4 5.58993E-4 6.61536E-4 5.77607E-4 2.99284E-4 7.46646E-4 2.98952E-4 5.61136E-4 2.62993E-4 3.01318E-4 3.15617E-4 3.15784E-4 8.76982E-4 3.12691E-4 6.02195E-4 2.98609E-4 6.4616E-4 9.95963E-4 9.75163E-4 5.67273E-4 2.99738E-4 9.07826E-4 5.34878E-4 5.86814E-4 2.77441E-4 8.76523E-4 5.81533E-4 8.73402E-4 3.11251E-4 4.59444E-4 9.10273E-4 2.86999E-4 4.61912E-4 9.25841E-4 5.3364E-4 2.67073E-4 9.05478E-4 8.91668E-4 3.21574E-4 5.62151E-4 9.44247E-4 3.13653E-4 5.4378E-4 5.58741E-4 5.66088E-4 9.0193E-4 3.03688E-4 4.75165E-4 5.81466E-4 3.1471E-4 4.98017E-4 8.6024E-4 5.90598E-4 8.78226E-4 4.31498E-4 8.77645E-4 4.735E-4 8.70564E-4 3.15919E-4 5.52977E-4 8.8961E-4 3.08972E-4 9.03986E-4 9.26347E-4 3.15282E-4 5.5557E-4 5.83016E-4 8.58814E-4 5.6937E-4 5.63378E-4 5.5427E-4 9.7091E-4 3.03781E-4 2.94646E-4 5.22859E-4 2.86266E-4 4.98072E-4 4.65261E-4 5.23437E-4 0.001041257 5.22445E-4 0.001152842 6.2335E-4 5.5738E-4 5.17299E-4 4.74322E-4 5.4528E-4 0.001062611 3.09779E-4 5.55251E-4 5.61736E-4 7.5868E-4 3.13933E-4 0.001058904 6.16129E-4 3.23644E-4 5.70533E-4 3.05922E-4 5.45302E-4 9.20172E-4 7.96571E-4 5.86007E-4 0.001023498 5.96343E-4 3.18365E-4 8.51413E-4 2.94753E-4 9.4757E-4 2.63187E-4 3.14684E-4 3.13957E-4 3.05425E-4 5.70715E-4 3.30882E-4 0.001006105 3.00944E-4 6.33468E-4 5.7216E-4 9.18505E-4 5.74886E-4 3.01423E-4 9.52798E-4 5.09835E-4 5.81318E-4 2.93723E-4 9.78836E-4 9.16008E-4 5.87777E-4 3.0984E-4 4.66997E-4 5.45859E-4 2.8481E-4 4.62072E-4 8.99073E-4 7.48519E-4 2.59069E-4 5.86263E-4 9.37236E-4 3.02783E-4 5.92922E-4 8.54906E-4 3.14298E-4 5.41626E-4 8.79986E-4 7.9041E-4 0.001197259 3.77277E-4 5.50524E-4 0.001079788 3.88398E-4 8.81645E-4 0.001172748 0.001178197 0.001097738 4.58238E-4 5.90361E-4 4.61955E-4 8.65512E-4 3.08376E-4 5.77393E-4 5.28965E-4 3.18066E-4 8.98533E-4 8.80391E-4 3.2E-4 5.76E-4 5.72831E-4 9.38852E-4 9.38111E-4 9.47947E-4 5.60984E-4 5.89865E-4 3.09432E-4 2.96226E-4 8.03825E-4 2.84151E-4 5.16075E-4 3.10155E-4 3.03298E-4 5.6805E-4 8.15913E-4 6.15702E-4 5.35498E-4 5.6477E-4 5.28765E-4 4.86693E-4 5.52595E-4 5.60755E-4 2.80094E-4 9.31318E-4 9.21547E-4 7.80517E-4 3.26583E-4 6.41517E-4 9.92319E-4 3.24586E-4 8.35566E-4 3.13673E-4 5.67611E-4 9.34292E-4 4.84133E-4 5.33218E-4 0.00104398 5.80062E-4 2.99645E-4 7.93657E-4 3.00369E-4 9.84707E-4 2.67428E-4 3.02573E-4 3.09701E-4 3.02105E-4 5.70042E-4 3.06395E-4 0.001005603 2.92169E-4 6.48886E-4 9.44414E-4 5.90053E-4 8.16339E-4 3.0097E-4 8.54785E-4 5.05536E-4 5.52625E-4 2.79973E-4 5.43651E-4 9.78118E-4 5.64011E-4 3.00226E-4 4.59645E-4 8.82036E-4 2.82328E-4 4.86483E-4 5.49008E-4 8.22488E-4 2.58105E-4 9.07642E-4 0.001001576 3.02505E-4 5.71277E-4 5.49683E-4 3.01031E-4 8.59591E-4 9.23163E-4 6.03031E-4 9.53049E-4 3.00307E-4 4.75701E-4 5.7532E-4 3.14564E-4 4.78333E-4 9.92457E-4 9.08029E-4 5.9911E-4 4.2904E-4 5.81971E-4 4.53733E-4 8.62392E-4 3.08881E-4 5.65179E-4 5.37312E-4 3.10972E-4 5.60387E-4 8.54244E-4 3.10653E-4 8.79051E-4 8.48592E-4 7.9512E-4 5.69812E-4 8.98493E-4 5.84585E-4 5.90578E-4 3.14841E-4 3.00716E-4 8.9731E-4 2.7605E-4 8.64877E-4 3.08849E-4 2.94999E-4 9.80068E-4 8.1126E-4 6.14284E-4 5.31763E-4 5.43528E-4 5.38901E-4 4.88636E-4 9.82574E-4 8.8731E-4 2.91607E-4 5.72967E-4 9.51889E-4 7.18722E-4 3.15498E-4 0.001008479 6.36449E-4 3.10553E-4 8.98392E-4 3.03488E-4 8.23402E-4 8.99369E-4 4.87495E-4 5.72158E-4 0.001011276 9.54394E-4 3.10165E-4 5.11581E-4 2.97054E-4 5.65015E-4 2.71597E-4 3.10638E-4 3.25447E-4 3.02563E-4 5.34051E-4 3.0872E-4 1.08703E-4 2.96884E-4 9.63964E-4 6.04706E-4 8.5236E-4 5.86549E-4 3.11475E-4 5.51221E-4 4.86793E-4 8.74579E-4 2.88413E-4 5.68884E-4 8.70147E-4 9.37813E-4 3.02221E-4 4.61432E-4 5.7578E-4 2.91478E-4 4.73089E-4 8.42335E-4 7.77586E-4 2.61713E-4 7.86476E-4 6.20923E-4 3.04443E-4 5.8005E-4 9.40695E-4 3.03645E-4 5.75658E-4 8.89164E-4 8.50541E-4 5.92834E-4 3.10134E-4 4.62112E-4 5.7942E-4 3.20292E-4 7.31988E-4 9.31165E-4 9.48352E-4 6.06173E-4 4.54424E-4 8.07615E-4 4.74236E-4 5.40983E-4 3.06056E-4 5.62867E-4 8.55828E-4 3.20182E-4 9.36181E-4 8.69009E-4 3.10549E-4 5.65774E-4 5.71659E-4 8.79869E-4 5.50283E-4 5.7484E-4 8.71862E-4 6.06874E-4 3.15388E-4 3.11561E-4 8.53693E-4 2.74904E-4 7.97656E-4 3.04703E-4 2.90799E-4 8.35978E-4 7.85715E-4 6.10564E-4 9.44791E-4 8.55729E-4 7.89494E-4 5.23427E-4 5.56226E-4 5.75429E-4 2.83362E-4 5.68204E-4 9.35758E-4 4.87734E-4 3.25493E-4 9.76462E-4 9.46031E-4 3.24837E-4 9.22914E-4 3.07402E-4 6.00332E-4 5.51605E-4 7.0296E-4 8.13677E-4 6.90626E-4 5.82851E-4 3.0998E-4 7.50162E-4 2.98472E-4 5.70154E-4 2.67351E-4 3.04731E-4 3.15811E-4 3.1135E-4 7.84105E-4 3.16271E-4 6.10809E-4 2.91119E-4 9.70965E-4 5.88223E-4 9.28212E-4 5.81201E-4 3.02991E-4 8.04689E-4 4.99224E-4 6.01875E-4 2.94064E-4 5.77672E-4 8.67613E-4 5.87434E-4 3.03696E-4 4.82326E-4 1.07596E-4 2.80267E-4 4.43637E-4 5.65432E-4 7.09857E-4 2.71347E-4 8.15952E-4 6.91625E-4 3.14718E-4 8.02838E-4 1.01814E-4 2.81679E-4 5.01819E-4 7.91575E-4 5.49177E-4 8.74514E-4 2.97226E-4 4.25172E-4 8.46322E-4 2.97301E-4 4.41284E-4 7.76364E-4 1.05633E-4 8.34026E-4 1.04335E-4 7.6939E-4 4.2864E-4 5.91037E-4 2.87113E-4 5.10743E-4 1.00227E-4 2.95846E-4 9.8441E-5 9.9634E-5 3.00852E-4 8.12546E-4 8.74938E-4 5.17089E-4 9.8059E-5 9.7206E-5 5.64936E-4 6.09161E-4 3.21568E-4 2.86282E-4 5.49771E-4 2.97293E-4 8.57276E-4 2.81615E-4 2.95454E-4 1.04133E-4 6.64982E-4 8.47956E-4 9.4066E-5 9.7964E-5 9.3957E-5 4.95949E-4 9.3297E-5 8.75466E-4 2.82662E-4 9.3338E-5 9.1008E-5 8.8145E-5 2.98453E-4 8.85042E-4 9.34698E-4 2.91768E-4 9.376E-5 2.90897E-4 1.2366E-4 9.1966E-5 8.871E-5 8.6328E-5 8.25853E-4 6.30145E-4 2.79431E-4 1.01958E-4 2.92058E-4 9.8776E-5 2.41124E-4 9.504E-5 3.02983E-4 3.03511E-4 9.6144E-5 2.73276E-4 5.85983E-4 2.81565E-4 9.92245E-4 9.3096E-5 8.80103E-4 9.6254E-5 2.95502E-4 7.96127E-4 4.66684E-4 1.0372E-4 2.87068E-4 8.26769E-4 1.0462E-4 6.61686E-4 2.89271E-4 1.06086E-4 8.56685E-4 2.83966E-4 4.94791E-4 5.38169E-4 4.98885E-4 2.56795E-4 7.77762E-4 8.53899E-4 3.07678E-4 8.2471E-4 8.35301E-4 2.94988E-4 8.51491E-4 5.53139E-4 8.84013E-4 9.09586E-4 3.11858E-4 4.95962E-4 5.65697E-4 2.98538E-4 6.49849E-4 6.57142E-4 5.51968E-4 5.4837E-4 4.23117E-4 8.5676E-4 4.77907E-4 5.22246E-4 3.00875E-4 8.91228E-4 8.40471E-4 3.0689E-4 9.26156E-4 8.48032E-4 2.96229E-4 8.43327E-4 9.63617E-4 0.001028035 6.88699E-4 7.31247E-4 6.70465E-4 7.24198E-4 3.90549E-4 3.902E-4 0.001068386 3.69581E-4 6.82466E-4 4.09827E-4 3.82536E-4 0.001180191 9.77336E-4 0.001189726 7.14017E-4 7.2688E-4 0.001003128 8.768E-4 7.0739E-4 9.99535E-4 3.57402E-4 6.8782E-4 8.81648E-4 5.34564E-4 3.25343E-4 6.98806E-4 8.98101E-4 3.18898E-4 8.88318E-4 3.09507E-4 8.31341E-4 7.77833E-4 4.80249E-4 7.8937E-4 0.001027647 7.82169E-4 3.87585E-4 6.02438E-4 3.73138E-4 0.001066153 3.42406E-4 3.6208E-4 3.88432E-4 3.61865E-4 9.6018E-4 3.77165E-4 9.66365E-4 3.3281E-4 7.37221E-4 9.20906E-4 9.09951E-4 6.03699E-4 3.07048E-4 9.65565E-4 5.32686E-4 8.57399E-4 2.90825E-4 9.04353E-4 8.86476E-4 8.22284E-4 3.00394E-4 4.51622E-4 5.78638E-4 4.61243E-4 4.70205E-4 8.9234E-4 7.60384E-4 2.70967E-4 7.85762E-4 9.27067E-4 3.02919E-4 8.99374E-4 8.45221E-4 3.08422E-4 8.77963E-4 5.72386E-4 9.21524E-4 7.95743E-4 2.99252E-4 5.00915E-4 5.69132E-4 3.11438E-4 4.78868E-4 9.30952E-4 8.67665E-4 9.28896E-4 4.35585E-4 5.97397E-4 4.53174E-4 5.48843E-4 3.19412E-4 8.65454E-4 5.78371E-4 3.07238E-4 8.72739E-4 6.03576E-4 3.01424E-4 5.60675E-4 9.53749E-4 7.93663E-4 8.76384E-4 8.78417E-4 5.65414E-4 5.8747E-4 3.1519E-4 3.02261E-4 5.23436E-4 2.87929E-4 5.03343E-4 2.97857E-4 2.82307E-4 5.69881E-4 5.02247E-4 9.42143E-4 5.3584E-4 5.65193E-4 5.53921E-4 7.34425E-4 8.86121E-4 5.80851E-4 2.82614E-4 8.52063E-4 5.83276E-4 4.80049E-4 3.12002E-4 6.40798E-4 6.04176E-4 3.19244E-4 9.24157E-4 3.1327E-4 8.33681E-4 9.16993E-4 5.02189E-4 7.60054E-4 6.9058E-4 5.63287E-4 3.01357E-4 4.98828E-4 2.95763E-4 5.64235E-4 2.58611E-4 3.0605E-4 3.13219E-4 3.05363E-4 5.61755E-4 3.15965E-4 9.52483E-4 3.00959E-4 6.69131E-4 5.84783E-4 8.99118E-4 5.95677E-4 3.09879E-4 5.70126E-4 4.93992E-4 8.79165E-4 2.7106E-4 5.72708E-4 8.25887E-4 8.39119E-4 2.98639E-4 4.45664E-4 5.67424E-4 2.86191E-4 4.56836E-4 5.52269E-4 5.22874E-4 2.53414E-4 8.21359E-4 8.59606E-4 3.12119E-4 8.6069E-4 6.05966E-4 3.11459E-4 8.79045E-4 8.69824E-4 9.40291E-4 8.66486E-4 3.15215E-4 4.7678E-4 5.79204E-4 3.06153E-4 4.82885E-4 9.3272E-4 5.94279E-4 5.85663E-4 4.47503E-4 5.86681E-4 4.45505E-4 5.58146E-4 3.16563E-4 7.79346E-4 8.95392E-4 3.03633E-4 5.75952E-4 5.55602E-4 3.05032E-4 5.55079E-4 9.49196E-4 8.62704E-4 8.74244E-4 8.36174E-4 8.14781E-4 9.55711E-4 3.16043E-4 3.08329E-4 8.78148E-4 2.79516E-4 5.23752E-4 3.08076E-4 2.871E-4 5.77883E-4 4.9533E-4 8.49354E-4 7.95056E-4 6.0355E-4 5.38794E-4 4.93153E-4 5.50546E-4 8.80903E-4 2.95257E-4 8.28604E-4 5.92481E-4 4.7398E-4 3.13479E-4 6.53646E-4 9.59035E-4 3.10098E-4 5.82491E-4 3.08242E-4 5.56635E-4 8.20427E-4 5.02973E-4 7.81286E-4 7.21708E-4 9.32225E-4 3.04591E-4 7.29881E-4 3.10545E-4 5.8242E-4 2.66481E-4 3.04808E-4 3.20615E-4 3.11189E-4 5.61861E-4 3.07996E-4 6.10656E-4 2.77722E-4 9.98605E-4 5.74982E-4 5.81425E-4 0.002350792 3.14544E-4 5.88807E-4 5.05661E-4 5.81999E-4 2.74816E-4 8.85577E-4 8.47435E-4 5.97965E-4 2.9859E-4 4.71081E-4 8.99612E-4 2.96448E-4 4.91575E-4 7.98537E-4 5.34734E-4 2.61649E-4 8.40203E-4 9.4377E-4 3.09509E-4 5.86032E-4 5.80114E-4 3.15037E-4 8.32146E-4 5.77125E-4 9.44528E-4 9.12169E-4 3.02054E-4 4.72036E-4 9.19811E-4 3.09696E-4 4.85443E-4 9.27921E-4 5.87155E-4 5.79416E-4 4.33461E-4 5.73242E-4 4.70425E-4 5.52827E-4 3.10183E-4 8.93179E-4 5.63412E-4 3.15226E-4 8.43404E-4 5.82E-4 3.07355E-4 5.80676E-4 5.83819E-4 5.52762E-4 5.36379E-4 6.01197E-4 5.46931E-4 5.95165E-4 3.06268E-4 3.09861E-4 8.46181E-4 2.74689E-4 7.36681E-4 2.98724E-4 2.86138E-4 8.35184E-4 5.17857E-4 6.37524E-4 8.94647E-4 8.32498E-4 8.25877E-4 4.88269E-4 5.72576E-4 9.20065E-4 2.95935E-4 6.26337E-4 6.18414E-4 8.21069E-4 3.7929E-4 0.001099553 9.56572E-4 3.06968E-4 8.43909E-4 3.21581E-4 9.01418E-4 5.61993E-4 4.77394E-4 8.15274E-4 0.001044617 9.31333E-4 3.06311E-4 7.14689E-4 2.92685E-4 5.69736E-4 2.77494E-4 3.13075E-4 3.08326E-4 3.07537E-4 8.66367E-4 3.13056E-4 6.25182E-4 2.86992E-4 0.001030446 8.31692E-4 9.39528E-4 5.73749E-4 3.05698E-4 5.75201E-4 5.01203E-4 8.90355E-4 2.7701E-4 5.47803E-4 5.65609E-4 5.72769E-4 3.04801E-4 4.66255E-4 5.89437E-4 2.77283E-4 4.74664E-4 5.75596E-4 7.96128E-4 2.60244E-4 7.78709E-4 8.82315E-4 3.08634E-4 5.61333E-4 9.40204E-4 3.07725E-4 5.70248E-4 5.3973E-4 5.82566E-4 7.30331E-4 3.09685E-4 4.69163E-4 9.32425E-4 3.04358E-4 5.03998E-4 9.0963E-4 9.45046E-4 6.02596E-4 4.53451E-4 8.89236E-4 4.6525E-4 8.8649E-4 3.07595E-4 5.76325E-4 7.95299E-4 3.08687E-4 9.07871E-4 8.86782E-4 3.11846E-4 5.81997E-4 5.835E-4 8.82822E-4 5.51211E-4 5.82443E-4 9.42866E-4 8.78042E-4 3.25937E-4 3.09546E-4 5.34718E-4 2.76013E-4 8.30306E-4 2.97934E-4 3.05267E-4 8.50545E-4 5.11668E-4 6.12633E-4 5.14796E-4 5.39311E-4 5.46795E-4 4.68971E-4 8.89723E-4 8.67769E-4 2.80151E-4 8.6804E-4 5.9562E-4 4.84697E-4 3.08921E-4 6.49182E-4 5.84713E-4 3.05872E-4 5.57147E-4 3.19732E-4 5.42638E-4 9.16237E-4 4.91257E-4 7.84993E-4 7.00204E-4 5.83805E-4 3.1001E-4 4.93873E-4 3.06834E-4 9.57923E-4 2.63342E-4 2.94296E-4 3.03372E-4 3.18854E-4 5.67114E-4 3.10207E-4 9.36485E-4 2.82324E-4 6.31524E-4 9.11692E-4 5.87E-4 8.48336E-4 3.11387E-4 5.76344E-4 5.00077E-4 5.51504E-4 2.78808E-4 9.0226E-4 9.124E-4 8.37628E-4 3.01723E-4 4.74851E-4 8.14067E-4 2.82201E-4 4.91709E-4 5.64638E-4 7.72472E-4 2.70083E-4 7.75642E-4 6.02943E-4 3.09525E-4 8.95346E-4 9.06547E-4 2.99411E-4 8.03635E-4 5.82258E-4 5.72519E-4 5.88052E-4 3.21401E-4 4.75022E-4 9.20925E-4 3.08802E-4 7.40824E-4 8.44597E-4 8.76704E-4 8.95457E-4 4.4775E-4 5.86474E-4 4.76713E-4 5.27674E-4 2.97536E-4 5.46774E-4 5.44684E-4 3.07592E-4 5.83412E-4 5.55254E-4 3.12469E-4 8.08796E-4 6.22884E-4 5.51779E-4 5.31597E-4 5.81739E-4 5.34343E-4 9.66568E-4 3.06634E-4 2.94606E-4 5.37303E-4 2.72682E-4 7.90508E-4 3.1301E-4 2.92301E-4 5.79968E-4 4.95778E-4 9.24247E-4 8.80233E-4 5.98148E-4 5.24649E-4 7.97739E-4 6.02037E-4 5.63537E-4 2.88559E-4 9.50386E-4 5.92173E-4 5.59742E-4 3.14431E-4 9.25185E-4 8.43024E-4 3.07833E-4 9.03219E-4 3.22264E-4 5.69036E-4 7.85037E-4 5.10476E-4 5.5002E-4 6.81037E-4 9.39615E-4 3.11885E-4 4.98456E-4 3.38375E-4 5.74758E-4 2.82247E-4 3.01184E-4 3.23139E-4 3.99368E-4 8.96699E-4 3.23657E-4 8.38437E-4 2.81679E-4 6.29333E-4 9.11241E-4 6.11113E-4 9.06709E-4 3.09356E-4 6.06887E-4 4.98065E-4 5.75018E-4 2.86672E-4 5.27973E-4 5.76221E-4 5.76257E-4 3.111E-4 4.76332E-4 5.46451E-4 2.98504E-4 4.68455E-4 5.73693E-4 5.89829E-4 2.67379E-4 5.37317E-4 5.85813E-4 3.00259E-4 8.39979E-4 5.97711E-4 3.20379E-4 8.3623E-4 5.70577E-4 5.8026E-4 5.57486E-4 3.13058E-4 4.5122E-4 5.72706E-4 3.18655E-4 5.04899E-4 5.93223E-4 8.31205E-4 5.86019E-4 4.58369E-4 5.75056E-4 4.53318E-4 7.90977E-4 3.06081E-4 8.23936E-4 5.70031E-4 3.20835E-4 9.3666E-4 6.00334E-4 2.97772E-4 5.69195E-4 8.44413E-4 5.83107E-4 5.3106E-4 8.48428E-4 5.80962E-4 9.28784E-4 3.06405E-4 3.32799E-4 5.50024E-4 2.83611E-4 5.08336E-4 3.02827E-4 3.04801E-4 9.51241E-4 7.77882E-4 8.72422E-4 5.64637E-4 5.6839E-4 5.43376E-4 4.77741E-4 8.9681E-4 8.96027E-4 2.87681E-4 5.75756E-4 5.85579E-4 4.83478E-4 3.06784E-4 0.001029132 9.26271E-4 3.12257E-4 8.35724E-4 3.21542E-4 9.04929E-4 8.43515E-4 5.12434E-4 8.21217E-4 9.35638E-4 5.99049E-4 3.06292E-4 7.74314E-4 2.90597E-4 8.94044E-4 2.68699E-4 3.03555E-4 3.11025E-4 3.05218E-4 7.92822E-4 3.36025E-4 9.34755E-4 2.96861E-4 6.16823E-4 9.32824E-4 6.18215E-4 9.10448E-4 3.19494E-4 8.76302E-4 5.18291E-4 5.88068E-4 2.79043E-4 8.1136E-4 8.35877E-4 9.31286E-4 3.10461E-4 4.6451E-4 9.22678E-4 2.78958E-4 4.8383E-4 8.41112E-4 7.67591E-4 2.55611E-4 7.70676E-4 6.07468E-4 3.10985E-4 5.71826E-4 5.80418E-4 2.99657E-4 8.07168E-4 8.71465E-4 5.85237E-4 9.26485E-4 3.18206E-4 4.82327E-4 5.76144E-4 3.13836E-4 4.84966E-4 8.45182E-4 9.0405E-4 5.93463E-4 4.17484E-4 9.10803E-4 4.73515E-4 8.85403E-4 3.17098E-4 5.75146E-4 5.46047E-4 3.15967E-4 5.66023E-4 9.20404E-4 3.16613E-4 8.7238E-4 6.07127E-4 8.53401E-4 5.48413E-4 5.86552E-4 8.31802E-4 6.13168E-4 3.0562E-4 2.96509E-4 5.45153E-4 2.73776E-4 8.76703E-4 3.06121E-4 2.84385E-4 9.2118E-4 7.04562E-4 6.13696E-4 5.33251E-4 5.81203E-4 5.30163E-4 4.59532E-4 5.51418E-4 5.64136E-4 2.81742E-4 5.64347E-4 5.58037E-4 7.05334E-4 3.03375E-4 9.38148E-4 8.99111E-4 3.17159E-4 8.9517E-4 3.00487E-4 5.72568E-4 5.47731E-4 4.95632E-4 7.68844E-4 6.93854E-4 8.37937E-4 3.11146E-4 7.82095E-4 3.01409E-4 5.90205E-4 2.65717E-4 2.97698E-4 3.24659E-4 3.09666E-4 5.5046E-4 3.14891E-4 6.14481E-4 2.9679E-4 6.54524E-4 5.61344E-4 5.72096E-4 8.27497E-4 3.13332E-4 5.60254E-4 5.05221E-4 5.90123E-4 2.74553E-4 5.44337E-4 5.45968E-4 8.79285E-4 3.14057E-4 4.54425E-4 5.61858E-4 2.74821E-4 4.71243E-4 8.98156E-4 7.47266E-4 2.55646E-4 8.22662E-4 6.20771E-4 3.1634E-4 9.32213E-4 8.96666E-4 3.06664E-4 8.80693E-4 8.04898E-4 6.1569E-4 8.26115E-4 3.17793E-4 4.7922E-4 9.24649E-4 3.08367E-4 7.68763E-4 6.12443E-4 8.44246E-4 9.00463E-4 4.75274E-4 5.84047E-4 4.63649E-4 5.3985E-4 3.1854E-4 8.29464E-4 8.78969E-4 3.23098E-4 5.82205E-4 8.73167E-4 3.0075E-4 5.63156E-4 5.83852E-4 8.71365E-4 5.41094E-4 5.73913E-4 8.86544E-4 6.04733E-4 3.08181E-4 3.11172E-4 5.39153E-4 2.86935E-4 8.31998E-4 3.09939E-4 2.84555E-4 9.11836E-4 7.20273E-4 6.11499E-4 8.04866E-4 8.56494E-4 5.49778E-4 7.98675E-4 8.69982E-4 5.71725E-4 2.81644E-4 8.5818E-4 6.01065E-4 6.85259E-4 3.21846E-4 0.001003658 8.6947E-4 3.1264E-4 9.07096E-4 3.11437E-4 5.65573E-4 8.33786E-4 4.8944E-4 8.00453E-4 7.58916E-4 5.83335E-4 3.02886E-4 7.21438E-4 3.05782E-4 5.86508E-4 2.64751E-4 2.93589E-4 3.06334E-4 2.9689E-4 8.04655E-4 3.14484E-4 6.14553E-4 2.95269E-4 6.50692E-4 8.37209E-4 5.88182E-4 5.69405E-4 3.11924E-4 7.55904E-4 5.05574E-4 5.66467E-4 2.85584E-4 8.35812E-4 8.89297E-4 6.07206E-4 3.10682E-4 4.72426E-4 8.75888E-4 2.91299E-4 4.69339E-4 5.63622E-4 5.72947E-4 2.69101E-4 5.41074E-4 5.68919E-4 3.01447E-4 9.27737E-4 8.32359E-4 3.15544E-4 5.74167E-4 5.69868E-4 9.36666E-4 7.99298E-4 3.22628E-4 4.72507E-4 9.42429E-4 3.15425E-4 6.86141E-4 8.90351E-4 5.89932E-4 5.72056E-4 4.49673E-4 8.83102E-4 4.71005E-4 8.24253E-4 2.97014E-4 9.00353E-4 8.7769E-4 3.06485E-4 9.443E-4 8.35863E-4 3.08381E-4 5.874E-4 5.95305E-4 5.55081E-4 5.21529E-4 6.04723E-4 8.9506E-4 6.16005E-4 3.10716E-4 3.09061E-4 8.60073E-4 3.86202E-4 6.36916E-4 3.705E-4 3.48695E-4 0.001128981 6.17034E-4 0.001038333 0.001045826 7.30493E-4 9.83099E-4 5.44315E-4 9.96476E-4 5.68428E-4 2.92604E-4 9.05509E-4 8.95645E-4 7.43605E-4 3.07946E-4 9.11846E-4 6.13563E-4 3.08371E-4 5.74605E-4 3.14269E-4 8.92454E-4 6.16641E-4 6.57773E-4 8.56546E-4 6.57874E-4 8.79365E-4 3.1146E-4 4.9033E-4 2.94233E-4 9.47384E-4 2.68675E-4 3.10616E-4 3.23773E-4 3.13106E-4 5.60277E-4 3.11237E-4 6.12954E-4 2.80193E-4 9.64014E-4 5.94526E-4 8.60259E-4 8.39029E-4 3.09033E-4 5.5177E-4 5.12701E-4 5.83061E-4 2.8102E-4 5.34453E-4 5.77819E-4 5.9029E-4 3.11514E-4 4.68029E-4 9.32571E-4 2.84796E-4 1.33463E-4 5.79349E-4 7.16338E-4 2.59899E-4 8.33799E-4 6.38425E-4 1.62804E-4 5.63904E-4 0.001000983 3.04394E-4 5.45524E-4 5.70946E-4 6.21245E-4 8.452E-4 2.98497E-4 4.70394E-4 9.436E-4 3.07252E-4 6.96658E-4 6.36245E-4 5.69537E-4 5.74503E-4 4.22356E-4 5.85774E-4 1.35271E-4 5.79528E-4 3.09217E-4 8.77925E-4 8.44909E-4 3.12819E-4 8.62693E-4 8.30554E-4 3.06516E-4 5.88363E-4 5.83437E-4 8.55038E-4 8.58238E-4 8.69788E-4 8.21108E-4 6.19921E-4 3.16213E-4 1.63568E-4 8.53932E-4 2.75254E-4 5.36196E-4 3.00617E-4 1.48753E-4 8.97538E-4 7.60202E-4 9.1745E-4 5.72962E-4 9.13486E-4 5.57499E-4 7.03285E-4 8.68719E-4 5.78507E-4 2.82236E-4 5.64152E-4 5.78324E-4 7.41863E-4 3.17263E-4 9.14355E-4 9.05614E-4 3.17434E-4 8.71059E-4 3.12841E-4 5.3834E-4 7.98241E-4 6.84121E-4 7.5007E-4 6.99027E-4 6.032E-4 2.95703E-4 4.93439E-4 2.86958E-4 5.42004E-4 2.55377E-4 2.8842E-4 3.07407E-4 3.02368E-4 5.78769E-4 3.17013E-4 9.36916E-4 2.75899E-4 6.69867E-4 8.49294E-4 6.26371E-4 6.17492E-4 3.09809E-4 8.48942E-4 5.08805E-4 8.62087E-4 2.8552E-4 8.06291E-4 8.94056E-4 6.40483E-4 2.99954E-4 4.41495E-4 5.78706E-4 2.87083E-4 4.71968E-4 5.49256E-4 5.28017E-4 2.59646E-4 8.82289E-4 6.00182E-4 3.03003E-4 8.48478E-4 9.18273E-4 3.06685E-4 5.4823E-4 5.53253E-4 8.40913E-4 9.34202E-4 3.19111E-4 4.89295E-4 5.67349E-4 2.97998E-4 5.12063E-4 9.13274E-4 6.0094E-4 9.16901E-4 4.54026E-4 5.75832E-4 4.6128E-4 8.22043E-4 3.04925E-4 8.1661E-4 5.81115E-4 3.06228E-4 5.63462E-4 5.885E-4 3.17397E-4 5.5493E-4 9.23478E-4 8.66929E-4 8.70391E-4 5.943E-4 5.47473E-4 5.84772E-4 3.10983E-4 3.03498E-4 8.69463E-4 2.76149E-4 8.32869E-4 3.03598E-4 2.83492E-4 9.37559E-4 5.18415E-4 6.25033E-4 8.90595E-4 9.22232E-4 8.92165E-4 7.45536E-4 6.0546E-4 9.20512E-4 2.79594E-4 5.71411E-4 8.80252E-4 5.01878E-4 3.05359E-4 6.39968E-4 8.75004E-4 3.05586E-4 5.69401E-4 3.19764E-4 5.59539E-4 8.77609E-4 6.50068E-4 8.39726E-4 6.61888E-4 9.46145E-4 3.08894E-4 4.98762E-4 2.95862E-4 5.99129E-4 2.77245E-4 2.96923E-4 2.98443E-4 2.95236E-4 5.4377E-4 3.09006E-4 9.13759E-4 2.87379E-4 9.63622E-4 5.8873E-4 5.78135E-4 5.88861E-4 3.06709E-4 5.75335E-4 4.9783E-4 8.79798E-4 2.83352E-4 5.36818E-4 8.28146E-4 7.9865E-4 3.0507E-4 4.64983E-4 8.95324E-4 2.89325E-4 4.7988E-4 5.45181E-4 7.47574E-4 2.65108E-4 8.45322E-4 8.99969E-4 3.05675E-4 5.57146E-4 5.66994E-4 2.95744E-4 8.4813E-4 7.88925E-4 6.0982E-4 8.99705E-4 3.07838E-4 4.95189E-4 8.37317E-4 3.23189E-4 5.03719E-4 5.68767E-4 8.60607E-4 8.35672E-4 4.68779E-4 8.9003E-4 4.73985E-4 8.66951E-4 3.12272E-4 8.52356E-4 5.98027E-4 3.18491E-4 8.42686E-4 5.83767E-4 3.01921E-4 5.69885E-4 8.79542E-4 8.3522E-4 7.90212E-4 5.81929E-4 9.23078E-4 8.4245E-4 3.12059E-4 3.09808E-4 8.39283E-4 2.86021E-4 7.87693E-4 3.05924E-4 2.89668E-4 8.95585E-4 7.59851E-4 8.62826E-4 5.63161E-4 5.38424E-4 5.44155E-4 7.54593E-4 5.92503E-4 8.60903E-4 2.81448E-4 8.37345E-4 7.93614E-4 4.90803E-4 3.03255E-4 6.89183E-4 9.32068E-4 3.46197E-4 6.0998E-4 3.07057E-4 5.604E-4 5.76074E-4 4.72047E-4 5.34033E-4 9.4703E-4 8.8146E-4 3.0013E-4 7.40629E-4 3.24985E-4 5.91007E-4 2.69666E-4 3.03334E-4 3.22375E-4 3.07275E-4 8.43316E-4 3.3194E-4 0.001037577 3.39017E-4 7.43003E-4 6.89388E-4 6.96573E-4 0.001024948 3.73716E-4 9.8828E-4 5.2786E-4 8.61987E-4 2.82584E-4 8.29183E-4 8.70068E-4 7.79086E-4 2.91168E-4 4.62363E-4 5.79833E-4 2.91185E-4 4.5891E-4 8.92693E-4 7.34484E-4 2.70636E-4 8.65871E-4 6.20953E-4 3.1734E-4 5.52896E-4 5.87174E-4 3.14946E-4 8.57437E-4 8.61811E-4 6.11602E-4 5.56255E-4 3.01538E-4 4.69181E-4 5.6621E-4 2.9952E-4 5.08919E-4 9.34452E-4 9.10784E-4 9.00064E-4 4.35869E-4 8.80679E-4 4.6957E-4 5.57976E-4 3.11115E-4 5.72783E-4 5.38115E-4 0.001126466 9.65189E-4 8.81873E-4 3.07448E-4 5.73476E-4 9.36239E-4 7.75522E-4 8.12574E-4 8.97325E-4 8.26847E-4 5.91763E-4 3.21385E-4 3.04418E-4 5.32108E-4 2.80275E-4 8.4463E-4 2.94936E-4 2.86501E-4 8.94658E-4 7.7095E-4 6.23287E-4 5.16858E-4 6.81147E-4 5.31023E-4 8.42842E-4 5.62767E-4 8.11296E-4 2.7417E-4 9.28207E-4 9.64666E-4 4.91812E-4 3.0845E-4 9.77727E-4 6.18187E-4 3.14862E-4 5.57045E-4 3.07043E-4 5.66761E-4 5.48963E-4 4.89286E-4 9.16664E-4 0.001031143 8.90924E-4 3.13865E-4 4.96505E-4 3.02746E-4 5.7673E-4 2.62748E-4 2.94477E-4 3.11563E-4 3.06763E-4 5.66497E-4 3.2204E-4 5.99539E-4 2.96788E-4 0.001015591 8.37108E-4 9.4123E-4 8.55666E-4 3.07967E-4 7.58846E-4 5.29005E-4 5.75955E-4 2.87674E-4 5.22611E-4 9.14378E-4 5.82839E-4 3.04287E-4 5.38134E-4 5.58128E-4 1.40637E-4 4.53882E-4 8.3424E-4 5.15737E-4 2.39818E-4 8.87307E-4 8.8321E-4 2.92029E-4 8.20488E-4 8.94487E-4 3.19125E-4 5.07808E-4 5.12823E-4 8.8178E-4 6.01123E-4 3.20091E-4 4.47255E-4 5.35994E-4 3.18098E-4 4.46875E-4 8.45926E-4 5.70696E-4 5.26668E-4 4.46806E-4 7.90173E-4 4.42044E-4 5.19828E-4 2.89795E-4 4.89684E-4 8.39075E-4 2.99714E-4 5.64207E-4 5.50828E-4 3.11191E-4 5.25695E-4 5.62071E-4 8.18377E-4 5.16698E-4 8.14753E-4 7.93402E-4 5.84562E-4 3.12963E-4 3.02524E-4 1.25046E-4 2.72821E-4 1.16581E-4 2.72923E-4 2.74875E-4 5.77777E-4 6.824E-4 9.12282E-4 8.66531E-4 8.4194E-4 5.5791E-4 1.18569E-4 8.55213E-4 5.73281E-4 2.80093E-4 8.60295E-4 6.37446E-4 6.2064E-4 3.20741E-4 6.2994E-4 9.49869E-4 3.02625E-4 5.62909E-4 2.97581E-4 5.33369E-4 5.61261E-4 6.84033E-4 8.71035E-4 6.81615E-4 8.81405E-4 3.09301E-4 4.77996E-4 3.06906E-4 5.64943E-4 2.71295E-4 2.98032E-4 2.98083E-4 2.99631E-4 9.19742E-4 3.14522E-4 5.9003E-4 1.40069E-4 9.97406E-4 9.10651E-4 9.10037E-4 8.95495E-4 3.11453E-4 5.43305E-4 5.03633E-4 8.22629E-4 2.65163E-4 5.38151E-4 8.71588E-4 9.21919E-4 2.9732E-4 4.70154E-4 9.05641E-4 2.90945E-4 4.4562E-4 5.7148E-4 7.79076E-4 2.58034E-4 5.86183E-4 5.92884E-4 3.10351E-4 5.58551E-4 5.71736E-4 3.02977E-4 8.87753E-4 5.9133E-4 5.61496E-4 9.47227E-4 3.24254E-4 5.01324E-4 5.56388E-4 3.16603E-4 5.00708E-4 5.69102E-4 8.84218E-4 5.99832E-4 4.50799E-4 8.00111E-4 4.72004E-4 9.1441E-4 3.14394E-4 5.84554E-4 8.92448E-4 3.19497E-4 5.91242E-4 5.57934E-4 3.24004E-4 9.13489E-4 6.00951E-4 8.9699E-4 5.33609E-4 5.52651E-4 9.00033E-4 5.88888E-4 3.09846E-4 2.95273E-4 7.60867E-4 2.8101E-4 7.95855E-4 3.13498E-4 2.91667E-4 5.92628E-4 7.725E-4 6.06452E-4 7.94514E-4 5.86415E-4 5.38558E-4 7.18622E-4 8.55849E-4 5.93829E-4 2.83366E-4 5.69554E-4 8.48821E-4 5.09829E-4 3.18257E-4 6.33392E-4 9.65289E-4 3.11723E-4 9.13085E-4 3.17036E-4 8.28751E-4 6.21838E-4 6.91183E-4 8.72526E-4 0.001052087 5.92138E-4 3.10385E-4 5.01068E-4 2.84486E-4 9.17202E-4 2.61258E-4 2.98153E-4 3.07037E-4 2.92621E-4 8.01284E-4 3.06719E-4 8.3685E-4 2.82488E-4 6.37143E-4 8.8941E-4 5.87101E-4 5.82897E-4 3.02519E-4 5.45645E-4 4.89666E-4 8.77444E-4 2.9411E-4 7.93514E-4 9.07578E-4 8.79956E-4 3.02593E-4 4.42903E-4 5.57199E-4 2.82558E-4 4.86109E-4 8.9147E-4 7.37392E-4 2.56969E-4 7.81703E-4 8.44557E-4 3.11051E-4 5.71787E-4 9.17615E-4 3.25206E-4 5.63122E-4 5.60908E-4 5.82917E-4 8.10385E-4 3.05935E-4 4.49423E-4 9.13339E-4 3.107E-4 4.9674E-4 5.76935E-4 5.55487E-4 9.57937E-4 0.001154568 0.001192257 9.76358E-4 0.001334014 5.02662E-4 7.64738E-4 0.001038034 4.31868E-4 5.5758E-4 5.47985E-4 3.035E-4 7.79315E-4 6.14742E-4 8.09569E-4 8.18613E-4 8.92848E-4 5.66036E-4 5.77578E-4 3.04027E-4 2.89653E-4 5.31348E-4 2.71188E-4 5.10749E-4 2.98274E-4 3.2284E-4 5.78367E-4 8.19517E-4 9.51245E-4 5.4415E-4 5.59435E-4 7.85596E-4 4.85236E-4 5.60573E-4 5.58177E-4 3.00447E-4 9.06644E-4 9.79701E-4 7.40205E-4 3.1976E-4 6.35943E-4 8.67482E-4 3.20284E-4 8.62763E-4 3.03051E-4 8.13175E-4 8.36031E-4 7.01655E-4 5.7378E-4 0.001003308 6.34408E-4 3.40078E-4 5.04169E-4 3.34361E-4 5.73339E-4 2.82894E-4 3.07552E-4 3.15967E-4 3.24908E-4 5.52311E-4 3.50843E-4 6.2126E-4 2.93972E-4 6.48957E-4 5.76094E-4 8.3761E-4 6.06719E-4 3.26449E-4 8.3891E-4 5.21611E-4 6.22476E-4 2.97012E-4 5.59064E-4 5.77775E-4 5.97909E-4 3.27666E-4 4.72864E-4 8.99798E-4 3.00279E-4 4.82932E-4 9.88759E-4 7.42729E-4 2.83474E-4 5.62872E-4 9.47965E-4 3.25777E-4 9.63316E-4 0.001017402 3.49495E-4 7.06998E-4 7.58804E-4 9.80024E-4 7.10068E-4 3.62609E-4 5.26503E-4 6.14768E-4 3.48346E-4 5.4588E-4 9.66609E-4 9.57565E-4 8.66695E-4 4.75081E-4 6.40335E-4 4.92839E-4 5.7725E-4 3.32536E-4 6.50818E-4 5.93943E-4 3.40316E-4 6.06649E-4 9.15159E-4 3.54587E-4 9.40109E-4 6.45299E-4 9.33208E-4 5.78505E-4 5.99935E-4 9.73613E-4 9.95706E-4 3.28921E-4 3.77084E-4 8.3506E-4 3.36897E-4 7.92995E-4 3.74725E-4 3.34139E-4 9.66603E-4 8.50359E-4 6.29141E-4 5.83152E-4 6.06935E-4 9.37534E-4 7.6068E-4 6.12663E-4 9.07001E-4 3.25251E-4 9.12228E-4 9.73735E-4 5.96072E-4 3.23685E-4 0.001065192 0.001008453 3.91939E-4 8.95967E-4 3.47751E-4 6.09437E-4 5.9683E-4 7.23486E-4 9.65328E-4 0.001172967 6.46761E-4 3.37276E-4 5.51481E-4 3.20534E-4 9.79412E-4 3.06689E-4 3.39396E-4 3.48822E-4 5.32795E-4 8.8939E-4 4.94108E-4 0.001044817 3.0493E-4 9.37904E-4 6.29355E-4 5.88814E-4 9.40352E-4 3.2661E-4 5.85564E-4 5.31907E-4 8.61725E-4 2.90407E-4 5.83668E-4 8.51422E-4 6.31866E-4 3.57444E-4 4.70483E-4 5.82585E-4 3.05535E-4 5.12987E-4 8.17654E-4 5.38706E-4 3.0147E-4 5.88247E-4 5.92378E-4 3.06075E-4 8.15158E-4 5.96946E-4 3.07186E-4 8.47249E-4 5.84772E-4 9.32075E-4 6.80669E-4 3.31359E-4 4.99483E-4 9.44421E-4 3.24534E-4 5.20356E-4 6.27293E-4 5.93449E-4 9.11268E-4 5.06116E-4 9.0604E-4 5.46635E-4 0.001021615 3.86008E-4 0.001310203 0.001166994 4.39877E-4 0.001282802 8.32308E-4 4.31561E-4 0.00125236 0.001175237 7.9665E-4 7.44673E-4 8.37658E-4 7.52734E-4 8.2422E-4 4.55106E-4 4.40067E-4 0.001110725 3.87277E-4 0.001246448 4.36744E-4 4.17787E-4 7.87301E-4 6.85643E-4 8.50055E-4 9.23513E-4 0.001320555 7.80767E-4 0.001143195 0.001275767 8.05038E-4 3.98929E-4 7.63713E-4 0.001179499 5.45601E-4 3.43391E-4 7.12917E-4 6.12325E-4 0.001259435 8.80524E-4 3.22393E-4 5.8321E-4 5.89238E-4 4.80532E-4 9.42144E-4 7.05512E-4 5.9053E-4 3.07133E-4 5.19852E-4 3.21423E-4 9.07824E-4 3.10151E-4 3.1781E-4 3.21901E-4 2.98707E-4 5.97891E-4 3.3771E-4 9.17792E-4 2.99635E-4 6.40715E-4 8.64576E-4 5.9799E-4 9.76434E-4 3.28987E-4 5.70363E-4 5.25006E-4 9.04711E-4 2.93877E-4 5.44287E-4 8.20575E-4 0.001092017 3.96834E-4 5.84799E-4 0.001265659 3.45991E-4 5.20986E-4 6.04622E-4 5.82756E-4 3.19861E-4 9.55416E-4 0.001027895 3.72253E-4 7.4245E-4 0.00101142 3.88082E-4 9.63481E-4 6.1724E-4 6.26715E-4 6.04763E-4 3.82809E-4 5.37297E-4 6.45489E-4 3.67434E-4 5.73439E-4 0.001019693 6.82912E-4 7.83604E-4 5.87853E-4 7.48024E-4 5.46338E-4 0.00103136 4.33394E-4 0.001011659 6.48829E-4 3.76155E-4 7.01176E-4 9.16905E-4 3.91874E-4 9.82954E-4 7.90019E-4 6.78748E-4 0.001027017 9.76338E-4 6.30744E-4 6.35433E-4 3.60726E-4 3.40529E-4 5.42781E-4 3.05014E-4 8.31944E-4 3.29118E-4 3.10568E-4 6.15902E-4 5.45979E-4 6.19299E-4 5.77258E-4 0.001334962 0.00107365 7.16669E-4 0.001144434 7.96811E-4 4.39522E-4 0.001141125 8.07292E-4 9.62559E-4 4.48532E-4 0.001391646 8.17732E-4 4.47921E-4 0.001179865 4.29852E-4 0.001229314 8.34275E-4 6.84686E-4 0.001142258 0.001334057 8.77564E-4 4.26646E-4 0.001042543 4.31826E-4 7.92632E-4 3.69728E-4 4.2855E-4 4.19534E-4 4.20329E-4 7.59024E-4 4.09933E-4 7.90961E-4 3.8646E-4 8.06941E-4 0.001024003 8.4279E-4 9.40588E-4 3.26973E-4 8.94973E-4 5.32776E-4 6.06763E-4 2.85312E-4 5.72104E-4 9.08025E-4 5.93136E-4 3.0604E-4 4.55714E-4 8.45054E-4 3.23202E-4 4.90179E-4 8.57862E-4 5.30665E-4 2.5688E-4 5.54857E-4 9.37834E-4 3.12146E-4 8.34556E-4 9.52131E-4 0.001318008 5.58366E-4 9.41641E-4 9.75878E-4 8.91701E-4 3.44403E-4 5.08126E-4 9.32943E-4 3.10233E-4 7.88507E-4 5.89776E-4 5.71E-4 8.53184E-4 4.76952E-4 5.59541E-4 5.04342E-4 8.39128E-4 1.38586E-4 9.14462E-4 5.78318E-4 1.31315E-4 5.51428E-4 5.66856E-4 1.23694E-4 9.14969E-4 9.06843E-4 6.28338E-4 5.64356E-4 5.92338E-4 8.45719E-4 9.42674E-4 3.50911E-4 4.75334E-4 8.97154E-4 3.28876E-4 9.47595E-4 1.63192E-4 3.23448E-4 0.001016327 8.53988E-4 0.001154897 6.23051E-4 5.65978E-4 5.32619E-4 8.60197E-4 6.71985E-4 4.8668E-4 2.9069E-4 6.86017E-4 4.99032E-4 7.76169E-4 3.46491E-4 5.7429E-4 5.19892E-4 1.36064E-4 4.8824E-4 1.32298E-4 4.7704E-4 5.54873E-4 4.2419E-4 5.1849E-4 6.03793E-4 5.03274E-4 3.2759E-4 4.25928E-4 1.38346E-4 8.85096E-4 1.51548E-4 3.17123E-4 3.2968E-4 1.36618E-4 9.61008E-4 1.41467E-4 5.37117E-4 3.00909E-4 5.25406E-4 9.88749E-4 5.12654E-4 0.001022328 1.52716E-4 4.73663E-4 1.28896E-4 9.29919E-4 1.59452E-4 4.91524E-4 4.82511E-4 4.78222E-4 1.50873E-4 4.93082E-4 9.29648E-4 3.30079E-4 4.95877E-4 5.03274E-4 4.74518E-4 3.07246E-4 6.64197E-4 5.63555E-4 3.30927E-4 5.32777E-4 5.18291E-4 3.34825E-4 5.26917E-4 4.87254E-4 4.98807E-4 5.13692E-4 3.44261E-4 8.57127E-4 5.27385E-4 3.21018E-4 5.44903E-4 5.3398E-4 4.93983E-4 5.01845E-4 4.62003E-4 5.23238E-4 4.99053E-4 5.74463E-4 3.33882E-4 5.04117E-4 5.11714E-4 3.31501E-4 5.18941E-4 5.35402E-4 3.33691E-4 4.97771E-4 5.25808E-4 5.05759E-4 5.04685E-4 9.31992E-4 4.94951E-4 4.90504E-4 1.40732E-4 3.21695E-4 5.27379E-4 3.06144E-4 4.74203E-4 3.44659E-4 3.18224E-4 5.32354E-4 5.77673E-4 5.75892E-4 5.57594E-4 5.46541E-4 5.26045E-4 5.05469E-4 5.31015E-4 5.49542E-4 3.10952E-4 5.37888E-4 5.57289E-4 4.69753E-4 1.3469E-4 5.8041E-4 5.58033E-4 3.27187E-4 5.53554E-4 3.47702E-4 5.12728E-4 5.11696E-4 4.27609E-4 4.97722E-4 5.81249E-4 5.04181E-4 1.24078E-4 4.59619E-4 3.08364E-4 4.94724E-4 2.66958E-4 3.144E-4 3.21432E-4 2.98255E-4 5.07388E-4 3.18561E-4 5.23988E-4 2.93006E-4 5.57938E-4 5.66343E-4 4.8773E-4 5.0626E-4 3.2913E-4 4.86829E-4 5.35194E-4 5.31998E-4 2.86109E-4 5.28093E-4 5.12436E-4 5.23791E-4 3.14229E-4 4.89632E-4 4.93064E-4 2.89436E-4 4.78745E-4 4.47644E-4 4.25161E-4 2.80136E-4 6.24681E-4 5.52276E-4 3.23497E-4 5.12127E-4 5.2275E-4 3.28207E-4 5.19624E-4 4.79054E-4 4.88E-4 4.88932E-4 3.2009E-4 4.79675E-4 4.86544E-4 3.12014E-4 4.24241E-4 5.1714E-4 4.9396E-4 4.86402E-4 4.80517E-4 5.02813E-4 4.83956E-4 4.84302E-4 3.24069E-4 5.08036E-4 4.85401E-4 3.32353E-4 5.31838E-4 4.8904E-4 3.35592E-4 4.97516E-4 5.34333E-4 4.88047E-4 4.92578E-4 5.13713E-4 4.8156E-4 5.00653E-4 3.16836E-4 3.11059E-4 5.01564E-4 3.0118E-4 4.75568E-4 3.28867E-4 2.9269E-4 4.88045E-4 4.79024E-4 5.3502E-4 6.07265E-4 5.40663E-4 4.9191E-4 4.44395E-4 4.76316E-4 5.47987E-4 3.031E-4 6.16729E-4 6.0516E-4 5.84693E-4 3.85237E-4 6.0091E-4 5.28346E-4 3.23204E-4 5.13783E-4 3.12686E-4 5.06787E-4 5.27652E-4 4.19592E-4 5.05304E-4 6.10542E-4 5.11043E-4 3.08354E-4 4.2588E-4 2.93097E-4 4.96184E-4 2.64827E-4 2.93025E-4 3.72642E-4 3.07676E-4 4.9998E-4 3.15958E-4 6.07269E-4 2.94195E-4 5.55274E-4 5.22285E-4 5.11908E-4 5.15895E-4 3.20753E-4 4.50206E-4 5.4038E-4 5.4054E-4 2.93261E-4 5.05565E-4 4.95266E-4 4.80285E-4 3.08092E-4 4.66545E-4 5.2619E-4 2.98823E-4 4.91257E-4 4.77635E-4 4.30796E-4 2.87586E-4 6.3995E-4 5.05506E-4 3.30796E-4 4.97211E-4 5.18633E-4 3.08497E-4 5.0175E-4 4.87853E-4 0.001176354 4.95989E-4 3.33191E-4 4.93924E-4 5.09761E-4 3.15279E-4 4.29952E-4 5.24724E-4 5.42031E-4 5.16871E-4 4.72305E-4 4.86894E-4 4.57649E-4 4.60058E-4 3.24184E-4 4.82251E-4 4.79547E-4 3.07636E-4 4.8385E-4 4.7677E-4 3.01445E-4 4.92572E-4 4.81509E-4 5.17157E-4 4.79834E-4 5.05114E-4 6.05482E-4 6.11824E-4 3.99873E-4 3.70503E-4 5.76343E-4 3.2467E-4 5.45478E-4 3.79408E-4 3.52673E-4 6.07685E-4 4.65252E-4 5.63869E-4 5.19873E-4 5.62708E-4 5.5821E-4 6.47795E-4 6.15495E-4 6.66068E-4 3.81919E-4 6.46934E-4 6.46599E-4 5.45418E-4 4.06468E-4 6.82627E-4 6.35345E-4 3.90955E-4 6.04389E-4 3.88759E-4 6.0626E-4 5.59638E-4 4.54374E-4 5.07222E-4 5.91621E-4 5.00316E-4 4.59496E-4 5.17664E-4 3.31177E-4 5.04741E-4 2.63571E-4 2.97957E-4 3.29862E-4 3.05902E-4 4.96839E-4 3.21159E-4 5.37319E-4 2.87569E-4 5.45379E-4 4.94133E-4 5.5102E-4 5.19531E-4 3.44716E-4 4.67359E-4 5.58076E-4 4.99482E-4 2.80084E-4 4.72886E-4 4.99139E-4 4.7981E-4 3.00706E-4 4.49284E-4 4.84327E-4 2.83156E-4 4.74806E-4 4.88871E-4 4.72099E-4 2.73026E-4 5.87818E-4 4.89734E-4 3.35145E-4 4.93016E-4 5.25084E-4 3.21849E-4 5.12801E-4 4.57374E-4 4.73286E-4 5.01213E-4 3.19963E-4 4.55685E-4 4.90363E-4 3.09994E-4 4.35646E-4 5.19616E-4 5.23679E-4 4.99851E-4 4.79456E-4 5.04027E-4 5.03272E-4 4.62583E-4 3.113E-4 5.03134E-4 4.97715E-4 3.10392E-4 5.10795E-4 4.75082E-4 3.02348E-4 4.9177E-4 4.89148E-4 4.81487E-4 4.78767E-4 4.94389E-4 4.86831E-4 4.95864E-4 3.59979E-4 3.0997E-4 4.98818E-4 2.89011E-4 4.6164E-4 3.26556E-4 4.08439E-4 4.9223E-4 4.17175E-4 4.70546E-4 4.91925E-4 4.94778E-4 4.8421E-4 4.60465E-4 4.91434E-4 5.89247E-4 3.0707E-4 5.2821E-4 5.0511E-4 4.4919E-4 3.22928E-4 5.57719E-4 5.6486E-4 3.48045E-4 5.25159E-4 3.23666E-4 5.06683E-4 5.1423E-4 4.18849E-4 4.91358E-4 5.77023E-4 4.92772E-4 3.66717E-4 4.75522E-4 3.19905E-4 5.10873E-4 3.01439E-4 3.08392E-4 3.16874E-4 3.1026E-4 4.87396E-4 3.20862E-4 5.29027E-4 2.83715E-4 5.31534E-4 4.99334E-4 4.84583E-4 4.9858E-4 3.13309E-4 4.75723E-4 5.2661E-4 5.25804E-4 2.85359E-4 5.3828E-4 5.18599E-4 5.07695E-4 3.35402E-4 5.29351E-4 5.29643E-4 3.06712E-4 4.85931E-4 4.69725E-4 4.32741E-4 2.78322E-4 5.72117E-4 5.12266E-4 3.02786E-4 5.42516E-4 5.15931E-4 3.41067E-4 5.34744E-4 4.79934E-4 4.90406E-4 4.8834E-4 3.38793E-4 4.94544E-4 5.065E-4 3.08242E-4 4.24398E-4 4.9815E-4 5.03951E-4 4.84191E-4 4.48456E-4 5.06294E-4 4.60768E-4 5.42959E-4 3.23966E-4 4.86046E-4 5.11424E-4 3.15454E-4 5.31679E-4 4.82093E-4 3.12289E-4 4.96826E-4 5.26882E-4 5.23177E-4 5.05324E-4 5.06236E-4 4.72286E-4 5.30766E-4 3.31567E-4 3.23084E-4 5.1167E-4 2.89426E-4 4.92855E-4 3.21547E-4 3.06486E-4 5.16102E-4 4.49357E-4 5.16376E-4 4.93163E-4 5.18347E-4 4.97528E-4 4.73739E-4 4.74822E-4 5.07512E-4 2.81744E-4 5.27564E-4 4.94881E-4 4.32907E-4 3.65737E-4 5.63688E-4 5.17673E-4 3.2201E-4 5.00533E-4 3.11075E-4 5.0854E-4 5.17604E-4 4.16517E-4 5.326E-4 5.82998E-4 5.18728E-4 3.31782E-4 4.43472E-4 3.00814E-4 4.97666E-4 2.69597E-4 2.9902E-4 3.16036E-4 3.4144E-4 5.10901E-4 3.5115E-4 5.31038E-4 3.04109E-4 5.54109E-4 5.25064E-4 4.93114E-4 5.38286E-4 3.19656E-4 4.84407E-4 5.19621E-4 4.89733E-4 2.92017E-4 4.89756E-4 5.04444E-4 5.10731E-4 3.27504E-4 4.78052E-4 4.94486E-4 3.00946E-4 4.65581E-4 4.877E-4 4.36058E-4 1.96617E-4 5.98813E-4 5.00098E-4 3.3492E-4 4.83098E-4 4.99764E-4 3.15429E-4 4.94788E-4 4.80878E-4 4.95485E-4 4.80481E-4 1.97988E-4 4.43673E-4 5.3379E-4 3.12494E-4 4.16019E-4 4.75654E-4 5.2804E-4 5.16981E-4 4.56929E-4 4.76321E-4 4.47598E-4 4.46967E-4 3.32309E-4 5.04483E-4 4.65389E-4 3.06604E-4 5.02434E-4 4.77578E-4 3.11906E-4 4.59342E-4 4.67844E-4 4.62191E-4 5.19448E-4 4.92171E-4 4.75262E-4 4.91442E-4 3.21038E-4 3.11289E-4 4.53663E-4 2.81384E-4 4.3883E-4 3.00168E-4 2.93376E-4 4.86851E-4 4.12971E-4 4.6498E-4 4.65121E-4 4.85839E-4 4.75904E-4 4.74823E-4 4.76205E-4 4.87803E-4 2.85535E-4 5.10714E-4 4.80046E-4 4.26568E-4 3.30324E-4 5.59801E-4 5.10003E-4 3.2527E-4 4.753E-4 3.2646E-4 4.74331E-4 4.87025E-4 4.18011E-4 5.00759E-4 5.4481E-4 4.77257E-4 2.97738E-4 4.19149E-4 3.01666E-4 4.72858E-4 2.93095E-4 3.14172E-4 3.587E-4 3.06092E-4 5.50598E-4 3.27126E-4 5.00171E-4 3.04583E-4 5.48966E-4 4.73615E-4 4.76257E-4 4.68482E-4 3.2808E-4 4.54474E-4 5.17625E-4 4.88909E-4 2.98895E-4 5.29283E-4 5.24055E-4 4.78566E-4 3.20713E-4 4.67076E-4 

Timer for Syntactic Relevance:: 46.54806667
Timer for solver: 8.548756224
		UBUNTU.SPLX	UBUNTU_C500_0.TESTCASES
			Diag: [mandatory(Appearance, Look), mandatory(Appearance, Behavoir), optional(Typing1, BounceKeys), requires(UniversalAccess1, UniversalAccess), ((~Displays \/ Displays1) \/ Displays2), requires(AcceptanceDelay2, AcceptanceDelay), requires(Displays1, Displays), ((~Speed \/ Speed1) \/ Speed2), ((~Normal \/ Normal1) \/ Normal2), (((~Typing \/ Typing1) \/ Typing2) \/ Typing3), ((~UniversalAccess \/ UniversalAccess1) \/ UniversalAccess2), ((((~Fast \/ Fast1) \/ Fast2) \/ Fast3) \/ Fast4)]
			Diag size: 12
The size of Consistency checks: 7172241
The number of Choco Solver calls: 13300
The number of different: 3
The number of INconsistent: 180
The number of union: 255
The number of post constraints: 7172241
The number of consistent: 13120
The number of unpost constraints: 7172241
The number of Consistency checks: 128

Timer for Syntactic Relevance:[thread=1]: 57.412579157
57.412579157 
Timer for solver[thread=1]: 8.757038577
4.87256E-4 2.63732E-4 4.39557E-4 1.22707E-4 5.02574E-4 1.32772E-4 2.75745E-4 5.44088E-4 5.61585E-4 4.27006E-4 1.29651E-4 3.54961E-4 3.73834E-4 1.15569E-4 4.53763E-4 5.65344E-4 3.23281E-4 6.23966E-4 3.96314E-4 3.22977E-4 5.5875E-4 0.001022721 1.00842E-4 4.65779E-4 5.25555E-4 1.32998E-4 1.0347E-4 1.68848E-4 1.28083E-4 1.06437E-4 6.25108E-4 8.491E-4 7.91906E-4 7.31605E-4 4.17784E-4 9.28608E-4 8.20742E-4 8.56782E-4 0.001159808 9.53581E-4 7.74678E-4 7.76341E-4 8.05863E-4 0.002140776 0.001142718 8.90574E-4 9.42924E-4 0.00115532 0.001322972 5.9936E-4 1.34085E-4 1.88833E-4 1.52547E-4 1.42575E-4 1.83516E-4 2.10025E-4 1.64964E-4 1.68217E-4 1.23973E-4 1.48216E-4 3.05388E-4 5.95738E-4 5.89844E-4 5.62092E-4 7.08506E-4 6.22946E-4 6.27504E-4 3.10528E-4 6.03665E-4 3.59308E-4 3.70172E-4 7.11991E-4 8.1383E-4 6.75824E-4 6.45253E-4 5.53209E-4 6.61842E-4 6.8475E-4 6.02938E-4 7.55858E-4 3.2695E-4 7.08252E-4 8.51953E-4 7.44626E-4 6.81538E-4 8.0267E-4 7.36937E-4 7.57175E-4 8.97703E-4 3.91281E-4 7.71277E-4 7.1365E-4 8.07624E-4 6.73751E-4 6.51719E-4 7.51184E-4 9.22036E-4 6.2526E-4 8.73401E-4 8.65471E-4 1.26792E-4 1.00023E-4 9.8334E-5 1.02211E-4 9.9027E-5 7.8044E-5 1.33484E-4 9.932E-5 1.41205E-4 1.10099E-4 8.7055E-5 1.24088E-4 8.6507E-5 1.08433E-4 1.39509E-4 1.10071E-4 7.8942E-5 1.10813E-4 9.9648E-5 9.7717E-5 1.00148E-4 8.3016E-5 1.2268E-4 1.25039E-4 9.7218E-5 1.27795E-4 9.8323E-5 1.61905E-4 1.45049E-4 1.0477E-4 0.001658866 0.001926971 0.001166643 9.68476E-4 0.002341281 9.65429E-4 0.00265427 0.001883388 8.79546E-4 0.001344624 0.0019384 7.16527E-4 5.44809E-4 3.77521E-4 6.48673E-4 3.44649E-4 6.65192E-4 2.1964E-4 5.97073E-4 4.08097E-4 5.91949E-4 4.81352E-4 3.39084E-4 5.27336E-4 5.96608E-4 6.08756E-4 5.73062E-4 4.11302E-4 6.02699E-4 6.53849E-4 3.53058E-4 5.66657E-4 4.73448E-4 3.99174E-4 4.07664E-4 2.91383E-4 3.2243E-4 3.72794E-4 4.41666E-4 5.35073E-4 3.96707E-4 2.47329E-4 4.79939E-4 4.70129E-4 3.45416E-4 3.81653E-4 3.55223E-4 4.67846E-4 3.52448E-4 3.35479E-4 4.93785E-4 3.49461E-4 2.56597E-4 3.42102E-4 3.32406E-4 2.47906E-4 3.8296E-4 3.8787E-4 3.90102E-4 5.63783E-4 3.94348E-4 3.77495E-4 3.47582E-4 2.10934E-4 5.06965E-4 5.38889E-4 6.36132E-4 5.60423E-4 5.90785E-4 4.66763E-4 3.326E-4 5.34904E-4 4.9548E-4 5.73887E-4 5.85404E-4 4.17805E-4 6.61625E-4 6.09879E-4 3.54079E-4 4.6348E-4 3.82213E-4 6.87709E-4 4.93662E-4 2.46257E-4 3.60973E-4 2.968E-4 7.02359E-4 2.97713E-4 3.95934E-4 7.318E-4 4.10993E-4 3.76202E-4 3.44073E-4 3.536E-4 3.68454E-4 3.93048E-4 3.84968E-4 6.67666E-4 3.32154E-4 4.60695E-4 5.1771E-4 6.51655E-4 3.73487E-4 3.69812E-4 4.1381E-4 3.90481E-4 3.15156E-4 3.07316E-4 3.14867E-4 2.89903E-4 3.67736E-4 7.27483E-4 2.08814E-4 2.84747E-4 1.78182E-4 3.57499E-4 3.63396E-4 4.05202E-4 3.10428E-4 6.77467E-4 7.2734E-5 6.6908E-5 8.5001E-5 8.3777E-5 8.4861E-5 1.0022E-4 8.8573E-5 7.9786E-5 1.28312E-4 1.37096E-4 1.11662E-4 1.19113E-4 1.71508E-4 1.03494E-4 8.4417E-5 1.2484E-4 8.6843E-5 1.27876E-4 9.2144E-5 8.6288E-5 8.6839E-5 8.5552E-5 6.3162E-5 7.8619E-5 1.26521E-4 8.7659E-5 1.29677E-4 8.9202E-5 1.24373E-4 1.19953E-4 6.7976E-5 1.19229E-4 8.5807E-5 1.20905E-4 8.1247E-5 1.23236E-4 8.824E-5 8.4239E-5 9.6475E-5 8.7374E-5 1.3889E-4 8.2874E-5 1.20572E-4 9.0618E-5 1.39383E-4 9.012E-5 9.2574E-5 6.535E-5 1.25355E-4 8.6679E-5 3.54407E-4 3.66561E-4 3.79169E-4 3.83701E-4 3.66188E-4 2.39595E-4 2.62037E-4 3.54993E-4 3.76357E-4 3.5657E-4 6.64485E-4 3.99591E-4 4.34315E-4 4.15502E-4 4.04071E-4 5.36683E-4 4.09591E-4 4.57689E-4 3.15227E-4 4.55023E-4 3.71642E-4 6.30518E-4 6.58964E-4 3.96556E-4 3.28168E-4 4.6584E-4 5.7698E-4 5.48986E-4 4.6748E-4 6.50537E-4 6.35751E-4 7.47314E-4 2.98663E-4 3.73197E-4 2.59524E-4 4.845E-4 4.2687E-4 6.76735E-4 7.3298E-4 7.03257E-4 5.38442E-4 6.31058E-4 1.87656E-4 5.14269E-4 5.07218E-4 5.97206E-4 6.71338E-4 5.85622E-4 3.19233E-4 4.59787E-4 5.20049E-4 2.4838E-4 4.40061E-4 4.842E-4 3.77995E-4 3.56129E-4 4.37622E-4 3.01939E-4 4.36863E-4 3.78384E-4 4.20737E-4 2.64153E-4 3.22819E-4 1.86708E-4 3.97479E-4 4.73273E-4 4.14468E-4 5.75254E-4 7.24293E-4 2.4015E-4 3.63807E-4 6.07327E-4 5.08951E-4 2.76036E-4 2.78909E-4 2.31402E-4 5.96287E-4 2.89383E-4 4.60689E-4 4.8205E-4 6.45407E-4 4.44274E-4 7.09239E-4 5.04445E-4 5.12425E-4 7.73763E-4 8.62633E-4 8.03843E-4 4.7786E-4 7.46773E-4 3.29029E-4 7.55293E-4 2.78636E-4 7.67665E-4 3.85493E-4 7.118E-4 3.45461E-4 2.91312E-4 4.53754E-4 5.773E-4 8.53309E-4 4.37485E-4 4.96222E-4 4.01671E-4 6.59829E-4 5.8382E-4 3.58714E-4 4.39031E-4 4.53967E-4 4.26356E-4 3.89139E-4 3.04021E-4 2.25898E-4 6.22452E-4 5.82545E-4 2.84209E-4 4.75157E-4 4.92261E-4 3.58175E-4 4.74811E-4 4.53577E-4 2.70579E-4 5.49201E-4 4.97278E-4 8.06925E-4 8.79825E-4 4.32757E-4 6.82045E-4 3.77737E-4 5.14299E-4 4.50446E-4 3.78179E-4 5.26304E-4 7.48596E-4 7.39108E-4 3.64263E-4 6.08272E-4 5.47931E-4 4.20999E-4 4.87811E-4 8.00534E-4 7.8182E-4 8.63008E-4 4.69276E-4 2.53955E-4 4.95619E-4 5.109E-4 6.03899E-4 4.1851E-4 4.89999E-4 3.4277E-4 4.58948E-4 4.15618E-4 2.24921E-4 3.16522E-4 5.05244E-4 7.61666E-4 4.44137E-4 4.42569E-4 5.13085E-4 8.09397E-4 4.60063E-4 2.97161E-4 7.93062E-4 5.70944E-4 4.34188E-4 5.03861E-4 2.61574E-4 6.49338E-4 2.98746E-4 7.94479E-4 8.40998E-4 8.45382E-4 8.77343E-4 6.30524E-4 6.84485E-4 3.15365E-4 6.09825E-4 4.29142E-4 5.26962E-4 4.63606E-4 4.78547E-4 8.17497E-4 2.63064E-4 2.97125E-4 3.40831E-4 7.92007E-4 6.79668E-4 9.40946E-4 3.07065E-4 3.06764E-4 4.93952E-4 8.92498E-4 7.14016E-4 4.75354E-4 6.9776E-4 2.36976E-4 4.39849E-4 2.54726E-4 2.87039E-4 7.36469E-4 8.03738E-4 9.60328E-4 9.26301E-4 9.63176E-4 6.55015E-4 9.36642E-4 9.24587E-4 6.43629E-4 9.3436E-4 6.58145E-4 9.66348E-4 6.79027E-4 9.82423E-4 7.18038E-4 6.89948E-4 7.2171E-4 6.75553E-4 0.00105664 7.18794E-4 0.001035416 9.72418E-4 6.74999E-4 0.001045341 6.85426E-4 0.001009757 6.94784E-4 6.54882E-4 6.54756E-4 6.94113E-4 6.36267E-4 6.43437E-4 0.001069577 0.001046338 0.001034069 7.15705E-4 6.99867E-4 6.40077E-4 6.4438E-4 7.02201E-4 7.33468E-4 0.001020934 7.04736E-4 6.52652E-4 0.001001872 9.79501E-4 6.99098E-4 6.94816E-4 0.00100323 9.76615E-4 0.001018569 7.2258E-4 6.34609E-4 9.94745E-4 6.75358E-4 6.7439E-4 9.79455E-4 0.001026603 9.47161E-4 6.86327E-4 0.001013851 6.76027E-4 7.06106E-4 0.001036451 0.001029003 0.001065 6.76437E-4 0.001010498 6.88111E-4 0.001054345 9.77525E-4 6.88744E-4 6.66292E-4 9.84962E-4 9.60973E-4 9.70829E-4 9.46809E-4 6.82192E-4 0.001063945 7.10904E-4 6.69373E-4 6.86171E-4 9.82211E-4 0.001000347 7.14229E-4 0.001021232 7.48231E-4 6.45814E-4 6.67713E-4 9.86675E-4 9.73053E-4 7.06907E-4 6.79457E-4 6.50389E-4 6.69202E-4 6.69399E-4 6.59297E-4 6.88113E-4 6.40152E-4 6.26116E-4 6.55996E-4 0.002117117 9.6897E-4 9.84254E-4 7.14729E-4 6.98382E-4 6.82219E-4 6.84595E-4 0.001006033 7.01633E-4 6.63855E-4 0.001005473 9.71325E-4 6.8573E-4 0.001045565 0.001027136 9.68153E-4 6.6961E-4 6.52976E-4 6.88309E-4 6.56088E-4 9.94929E-4 6.71003E-4 9.90315E-4 9.69102E-4 9.97177E-4 9.84689E-4 0.001011793 9.60333E-4 7.26824E-4 0.001012513 9.88984E-4 7.45687E-4 6.5367E-4 0.001024524 9.86128E-4 7.17882E-4 6.56888E-4 6.43356E-4 0.00100648 0.001031049 7.21005E-4 6.72096E-4 6.81411E-4 6.42669E-4 9.86276E-4 7.10108E-4 0.001065857 6.61339E-4 6.53331E-4 7.03461E-4 9.97864E-4 7.17606E-4 9.75032E-4 9.67567E-4 9.69151E-4 6.83172E-4 0.001034469 7.0423E-4 6.19E-4 6.35975E-4 6.53193E-4 0.001032602 9.93787E-4 0.001000613 7.82395E-4 6.44278E-4 0.001009846 0.001041257 6.75665E-4 9.69325E-4 9.77419E-4 0.001010828 9.77921E-4 9.88873E-4 9.83262E-4 9.67378E-4 9.77154E-4 9.98791E-4 0.001004177 7.14494E-4 6.94022E-4 9.95578E-4 0.001029496 7.44296E-4 6.80039E-4 7.18173E-4 0.001007436 0.001104643 0.001008753 7.79066E-4 6.75294E-4 6.75245E-4 9.7431E-4 6.6572E-4 9.88285E-4 7.22359E-4 6.75346E-4 6.97738E-4 6.47373E-4 6.36173E-4 6.57028E-4 6.51156E-4 0.001021968 9.84896E-4 9.98647E-4 0.001001896 0.001157557 9.97528E-4 9.95878E-4 6.77792E-4 6.56994E-4 6.52182E-4 0.001010792 7.07513E-4 0.001021327 6.96481E-4 9.83419E-4 0.00101676 6.91878E-4 6.58454E-4 0.001045753 7.14435E-4 0.00102069 9.37951E-4 6.90485E-4 6.47884E-4 0.001032347 6.76219E-4 9.78659E-4 6.65021E-4 0.001125612 6.72011E-4 0.001162264 8.17389E-4 7.83352E-4 8.08722E-4 7.55523E-4 0.001153663 8.04214E-4 0.001132996 8.32152E-4 0.001197325 7.57967E-4 7.26225E-4 0.001082169 7.09496E-4 9.94835E-4 6.88809E-4 0.00100402 7.3101E-4 0.001016168 9.81818E-4 9.94202E-4 9.77136E-4 6.87039E-4 9.70086E-4 9.84949E-4 7.12886E-4 9.72492E-4 9.69756E-4 7.00534E-4 6.77656E-4 0.001070133 0.001087924 6.88089E-4 6.24034E-4 6.52166E-4 9.8572E-4 6.70647E-4 6.77303E-4 0.001075431 0.001270656 0.001013735 8.26556E-4 0.001034795 9.7989E-4 0.001066237 0.001068816 9.70869E-4 8.24271E-4 0.001069838 9.85469E-4 0.001082725 0.001117892 7.52244E-4 0.001109104 8.09567E-4 7.96766E-4 0.001087617 0.001009825 0.001026944 8.60887E-4 0.001053203 7.61019E-4 7.46199E-4 7.20027E-4 0.001123248 7.55602E-4 0.001091603 0.001038218 7.69577E-4 0.001004166 0.001091202 7.82367E-4 0.001039271 0.001089929 0.001051968 8.3549E-4 7.56345E-4 7.96525E-4 7.60734E-4 8.07433E-4 0.001073365 7.80316E-4 7.43863E-4 7.8834E-4 0.001060606 7.99357E-4 0.00100245 8.06244E-4 7.28715E-4 7.71648E-4 0.001114144 7.40062E-4 7.94845E-4 7.47905E-4 0.001070456 9.96848E-4 7.67694E-4 7.75481E-4 7.65336E-4 7.45225E-4 7.10709E-4 7.99657E-4 0.001010336 8.59821E-4 7.73314E-4 7.15951E-4 0.001018284 9.95508E-4 8.01626E-4 0.00109169 9.92204E-4 0.001044621 0.001078133 6.75578E-4 6.53702E-4 6.25045E-4 6.58238E-4 6.8793E-4 0.001101081 0.001048879 0.001064819 6.73466E-4 6.22647E-4 6.57712E-4 0.001089316 7.05875E-4 6.38308E-4 0.001062729 6.87832E-4 6.51341E-4 6.46942E-4 0.001096282 6.80982E-4 0.001065956 6.733E-4 6.41247E-4 0.001062523 0.001065965 0.0010575 0.001075081 6.81273E-4 6.6774E-4 0.001048981 0.001059912 6.9884E-4 0.001117968 0.001172831 0.001142752 8.01104E-4 0.001089639 0.001088223 0.001091443 6.50892E-4 6.87918E-4 0.001073262 0.001063098 0.001059122 0.001046454 7.00225E-4 6.69319E-4 0.001079601 6.71573E-4 6.71184E-4 6.40501E-4 0.001090175 0.001070879 7.03684E-4 0.00106073 0.00105958 6.46975E-4 0.0010575 6.67343E-4 6.74089E-4 0.001078775 0.001063477 6.63091E-4 6.91919E-4 6.94885E-4 6.77132E-4 6.47655E-4 6.43265E-4 6.67174E-4 6.54911E-4 0.001039668 6.51055E-4 0.001061672 6.85E-4 6.65342E-4 6.5004E-4 6.42762E-4 0.001095892 0.001053516 0.00110194 6.60655E-4 0.001082407 6.86233E-4 6.27561E-4 0.00108007 6.83259E-4 0.001098172 6.66541E-4 0.001043833 7.10789E-4 0.001123171 6.61548E-4 0.00110717 0.001070467 6.70511E-4 6.63962E-4 0.001113054 0.001064194 6.6532E-4 6.57668E-4 6.40089E-4 0.001047009 6.65816E-4 0.001099592 0.001139441 0.001099951 0.001047548 6.60953E-4 0.001051748 0.001046243 6.50062E-4 0.001110137 6.8971E-4 6.38846E-4 0.001086923 6.99865E-4 6.6942E-4 0.001104592 7.02646E-4 7.04146E-4 0.001066735 0.001055516 6.98783E-4 6.59918E-4 0.001070543 0.001046882 7.09518E-4 6.98049E-4 0.001097742 6.7295E-4 0.001095044 0.001074324 0.001070286 0.001051983 6.81189E-4 0.001071752 0.001050365 0.001092844 6.99212E-4 0.00109622 7.06039E-4 0.001218261 0.001104613 0.001042376 6.54389E-4 6.72544E-4 6.96308E-4 0.001111435 0.001098823 6.72815E-4 0.001080425 6.83024E-4 6.40083E-4 0.001170377 6.60254E-4 6.83935E-4 6.83059E-4 0.001085181 0.001091051 6.62981E-4 6.80837E-4 0.00108011 6.80287E-4 0.001106999 6.78278E-4 0.001122139 0.00105175 0.001050016 0.001092813 0.001048033 6.82112E-4 0.001118576 6.68175E-4 6.654E-4 0.001099098 6.84865E-4 6.91804E-4 6.45805E-4 6.30886E-4 0.001078555 6.46874E-4 6.5705E-4 0.001101979 0.001040882 6.56585E-4 0.001067368 0.001025667 0.001030026 0.001083166 0.001049795 6.94905E-4 0.001075042 6.70946E-4 6.6325E-4 0.001103994 0.001059419 0.001053957 0.001060247 6.78036E-4 6.54E-4 0.00119478 0.001033897 0.001030183 7.09551E-4 0.001089352 0.001061639 6.457E-4 0.001055625 6.48422E-4 6.42141E-4 6.4996E-4 6.52495E-4 0.001051726 0.001050977 0.001032048 7.00654E-4 6.98141E-4 0.001120225 0.001064447 0.001065817 0.001049624 6.644E-4 0.001123539 7.17078E-4 6.47937E-4 0.001043966 0.001076156 0.00108257 6.73614E-4 6.67016E-4 6.43524E-4 6.28056E-4 0.001084969 0.001062804 0.0010934 0.001227866 0.001180944 0.001278293 0.001282141 0.001244911 8.08182E-4 7.6607E-4 0.001258088 0.001140881 0.001098715 6.93811E-4 0.001160338 7.08819E-4 0.001093063 0.001047969 0.001181825 6.7954E-4 0.001082957 0.001041913 0.001154365 0.001091927 0.001064136 0.001065883 0.001074602 0.001054097 0.001081625 0.001057393 0.001074762 6.68368E-4 0.001075009 0.001097777 6.71178E-4 0.001077965 0.001206201 7.09295E-4 0.00107213 0.001077805 0.001101361 0.001047062 6.67838E-4 6.90619E-4 6.54529E-4 0.001084863 6.72867E-4 0.001147259 0.001044731 0.001111333 0.001027718 6.76832E-4 6.26739E-4 0.001050812 6.52238E-4 0.00106693 6.8546E-4 6.22849E-4 0.001113492 0.001041945 0.00116764 0.001048077 7.1784E-4 6.92777E-4 6.71914E-4 0.001092415 6.81634E-4 6.38091E-4 6.20348E-4 6.46339E-4 6.38406E-4 6.40943E-4 6.56148E-4 7.84652E-4 0.001066634 0.001123463 0.001037857 6.46174E-4 0.001072292 6.71715E-4 0.001062964 6.55804E-4 0.001070039 0.001066361 6.83654E-4 0.001073247 0.001080875 6.88864E-4 6.53117E-4 6.67504E-4 6.45227E-4 6.45267E-4 6.41214E-4 0.001064017 0.00106203 6.79715E-4 6.97672E-4 0.001065499 6.82946E-4 0.001097476 6.93111E-4 6.73456E-4 6.85245E-4 6.65243E-4 6.52638E-4 0.001100287 6.97213E-4 6.48774E-4 0.001102998 7.04589E-4 6.67382E-4 6.58384E-4 6.82421E-4 7.19959E-4 0.001102526 7.34174E-4 0.001079569 6.84766E-4 6.38562E-4 0.001084203 0.001064144 6.52381E-4 6.38354E-4 0.001054005 6.84481E-4 6.93681E-4 6.48969E-4 6.43108E-4 0.001081332 0.001051271 0.001069712 6.87632E-4 6.63771E-4 6.67205E-4 0.00108496 6.67385E-4 6.87731E-4 6.67584E-4 6.63906E-4 6.35566E-4 6.51825E-4 0.001096695 0.001061105 0.001105511 0.001064551 0.001136194 7.06289E-4 0.001131656 0.001157187 0.001079266 0.001060676 6.64061E-4 0.001043204 0.00104163 6.53983E-4 6.32751E-4 0.001059999 6.58109E-4 6.84954E-4 6.37653E-4 0.001085346 6.70587E-4 6.54931E-4 6.61876E-4 6.84711E-4 0.001078721 0.001045342 6.77472E-4 6.68503E-4 6.69816E-4 0.001073486 6.59632E-4 7.01223E-4 6.91373E-4 0.001040797 6.52984E-4 6.30122E-4 6.22211E-4 6.30073E-4 6.6547E-4 6.49722E-4 0.001057473 6.78837E-4 0.001050645 0.001082794 7.01127E-4 6.69177E-4 0.001091826 6.58852E-4 0.001122445 7.74392E-4 0.001069577 0.00109529 0.001053195 6.94406E-4 0.00105388 6.63892E-4 0.001049748 0.001041588 0.00105591 0.001085279 6.4963E-4 0.001091799 0.001054317 6.62578E-4 7.09008E-4 6.92644E-4 0.001087266 7.40029E-4 6.38996E-4 6.9027E-4 6.4975E-4 0.001078751 0.001107379 0.001098255 6.68673E-4 6.44042E-4 0.001076732 0.001050316 6.8898E-4 0.001075734 0.001049564 6.51292E-4 6.47875E-4 0.001120453 0.001096214 0.001071024 0.00106857 6.82334E-4 0.001082625 6.66389E-4 0.001087633 0.001101568 0.001043061 0.001073125 6.62663E-4 6.38674E-4 6.70306E-4 6.95299E-4 6.61827E-4 6.74254E-4 6.50162E-4 7.05078E-4 6.43549E-4 6.37904E-4 6.88403E-4 6.40444E-4 6.75788E-4 0.001081361 6.82253E-4 0.001110421 6.60718E-4 6.44222E-4 0.001216808 6.56726E-4 0.001056239 7.04918E-4 6.62856E-4 7.25021E-4 6.55824E-4 6.31148E-4 6.43492E-4 0.001089991 6.77804E-4 6.85899E-4 6.66664E-4 7.68778E-4 0.00107185 0.001068837 0.001076758 6.55329E-4 0.00105178 0.001106102 6.94092E-4 6.69046E-4 0.001124971 6.99963E-4 6.27205E-4 0.001079989 6.72358E-4 0.001065667 0.00110904 6.9192E-4 6.38469E-4 6.72593E-4 0.001104307 0.001096977 6.64953E-4 6.7458E-4 0.001064947 6.66458E-4 0.001059486 6.78895E-4 0.001106938 6.87943E-4 0.001118089 0.001053732 0.001036604 7.19307E-4 6.54259E-4 0.001056906 6.74276E-4 0.001116611 7.07684E-4 0.001058384 0.001079833 7.24132E-4 0.001081508 7.08988E-4 6.4085E-4 0.00110007 6.8864E-4 6.95643E-4 0.001087812 6.94534E-4 6.42746E-4 6.49006E-4 6.57096E-4 0.001089126 0.001091595 7.0394E-4 6.29189E-4 6.42007E-4 0.00106515 0.001038806 7.02469E-4 0.001097928 6.79612E-4 0.001079212 0.001040379 7.07886E-4 0.001081114 6.6132E-4 6.56814E-4 0.001117847 0.001053945 0.001077582 0.00108732 0.001098624 6.74747E-4 6.49621E-4 0.001101456 0.001087927 6.63605E-4 6.50678E-4 6.48864E-4 6.33568E-4 6.58557E-4 6.73694E-4 0.001091069 6.71114E-4 6.36042E-4 6.45791E-4 6.53574E-4 0.001043718 6.56565E-4 0.001086913 0.001122702 7.08158E-4 6.56784E-4 6.32874E-4 0.001102433 7.19449E-4 6.94929E-4 0.001056967 6.75842E-4 0.001073183 6.80714E-4 6.50958E-4 6.81735E-4 0.001061218 0.00105369 0.001119412 0.00127609 0.001066629 0.001050952 0.001074691 6.47748E-4 8.20197E-4 6.53541E-4 6.39882E-4 0.001059434 0.001053486 0.00105475 0.001053657 0.001114794 0.001100245 0.001076207 0.001045394 6.88358E-4 0.001082132 7.2106E-4 0.001053626 6.66596E-4 6.64957E-4 6.62627E-4 6.49605E-4 6.41933E-4 0.001079912 0.001054166 6.78845E-4 0.001057815 6.86963E-4 6.81196E-4 6.60218E-4 6.77271E-4 0.001080834 0.001052247 0.001079279 0.001058923 6.82112E-4 0.001126204 0.001069735 0.001064109 7.00314E-4 6.51616E-4 0.001087705 0.001049591 0.001062294 7.11635E-4 0.001089808 0.001068304 0.001068994 0.001061578 0.001064625 0.001078275 0.001150978 0.001064695 6.76031E-4 0.001120542 6.62092E-4 6.56248E-4 6.42448E-4 0.001124901 0.001046291 6.6919E-4 0.001078586 6.7656E-4 0.001079044 0.001062934 0.001275681 0.001062511 0.001103961 6.58247E-4 6.34798E-4 0.001107494 0.00104085 0.001088338 0.001082189 0.001111853 0.001085768 0.001038674 6.63869E-4 6.78822E-4 0.001070927 0.001041443 0.001055841 6.55425E-4 6.73908E-4 0.001151032 0.001089742 0.001050059 0.001050836 0.001087273 7.0766E-4 0.001071496 0.001101918 6.70355E-4 0.001070733 6.73261E-4 6.44002E-4 0.001052608 0.001085477 0.001084841 6.35501E-4 0.001068754 0.001060113 0.001100851 0.001045568 6.65363E-4 6.39664E-4 0.001062977 0.001057565 6.51388E-4 0.001075554 0.001085774 0.001082316 0.001070069 0.001090566 0.001069871 6.71328E-4 0.001061105 0.001030506 0.001061299 6.95485E-4 6.69136E-4 0.001065525 6.49776E-4 7.03846E-4 6.39107E-4 0.001144034 0.001061121 7.00948E-4 7.33139E-4 0.001081327 6.8851E-4 0.001159052 0.001214173 0.001145426 6.76022E-4 0.001096644 6.81095E-4 6.82313E-4 6.77812E-4 0.00109327 6.76915E-4 6.68086E-4 6.63676E-4 0.001084732 0.0010894 0.001053611 6.89533E-4 0.001077618 0.001063546 6.72066E-4 6.3946E-4 0.001076719 6.83699E-4 0.001071181 0.001054734 6.55737E-4 6.51855E-4 6.6832E-4 0.001078945 6.7486E-4 0.00109631 6.68609E-4 0.001095556 0.001062083 0.001054298 0.001057215 6.79922E-4 6.49208E-4 0.001090939 0.001031215 0.001061888 6.64442E-4 6.58375E-4 0.001088248 0.001107481 6.75005E-4 6.86229E-4 6.30787E-4 0.001052533 6.63632E-4 0.001077456 0.001067184 6.60906E-4 0.001098455 0.001099046 0.001043754 0.001095926 6.72106E-4 6.39237E-4 7.25625E-4 6.97156E-4 0.001079297 7.03965E-4 0.001071636 0.00105531 6.94068E-4 6.96706E-4 7.14172E-4 6.6096E-4 0.001085263 6.58996E-4 6.54598E-4 6.13527E-4 6.44899E-4 0.001108933 6.46835E-4 0.001040154 6.67942E-4 6.8341E-4 6.56757E-4 6.8928E-4 0.001078323 6.90847E-4 6.34676E-4 0.001071965 0.001039051 0.001055926 6.65311E-4 0.001089603 7.29318E-4 0.001056028 6.99169E-4 6.28785E-4 6.47812E-4 0.001112948 0.001094909 6.6274E-4 0.001130678 7.01095E-4 0.001121246 0.001071141 0.001151111 0.001062802 0.001070887 6.61907E-4 0.001079535 6.57692E-4 0.001062203 0.001078555 0.001096788 0.001063805 0.001083791 0.001043698 0.001043905 0.001085523 7.09432E-4 0.001099026 0.001049131 6.66284E-4 6.3633E-4 0.001074799 0.001134549 7.18611E-4 0.001137732 0.00106506 0.001106069 6.89685E-4 6.74182E-4 6.56176E-4 0.00111069 0.001057753 0.001071002 0.001128928 0.00108028 0.001071878 6.71544E-4 0.001091177 0.001082848 6.87266E-4 0.001108425 0.001093617 6.85402E-4 6.7445E-4 0.001079304 7.23043E-4 0.001092902 6.96948E-4 6.43146E-4 0.001204238 0.001071381 0.001099811 0.001097974 6.65433E-4 0.001222937 0.001056872 0.001073493 0.001088714 7.33349E-4 0.001093815 0.001070858 0.0010858 6.85519E-4 0.001243947 0.001081272 0.001086871 6.7407E-4 0.001087293 0.001167921 0.00110894 6.70527E-4 6.61748E-4 0.001113163 0.001038816 0.001115752 0.001077145 0.001044012 6.69915E-4 0.001081511 0.001136353 7.23427E-4 6.93655E-4 0.001131026 7.3472E-4 0.001173863 0.00122947 0.001279989 8.3689E-4 8.01157E-4 7.91382E-4 0.001345566 0.001132026 0.001067273 6.69997E-4 7.06676E-4 0.001085161 0.001096006 0.001035539 7.31E-4 6.83303E-4 6.68373E-4 7.26852E-4 0.001102256 7.21813E-4 6.94865E-4 7.05442E-4 6.75191E-4 6.73005E-4 0.001106543 0.001111036 0.00110445 0.001114939 7.08312E-4 6.88138E-4 6.48567E-4 0.001135709 0.001078675 0.001067101 6.7012E-4 6.63173E-4 0.001089329 7.35032E-4 6.88373E-4 7.10461E-4 0.001106256 0.001088994 6.79002E-4 0.001165536 0.001098872 0.001092526 0.001081641 0.001070353 7.14247E-4 0.00108994 6.8182E-4 6.57894E-4 6.75732E-4 6.85064E-4 7.06321E-4 6.73518E-4 6.64983E-4 6.78543E-4 0.001129779 0.001130182 6.80979E-4 6.80831E-4 6.52279E-4 6.69485E-4 0.001054733 0.001105797 6.67889E-4 7.03446E-4 0.001105939 7.13997E-4 0.001122131 0.001066722 7.05713E-4 0.001079196 6.89854E-4 0.001103493 7.36091E-4 6.82604E-4 6.65897E-4 6.83137E-4 0.001095288 0.001080159 7.03493E-4 6.60975E-4 0.001157189 0.001103352 0.001083568 0.001080682 0.0010807 0.001056033 6.78974E-4 6.79306E-4 6.61382E-4 6.46468E-4 6.72048E-4 0.00109015 7.15361E-4 6.95158E-4 0.001132645 7.48169E-4 0.001098921 0.00118552 0.001093096 0.001080883 6.88514E-4 6.58735E-4 6.83294E-4 6.88706E-4 6.69943E-4 0.001090733 6.84893E-4 0.001102431 7.01792E-4 0.001082829 7.13166E-4 6.8721E-4 0.001045408 0.001122388 0.001112112 0.001137082 7.17876E-4 0.001106025 6.97874E-4 0.001104637 7.49721E-4 0.001138373 7.56856E-4 7.43457E-4 0.001149942 0.001535946 0.001109854 0.001574744 6.90098E-4 6.55389E-4 0.001111133 6.94995E-4 6.95719E-4 6.771E-4 0.00109147 7.05006E-4 0.001071572 6.89335E-4 6.8139E-4 6.74456E-4 0.001105639 7.15008E-4 0.001071743 7.13726E-4 6.72821E-4 0.001089439 0.001120091 0.001063044 6.72149E-4 0.001077134 7.22475E-4 7.12687E-4 0.001118661 0.00110482 0.001652492 0.001135423 6.69237E-4 6.92232E-4 6.63351E-4 6.46506E-4 0.001100737 6.85662E-4 6.96463E-4 6.61257E-4 0.001137188 0.001075451 7.25239E-4 0.001073698 0.001099919 0.001103377 7.29969E-4 0.001120148 0.001124374 0.001086468 0.00108258 6.73793E-4 0.001104963 7.23788E-4 6.49241E-4 0.001090108 0.001100723 7.50006E-4 0.001127398 0.001070649 6.81518E-4 0.001088027 6.79327E-4 6.89321E-4 0.00110963 0.001087672 0.001091676 6.66305E-4 0.001102106 0.001089191 0.001135307 6.9629E-4 6.60673E-4 6.69479E-4 0.001102758 8.6606E-4 7.12257E-4 0.001074603 0.001081552 0.001120394 0.001066988 6.60492E-4 0.00109731 0.001075212 7.0175E-4 6.57213E-4 0.001132196 7.11975E-4 0.001087693 7.48746E-4 0.001149279 6.76668E-4 0.001149753 0.001066232 0.001381107 0.001103102 6.86414E-4 0.001131431 6.98529E-4 0.001120784 0.001134188 7.02416E-4 6.57008E-4 0.001122172 0.001092261 7.5966E-4 0.001074075 6.97723E-4 6.8198E-4 0.001091275 7.4966E-4 0.001121469 7.03619E-4 6.77731E-4 6.77358E-4 6.68893E-4 0.001083909 6.8785E-4 0.001087217 0.001070468 7.14861E-4 0.001135644 0.001106515 7.09911E-4 6.60831E-4 0.001118915 0.00112025 6.93895E-4 0.001131652 7.53857E-4 7.32302E-4 6.90257E-4 0.001089235 6.94624E-4 0.001107556 6.95151E-4 0.001076558 6.9999E-4 0.001100669 6.77566E-4 6.98008E-4 6.65002E-4 0.00114477 6.84188E-4 0.001077195 6.84181E-4 6.6808E-4 6.94143E-4 7.05279E-4 6.69294E-4 0.001136248 0.001057056 0.001082507 0.001134127 0.001080156 6.906E-4 0.001102838 7.27453E-4 0.00109868 6.94962E-4 6.68716E-4 6.4463E-4 6.74371E-4 0.001124391 6.81304E-4 0.001084657 6.91942E-4 0.001106991 7.42195E-4 0.001154214 7.33685E-4 0.00110619 0.001067566 0.001066529 0.001110205 0.001080281 9.04029E-4 0.001120775 7.58642E-4 7.43966E-4 0.001139737 0.00108024 6.94121E-4 0.001088652 7.06345E-4 0.001090893 0.001127219 0.001090747 0.001119925 0.001093293 0.001101406 7.22051E-4 0.001131182 0.001061581 9.12052E-4 0.001087795 6.94155E-4 0.001120082 7.05541E-4 0.001095128 7.02959E-4 6.93684E-4 6.63729E-4 6.91373E-4 6.76669E-4 6.58142E-4 7.09315E-4 6.47159E-4 0.001092528 0.001080113 7.15727E-4 0.001121896 0.001065698 0.001081408 6.88848E-4 0.001162052 0.001096938 6.79201E-4 0.001090683 0.001119843 6.99654E-4 6.79886E-4 6.62646E-4 6.95838E-4 0.001114052 7.11364E-4 6.7009E-4 6.65E-4 6.68802E-4 0.00110444 0.001060325 7.14148E-4 0.001087861 0.001086109 0.001090199 0.001072819 6.74675E-4 0.001090293 0.001062909 0.001063988 7.02878E-4 0.001082042 0.001158916 6.7171E-4 0.001066358 0.001091812 0.001084625 7.04522E-4 0.001149065 6.82262E-4 7.11517E-4 0.001132422 6.70866E-4 6.72719E-4 0.001083068 0.001082131 7.03987E-4 0.001115217 0.001087939 6.71018E-4 6.55036E-4 6.92665E-4 0.001096182 0.001098067 6.85257E-4 6.65011E-4 0.001081579 0.001080412 0.001106499 0.001115953 6.92528E-4 0.001138784 0.001101265 6.93082E-4 6.5843E-4 6.64221E-4 0.001072714 0.001058644 7.40429E-4 6.57508E-4 6.75183E-4 6.63561E-4 0.001113155 0.001070051 7.05797E-4 0.001119245 0.001170162 7.06449E-4 6.40236E-4 7.29599E-4 6.793E-4 0.001128823 7.22338E-4 6.91884E-4 7.21527E-4 0.001151057 0.001090221 0.001101605 0.001102773 6.75182E-4 6.65723E-4 6.89057E-4 6.55561E-4 6.7553E-4 6.58581E-4 7.09257E-4 0.001113222 6.89165E-4 6.41414E-4 0.001105749 0.001104287 9.57322E-4 0.001104714 7.20196E-4 0.001201587 7.51366E-4 0.001123246 7.28498E-4 6.54328E-4 0.0011258 0.001097186 6.99916E-4 6.76139E-4 0.001068009 0.00107887 6.85736E-4 0.001124696 6.87976E-4 0.001097843 0.001160379 6.99334E-4 6.88967E-4 0.001111051 7.08837E-4 0.001090453 0.001063118 7.1397E-4 6.89407E-4 0.001121653 6.90381E-4 0.00108756 6.77256E-4 0.001092448 7.02682E-4 6.61942E-4 6.62221E-4 6.71312E-4 6.91843E-4 0.001150024 6.91048E-4 0.001108842 6.95561E-4 0.001089887 0.00108002 6.73296E-4 6.71369E-4 6.92906E-4 6.83492E-4 6.61326E-4 6.60027E-4 6.7779E-4 0.001150933 6.83459E-4 7.17178E-4 6.61508E-4 0.001073009 0.001080673 0.001064859 7.09914E-4 7.10357E-4 0.001160083 0.00111394 6.67836E-4 0.001064036 0.001071346 0.001096347 6.82784E-4 0.001099854 0.00110128 0.001064142 7.47806E-4 0.001142045 0.001117862 0.001060361 7.57695E-4 0.001084162 7.21807E-4 0.001135905 6.69424E-4 0.001131373 0.001116365 7.02489E-4 7.48671E-4 6.8155E-4 6.66339E-4 0.001081375 0.001105073 7.11375E-4 7.05374E-4 0.001126843 0.0011042 6.88917E-4 6.59278E-4 0.001133215 7.04446E-4 6.59084E-4 6.60212E-4 6.65242E-4 6.6331E-4 6.55812E-4 6.897E-4 6.53033E-4 0.001127589 6.97204E-4 6.64525E-4 0.001131223 7.20605E-4 8.19034E-4 6.63959E-4 6.44016E-4 6.92995E-4 7.30095E-4 0.001128772 0.001116585 0.001240662 6.83126E-4 0.001158139 7.34972E-4 6.61935E-4 6.76271E-4 0.001084522 7.14572E-4 0.001098156 7.12096E-4 0.00108166 6.88552E-4 6.59714E-4 6.52634E-4 0.001070822 6.76398E-4 0.001091485 7.15412E-4 7.1811E-4 6.59781E-4 6.50928E-4 0.001104794 0.001074919 0.001090225 0.00110427 7.35134E-4 6.7654E-4 7.10406E-4 6.59087E-4 0.001121004 0.001079802 0.001049686 0.001127083 0.001155385 6.65118E-4 6.64988E-4 0.001096764 0.00109135 6.73846E-4 7.31533E-4 6.89722E-4 0.001081782 0.001077276 7.00771E-4 6.87849E-4 0.001171543 7.12284E-4 7.57062E-4 0.001099358 6.92073E-4 0.001112314 0.001085506 0.001095354 6.71926E-4 6.66897E-4 6.99366E-4 6.81252E-4 0.001097976 7.04192E-4 0.001076077 0.001140494 0.001082888 7.1363E-4 6.88704E-4 0.001124815 0.001101549 7.30586E-4 0.0011068 0.001097582 6.92947E-4 0.001128733 6.67253E-4 6.77351E-4 7.34684E-4 7.21503E-4 0.001148522 0.001443293 8.86149E-4 0.001159911 7.04047E-4 6.55545E-4 6.4825E-4 6.49575E-4 6.52255E-4 7.43924E-4 0.001006496 7.44588E-4 0.0011609 0.001107944 0.001078398 7.00337E-4 6.83074E-4 0.001108336 7.29375E-4 0.001082443 0.001107782 6.93452E-4 8.17893E-4 0.001204354 6.82164E-4 6.66045E-4 6.89119E-4 0.001106057 0.001070947 0.00111825 6.83236E-4 6.85645E-4 7.1524E-4 0.00109826 7.10008E-4 0.001138287 6.99532E-4 0.001095685 0.001076018 0.001043871 0.001046347 7.06091E-4 0.001107173 7.38752E-4 0.001103787 6.8241E-4 6.5897E-4 0.00108107 0.001082783 7.13665E-4 7.0247E-4 6.70167E-4 0.001076992 6.87262E-4 0.001083643 7.15908E-4 7.08381E-4 7.02814E-4 0.001178586 0.001063944 6.59163E-4 0.001119182 0.00107798 6.94633E-4 6.64808E-4 0.001111357 0.001116827 7.45546E-4 6.67471E-4 0.001225291 7.31476E-4 6.72944E-4 0.001105875 0.00108274 6.94802E-4 0.00112228 6.81753E-4 0.001119962 0.001096714 7.17893E-4 6.95169E-4 7.27656E-4 0.001104283 0.001111809 6.7195E-4 0.001128003 6.78055E-4 7.05389E-4 6.83634E-4 0.001125977 0.001100465 7.30496E-4 6.53551E-4 6.93468E-4 6.65882E-4 0.001119386 6.74406E-4 6.79983E-4 7.06033E-4 7.20721E-4 0.001154588 0.001066357 7.08571E-4 6.60934E-4 6.88919E-4 6.795E-4 6.56E-4 0.001111279 6.82463E-4 0.001089771 0.00122024 0.001142562 0.001095696 0.001186343 0.001075704 0.001111471 0.001095068 6.71994E-4 0.001076159 0.00105767 0.001070693 7.26537E-4 6.81126E-4 0.001116494 0.001062639 0.001075853 6.98102E-4 0.001114282 6.91134E-4 6.67957E-4 0.001095988 0.001091505 0.001088092 0.001108094 7.07053E-4 0.001072016 6.83968E-4 6.50919E-4 0.001078333 6.71833E-4 0.001106314 7.09846E-4 0.001064581 0.001110133 0.001137812 6.80222E-4 0.001067431 6.9797E-4 6.89522E-4 6.92566E-4 0.001125782 0.001089941 0.001063687 6.79391E-4 0.001119737 0.001091056 0.001051392 7.07954E-4 6.8485E-4 0.001115871 7.09726E-4 6.67915E-4 6.46037E-4 7.04466E-4 0.001091851 0.001121537 7.15148E-4 0.00114756 0.001070454 0.001091121 7.02602E-4 6.76783E-4 6.6211E-4 0.001063546 7.07308E-4 6.535E-4 0.0011059 0.001117327 0.001072498 0.001169783 0.001207345 7.04245E-4 6.52642E-4 0.001108228 0.001085568 0.001096224 0.001083351 7.07821E-4 0.001106216 6.94959E-4 7.12416E-4 0.001122148 6.96512E-4 7.23128E-4 0.0011258 7.14164E-4 0.001088476 0.001080079 7.43839E-4 6.87165E-4 0.001126928 0.001080736 6.97564E-4 6.74051E-4 0.001126467 6.71949E-4 0.00110522 0.001172485 7.03816E-4 0.001108379 6.92798E-4 6.8877E-4 0.00109437 7.00183E-4 0.001020385 6.549E-4 6.98278E-4 0.001106121 6.92727E-4 0.001118074 0.001135971 7.21745E-4 6.88834E-4 6.68129E-4 6.73324E-4 0.001101653 0.001080855 0.001107944 6.93841E-4 6.67112E-4 6.82549E-4 0.001124473 7.72197E-4 0.001094749 0.001077807 0.001083576 6.82703E-4 0.001108015 0.001104919 6.6421E-4 0.001113582 7.11857E-4 6.56873E-4 7.11586E-4 0.001085529 0.001074748 0.001088366 8.64193E-4 0.00140012 0.001341325 7.83424E-4 7.1151E-4 7.24135E-4 6.84472E-4 0.001113456 0.001078245 0.001081001 0.001118215 7.34277E-4 6.53807E-4 0.001084419 0.001096282 0.001096717 0.00111304 7.01687E-4 0.001112988 6.75077E-4 0.001147021 6.84179E-4 6.91204E-4 7.55152E-4 7.10931E-4 0.001098937 0.001091088 0.001119242 6.90463E-4 6.60557E-4 6.53674E-4 7.19128E-4 7.10909E-4 0.001100221 6.92087E-4 0.001086056 0.001076445 7.38363E-4 6.81112E-4 0.001112939 0.001162706 0.001133234 0.001160625 0.001112558 7.42127E-4 0.001105727 7.67306E-4 0.001089566 7.09072E-4 6.69003E-4 6.69008E-4 0.00111199 0.001133418 0.001121336 7.32786E-4 7.6127E-4 6.64908E-4 7.09343E-4 6.70532E-4 6.39362E-4 0.001078014 6.89324E-4 6.91856E-4 6.61877E-4 6.92329E-4 0.001276034 0.001074008 0.001097578 6.90281E-4 6.79239E-4 7.12756E-4 6.78002E-4 6.80461E-4 6.97799E-4 0.00108756 0.001085471 0.00109739 6.87613E-4 0.001073338 6.85108E-4 0.001124369 6.66726E-4 0.001101025 0.00108652 6.72497E-4 6.93008E-4 0.001078531 0.001085565 8.16453E-4 6.72376E-4 6.62588E-4 0.00110642 7.01372E-4 0.001095773 0.001079471 6.63537E-4 0.001123382 6.75898E-4 0.001089252 7.22524E-4 6.81209E-4 6.80167E-4 0.001110623 6.76693E-4 6.45177E-4 0.001087893 0.001090202 6.86848E-4 6.36131E-4 6.65396E-4 9.3431E-5 6.84299E-4 0.001090076 0.00109011 0.00107457 6.52018E-4 0.001080236 7.26002E-4 0.001078624 0.001062614 0.001047399 0.001072285 7.01143E-4 6.93867E-4 0.001272874 6.98907E-4 0.001132223 0.001069828 0.001052167 0.00105529 0.001063069 6.76628E-4 6.90763E-4 0.001115169 0.001094632 0.001062198 6.73646E-4 6.74154E-4 0.001100621 6.74364E-4 6.94696E-4 0.001097434 0.001156174 0.001082323 7.24249E-4 0.001071674 7.33541E-4 6.74934E-4 6.91537E-4 6.55854E-4 0.001152029 7.85195E-4 0.001105815 0.001096776 6.9159E-4 6.78197E-4 0.001115348 9.4037E-5 0.001098359 7.11867E-4 0.001092685 6.92855E-4 0.001061403 6.92162E-4 0.001166713 6.91285E-4 6.78958E-4 6.87687E-4 0.001103496 0.001069392 0.001074492 6.97351E-4 0.001119689 6.82133E-4 6.75892E-4 0.001084122 6.79123E-4 0.001084491 0.001113003 0.001081864 7.0076E-4 0.001109628 6.78116E-4 6.83819E-4 0.001073298 9.0589E-5 0.001080973 6.97826E-4 0.00106185 7.31719E-4 6.83289E-4 6.80758E-4 0.001110135 6.71116E-4 7.07975E-4 6.47294E-4 0.001125899 6.92699E-4 6.55781E-4 0.001124182 0.001055823 7.08299E-4 0.001140424 0.001090853 6.89953E-4 0.001069431 6.83638E-4 6.8037E-4 6.451E-4 0.001066935 7.05007E-4 8.5509E-5 6.53764E-4 6.52076E-4 0.001091969 0.001080205 0.001044356 7.50398E-4 0.00104904 6.82326E-4 6.76243E-4 6.55238E-4 0.001109933 7.13115E-4 0.00113459 0.001107232 7.22218E-4 6.90264E-4 6.91898E-4 0.001084218 0.001071888 6.67949E-4 0.001121715 7.02609E-4 0.001087131 6.75306E-4 6.51451E-4 0.001094939 7.50829E-4 0.001075022 7.26723E-4 0.001100574 6.80487E-4 0.001148352 0.001106704 0.001137306 7.20558E-4 0.001094972 6.99868E-4 7.087E-4 0.00110725 9.202E-5 0.001145522 0.0011342 0.001115941 0.001106427 7.02726E-4 0.00114191 6.99831E-4 6.88376E-4 6.99199E-4 0.001117078 0.001082493 7.09284E-4 6.4874E-4 0.001041743 0.001107482 7.31161E-4 6.95047E-4 7.02952E-4 0.001113241 0.00108966 0.001106334 6.92336E-4 0.001118883 0.001094893 6.95478E-4 7.03364E-4 0.00113997 7.32319E-4 6.42E-4 0.001190114 0.001114877 7.46922E-4 0.001171491 0.001215026 8.12517E-4 7.8539E-4 0.001263229 0.001189565 7.41277E-4 0.001109062 7.09903E-4 0.001139568 7.11323E-4 6.67791E-4 6.82346E-4 6.4932E-4 6.56794E-4 6.77833E-4 0.001116007 6.96896E-4 7.43509E-4 7.15202E-4 6.89757E-4 0.001114797 0.001057282 6.81583E-4 0.001128126 6.78913E-4 6.38023E-4 0.001119818 6.87837E-4 6.47205E-4 6.69034E-4 6.60347E-4 0.001116592 0.001091362 0.001092875 0.001059256 7.59809E-4 6.08124E-4 7.23433E-4 7.0303E-4 0.001150811 7.06337E-4 6.52993E-4 0.00112047 0.001082639 0.001065259 6.41342E-4 0.001122689 6.95312E-4 0.001137499 7.01099E-4 6.28552E-4 6.62264E-4 0.001097856 0.001037744 0.001101448 7.38587E-4 6.91206E-4 0.001087344 0.001117246 0.001077612 7.17258E-4 6.82609E-4 0.001091366 7.12323E-4 0.001099311 6.91173E-4 0.001127173 0.001102424 7.17341E-4 7.0066E-4 0.001107722 6.94837E-4 6.89252E-4 6.57192E-4 6.93726E-4 0.001093351 0.001114941 0.00105592 0.001127 9.15326E-4 9.23572E-4 7.36928E-4 7.04675E-4 6.65587E-4 0.001290487 6.7292E-4 0.001151792 0.001076791 0.001073305 0.001131493 0.001115188 7.18017E-4 0.001163781 6.96524E-4 6.84066E-4 9.31196E-4 0.001102957 0.00108037 7.00462E-4 6.62463E-4 6.86017E-4 6.70113E-4 0.001094827 7.12226E-4 6.55029E-4 6.42681E-4 6.84882E-4 6.68192E-4 6.75804E-4 0.001134915 0.001075183 7.13038E-4 7.26924E-4 6.38234E-4 6.65583E-4 6.80084E-4 0.001086869 0.001097673 7.04223E-4 6.4391E-4 0.001100377 0.001063217 6.8976E-4 6.56742E-4 0.001093158 6.12394E-4 6.90056E-4 6.93995E-4 6.56003E-4 0.001067043 6.76019E-4 6.85571E-4 0.001069894 0.001078888 6.75858E-4 6.83775E-4 5.51809E-4 6.99342E-4 7.06246E-4 0.001108304 0.001110958 6.77468E-4 0.001112917 7.94008E-4 6.80722E-4 5.44053E-4 0.001072399 6.95684E-4 0.001088891 0.001079846 9.38632E-4 7.28774E-4 0.001091054 5.77253E-4 0.001086036 0.001119401 0.001100334 6.74363E-4 6.94104E-4 0.001135937 0.001097509 0.001148294 7.15566E-4 6.83943E-4 6.67911E-4 0.001097579 7.21043E-4 6.7923E-4 6.62398E-4 6.64452E-4 0.001139015 6.76664E-4 6.82893E-4 0.001085039 6.5983E-4 0.001068799 6.90396E-4 0.001276072 6.93866E-4 9.59917E-4 5.73292E-4 6.75738E-4 0.001157909 6.93615E-4 0.001092301 0.00107553 6.83553E-4 0.001075463 6.83747E-4 6.91447E-4 0.001132874 6.83079E-4 6.47463E-4 0.00107167 0.001064313 9.11304E-4 0.001089319 0.001131113 6.73598E-4 0.001064409 7.18653E-4 0.001080475 0.001094866 0.001070391 0.001081351 7.03332E-4 6.82211E-4 6.67936E-4 0.001291319 0.001084616 0.001044895 0.001091089 6.7271E-4 6.48727E-4 0.001103037 0.001085457 0.001178775 7.25641E-4 7.18655E-4 0.00108641 0.001045854 0.001096516 6.68558E-4 0.001087805 0.001082977 5.92145E-4 6.94775E-4 0.001474589 7.47826E-4 0.001208414 0.001264973 0.001315665 8.64635E-4 0.001321269 8.30796E-4 0.001316399 9.48936E-4 0.001128234 7.19113E-4 6.89685E-4 6.66059E-4 6.58777E-4 6.90138E-4 6.58598E-4 0.00104631 9.72631E-4 6.60525E-4 7.3126E-4 0.001093434 0.001088269 9.16321E-4 6.78289E-4 0.00109382 5.69045E-4 6.6495E-4 0.001139348 0.001097667 0.001075594 6.95394E-4 0.001121582 0.001100147 7.17001E-4 6.63289E-4 6.9198E-4 0.001116814 6.8551E-4 6.96741E-4 7.43573E-4 0.001108892 6.87907E-4 6.92249E-4 0.001110521 7.17119E-4 0.001099726 6.62611E-4 0.001130707 0.001019017 6.73787E-4 0.001057108 5.76363E-4 9.3534E-4 7.08686E-4 6.5174E-4 6.35871E-4 6.57586E-4 6.41874E-4 6.5656E-4 6.48602E-4 6.71141E-4 7.22243E-4 6.64672E-4 0.001097389 0.001098066 0.001062989 7.03242E-4 5.54747E-4 0.001127028 0.001060775 0.001039165 6.94008E-4 0.001077852 0.001056634 6.4998E-4 6.67545E-4 6.60164E-4 6.57069E-4 7.66377E-4 6.716E-4 6.4627E-4 0.001110913 6.90137E-4 0.001119676 6.48909E-4 6.51597E-4 6.33003E-4 6.95072E-4 0.001075318 6.7386E-4 6.52204E-4 6.27369E-4 0.001066607 0.001000352 6.95686E-4 0.001076193 0.001053859 9.41796E-4 7.3637E-4 6.38662E-4 0.001123411 0.001033621 6.18491E-4 7.46545E-4 0.001115458 6.40915E-4 0.001128357 0.001066957 5.89173E-4 6.90688E-4 6.98369E-4 6.88849E-4 0.001104391 6.83659E-4 0.001097586 0.001079026 7.20526E-4 8.85625E-4 0.001069858 0.001085952 6.92229E-4 6.79683E-4 5.39484E-4 6.99165E-4 7.1135E-4 5.53916E-4 6.98176E-4 7.57218E-4 0.001091403 6.70551E-4 6.79863E-4 0.001109549 0.001068936 7.06413E-4 6.6293E-4 6.61896E-4 6.43905E-4 6.7009E-4 6.8793E-4 6.731E-4 6.93164E-4 6.41142E-4 0.001087756 0.001076183 0.001052479 0.001061237 0.001038885 0.001072109 0.001022957 0.001028297 7.04829E-4 9.06234E-4 8.86328E-4 6.88464E-4 6.71209E-4 6.34782E-4 6.44795E-4 0.001095174 6.62988E-4 0.00104586 6.71133E-4 0.001079528 0.001074623 6.90468E-4 7.06775E-4 6.87117E-4 0.001069363 8.93451E-4 7.11616E-4 0.001059141 6.63856E-4 6.39908E-4 0.001097905 6.60936E-4 7.29557E-4 0.00104758 6.59836E-4 0.001067639 6.89397E-4 0.001087609 6.65605E-4 0.001123503 6.62628E-4 0.001089837 0.001085027 0.001075319 0.001070047 6.70932E-4 0.001074513 0.001070029 6.69352E-4 0.001037717 6.54801E-4 0.00101594 6.7073E-4 6.41202E-4 6.44479E-4 9.22714E-4 6.78104E-4 6.33579E-4 6.84748E-4 0.001042063 6.10625E-4 6.80361E-4 6.75505E-4 0.001040404 6.57832E-4 6.95724E-4 9.03276E-4 6.86384E-4 6.96026E-4 6.78048E-4 0.001103052 0.001049673 6.68787E-4 0.00115147 6.792E-4 8.93484E-4 6.73108E-4 6.65355E-4 6.65419E-4 0.001079762 8.82583E-4 0.001072305 0.001031143 5.77119E-4 0.001143013 7.03233E-4 6.6716E-4 0.001066942 6.95357E-4 0.001139031 0.001032235 7.34122E-4 6.9186E-4 0.001106203 0.001040469 6.66061E-4 0.001156106 0.001081874 7.24301E-4 0.00102529 0.001122453 6.53738E-4 7.17344E-4 0.00107089 6.58922E-4 6.63274E-4 5.93514E-4 0.001030235 6.96817E-4 5.55765E-4 9.24472E-4 0.001050654 6.70436E-4 6.45546E-4 0.001054938 6.35497E-4 0.001035544 6.51255E-4 0.001061853 0.001057107 0.001040106 6.85875E-4 0.001038015 0.001053673 6.63172E-4 5.83597E-4 6.39472E-4 0.00106355 6.50264E-4 0.001045979 7.48107E-4 6.24779E-4 0.001015511 0.001115098 7.00666E-4 6.36885E-4 6.42477E-4 0.001048419 0.00105301 6.6543E-4 0.001063858 0.001106473 0.001013506 6.36994E-4 0.001044716 0.00105782 6.86538E-4 6.52991E-4 0.001089112 6.0099E-4 6.13046E-4 0.001003778 0.001030789 6.48591E-4 6.64772E-4 5.51348E-4 6.76377E-4 6.25547E-4 0.00104214 0.001002038 5.86692E-4 0.001044205 6.99763E-4 5.84435E-4 0.001031695 6.48593E-4 5.44034E-4 7.54876E-4 0.001090141 6.77723E-4 0.00107537 6.54577E-4 0.001029132 0.001008746 0.001066963 8.87554E-4 6.66614E-4 6.60516E-4 0.001078553 6.99136E-4 5.51845E-4 0.001016975 9.99871E-4 9.19549E-4 0.001052698 0.001101357 0.00102566 0.001023837 0.00102678 6.76425E-4 6.0249E-4 0.001101849 0.001025205 7.85443E-4 0.001219971 6.93041E-4 0.001125795 6.90806E-4 0.001064953 6.35542E-4 0.001040889 6.45294E-4 0.001056219 0.001004576 6.3121E-4 6.24502E-4 9.97213E-4 0.001009372 0.00104381 9.42049E-4 8.49967E-4 6.78835E-4 0.001070155 0.00104229 7.20282E-4 6.39584E-4 0.001072211 6.52918E-4 6.16671E-4 6.48449E-4 0.001045205 6.65639E-4 0.001047236 6.46879E-4 0.0010517 8.87665E-4 0.001035123 6.84044E-4 6.4403E-4 0.00104799 7.05367E-4 0.001062277 6.68638E-4 7.24866E-4 6.47158E-4 0.001040522 0.001079335 6.35619E-4 6.21288E-4 0.001112749 0.001028814 6.85414E-4 6.23209E-4 6.90126E-4 0.001028226 6.58321E-4 6.62124E-4 6.60963E-4 0.001024987 9.91595E-4 6.04098E-4 9.87006E-4 6.60763E-4 0.001038369 6.42471E-4 9.29897E-4 0.00108334 0.00100585 6.31687E-4 6.06825E-4 5.87721E-4 0.001124597 6.56268E-4 9.79505E-4 6.54731E-4 0.001030718 5.33593E-4 0.001064345 7.02649E-4 0.001109587 6.66656E-4 0.001042625 7.25919E-4 6.29048E-4 0.001049758 9.03031E-4 0.001077067 0.001055589 6.75104E-4 0.001057061 8.82619E-4 6.6454E-4 6.34491E-4 5.38872E-4 0.001063062 7.01124E-4 6.54365E-4 0.00103049 7.94778E-4 6.70288E-4 5.88626E-4 0.001100287 0.001000436 0.001062632 0.001025402 6.69326E-4 6.6196E-4 6.78516E-4 0.001067658 6.08342E-4 6.73621E-4 0.001029952 6.91012E-4 6.39692E-4 6.17403E-4 0.001029274 9.23098E-4 6.59676E-4 0.001023158 8.95099E-4 5.02968E-4 0.001054331 0.001021519 6.09475E-4 0.001068991 0.001047274 6.5983E-4 6.46985E-4 0.001029751 0.001052486 6.58429E-4 0.001001604 0.001018851 0.001079342 6.35137E-4 8.91344E-4 0.001073056 0.001026734 0.001060605 0.001012469 0.001020476 0.00101409 0.001021676 0.001000782 6.39841E-4 6.45783E-4 0.001064969 6.33383E-4 6.07556E-4 0.001052566 0.001018015 0.001062348 0.001012208 6.19332E-4 6.2003E-4 0.00108696 7.52193E-4 0.001115313 0.001144791 7.21137E-4 0.001107383 0.00112363 7.16418E-4 0.001143768 0.001197018 0.001499486 7.01493E-4 8.38991E-4 0.001205234 6.52366E-4 6.06341E-4 6.29689E-4 0.001109532 0.001040639 0.001028797 6.44471E-4 8.79717E-4 6.2553E-4 0.001090353 0.001028667 0.001000832 6.48268E-4 0.001006502 0.001020968 0.001034703 8.92358E-4 0.001070352 0.001255816 0.001146151 0.00101081 5.26125E-4 6.26924E-4 6.72509E-4 9.13239E-4 0.001041831 0.001140354 6.38463E-4 6.24663E-4 0.001056095 0.001086572 9.59336E-4 7.03677E-4 0.001198902 7.00085E-4 0.001060941 7.43063E-4 0.001370996 0.001095182 6.67218E-4 5.87438E-4 6.72938E-4 6.62423E-4 0.001059404 6.18611E-4 0.001089515 0.001056467 8.90138E-4 0.001041875 0.001053627 9.06695E-4 4.91047E-4 0.001061149 6.69312E-4 5.77119E-4 6.55682E-4 0.001036709 6.61785E-4 6.37652E-4 0.001210221 0.001050136 7.24675E-4 9.65988E-4 7.12049E-4 6.75399E-4 0.001222742 6.7367E-4 7.08494E-4 0.001116592 6.82913E-4 0.001076359 7.21963E-4 6.20051E-4 0.001029892 9.4741E-4 0.001053169 0.00100946 5.88105E-4 7.19151E-4 0.001269191 6.4731E-4 0.001069562 0.001060298 0.00107357 0.001031119 6.57571E-4 8.79331E-4 0.001059742 6.55906E-4 5.98697E-4 5.99687E-4 5.26682E-4 0.001006573 9.51939E-4 5.78153E-4 6.37041E-4 5.82593E-4 6.90598E-4 0.00103879 0.001061805 0.001031762 0.001237394 7.12548E-4 8.44573E-4 5.88266E-4 7.09733E-4 6.91973E-4 5.37623E-4 6.17157E-4 7.10402E-4 6.84065E-4 6.25699E-4 6.59768E-4 6.20064E-4 0.001028278 6.37726E-4 5.51672E-4 0.001053725 0.001041741 0.001031013 9.46553E-4 9.40603E-4 9.60593E-4 6.51959E-4 5.17851E-4 9.66421E-4 9.86978E-4 0.001007144 0.001035356 6.19999E-4 6.87723E-4 5.41614E-4 0.001126882 6.54316E-4 0.001069077 6.88905E-4 5.83803E-4 0.00110621 0.001068941 0.001054332 9.11478E-4 0.001072425 6.51313E-4 6.6734E-4 9.69885E-4 0.001041869 0.001039582 9.29192E-4 0.001050361 0.001099378 5.8251E-4 8.01574E-4 6.75155E-4 6.38968E-4 5.6158E-4 0.001058578 6.88778E-4 0.015231529 0.013851245 0.014024129 0.014817178 0.003322892 0.004991755 0.001244462 7.34583E-4 0.001035758 9.4615E-4 0.00108651 0.001073863 6.7467E-4 6.56423E-4 6.80109E-4 0.001055068 6.42749E-4 5.97639E-4 0.001081574 0.001067758 9.51371E-4 0.001058089 0.00105442 6.14994E-4 6.53152E-4 6.80812E-4 0.001047882 0.001043529 6.41985E-4 0.001010039 0.001064366 6.00574E-4 9.46727E-4 7.86614E-4 5.46525E-4 0.001003478 6.36733E-4 5.59092E-4 0.001026183 8.857E-4 6.93067E-4 0.001067124 0.001030585 0.00114084 6.20051E-4 0.001042548 0.001085121 5.43248E-4 6.53057E-4 0.001044964 8.80864E-4 6.10269E-4 6.74399E-4 0.001073834 6.02173E-4 0.001041996 9.85798E-4 6.63221E-4 6.39493E-4 5.55292E-4 0.001054112 6.9557E-4 6.67E-4 9.60236E-4 5.26937E-4 5.78216E-4 0.001054583 5.09601E-4 5.73595E-4 0.001018994 6.04664E-4 0.001048426 5.94545E-4 6.76357E-4 5.36171E-4 6.75505E-4 0.00103175 0.001033948 0.001001667 5.81115E-4 0.001056635 0.001094335 6.5271E-4 0.001054056 7.67885E-4 6.19857E-4 6.66488E-4 5.69881E-4 6.28026E-4 0.001059021 4.60027E-4 6.30098E-4 0.001054482 5.75953E-4 6.73097E-4 0.001037802 0.001064237 4.93942E-4 0.001097085 6.54157E-4 5.35668E-4 0.00108933 0.00103812 7.10302E-4 0.00105105 5.22855E-4 0.001149547 0.001318124 6.71965E-4 0.001026327 0.001073934 0.001046781 0.001154317 0.001038394 0.001048371 9.24222E-4 9.791E-4 5.87818E-4 0.001659673 0.001764304 0.001060408 0.001105629 0.001100489 0.001041914 0.001455589 0.001161347 7.392E-4 7.28196E-4 8.02749E-4 7.42466E-4 7.80168E-4 5.98826E-4 5.22769E-4 0.001173547 8.29976E-4 0.001028827 5.47383E-4 5.03189E-4 6.71731E-4 9.42111E-4 8.1215E-4 0.001076666 0.001028648 0.001050872 9.91914E-4 6.52164E-4 6.61357E-4 4.59846E-4 6.43002E-4 6.55169E-4 9.05215E-4 5.38397E-4 7.22043E-4 0.001098759 5.24922E-4 0.00107953 5.36451E-4 0.001072742 0.001049517 5.56054E-4 0.001047544 6.7125E-4 6.61251E-4 8.63162E-4 5.57986E-4 5.08949E-4 0.001058085 4.58476E-4 5.34533E-4 5.85665E-4 9.87425E-4 0.001209599 6.21916E-4 0.001244319 5.10582E-4 7.36439E-4 6.38894E-4 0.001101869 0.001030936 5.00847E-4 0.001058645 0.001099555 6.46459E-4 7.74459E-4 0.001088613 6.34674E-4 7.21891E-4 8.88705E-4 0.001081336 9.81249E-4 4.42295E-4 9.92199E-4 6.23351E-4 9.51116E-4 3.89558E-4 6.15505E-4 9.95819E-4 4.71254E-4 9.83978E-4 9.76216E-4 4.77863E-4 9.77512E-4 9.66199E-4 0.001113012 6.95269E-4 8.17281E-4 6.44357E-4 0.001036586 4.99745E-4 8.72258E-4 9.94085E-4 6.46963E-4 6.27746E-4 0.001048965 0.001043952 9.95415E-4 9.32538E-4 5.09166E-4 6.17533E-4 9.96053E-4 5.15233E-4 6.8141E-4 9.75038E-4 8.09507E-4 6.28548E-4 6.20584E-4 9.80649E-4 9.92969E-4 9.73154E-4 6.97662E-4 9.98606E-4 5.06579E-4 4.65495E-4 5.53607E-4 8.13631E-4 9.07215E-4 7.74707E-4 7.5972E-4 6.21394E-4 8.29357E-4 6.47669E-4 6.34932E-4 7.37654E-4 6.1545E-4 9.39071E-4 0.001025199 9.72709E-4 7.36966E-4 0.00110697 6.55945E-4 4.9421E-4 8.33501E-4 6.64108E-4 6.55071E-4 4.83729E-4 5.89468E-4 7.84932E-4 6.48956E-4 9.86403E-4 5.03522E-4 5.92961E-4 0.00105021 9.82761E-4 6.26562E-4 8.83564E-4 7.68287E-4 9.92283E-4 5.76484E-4 5.85909E-4 4.79593E-4 4.65944E-4 9.75953E-4 4.96174E-4 0.001017117 5.4889E-4 9.05458E-4 0.001132679 8.36524E-4 5.9933E-4 4.74285E-4 6.41434E-4 6.31446E-4 6.20688E-4 4.3575E-4 6.28713E-4 9.9462E-4 6.41551E-4 8.12723E-4 9.97907E-4 9.82951E-4 7.27179E-4 9.57037E-4 6.15855E-4 5.26538E-4 3.83496E-4 6.30388E-4 6.1204E-4 4.62974E-4 6.21441E-4 5.93525E-4 7.84098E-4 6.07545E-4 5.94992E-4 9.98547E-4 6.33089E-4 4.68583E-4 9.7135E-4 9.5123E-4 4.89297E-4 4.98373E-4 9.7042E-4 5.97054E-4 5.82151E-4 5.77686E-4 9.99316E-4 0.001023141 5.61167E-4 4.60385E-4 9.51587E-4 9.25611E-4 4.65922E-4 9.2034E-4 6.168E-4 5.47501E-4 5.8242E-4 0.00102581 6.14856E-4 6.38956E-4 6.06631E-4 9.68477E-4 9.34429E-4 4.61942E-4 4.38757E-4 8.98231E-4 6.84404E-4 8.81633E-4 6.33347E-4 7.27487E-4 9.33237E-4 8.03653E-4 9.52027E-4 9.19848E-4 8.94829E-4 9.37219E-4 0.001009607 9.18209E-4 6.03807E-4 4.03233E-4 9.46314E-4 9.30748E-4 8.40613E-4 7.9195E-4 6.21038E-4 6.00724E-4 7.66316E-4 9.39999E-4 5.09136E-4 9.43519E-4 9.41376E-4 7.80664E-4 9.39161E-4 0.001029147 9.53826E-4 7.51038E-4 7.99777E-4 4.48625E-4 9.4134E-4 6.42205E-4 7.3616E-4 7.58685E-4 7.76408E-4 5.87676E-4 8.0383E-4 6.36198E-4 4.20221E-4 9.79298E-4 9.37711E-4 9.47199E-4 5.82678E-4 4.52012E-4 6.15954E-4 0.001010434 5.87031E-4 4.52219E-4 6.31298E-4 5.72871E-4 9.55974E-4 4.46465E-4 9.83585E-4 9.19703E-4 0.001203567 0.001397708 8.43224E-4 0.001153057 8.73571E-4 8.92138E-4 0.001310335 0.001029238 0.001129074 6.82339E-4 8.77131E-4 0.00110737 6.9206E-4 0.00113925 6.84193E-4 8.43248E-4 9.77012E-4 0.001006102 7.13081E-4 8.47596E-4 0.001039786 7.18741E-4 7.80625E-4 0.001025273 6.2605E-4 0.001011393 9.4804E-4 7.64146E-4 9.426E-4 9.96392E-4 4.6703E-4 6.46272E-4 6.01729E-4 8.02221E-4 0.001114228 6.54885E-4 5.91345E-4 5.8673E-4 6.22913E-4 9.6117E-4 6.60698E-4 8.95231E-4 4.82975E-4 0.001083455 7.23033E-4 5.50933E-4 7.70872E-4 4.38406E-4 6.20676E-4 8.63321E-4 0.001009266 6.002E-4 6.08388E-4 5.83063E-4 5.53854E-4 9.69804E-4 9.95277E-4 7.20892E-4 5.93681E-4 5.80318E-4 8.583E-4 5.2677E-4 6.67033E-4 0.0010029 7.8963E-4 6.08875E-4 4.71344E-4 5.97175E-4 9.58651E-4 5.11439E-4 5.90754E-4 0.001087316 7.3011E-4 4.83212E-4 8.23784E-4 5.18639E-4 6.03104E-4 4.11736E-4 7.52874E-4 7.86711E-4 5.11457E-4 6.06885E-4 4.91696E-4 7.0771E-4 4.69511E-4 0.001082595 9.61296E-4 6.45092E-4 6.41461E-4 8.07624E-4 0.001024433 0.001013302 0.001002231 8.75182E-4 0.00100588 9.99679E-4 6.55435E-4 4.98357E-4 0.00100175 6.48869E-4 7.63634E-4 6.54876E-4 6.40916E-4 5.71285E-4 6.3224E-4 6.2795E-4 5.91614E-4 7.82881E-4 9.95513E-4 6.21641E-4 4.53144E-4 9.80943E-4 6.02596E-4 6.00502E-4 9.80044E-4 5.28753E-4 6.18424E-4 6.11368E-4 8.04307E-4 5.20733E-4 6.26891E-4 6.01659E-4 0.001016811 6.33863E-4 0.001069321 6.36866E-4 0.001050993 5.27548E-4 6.20272E-4 5.97269E-4 4.89259E-4 6.08681E-4 9.64459E-4 7.97737E-4 9.6727E-4 6.16471E-4 9.5164E-4 6.6318E-4 6.00261E-4 9.67012E-4 9.71418E-4 0.001294096 0.001287385 8.86793E-4 5.92031E-4 8.04102E-4 6.02077E-4 7.55118E-4 9.70499E-4 5.02344E-4 6.27626E-4 9.4318E-4 6.00067E-4 9.72355E-4 8.98453E-4 9.30571E-4 0.001030593 4.20793E-4 9.6228E-4 6.09223E-4 5.00902E-4 7.90117E-4 6.54767E-4 9.89665E-4 5.04936E-4 9.6475E-4 8.82586E-4 9.26935E-4 8.29071E-4 6.93373E-4 8.11181E-4 8.96466E-4 0.001358255 6.44223E-4 6.74008E-4 0.001033353 9.55879E-4 9.69354E-4 0.00107591 7.05296E-4 6.54647E-4 0.001411295 0.001116013 9.25999E-4 9.50901E-4 8.08549E-4 7.05845E-4 0.001202489 0.001204639 5.80476E-4 0.001228275 7.78724E-4 0.001169449 7.7454E-4 0.001002903 6.29061E-4 6.22664E-4 7.9466E-4 6.12546E-4 9.77746E-4 4.49451E-4 9.72674E-4 6.51252E-4 5.61405E-4 6.48257E-4 9.8503E-4 9.87921E-4 8.03155E-4 9.96174E-4 6.31555E-4 8.02677E-4 6.31098E-4 5.95567E-4 6.09932E-4 9.84753E-4 7.78568E-4 6.09748E-4 5.8408E-4 7.61243E-4 5.06864E-4 9.74717E-4 9.60108E-4 6.1207E-4 5.87175E-4 9.66463E-4 6.21613E-4 8.96364E-4 7.48391E-4 6.16914E-4 5.49527E-4 4.68181E-4 5.88695E-4 5.80104E-4 7.67715E-4 5.98403E-4 9.73167E-4 6.0621E-4 5.86408E-4 9.70322E-4 6.11996E-4 5.90294E-4 4.65873E-4 7.44164E-4 9.22571E-4 4.37301E-4 5.47321E-4 4.42184E-4 4.36703E-4 5.82145E-4 8.05982E-4 6.31584E-4 9.60267E-4 5.96385E-4 5.63216E-4 5.39741E-4 9.3944E-4 6.5099E-4 7.10402E-4 5.95744E-4 9.53286E-4 7.96491E-4 5.0134E-4 6.30203E-4 6.06043E-4 4.58884E-4 5.85767E-4 7.99639E-4 9.48404E-4 5.83144E-4 8.02217E-4 9.25547E-4 6.43702E-4 6.08264E-4 7.67916E-4 8.22323E-4 4.52414E-4 5.72414E-4 6.22376E-4 4.53771E-4 4.62156E-4 7.56377E-4 9.33929E-4 4.62726E-4 9.9042E-4 4.3105E-4 9.64134E-4 9.15109E-4 6.17326E-4 9.56257E-4 7.39421E-4 9.84876E-4 6.13947E-4 9.24374E-4 4.10684E-4 9.26005E-4 9.2388E-4 9.39264E-4 4.51716E-4 5.73342E-4 5.64245E-4 6.72274E-4 9.0921E-4 9.0449E-4 5.03402E-4 6.02404E-4 6.02665E-4 5.57412E-4 7.2989E-4 9.52268E-4 5.78248E-4 4.52044E-4 9.28737E-4 5.71247E-4 5.68355E-4 5.69374E-4 7.26825E-4 5.7107E-4 5.54669E-4 7.26463E-4 7.61151E-4 5.89818E-4 9.1328E-4 5.68028E-4 8.98532E-4 9.22938E-4 8.83095E-4 8.58681E-4 7.05276E-4 9.28943E-4 8.82526E-4 7.12223E-4 5.76432E-4 5.46285E-4 7.27237E-4 5.69461E-4 5.72724E-4 0.001243977 6.25199E-4 9.54276E-4 9.89581E-4 6.84791E-4 8.82628E-4 8.9657E-4 6.78786E-4 8.74E-4 0.001159373 0.001065113 9.71785E-4 0.00129102 0.001107597 0.001308189 8.22012E-4 0.001287152 7.31075E-4 6.63793E-4 0.00106815 7.00966E-4 5.5007E-4 6.83854E-4 6.5713E-4 9.22267E-4 8.70911E-4 7.39945E-4 6.36133E-4 4.71739E-4 5.73772E-4 4.55013E-4 9.27857E-4 5.73892E-4 7.69699E-4 9.00649E-4 9.8725E-4 9.32045E-4 4.51469E-4 4.54828E-4 7.26223E-4 6.11536E-4 3.93439E-4 7.25055E-4 4.78321E-4 4.53694E-4 9.24135E-4 7.45965E-4 9.48028E-4 4.11772E-4 5.9006E-4 9.10228E-4 6.03159E-4 9.75152E-4 7.6378E-4 6.09672E-4 9.67513E-4 9.33331E-4 4.14636E-4 5.93264E-4 5.49613E-4 9.36462E-4 7.21244E-4 9.17291E-4 5.91246E-4 3.93519E-4 6.11134E-4 5.75455E-4 5.24804E-4 6.2178E-4 9.49635E-4 6.00793E-4 4.39744E-4 5.83772E-4 9.17941E-4 7.23086E-4 5.86503E-4 5.60618E-4 9.72568E-4 9.2315E-4 4.55781E-4 5.75344E-4 5.74586E-4 7.25807E-4 4.85653E-4 5.83415E-4 9.55286E-4 9.23163E-4 9.11946E-4 5.97225E-4 5.83152E-4 8.61478E-4 7.43346E-4 6.06043E-4 9.28865E-4 4.575E-4 5.4913E-4 5.48137E-4 4.43307E-4 5.62915E-4 5.87605E-4 9.22594E-4 6.24675E-4 9.46904E-4 9.30416E-4 5.95406E-4 7.53663E-4 4.57757E-4 5.27556E-4 6.61686E-4 5.27502E-4 9.36325E-4 4.33421E-4 9.1979E-4 7.94156E-4 6.11636E-4 9.16194E-4 5.70903E-4 5.49405E-4 8.85804E-4 5.89869E-4 9.41675E-4 6.98999E-4 5.59995E-4 5.71996E-4 7.79212E-4 7.30113E-4 9.73121E-4 6.07956E-4 4.67292E-4 5.71024E-4 7.29596E-4 8.90177E-4 5.6662E-4 4.67026E-4 5.43953E-4 6.04556E-4 5.68683E-4 5.31335E-4 7.89303E-4 7.22609E-4 5.63301E-4 4.00659E-4 4.08027E-4 4.24514E-4 4.19281E-4 9.26146E-4 7.12284E-4 9.72164E-4 4.44026E-4 6.01149E-4 5.40608E-4 5.48351E-4 5.30514E-4 5.15601E-4 6.1829E-4 0.001047671 9.09627E-4 4.2719E-4 9.69809E-4 6.33961E-4 5.86194E-4 4.54732E-4 9.2193E-4 8.99517E-4 3.98686E-4 9.06878E-4 8.79515E-4 7.75119E-4 5.82821E-4 8.99423E-4 5.86984E-4 4.29671E-4 5.65364E-4 9.15529E-4 4.3969E-4 8.99717E-4 5.75352E-4 5.57859E-4 5.52765E-4 4.37017E-4 5.65727E-4 5.45431E-4 7.19263E-4 4.97893E-4 5.61932E-4 5.47307E-4 5.55004E-4 5.43683E-4 5.54051E-4 9.20818E-4 8.34653E-4 7.55334E-4 9.42096E-4 8.53575E-4 4.27004E-4 8.73724E-4 5.86054E-4 4.35769E-4 5.57899E-4 6.08479E-4 5.42261E-4 5.74208E-4 5.81449E-4 9.42037E-4 6.3294E-4 7.26555E-4 4.2043E-4 8.37949E-4 6.47678E-4 4.99498E-4 6.93921E-4 6.88388E-4 8.86251E-4 4.86468E-4 5.65467E-4 9.0455E-4 8.81974E-4 8.6376E-4 8.43813E-4 5.65866E-4 5.60357E-4 6.64119E-4 5.4599E-4 7.24585E-4 5.97975E-4 5.8664E-4 0.001194757 7.63977E-4 5.7222E-4 0.001132765 8.70094E-4 6.82103E-4 6.58707E-4 5.78614E-4 6.00804E-4 6.48088E-4 5.78165E-4 7.21613E-4 7.55739E-4 6.79568E-4 8.73823E-4 6.12029E-4 4.25297E-4 7.50717E-4 7.02097E-4 6.33827E-4 4.95001E-4 9.6959E-4 4.03407E-4 9.537E-4 8.92472E-4 8.95601E-4 8.95636E-4 4.30858E-4 9.21808E-4 5.94457E-4 5.53566E-4 6.55527E-4 6.31368E-4 5.4731E-4 5.74764E-4 7.09121E-4 8.90239E-4 5.69442E-4 3.98046E-4 8.78486E-4 5.87092E-4 4.99526E-4 5.74518E-4 6.3015E-4 5.90679E-4 7.0747E-4 5.80173E-4 8.85443E-4 7.01545E-4 5.59587E-4 5.56566E-4 5.65926E-4 5.46323E-4 7.02898E-4 5.64115E-4 5.339E-4 7.19963E-4 4.92691E-4 5.85951E-4 9.01315E-4 8.83043E-4 5.5894E-4 8.97152E-4 5.48206E-4 5.2512E-4 4.31228E-4 5.54396E-4 5.38988E-4 4.18483E-4 8.89292E-4 5.55105E-4 7.5007E-4 5.82163E-4 9.31289E-4 9.25636E-4 5.76328E-4 9.04685E-4 8.78604E-4 5.76272E-4 4.57179E-4 7.0919E-4 5.39738E-4 3.98582E-4 8.8043E-4 4.4889E-4 7.00386E-4 9.05502E-4 8.052E-4 5.84894E-4 5.50406E-4 9.07796E-4 5.87806E-4 8.87659E-4 7.69494E-4 0.001185963 9.01224E-4 0.001143352 0.001195263 0.001040416 9.56437E-4 8.12973E-4 7.06299E-4 8.88227E-4 6.42761E-4 5.39887E-4 6.54605E-4 6.18579E-4 8.51444E-4 5.91233E-4 9.99239E-4 5.99585E-4 4.44249E-4 4.66429E-4 6.94863E-4 5.65536E-4 5.94617E-4 6.79244E-4 4.49625E-4 7.18867E-4 8.92733E-4 7.29653E-4 9.69377E-4 4.15115E-4 5.98004E-4 5.4491E-4 9.189E-4 5.66715E-4 7.11436E-4 9.11596E-4 6.03338E-4 5.70779E-4 4.03552E-4 9.68468E-4 9.15545E-4 5.9748E-4 7.25747E-4 5.83001E-4 9.08668E-4 6.46609E-4 8.94079E-4 5.64218E-4 7.86755E-4 3.68104E-4 5.64141E-4 9.21352E-4 7.40228E-4 5.86911E-4 5.38264E-4 4.24483E-4 9.02954E-4 8.81052E-4 8.84596E-4 8.6178E-4 4.35438E-4 5.50105E-4 9.09558E-4 7.06133E-4 7.54189E-4 5.98167E-4 5.28072E-4 5.31668E-4 8.71942E-4 5.70963E-4 8.83804E-4 8.40209E-4 4.38975E-4 5.37466E-4 8.63647E-4 4.18748E-4 5.22465E-4 8.90314E-4 7.12237E-4 5.50426E-4 8.94018E-4 5.5688E-4 5.07791E-4 9.49247E-4 5.60934E-4 5.93864E-4 4.25647E-4 6.95496E-4 5.0597E-4 4.02872E-4 5.37606E-4 6.7534E-4 6.50228E-4 8.54085E-4 4.49639E-4 5.94526E-4 5.19546E-4 6.55977E-4 8.59279E-4 8.31178E-4 5.36134E-4 9.23967E-4 6.42443E-4 5.66992E-4 8.62601E-4 7.4673E-4 7.2507E-4 9.3625E-4 5.84105E-4 7.05768E-4 8.66182E-4 7.08944E-4 5.53954E-4 5.51153E-4 7.3136E-4 5.53975E-4 9.74205E-4 9.04585E-4 6.93716E-4 4.64678E-4 6.77747E-4 5.49789E-4 5.85088E-4 4.29964E-4 4.35913E-4 6.99027E-4 5.66403E-4 7.17783E-4 9.18966E-4 6.44089E-4 9.66147E-4 9.03808E-4 8.73669E-4 6.10184E-4 4.57889E-4 5.77316E-4 0.001000225 9.19446E-4 6.32876E-4 8.76104E-4 9.64315E-4 9.26319E-4 7.06424E-4 5.3351E-4 8.95635E-4 3.74111E-4 8.73674E-4 5.80095E-4 7.68359E-4 5.57395E-4 5.72011E-4 5.41261E-4 7.01466E-4 8.81457E-4 5.47656E-4 4.11536E-4 5.28966E-4 5.25715E-4 8.91089E-4 5.55521E-4 7.01912E-4 8.60391E-4 8.50091E-4 6.80296E-4 4.74762E-4 5.41055E-4 8.80094E-4 8.60685E-4 8.3807E-4 5.69564E-4 5.19626E-4 4.98998E-4 4.01995E-4 0.001314317 0.001157314 5.81472E-4 7.42557E-4 0.001202257 0.001298414 0.001214206 8.43354E-4 7.11523E-4 0.001149616 6.92177E-4 0.001048417 6.92611E-4 8.49103E-4 8.09984E-4 6.03622E-4 4.37361E-4 5.91696E-4 8.15251E-4 7.87632E-4 0.001043829 5.19628E-4 9.4013E-4 6.70482E-4 8.70158E-4 5.44078E-4 8.32214E-4 8.77724E-4 8.93412E-4 6.37417E-4 8.70371E-4 8.46624E-4 4.97783E-4 7.08794E-4 9.18697E-4 9.13956E-4 4.39918E-4 8.68254E-4 4.31765E-4 5.52422E-4 8.94794E-4 7.56647E-4 5.47141E-4 5.92288E-4 9.34966E-4 6.98052E-4 7.29809E-4 4.28059E-4 5.43265E-4 5.79229E-4 3.99043E-4 4.09921E-4 6.97584E-4 8.82815E-4 6.91851E-4 6.00276E-4 6.73464E-4 9.02621E-4 8.86557E-4 5.84448E-4 5.37624E-4 4.2776E-4 5.56827E-4 8.92856E-4 5.60517E-4 3.84076E-4 5.66709E-4 8.88323E-4 5.98495E-4 4.15701E-4 5.40906E-4 8.75995E-4 3.88467E-4 8.85657E-4 5.5721E-4 4.79311E-4 5.74733E-4 5.72407E-4 5.33228E-4 4.00973E-4 8.81513E-4 5.71375E-4 4.12887E-4 8.80461E-4 6.00341E-4 5.49785E-4 8.89002E-4 4.32094E-4 5.52161E-4 8.84765E-4 6.90764E-4 4.64728E-4 8.70435E-4 8.7823E-4 8.54041E-4 8.56442E-4 5.69449E-4 5.25811E-4 8.41402E-4 6.78432E-4 5.59506E-4 5.14689E-4 6.81049E-4 5.49526E-4 8.73368E-4 6.96516E-4 8.54244E-4 5.5843E-4 5.38819E-4 8.71997E-4 5.49137E-4 8.703E-4 5.84831E-4 4.30129E-4 6.66218E-4 5.14044E-4 6.26789E-4 8.27528E-4 4.16058E-4 3.93536E-4 8.96443E-4 4.5897E-4 5.40961E-4 8.51397E-4 5.43583E-4 5.08527E-4 4.80162E-4 8.6726E-4 5.64453E-4 3.68108E-4 5.60183E-4 5.18336E-4 7.37855E-4 4.17977E-4 9.12667E-4 8.70944E-4 7.04185E-4 5.43131E-4 6.76975E-4 5.48048E-4 8.64469E-4 4.55489E-4 5.27422E-4 5.88901E-4 8.97612E-4 4.18061E-4 7.44269E-4 4.30909E-4 5.26857E-4 3.55836E-4 6.73089E-4 1.03051E-4 4.18752E-4 5.41218E-4 6.94811E-4 5.93253E-4 3.78173E-4 5.97197E-4 5.31219E-4 5.36375E-4 8.5587E-4 4.05145E-4 9.03708E-4 5.61504E-4 5.12953E-4 6.37474E-4 8.69458E-4 8.41037E-4 5.57981E-4 3.84419E-4 5.3159E-4 8.93297E-4 2.99881E-4 5.33987E-4 5.49423E-4 7.80039E-4 2.75526E-4 5.64044E-4 8.93416E-4 3.28724E-4 9.04206E-4 8.58516E-4 3.33566E-4 5.30913E-4 5.37215E-4 8.95201E-4 5.50759E-4 3.32019E-4 5.2213E-4 5.28554E-4 3.21745E-4 7.88421E-4 8.92233E-4 5.52016E-4 8.94521E-4 5.35848E-4 5.2734E-4 5.27864E-4 5.15111E-4 3.43235E-4 9.01631E-4 5.36112E-4 3.39542E-4 9.20727E-4 5.42047E-4 3.26908E-4 5.1646E-4 9.1212E-4 8.69887E-4 8.83034E-4 8.99797E-4 9.14466E-4 9.22791E-4 3.47351E-4 3.09565E-4 8.43687E-4 3.05618E-4 8.52325E-4 3.39217E-4 3.15044E-4 8.97366E-4 7.62166E-4 5.5676E-4 5.25689E-4 9.05584E-4 8.79098E-4 4.92188E-4 5.37996E-4 9.30775E-4 3.13213E-4 8.82859E-4 8.87441E-4 4.58926E-4 3.26785E-4 5.66606E-4 9.279E-4 3.73572E-4 8.88151E-4 3.2821E-4 8.84603E-4 5.3047E-4 7.41539E-4 8.6293E-4 9.5173E-4 5.62341E-4 3.45186E-4 7.56848E-4 3.17323E-4 8.73422E-4 2.74969E-4 3.14005E-4 3.21096E-4 3.34003E-4 5.22267E-4 3.47407E-4 5.54697E-4 3.07761E-4 9.25648E-4 5.39111E-4 5.39879E-4 8.90286E-4 3.22661E-4 8.91243E-4 4.54529E-4 5.18878E-4 2.90836E-4 9.32618E-4 8.829E-4 5.49318E-4 3.23195E-4 8.78727E-4 8.54717E-4 2.97195E-4 8.61179E-4 5.26096E-4 7.41954E-4 2.53447E-4 5.40925E-4 8.87142E-4 3.49339E-4 8.74272E-4 8.39877E-4 3.11554E-4 5.19293E-4 5.09881E-4 8.84695E-4 5.47332E-4 3.17324E-4 5.08337E-4 8.8299E-4 3.20297E-4 4.48938E-4 5.11421E-4 0.001115167 6.47002E-4 6.21176E-4 0.001081911 0.001033342 9.97089E-4 3.97454E-4 0.001068385 0.001033686 3.61961E-4 5.17325E-4 4.99471E-4 3.17202E-4 8.51813E-4 5.28338E-4 5.19552E-4 8.70059E-4 5.12994E-4 8.74944E-4 8.87945E-4 3.24418E-4 3.20143E-4 5.26648E-4 3.15037E-4 4.71778E-4 3.0957E-4 3.01171E-4 5.0067E-4 4.35878E-4 5.31751E-4 8.70463E-4 8.42929E-4 8.50627E-4 4.63661E-4 9.00826E-4 5.86629E-4 3.00177E-4 8.45513E-4 5.16395E-4 4.33868E-4 3.66173E-4 6.07065E-4 9.84207E-4 3.4892E-4 5.86386E-4 3.80834E-4 0.001040933 6.31373E-4 4.88191E-4 5.02843E-4 5.75934E-4 8.93155E-4 3.28907E-4 4.42037E-4 3.08702E-4 8.50685E-4 2.64254E-4 3.26154E-4 3.19334E-4 3.06672E-4 8.40996E-4 3.20298E-4 9.55365E-4 3.23837E-4 9.13879E-4 8.53648E-4 5.67384E-4 5.03675E-4 3.09163E-4 5.37846E-4 4.50585E-4 8.80025E-4 2.91497E-4 5.34874E-4 4.98922E-4 8.65679E-4 3.58732E-4 5.16728E-4 8.85142E-4 3.07129E-4 8.77458E-4 5.35348E-4 7.61035E-4 2.57847E-4 5.32852E-4 8.79755E-4 3.08347E-4 8.79673E-4 8.56449E-4 3.46424E-4 8.81959E-4 5.21741E-4 5.3728E-4 8.61396E-4 3.14391E-4 8.52765E-4 5.19947E-4 3.19741E-4 7.26632E-4 5.38975E-4 8.45271E-4 8.51142E-4 5.46673E-4 9.18556E-4 8.58115E-4 5.04116E-4 3.0941E-4 8.67073E-4 8.46428E-4 3.22942E-4 8.48301E-4 8.38524E-4 3.30657E-4 5.00929E-4 8.81549E-4 5.0795E-4 5.21901E-4 8.83083E-4 8.65706E-4 8.6856E-4 3.57462E-4 3.20306E-4 8.14786E-4 2.87896E-4 4.79727E-4 3.06828E-4 2.97008E-4 5.24737E-4 7.29906E-4 5.77912E-4 5.01879E-4 8.58794E-4 8.41911E-4 7.79115E-4 5.32891E-4 5.03751E-4 2.97416E-4 4.96065E-4 4.96627E-4 7.21432E-4 3.4403E-4 9.01402E-4 8.52082E-4 4.208E-4 8.66188E-4 3.18938E-4 5.17068E-4 8.71306E-4 7.33661E-4 8.54453E-4 5.65602E-4 5.28457E-4 3.23976E-4 4.18032E-4 3.05796E-4 8.41797E-4 2.93572E-4 3.04612E-4 3.57003E-4 3.13843E-4 8.38426E-4 3.86087E-4 9.38232E-4 3.09794E-4 6.05165E-4 8.42333E-4 5.30624E-4 5.10369E-4 3.30278E-4 5.38451E-4 4.73718E-4 8.82051E-4 2.77754E-4 8.43743E-4 8.2275E-4 5.24027E-4 3.09645E-4 5.63481E-4 8.42962E-4 3.13218E-4 5.14199E-4 8.60623E-4 7.47777E-4 2.77959E-4 5.42693E-4 8.61563E-4 3.15736E-4 8.43906E-4 5.28984E-4 3.16732E-4 5.18923E-4 5.15102E-4 8.96649E-4 8.55273E-4 3.07184E-4 8.52627E-4 8.55883E-4 3.30449E-4 4.28897E-4 5.04655E-4 8.67024E-4 8.73054E-4 5.22684E-4 8.52897E-4 5.0797E-4 8.41548E-4 3.0741E-4 8.4594E-4 8.23325E-4 3.19259E-4 4.95566E-4 8.44752E-4 3.15741E-4 5.21126E-4 8.66983E-4 5.18718E-4 8.47819E-4 0.001653875 8.70337E-4 8.72187E-4 3.17354E-4 3.18982E-4 4.63013E-4 2.90223E-4 4.51504E-4 3.09512E-4 2.96808E-4 4.97109E-4 7.06185E-4 5.43994E-4 8.40196E-4 5.08047E-4 4.95754E-4 7.95132E-4 5.01082E-4 8.56932E-4 2.77424E-4 4.92037E-4 8.4234E-4 7.33705E-4 3.07543E-4 5.64093E-4 5.0898E-4 2.98006E-4 8.59423E-4 3.54417E-4 8.08884E-4 8.11186E-4 4.26433E-4 8.95133E-4 9.39238E-4 9.06792E-4 3.02024E-4 4.92308E-4 3.61644E-4 4.8462E-4 2.65164E-4 3.12413E-4 3.13186E-4 3.07708E-4 4.95905E-4 3.19435E-4 5.52239E-4 2.88905E-4 5.30871E-4 8.52918E-4 8.62557E-4 8.23303E-4 3.2459E-4 8.78823E-4 4.34178E-4 5.00385E-4 2.77728E-4 9.21167E-4 8.46322E-4 8.37184E-4 3.21466E-4 5.05584E-4 8.48712E-4 2.94002E-4 8.48212E-4 8.48275E-4 7.40016E-4 2.52409E-4 8.68512E-4 8.54448E-4 3.05392E-4 5.34817E-4 8.44146E-4 3.08331E-4 5.22633E-4 4.91668E-4 5.3335E-4 4.98166E-4 3.2493E-4 4.9856E-4 8.55909E-4 3.08609E-4 7.43478E-4 8.72424E-4 5.17472E-4 5.04401E-4 4.90036E-4 8.59454E-4 8.09699E-4 4.99972E-4 3.01782E-4 5.10095E-4 4.78838E-4 3.16526E-4 8.46492E-4 5.21117E-4 3.19012E-4 5.104E-4 5.19449E-4 5.00688E-4 8.41835E-4 5.33913E-4 4.91966E-4 8.65206E-4 3.09926E-4 3.11504E-4 4.62746E-4 2.86967E-4 7.75553E-4 3.04519E-4 3.01388E-4 5.16753E-4 4.45459E-4 5.20279E-4 8.49523E-4 5.06098E-4 8.50556E-4 7.89055E-4 8.11572E-4 8.62031E-4 2.85641E-4 4.91449E-4 8.3759E-4 7.05935E-4 3.2403E-4 5.38946E-4 8.83706E-4 3.06886E-4 8.47101E-4 3.05447E-4 8.24613E-4 8.38721E-4 4.53088E-4 8.42073E-4 5.65875E-4 5.12382E-4 3.11085E-4 7.31177E-4 3.02381E-4 5.13442E-4 2.58542E-4 3.1738E-4 3.20866E-4 3.26016E-4 5.00344E-4 3.11347E-4 8.70753E-4 2.86083E-4 5.28272E-4 8.25378E-4 8.54451E-4 8.20289E-4 3.02861E-4 5.15297E-4 4.13912E-4 5.44969E-4 2.89292E-4 4.88117E-4 4.80064E-4 8.14133E-4 3.13825E-4 4.97188E-4 8.1843E-4 3.48208E-4 5.04081E-4 5.10682E-4 7.77747E-4 4.15786E-4 6.34743E-4 5.84404E-4 3.65725E-4 9.95112E-4 9.59162E-4 3.6941E-4 9.84538E-4 9.50765E-4 6.32843E-4 0.001001096 3.46664E-4 8.1622E-4 5.23319E-4 2.96364E-4 4.46697E-4 5.07051E-4 8.21692E-4 5.0916E-4 8.3409E-4 8.22067E-4 5.02204E-4 8.29585E-4 3.04295E-4 8.37702E-4 8.47172E-4 3.21405E-4 5.09283E-4 8.14257E-4 3.01059E-4 4.9749E-4 4.96406E-4 4.76541E-4 4.85389E-4 4.855E-4 4.8373E-4 5.02434E-4 3.15491E-4 3.10089E-4 7.89897E-4 3.18228E-4 4.51005E-4 4.00041E-4 3.05845E-4 4.82378E-4 7.05892E-4 5.31875E-4 8.52141E-4 4.92753E-4 8.43094E-4 7.63392E-4 8.67257E-4 8.60001E-4 2.86415E-4 4.97159E-4 5.43288E-4 7.02145E-4 3.02763E-4 5.30006E-4 5.67442E-4 2.99291E-4 4.87888E-4 3.20308E-4 5.31852E-4 8.91736E-4 4.34763E-4 8.24076E-4 5.76677E-4 8.82015E-4 3.11698E-4 4.25947E-4 2.86982E-4 4.89907E-4 2.60664E-4 3.10932E-4 2.99558E-4 3.02264E-4 8.33209E-4 3.51856E-4 9.06806E-4 2.96618E-4 8.72236E-4 5.18686E-4 5.26438E-4 4.91777E-4 3.00474E-4 5.33E-4 4.22972E-4 4.92313E-4 2.93909E-4 8.41394E-4 8.51221E-4 5.19854E-4 3.01215E-4 4.99639E-4 4.92501E-4 2.93295E-4 5.04567E-4 5.06265E-4 7.16291E-4 2.492E-4 5.26966E-4 4.94623E-4 3.17305E-4 5.15204E-4 4.98124E-4 3.44598E-4 4.99283E-4 4.87029E-4 8.52772E-4 5.17711E-4 3.25688E-4 8.13377E-4 5.042E-4 3.1939E-4 4.27067E-4 8.38095E-4 7.9824E-4 4.96633E-4 4.74586E-4 5.03078E-4 5.19191E-4 4.74047E-4 3.19875E-4 5.03487E-4 4.86827E-4 3.16487E-4 4.80851E-4 4.75054E-4 2.96834E-4 4.83784E-4 8.35814E-4 8.05717E-4 8.05804E-4 5.0088E-4 8.83785E-4 5.53339E-4 3.1349E-4 3.07986E-4 7.66456E-4 2.82929E-4 7.82302E-4 3.08392E-4 3.05743E-4 4.94214E-4 6.90431E-4 8.265E-4 4.93834E-4 4.6846E-4 8.14853E-4 4.88193E-4 8.54521E-4 5.30589E-4 2.77436E-4 4.81963E-4 5.00483E-4 7.05078E-4 3.05117E-4 8.79569E-4 8.38504E-4 3.12062E-4 4.796E-4 3.18658E-4 5.00908E-4 8.59668E-4 4.47754E-4 4.86701E-4 5.28867E-4 5.24565E-4 3.17629E-4 7.15325E-4 2.98555E-4 8.1548E-4 2.53629E-4 3.04933E-4 3.0728E-4 3.00755E-4 8.27519E-4 3.05973E-4 5.33907E-4 3.17331E-4 5.4031E-4 8.30882E-4 8.49056E-4 5.08121E-4 3.25241E-4 8.40013E-4 4.26834E-4 4.87129E-4 2.75521E-4 8.77453E-4 8.11207E-4 8.30602E-4 3.34719E-4 8.23887E-4 8.38482E-4 2.87766E-4 8.31351E-4 8.34172E-4 7.22275E-4 2.53335E-4 8.41417E-4 8.14613E-4 3.0941E-4 5.05631E-4 8.25534E-4 3.46292E-4 5.12101E-4 8.36161E-4 8.16117E-4 8.2097E-4 3.27214E-4 8.17696E-4 5.11613E-4 3.16622E-4 6.98594E-4 8.43804E-4 5.04066E-4 8.69488E-4 8.3994E-4 5.54718E-4 8.28559E-4 7.97103E-4 3.15163E-4 8.25893E-4 5.09881E-4 3.1882E-4 4.92248E-4 8.29783E-4 3.16689E-4 8.25639E-4 8.16559E-4 5.33625E-4 8.46812E-4 8.32447E-4 5.20416E-4 8.57935E-4 3.10166E-4 3.0838E-4 7.8681E-4 2.87665E-4 7.83017E-4 3.06243E-4 2.87177E-4 8.29842E-4 7.06267E-4 8.58653E-4 8.18498E-4 7.97632E-4 8.01067E-4 4.43736E-4 4.72276E-4 5.07149E-4 2.82506E-4 4.7729E-4 8.44813E-4 4.25339E-4 3.00817E-4 5.3117E-4 8.577E-4 3.29187E-4 8.12291E-4 3.00001E-4 8.08416E-4 7.9274E-4 4.25075E-4 4.87838E-4 5.50431E-4 5.08655E-4 3.01548E-4 6.93195E-4 3.07958E-4 4.95148E-4 2.5863E-4 3.10164E-4 3.06751E-4 3.26431E-4 8.30983E-4 3.1756E-4 5.34602E-4 2.83902E-4 8.67386E-4 8.04708E-4 8.21213E-4 8.08037E-4 3.00592E-4 5.4E-4 4.09844E-4 4.99558E-4 2.80447E-4 8.69541E-4 4.99429E-4 7.92756E-4 3.49204E-4 8.33487E-4 7.94501E-4 2.78462E-4 4.83458E-4 8.89521E-4 4.4982E-4 2.48433E-4 5.14014E-4 8.34366E-4 3.66618E-4 5.47305E-4 7.98269E-4 3.02562E-4 8.38441E-4 5.15912E-4 5.87594E-4 4.91143E-4 2.95686E-4 8.1134E-4 8.1231E-4 3.11406E-4 4.49998E-4 8.63307E-4 8.22071E-4 5.10435E-4 8.11632E-4 8.25346E-4 4.96847E-4 8.15284E-4 3.13213E-4 8.23603E-4 4.94741E-4 2.99294E-4 8.24571E-4 5.21217E-4 3.1983E-4 4.87056E-4 4.93742E-4 8.36808E-4 5.16617E-4 8.38596E-4 5.24576E-4 5.16662E-4 3.20549E-4 2.96626E-4 4.50428E-4 2.97079E-4 4.6051E-4 3.01977E-4 3.05009E-4 5.16503E-4 4.35425E-4 5.26436E-4 4.82115E-4 4.84169E-4 8.33493E-4 4.63511E-4 4.86356E-4 8.76582E-4 2.89217E-4 8.06467E-4 8.31412E-4 4.41083E-4 3.03406E-4 5.32731E-4 8.63861E-4 3.22264E-4 8.41025E-4 3.09725E-4 8.10163E-4 7.95369E-4 4.25218E-4 8.34051E-4 5.54392E-4 5.07996E-4 2.97924E-4 7.18801E-4 3.31056E-4 8.29416E-4 2.54138E-4 3.11057E-4 3.07347E-4 3.02533E-4 8.09691E-4 3.05721E-4 8.66634E-4 2.78456E-4 8.62968E-4 4.99634E-4 5.03947E-4 8.23951E-4 3.14691E-4 5.23594E-4 4.02281E-4 4.92411E-4 2.75361E-4 5.027E-4 4.83436E-4 5.1384E-4 3.14081E-4 4.86364E-4 5.0039E-4 2.88434E-4 5.07446E-4 5.12146E-4 7.22084E-4 2.51706E-4 5.34929E-4 8.33978E-4 3.1689E-4 5.03933E-4 5.07027E-4 2.95319E-4 8.50484E-4 4.99167E-4 8.40076E-4 8.26445E-4 3.03914E-4 8.11348E-4 5.2275E-4 3.09466E-4 7.22491E-4 8.29296E-4 5.03209E-4 4.87344E-4 8.12805E-4 5.32909E-4 4.84633E-4 4.70569E-4 2.95899E-4 8.3559E-4 8.17632E-4 3.07788E-4 4.97611E-4 8.1907E-4 3.00449E-4 8.23251E-4 8.17328E-4 8.14661E-4 8.12406E-4 5.01253E-4 8.38814E-4 8.40414E-4 3.25013E-4 3.33499E-4 4.981E-4 2.94182E-4 4.44518E-4 3.14E-4 2.82441E-4 8.21972E-4 6.94277E-4 8.35706E-4 5.01425E-4 8.22417E-4 7.94292E-4 7.58247E-4 5.04487E-4 4.95968E-4 3.56288E-4 9.51882E-4 9.5761E-4 5.00905E-4 3.55725E-4 0.001036955 9.65636E-4 3.66188E-4 5.56061E-4 3.6168E-4 5.75917E-4 5.24244E-4 7.45615E-4 8.53342E-4 9.86105E-4 9.76067E-4 3.57529E-4 4.84628E-4 3.52435E-4 5.67632E-4 2.95832E-4 3.61009E-4 3.70581E-4 3.42986E-4 8.4287E-4 3.28932E-4 8.93157E-4 2.93837E-4 8.62267E-4 5.09441E-4 5.07397E-4 4.89384E-4 3.15164E-4 8.60543E-4 4.31724E-4 5.03168E-4 3.04341E-4 5.43745E-4 8.41388E-4 5.13374E-4 2.97219E-4 8.1516E-4 5.32013E-4 2.94535E-4 4.985E-4 8.50924E-4 7.0725E-4 2.67656E-4 8.62427E-4 5.61391E-4 3.2542E-4 0.001619109 5.33737E-4 3.14705E-4 8.31434E-4 5.07843E-4 5.04316E-4 4.99155E-4 3.03215E-4 5.199E-4 4.95222E-4 3.22378E-4 7.47439E-4 5.36799E-4 4.95693E-4 8.56879E-4 8.22517E-4 8.38457E-4 8.21026E-4 4.96193E-4 3.03399E-4 8.35406E-4 8.0038E-4 3.42585E-4 8.27669E-4 5.23807E-4 3.07858E-4 8.50191E-4 5.1497E-4 8.21887E-4 8.08694E-4 5.1251E-4 8.43274E-4 5.26467E-4 3.08008E-4 3.08028E-4 4.83734E-4 3.00949E-4 4.44578E-4 2.97304E-4 3.05473E-4 8.15062E-4 4.38036E-4 8.41785E-4 5.15025E-4 8.54966E-4 4.91264E-4 4.47817E-4 8.45467E-4 5.59624E-4 2.87874E-4 8.44101E-4 8.17962E-4 7.06133E-4 3.14586E-4 8.92043E-4 8.79754E-4 3.14248E-4 8.13837E-4 3.04526E-4 8.14483E-4 8.32576E-4 7.16507E-4 5.12446E-4 5.50806E-4 8.33857E-4 3.33639E-4 4.28932E-4 3.13178E-4 4.90101E-4 2.59766E-4 3.07802E-4 3.23296E-4 3.09422E-4 4.84777E-4 3.45736E-4 8.83951E-4 2.92133E-4 5.33644E-4 4.816E-4 8.59719E-4 8.06268E-4 3.24448E-4 5.2194E-4 4.32682E-4 8.23993E-4 2.94466E-4 8.45083E-4 8.49059E-4 8.34981E-4 3.16503E-4 4.75442E-4 8.48922E-4 2.84276E-4 8.47225E-4 8.54226E-4 7.49207E-4 2.55669E-4 5.2688E-4 5.30465E-4 3.04745E-4 8.66682E-4 5.21937E-4 3.16171E-4 8.46968E-4 5.06199E-4 5.31687E-4 8.76435E-4 3.2059E-4 8.43196E-4 5.14575E-4 3.19972E-4 4.74102E-4 8.54728E-4 8.16604E-4 5.24585E-4 8.23302E-4 5.301E-4 8.17285E-4 7.88192E-4 3.21973E-4 8.34729E-4 5.08948E-4 3.3397E-4 8.55903E-4 5.17261E-4 3.09886E-4 8.29192E-4 5.31184E-4 5.02401E-4 5.00619E-4 8.56243E-4 8.32123E-4 8.64632E-4 3.30068E-4 3.32873E-4 7.6923E-4 2.97293E-4 7.65251E-4 3.08592E-4 3.04956E-4 5.04028E-4 4.30539E-4 5.24334E-4 8.2216E-4 4.94808E-4 4.7905E-4 4.38724E-4 4.76846E-4 8.79492E-4 2.98849E-4 8.22859E-4 8.08331E-4 6.93862E-4 3.13868E-4 5.58755E-4 8.97373E-4 3.17365E-4 4.96886E-4 3.0727E-4 8.3955E-4 5.03104E-4 4.487E-4 4.89523E-4 5.44615E-4 8.69344E-4 3.07238E-4 6.8689E-4 2.94435E-4 8.081E-4 2.69953E-4 3.16197E-4 3.15755E-4 3.12512E-4 8.19466E-4 3.17701E-4 5.96964E-4 3.61248E-4 9.11224E-4 8.85623E-4 8.67486E-4 8.58812E-4 3.32973E-4 8.60994E-4 4.33157E-4 8.2363E-4 2.89311E-4 8.90837E-4 8.35171E-4 8.52934E-4 3.19266E-4 8.16991E-4 8.46193E-4 2.86056E-4 8.39866E-4 8.20619E-4 4.67276E-4 2.50293E-4 8.43858E-4 8.44958E-4 3.33343E-4 8.4802E-4 8.40114E-4 3.25235E-4 5.22026E-4 4.99779E-4 5.10282E-4 4.99031E-4 3.38166E-4 8.42378E-4 5.34188E-4 3.15393E-4 4.38956E-4 5.60821E-4 8.83678E-4 6.54212E-4 6.00684E-4 8.84095E-4 8.64152E-4 4.94638E-4 3.21526E-4 8.34436E-4 5.56258E-4 3.15252E-4 4.92866E-4 4.85027E-4 3.07338E-4 4.81694E-4 5.20211E-4 8.29408E-4 8.45732E-4 5.18479E-4 4.87693E-4 5.02337E-4 3.1058E-4 2.91973E-4 7.96905E-4 2.99009E-4 7.68265E-4 3.00991E-4 2.99123E-4 5.06623E-4 7.0184E-4 8.47924E-4 5.12806E-4 4.67869E-4 4.72322E-4 7.73727E-4 5.11942E-4 5.06495E-4 2.95561E-4 5.00638E-4 4.89761E-4 4.23816E-4 3.08387E-4 5.38704E-4 8.54726E-4 3.08667E-4 4.96273E-4 3.05813E-4 5.22439E-4 8.50807E-4 4.47037E-4 8.17316E-4 9.37429E-4 8.41697E-4 3.11839E-4 6.87729E-4 3.11935E-4 8.20344E-4 2.71507E-4 2.99769E-4 3.18822E-4 3.05589E-4 8.08918E-4 3.10836E-4 5.47922E-4 2.89647E-4 5.17182E-4 4.97454E-4 8.58504E-4 5.09321E-4 2.99626E-4 5.25502E-4 4.17551E-4 8.5079E-4 2.85387E-4 5.31525E-4 9.26072E-4 5.10562E-4 3.00632E-4 4.90051E-4 5.01957E-4 3.09901E-4 8.5597E-4 8.18233E-4 7.06011E-4 2.47687E-4 8.61443E-4 5.40942E-4 2.93004E-4 8.33543E-4 7.79814E-4 3.27035E-4 8.59443E-4 5.20783E-4 8.19816E-4 8.36803E-4 3.00839E-4 8.36597E-4 5.33189E-4 3.09903E-4 4.45257E-4 8.53791E-4 8.19562E-4 8.42734E-4 8.11979E-4 5.94924E-4 4.92637E-4 7.99525E-4 3.1594E-4 8.56337E-4 7.95273E-4 3.3515E-4 4.98912E-4 8.16545E-4 3.06369E-4 8.67031E-4 5.85272E-4 8.47624E-4 8.85289E-4 5.69717E-4 5.66448E-4 9.74547E-4 3.72381E-4 3.68905E-4 9.45363E-4 3.2679E-4 5.03952E-4 3.14126E-4 2.8701E-4 8.56983E-4 6.94871E-4 8.13396E-4 4.94637E-4 4.79166E-4 4.66279E-4 8.33621E-4 8.37884E-4 5.2669E-4 2.78974E-4 4.89991E-4 9.11022E-4 7.07051E-4 3.05805E-4 8.7508E-4 8.35927E-4 3.04431E-4 8.05524E-4 3.40147E-4 4.74651E-4 9.05113E-4 4.24649E-4 8.40588E-4 9.19453E-4 8.551E-4 3.15124E-4 6.72422E-4 2.9144E-4 4.79694E-4 2.64586E-4 3.49303E-4 3.42587E-4 3.39736E-4 5.20125E-4 3.16263E-4 8.58671E-4 2.76556E-4 8.55281E-4 0.001730435 8.57435E-4 8.77147E-4 3.48368E-4 8.42143E-4 4.17776E-4 4.99598E-4 2.80737E-4 5.03235E-4 8.50209E-4 8.17337E-4 3.17047E-4 4.7774E-4 5.00991E-4 2.98966E-4 8.56019E-4 9.10797E-4 4.74822E-4 2.50704E-4 5.24326E-4 8.45829E-4 3.02966E-4 8.31182E-4 5.08405E-4 3.00504E-4 4.9913E-4 4.99269E-4 8.59319E-4 5.27772E-4 3.42479E-4 4.96642E-4 8.38853E-4 3.04091E-4 4.2457E-4 5.17294E-4 8.25437E-4 8.475E-4 7.88341E-4 5.40864E-4 8.26216E-4 4.89314E-4 3.03899E-4 8.70683E-4 8.24177E-4 3.14495E-4 8.36479E-4 8.11301E-4 3.09344E-4 8.06946E-4 5.11954E-4 4.96546E-4 5.03022E-4 8.30026E-4 5.26457E-4 5.32507E-4 3.18586E-4 2.9111E-4 8.06378E-4 2.86318E-4 4.72619E-4 3.08533E-4 3.04908E-4 8.45595E-4 7.14055E-4 8.48144E-4 8.13779E-4 5.22127E-4 8.67775E-4 4.81191E-4 8.44679E-4 5.38344E-4 2.80235E-4 4.80686E-4 8.50249E-4 4.44365E-4 3.1163E-4 8.79281E-4 8.5719E-4 3.03498E-4 8.54053E-4 3.22279E-4 4.99784E-4 8.21261E-4 6.96987E-4 5.01886E-4 9.07958E-4 5.37372E-4 3.07929E-4 7.00193E-4 2.98605E-4 8.26341E-4 2.67304E-4 3.31845E-4 3.21428E-4 3.19867E-4 5.12892E-4 3.11696E-4 8.91752E-4 3.05026E-4 8.58743E-4 4.99476E-4 8.5206E-4 5.12611E-4 3.08788E-4 5.21E-4 4.09743E-4 8.81713E-4 3.00434E-4 8.45203E-4 5.22642E-4 8.34376E-4 3.09632E-4 8.18834E-4 8.05997E-4 2.93897E-4 8.25504E-4 8.39861E-4 7.50759E-4 2.66935E-4 5.24151E-4 8.36426E-4 3.2393E-4 8.36286E-4 8.23303E-4 3.1134E-4 8.3637E-4 8.00428E-4 5.57239E-4 8.29257E-4 3.4404E-4 5.07847E-4 8.42481E-4 3.10791E-4 4.44391E-4 8.42566E-4 5.15186E-4 4.91901E-4 4.96954E-4 8.51552E-4 8.08444E-4 8.06644E-4 3.37607E-4 5.06869E-4 4.81638E-4 3.23801E-4 4.95695E-4 4.82715E-4 3.28943E-4 4.9105E-4 5.15173E-4 5.07803E-4 8.36266E-4 8.29123E-4 5.30931E-4 8.8048E-4 3.23399E-4 3.18879E-4 7.93101E-4 2.84495E-4 4.66846E-4 3.13886E-4 3.06146E-4 5.00088E-4 4.30891E-4 8.56006E-4 5.17519E-4 4.77032E-4 8.2109E-4 7.90179E-4 5.11765E-4 8.56311E-4 2.97839E-4 8.42789E-4 8.09487E-4 7.04092E-4 3.3024E-4 5.34765E-4 8.58002E-4 3.09259E-4 4.82858E-4 3.35345E-4 4.87856E-4 4.82257E-4 4.13694E-4 4.92833E-4 9.02486E-4 5.19805E-4 3.22992E-4 7.0883E-4 3.0728E-4 8.24028E-4 2.63268E-4 3.06557E-4 3.45244E-4 3.07984E-4 8.38465E-4 3.22948E-4 5.3981E-4 2.87611E-4 5.18207E-4 4.78537E-4 4.98031E-4 4.80223E-4 2.94362E-4 8.43867E-4 4.41818E-4 5.12536E-4 3.09028E-4 8.44998E-4 8.22679E-4 5.19931E-4 3.06982E-4 4.69165E-4 8.42316E-4 2.96359E-4 5.04293E-4 5.19513E-4 7.09081E-4 2.56125E-4 8.5583E-4 8.27493E-4 3.23629E-4 5.06906E-4 8.42617E-4 3.0521E-4 5.11131E-4 4.97234E-4 5.19756E-4 8.22549E-4 3.25345E-4 4.97815E-4 8.32084E-4 3.29647E-4 4.35846E-4 4.98322E-4 8.41546E-4 5.17245E-4 7.88694E-4 8.55299E-4 4.99147E-4 4.86347E-4 3.07264E-4 8.18902E-4 5.07819E-4 3.4902E-4 5.145E-4 5.0473E-4 3.04168E-4 5.07694E-4 4.99459E-4 4.98589E-4 4.84912E-4 4.86978E-4 8.1773E-4 8.584E-4 3.16778E-4 2.96267E-4 4.5499E-4 2.7285E-4 7.76293E-4 3.20006E-4 3.02096E-4 4.87556E-4 4.42556E-4 8.50261E-4 5.10713E-4 4.8353E-4 4.70883E-4 7.96667E-4 8.1857E-4 5.31215E-4 2.9109E-4 8.11437E-4 5.34658E-4 6.96083E-4 3.05591E-4 5.31656E-4 5.18638E-4 3.03672E-4 4.83841E-4 3.01759E-4 8.26436E-4 8.10794E-4 4.49449E-4 4.94861E-4 9.25325E-4 5.36273E-4 3.10763E-4 6.99027E-4 2.96641E-4 8.07348E-4 2.57449E-4 3.2301E-4 3.58755E-4 3.17668E-4 4.89956E-4 3.22556E-4 8.66495E-4 2.88088E-4 5.21517E-4 8.10935E-4 5.48299E-4 5.01813E-4 3.00551E-4 5.1533E-4 4.25322E-4 4.98842E-4 2.85048E-4 5.08423E-4 5.06895E-4 4.97859E-4 3.04139E-4 7.95028E-4 5.25451E-4 2.86687E-4 8.356E-4 8.20211E-4 4.55242E-4 2.622E-4 5.19864E-4 5.00012E-4 3.04056E-4 8.53179E-4 5.06754E-4 2.98237E-4 4.8553E-4 4.84029E-4 8.60805E-4 8.06186E-4 3.11406E-4 5.36174E-4 8.51837E-4 3.18204E-4 7.25336E-4 5.14909E-4 4.78905E-4 8.48709E-4 7.99718E-4 8.34639E-4 8.16662E-4 7.76509E-4 3.22909E-4 4.93235E-4 7.96378E-4 2.99146E-4 8.3391E-4 8.49013E-4 3.35121E-4 5.09729E-4 5.55595E-4 8.2295E-4 8.21741E-4 5.26179E-4 8.11458E-4 5.68827E-4 3.16861E-4 3.05612E-4 4.59328E-4 2.80305E-4 4.87734E-4 2.98644E-4 3.57867E-4 8.16537E-4 4.57709E-4 8.6484E-4 8.25737E-4 8.19328E-4 7.8581E-4 4.84646E-4 5.19507E-4 5.08009E-4 3.00608E-4 4.8013E-4 4.93203E-4 5.02216E-4 3.02523E-4 5.18545E-4 5.26632E-4 3.34128E-4 9.02703E-4 3.32238E-4 9.38277E-4 5.71925E-4 6.52165E-4 5.93024E-4 0.00104796 0.001271894 5.89106E-4 9.74753E-4 3.70227E-4 0.001549529 3.10331E-4 4.68116E-4 4.01275E-4 3.94557E-4 8.35554E-4 3.31504E-4 5.47757E-4 2.97744E-4 5.24046E-4 5.21781E-4 8.85851E-4 8.48182E-4 3.08902E-4 8.37272E-4 4.20492E-4 7.97343E-4 2.81381E-4 5.21412E-4 4.99491E-4 8.22608E-4 3.16851E-4 8.1336E-4 5.07591E-4 3.43907E-4 8.65421E-4 5.3367E-4 7.11338E-4 2.55071E-4 8.20764E-4 8.11608E-4 3.03561E-4 8.65668E-4 7.86505E-4 3.03066E-4 5.04067E-4 8.26171E-4 5.32089E-4 8.59068E-4 3.12291E-4 4.93228E-4 8.39504E-4 3.12663E-4 7.11581E-4 8.44229E-4 8.12689E-4 8.1408E-4 5.01926E-4 5.22331E-4 8.13179E-4 8.10164E-4 3.7482E-4 8.2787E-4 7.95107E-4 3.13139E-4 5.12217E-4 4.83958E-4 3.0726E-4 8.25035E-4 8.34846E-4 5.03602E-4 4.77432E-4 8.26188E-4 0.001041184 0.001032527 3.95E-4 3.83747E-4 5.65683E-4 3.60182E-4 9.23112E-4 3.79961E-4 3.56295E-4 5.93705E-4 5.15933E-4 5.63853E-4 8.42806E-4 8.24467E-4 8.10882E-4 7.57522E-4 7.98994E-4 8.31878E-4 2.90374E-4 4.78058E-4 4.92354E-4 4.35709E-4 3.07651E-4 5.71779E-4 8.67392E-4 3.2984E-4 8.45331E-4 3.15521E-4 8.20963E-4 8.07904E-4 7.22804E-4 5.07723E-4 9.26E-4 5.3832E-4 3.40821E-4 7.09755E-4 3.05444E-4 4.92307E-4 2.70889E-4 2.99459E-4 3.30458E-4 3.07103E-4 4.94669E-4 3.1375E-4 8.64058E-4 2.86494E-4 8.60694E-4 5.13674E-4 8.50619E-4 8.53125E-4 3.34806E-4 8.45154E-4 4.3293E-4 8.30793E-4 2.8679E-4 5.26182E-4 8.32478E-4 8.12129E-4 3.26141E-4 4.8056E-4 8.14842E-4 3.24086E-4 4.15554E-4 5.23796E-4 6.91257E-4 2.76848E-4 5.34113E-4 8.25868E-4 3.16257E-4 8.50737E-4 5.30671E-4 3.16564E-4 8.24838E-4 8.49199E-4 8.30535E-4 5.20941E-4 3.26801E-4 4.08588E-4 5.14083E-4 3.10076E-4 4.44088E-4 8.12147E-4 8.22801E-4 8.25116E-4 4.09244E-4 8.67986E-4 4.19779E-4 7.95164E-4 3.2142E-4 5.04018E-4 8.0069E-4 3.15554E-4 4.97489E-4 4.87734E-4 3.11009E-4 8.08281E-4 5.2102E-4 4.9994E-4 8.63614E-4 8.18074E-4 5.22906E-4 8.4466E-4 3.22779E-4 3.19292E-4 4.54526E-4 3.10085E-4 4.67764E-4 3.19051E-4 3.05853E-4 5.07371E-4 4.2231E-4 5.54498E-4 4.99902E-4 8.23536E-4 4.98887E-4 7.69338E-4 8.17233E-4 5.32322E-4 2.9783E-4 8.13252E-4 8.08473E-4 6.94981E-4 3.52753E-4 5.47227E-4 5.29364E-4 3.07759E-4 4.90474E-4 3.23373E-4 5.14373E-4 8.3844E-4 7.10883E-4 5.10957E-4 5.42604E-4 5.22959E-4 3.08548E-4 4.30584E-4 3.09406E-4 8.31434E-4 2.66422E-4 3.03658E-4 3.11778E-4 3.24945E-4 4.90957E-4 3.07201E-4 5.22989E-4 3.47642E-4 9.11615E-4 8.59232E-4 8.70306E-4 7.71818E-4 3.405E-4 5.70986E-4 4.33489E-4 4.92524E-4 2.81425E-4 8.28738E-4 5.91851E-4 8.29493E-4 3.20206E-4 3.76348E-4 4.85718E-4 2.90853E-4 3.79186E-4 4.90285E-4 4.35121E-4 2.6567E-4 8.42191E-4 5.37713E-4 3.10807E-4 8.56744E-4 8.08692E-4 3.19656E-4 5.07847E-4 8.22284E-4 8.17389E-4 5.20701E-4 3.055E-4 3.91192E-4 8.07811E-4 3.06232E-4 7.11254E-4 8.39919E-4 8.19635E-4 5.11365E-4 3.81484E-4 8.25114E-4 4.21107E-4 4.87119E-4 3.06013E-4 8.24979E-4 5.01772E-4 3.26365E-4 4.89659E-4 4.79556E-4 3.32625E-4 4.88952E-4 4.96537E-4 5.01172E-4 8.39132E-4 7.99046E-4 5.14753E-4 8.32803E-4 3.07786E-4 2.93032E-4 7.69939E-4 2.98088E-4 7.59315E-4 3.248E-4 3.00417E-4 8.24598E-4 4.26437E-4 8.47629E-4 5.04528E-4 4.72E-4 8.06059E-4 4.55833E-4 4.85237E-4 5.02919E-4 2.81754E-4 8.23902E-4 8.08132E-4 4.56042E-4 3.13622E-4 5.38706E-4 8.67586E-4 3.08629E-4 4.92791E-4 3.11735E-4 7.99236E-4 7.84546E-4 6.7863E-4 5.12184E-4 9.02711E-4 5.22267E-4 3.90684E-4 8.12537E-4 3.69062E-4 9.70399E-4 3.1734E-4 3.61544E-4 3.82999E-4 3.72134E-4 5.79671E-4 3.51473E-4 6.13882E-4 3.35225E-4 8.98074E-4 8.28577E-4 8.3147E-4 5.15737E-4 3.15781E-4 8.38156E-4 4.38096E-4 5.04345E-4 2.89203E-4 5.16178E-4 8.23826E-4 5.19284E-4 3.2404E-4 3.99283E-4 8.45928E-4 2.91688E-4 4.00472E-4 5.1022E-4 6.93337E-4 2.574E-4 8.19214E-4 5.15311E-4 3.02281E-4 5.02838E-4 8.20287E-4 3.00878E-4 5.20164E-4 5.39853E-4 5.32809E-4 8.28711E-4 3.1416E-4 4.11518E-4 5.0915E-4 3.05473E-4 4.38289E-4 8.36252E-4 5.20822E-4 8.28431E-4 4.06003E-4 5.08705E-4 4.1966E-4 4.7652E-4 3.23476E-4 8.22372E-4 5.22978E-4 3.11805E-4 8.14834E-4 7.94276E-4 3.09437E-4 8.08574E-4 8.052E-4 8.10683E-4 5.35584E-4 5.03695E-4 8.31058E-4 5.29321E-4 3.2454E-4 3.05649E-4 4.74898E-4 2.96855E-4 4.6786E-4 3.24446E-4 3.1334E-4 5.03602E-4 7.08871E-4 8.53396E-4 8.10075E-4 7.85928E-4 5.01292E-4 4.43641E-4 4.9054E-4 8.4247E-4 3.00574E-4 8.20893E-4 5.26051E-4 7.05133E-4 3.33744E-4 8.61535E-4 8.47422E-4 3.11785E-4 4.81732E-4 3.02127E-4 4.9135E-4 8.23583E-4 4.49561E-4 4.96006E-4 9.15975E-4 8.43669E-4 3.47231E-4 7.03226E-4 3.21001E-4 4.97521E-4 2.74764E-4 3.04439E-4 3.26376E-4 3.03717E-4 4.837E-4 3.08774E-4 5.19507E-4 3.05126E-4 8.6031E-4 5.21977E-4 8.5885E-4 5.28733E-4 3.17543E-4 8.57483E-4 4.49397E-4 8.09138E-4 2.9209E-4 5.16721E-4 8.09631E-4 7.99298E-4 3.08953E-4 3.89075E-4 8.31935E-4 3.11672E-4 4.51611E-4 5.19304E-4 4.52649E-4 2.66673E-4 8.33363E-4 8.03507E-4 3.24962E-4 8.3894E-4 5.10398E-4 3.04277E-4 8.21776E-4 7.90838E-4 8.10736E-4 5.4177E-4 3.10857E-4 4.20229E-4 8.45771E-4 3.15277E-4 4.471E-4 5.05423E-4 8.35693E-4 8.33042E-4 4.0241E-4 5.28632E-4 4.23189E-4 4.90049E-4 3.11509E-4 8.3159E-4 4.93091E-4 3.06267E-4 8.28821E-4 7.95196E-4 3.12172E-4 5.17039E-4 5.07537E-4 4.93374E-4 4.86775E-4 8.39437E-4 8.22535E-4 8.38583E-4 3.27125E-4 2.97103E-4 4.58336E-4 2.81267E-4 4.46736E-4 2.9764E-4 3.1587E-4 8.27637E-4 4.55551E-4 8.34806E-4 5.24003E-4 7.47002E-4 8.65146E-4 7.83733E-4 8.74046E-4 9.91183E-4 3.89195E-4 0.001037284 8.15669E-4 4.48587E-4 3.22707E-4 9.11507E-4 8.5035E-4 5.2234E-4 5.33464E-4 3.09112E-4 8.09512E-4 5.00949E-4 6.95457E-4 4.95913E-4 5.51425E-4 5.10237E-4 3.048E-4 4.16993E-4 3.08646E-4 8.24357E-4 2.64616E-4 3.25132E-4 3.1204E-4 3.22965E-4 4.8612E-4 3.14866E-4 5.563E-4 2.89856E-4 5.24391E-4 4.95923E-4 8.20633E-4 5.14965E-4 3.0281E-4 8.37455E-4 4.17979E-4 8.14282E-4 3.03902E-4 5.13859E-4 8.01996E-4 5.13477E-4 3.03539E-4 3.86236E-4 5.00622E-4 2.79626E-4 3.8998E-4 4.9732E-4 4.5932E-4 2.67796E-4 8.34286E-4 5.13151E-4 3.27471E-4 5.10047E-4 8.34434E-4 3.23052E-4 8.36603E-4 0.001272188 5.26848E-4 8.32092E-4 3.15079E-4 4.10167E-4 5.04905E-4 3.01881E-4 4.87416E-4 8.4712E-4 5.34916E-4 8.42269E-4 4.31154E-4 8.37656E-4 4.01632E-4 4.89011E-4 3.14508E-4 8.16361E-4 8.47319E-4 3.33258E-4 9.07854E-4 8.02146E-4 3.27156E-4 4.99274E-4 5.01114E-4 4.99956E-4 4.77667E-4 8.36098E-4 8.17657E-4 8.58968E-4 3.23178E-4 3.04585E-4 5.07903E-4 2.94454E-4 4.76868E-4 3.1071E-4 2.90048E-4 5.03293E-4 4.41035E-4 8.47493E-4 8.17702E-4 5.09027E-4 4.60082E-4 4.40897E-4 4.98216E-4 5.36382E-4 2.9023E-4 8.4033E-4 7.9189E-4 4.30227E-4 3.18138E-4 5.55082E-4 8.61945E-4 3.35984E-4 8.36343E-4 3.14533E-4 4.90619E-4 4.85728E-4 7.42481E-4 8.22236E-4 9.10747E-4 8.49302E-4 3.11746E-4 6.7956E-4 3.01636E-4 4.8619E-4 2.66457E-4 3.21835E-4 3.16825E-4 3.08403E-4 8.10322E-4 3.40742E-4 5.51268E-4 2.95438E-4 5.19216E-4 8.0985E-4 5.31743E-4 4.8161E-4 3.37621E-4 5.29558E-4 4.31943E-4 5.07289E-4 2.961E-4 8.80461E-4 5.17779E-4 8.27569E-4 3.11441E-4 4.09088E-4 5.06791E-4 2.9597E-4 3.96E-4 8.33187E-4 6.97576E-4 2.85537E-4 8.61477E-4 5.32313E-4 3.17324E-4 5.18193E-4 8.31654E-4 3.09493E-4 8.18446E-4 5.00182E-4 5.02624E-4 4.79615E-4 3.04383E-4 3.94444E-4 8.02213E-4 3.61109E-4 7.14364E-4 5.24023E-4 4.9413E-4 5.08805E-4 3.85087E-4 5.13326E-4 4.02058E-4 8.00841E-4 3.35302E-4 8.3446E-4 4.93354E-4 3.19729E-4 8.35392E-4 5.17609E-4 3.19553E-4 7.97961E-4 5.16086E-4 4.90569E-4 8.00868E-4 4.93642E-4 4.88378E-4 8.31118E-4 3.06977E-4 2.90712E-4 4.46538E-4 3.26281E-4 4.59972E-4 3.19923E-4 3.00953E-4 5.1064E-4 7.21361E-4 5.38682E-4 8.0696E-4 7.90733E-4 4.94225E-4 7.70405E-4 7.96057E-4 8.60727E-4 2.9548E-4 4.98557E-4 4.85162E-4 6.91292E-4 3.14891E-4 8.82333E-4 5.36972E-4 3.29097E-4 8.35157E-4 3.29884E-4 5.01823E-4 9.25683E-4 4.60195E-4 8.23266E-4 9.12383E-4 5.24241E-4 3.16936E-4 6.79572E-4 3.14912E-4 7.99617E-4 2.72629E-4 2.99836E-4 3.0544E-4 2.99418E-4 4.95367E-4 3.58854E-4 8.69788E-4 2.99063E-4 5.37708E-4 4.82019E-4 5.14968E-4 8.32871E-4 3.21653E-4 5.22233E-4 4.27149E-4 7.94614E-4 2.84565E-4 5.37875E-4 8.24838E-4 5.18744E-4 3.15697E-4 4.05078E-4 8.29887E-4 2.89738E-4 4.12167E-4 8.10725E-4 4.7064E-4 2.5757E-4 5.20837E-4 8.46853E-4 3.32089E-4 8.1289E-4 7.88155E-4 2.97073E-4 4.94033E-4 5.19747E-4 5.0171E-4 8.1147E-4 3.15299E-4 3.99552E-4 4.85356E-4 3.05761E-4 7.12979E-4 5.30859E-4 4.74744E-4 8.30803E-4 4.08768E-4 5.15837E-4 3.94255E-4 7.87104E-4 3.1E-4 7.81244E-4 4.87561E-4 3.05287E-4 5.14104E-4 7.9063E-4 3.10194E-4 8.30295E-4 8.40621E-4 5.68868E-4 8.05452E-4 7.7178E-4 4.96998E-4 4.98767E-4 2.98352E-4 2.92017E-4 4.97059E-4 3.06029E-4 7.49358E-4 2.98554E-4 2.99722E-4 5.77083E-4 7.42791E-4 9.48078E-4 5.90638E-4 9.4425E-4 5.74556E-4 9.0123E-4 6.21792E-4 5.97838E-4 3.57393E-4 5.32559E-4 5.01808E-4 4.32508E-4 3.11011E-4 8.80444E-4 8.34297E-4 3.213E-4 8.22934E-4 3.06073E-4 5.14882E-4 4.92236E-4 6.94684E-4 8.3798E-4 5.60122E-4 8.57362E-4 3.25362E-4 4.31113E-4 2.94526E-4 4.90342E-4 2.62899E-4 3.04626E-4 3.14419E-4 3.17772E-4 8.29437E-4 3.25722E-4 8.76238E-4 3.24034E-4 5.52939E-4 8.22983E-4 8.47826E-4 5.25212E-4 3.18078E-4 8.37723E-4 4.24693E-4 4.90137E-4 2.80439E-4 5.07375E-4 4.79274E-4 4.8849E-4 3.36294E-4 4.08747E-4 8.19064E-4 2.90261E-4 3.97011E-4 8.34902E-4 1.02883E-4 2.57388E-4 5.03553E-4 3.20385E-4 2.95154E-4 8.47534E-4 4.7251E-4 2.98345E-4 8.40517E-4 8.14808E-4 1.45453E-4 3.15784E-4 3.24407E-4 4.2836E-4 5.08591E-4 3.2189E-4 4.00767E-4 4.57576E-4 8.11477E-4 4.46264E-4 3.1554E-4 8.29332E-4 3.87756E-4 1.22053E-4 3.1842E-4 8.03062E-4 4.36558E-4 3.17135E-4 4.89029E-4 8.00323E-4 3.21887E-4 7.89704E-4 4.5529E-4 8.04795E-4 4.91817E-4 4.77344E-4 5.50295E-4 1.07157E-4 3.1035E-4 3.00636E-4 7.56531E-4 2.74112E-4 4.42536E-4 3.21908E-4 2.91257E-4 4.89274E-4 4.19765E-4 4.62633E-4 8.11207E-4 5.12271E-4 4.65912E-4 4.5281E-4 4.40714E-4 1.04315E-4 2.93426E-4 8.00593E-4 4.94707E-4 3.69928E-4 3.08728E-4 1.12031E-4 1.02467E-4 3.10328E-4 8.32219E-4 3.18392E-4 4.33541E-4 8.30409E-4 7.13407E-4 5.03757E-4 4.68907E-4 1.09529E-4 3.18103E-4 6.72246E-4 2.92999E-4 8.09073E-4 2.75322E-4 3.26094E-4 3.21787E-4 3.03138E-4 4.99584E-4 3.23051E-4 8.84302E-4 3.02352E-4 1.11375E-4 5.05865E-4 1.06826E-4 4.2422E-4 2.956E-4 8.20278E-4 4.38701E-4 7.92353E-4 2.79192E-4 9.6787E-5 5.0826E-4 4.20827E-4 2.89199E-4 3.35835E-4 8.38373E-4 3.12293E-4 4.03305E-4 8.33658E-4 4.59904E-4 2.80165E-4 5.38182E-4 8.2927E-4 3.24685E-4 5.32237E-4 8.31807E-4 3.22108E-4 8.25152E-4 7.93459E-4 5.42093E-4 8.10932E-4 3.07447E-4 4.03457E-4 4.98325E-4 3.13895E-4 7.13784E-4 5.41482E-4 8.16746E-4 5.09545E-4 4.1479E-4 8.34087E-4 3.97245E-4 4.73508E-4 3.10285E-4 8.24653E-4 7.77569E-4 3.16106E-4 8.28612E-4 8.16042E-4 3.07638E-4 8.1077E-4 5.23252E-4 8.26884E-4 5.10956E-4 5.03143E-4 5.33649E-4 5.24016E-4 3.14269E-4 2.95572E-4 4.69576E-4 2.84527E-4 4.69625E-4 2.99327E-4 2.85168E-4 4.87057E-4 6.82883E-4 5.43064E-4 8.09655E-4 4.97687E-4 4.71396E-4 7.67834E-4 8.21018E-4 8.53884E-4 3.14128E-4 5.08938E-4 4.94194E-4 4.19164E-4 3.04462E-4 5.83223E-4 8.66328E-4 3.11105E-4 8.05827E-4 3.19739E-4 7.89226E-4 5.07138E-4 6.9954E-4 8.11844E-4 8.90892E-4 5.3917E-4 3.00924E-4 4.68295E-4 3.03211E-4 4.87331E-4 2.83751E-4 3.25521E-4 3.16513E-4 3.14933E-4 4.83465E-4 3.03161E-4 8.62551E-4 2.88035E-4 5.30796E-4 4.94729E-4 8.3132E-4 4.99065E-4 3.08535E-4 8.26391E-4 4.34703E-4 4.85849E-4 2.8958E-4 8.39461E-4 5.00915E-4 4.84067E-4 2.91632E-4 3.74039E-4 8.2991E-4 2.97893E-4 3.95696E-4 5.22483E-4 4.53155E-4 2.70396E-4 5.28354E-4 8.40988E-4 3.23852E-4 5.17979E-4 8.37693E-4 3.11863E-4 8.17763E-4 5.09373E-4 5.06361E-4 8.18221E-4 4.20435E-4 5.06611E-4 0.001000028 3.81732E-4 8.61691E-4 6.39992E-4 6.03734E-4 0.001007371 4.87144E-4 6.44304E-4 4.39762E-4 4.68461E-4 3.04304E-4 8.01102E-4 5.02655E-4 3.24556E-4 4.86465E-4 4.68924E-4 2.9596E-4 4.88482E-4 8.40182E-4 4.99744E-4 8.03645E-4 8.47189E-4 5.33167E-4 5.22962E-4 3.25004E-4 3.12526E-4 7.76698E-4 3.00333E-4 7.76181E-4 3.07117E-4 3.03639E-4 8.1377E-4 6.91807E-4 6.86341E-4 5.04748E-4 4.88261E-4 4.63306E-4 4.48617E-4 4.8643E-4 5.05387E-4 3.04661E-4 5.13866E-4 8.35393E-4 4.56526E-4 3.42371E-4 5.45371E-4 5.30203E-4 3.28045E-4 8.43377E-4 3.2352E-4 5.06338E-4 4.975E-4 4.24499E-4 8.21273E-4 5.72257E-4 5.11436E-4 3.38671E-4 4.33822E-4 2.99695E-4 5.00389E-4 2.65912E-4 3.13424E-4 3.225E-4 3.10211E-4 8.27975E-4 3.11594E-4 5.50785E-4 2.98016E-4 5.14757E-4 4.9086E-4 5.37147E-4 5.06278E-4 3.18525E-4 8.53051E-4 4.36223E-4 5.04895E-4 2.94985E-4 5.05116E-4 8.04891E-4 5.0971E-4 3.01263E-4 3.85375E-4 8.43553E-4 2.98282E-4 3.9744E-4 5.21348E-4 6.82316E-4 2.66491E-4 8.35186E-4 5.33717E-4 3.1144E-4 5.32036E-4 4.86519E-4 3.01781E-4 4.92736E-4 5.28272E-4 5.14578E-4 8.33161E-4 3.21672E-4 4.09274E-4 8.20468E-4 3.18813E-4 7.05883E-4 8.23341E-4 5.0628E-4 8.1393E-4 4.32117E-4 8.56967E-4 4.09614E-4 8.05066E-4 3.25188E-4 5.31122E-4 4.80591E-4 3.03067E-4 4.93357E-4 4.90498E-4 3.07463E-4 5.06058E-4 5.14723E-4 5.46799E-4 4.92523E-4 8.54256E-4 8.03948E-4 8.24001E-4 3.22535E-4 3.16426E-4 7.75462E-4 2.94782E-4 4.72416E-4 3.0381E-4 2.91504E-4 8.66732E-4 6.87662E-4 8.47286E-4 8.0097E-4 5.08243E-4 8.25836E-4 7.42037E-4 8.07548E-4 8.36878E-4 3.25385E-4 8.23487E-4 8.00697E-4 4.33074E-4 3.03375E-4 8.3957E-4 8.31764E-4 3.26663E-4 4.95709E-4 3.3152E-4 4.95252E-4 4.89429E-4 4.26703E-4 8.44864E-4 9.25729E-4 5.34346E-4 3.14747E-4 6.98632E-4 3.03296E-4 4.92646E-4 2.67893E-4 3.05946E-4 3.16491E-4 3.10105E-4 8.27018E-4 3.10801E-4 5.77158E-4 2.9759E-4 5.39447E-4 8.33423E-4 5.40326E-4 7.89457E-4 3.1903E-4 5.34572E-4 4.12428E-4 7.8262E-4 2.97694E-4 5.55696E-4 8.11458E-4 8.11552E-4 3.25032E-4 3.92715E-4 8.14749E-4 2.9057E-4 3.96461E-4 8.28598E-4 6.76686E-4 2.57554E-4 8.31303E-4 5.3183E-4 3.13041E-4 5.0591E-4 8.40306E-4 3.23043E-4 5.06759E-4 5.0083E-4 5.29774E-4 4.90073E-4 3.25454E-4 3.9258E-4 4.91452E-4 3.17977E-4 6.98163E-4 5.6816E-4 8.3406E-4 5.10951E-4 4.13271E-4 8.42665E-4 4.07259E-4 7.81618E-4 3.08712E-4 8.21852E-4 7.61428E-4 3.04223E-4 5.14198E-4 4.88087E-4 3.03416E-4 4.95154E-4 4.9928E-4 5.12872E-4 4.71179E-4 4.91085E-4 4.85244E-4 8.54063E-4 3.16916E-4 3.00615E-4 7.76868E-4 2.97822E-4 7.85576E-4 3.23958E-4 2.88359E-4 5.16482E-4 6.85413E-4 5.39299E-4 4.97654E-4 8.32111E-4 7.7526E-4 4.7772E-4 8.29238E-4 8.55005E-4 3.19928E-4 5.00705E-4 4.91924E-4 4.43102E-4 3.08049E-4 8.97913E-4 8.31766E-4 3.08087E-4 8.577E-4 3.38581E-4 5.65245E-4 5.20916E-4 4.38272E-4 4.98524E-4 9.69513E-4 8.19591E-4 3.66243E-4 4.7447E-4 2.9406E-4 5.28806E-4 2.80857E-4 3.13774E-4 3.14634E-4 3.05044E-4 8.22317E-4 3.23559E-4 5.52577E-4 3.05655E-4 8.61272E-4 7.94097E-4 5.24839E-4 8.63864E-4 3.13695E-4 8.47071E-4 4.37012E-4 4.88688E-4 2.82778E-4 8.39577E-4 5.18312E-4 5.04547E-4 3.05468E-4 4.05239E-4 8.41212E-4 3.18453E-4 4.19208E-4 5.24571E-4 4.54314E-4 2.73885E-4 5.30501E-4 8.43443E-4 3.14358E-4 5.29784E-4 4.88579E-4 3.09841E-4 5.89405E-4 8.38487E-4 8.17623E-4 7.91128E-4 3.23691E-4 4.13999E-4 5.0798E-4 3.19212E-4 7.10043E-4 8.22352E-4 5.27523E-4 5.11368E-4 4.00766E-4 8.42551E-4 4.13589E-4 4.80064E-4 3.12478E-4 5.16012E-4 8.05468E-4 3.2497E-4 8.14486E-4 8.17575E-4 3.13845E-4 5.15761E-4 5.09758E-4 8.26374E-4 5.18207E-4 8.16664E-4 5.34833E-4 5.17269E-4 3.19553E-4 2.97506E-4 4.74108E-4 3.05981E-4 4.59837E-4 3.22797E-4 3.0964E-4 8.18971E-4 4.48478E-4 8.36757E-4 8.05783E-4 8.02252E-4 4.87054E-4 7.84547E-4 8.36694E-4 5.44475E-4 3.02638E-4 8.38426E-4 5.11259E-4 4.30316E-4 3.153E-4 5.38878E-4 8.4879E-4 3.11979E-4 5.09819E-4 3.10306E-4 8.40088E-4 8.25333E-4 7.26964E-4 8.22763E-4 9.01003E-4 8.22357E-4 3.16557E-4 6.96765E-4 3.04942E-4 5.03399E-4 2.58481E-4 3.34931E-4 3.35221E-4 3.15117E-4 8.1888E-4 3.16591E-4 8.37407E-4 2.92137E-4 8.52312E-4 5.01694E-4 8.23341E-4 5.05356E-4 2.98986E-4 5.22794E-4 4.04303E-4 5.64895E-4 2.8605E-4 5.10987E-4 5.18702E-4 5.25681E-4 4.4312E-4 3.95721E-4 9.44141E-4 2.82385E-4 3.90171E-4 8.73174E-4 7.14372E-4 2.66749E-4 7.92169E-4 7.96559E-4 3.01816E-4 5.11517E-4 7.92701E-4 2.94662E-4 7.96831E-4 8.06407E-4 8.17349E-4 8.04109E-4 3.15309E-4 3.93623E-4 8.1013E-4 2.9802E-4 4.29704E-4 5.11707E-4 8.22665E-4 5.18351E-4 3.85943E-4 5.24453E-4 4.03177E-4 7.94773E-4 3.16378E-4 7.95808E-4 7.80114E-4 3.07896E-4 8.04628E-4 7.78452E-4 3.11462E-4 7.89568E-4 5.1847E-4 8.20835E-4 8.13178E-4 7.88965E-4 5.26414E-4 8.29693E-4 3.25457E-4 3.15951E-4 4.66608E-4 2.87036E-4 4.62341E-4 3.0304E-4 2.85996E-4 5.03807E-4 4.42941E-4 5.26428E-4 4.89974E-4 8.15423E-4 4.90679E-4 7.54985E-4 7.9173E-4 8.4913E-4 3.19382E-4 5.08593E-4 5.0758E-4 6.87715E-4 3.2741E-4 5.21517E-4 8.55122E-4 3.12031E-4 8.14287E-4 3.24191E-4 5.03535E-4 8.41634E-4 4.94163E-4 8.27365E-4 5.5885E-4 8.32355E-4 3.22851E-4 6.86122E-4 3.09567E-4 8.12947E-4 2.76662E-4 2.96953E-4 3.07398E-4 3.00233E-4 5.11022E-4 3.54661E-4 5.45255E-4 3.02558E-4 8.70127E-4 5.30946E-4 5.21278E-4 8.32394E-4 2.98589E-4 8.47526E-4 4.33826E-4 5.07208E-4 3.30132E-4 8.45433E-4 5.00583E-4 0.001179693 3.08016E-4 4.1119E-4 8.16469E-4 2.8826E-4 4.13512E-4 8.19081E-4 6.78603E-4 2.86451E-4 5.31955E-4 5.03289E-4 3.11846E-4 8.5725E-4 5.22864E-4 3.07208E-4 4.93254E-4 7.98881E-4 5.40852E-4 8.30811E-4 3.19135E-4 4.34978E-4 8.32798E-4 3.13582E-4 4.43012E-4 5.19002E-4 8.36102E-4 8.0689E-4 4.08632E-4 5.12955E-4 4.01275E-4 8.09262E-4 3.52662E-4 5.13131E-4 4.82184E-4 3.17592E-4 4.88582E-4 4.92679E-4 3.18986E-4 8.24886E-4 5.30487E-4 8.14429E-4 4.97644E-4 8.04647E-4 8.20062E-4 5.56368E-4 3.12923E-4 3.06188E-4 7.86433E-4 2.84531E-4 4.61963E-4 3.0125E-4 2.85315E-4 8.36406E-4 6.87862E-4 8.27269E-4 5.43913E-4 8.04169E-4 4.78733E-4 7.70294E-4 8.07801E-4 8.24182E-4 2.92352E-4 8.05371E-4 5.18526E-4 4.39794E-4 3.04885E-4 5.51043E-4 5.23989E-4 3.11441E-4 4.86435E-4 3.03247E-4 4.81275E-4 7.95379E-4 6.83759E-4 5.04047E-4 5.37013E-4 8.47533E-4 3.16323E-4 7.10061E-4 3.1878E-4 5.10474E-4 2.63913E-4 3.15554E-4 3.19298E-4 3.15253E-4 8.201E-4 3.20583E-4 5.36866E-4 2.83181E-4 5.16446E-4 8.08255E-4 8.58407E-4 5.29899E-4 3.05357E-4 8.55212E-4 4.36108E-4 5.03062E-4 2.98951E-4 5.08904E-4 4.88777E-4 8.2485E-4 3.08491E-4 3.87554E-4 8.4974E-4 3.00577E-4 3.88664E-4 5.10185E-4 4.6277E-4 2.54257E-4 4.99392E-4 5.16189E-4 3.01324E-4 5.05305E-4 8.15919E-4 3.01572E-4 4.87409E-4 8.18725E-4 5.41975E-4 5.01606E-4 3.19622E-4 4.09912E-4 8.14254E-4 3.1713E-4 4.45105E-4 8.36109E-4 5.30851E-4 5.00642E-4 3.88959E-4 5.05246E-4 4.27689E-4 4.91348E-4 3.25026E-4 8.33002E-4 5.05765E-4 3.22062E-4 5.00604E-4 5.01734E-4 3.20322E-4 4.77046E-4 5.23792E-4 8.27438E-4 5.21067E-4 8.16935E-4 9.00217E-4 8.20723E-4 3.25571E-4 3.03448E-4 7.77658E-4 2.92576E-4 7.59101E-4 3.05398E-4 2.89508E-4 8.41076E-4 6.99376E-4 8.31116E-4 5.14835E-4 8.19542E-4 7.87567E-4 4.71568E-4 4.95693E-4 8.39839E-4 2.93729E-4 8.20174E-4 5.09903E-4 4.50681E-4 3.18581E-4 5.38758E-4 5.25624E-4 3.18181E-4 4.87104E-4 3.1893E-4 4.93218E-4 8.01074E-4 7.13671E-4 5.24154E-4 8.91684E-4 5.29767E-4 3.00531E-4 4.28561E-4 3.06514E-4 4.91887E-4 2.73361E-4 3.00066E-4 3.07252E-4 3.00843E-4 8.17174E-4 3.25042E-4 5.49361E-4 2.87374E-4 8.60574E-4 7.93651E-4 8.15743E-4 7.94172E-4 3.09742E-4 8.07068E-4 4.37682E-4 5.07533E-4 2.96464E-4 8.47944E-4 5.16237E-4 5.01318E-4 3.066E-4 3.77294E-4 7.727E-4 2.9592E-4 3.64901E-4 4.81888E-4 6.39486E-4 2.60441E-4 9.37725E-4 5.94952E-4 3.61768E-4 5.57189E-4 9.09461E-4 3.77796E-4 5.85314E-4 5.73436E-4 9.70729E-4 6.10332E-4 3.40246E-4 3.88906E-4 4.69243E-4 3.01718E-4 6.33605E-4 8.00564E-4 7.61421E-4 4.78325E-4 3.65837E-4 4.83903E-4 3.81263E-4 4.38137E-4 3.01635E-4 4.82051E-4 4.60553E-4 3.32992E-4 7.81304E-4 4.8781E-4 3.01404E-4 7.81254E-4 4.86247E-4 4.78355E-4 7.77266E-4 4.91628E-4 8.02114E-4 5.29314E-4 3.09572E-4 2.96678E-4 5.44538E-4 2.74534E-4 7.25499E-4 3.22809E-4 3.51609E-4 4.93126E-4 6.54924E-4 5.58764E-4 4.58952E-4 7.72902E-4 4.497E-4 4.1755E-4 4.92885E-4 7.99165E-4 2.88756E-4 7.80852E-4 4.79585E-4 4.07869E-4 3.10459E-4 5.54656E-4 5.11464E-4 3.19217E-4 4.56142E-4 3.16251E-4 7.64652E-4 4.7822E-4 4.14017E-4 7.49391E-4 8.78066E-4 8.0444E-4 3.68777E-4 4.23716E-4 2.99522E-4 7.74227E-4 2.64866E-4 3.00905E-4 3.10428E-4 3.09661E-4 7.73566E-4 3.16543E-4 8.14652E-4 2.82189E-4 5.12632E-4 7.78698E-4 5.16324E-4 4.8019E-4 3.04248E-4 7.96409E-4 4.04942E-4 4.65869E-4 2.92033E-4 8.10851E-4 7.4534E-4 4.77185E-4 2.93695E-4 3.70603E-4 7.94537E-4 2.8947E-4 3.86875E-4 7.74871E-4 4.40967E-4 2.58742E-4 7.59328E-4 4.99533E-4 3.22412E-4 7.91906E-4 4.89058E-4 3.28944E-4 8.02725E-4 7.4062E-4 4.9813E-4 4.73636E-4 3.16947E-4 3.79735E-4 7.73616E-4 3.20501E-4 6.6084E-4 7.93155E-4 4.83665E-4 7.91527E-4 3.81868E-4 4.99088E-4 3.75516E-4 4.60355E-4 3.164E-4 4.8364E-4 7.76072E-4 3.22009E-4 7.64419E-4 4.7651E-4 3.04325E-4 4.80266E-4 4.89436E-4 7.76932E-4 7.62197E-4 7.79082E-4 4.98052E-4 8.11685E-4 3.23754E-4 3.11068E-4 4.44185E-4 1.17807E-4 7.50133E-4 3.47646E-4 3.13136E-4 4.85217E-4 4.19493E-4 5.12403E-4 4.68528E-4 4.61386E-4 4.46623E-4 7.73174E-4 5.05536E-4 8.17664E-4 1.23097E-4 4.91553E-4 7.95663E-4 4.19481E-4 3.13866E-4 5.28004E-4 5.12973E-4 3.2261E-4 4.58537E-4 3.34272E-4 4.72877E-4 7.80786E-4 6.65442E-4 4.88068E-4 9.27838E-4 8.00951E-4 3.2632E-4 6.73777E-4 2.97854E-4 7.90388E-4 2.64225E-4 3.20519E-4 3.30365E-4 3.12082E-4 4.93776E-4 3.29806E-4 8.37913E-4 3.01308E-4 8.91885E-4 5.06801E-4 4.95818E-4 4.63371E-4 3.04238E-4 5.01157E-4 4.12819E-4 7.68647E-4 2.92958E-4 8.00939E-4 7.8562E-4 5.07756E-4 3.07937E-4 3.78336E-4 7.93259E-4 3.01936E-4 3.82271E-4 5.12379E-4 6.74995E-4 2.71199E-4 4.95361E-4 8.09524E-4 3.09817E-4 8.17297E-4 7.73978E-4 3.13273E-4 7.97595E-4 6.27306E-4 9.57717E-4 9.06606E-4 3.71431E-4 4.50598E-4 5.59281E-4 3.61439E-4 4.81055E-4 5.4902E-4 9.30044E-4 8.2424E-4 4.0483E-4 4.98574E-4 3.78916E-4 7.59786E-4 3.23214E-4 7.79122E-4 7.5123E-4 3.24436E-4 4.86654E-4 4.69905E-4 3.36634E-4 7.89844E-4 5.21663E-4 8.01038E-4 4.61711E-4 7.99913E-4 7.74607E-4 5.31261E-4 3.15346E-4 3.20425E-4 7.45563E-4 3.07533E-4 7.4681E-4 3.19714E-4 3.0834E-4 4.79011E-4 4.25162E-4 8.1434E-4 4.72648E-4 7.90955E-4 7.80434E-4 6.96336E-4 7.84776E-4 5.20193E-4 2.87307E-4 8.12983E-4 4.86259E-4 6.56898E-4 3.11584E-4 8.90802E-4 8.27983E-4 3.15628E-4 8.00055E-4 3.11492E-4 4.6745E-4 7.8742E-4 6.61549E-4 4.79726E-4 8.88451E-4 7.90107E-4 3.36654E-4 6.57343E-4 3.00773E-4 4.53983E-4 2.54871E-4 3.03928E-4 3.50696E-4 3.43629E-4 5.32865E-4 3.00136E-4 8.33942E-4 2.79991E-4 8.35382E-4 4.91441E-4 4.86755E-4 4.59785E-4 3.27255E-4 8.04059E-4 4.39587E-4 4.72131E-4 2.89016E-4 7.58891E-4 7.60827E-4 7.75968E-4 3.10699E-4 3.67591E-4 8.05672E-4 2.97274E-4 3.75902E-4 5.098E-4 6.83037E-4 2.50709E-4 4.85641E-4 7.76029E-4 3.10422E-4 7.84757E-4 7.5268E-4 2.92965E-4 7.56821E-4 7.45684E-4 7.90727E-4 7.52431E-4 3.05436E-4 3.92165E-4 7.86786E-4 4.00781E-4 3.96426E-4 4.93465E-4 5.09844E-4 8.81054E-4 3.89468E-4 7.79118E-4 3.76546E-4 7.20306E-4 3.10084E-4 7.50796E-4 7.29446E-4 3.80346E-4 8.1446E-4 7.52041E-4 3.59274E-4 5.26694E-4 7.88519E-4 8.14524E-4 4.56413E-4 7.78549E-4 8.22616E-4 7.89695E-4 3.12002E-4 2.88784E-4 7.04645E-4 3.1255E-4 4.64137E-4 3.05622E-4 3.05494E-4 4.77066E-4 4.08836E-4 8.07571E-4 7.22061E-4 7.66757E-4 7.33959E-4 4.19709E-4 4.59272E-4 4.96985E-4 2.76007E-4 4.93151E-4 4.62797E-4 3.95386E-4 3.17311E-4 5.73358E-4 4.98388E-4 3.04761E-4 4.56371E-4 3.03127E-4 4.58271E-4 4.95115E-4 4.19213E-4 7.81139E-4 9.883E-4 8.96802E-4 3.41669E-4 4.94413E-4 3.4614E-4 5.35347E-4 2.94815E-4 3.21548E-4 3.07216E-4 3.15153E-4 4.64659E-4 3.04269E-4 4.92253E-4 2.84435E-4 8.39581E-4 4.86751E-4 4.81138E-4 4.48757E-4 2.98864E-4 8.06043E-4 4.17439E-4 8.19375E-4 3.14735E-4 7.68968E-4 7.61541E-4 7.54078E-4 3.06414E-4 3.68561E-4 7.76775E-4 2.78089E-4 3.71998E-4 5.09091E-4 6.66787E-4 2.99904E-4 5.77303E-4 7.90335E-4 3.04318E-4 7.81617E-4 4.70045E-4 2.98718E-4 4.37881E-4 4.59699E-4 4.75092E-4 7.70895E-4 3.29054E-4 3.76933E-4 8.35176E-4 3.04522E-4 6.84164E-4 5.06416E-4 4.63072E-4 7.95541E-4 4.21743E-4 7.88694E-4 3.69335E-4 4.44156E-4 4.5478E-4 6.53416E-4 6.1023E-4 4.23979E-4 0.001059798 6.54104E-4 4.28138E-4 6.36932E-4 6.60095E-4 8.33779E-4 4.66207E-4 7.77238E-4 5.01998E-4 4.73219E-4 3.04795E-4 3.02399E-4 4.22124E-4 3.11179E-4 4.22254E-4 2.99859E-4 2.83082E-4 7.99054E-4 6.8065E-4 7.84796E-4 4.59131E-4 4.55182E-4 4.5066E-4 6.96306E-4 4.63122E-4 7.49192E-4 2.76972E-4 8.3319E-4 7.82505E-4 6.53345E-4 3.06413E-4 5.16141E-4 8.21446E-4 3.16395E-4 7.65366E-4 3.14153E-4 4.75886E-4 8.35888E-4 6.72695E-4 7.48198E-4 5.8136E-4 4.80849E-4 3.45112E-4 4.01157E-4 3.13888E-4 4.79604E-4 2.62345E-4 2.95198E-4 3.06946E-4 2.98068E-4 8.10917E-4 3.21266E-4 8.3251E-4 2.9561E-4 8.42397E-4 4.81785E-4 7.96227E-4 4.84175E-4 3.431E-4 5.0848E-4 4.15198E-4 8.44907E-4 2.79014E-4 7.75051E-4 4.77747E-4 7.77542E-4 3.1104E-4 3.76236E-4 7.70798E-4 2.94769E-4 3.75113E-4 4.83013E-4 6.78528E-4 2.58599E-4 7.72195E-4 4.89022E-4 3.04053E-4 4.63754E-4 4.7433E-4 2.9265E-4 7.57979E-4 4.79876E-4 7.76642E-4 4.9466E-4 3.05016E-4 4.13196E-4 7.91307E-4 3.16656E-4 4.18221E-4 7.97241E-4 7.77175E-4 4.77145E-4 3.91864E-4 7.88581E-4 3.87712E-4 7.33427E-4 3.14604E-4 7.83162E-4 4.63079E-4 3.11845E-4 7.72073E-4 4.73961E-4 3.13502E-4 7.52864E-4 4.83047E-4 7.83217E-4 4.53511E-4 4.78248E-4 7.90838E-4 8.0501E-4 3.27549E-4 3.11086E-4 7.24522E-4 2.88772E-4 4.65221E-4 3.49223E-4 2.89939E-4 4.75708E-4 6.61664E-4 5.15448E-4 7.48665E-4 7.50251E-4 4.47203E-4 7.03454E-4 5.65599E-4 7.86267E-4 2.88282E-4 8.22168E-4 4.90021E-4 6.68444E-4 3.45734E-4 8.48611E-4 5.37864E-4 3.81669E-4 4.54895E-4 3.13088E-4 7.71321E-4 7.79314E-4 6.41695E-4 7.74108E-4 5.72526E-4 4.80753E-4 3.3693E-4 3.88319E-4 3.34569E-4 7.64394E-4 2.63421E-4 3.1594E-4 3.23905E-4 3.18544E-4 4.79815E-4 3.19037E-4 8.25141E-4 2.94853E-4 8.31676E-4 4.87784E-4 4.96334E-4 8.03741E-4 3.39566E-4 5.28734E-4 3.99257E-4 7.73519E-4 3.39794E-4 9.03117E-4 8.73171E-4 8.63643E-4 3.51512E-4 3.87499E-4 5.02077E-4 2.88413E-4 4.22617E-4 5.51933E-4 6.62884E-4 2.67662E-4 4.86819E-4 8.05055E-4 3.08291E-4 7.7319E-4 7.44676E-4 3.11452E-4 7.78127E-4 7.22562E-4 7.65679E-4 4.82575E-4 2.98374E-4 3.70673E-4 7.93882E-4 3.08814E-4 6.47235E-4 5.02573E-4 4.65323E-4 7.91551E-4 3.82593E-4 8.03823E-4 3.83426E-4 7.36296E-4 3.02798E-4 7.56999E-4 7.33736E-4 3.09733E-4 4.5175E-4 4.52824E-4 2.91289E-4 4.61698E-4 5.12282E-4 4.68173E-4 4.64838E-4 8.09277E-4 5.05157E-4 8.30828E-4 3.45136E-4 4.15382E-4 8.72737E-4 3.50063E-4 5.16473E-4 3.67814E-4 3.59499E-4 9.82418E-4 7.93813E-4 9.41517E-4 5.52686E-4 6.45756E-4 4.75057E-4 3.76069E-4 4.5623E-4 4.77976E-4 3.13068E-4 7.71862E-4 4.85542E-4 3.89402E-4 3.1002E-4 5.21866E-4 7.69389E-4 3.04773E-4 4.75318E-4 3.24627E-4 7.55156E-4 7.76857E-4 4.07519E-4 4.5927E-4 5.48371E-4 7.98535E-4 3.1665E-4 6.56899E-4 3.17128E-4 7.73135E-4 2.61145E-4 2.9235E-4 3.22488E-4 3.20296E-4 4.98094E-4 3.07714E-4 5.03964E-4 2.84087E-4 8.58273E-4 7.5793E-4 5.14635E-4 4.6362E-4 3.05037E-4 7.71345E-4 4.13694E-4 7.32973E-4 2.97539E-4 4.76729E-4 4.56101E-4 4.77418E-4 3.04811E-4 3.85062E-4 5.05114E-4 2.94407E-4 3.66776E-4 4.73704E-4 6.36927E-4 2.50333E-4 4.64188E-4 5.03365E-4 3.16301E-4 7.81001E-4 5.31289E-4 3.07352E-4 7.69351E-4 7.29393E-4 4.95812E-4 4.70728E-4 2.95651E-4 3.66118E-4 7.77742E-4 3.32163E-4 4.1408E-4 4.77586E-4 7.78667E-4 7.67009E-4 3.8613E-4 4.81194E-4 3.71333E-4 7.72887E-4 3.48538E-4 4.60034E-4 7.63371E-4 3.12286E-4 7.41265E-4 4.86743E-4 3.02539E-4 7.69053E-4 4.80626E-4 7.63294E-4 4.52073E-4 5.06629E-4 8.17753E-4 5.33589E-4 3.072E-4 3.56527E-4 4.40065E-4 2.81685E-4 4.1884E-4 3.66713E-4 2.86342E-4 4.78449E-4 4.13907E-4 4.93783E-4 7.63963E-4 7.49251E-4 4.34677E-4 3.76048E-4 7.60628E-4 5.1968E-4 2.78468E-4 5.50885E-4 4.5772E-4 4.26544E-4 3.39854E-4 5.18197E-4 7.84654E-4 3.01812E-4 7.56978E-4 3.12799E-4 7.69375E-4 5.08328E-4 6.47599E-4 4.69737E-4 8.66667E-4 5.18222E-4 3.00832E-4 4.28704E-4 3.05824E-4 7.91626E-4 2.59671E-4 2.94765E-4 3.06194E-4 3.14339E-4 4.68341E-4 3.21998E-4 4.99379E-4 3.24506E-4 5.49818E-4 7.79125E-4 4.88711E-4 0.001322758 3.09515E-4 4.93684E-4 3.99358E-4 5.01469E-4 2.80219E-4 4.66108E-4 7.75356E-4 8.26186E-4 3.03798E-4 3.60564E-4 7.47297E-4 2.89491E-4 4.01356E-4 8.02876E-4 4.34535E-4 3.06302E-4 5.10537E-4 7.87609E-4 3.16567E-4 7.41976E-4 4.87782E-4 2.98738E-4 7.49392E-4 7.73412E-4 5.03907E-4 5.07654E-4 3.03701E-4 3.80214E-4 5.13895E-4 3.13211E-4 6.76848E-4 4.95004E-4 4.58835E-4 7.84598E-4 3.85557E-4 4.84988E-4 3.67753E-4 7.40483E-4 3.16672E-4 4.573E-4 7.51566E-4 3.215E-4 7.64963E-4 7.68482E-4 3.13355E-4 8.17563E-4 4.76601E-4 8.5933E-4 7.50511E-4 4.90441E-4 4.65502E-4 8.41658E-4 3.10498E-4 2.8796E-4 4.33819E-4 2.79261E-4 4.24725E-4 3.25475E-4 2.81388E-4 7.85165E-4 6.32207E-4 7.71783E-4 7.25739E-4 7.32465E-4 4.37201E-4 3.80585E-4 4.62699E-4 7.74148E-4 2.89327E-4 4.61155E-4 0.001044418 4.97569E-4 4.00931E-4 0.00108904 9.53354E-4 3.86387E-4 9.47025E-4 3.84345E-4 8.84897E-4 5.05093E-4 4.86325E-4 8.21308E-4 0.001021899 6.99365E-4 3.53212E-4 4.11368E-4 3.12809E-4 8.79193E-4 2.89978E-4 2.9288E-4 3.182E-4 3.05094E-4 4.78356E-4 3.1207E-4 5.18394E-4 2.79293E-4 8.32219E-4 8.1109E-4 7.56987E-4 4.64739E-4 2.92741E-4 8.32552E-4 4.08181E-4 7.35335E-4 2.85476E-4 7.85559E-4 4.95406E-4 4.76401E-4 3.14443E-4 3.74793E-4 4.79181E-4 3.03352E-4 3.78514E-4 5.07673E-4 6.55307E-4 2.82232E-4 4.96071E-4 8.11373E-4 3.11168E-4 4.82881E-4 4.72102E-4 3.11066E-4 7.79124E-4 7.54855E-4 5.16019E-4 7.77819E-4 3.15529E-4 3.72123E-4 4.85028E-4 3.19915E-4 7.11255E-4 8.02145E-4 4.83387E-4 7.78605E-4 3.87508E-4 7.88361E-4 3.78733E-4 4.44004E-4 3.10019E-4 7.90225E-4 4.70801E-4 3.51176E-4 4.45904E-4 4.84281E-4 2.97045E-4 7.72564E-4 5.0839E-4 8.28609E-4 7.49145E-4 7.71065E-4 4.7478E-4 8.42986E-4 3.08135E-4 2.98769E-4 4.33967E-4 2.87158E-4 4.07016E-4 3.27037E-4 3.04899E-4 4.67868E-4 4.07897E-4 8.15578E-4 4.6295E-4 4.65885E-4 7.42085E-4 6.73761E-4 7.95632E-4 4.72701E-4 3.15205E-4 7.92229E-4 5.13685E-4 6.49577E-4 3.03626E-4 5.35114E-4 4.84244E-4 3.09275E-4 4.62052E-4 3.25933E-4 7.73567E-4 7.69035E-4 4.103E-4 7.88383E-4 8.8932E-4 5.26218E-4 3.53203E-4 3.94573E-4 2.88209E-4 4.56436E-4 2.67849E-4 3.10037E-4 3.04017E-4 3.18413E-4 4.69629E-4 3.13021E-4 5.00042E-4 2.86767E-4 5.57383E-4 4.72996E-4 7.74392E-4 7.5199E-4 3.13639E-4 4.97955E-4 3.89824E-4 5.13698E-4 3.55846E-4 0.001384548 8.00402E-4 7.96184E-4 3.03403E-4 3.67016E-4 4.68808E-4 2.77913E-4 3.6757E-4 7.95599E-4 6.4412E-4 2.5822E-4 4.72923E-4 8.31788E-4 3.11901E-4 7.31778E-4 5.17409E-4 3.00284E-4 4.58503E-4 4.4659E-4 4.57886E-4 4.97102E-4 3.04518E-4 3.77192E-4 5.10148E-4 3.27713E-4 6.95409E-4 4.89315E-4 7.80099E-4 7.52353E-4 3.63706E-4 7.52003E-4 3.71079E-4 4.44942E-4 3.0277E-4 7.91209E-4 7.3964E-4 3.17861E-4 7.57358E-4 7.59735E-4 3.05291E-4 4.73031E-4 4.68073E-4 8.04151E-4 7.89093E-4 5.69997E-4 8.50134E-4 5.33614E-4 3.1943E-4 3.01577E-4 4.25049E-4 3.19048E-4 4.41135E-4 3.09627E-4 2.91979E-4 7.80398E-4 6.1918E-4 7.66795E-4 7.31948E-4 7.35858E-4 5.16243E-4 6.73578E-4 5.235E-4 7.55403E-4 3.31578E-4 5.16306E-4 8.83715E-4 6.21267E-4 3.5463E-4 8.45423E-4 5.12018E-4 3.50546E-4 7.70636E-4 3.14653E-4 4.85889E-4 9.43414E-4 4.81688E-4 5.34211E-4 0.001044272 9.27236E-4 3.39742E-4 7.19595E-4 3.18068E-4 4.74058E-4 2.70878E-4 3.7352E-4 3.2914E-4 3.68148E-4 7.55233E-4 3.40284E-4 5.13856E-4 2.83779E-4 6.32342E-4 7.53915E-4 7.73942E-4 4.64867E-4 4.09572E-4 8.00349E-4 5.65903E-4 8.94152E-4 3.73065E-4 8.39433E-4 7.53871E-4 7.96926E-4 3.05644E-4 3.78472E-4 5.03025E-4 4.42862E-4 3.85973E-4 7.84817E-4 9.89465E-4 2.62323E-4 4.79509E-4 4.79216E-4 3.05182E-4 7.88711E-4 7.0196E-4 3.12518E-4 7.3228E-4 7.44215E-4 5.04771E-4 7.71845E-4 3.02682E-4 3.84418E-4 7.27277E-4 3.45993E-4 4.05231E-4 7.16016E-4 4.7056E-4 8.81677E-4 3.83331E-4 4.8049E-4 3.66725E-4 6.67687E-4 2.9969E-4 7.12442E-4 6.35254E-4 2.96517E-4 7.15349E-4 7.00807E-4 3.11409E-4 4.68534E-4 5.14529E-4 7.6316E-4 4.43194E-4 6.98712E-4 4.98501E-4 7.42009E-4 3.19226E-4 3.12852E-4 6.80836E-4 3.22765E-4 7.10802E-4 3.02326E-4 2.87673E-4 7.75005E-4 4.13032E-4 7.11563E-4 6.36146E-4 8.03359E-4 5.77321E-4 4.28144E-4 4.64421E-4 4.58316E-4 2.83817E-4 8.03953E-4 4.76766E-4 6.17985E-4 3.18175E-4 5.20179E-4 5.10115E-4 3.16926E-4 8.0877E-4 3.5296E-4 7.51973E-4 6.82637E-4 4.07669E-4 4.51308E-4 5.38341E-4 8.64314E-4 3.02849E-4 5.19685E-4 3.07456E-4 5.73341E-4 2.58178E-4 3.01025E-4 3.0968E-4 2.96409E-4 5.55953E-4 3.16691E-4 6.71115E-4 4.45859E-4 8.26693E-4 6.29488E-4 9.00785E-4 5.84508E-4 3.10669E-4 5.97298E-4 5.31268E-4 5.41842E-4 3.0383E-4 5.41325E-4 8.61791E-4 8.20244E-4 2.89786E-4 4.59958E-4 9.16863E-4 2.75749E-4 4.66612E-4 5.52338E-4 7.72822E-4 2.67704E-4 5.68145E-4 5.67208E-4 3.08294E-4 5.26729E-4 9.11067E-4 3.0002E-4 5.63843E-4 5.42263E-4 9.3871E-4 5.90487E-4 3.58165E-4 4.47272E-4 5.46742E-4 3.20429E-4 8.18745E-4 8.9346E-4 8.68245E-4 9.12068E-4 4.60082E-4 0.001024566 4.64606E-4 5.39033E-4 3.17658E-4 5.14379E-4 5.59602E-4 3.04515E-4 9.04682E-4 6.12538E-4 3.03183E-4 5.43601E-4 5.94779E-4 5.50853E-4 8.55556E-4 6.10261E-4 5.67062E-4 6.4469E-4 3.65952E-4 3.60565E-4 8.56833E-4 3.05623E-4 8.56743E-4 3.32779E-4 3.00511E-4 8.85801E-4 9.57298E-4 7.31075E-4 6.43636E-4 6.81444E-4 0.0011813 0.001025945 0.001141942 0.001146372 2.98687E-4 9.35563E-4 9.79791E-4 5.01654E-4 3.15476E-4 9.78825E-4 9.49828E-4 3.59652E-4 5.77862E-4 3.20615E-4 5.97219E-4 9.55578E-4 8.0013E-4 6.34037E-4 6.69199E-4 5.97597E-4 3.17941E-4 8.09322E-4 3.16403E-4 8.78605E-4 2.64778E-4 3.07675E-4 3.14615E-4 3.11778E-4 5.7037E-4 3.21463E-4 9.82613E-4 3.09575E-4 6.4426E-4 5.90252E-4 9.52982E-4 8.5241E-4 3.06549E-4 9.58192E-4 4.87315E-4 5.88607E-4 2.77642E-4 9.80498E-4 9.55261E-4 6.36889E-4 3.08222E-4 4.63789E-4 5.71087E-4 2.95577E-4 4.89707E-4 9.66334E-4 8.37425E-4 2.80626E-4 9.48648E-4 9.92623E-4 3.1529E-4 9.35653E-4 6.09037E-4 3.10086E-4 5.42529E-4 5.65812E-4 9.25185E-4 5.97855E-4 3.65204E-4 5.87574E-4 6.9575E-4 3.13817E-4 5.18928E-4 0.001263726 6.34004E-4 9.30402E-4 4.36416E-4 5.89354E-4 4.73976E-4 5.2856E-4 3.51223E-4 5.48348E-4 5.49696E-4 3.62436E-4 5.61851E-4 9.56362E-4 3.41796E-4 8.85447E-4 9.14534E-4 9.68733E-4 5.99389E-4 8.57459E-4 8.82725E-4 8.83787E-4 3.19191E-4 3.16392E-4 5.40559E-4 2.90796E-4 5.06978E-4 3.15915E-4 3.02995E-4 5.80128E-4 7.21091E-4 6.68699E-4 9.08589E-4 5.89657E-4 5.37887E-4 5.18718E-4 5.66974E-4 9.18959E-4 2.83707E-4 9.44508E-4 8.86828E-4 7.65071E-4 3.47692E-4 6.64722E-4 5.8463E-4 3.25799E-4 5.51973E-4 3.03824E-4 5.2883E-4 9.12688E-4 5.01003E-4 5.56162E-4 6.71525E-4 6.24864E-4 3.08091E-4 8.00424E-4 3.27229E-4 5.53422E-4 2.75495E-4 3.03962E-4 3.20972E-4 2.97254E-4 8.68041E-4 3.07496E-4 6.33907E-4 3.15264E-4 6.33161E-4 9.7985E-4 9.84789E-4 6.56589E-4 3.0467E-4 8.7801E-4 5.24895E-4 5.61773E-4 2.80781E-4 8.96069E-4 5.87088E-4 9.2311E-4 3.09738E-4 4.55114E-4 9.47345E-4 2.88935E-4 4.72381E-4 9.27075E-4 5.37094E-4 2.59938E-4 9.02705E-4 8.98973E-4 3.49083E-4 5.68068E-4 9.32814E-4 3.11087E-4 5.59539E-4 5.75358E-4 5.68049E-4 9.01914E-4 3.04663E-4 4.60101E-4 5.62912E-4 3.59408E-4 5.0593E-4 9.05317E-4 5.84355E-4 8.61694E-4 4.65158E-4 9.30416E-4 4.69537E-4 8.74848E-4 3.44257E-4 5.41977E-4 8.88897E-4 3.04169E-4 9.04728E-4 9.26544E-4 3.18219E-4 5.95325E-4 6.22054E-4 9.16405E-4 6.35371E-4 6.04425E-4 6.01618E-4 0.001010037 3.26583E-4 3.34497E-4 5.66678E-4 3.22091E-4 0.001271525 6.34055E-4 4.93567E-4 0.001581969 6.81222E-4 0.001002482 5.53702E-4 5.8663E-4 5.23934E-4 4.82071E-4 5.44591E-4 9.41478E-4 3.20018E-4 5.53193E-4 6.00777E-4 8.39576E-4 3.98219E-4 0.001089588 6.62819E-4 3.13437E-4 5.80494E-4 3.21339E-4 5.42508E-4 9.31868E-4 7.94025E-4 9.01026E-4 0.00122799 7.1906E-4 3.50399E-4 8.0112E-4 3.03332E-4 9.81368E-4 2.92182E-4 3.1884E-4 3.14871E-4 3.54219E-4 5.90456E-4 3.27302E-4 0.001068085 3.17915E-4 6.75034E-4 5.85303E-4 9.56642E-4 5.99211E-4 3.26719E-4 0.001008578 5.41136E-4 5.96973E-4 2.99274E-4 0.001021244 9.62449E-4 6.23751E-4 3.1527E-4 4.97231E-4 5.78957E-4 2.95295E-4 4.89512E-4 9.62532E-4 7.99411E-4 2.86704E-4 6.05344E-4 9.53187E-4 3.32444E-4 6.1091E-4 8.74602E-4 3.3255E-4 5.60944E-4 9.09001E-4 6.8363E-4 9.91859E-4 3.27142E-4 4.73845E-4 9.24169E-4 3.24985E-4 7.48222E-4 0.001002856 0.00101128 9.47182E-4 5.18917E-4 6.23754E-4 4.76755E-4 9.04551E-4 3.22744E-4 6.03859E-4 5.70604E-4 3.40901E-4 9.50863E-4 9.02691E-4 3.85231E-4 6.00825E-4 6.16522E-4 9.59508E-4 9.89814E-4 0.001006263 6.01074E-4 6.27749E-4 3.28422E-4 3.17748E-4 9.69228E-4 3.51924E-4 5.66816E-4 3.67419E-4 3.72377E-4 6.00834E-4 8.84293E-4 6.84986E-4 5.55514E-4 5.77734E-4 8.0931E-4 7.17314E-4 7.82838E-4 8.31421E-4 4.34172E-4 0.001351275 0.001322706 0.001181111 4.59642E-4 9.21739E-4 0.001440767 4.8718E-4 0.001189588 4.46407E-4 8.02565E-4 0.001202861 6.44549E-4 6.79968E-4 0.00133191 7.35294E-4 3.93597E-4 0.001023967 4.15281E-4 0.001135645 2.98133E-4 3.22623E-4 3.4076E-4 3.27483E-4 6.16748E-4 3.44138E-4 0.001124727 3.24407E-4 7.49656E-4 0.00143072 9.103E-4 0.001481254 7.04497E-4 0.001404212 5.78039E-4 6.02291E-4 3.2284E-4 5.78231E-4 0.001037085 6.08923E-4 3.36185E-4 4.92487E-4 9.46659E-4 3.1226E-4 5.19379E-4 5.84289E-4 8.49493E-4 2.969E-4 9.72052E-4 0.001061203 3.35128E-4 6.08223E-4 5.92162E-4 3.25409E-4 9.07251E-4 9.9281E-4 6.43102E-4 9.9249E-4 3.31872E-4 5.1013E-4 6.16706E-4 3.39582E-4 5.18269E-4 0.001072699 9.39087E-4 6.48072E-4 4.6841E-4 5.98159E-4 4.81273E-4 8.97573E-4 3.28665E-4 5.96753E-4 5.64652E-4 3.3864E-4 5.98013E-4 8.89353E-4 3.27725E-4 9.19075E-4 8.97094E-4 8.35754E-4 5.95999E-4 9.49837E-4 6.09679E-4 6.16561E-4 3.22124E-4 3.47898E-4 9.52555E-4 2.97867E-4 9.10327E-4 3.28672E-4 3.04974E-4 9.6651E-4 8.33077E-4 6.34542E-4 5.53747E-4 5.61497E-4 5.70726E-4 5.12399E-4 0.001027141 9.30581E-4 3.00315E-4 5.91847E-4 0.001000477 7.5508E-4 3.27585E-4 0.001070787 6.5686E-4 3.35248E-4 9.51018E-4 3.34488E-4 8.54089E-4 9.23398E-4 5.19854E-4 5.61264E-4 0.001069323 9.86676E-4 3.3364E-4 5.3034E-4 3.19327E-4 5.77613E-4 2.9126E-4 3.20707E-4 3.21716E-4 3.1772E-4 5.6791E-4 3.15939E-4 9.9871E-5 2.82785E-4 9.95564E-4 6.06235E-4 9.59666E-4 6.00042E-4 3.16954E-4 5.75117E-4 5.10372E-4 8.95468E-4 2.98137E-4 5.87187E-4 9.05529E-4 9.70493E-4 3.57989E-4 4.79545E-4 6.13562E-4 3.03236E-4 5.01063E-4 9.46126E-4 8.85738E-4 3.18361E-4 9.35571E-4 8.06314E-4 4.77115E-4 8.19681E-4 0.001348903 4.51748E-4 8.17313E-4 0.001257694 0.001173779 8.52295E-4 4.18882E-4 5.72832E-4 6.74536E-4 3.77768E-4 8.58964E-4 0.001125264 0.001138639 7.14272E-4 5.20148E-4 8.90181E-4 4.87173E-4 5.68283E-4 3.25764E-4 6.13006E-4 8.90092E-4 3.43927E-4 9.99041E-4 9.40905E-4 3.39343E-4 6.27059E-4 6.2576E-4 9.51803E-4 6.00737E-4 6.12776E-4 9.36502E-4 6.64045E-4 3.50303E-4 3.22605E-4 9.71162E-4 3.16141E-4 8.59895E-4 3.29775E-4 3.0908E-4 8.87394E-4 8.41466E-4 6.62555E-4 9.84405E-4 9.34703E-4 8.43707E-4 5.58404E-4 5.85324E-4 6.16973E-4 3.15924E-4 6.0506E-4 9.71261E-4 5.10725E-4 3.4436E-4 0.001046624 9.87654E-4 3.61489E-4 9.46802E-4 3.21563E-4 5.99102E-4 5.94145E-4 7.36489E-4 8.53425E-4 7.31449E-4 6.46075E-4 3.33076E-4 7.94829E-4 3.29964E-4 6.22745E-4 2.81041E-4 3.2161E-4 3.25965E-4 3.12302E-4 8.20114E-4 3.31772E-4 6.37146E-4 3.22716E-4 0.001025828 6.3584E-4 9.79444E-4 6.12876E-4 3.36661E-4 8.58061E-4 5.37358E-4 6.21323E-4 2.99855E-4 6.15925E-4 9.96E-4 6.5819E-4 3.56274E-4 5.07533E-4 1.43165E-4 3.25622E-4 4.93961E-4 6.30656E-4 7.52844E-4 3.00508E-4 8.90768E-4 7.09367E-4 3.37676E-4 8.87859E-4 1.38092E-4 3.59289E-4 4.92059E-4 8.41269E-4 5.8278E-4 9.28689E-4 3.08107E-4 4.50044E-4 8.86885E-4 3.10235E-4 4.70217E-4 8.03118E-4 1.14224E-4 8.65134E-4 1.37627E-4 8.14999E-4 4.49836E-4 5.87983E-4 2.94117E-4 5.22961E-4 1.19498E-4 3.25528E-4 1.02057E-4 9.3676E-5 3.37015E-4 8.58732E-4 9.24136E-4 5.37669E-4 1.12312E-4 1.06197E-4 5.89306E-4 6.43382E-4 3.33437E-4 3.07517E-4 5.78044E-4 3.0536E-4 8.65445E-4 3.06083E-4 3.09346E-4 1.04373E-4 6.97345E-4 8.83455E-4 1.06367E-4 9.285E-5 1.10394E-4 5.25519E-4 1.01677E-4 9.23819E-4 3.02552E-4 1.09754E-4 1.01017E-4 1.01263E-4 3.31105E-4 9.205E-4 9.89074E-4 3.26785E-4 1.18022E-4 3.24627E-4 1.05009E-4 1.09823E-4 1.03953E-4 1.09102E-4 7.13638E-4 6.3978E-4 3.08744E-4 1.15352E-4 3.01548E-4 9.9241E-5 2.50504E-4 1.13398E-4 3.19701E-4 2.92796E-4 9.6496E-5 2.95893E-4 5.98227E-4 3.03365E-4 0.001036772 1.11161E-4 8.94376E-4 1.09444E-4 3.14513E-4 8.15714E-4 4.81135E-4 9.9338E-5 2.81832E-4 8.51137E-4 1.12669E-4 6.74262E-4 2.86527E-4 1.08424E-4 8.89382E-4 3.08365E-4 5.29868E-4 5.52985E-4 5.12507E-4 2.63188E-4 8.00124E-4 8.94425E-4 4.14057E-4 0.001055637 0.001864613 3.90361E-4 0.00103255 6.75642E-4 0.001096526 0.001076672 3.57587E-4 4.7241E-4 6.06362E-4 3.10937E-4 6.67702E-4 6.16722E-4 5.75968E-4 5.89714E-4 4.45726E-4 8.52372E-4 5.13652E-4 5.39306E-4 3.24324E-4 9.28166E-4 8.71264E-4 3.13935E-4 9.20536E-4 8.72223E-4 3.12431E-4 8.2319E-4 9.84994E-4 7.94027E-4 5.50647E-4 6.20624E-4 6.05734E-4 5.85217E-4 3.61207E-4 3.0762E-4 8.2625E-4 3.22376E-4 5.44297E-4 3.19844E-4 3.15682E-4 8.91911E-4 7.7193E-4 9.5211E-4 5.69547E-4 5.85781E-4 8.12134E-4 7.38934E-4 5.956E-4 8.27567E-4 3.02203E-4 5.79418E-4 8.26446E-4 4.96101E-4 3.15833E-4 6.81462E-4 9.45668E-4 3.2299E-4 8.94756E-4 3.12411E-4 8.33467E-4 7.75104E-4 4.90238E-4 7.95191E-4 0.001054929 6.51268E-4 3.33733E-4 4.85753E-4 3.07481E-4 8.83851E-4 2.69639E-4 3.09124E-4 3.32256E-4 3.19206E-4 8.45334E-4 3.39367E-4 8.26907E-4 3.27231E-4 6.35984E-4 9.26939E-4 9.41916E-4 6.47068E-4 3.25923E-4 9.74608E-4 5.461E-4 8.59679E-4 3.22364E-4 9.42311E-4 8.83452E-4 8.24565E-4 3.10403E-4 4.59241E-4 5.96507E-4 2.85645E-4 4.71385E-4 8.97353E-4 7.68152E-4 2.97835E-4 8.34188E-4 9.42534E-4 3.1759E-4 9.23679E-4 8.56405E-4 3.12076E-4 8.88329E-4 5.89005E-4 9.94026E-4 8.19937E-4 3.06518E-4 5.21884E-4 5.66598E-4 3.0716E-4 4.76792E-4 9.38362E-4 8.55008E-4 9.28043E-4 4.54677E-4 5.88859E-4 4.65675E-4 6.71807E-4 3.46465E-4 8.82355E-4 5.82438E-4 3.46034E-4 8.89776E-4 5.91486E-4 3.05107E-4 5.70736E-4 9.5235E-4 8.10215E-4 8.77961E-4 8.82274E-4 5.7197E-4 5.89264E-4 3.31298E-4 3.12243E-4 5.17397E-4 2.91148E-4 4.89558E-4 3.08128E-4 3.16279E-4 5.68346E-4 5.04968E-4 9.68257E-4 5.47456E-4 5.93796E-4 5.8385E-4 7.34116E-4 9.7777E-4 5.83318E-4 2.97349E-4 8.69283E-4 6.10322E-4 4.88834E-4 3.20345E-4 6.53236E-4 6.11952E-4 3.21765E-4 9.16441E-4 3.15573E-4 8.16567E-4 9.25853E-4 4.96837E-4 7.58114E-4 6.83392E-4 5.8562E-4 3.3064E-4 4.90713E-4 3.20871E-4 5.71411E-4 3.07302E-4 2.97968E-4 3.11397E-4 3.03843E-4 5.61069E-4 3.3664E-4 9.68629E-4 2.80054E-4 6.55387E-4 5.95973E-4 8.97868E-4 5.99111E-4 3.07886E-4 5.69011E-4 5.10975E-4 9.02204E-4 2.87873E-4 5.62361E-4 8.27943E-4 8.43599E-4 3.18016E-4 4.64599E-4 5.5548E-4 2.89334E-4 4.72785E-4 5.62923E-4 5.2269E-4 2.70745E-4 8.48476E-4 8.47901E-4 3.01575E-4 8.70419E-4 6.11415E-4 3.54768E-4 9.08382E-4 8.92925E-4 9.30468E-4 8.73453E-4 3.14293E-4 4.71152E-4 6.84272E-4 3.48104E-4 5.66221E-4 0.001107152 7.69605E-4 7.90274E-4 5.95642E-4 8.02453E-4 4.9401E-4 5.76489E-4 3.49898E-4 8.38637E-4 9.16084E-4 3.24139E-4 5.90871E-4 5.76739E-4 3.21611E-4 5.77358E-4 9.48035E-4 8.63901E-4 8.85373E-4 8.52858E-4 8.1271E-4 8.75645E-4 3.22693E-4 3.12881E-4 9.19662E-4 2.95601E-4 5.24807E-4 3.197E-4 2.89353E-4 5.83148E-4 5.11611E-4 8.85464E-4 8.11006E-4 6.00628E-4 5.69849E-4 4.90072E-4 5.55203E-4 9.2726E-4 2.89781E-4 8.48311E-4 5.86211E-4 5.00967E-4 3.07984E-4 6.85181E-4 9.57776E-4 3.16798E-4 5.80551E-4 3.15625E-4 5.74125E-4 8.1688E-4 5.11724E-4 8.72121E-4 7.44454E-4 9.77845E-4 3.23543E-4 7.29833E-4 3.10902E-4 6.15424E-4 2.99751E-4 3.29116E-4 3.13537E-4 3.05939E-4 6.11664E-4 3.2603E-4 6.2628E-4 3.00117E-4 0.001027793 5.8427E-4 5.82628E-4 8.97471E-4 3.08722E-4 5.8647E-4 4.91911E-4 6.19168E-4 2.9708E-4 9.13771E-4 8.5041E-4 6.07173E-4 3.24637E-4 4.67571E-4 9.09094E-4 3.0378E-4 5.12433E-4 7.94622E-4 5.44422E-4 2.86942E-4 8.51464E-4 9.64729E-4 3.09782E-4 5.87185E-4 6.31798E-4 3.22981E-4 8.37349E-4 5.81537E-4 9.48599E-4 9.34898E-4 3.08428E-4 5.05379E-4 9.13077E-4 3.20305E-4 5.09421E-4 9.70845E-4 5.93752E-4 5.86713E-4 4.44993E-4 5.88545E-4 4.76665E-4 5.61874E-4 3.23825E-4 9.094E-4 5.76016E-4 3.15762E-4 8.67482E-4 6.03058E-4 3.00956E-4 5.97472E-4 5.8993E-4 5.85965E-4 5.29353E-4 5.9315E-4 5.44627E-4 5.8867E-4 3.49077E-4 3.057E-4 8.48309E-4 2.75969E-4 7.37986E-4 3.17501E-4 4.15608E-4 8.53328E-4 5.24261E-4 6.15707E-4 8.93358E-4 8.53174E-4 8.29412E-4 4.74468E-4 5.74665E-4 9.2386E-4 3.27128E-4 5.75868E-4 5.63367E-4 7.23479E-4 3.1516E-4 9.94568E-4 9.70041E-4 3.25759E-4 8.27057E-4 3.61582E-4 9.48913E-4 5.73875E-4 4.87396E-4 8.04114E-4 0.001072332 9.33807E-4 3.10757E-4 7.02674E-4 3.11261E-4 5.63052E-4 2.89087E-4 3.11183E-4 3.05437E-4 2.98715E-4 8.78013E-4 3.19195E-4 6.22953E-4 2.82214E-4 0.001033245 9.34816E-4 9.41464E-4 5.95877E-4 3.13474E-4 5.85864E-4 5.14053E-4 8.94041E-4 3.24663E-4 5.56189E-4 5.99724E-4 5.91158E-4 3.04095E-4 4.70746E-4 6.13787E-4 2.84456E-4 4.98263E-4 0.001411992 7.94433E-4 2.75002E-4 8.0804E-4 0.001092409 3.09917E-4 5.71777E-4 9.24931E-4 3.09832E-4 5.56287E-4 6.29935E-4 5.74826E-4 5.74866E-4 3.03388E-4 4.52136E-4 9.26683E-4 3.17066E-4 4.97711E-4 9.1272E-4 9.44102E-4 5.9347E-4 4.46581E-4 8.97312E-4 4.5613E-4 9.20223E-4 3.05153E-4 6.16123E-4 7.98591E-4 3.10636E-4 9.10709E-4 8.70346E-4 3.4416E-4 5.90116E-4 5.90345E-4 9.09615E-4 5.41351E-4 5.84607E-4 9.11242E-4 8.7058E-4 3.1692E-4 3.05133E-4 5.36813E-4 2.7917E-4 0.001003624 3.53986E-4 3.11355E-4 8.85498E-4 5.03736E-4 6.08492E-4 5.35702E-4 5.65758E-4 5.49615E-4 5.29798E-4 9.36056E-4 8.81272E-4 2.90977E-4 9.15011E-4 5.9821E-4 6.3308E-4 3.21768E-4 6.57977E-4 6.45815E-4 3.4049E-4 5.70824E-4 3.19929E-4 5.62492E-4 9.38096E-4 4.89642E-4 7.93681E-4 7.19282E-4 5.89426E-4 3.15713E-4 5.37017E-4 3.01566E-4 9.90382E-4 3.08414E-4 3.11214E-4 3.22137E-4 3.16683E-4 5.85496E-4 3.12825E-4 9.37775E-4 3.11582E-4 6.54961E-4 9.66834E-4 6.0841E-4 8.53848E-4 3.21829E-4 5.96207E-4 5.05131E-4 5.9594E-4 3.85263E-4 9.1866E-4 9.59404E-4 8.4853E-4 3.15276E-4 4.61946E-4 8.2368E-4 2.98669E-4 5.58499E-4 5.98218E-4 7.72854E-4 2.7587E-4 8.1664E-4 6.06865E-4 3.13004E-4 9.03801E-4 9.48669E-4 3.05451E-4 8.3456E-4 5.92621E-4 5.81097E-4 6.17063E-4 3.14626E-4 4.76844E-4 9.1548E-4 3.13344E-4 7.47488E-4 8.93248E-4 9.03577E-4 9.19505E-4 4.82348E-4 6.28252E-4 4.76564E-4 5.51733E-4 3.08838E-4 5.77606E-4 5.52665E-4 3.29704E-4 5.87915E-4 5.55365E-4 3.20599E-4 8.20165E-4 6.68446E-4 5.59087E-4 5.64535E-4 5.7417E-4 5.3832E-4 0.001001637 3.20105E-4 3.371E-4 5.86323E-4 2.80196E-4 8.51037E-4 2.98925E-4 2.96157E-4 5.91243E-4 5.19625E-4 9.57336E-4 8.88146E-4 5.99842E-4 7.35097E-4 7.93792E-4 5.89802E-4 5.48735E-4 3.28581E-4 9.86271E-4 6.12538E-4 4.94064E-4 3.18288E-4 9.42307E-4 8.5309E-4 3.25721E-4 9.22838E-4 3.26436E-4 5.78657E-4 8.16302E-4 5.04899E-4 5.53903E-4 6.99319E-4 9.22898E-4 3.10345E-4 5.39052E-4 2.99763E-4 5.78744E-4 3.19031E-4 3.21405E-4 3.26729E-4 3.02652E-4 8.99524E-4 3.25676E-4 9.1879E-4 2.99821E-4 6.55858E-4 9.62926E-4 6.26985E-4 9.20929E-4 3.16959E-4 6.14454E-4 5.05029E-4 5.84536E-4 2.84546E-4 5.52481E-4 5.72039E-4 5.83075E-4 3.39213E-4 6.20647E-4 5.6551E-4 2.95664E-4 4.72336E-4 5.65966E-4 5.18638E-4 2.62398E-4 5.46225E-4 6.02398E-4 3.19077E-4 8.55342E-4 7.35406E-4 4.24693E-4 8.39091E-4 5.94535E-4 6.11645E-4 5.76371E-4 3.08045E-4 4.89501E-4 5.69124E-4 3.17679E-4 5.00756E-4 6.29195E-4 8.37152E-4 5.96083E-4 4.47172E-4 5.72289E-4 4.71004E-4 8.12061E-4 3.10921E-4 8.29086E-4 5.80326E-4 3.54199E-4 9.41578E-4 6.16289E-4 3.11889E-4 5.76684E-4 8.47456E-4 5.7117E-4 5.26068E-4 8.79734E-4 5.95727E-4 9.25295E-4 3.1818E-4 3.12982E-4 5.43388E-4 3.18322E-4 5.1785E-4 3.09064E-4 2.89742E-4 9.52278E-4 7.72035E-4 8.5197E-4 5.57987E-4 6.0361E-4 5.41477E-4 4.79314E-4 9.03031E-4 8.97125E-4 3.80244E-4 5.87122E-4 5.81891E-4 4.82662E-4 3.09216E-4 0.001015331 9.2052E-4 3.21614E-4 8.72901E-4 3.44716E-4 9.29793E-4 8.83813E-4 5.27375E-4 8.02417E-4 9.68573E-4 5.98328E-4 3.05589E-4 7.82258E-4 2.9221E-4 9.52477E-4 2.94671E-4 3.1503E-4 3.20026E-4 3.0909E-4 7.91122E-4 3.1363E-4 9.19425E-4 2.97297E-4 6.67886E-4 9.38402E-4 6.46106E-4 9.68881E-4 3.12661E-4 9.09515E-4 5.24273E-4 5.83249E-4 2.82963E-4 8.20428E-4 8.24662E-4 9.37531E-4 3.4644E-4 4.77025E-4 9.22639E-4 2.94642E-4 4.81936E-4 8.48629E-4 7.71909E-4 2.71768E-4 7.97599E-4 6.20431E-4 3.13118E-4 5.70026E-4 5.8726E-4 3.4128E-4 8.17201E-4 8.91492E-4 5.85395E-4 9.55648E-4 4.39937E-4 6.25313E-4 7.518E-4 3.93592E-4 6.37699E-4 0.001083261 0.001113791 7.19274E-4 5.25148E-4 0.001162145 5.07799E-4 9.29251E-4 3.13648E-4 5.79811E-4 5.54159E-4 3.18784E-4 5.62263E-4 9.40753E-4 3.20777E-4 9.03845E-4 6.21618E-4 8.84206E-4 5.6193E-4 7.2478E-4 0.001006088 6.01537E-4 3.16626E-4 3.31392E-4 5.52859E-4 3.21115E-4 8.98186E-4 3.31467E-4 3.03648E-4 9.36222E-4 7.20983E-4 6.15787E-4 5.32194E-4 6.27201E-4 5.49297E-4 4.68007E-4 5.8269E-4 5.6506E-4 2.82041E-4 5.69259E-4 5.74183E-4 7.39456E-4 3.13159E-4 9.26152E-4 9.79386E-4 3.21512E-4 8.96945E-4 3.1585E-4 5.8083E-4 5.69921E-4 4.91148E-4 7.74026E-4 7.77075E-4 8.46104E-4 3.43591E-4 9.80712E-4 4.36165E-4 6.2847E-4 2.86548E-4 3.08865E-4 3.07752E-4 3.29786E-4 5.39113E-4 3.27274E-4 6.26278E-4 3.27202E-4 9.27225E-4 6.37193E-4 6.05863E-4 8.3618E-4 3.22837E-4 5.49875E-4 5.19612E-4 5.77041E-4 3.15379E-4 5.4961E-4 5.55339E-4 8.776E-4 3.08554E-4 4.96631E-4 5.63164E-4 2.92369E-4 4.93008E-4 9.03821E-4 7.69951E-4 2.62626E-4 8.25577E-4 6.16975E-4 3.87773E-4 9.60224E-4 9.16346E-4 3.10835E-4 8.8412E-4 8.34567E-4 6.20664E-4 8.63118E-4 3.09616E-4 4.74778E-4 9.218E-4 3.47498E-4 7.7424E-4 6.03366E-4 8.85399E-4 9.44401E-4 4.77089E-4 6.22607E-4 4.70549E-4 5.63595E-4 3.08087E-4 8.4082E-4 9.82261E-4 3.63523E-4 5.91508E-4 8.76727E-4 3.08975E-4 5.62284E-4 5.80001E-4 8.71702E-4 5.52528E-4 5.64519E-4 8.96367E-4 6.20313E-4 3.33043E-4 3.17618E-4 5.34591E-4 2.86215E-4 8.25304E-4 3.1112E-4 2.96098E-4 9.25138E-4 7.54262E-4 6.52964E-4 8.20359E-4 8.60851E-4 5.64658E-4 8.09811E-4 8.78294E-4 6.55394E-4 2.86828E-4 9.13898E-4 6.18277E-4 6.9545E-4 3.15341E-4 0.001048655 8.68297E-4 3.29905E-4 9.49748E-4 3.06476E-4 6.21607E-4 8.45546E-4 4.94539E-4 8.09216E-4 6.83321E-4 5.82608E-4 3.13738E-4 7.79439E-4 3.24352E-4 5.88287E-4 2.74948E-4 3.1775E-4 3.11392E-4 3.14084E-4 8.30009E-4 3.27922E-4 6.31138E-4 2.82907E-4 6.88308E-4 8.38771E-4 5.88952E-4 5.65117E-4 3.21929E-4 7.58434E-4 5.17271E-4 5.58014E-4 2.7816E-4 8.41998E-4 8.76532E-4 5.94223E-4 3.05079E-4 4.63233E-4 8.78617E-4 3.22873E-4 4.6124E-4 5.62041E-4 5.2367E-4 2.58907E-4 5.48922E-4 5.86823E-4 3.17972E-4 9.53098E-4 8.22382E-4 3.17337E-4 5.86297E-4 5.63388E-4 9.16163E-4 8.00615E-4 3.48896E-4 4.86026E-4 9.48887E-4 3.2553E-4 7.20547E-4 9.08139E-4 6.15094E-4 5.90332E-4 4.41177E-4 8.91979E-4 4.6996E-4 8.22936E-4 3.1596E-4 9.30471E-4 8.84488E-4 3.08749E-4 9.08048E-4 8.85792E-4 3.11929E-4 6.16591E-4 6.18976E-4 5.48906E-4 5.28627E-4 6.23054E-4 8.99924E-4 6.12213E-4 3.09927E-4 3.02339E-4 8.66244E-4 2.89461E-4 5.25985E-4 3.13409E-4 3.10145E-4 9.31986E-4 5.53606E-4 9.02656E-4 8.9061E-4 6.10598E-4 8.34469E-4 4.73665E-4 8.60228E-4 5.79942E-4 2.94727E-4 9.15964E-4 8.81088E-4 7.46587E-4 3.0831E-4 9.35812E-4 6.00701E-4 3.16771E-4 5.70435E-4 3.13537E-4 8.80145E-4 6.42036E-4 6.70384E-4 9.53142E-4 6.67517E-4 8.78193E-4 3.10345E-4 4.91293E-4 3.43803E-4 9.49137E-4 2.63016E-4 3.01412E-4 3.12343E-4 4.62183E-4 5.69065E-4 3.17268E-4 6.10589E-4 2.95691E-4 9.98944E-4 5.92979E-4 8.70203E-4 8.23975E-4 3.13821E-4 6.04787E-4 5.39359E-4 5.71976E-4 2.91961E-4 5.23555E-4 5.79793E-4 5.94687E-4 2.97988E-4 4.64598E-4 9.79965E-4 2.90677E-4 1.3999E-4 5.74604E-4 7.28905E-4 2.69798E-4 7.89591E-4 6.21501E-4 1.63064E-4 6.06163E-4 0.0010066 3.08202E-4 5.57985E-4 6.24213E-4 6.18691E-4 8.57602E-4 3.13516E-4 4.88896E-4 8.43904E-4 3.11266E-4 6.99313E-4 6.21096E-4 5.66532E-4 5.72402E-4 0.001418904 6.11675E-4 1.39111E-4 7.02642E-4 3.42399E-4 8.76248E-4 8.39222E-4 3.07176E-4 8.93022E-4 8.66896E-4 3.12448E-4 6.08069E-4 5.86681E-4 0.00105328 0.001008822 0.001020319 9.79394E-4 7.22176E-4 3.37495E-4 1.82021E-4 8.95706E-4 2.80214E-4 5.60258E-4 3.0781E-4 1.61649E-4 8.45504E-4 7.51334E-4 9.50423E-4 5.54877E-4 0.001083035 5.60822E-4 5.04188E-4 8.54109E-4 5.68452E-4 2.84063E-4 5.57691E-4 6.12595E-4 7.50442E-4 3.15763E-4 9.14361E-4 8.93447E-4 3.41374E-4 8.77838E-4 3.08968E-4 5.40621E-4 8.23061E-4 6.74826E-4 7.71584E-4 6.93369E-4 6.26718E-4 3.88821E-4 5.30649E-4 2.92243E-4 5.69583E-4 2.73369E-4 3.27352E-4 3.21504E-4 3.03842E-4 5.90091E-4 3.51311E-4 0.001267834 3.80133E-4 8.87536E-4 0.001082247 8.18612E-4 7.95286E-4 4.11274E-4 0.001125188 6.08904E-4 9.11102E-4 2.96811E-4 8.3326E-4 9.09646E-4 6.57603E-4 3.10889E-4 4.722E-4 5.93297E-4 3.27261E-4 4.70622E-4 5.58576E-4 5.2692E-4 2.6256E-4 9.13241E-4 6.18531E-4 3.30823E-4 8.71542E-4 9.51887E-4 3.2796E-4 5.86006E-4 5.80048E-4 8.60906E-4 9.4324E-4 3.09501E-4 5.16585E-4 5.79581E-4 3.10051E-4 5.01915E-4 9.30298E-4 6.02997E-4 9.18212E-4 4.57315E-4 5.89621E-4 4.61402E-4 8.39986E-4 3.17224E-4 8.2181E-4 6.00503E-4 3.06289E-4 6.19756E-4 5.84357E-4 3.0846E-4 5.4353E-4 9.31454E-4 8.52287E-4 8.65334E-4 6.5426E-4 5.76731E-4 6.25588E-4 3.21421E-4 3.45555E-4 8.77917E-4 3.17265E-4 8.29043E-4 3.08393E-4 2.97156E-4 9.31765E-4 5.36525E-4 6.0418E-4 8.95695E-4 9.19185E-4 9.42419E-4 7.40476E-4 6.10676E-4 9.21381E-4 3.01414E-4 5.91067E-4 8.87965E-4 5.07607E-4 3.18518E-4 6.50163E-4 8.89114E-4 3.10841E-4 5.91402E-4 3.34142E-4 5.67327E-4 8.70836E-4 6.94176E-4 8.26791E-4 6.60803E-4 9.4512E-4 3.76758E-4 5.08226E-4 3.05692E-4 6.04018E-4 2.7721E-4 3.07732E-4 3.13395E-4 3.09077E-4 5.56232E-4 3.23043E-4 9.10711E-4 2.99063E-4 9.69969E-4 6.11578E-4 6.19133E-4 5.83375E-4 3.09601E-4 6.16954E-4 5.0786E-4 8.7525E-4 2.90036E-4 5.72355E-4 9.72505E-4 8.02705E-4 3.0138E-4 4.9645E-4 9.04383E-4 2.73724E-4 4.77893E-4 5.68397E-4 7.50199E-4 2.72215E-4 8.64806E-4 8.99329E-4 3.11095E-4 5.61632E-4 5.76974E-4 3.00724E-4 8.61882E-4 8.07604E-4 6.13017E-4 9.28173E-4 3.54132E-4 5.49798E-4 9.69621E-4 3.23723E-4 5.62713E-4 5.7945E-4 8.70291E-4 8.44253E-4 4.71905E-4 9.09434E-4 5.29985E-4 9.82397E-4 3.30719E-4 9.24378E-4 6.66087E-4 3.7696E-4 9.13689E-4 5.88473E-4 3.42894E-4 5.70958E-4 8.9367E-4 8.45974E-4 8.56918E-4 6.45977E-4 9.32493E-4 9.80024E-4 3.18213E-4 3.18644E-4 8.47076E-4 2.90103E-4 8.26648E-4 3.5018E-4 3.11474E-4 9.32753E-4 7.94194E-4 8.94158E-4 5.71219E-4 5.55734E-4 5.5981E-4 7.83506E-4 6.63659E-4 9.13945E-4 3.04213E-4 8.64764E-4 8.15476E-4 5.15649E-4 3.28986E-4 6.66885E-4 9.75566E-4 3.39862E-4 5.91944E-4 3.23641E-4 5.75878E-4 5.97256E-4 4.89368E-4 5.54894E-4 9.86004E-4 9.00176E-4 3.15033E-4 7.67732E-4 3.14089E-4 6.07391E-4 2.92634E-4 3.13192E-4 3.25997E-4 3.23084E-4 8.37867E-4 3.27734E-4 9.78683E-4 2.9266E-4 6.64017E-4 5.92835E-4 6.06519E-4 8.68268E-4 3.10721E-4 8.76181E-4 6.34044E-4 8.62107E-4 2.78802E-4 9.06364E-4 8.80828E-4 8.22462E-4 2.91189E-4 4.58646E-4 5.76568E-4 2.91118E-4 4.47622E-4 8.87252E-4 7.46943E-4 2.58944E-4 8.56913E-4 6.21442E-4 3.19082E-4 5.55246E-4 5.9073E-4 3.08173E-4 8.60209E-4 8.51268E-4 5.98429E-4 5.51934E-4 3.22249E-4 4.74955E-4 5.81276E-4 3.42463E-4 5.71131E-4 0.001026959 0.001040408 0.001098237 5.4619E-4 0.001081326 5.98746E-4 6.63845E-4 3.43622E-4 5.58376E-4 5.33574E-4 3.06014E-4 9.80951E-4 9.01131E-4 3.23683E-4 5.68464E-4 0.001007526 8.11564E-4 8.25728E-4 9.29142E-4 8.31954E-4 6.00356E-4 3.2172E-4 3.0931E-4 5.2517E-4 2.77015E-4 9.24375E-4 3.11129E-4 2.87286E-4 8.90321E-4 7.60149E-4 7.49373E-4 5.17123E-4 5.5599E-4 5.3345E-4 8.66012E-4 5.69555E-4 8.09264E-4 2.82577E-4 9.33131E-4 9.59565E-4 5.13792E-4 3.09786E-4 9.77055E-4 6.38736E-4 3.16499E-4 5.49989E-4 3.07797E-4 5.56678E-4 6.24852E-4 5.05226E-4 9.13862E-4 0.001030607 9.28686E-4 3.08526E-4 5.45969E-4 2.97115E-4 6.06348E-4 2.8375E-4 3.34987E-4 3.18446E-4 2.9643E-4 5.86184E-4 3.17846E-4 6.2951E-4 2.92278E-4 0.001042815 8.34025E-4 9.26489E-4 8.57103E-4 3.30712E-4 7.56679E-4 5.62101E-4 5.88131E-4 3.1687E-4 5.19808E-4 9.09141E-4 5.94788E-4 3.06269E-4 4.64223E-4 6.04328E-4 1.38474E-4 4.47385E-4 8.71085E-4 5.62659E-4 2.5397E-4 9.14442E-4 8.92335E-4 3.01853E-4 8.42196E-4 9.14797E-4 3.26579E-4 4.99674E-4 5.40476E-4 8.95241E-4 6.11589E-4 3.11536E-4 4.44112E-4 5.44685E-4 3.26832E-4 4.51183E-4 8.7303E-4 5.94404E-4 5.18964E-4 4.43552E-4 7.8581E-4 4.38491E-4 5.29642E-4 2.914E-4 5.03478E-4 8.43547E-4 3.12675E-4 5.53958E-4 5.29535E-4 3.10621E-4 5.14807E-4 5.8923E-4 8.2419E-4 5.30576E-4 8.41036E-4 8.37764E-4 6.06817E-4 3.1286E-4 3.02062E-4 1.25601E-4 2.70304E-4 1.24801E-4 2.96525E-4 2.82781E-4 5.65549E-4 6.88137E-4 9.15845E-4 9.23556E-4 8.72185E-4 5.47104E-4 1.39178E-4 8.68245E-4 5.77932E-4 2.96306E-4 8.70179E-4 5.60938E-4 4.85865E-4 3.08692E-4 6.42973E-4 9.56627E-4 3.14342E-4 5.49455E-4 3.0145E-4 5.40345E-4 5.57657E-4 6.80519E-4 8.90462E-4 7.02274E-4 9.14172E-4 3.11614E-4 4.74518E-4 2.95622E-4 5.51774E-4 2.68499E-4 3.21521E-4 3.06393E-4 3.00391E-4 9.11765E-4 3.30153E-4 5.99087E-4 1.73343E-4 0.001000709 9.27441E-4 9.29546E-4 8.87636E-4 3.10294E-4 5.46601E-4 6.42204E-4 8.95508E-4 2.742E-4 5.76886E-4 8.81764E-4 9.34202E-4 2.95454E-4 4.69545E-4 8.75094E-4 2.87E-4 4.58366E-4 5.80603E-4 7.72955E-4 2.61665E-4 5.94938E-4 6.00895E-4 3.05865E-4 5.51142E-4 5.55458E-4 3.17242E-4 9.00529E-4 6.23358E-4 6.00249E-4 9.49739E-4 3.18504E-4 5.28878E-4 5.59073E-4 3.2077E-4 5.13186E-4 5.89111E-4 9.29023E-4 6.08682E-4 4.60025E-4 8.17759E-4 4.81549E-4 9.19415E-4 3.09189E-4 5.87438E-4 9.45851E-4 3.20627E-4 6.28828E-4 5.66359E-4 3.19361E-4 9.07158E-4 5.97096E-4 9.14846E-4 5.34435E-4 5.51404E-4 9.12795E-4 6.09608E-4 3.13887E-4 3.00806E-4 7.64625E-4 2.81095E-4 8.36327E-4 3.03581E-4 2.94959E-4 6.40636E-4 7.43242E-4 6.47646E-4 7.92899E-4 5.93783E-4 5.35495E-4 7.52141E-4 8.96204E-4 5.77953E-4 2.82478E-4 5.79138E-4 8.53254E-4 5.20911E-4 3.22535E-4 7.03105E-4 9.99175E-4 3.60463E-4 9.39931E-4 3.05741E-4 8.4131E-4 5.88428E-4 7.02366E-4 8.71884E-4 0.001092019 6.00789E-4 3.54587E-4 4.88458E-4 2.97408E-4 9.10656E-4 2.59017E-4 3.11978E-4 3.16125E-4 3.1317E-4 8.3144E-4 3.16917E-4 8.62284E-4 2.86138E-4 6.60403E-4 9.15529E-4 5.91364E-4 6.09799E-4 3.17292E-4 5.69265E-4 5.11051E-4 9.07965E-4 2.90652E-4 8.2126E-4 9.31179E-4 9.07597E-4 3.18663E-4 4.60085E-4 5.71776E-4 2.93415E-4 4.71373E-4 8.76355E-4 7.72006E-4 2.6146E-4 7.76525E-4 8.42435E-4 3.18923E-4 7.00432E-4 0.001192123 3.96807E-4 6.94972E-4 7.04703E-4 7.02222E-4 9.89966E-4 3.79655E-4 5.65248E-4 0.001090919 3.42008E-4 4.94285E-4 6.25054E-4 5.48084E-4 9.56255E-4 4.59446E-4 5.90331E-4 4.70496E-4 8.00914E-4 3.01789E-4 5.83721E-4 8.47492E-4 3.20633E-4 5.64754E-4 5.55123E-4 3.09831E-4 7.79983E-4 6.19429E-4 8.3635E-4 8.56729E-4 9.1105E-4 5.84569E-4 5.8755E-4 4.76952E-4 3.28545E-4 5.81872E-4 2.86991E-4 5.70506E-4 3.36554E-4 3.32137E-4 5.7969E-4 8.5074E-4 9.16738E-4 5.55677E-4 5.55156E-4 7.92427E-4 4.92924E-4 5.99034E-4 5.99564E-4 2.82468E-4 9.04612E-4 9.5895E-4 7.01312E-4 3.12809E-4 6.32951E-4 8.56193E-4 3.16385E-4 8.93023E-4 3.153E-4 8.15448E-4 8.26763E-4 6.92526E-4 5.77634E-4 0.001006776 5.87475E-4 3.09435E-4 5.09926E-4 3.08699E-4 5.6717E-4 2.67512E-4 3.03531E-4 3.13893E-4 3.28539E-4 5.55948E-4 3.11661E-4 6.18382E-4 2.89326E-4 7.30688E-4 5.98749E-4 8.55366E-4 6.15091E-4 3.14262E-4 8.17098E-4 5.10609E-4 5.8684E-4 2.76081E-4 5.54283E-4 5.68158E-4 5.87747E-4 3.34986E-4 4.6325E-4 8.92933E-4 2.87877E-4 4.72126E-4 8.58976E-4 7.08049E-4 2.95881E-4 5.64861E-4 9.31628E-4 3.26228E-4 9.60923E-4 8.75358E-4 3.12114E-4 6.22633E-4 5.61547E-4 9.35115E-4 5.87291E-4 3.23342E-4 4.78335E-4 5.80504E-4 3.09036E-4 5.02051E-4 9.05053E-4 8.98922E-4 8.08914E-4 4.44992E-4 6.06014E-4 4.61392E-4 7.86166E-4 3.11599E-4 5.93972E-4 5.62187E-4 3.18508E-4 5.74819E-4 8.78439E-4 3.10447E-4 9.03662E-4 6.0079E-4 9.20784E-4 5.40711E-4 5.93259E-4 9.2677E-4 9.43656E-4 3.12631E-4 3.01521E-4 5.46877E-4 2.70675E-4 8.16539E-4 3.17741E-4 2.87754E-4 9.29721E-4 8.17159E-4 5.97015E-4 5.2272E-4 5.80975E-4 8.59801E-4 7.14248E-4 5.93964E-4 8.94252E-4 2.83376E-4 8.88272E-4 8.98456E-4 5.04178E-4 3.2195E-4 0.00108754 8.77923E-4 3.39071E-4 8.17422E-4 3.161E-4 5.82413E-4 6.39379E-4 6.71746E-4 8.9199E-4 0.001088219 6.18295E-4 3.53069E-4 5.30765E-4 3.02907E-4 9.46534E-4 2.67943E-4 2.98144E-4 3.18771E-4 3.06014E-4 5.66625E-4 3.06311E-4 9.65419E-4 3.14501E-4 9.17847E-4 5.97226E-4 5.61654E-4 9.13843E-4 3.13906E-4 5.71987E-4 5.09583E-4 8.54585E-4 2.88868E-4 5.65955E-4 8.19505E-4 6.10938E-4 3.02311E-4 4.7048E-4 6.39422E-4 2.8302E-4 4.81055E-4 8.60792E-4 5.33021E-4 2.77273E-4 5.93156E-4 5.85801E-4 3.1091E-4 8.16763E-4 6.07988E-4 3.06762E-4 8.14649E-4 5.86134E-4 9.15617E-4 5.93267E-4 3.16563E-4 4.87526E-4 9.20964E-4 3.19426E-4 5.06676E-4 5.93357E-4 5.8163E-4 8.96111E-4 5.66515E-4 0.001003845 6.09487E-4 8.7696E-4 3.01381E-4 9.46877E-4 8.48098E-4 3.02344E-4 9.32988E-4 8.61789E-4 4.8442E-4 9.1306E-4 0.001285641 5.84328E-4 5.15618E-4 5.74837E-4 5.46396E-4 5.85503E-4 3.13078E-4 3.05548E-4 8.05925E-4 3.09104E-4 9.01885E-4 3.06866E-4 3.20759E-4 5.8138E-4 5.24849E-4 5.88549E-4 5.66821E-4 9.73372E-4 5.69403E-4 8.33723E-4 9.27262E-4 5.90711E-4 2.94157E-4 5.75782E-4 8.94234E-4 5.26592E-4 3.22817E-4 6.55103E-4 6.18229E-4 3.18588E-4 8.78757E-4 3.34301E-4 6.04133E-4 5.68376E-4 4.71028E-4 9.2548E-4 7.06641E-4 5.79757E-4 2.98834E-4 5.12428E-4 2.9958E-4 9.1441E-4 2.64748E-4 2.91924E-4 3.23535E-4 3.07085E-4 5.83498E-4 4.02529E-4 9.14939E-4 3.25739E-4 6.34861E-4 8.60857E-4 5.87395E-4 9.62596E-4 3.48365E-4 8.08965E-4 5.09063E-4 9.09393E-4 2.82499E-4 5.73297E-4 5.53277E-4 8.6712E-4 3.11074E-4 4.78824E-4 8.41257E-4 2.82016E-4 4.49138E-4 5.38804E-4 5.00591E-4 2.63056E-4 8.4418E-4 9.34507E-4 3.03274E-4 5.97208E-4 9.54602E-4 3.09623E-4 9.00106E-4 5.96222E-4 5.71321E-4 5.48934E-4 3.26234E-4 4.96555E-4 5.83542E-4 3.04536E-4 5.00082E-4 9.32364E-4 6.12537E-4 5.83395E-4 4.97121E-4 5.86313E-4 4.49495E-4 8.92507E-4 2.99753E-4 9.10012E-4 5.78084E-4 3.41145E-4 5.55266E-4 8.15415E-4 3.06219E-4 8.89101E-4 5.99342E-4 5.52426E-4 8.89309E-4 8.01197E-4 6.18139E-4 6.14154E-4 3.14126E-4 3.16618E-4 5.27494E-4 2.90905E-4 7.87621E-4 2.9953E-4 2.80592E-4 5.54899E-4 4.91252E-4 5.57672E-4 5.22555E-4 9.45845E-4 7.6239E-4 5.12816E-4 8.35859E-4 5.84771E-4 2.82939E-4 8.2938E-4 5.79128E-4 6.95101E-4 3.14729E-4 9.36132E-4 5.89742E-4 3.13786E-4 8.44686E-4 3.05648E-4 8.96519E-4 5.89238E-4 5.04383E-4 8.28509E-4 9.78531E-4 5.92254E-4 2.92836E-4 7.43204E-4 3.02851E-4 5.69524E-4 2.77041E-4 3.11097E-4 3.10914E-4 3.13705E-4 6.26393E-4 3.24855E-4 6.10908E-4 2.90966E-4 6.71892E-4 9.46109E-4 8.37344E-4 9.35625E-4 3.13301E-4 8.80016E-4 5.14369E-4 5.98975E-4 2.79948E-4 5.87841E-4 8.83932E-4 5.9026E-4 3.13091E-4 4.58978E-4 8.45249E-4 2.89258E-4 4.73885E-4 8.38374E-4 5.20696E-4 2.62831E-4 5.34964E-4 8.99799E-4 3.07713E-4 8.1791E-4 9.33812E-4 3.04088E-4 5.29694E-4 9.39683E-4 0.001059863 8.91147E-4 3.15896E-4 4.93615E-4 8.18038E-4 3.12488E-4 7.80777E-4 5.88151E-4 5.59761E-4 8.30799E-4 4.6831E-4 5.70906E-4 4.85383E-4 8.08394E-4 1.34427E-4 8.89543E-4 5.79292E-4 1.20386E-4 5.42258E-4 5.5459E-4 1.26678E-4 9.31281E-4 8.54043E-4 5.84774E-4 5.19421E-4 5.59615E-4 8.15922E-4 8.2303E-4 3.26064E-4 3.03457E-4 5.30288E-4 2.86833E-4 8.29343E-4 1.32513E-4 3.00296E-4 8.60797E-4 7.15649E-4 9.39824E-4 5.58389E-4 5.28793E-4 5.03121E-4 8.3166E-4 6.44082E-4 4.65232E-4 2.71306E-4 6.5719E-4 4.82379E-4 7.48782E-4 3.1208E-4 5.54623E-4 4.99895E-4 1.32159E-4 4.83149E-4 1.30244E-4 5.07104E-4 5.42661E-4 4.30724E-4 5.06547E-4 5.83732E-4 4.79768E-4 3.01684E-4 3.94908E-4 1.22385E-4 8.29121E-4 1.34193E-4 2.99199E-4 3.17441E-4 1.25335E-4 9.37737E-4 1.23223E-4 5.16829E-4 2.94064E-4 5.21826E-4 9.272E-4 4.89932E-4 9.45262E-4 1.29692E-4 4.56632E-4 1.13067E-4 8.82119E-4 1.33169E-4 4.7E-4 4.55527E-4 4.53609E-4 1.30399E-4 4.47402E-4 8.30049E-4 2.83943E-4 4.59408E-4 4.71764E-4 4.34243E-4 2.70959E-4 6.41733E-4 4.89971E-4 3.08803E-4 4.99532E-4 4.94431E-4 3.05917E-4 5.00229E-4 4.68571E-4 4.7346E-4 4.82348E-4 3.13364E-4 4.70467E-4 4.79002E-4 2.98923E-4 4.19751E-4 4.95747E-4 4.84185E-4 4.78663E-4 4.47635E-4 5.06817E-4 4.70485E-4 4.7027E-4 3.00907E-4 4.64017E-4 4.81452E-4 3.0397E-4 4.98264E-4 4.99907E-4 3.14918E-4 4.73631E-4 4.96844E-4 4.70979E-4 4.80437E-4 8.96816E-4 5.03693E-4 4.71044E-4 1.28822E-4 3.14602E-4 4.8991E-4 2.85632E-4 4.58238E-4 2.89699E-4 2.94986E-4 4.87716E-4 3.96711E-4 5.21254E-4 4.88786E-4 4.89079E-4 4.59937E-4 4.43876E-4 4.86561E-4 4.88022E-4 2.79449E-4 4.83114E-4 4.7407E-4 3.96736E-4 1.25755E-4 5.31957E-4 4.85788E-4 3.06805E-4 5.51102E-4 3.38825E-4 5.12425E-4 4.84291E-4 4.09143E-4 4.73302E-4 5.34294E-4 4.83827E-4 1.18863E-4 4.14496E-4 2.76088E-4 4.60544E-4 2.5087E-4 2.93199E-4 3.03522E-4 3.00208E-4 4.98563E-4 3.24324E-4 5.47005E-4 2.84356E-4 5.4147E-4 5.0404E-4 4.68102E-4 4.80566E-4 3.02072E-4 4.57718E-4 7.20865E-4 5.0063E-4 2.77576E-4 5.06898E-4 4.97096E-4 5.61251E-4 3.01701E-4 4.5995E-4 4.76227E-4 2.84184E-4 4.66725E-4 4.36802E-4 4.17477E-4 2.77035E-4 6.0038E-4 4.9997E-4 3.16825E-4 4.97704E-4 5.1035E-4 3.10698E-4 5.0599E-4 4.63778E-4 5.37052E-4 4.81286E-4 3.16397E-4 4.81492E-4 4.78752E-4 3.1169E-4 4.1939E-4 5.12553E-4 5.02372E-4 4.87411E-4 4.57177E-4 4.80536E-4 4.54062E-4 4.63107E-4 3.16764E-4 4.87376E-4 4.84325E-4 3.02487E-4 5.15734E-4 4.83157E-4 3.15225E-4 4.79379E-4 5.15954E-4 4.93133E-4 4.95893E-4 4.93173E-4 5.59456E-4 4.98927E-4 3.10857E-4 2.98818E-4 4.7547E-4 2.86595E-4 4.6887E-4 3.00322E-4 2.98317E-4 4.9649E-4 4.1124E-4 4.95429E-4 5.17526E-4 5.10572E-4 4.79359E-4 4.51419E-4 4.89032E-4 5.08877E-4 2.80686E-4 5.22196E-4 4.83889E-4 4.20147E-4 3.17497E-4 5.69514E-4 5.02635E-4 3.12472E-4 5.05788E-4 3.03988E-4 4.88057E-4 5.08225E-4 4.04902E-4 4.91619E-4 5.88712E-4 5.11032E-4 3.05053E-4 4.3763E-4 2.89903E-4 4.85069E-4 2.76861E-4 3.03442E-4 3.07729E-4 3.05265E-4 4.93192E-4 3.11266E-4 5.26703E-4 2.8282E-4 5.32232E-4 5.21766E-4 4.97433E-4 5.10973E-4 3.12579E-4 4.56605E-4 5.19574E-4 5.15168E-4 2.97746E-4 4.94591E-4 4.75538E-4 4.72353E-4 2.96063E-4 4.74523E-4 4.96617E-4 2.80213E-4 4.67214E-4 4.63272E-4 4.19372E-4 2.65319E-4 6.21143E-4 4.90588E-4 3.24246E-4 4.82045E-4 5.09165E-4 3.16051E-4 5.01387E-4 4.8512E-4 4.91927E-4 4.70063E-4 3.44364E-4 4.96601E-4 5.21081E-4 3.04321E-4 4.15585E-4 5.01424E-4 5.21685E-4 5.04284E-4 4.54467E-4 5.01932E-4 4.56805E-4 4.4624E-4 3.08972E-4 4.78413E-4 4.91832E-4 3.26315E-4 4.88706E-4 4.92677E-4 3.09585E-4 4.72252E-4 4.8183E-4 4.89455E-4 5.67633E-4 5.27817E-4 4.60808E-4 4.98324E-4 3.12773E-4 3.08775E-4 4.667E-4 2.88845E-4 4.58927E-4 2.9822E-4 3.05676E-4 5.23637E-4 4.16275E-4 5.00767E-4 4.83987E-4 4.85711E-4 4.91642E-4 4.57246E-4 4.72688E-4 5.02097E-4 2.77509E-4 5.13144E-4 4.80297E-4 4.14179E-4 3.09208E-4 5.29458E-4 4.89231E-4 3.07452E-4 4.79479E-4 3.04423E-4 4.80387E-4 4.72422E-4 4.08474E-4 4.94128E-4 5.85259E-4 5.33482E-4 3.12162E-4 4.25438E-4 3.10162E-4 4.91876E-4 2.74656E-4 2.92444E-4 3.02552E-4 5.84788E-4 6.48303E-4 4.20135E-4 6.25078E-4 3.33688E-4 6.02991E-4 5.27161E-4 6.34974E-4 5.88279E-4 3.7457E-4 4.90363E-4 5.50015E-4 5.64631E-4 3.369E-4 6.32632E-4 7.35518E-4 5.44619E-4 3.37379E-4 5.02284E-4 5.65579E-4 3.17766E-4 4.88717E-4 5.53028E-4 4.53422E-4 2.77936E-4 6.14552E-4 5.01018E-4 3.21667E-4 5.01921E-4 5.34787E-4 3.20474E-4 5.47451E-4 4.92637E-4 5.17683E-4 4.98217E-4 3.23777E-4 4.61653E-4 4.82421E-4 3.11234E-4 4.22456E-4 5.22298E-4 4.94016E-4 5.07641E-4 4.66523E-4 4.83853E-4 5.97928E-4 5.42242E-4 3.73105E-4 5.86752E-4 5.74836E-4 3.52617E-4 5.85865E-4 5.55671E-4 3.64678E-4 5.6297E-4 5.03842E-4 5.49117E-4 4.98482E-4 5.23193E-4 4.41473E-4 4.88753E-4 3.09053E-4 2.92942E-4 4.60405E-4 2.78225E-4 4.47243E-4 3.12659E-4 2.85721E-4 4.92477E-4 4.13279E-4 4.73777E-4 4.80751E-4 4.9884E-4 4.65447E-4 4.59906E-4 4.89201E-4 4.85929E-4 2.7568E-4 4.83103E-4 4.72726E-4 4.20084E-4 3.1869E-4 5.42588E-4 5.41933E-4 3.16645E-4 5.00789E-4 3.03221E-4 4.89196E-4 5.00475E-4 4.10709E-4 4.80101E-4 5.74524E-4 4.86266E-4 3.0049E-4 4.26973E-4 2.9704E-4 4.96359E-4 2.66948E-4 3.14555E-4 3.06629E-4 3.16109E-4 4.96499E-4 3.14866E-4 5.31127E-4 2.97519E-4 5.80269E-4 4.97893E-4 4.76531E-4 5.21984E-4 4.13349E-4 4.67412E-4 5.06643E-4 5.08987E-4 2.82249E-4 4.78107E-4 5.071E-4 4.74898E-4 4.23036E-4 6.03955E-4 5.44457E-4 3.48234E-4 5.80253E-4 4.91144E-4 4.28697E-4 2.62112E-4 6.08719E-4 5.1382E-4 3.0167E-4 4.94463E-4 6.307E-4 3.37788E-4 5.32294E-4 4.95247E-4 4.90358E-4 4.78722E-4 3.15441E-4 4.88473E-4 5.64641E-4 5.12796E-4 7.20448E-4 9.18773E-4 8.32395E-4 7.16532E-4 7.25648E-4 5.57341E-4 4.84937E-4 9.5594E-4 5.51774E-4 8.10516E-4 8.90024E-4 5.30611E-4 0.001000354 6.04346E-4 4.18055E-4 5.14596E-4 6.07906E-4 6.06717E-4 5.66908E-4 6.5632E-4 5.84012E-4 6.76901E-4 3.83079E-4 3.44291E-4 4.89225E-4 2.80907E-4 5.10317E-4 3.54237E-4 3.20061E-4 5.33127E-4 4.26126E-4 5.03076E-4 4.88322E-4 5.22783E-4 4.81937E-4 4.66922E-4 9.3743E-4 9.06789E-4 3.1584E-4 5.56241E-4 8.3782E-4 5.71439E-4 3.28922E-4 7.87582E-4 0.001032611 6.16898E-4 6.70196E-4 4.97073E-4 7.8454E-4 8.55504E-4 5.52566E-4 8.28073E-4 7.85752E-4 8.76111E-4 5.26551E-4 7.59319E-4 5.02507E-4 8.79893E-4 4.04078E-4 3.98474E-4 3.71952E-4 4.54498E-4 5.55654E-4 3.64145E-4 5.65438E-4 3.13519E-4 5.56568E-4 5.36308E-4 4.90084E-4 5.39752E-4 3.35585E-4 5.34699E-4 5.36692E-4 5.11952E-4 2.98799E-4 7.05857E-4 6.7117E-4 5.42617E-4 3.35664E-4 4.90444E-4 5.51977E-4 3.26947E-4 4.72284E-4 5.10358E-4 4.50817E-4 2.06772E-4 6.48476E-4 5.34719E-4 3.2845E-4 4.83519E-4 5.40315E-4 3.45965E-4 5.51192E-4 5.14161E-4 7.91987E-4 5.4569E-4 2.52613E-4 7.41992E-4 6.88389E-4 3.78567E-4 4.87814E-4 5.123E-4 5.59933E-4 5.16916E-4 4.6235E-4 5.03509E-4 4.64743E-4 4.63008E-4 3.37159E-4 5.22017E-4 4.71621E-4 3.27912E-4 5.1521E-4 4.92768E-4 3.38279E-4 4.72272E-4 4.80979E-4 6.82401E-4 8.02375E-4 5.66734E-4 5.77175E-4 5.02899E-4 3.26952E-4 3.15368E-4 4.58391E-4 2.95994E-4 4.44109E-4 3.01118E-4 2.96446E-4 4.87438E-4 4.09528E-4 4.98976E-4 4.79929E-4 5.03587E-4 5.92162E-4 5.78433E-4 6.10883E-4 5.76882E-4 5.81703E-4 6.53037E-4 9.1784E-4 6.95136E-4 4.59367E-4 6.33376E-4 5.19815E-4 3.46912E-4 6.17428E-4 3.56894E-4 5.0455E-4 5.09614E-4 4.34079E-4 5.14771E-4 6.27906E-4 6.14605E-4 3.25564E-4 4.36122E-4 2.95276E-4 4.98613E-4 2.89868E-4 3.22688E-4 3.16943E-4 3.00267E-4 4.87259E-4 3.36364E-4 5.06236E-4 3.19702E-4 5.71295E-4 5.317E-4 4.93885E-4 4.97839E-4 3.33E-4 4.52774E-4 5.16025E-4 4.95366E-4 3.00825E-4 4.94873E-4 5.18104E-4 4.85198E-4 3.13681E-4 4.77819E-4 

Timer for Syntactic Relevance:: 57.412579157
Timer for solver: 8.757038577

Syntactic Relevance Evaluation Results:
0.19739086633333333	
0.569001971	
2.6663630843333332	
5.133130160666667	
9.285546704666666	
17.153780240333333	
49.719453390333335	

Syntactic Relevance Evaluation Results - Solver:
0.020067911	
0.074098875	
0.40225883500000004	
0.7121750496666666	
1.422067205	
3.087268484666667	
8.614070067333333	
